0,1,-195.121387,0.000000
0,2,-195.121386,0.000000
0,3,-195.121386,-0.000000
0,4,-195.121386,-0.000000
0,5,-195.121410,-0.000001
0,6,-195.121464,-0.000002
0,7,-195.121400,-0.000000
0,8,-195.121505,-0.000000
0,9,-195.121638,-0.000000
0,10,-195.121469,0.000000
0,11,-195.121408,-0.000000
0,12,-195.121561,-0.000000
0,13,-195.121798,0.000000
0,14,-195.121569,-0.000000
0,15,-195.121395,-0.000000
0,16,-195.121463,0.000000
0,17,-195.121455,-0.000000
0,18,-195.121561,-0.000000
0,21,-195.124029,-0.000000
0,22,-195.121534,-0.000001
0,23,-195.121398,-0.000000
0,24,-195.121627,-0.000000
0,25,-195.121465,-0.000001
0,26,-195.121473,-0.000001
0,27,-195.121388,-0.000000
0,28,-195.121544,-0.000000
0,29,-195.121408,-0.000001
0,30,-195.121397,-0.000000
0,31,-195.122152,-0.000001
0,32,-195.121427,-0.000004
0,33,-195.121545,-0.000000
0,34,-195.121396,-0.000002
0,35,-195.121498,-0.000000
0,36,-195.121392,-0.000000
0,37,-195.121416,-0.000000
0,38,-195.121462,-0.000000
0,39,-195.121619,-0.000002
0,40,-195.121831,-0.000002
0,41,-195.122422,-0.000004
0,42,-195.121747,-0.000006
0,43,-195.121670,-0.000004
0,44,-195.123790,-0.000008
0,45,-195.122189,-0.000005
0,46,-195.121956,-0.000003
0,47,-195.121394,-0.000002
0,48,-195.121412,-0.000000
0,49,-195.121673,-0.000003
0,50,-195.121397,-0.000001
0,51,-195.121389,-0.000000
0,52,-195.121390,-0.000000
0,53,-195.121478,-0.000002
0,54,-195.121419,-0.000008
0,55,-195.121392,-0.000000
0,56,-195.121411,-0.000007
0,57,-195.121472,-0.000002
0,58,-195.121431,-0.000001
0,59,-195.121399,-0.000001
0,60,-195.121512,-0.000000
0,61,-195.121582,-0.000001
0,62,-195.121446,-0.000002
0,63,-195.121479,-0.000000
0,64,-195.121467,-0.000001
0,65,-195.121429,-0.000000
0,66,-195.121422,-0.000000
0,67,-195.121390,-0.000000
0,68,-195.121398,-0.000000
0,69,-195.121394,-0.000000
0,70,-195.121390,-0.000000
0,71,-195.121393,-0.000000
0,72,-195.121401,-0.000001
0,73,-195.121387,-0.000000
0,74,-195.121442,-0.000000
0,75,-195.121451,-0.000000
0,76,-195.121389,-0.000000
0,77,-195.121395,-0.000000
0,78,-195.121516,-0.000000
0,79,-195.121407,-0.000000
0,80,-195.121387,-0.000000
0,81,-195.121387,-0.000000
0,82,-195.121394,-0.000000
0,83,-195.121407,-0.000005
0,84,-195.121389,-0.000000
0,85,-195.121405,-0.000000
0,86,-195.121391,-0.000001
0,87,-195.121397,-0.000000
0,88,-195.121388,-0.000000
0,89,-195.121390,-0.000000
0,90,-195.121392,-0.000000
0,91,-195.121392,-0.000000
0,92,-195.121401,-0.000000
0,93,-195.121388,-0.000000
0,94,-195.121406,-0.000000
0,95,-195.121389,-0.000000
0,96,-195.121393,-0.000000
0,97,-195.121420,-0.000005
0,98,-195.121399,-0.000001
0,99,-195.121392,-0.000000
0,100,-195.121388,-0.000000
0,101,-195.121397,-0.000000
0,102,-195.121388,-0.000000
0,103,-195.121391,-0.000002
0,104,-195.121387,-0.000000
0,105,-195.121391,-0.000002
0,106,-195.121388,-0.000001
0,107,-195.121387,-0.000000
0,108,-195.121388,-0.000001
0,109,-195.121389,-0.000001
0,110,-195.121386,-0.000000
0,111,-195.121388,-0.000000
0,112,-195.121387,-0.000000
0,113,-195.121392,-0.000002
0,114,-195.121386,-0.000000
0,115,-195.121388,-0.000001
0,116,-195.121387,-0.000000
0,117,-195.121391,-0.000001
0,118,-195.121387,-0.000001
0,119,-195.121389,-0.000001
1,2,-195.121386,0.000000
1,3,-195.121386,-0.000000
1,4,-195.121386,-0.000000
1,5,-195.121410,-0.000000
1,6,-195.121462,-0.000000
1,7,-195.121400,-0.000001
1,8,-195.121506,-0.000001
1,9,-195.121640,-0.000002
1,10,-195.121469,-0.000000
1,11,-195.121408,-0.000000
1,12,-195.121561,-0.000000
1,13,-195.121798,0.000000
1,14,-195.121569,0.000000
1,15,-195.121394,-0.000000
1,16,-195.121463,0.000000
1,17,-195.121455,-0.000000
1,18,-195.121561,-0.000000
1,21,-195.124029,-0.000000
1,22,-195.121533,-0.000000
1,23,-195.121400,-0.000002
1,24,-195.121626,-0.000000
1,25,-195.121465,-0.000001
1,26,-195.121472,-0.000000
1,27,-195.121388,-0.000000
1,28,-195.121544,-0.000000
1,29,-195.121407,-0.000000
1,30,-195.121397,-0.000000
1,31,-195.122151,-0.000000
1,32,-195.121423,-0.000000
1,33,-195.121545,-0.000000
1,34,-195.121395,-0.000000
1,35,-195.121499,-0.000001
1,36,-195.121392,-0.000000
1,37,-195.121416,-0.000000
1,38,-195.121462,-0.000000
1,39,-195.121619,-0.000002
1,40,-195.121833,-0.000004
1,41,-195.122428,-0.000010
1,42,-195.121746,-0.000005
1,43,-195.121669,-0.000003
1,44,-195.123789,-0.000007
1,45,-195.122187,-0.000003
1,46,-195.121954,-0.000001
1,47,-195.121393,-0.000001
1,48,-195.121411,-0.000000
1,49,-195.121671,-0.000002
1,50,-195.121397,-0.000001
1,51,-195.121389,-0.000001
1,52,-195.121390,-0.000000
1,53,-195.121476,-0.000001
1,54,-195.121415,-0.000004
1,55,-195.121391,-0.000000
1,56,-195.121414,-0.000010
1,57,-195.121472,-0.000001
1,58,-195.121432,-0.000002
1,59,-195.121399,-0.000000
1,60,-195.121512,-0.000000
1,61,-195.121581,-0.000000
1,62,-195.121445,-0.000001
1,63,-195.121479,-0.000000
1,64,-195.121466,-0.000000
1,65,-195.121429,-0.000001
1,66,-195.121422,-0.000001
1,67,-195.121389,-0.000000
1,68,-195.121397,-0.000000
1,69,-195.121395,-0.000001
1,70,-195.121390,-0.000001
1,71,-195.121394,-0.000001
1,72,-195.121401,-0.000001
1,73,-195.121387,-0.000000
1,74,-195.121442,-0.000000
1,75,-195.121452,-0.000001
1,76,-195.121388,-0.000000
1,77,-195.121397,-0.000003
1,78,-195.121516,-0.000001
1,79,-195.121406,-0.000000
1,80,-195.121387,-0.000000
1,81,-195.121386,-0.000000
1,82,-195.121394,-0.000000
1,83,-195.121403,-0.000001
1,84,-195.121389,-0.000000
1,85,-195.121405,-0.000000
1,86,-195.121391,-0.000001
1,87,-195.121397,-0.000000
1,88,-195.121388,-0.000000
1,89,-195.121390,-0.000000
1,90,-195.121392,-0.000000
1,91,-195.121392,-0.000000
1,92,-195.121400,-0.000000
1,93,-195.121388,-0.000000
1,94,-195.121406,-0.000000
1,95,-195.121389,-0.000000
1,96,-195.121393,-0.000000
1,97,-195.121418,-0.000004
1,98,-195.121398,-0.000001
1,99,-195.121392,-0.000000
1,100,-195.121388,-0.000000
1,101,-195.121397,-0.000001
1,102,-195.121387,-0.000000
1,103,-195.121393,-0.000004
1,104,-195.121387,-0.000000
1,105,-195.121390,-0.000001
1,106,-195.121387,-0.000001
1,107,-195.121387,-0.000000
1,108,-195.121388,-0.000001
1,109,-195.121388,-0.000001
1,110,-195.121386,-0.000000
1,111,-195.121388,-0.000000
1,112,-195.121387,-0.000000
1,113,-195.121395,-0.000005
1,114,-195.121386,-0.000000
1,115,-195.121387,-0.000001
1,116,-195.121387,-0.000000
1,117,-195.121391,-0.000002
1,118,-195.121388,-0.000001
1,119,-195.121389,-0.000001
2,3,-195.121385,-0.000000
2,4,-195.121385,-0.000000
2,5,-195.121409,-0.000000
2,6,-195.121461,-0.000000
2,7,-195.121398,-0.000000
2,8,-195.121504,-0.000000
2,9,-195.121637,0.000000
2,10,-195.121468,0.000000
2,11,-195.121407,0.000000
2,12,-195.121560,-0.000000
2,13,-195.121797,0.000000
2,14,-195.121568,0.000000
2,15,-195.121394,0.000000
2,16,-195.121462,0.000000
2,17,-195.121454,0.000000
2,18,-195.121560,0.000000
2,21,-195.124029,-0.000001
2,22,-195.121532,-0.000000
2,23,-195.121397,-0.000000
2,24,-195.121626,-0.000000
2,25,-195.121463,-0.000000
2,26,-195.121471,-0.000000
2,27,-195.121387,-0.000000
2,28,-195.121543,-0.000000
2,29,-195.121406,-0.000000
2,30,-195.121396,-0.000000
2,31,-195.122150,-0.000000
2,32,-195.121422,-0.000000
2,33,-195.121544,-0.000000
2,34,-195.121394,-0.000000
2,35,-195.121497,-0.000000
2,36,-195.121391,-0.000000
2,37,-195.121415,-0.000000
2,38,-195.121461,-0.000000
2,39,-195.121618,-0.000001
2,40,-195.121828,-0.000000
2,41,-195.122417,-0.000000
2,42,-195.121740,-0.000000
2,43,-195.121665,-0.000000
2,44,-195.123781,-0.000000
2,45,-195.122185,-0.000001
2,46,-195.121952,-0.000000
2,47,-195.121392,-0.000000
2,48,-195.121428,-0.000018
2,49,-195.121675,-0.000006
2,50,-195.121401,-0.000006
2,51,-195.121388,-0.000000
2,52,-195.121394,-0.000005
2,53,-195.121476,-0.000001
2,54,-195.121410,-0.000000
2,55,-195.121397,-0.000007
2,56,-195.121403,-0.000000
2,57,-195.121470,-0.000000
2,58,-195.121430,-0.000000
2,59,-195.121398,-0.000000
2,60,-195.121511,-0.000000
2,61,-195.121579,-0.000000
2,62,-195.121443,-0.000000
2,63,-195.121478,-0.000000
2,64,-195.121465,-0.000000
2,65,-195.121428,-0.000000
2,66,-195.121420,-0.000000
2,67,-195.121388,-0.000000
2,68,-195.121396,-0.000000
2,69,-195.121393,-0.000000
2,70,-195.121389,-0.000000
2,71,-195.121392,-0.000000
2,72,-195.121399,-0.000000
2,73,-195.121386,-0.000000
2,74,-195.121441,-0.000000
2,75,-195.121450,-0.000000
2,76,-195.121387,-0.000000
2,77,-195.121393,-0.000000
2,78,-195.121515,-0.000000
2,79,-195.121405,-0.000000
2,80,-195.121386,-0.000000
2,81,-195.121386,-0.000000
2,82,-195.121393,-0.000000
2,83,-195.121401,-0.000000
2,84,-195.121387,-0.000000
2,85,-195.121404,-0.000000
2,86,-195.121389,-0.000000
2,87,-195.121396,-0.000000
2,88,-195.121387,-0.000000
2,89,-195.121389,-0.000000
2,90,-195.121391,-0.000000
2,91,-195.121391,-0.000000
2,92,-195.121399,-0.000000
2,93,-195.121387,-0.000000
2,94,-195.121405,-0.000000
2,95,-195.121388,-0.000000
2,96,-195.121392,-0.000000
2,97,-195.121414,-0.000000
2,98,-195.121396,-0.000000
2,99,-195.121391,-0.000001
2,100,-195.121387,-0.000000
2,101,-195.121395,-0.000000
2,102,-195.121386,-0.000000
2,103,-195.121388,-0.000000
2,104,-195.121386,-0.000000
2,105,-195.121388,-0.000000
2,106,-195.121387,-0.000001
2,107,-195.121386,-0.000001
2,108,-195.121388,-0.000001
2,109,-195.121387,-0.000001
2,110,-195.121411,-0.000026
2,111,-195.121388,-0.000002
2,112,-195.121389,-0.000004
2,113,-195.121390,-0.000001
2,114,-195.121395,-0.000009
2,115,-195.121386,-0.000000
2,116,-195.121388,-0.000002
2,117,-195.121388,-0.000000
2,118,-195.121386,-0.000000
2,119,-195.121387,-0.000000
3,4,-195.121385,-0.000000
3,5,-195.121409,0.000000
3,6,-195.121461,-0.000000
3,7,-195.121398,0.000000
3,8,-195.121504,0.000000
3,9,-195.121637,0.000000
3,10,-195.121468,-0.000000
3,11,-195.121407,-0.000000
3,12,-195.121560,-0.000000
3,13,-195.121797,-0.000000
3,14,-195.121568,-0.000000
3,15,-195.121394,-0.000000
3,16,-195.121462,-0.000000
3,17,-195.121454,-0.000000
3,18,-195.121560,-0.000000
3,21,-195.124028,-0.000000
3,22,-195.121532,-0.000000
3,23,-195.121396,-0.000000
3,24,-195.121626,-0.000000
3,25,-195.121463,-0.000000
3,26,-195.121471,-0.000000
3,27,-195.121387,-0.000000
3,28,-195.121543,-0.000000
3,29,-195.121406,-0.000000
3,30,-195.121397,-0.000000
3,31,-195.122150,-0.000000
3,32,-195.121424,-0.000002
3,33,-195.121544,-0.000000
3,34,-195.121394,-0.000000
3,35,-195.121498,-0.000000
3,36,-195.121391,-0.000000
3,37,-195.121415,-0.000000
3,38,-195.121461,-0.000000
3,39,-195.121617,-0.000000
3,40,-195.121829,-0.000001
3,41,-195.122417,-0.000000
3,42,-195.121740,-0.000000
3,43,-195.121665,-0.000000
3,44,-195.123782,-0.000001
3,45,-195.122184,-0.000001
3,46,-195.121954,-0.000002
3,47,-195.121392,-0.000000
3,48,-195.121411,-0.000000
3,49,-195.121669,-0.000000
3,50,-195.121395,-0.000000
3,51,-195.121390,-0.000003
3,52,-195.121392,-0.000003
3,53,-195.121476,-0.000001
3,54,-195.121411,-0.000001
3,55,-195.121392,-0.000001
3,56,-195.121405,-0.000001
3,57,-195.121476,-0.000007
3,58,-195.121434,-0.000005
3,59,-195.121398,-0.000000
3,60,-195.121511,-0.000000
3,61,-195.121580,-0.000000
3,62,-195.121443,-0.000000
3,63,-195.121478,-0.000000
3,64,-195.121465,-0.000000
3,65,-195.121428,-0.000000
3,66,-195.121421,-0.000000
3,67,-195.121388,-0.000000
3,68,-195.121396,-0.000000
3,69,-195.121393,-0.000000
3,70,-195.121389,-0.000000
3,71,-195.121393,-0.000000
3,72,-195.121399,-0.000000
3,73,-195.121386,-0.000000
3,74,-195.121440,-0.000000
3,75,-195.121450,-0.000000
3,76,-195.121387,-0.000000
3,77,-195.121394,-0.000001
3,78,-195.121515,-0.000000
3,79,-195.121405,-0.000000
3,80,-195.121386,-0.000000
3,81,-195.121386,-0.000000
3,82,-195.121393,-0.000000
3,83,-195.121401,-0.000000
3,84,-195.121387,-0.000000
3,85,-195.121404,-0.000000
3,86,-195.121389,-0.000000
3,87,-195.121396,-0.000000
3,88,-195.121387,-0.000000
3,89,-195.121389,-0.000000
3,90,-195.121391,-0.000000
3,91,-195.121391,-0.000000
3,92,-195.121400,-0.000001
3,93,-195.121387,-0.000000
3,94,-195.121405,-0.000000
3,95,-195.121388,-0.000000
3,96,-195.121393,-0.000001
3,97,-195.121414,-0.000000
3,98,-195.121396,-0.000000
3,99,-195.121391,-0.000000
3,100,-195.121388,-0.000001
3,101,-195.121396,-0.000001
3,102,-195.121386,-0.000000
3,103,-195.121389,-0.000001
3,104,-195.121386,-0.000000
3,105,-195.121388,-0.000000
3,106,-195.121387,-0.000001
3,107,-195.121387,-0.000001
3,108,-195.121387,-0.000001
3,109,-195.121389,-0.000002
3,110,-195.121385,-0.000000
3,111,-195.121392,-0.000005
3,112,-195.121393,-0.000007
3,113,-195.121389,-0.000000
3,114,-195.121386,-0.000001
3,115,-195.121386,-0.000000
3,116,-195.121386,-0.000000
3,117,-195.121389,-0.000001
3,118,-195.121389,-0.000003
3,119,-195.121387,-0.000000
4,5,-195.121409,-0.000000
4,6,-195.121461,0.000000
4,7,-195.121399,0.000000
4,8,-195.121504,0.000000
4,9,-195.121637,0.000000
4,10,-195.121468,0.000000
4,11,-195.121407,0.000000
4,12,-195.121560,0.000000
4,13,-195.121797,-0.000000
4,14,-195.121568,-0.000000
4,15,-195.121394,0.000000
4,16,-195.121462,0.000000
4,17,-195.121454,0.000000
4,18,-195.121560,0.000000
4,21,-195.124028,-0.000000
4,22,-195.121532,-0.000000
4,23,-195.121397,-0.000000
4,24,-195.121626,-0.000001
4,25,-195.121463,-0.000000
4,26,-195.121471,-0.000000
4,27,-195.121387,-0.000000
4,28,-195.121543,-0.000000
4,29,-195.121406,-0.000000
4,30,-195.121396,-0.000000
4,31,-195.122151,-0.000001
4,32,-195.121422,-0.000001
4,33,-195.121544,-0.000000
4,34,-195.121394,-0.000000
4,35,-195.121498,-0.000000
4,36,-195.121391,-0.000000
4,37,-195.121415,-0.000000
4,38,-195.121461,-0.000000
4,39,-195.121617,-0.000000
4,40,-195.121828,-0.000000
4,41,-195.122417,-0.000000
4,42,-195.121740,-0.000000
4,43,-195.121665,-0.000000
4,44,-195.123781,-0.000000
4,45,-195.122185,-0.000002
4,46,-195.121955,-0.000003
4,47,-195.121394,-0.000003
4,48,-195.121410,-0.000000
4,49,-195.121669,-0.000000
4,50,-195.121396,-0.000001
4,51,-195.121397,-0.000009
4,52,-195.121390,-0.000001
4,53,-195.121481,-0.000007
4,54,-195.121411,-0.000001
4,55,-195.121391,-0.000001
4,56,-195.121404,-0.000000
4,57,-195.121481,-0.000011
4,58,-195.121431,-0.000002
4,59,-195.121398,-0.000000
4,60,-195.121511,-0.000000
4,61,-195.121579,-0.000000
4,62,-195.121443,-0.000000
4,63,-195.121478,-0.000000
4,64,-195.121465,-0.000000
4,65,-195.121428,-0.000000
4,66,-195.121421,-0.000000
4,67,-195.121388,-0.000000
4,68,-195.121396,-0.000000
4,69,-195.121393,-0.000000
4,70,-195.121389,-0.000000
4,71,-195.121392,-0.000000
4,72,-195.121399,-0.000000
4,73,-195.121386,-0.000000
4,74,-195.121441,-0.000000
4,75,-195.121450,-0.000000
4,76,-195.121388,-0.000000
4,77,-195.121393,-0.000000
4,78,-195.121515,-0.000000
4,79,-195.121406,-0.000000
4,80,-195.121386,-0.000000
4,81,-195.121387,-0.000001
4,82,-195.121393,-0.000000
4,83,-195.121401,-0.000000
4,84,-195.121388,-0.000000
4,85,-195.121404,-0.000000
4,86,-195.121389,-0.000000
4,87,-195.121396,-0.000000
4,88,-195.121387,-0.000000
4,89,-195.121389,-0.000000
4,90,-195.121391,-0.000000
4,91,-195.121391,-0.000001
4,92,-195.121400,-0.000000
4,93,-195.121387,-0.000000
4,94,-195.121405,-0.000000
4,95,-195.121388,-0.000000
4,96,-195.121393,-0.000001
4,97,-195.121414,-0.000000
4,98,-195.121396,-0.000000
4,99,-195.121391,-0.000000
4,100,-195.121387,-0.000000
4,101,-195.121397,-0.000002
4,102,-195.121389,-0.000003
4,103,-195.121388,-0.000000
4,104,-195.121387,-0.000001
4,105,-195.121388,-0.000000
4,106,-195.121386,-0.000000
4,107,-195.121388,-0.000002
4,108,-195.121387,-0.000000
4,109,-195.121390,-0.000004
4,110,-195.121386,-0.000000
4,111,-195.121388,-0.000001
4,112,-195.121387,-0.000001
4,113,-195.121389,-0.000000
4,114,-195.121391,-0.000005
4,115,-195.121387,-0.000001
4,116,-195.121387,-0.000002
4,117,-195.121388,-0.000000
4,118,-195.121387,-0.000001
4,119,-195.121387,-0.000000
5,6,-195.121517,-0.000032
5,7,-195.121422,-0.000000
5,8,-195.121532,-0.000004
5,9,-195.121683,-0.000023
5,10,-195.121490,0.000001
5,11,-195.121433,-0.000002
5,12,-195.121596,-0.000013
5,13,-195.121821,-0.000000
5,14,-195.121593,-0.000001
5,15,-195.121421,-0.000004
5,16,-195.121485,0.000000
5,17,-195.121480,-0.000003
5,18,-195.121583,-0.000000
5,21,-195.124067,-0.000016
5,22,-195.121592,-0.000037
5,23,-195.121423,-0.000003
5,24,-195.121674,-0.000025
5,25,-195.121516,-0.000030
5,26,-195.121515,-0.000021
5,27,-195.121419,-0.000009
5,28,-195.121591,-0.000026
5,29,-195.121467,-0.000038
5,30,-195.121447,-0.000028
5,31,-195.122215,-0.000042
5,32,-195.121632,-0.000187
5,33,-195.121617,-0.000049
5,34,-195.121438,-0.000021
5,35,-195.121593,-0.000073
5,36,-195.121442,-0.000028
5,37,-195.121465,-0.000027
5,38,-195.121535,-0.000051
5,39,-195.121693,-0.000053
5,40,-195.121918,-0.000067
5,41,-195.122483,-0.000042
5,42,-195.121866,-0.000102
5,43,-195.121779,-0.000091
5,44,-195.123845,-0.000040
5,45,-195.122237,-0.000030
5,46,-195.122023,-0.000047
5,47,-195.121432,-0.000017
5,48,-195.121440,-0.000007
5,49,-195.121710,-0.000018
5,50,-195.121431,-0.000013
5,51,-195.121446,-0.000035
5,52,-195.121430,-0.000018
5,53,-195.121527,-0.000029
5,54,-195.121485,-0.000051
5,55,-195.121430,-0.000017
5,56,-195.121442,-0.000015
5,57,-195.121737,-0.000244
5,58,-195.121528,-0.000076
5,59,-195.121457,-0.000035
5,60,-195.121576,-0.000042
5,61,-195.121619,-0.000016
5,62,-195.121490,-0.000023
5,63,-195.121512,-0.000011
5,64,-195.121511,-0.000022
5,65,-195.121470,-0.000019
5,66,-195.121482,-0.000038
5,67,-195.121432,-0.000020
5,68,-195.121438,-0.000018
5,69,-195.121431,-0.000014
5,70,-195.121427,-0.000015
5,71,-195.121434,-0.000018
5,72,-195.121443,-0.000020
5,73,-195.121410,-0.000001
5,74,-195.121480,-0.000016
5,75,-195.121487,-0.000013
5,76,-195.121413,-0.000002
5,77,-195.121435,-0.000018
5,78,-195.121544,-0.000006
5,79,-195.121440,-0.000011
5,80,-195.121415,-0.000005
5,81,-195.121414,-0.000005
5,82,-195.121420,-0.000004
5,83,-195.121451,-0.000026
5,84,-195.121416,-0.000005
5,85,-195.121430,-0.000003
5,86,-195.121423,-0.000011
5,87,-195.121429,-0.000010
5,88,-195.121418,-0.000007
5,89,-195.121429,-0.000016
5,90,-195.121433,-0.000019
5,91,-195.121437,-0.000023
5,92,-195.121437,-0.000014
5,93,-195.121416,-0.000006
5,94,-195.121435,-0.000007
5,95,-195.121421,-0.000009
5,96,-195.121426,-0.000011
5,97,-195.121465,-0.000027
5,98,-195.121437,-0.000018
5,99,-195.121421,-0.000006
5,100,-195.121417,-0.000006
5,101,-195.121428,-0.000009
5,102,-195.121414,-0.000004
5,103,-195.121419,-0.000008
5,104,-195.121415,-0.000006
5,105,-195.121417,-0.000006
5,106,-195.121416,-0.000007
5,107,-195.121418,-0.000009
5,108,-195.121418,-0.000008
5,109,-195.121428,-0.000018
5,110,-195.121409,-0.000001
5,111,-195.121420,-0.000010
5,112,-195.121416,-0.000007
5,113,-195.121415,-0.000003
5,114,-195.121413,-0.000005
5,115,-195.121416,-0.000007
5,116,-195.121415,-0.000006
5,117,-195.121420,-0.000009
5,118,-195.121417,-0.000008
5,119,-195.121415,-0.000004
6,7,-195.121483,-0.000008
6,8,-195.121577,0.000004
6,9,-195.121707,0.000005
6,10,-195.121548,-0.000004
6,11,-195.121486,-0.000003
6,12,-195.121690,-0.000054
6,13,-195.121873,0.000000
6,14,-195.121651,-0.000007
6,15,-195.121489,-0.000020
6,16,-195.121537,0.000001
6,17,-195.121539,-0.000009
6,18,-195.121636,-0.000000
6,21,-195.124120,-0.000016
6,22,-195.121696,-0.000088
6,23,-195.121535,-0.000063
6,24,-195.121710,-0.000009
6,25,-195.121734,-0.000196
6,26,-195.121689,-0.000142
6,27,-195.121483,-0.000021
6,28,-195.121649,-0.000031
6,29,-195.121656,-0.000174
6,30,-195.121514,-0.000042
6,31,-195.122281,-0.000056
6,32,-195.121872,-0.000375
6,33,-195.121647,-0.000027
6,34,-195.121695,-0.000225
6,35,-195.121614,-0.000041
6,36,-195.121492,-0.000025
6,37,-195.121555,-0.000064
6,38,-195.121632,-0.000096
6,39,-195.121734,-0.000041
6,40,-195.121966,-0.000062
6,41,-195.122782,-0.000289
6,42,-195.122558,-0.000742
6,43,-195.122233,-0.000493
6,44,-195.124107,-0.000250
6,45,-195.122326,-0.000067
6,46,-195.122081,-0.000053
6,47,-195.121487,-0.000021
6,48,-195.121494,-0.000008
6,49,-195.121805,-0.000060
6,50,-195.121509,-0.000038
6,51,-195.121473,-0.000010
6,52,-195.121469,-0.000004
6,53,-195.121586,-0.000036
6,54,-195.121689,-0.000203
6,55,-195.121471,-0.000005
6,56,-195.121644,-0.000165
6,57,-195.121614,-0.000068
6,58,-195.121571,-0.000066
6,59,-195.121504,-0.000030
6,60,-195.121616,-0.000030
6,61,-195.121788,-0.000133
6,62,-195.121728,-0.000209
6,63,-195.121586,-0.000033
6,64,-195.121645,-0.000104
6,65,-195.121540,-0.000036
6,66,-195.121574,-0.000078
6,67,-195.121491,-0.000027
6,68,-195.121487,-0.000015
6,69,-195.121482,-0.000013
6,70,-195.121468,-0.000003
6,71,-195.121487,-0.000019
6,72,-195.121514,-0.000039
6,73,-195.121463,-0.000001
6,74,-195.121541,-0.000025
6,75,-195.121557,-0.000032
6,76,-195.121479,-0.000015
6,77,-195.121507,-0.000038
6,78,-195.121617,-0.000027
6,79,-195.121512,-0.000031
6,80,-195.121473,-0.000011
6,81,-195.121468,-0.000006
6,82,-195.121474,-0.000006
6,83,-195.121584,-0.000107
6,84,-195.121474,-0.000011
6,85,-195.121492,-0.000012
6,86,-195.121508,-0.000043
6,87,-195.121491,-0.000019
6,88,-195.121466,-0.000003
6,89,-195.121472,-0.000007
6,90,-195.121483,-0.000017
6,91,-195.121474,-0.000007
6,92,-195.121487,-0.000012
6,93,-195.121466,-0.000003
6,94,-195.121499,-0.000018
6,95,-195.121468,-0.000004
6,96,-195.121484,-0.000016
6,97,-195.121636,-0.000146
6,98,-195.121513,-0.000041
6,99,-195.121471,-0.000004
6,100,-195.121470,-0.000007
6,101,-195.121487,-0.000016
6,102,-195.121465,-0.000003
6,103,-195.121494,-0.000030
6,104,-195.121466,-0.000004
6,105,-195.121488,-0.000024
6,106,-195.121470,-0.000009
6,107,-195.121465,-0.000004
6,108,-195.121472,-0.000009
6,109,-195.121471,-0.000009
6,110,-195.121462,-0.000001
6,111,-195.121466,-0.000004
6,112,-195.121467,-0.000006
6,113,-195.121480,-0.000015
6,114,-195.121463,-0.000002
6,115,-195.121473,-0.000011
6,116,-195.121467,-0.000005
6,117,-195.121485,-0.000021
6,118,-195.121472,-0.000010
6,119,-195.121476,-0.000013
7,8,-195.121549,-0.000032
7,9,-195.121705,-0.000055
7,10,-195.121489,-0.000008
7,11,-195.121420,0.000001
7,12,-195.121580,-0.000007
7,13,-195.121810,-0.000000
7,14,-195.121581,0.000001
7,15,-195.121407,0.000000
7,16,-195.121475,0.000000
7,17,-195.121468,-0.000001
7,18,-195.121573,0.000000
7,21,-195.124092,-0.000051
7,22,-195.121558,-0.000012
7,23,-195.121556,-0.000147
7,24,-195.121650,-0.000011
7,25,-195.121562,-0.000085
7,26,-195.121524,-0.000040
7,27,-195.121436,-0.000036
7,28,-195.121580,-0.000024
7,29,-195.121451,-0.000032
7,30,-195.121445,-0.000036
7,31,-195.122223,-0.000059
7,32,-195.121542,-0.000107
7,33,-195.121588,-0.000031
7,34,-195.121489,-0.000082
7,35,-195.121536,-0.000026
7,36,-195.121453,-0.000049
7,37,-195.121463,-0.000035
7,38,-195.121528,-0.000054
7,39,-195.121664,-0.000034
7,40,-195.121964,-0.000122
7,41,-195.122514,-0.000084
7,42,-195.121944,-0.000190
7,43,-195.121830,-0.000152
7,44,-195.123882,-0.000087
7,45,-195.122227,-0.000030
7,46,-195.121981,-0.000016
7,47,-195.121417,-0.000013
7,48,-195.121506,-0.000083
7,49,-195.121743,-0.000060
7,50,-195.121454,-0.000046
7,51,-195.121417,-0.000016
7,52,-195.121486,-0.000084
7,53,-195.121518,-0.000030
7,54,-195.121463,-0.000039
7,55,-195.121486,-0.000083
7,56,-195.121461,-0.000044
7,57,-195.121557,-0.000074
7,58,-195.121551,-0.000109
7,59,-195.121449,-0.000038
7,60,-195.121559,-0.000035
7,61,-195.121641,-0.000049
7,62,-195.121512,-0.000056
7,63,-195.121501,-0.000011
7,64,-195.121506,-0.000028
7,65,-195.121459,-0.000018
7,66,-195.121461,-0.000027
7,67,-195.121426,-0.000024
7,68,-195.121431,-0.000022
7,69,-195.121425,-0.000019
7,70,-195.121411,-0.000009
7,71,-195.121431,-0.000025
7,72,-195.121425,-0.000013
7,73,-195.121428,-0.000029
7,74,-195.121471,-0.000017
7,75,-195.121477,-0.000014
7,76,-195.121404,-0.000003
7,77,-195.121437,-0.000030
7,78,-195.121534,-0.000007
7,79,-195.121437,-0.000019
7,80,-195.121431,-0.000032
7,81,-195.121432,-0.000034
7,82,-195.121433,-0.000028
7,83,-195.121433,-0.000018
7,84,-195.121415,-0.000015
7,85,-195.121423,-0.000005
7,86,-195.121425,-0.000022
7,87,-195.121411,-0.000002
7,88,-195.121410,-0.000010
7,89,-195.121414,-0.000011
7,90,-195.121413,-0.000009
7,91,-195.121413,-0.000009
7,92,-195.121422,-0.000009
7,93,-195.121410,-0.000011
7,94,-195.121426,-0.000008
7,95,-195.121408,-0.000007
7,96,-195.121414,-0.000009
7,97,-195.121450,-0.000023
7,98,-195.121424,-0.000015
7,99,-195.121416,-0.000011
7,100,-195.121408,-0.000008
7,101,-195.121413,-0.000005
7,102,-195.121406,-0.000007
7,103,-195.121405,-0.000004
7,104,-195.121404,-0.000005
7,105,-195.121409,-0.000008
7,106,-195.121406,-0.000007
7,107,-195.121403,-0.000003
7,108,-195.121407,-0.000007
7,109,-195.121406,-0.000007
7,110,-195.121432,-0.000033
7,111,-195.121407,-0.000007
7,112,-195.121407,-0.000008
7,113,-195.121406,-0.000004
7,114,-195.121407,-0.000009
7,115,-195.121405,-0.000005
7,116,-195.121404,-0.000005
7,117,-195.121406,-0.000005
7,118,-195.121404,-0.000005
7,119,-195.121402,-0.000002
8,9,-195.121936,-0.000180
8,10,-195.121591,-0.000004
8,11,-195.121525,0.000002
8,12,-195.121689,-0.000010
8,13,-195.121920,-0.000004
8,14,-195.121693,-0.000005
8,15,-195.121514,-0.000002
8,16,-195.121580,0.000001
8,17,-195.121580,-0.000007
8,18,-195.121677,0.000002
8,21,-195.124222,-0.000075
8,22,-195.121662,-0.000011
8,23,-195.121844,-0.000329
8,24,-195.121787,-0.000043
8,25,-195.121684,-0.000102
8,26,-195.121599,-0.000009
8,27,-195.121524,-0.000018
8,28,-195.121717,-0.000056
8,29,-195.121548,-0.000023
8,30,-195.121527,-0.000012
8,31,-195.122347,-0.000078
8,32,-195.121654,-0.000113
8,33,-195.121785,-0.000122
8,34,-195.121542,-0.000029
8,35,-195.121648,-0.000032
8,36,-195.121550,-0.000041
8,37,-195.121588,-0.000055
8,38,-195.121649,-0.000069
8,39,-195.121811,-0.000076
8,40,-195.122314,-0.000367
8,41,-195.122613,-0.000077
8,42,-195.121967,-0.000108
8,43,-195.121858,-0.000075
8,44,-195.123976,-0.000075
8,45,-195.122325,-0.000022
8,46,-195.122090,-0.000019
8,47,-195.121542,-0.000032
8,48,-195.121543,-0.000014
8,49,-195.121816,-0.000028
8,50,-195.121538,-0.000024
8,51,-195.121572,-0.000065
8,52,-195.121620,-0.000112
8,53,-195.121675,-0.000081
8,54,-195.121574,-0.000045
8,55,-195.121594,-0.000084
8,56,-195.121577,-0.000055
8,57,-195.121760,-0.000171
8,58,-195.121702,-0.000153
8,59,-195.121574,-0.000057
8,60,-195.121690,-0.000060
8,61,-195.121722,-0.000023
8,62,-195.121587,-0.000025
8,63,-195.121617,-0.000020
8,64,-195.121607,-0.000023
8,65,-195.121571,-0.000024
8,66,-195.121589,-0.000050
8,67,-195.121535,-0.000027
8,68,-195.121536,-0.000020
8,69,-195.121535,-0.000023
8,70,-195.121541,-0.000033
8,71,-195.121550,-0.000039
8,72,-195.121548,-0.000030
8,73,-195.121513,-0.000008
8,74,-195.121588,-0.000028
8,75,-195.121589,-0.000019
8,76,-195.121515,-0.000009
8,77,-195.121561,-0.000048
8,78,-195.121647,-0.000014
8,79,-195.121536,-0.000011
8,80,-195.121516,-0.000011
8,81,-195.121515,-0.000011
8,82,-195.121521,-0.000009
8,83,-195.121559,-0.000039
8,84,-195.121523,-0.000017
8,85,-195.121533,-0.000010
8,86,-195.121533,-0.000024
8,87,-195.121522,-0.000007
8,88,-195.121526,-0.000020
8,89,-195.121521,-0.000013
8,90,-195.121527,-0.000018
8,91,-195.121525,-0.000015
8,92,-195.121534,-0.000016
8,93,-195.121519,-0.000013
8,94,-195.121537,-0.000013
8,95,-195.121521,-0.000014
8,96,-195.121517,-0.000006
8,97,-195.121541,-0.000008
8,98,-195.121525,-0.000009
8,99,-195.121519,-0.000009
8,100,-195.121514,-0.000007
8,101,-195.121524,-0.000009
8,102,-195.121514,-0.000009
8,103,-195.121512,-0.000004
8,104,-195.121516,-0.000011
8,105,-195.121518,-0.000011
8,106,-195.121511,-0.000007
8,107,-195.121515,-0.000010
8,108,-195.121514,-0.000008
8,109,-195.121517,-0.000011
8,110,-195.121514,-0.000010
8,111,-195.121514,-0.000009
8,112,-195.121511,-0.000006
8,113,-195.121515,-0.000007
8,114,-195.121512,-0.000008
8,115,-195.121516,-0.000011
8,116,-195.121513,-0.000009
8,117,-195.121513,-0.000006
8,118,-195.121511,-0.000006
8,119,-195.121510,-0.000004
9,10,-195.121739,-0.000020
9,11,-195.121669,-0.000010
9,12,-195.121806,0.000005
9,13,-195.122049,-0.000000
9,14,-195.121817,0.000003
9,15,-195.121654,-0.000009
9,16,-195.121713,0.000000
9,17,-195.121699,0.000006
9,18,-195.121818,-0.000007
9,21,-195.124427,-0.000148
9,22,-195.121893,-0.000110
9,23,-195.122215,-0.000567
9,24,-195.121920,-0.000043
9,25,-195.121756,-0.000041
9,26,-195.121756,-0.000033
9,27,-195.121648,-0.000010
9,28,-195.121966,-0.000172
9,29,-195.121741,-0.000084
9,30,-195.121719,-0.000072
9,31,-195.122433,-0.000032
9,32,-195.121857,-0.000184
9,33,-195.121856,-0.000061
9,34,-195.121755,-0.000110
9,35,-195.121794,-0.000046
9,36,-195.121682,-0.000041
9,37,-195.121753,-0.000087
9,38,-195.121760,-0.000048
9,39,-195.121893,-0.000025
9,40,-195.122854,-0.000775
9,41,-195.122778,-0.000109
9,42,-195.122168,-0.000177
9,43,-195.121978,-0.000061
9,44,-195.124084,-0.000051
9,45,-195.122460,-0.000025
9,46,-195.122251,-0.000048
9,47,-195.121701,-0.000059
9,48,-195.121666,-0.000004
9,49,-195.121935,-0.000015
9,50,-195.121684,-0.000037
9,51,-195.121680,-0.000041
9,52,-195.121674,-0.000033
9,53,-195.121781,-0.000055
9,54,-195.121727,-0.000066
9,55,-195.121666,-0.000024
9,56,-195.122020,-0.000365
9,57,-195.121828,-0.000107
9,58,-195.121887,-0.000206
9,59,-195.121719,-0.000070
9,60,-195.121819,-0.000057
9,61,-195.121889,-0.000059
9,62,-195.121726,-0.000031
9,63,-195.121815,-0.000086
9,64,-195.121807,-0.000091
9,65,-195.121741,-0.000062
9,66,-195.121782,-0.000110
9,67,-195.121652,-0.000012
9,68,-195.121668,-0.000020
9,69,-195.121693,-0.000048
9,70,-195.121676,-0.000036
9,71,-195.121702,-0.000058
9,72,-195.121671,-0.000021
9,73,-195.121639,-0.000001
9,74,-195.121735,-0.000043
9,75,-195.121763,-0.000061
9,76,-195.121663,-0.000024
9,77,-195.121716,-0.000071
9,78,-195.121814,-0.000048
9,79,-195.121671,-0.000014
9,80,-195.121641,-0.000003
9,81,-195.121639,-0.000002
9,82,-195.121647,-0.000003
9,83,-195.121749,-0.000097
9,84,-195.121659,-0.000020
9,85,-195.121677,-0.000022
9,86,-195.121667,-0.000026
9,87,-195.121666,-0.000019
9,88,-195.121656,-0.000018
9,89,-195.121650,-0.000010
9,90,-195.121656,-0.000014
9,91,-195.121650,-0.000008
9,92,-195.121666,-0.000015
9,93,-195.121646,-0.000008
9,94,-195.121676,-0.000019
9,95,-195.121652,-0.000013
9,96,-195.121650,-0.000006
9,97,-195.121683,-0.000018
9,98,-195.121658,-0.000011
9,99,-195.121647,-0.000004
9,100,-195.121645,-0.000007
9,101,-195.121660,-0.000013
9,102,-195.121644,-0.000007
9,103,-195.121660,-0.000021
9,104,-195.121648,-0.000011
9,105,-195.121661,-0.000022
9,106,-195.121645,-0.000008
9,107,-195.121648,-0.000011
9,108,-195.121647,-0.000009
9,109,-195.121649,-0.000011
9,110,-195.121637,-0.000000
9,111,-195.121643,-0.000005
9,112,-195.121646,-0.000009
9,113,-195.121658,-0.000018
9,114,-195.121639,-0.000002
9,115,-195.121643,-0.000006
9,116,-195.121640,-0.000003
9,117,-195.121650,-0.000011
9,118,-195.121647,-0.000010
9,119,-195.121652,-0.000014
10,11,-195.121492,-0.000003
10,12,-195.121641,0.000002
10,13,-195.121907,-0.000027
10,14,-195.121657,-0.000006
10,15,-195.121476,0.000000
10,16,-195.121544,0.000000
10,17,-195.121536,0.000000
10,18,-195.121651,-0.000009
10,21,-195.124181,-0.000070
10,22,-195.121731,-0.000116
10,23,-195.121548,-0.000069
10,24,-195.121813,-0.000104
10,25,-195.121575,-0.000029
10,26,-195.121572,-0.000018
10,27,-195.121497,-0.000027
10,28,-195.121687,-0.000062
10,29,-195.121530,-0.000041
10,30,-195.121688,-0.000209
10,31,-195.122304,-0.000072
10,32,-195.121678,-0.000173
10,33,-195.121660,-0.000033
10,34,-195.121539,-0.000062
10,35,-195.121670,-0.000090
10,36,-195.121604,-0.000131
10,37,-195.121542,-0.000045
10,38,-195.121685,-0.000142
10,39,-195.121838,-0.000138
10,40,-195.122000,-0.000089
10,41,-195.122551,-0.000051
10,42,-195.121891,-0.000068
10,43,-195.121818,-0.000071
10,44,-195.123937,-0.000073
10,45,-195.122306,-0.000040
10,46,-195.122150,-0.000115
10,47,-195.121500,-0.000027
10,48,-195.121518,-0.000025
10,49,-195.121798,-0.000046
10,50,-195.121520,-0.000042
10,51,-195.121639,-0.000168
10,52,-195.121515,-0.000043
10,53,-195.121589,-0.000032
10,54,-195.121704,-0.000211
10,55,-195.121529,-0.000056
10,56,-195.121569,-0.000082
10,57,-195.121609,-0.000057
10,58,-195.121548,-0.000036
10,59,-195.121529,-0.000049
10,60,-195.121624,-0.000031
10,61,-195.121697,-0.000035
10,62,-195.121548,-0.000022
10,63,-195.121575,-0.000014
10,64,-195.121581,-0.000034
10,65,-195.121537,-0.000026
10,66,-195.121514,-0.000011
10,67,-195.121521,-0.000050
10,68,-195.121506,-0.000026
10,69,-195.121499,-0.000023
10,70,-195.121526,-0.000054
10,71,-195.121490,-0.000015
10,72,-195.121510,-0.000028
10,73,-195.121472,-0.000003
10,74,-195.121546,-0.000023
10,75,-195.121563,-0.000030
10,76,-195.121479,-0.000009
10,77,-195.121505,-0.000029
10,78,-195.121605,-0.000008
10,79,-195.121495,-0.000007
10,80,-195.121476,-0.000007
10,81,-195.121474,-0.000005
10,82,-195.121480,-0.000005
10,83,-195.121502,-0.000018
10,84,-195.121484,-0.000014
10,85,-195.121499,-0.000013
10,86,-195.121489,-0.000017
10,87,-195.121496,-0.000017
10,88,-195.121488,-0.000018
10,89,-195.121483,-0.000011
10,90,-195.121502,-0.000029
10,91,-195.121486,-0.000013
10,92,-195.121493,-0.000011
10,93,-195.121478,-0.000008
10,94,-195.121496,-0.000009
10,95,-195.121481,-0.000010
10,96,-195.121480,-0.000005
10,97,-195.121506,-0.000010
10,98,-195.121486,-0.000007
10,99,-195.121478,-0.000004
10,100,-195.121477,-0.000007
10,101,-195.121489,-0.000011
10,102,-195.121474,-0.000005
10,103,-195.121474,-0.000003
10,104,-195.121480,-0.000011
10,105,-195.121476,-0.000006
10,106,-195.121479,-0.000010
10,107,-195.121478,-0.000009
10,108,-195.121474,-0.000005
10,109,-195.121476,-0.000007
10,110,-195.121469,-0.000001
10,111,-195.121487,-0.000018
10,112,-195.121477,-0.000009
10,113,-195.121479,-0.000007
10,114,-195.121474,-0.000006
10,115,-195.121476,-0.000007
10,116,-195.121476,-0.000008
10,117,-195.121477,-0.000006
10,118,-195.121481,-0.000013
10,119,-195.121480,-0.000011
11,12,-195.121583,-0.000001
11,13,-195.121822,-0.000003
11,14,-195.121595,-0.000005
11,15,-195.121415,0.000000
11,16,-195.121483,0.000001
11,17,-195.121476,-0.000001
11,18,-195.121581,0.000000
11,21,-195.124121,-0.000072
11,22,-195.121638,-0.000084
11,23,-195.121513,-0.000094
11,24,-195.121657,-0.000010
11,25,-195.121616,-0.000132
11,26,-195.121602,-0.000108
11,27,-195.121449,-0.000041
11,28,-195.121714,-0.000149
11,29,-195.121587,-0.000159
11,30,-195.121447,-0.000029
11,31,-195.122216,-0.000044
11,32,-195.121642,-0.000198
11,33,-195.121605,-0.000040
11,34,-195.121620,-0.000204
11,35,-195.121589,-0.000069
11,36,-195.121446,-0.000034
11,37,-195.121558,-0.000121
11,38,-195.121555,-0.000072
11,39,-195.121666,-0.000027
11,40,-195.121945,-0.000095
11,41,-195.122472,-0.000032
11,42,-195.121862,-0.000099
11,43,-195.121773,-0.000087
11,44,-195.123855,-0.000051
11,45,-195.122259,-0.000053
11,46,-195.122052,-0.000078
11,47,-195.121496,-0.000083
11,48,-195.121483,-0.000050
11,49,-195.121779,-0.000088
11,50,-195.121548,-0.000130
11,51,-195.121442,-0.000032
11,52,-195.121442,-0.000032
11,53,-195.121546,-0.000050
11,54,-195.121588,-0.000156
11,55,-195.121429,-0.000017
11,56,-195.121718,-0.000293
11,57,-195.121557,-0.000065
11,58,-195.121496,-0.000045
11,59,-195.121455,-0.000035
11,60,-195.121598,-0.000065
11,61,-195.121637,-0.000036
11,62,-195.121536,-0.000071
11,63,-195.121562,-0.000063
11,64,-195.121535,-0.000048
11,65,-195.121473,-0.000023
11,66,-195.121468,-0.000025
11,67,-195.121424,-0.000014
11,68,-195.121430,-0.000012
11,69,-195.121433,-0.000018
11,70,-195.121423,-0.000012
11,71,-195.121433,-0.000018
11,72,-195.121447,-0.000026
11,73,-195.121413,-0.000005
11,74,-195.121487,-0.000024
11,75,-195.121509,-0.000037
11,76,-195.121454,-0.000044
11,77,-195.121437,-0.000022
11,78,-195.121571,-0.000035
11,79,-195.121447,-0.000020
11,80,-195.121418,-0.000010
11,81,-195.121414,-0.000006
11,82,-195.121424,-0.000009
11,83,-195.121446,-0.000022
11,84,-195.121417,-0.000008
11,85,-195.121433,-0.000007
11,86,-195.121423,-0.000012
11,87,-195.121429,-0.000011
11,88,-195.121413,-0.000004
11,89,-195.121422,-0.000011
11,90,-195.121420,-0.000007
11,91,-195.121432,-0.000019
11,92,-195.121429,-0.000008
11,93,-195.121414,-0.000005
11,94,-195.121439,-0.000013
11,95,-195.121418,-0.000008
11,96,-195.121424,-0.000010
11,97,-195.121441,-0.000005
11,98,-195.121425,-0.000007
11,99,-195.121419,-0.000006
11,100,-195.121415,-0.000006
11,101,-195.121421,-0.000003
11,102,-195.121420,-0.000011
11,103,-195.121437,-0.000027
11,104,-195.121413,-0.000005
11,105,-195.121421,-0.000011
11,106,-195.121413,-0.000006
11,107,-195.121416,-0.000008
11,108,-195.121418,-0.000009
11,109,-195.121415,-0.000007
11,110,-195.121410,-0.000003
11,111,-195.121413,-0.000004
11,112,-195.121411,-0.000003
11,113,-195.121419,-0.000008
11,114,-195.121413,-0.000005
11,115,-195.121414,-0.000006
11,116,-195.121414,-0.000006
11,117,-195.121424,-0.000014
11,118,-195.121419,-0.000011
11,119,-195.121430,-0.000021
12,13,-195.121969,0.000003
12,14,-195.121742,0.000001
12,15,-195.121582,-0.000014
12,16,-195.121636,-0.000000
12,17,-195.121627,0.000001
12,18,-195.121748,-0.000014
12,21,-195.124256,-0.000054
12,22,-195.121752,-0.000046
12,23,-195.121689,-0.000118
12,24,-195.121824,-0.000024
12,25,-195.121676,-0.000039
12,26,-195.121662,-0.000016
12,27,-195.121573,-0.000012
12,28,-195.121732,-0.000015
12,29,-195.121604,-0.000023
12,30,-195.121756,-0.000185
12,31,-195.122418,-0.000094
12,32,-195.121999,-0.000403
12,33,-195.121750,-0.000031
12,34,-195.122380,-0.000812
12,35,-195.121744,-0.000072
12,36,-195.121658,-0.000092
12,37,-195.121724,-0.000135
12,38,-195.121827,-0.000192
12,39,-195.121850,-0.000059
12,40,-195.122124,-0.000122
12,41,-195.122653,-0.000061
12,42,-195.122176,-0.000261
12,43,-195.122290,-0.000451
12,44,-195.124169,-0.000213
12,45,-195.122473,-0.000115
12,46,-195.122156,-0.000030
12,47,-195.121641,-0.000075
12,48,-195.121601,-0.000016
12,49,-195.121870,-0.000027
12,50,-195.121592,-0.000023
12,51,-195.121615,-0.000053
12,52,-195.121598,-0.000034
12,53,-195.121709,-0.000060
12,54,-195.122305,-0.000720
12,55,-195.121625,-0.000060
12,56,-195.122746,-0.001168
12,57,-195.121807,-0.000163
12,58,-195.121637,-0.000033
12,59,-195.121631,-0.000059
12,60,-195.121711,-0.000026
12,61,-195.121924,-0.000170
12,62,-195.121727,-0.000109
12,63,-195.121690,-0.000038
12,64,-195.121724,-0.000084
12,65,-195.121627,-0.000025
12,66,-195.121624,-0.000029
12,67,-195.121590,-0.000027
12,68,-195.121593,-0.000022
12,69,-195.121577,-0.000010
12,70,-195.121569,-0.000006
12,71,-195.121591,-0.000024
12,72,-195.121595,-0.000021
12,73,-195.121565,-0.000005
12,74,-195.121657,-0.000042
12,75,-195.121667,-0.000042
12,76,-195.121605,-0.000043
12,77,-195.121616,-0.000048
12,78,-195.121715,-0.000026
12,79,-195.121605,-0.000025
12,80,-195.121574,-0.000014
12,81,-195.121573,-0.000013
12,82,-195.121581,-0.000013
12,83,-195.121656,-0.000081
12,84,-195.121578,-0.000016
12,85,-195.121594,-0.000015
12,86,-195.121588,-0.000024
12,87,-195.121577,-0.000007
12,88,-195.121571,-0.000009
12,89,-195.121571,-0.000008
12,90,-195.121574,-0.000009
12,91,-195.121571,-0.000006
12,92,-195.121587,-0.000013
12,93,-195.121568,-0.000007
12,94,-195.121594,-0.000015
12,95,-195.121568,-0.000005
12,96,-195.121574,-0.000008
12,97,-195.121653,-0.000064
12,98,-195.121597,-0.000026
12,99,-195.121572,-0.000007
12,100,-195.121567,-0.000005
12,101,-195.121585,-0.000015
12,102,-195.121563,-0.000002
12,103,-195.121579,-0.000016
12,104,-195.121569,-0.000009
12,105,-195.121589,-0.000027
12,106,-195.121571,-0.000010
12,107,-195.121565,-0.000005
12,108,-195.121571,-0.000010
12,109,-195.121569,-0.000008
12,110,-195.121565,-0.000005
12,111,-195.121566,-0.000005
12,112,-195.121565,-0.000005
12,113,-195.121585,-0.000022
12,114,-195.121562,-0.000002
12,115,-195.121570,-0.000009
12,116,-195.121567,-0.000007
12,117,-195.121572,-0.000009
12,118,-195.121569,-0.000008
12,119,-195.121578,-0.000017
13,14,-195.121986,-0.000006
13,15,-195.121805,0.000000
13,16,-195.121892,-0.000018
13,17,-195.121870,-0.000004
13,18,-195.121980,-0.000009
13,21,-195.124616,-0.000176
13,22,-195.121986,-0.000042
13,23,-195.121822,-0.000014
13,24,-195.122129,-0.000091
13,25,-195.121939,-0.000065
13,26,-195.121906,-0.000023
13,27,-195.121871,-0.000072
13,28,-195.122014,-0.000060
13,29,-195.121873,-0.000055
13,30,-195.121840,-0.000032
13,31,-195.122710,-0.000149
13,32,-195.121928,-0.000095
13,33,-195.122142,-0.000186
13,34,-195.121852,-0.000046
13,35,-195.122031,-0.000122
13,36,-195.121896,-0.000094
13,37,-195.121908,-0.000082
13,38,-195.121975,-0.000103
13,39,-195.122165,-0.000136
13,40,-195.122297,-0.000057
13,41,-195.122888,-0.000058
13,42,-195.122193,-0.000041
13,43,-195.122169,-0.000092
13,44,-195.124416,-0.000223
13,45,-195.122666,-0.000070
13,46,-195.122402,-0.000038
13,47,-195.121841,-0.000038
13,48,-195.121853,-0.000030
13,49,-195.122221,-0.000140
13,50,-195.121885,-0.000078
13,51,-195.121834,-0.000035
13,52,-195.121927,-0.000127
13,53,-195.121936,-0.000050
13,54,-195.122009,-0.000188
13,55,-195.121863,-0.000061
13,56,-195.121880,-0.000065
13,57,-195.122038,-0.000157
13,58,-195.121906,-0.000065
13,59,-195.121837,-0.000028
13,60,-195.122018,-0.000096
13,61,-195.122031,-0.000040
13,62,-195.121873,-0.000019
13,63,-195.121905,-0.000015
13,64,-195.121901,-0.000024
13,65,-195.121864,-0.000024
13,66,-195.121855,-0.000022
13,67,-195.121827,-0.000027
13,68,-195.121854,-0.000046
13,69,-195.121825,-0.000020
13,70,-195.121825,-0.000025
13,71,-195.121824,-0.000020
13,72,-195.121822,-0.000011
13,73,-195.121821,-0.000023
13,74,-195.121874,-0.000021
13,75,-195.121877,-0.000015
13,76,-195.121813,-0.000014
13,77,-195.121820,-0.000014
13,78,-195.121934,-0.000008
13,79,-195.121829,-0.000012
13,80,-195.121827,-0.000029
13,81,-195.121830,-0.000033
13,82,-195.121818,-0.000014
13,83,-195.121829,-0.000016
13,84,-195.121810,-0.000010
13,85,-195.121825,-0.000009
13,86,-195.121810,-0.000009
13,87,-195.121817,-0.000009
13,88,-195.121814,-0.000015
13,89,-195.121819,-0.000018
13,90,-195.121821,-0.000018
13,91,-195.121823,-0.000020
13,92,-195.121825,-0.000014
13,93,-195.121810,-0.000012
13,94,-195.121824,-0.000008
13,95,-195.121817,-0.000017
13,96,-195.121813,-0.000009
13,97,-195.121835,-0.000009
13,98,-195.121820,-0.000012
13,99,-195.121811,-0.000009
13,100,-195.121807,-0.000008
13,101,-195.121816,-0.000009
13,102,-195.121807,-0.000009
13,103,-195.121803,-0.000003
13,104,-195.121803,-0.000006
13,105,-195.121805,-0.000006
13,106,-195.121808,-0.000010
13,107,-195.121807,-0.000009
13,108,-195.121811,-0.000012
13,109,-195.121813,-0.000015
13,110,-195.121809,-0.000012
13,111,-195.121808,-0.000009
13,112,-195.121816,-0.000018
13,113,-195.121808,-0.000007
13,114,-195.121811,-0.000014
13,115,-195.121807,-0.000009
13,116,-195.121806,-0.000009
13,117,-195.121804,-0.000004
13,118,-195.121801,-0.000003
13,119,-195.121806,-0.000007
14,15,-195.121588,-0.000011
14,16,-195.121645,0.000000
14,17,-195.121636,0.000001
14,18,-195.121758,-0.000015
14,21,-195.124320,-0.000109
14,22,-195.121776,-0.000061
14,23,-195.121607,-0.000028
14,24,-195.121826,-0.000018
14,25,-195.121739,-0.000093
14,26,-195.121837,-0.000183
14,27,-195.121612,-0.000043
14,28,-195.121770,-0.000044
14,29,-195.121653,-0.000064
14,30,-195.121685,-0.000106
14,31,-195.122459,-0.000126
14,32,-195.121792,-0.000187
14,33,-195.121749,-0.000022
14,34,-195.121806,-0.000229
14,35,-195.121698,-0.000017
14,36,-195.121728,-0.000154
14,37,-195.121867,-0.000269
14,38,-195.121712,-0.000068
14,39,-195.121847,-0.000047
14,40,-195.122087,-0.000075
14,41,-195.122693,-0.000092
14,42,-195.122088,-0.000164
14,43,-195.121896,-0.000048
14,44,-195.124036,-0.000072
14,45,-195.122474,-0.000107
14,46,-195.122191,-0.000056
14,47,-195.121674,-0.000100
14,48,-195.121829,-0.000235
14,49,-195.121927,-0.000075
14,50,-195.121670,-0.000092
14,51,-195.121604,-0.000033
14,52,-195.121639,-0.000067
14,53,-195.121758,-0.000100
14,54,-195.121635,-0.000042
14,55,-195.121639,-0.000065
14,56,-195.121692,-0.000106
14,57,-195.121710,-0.000057
14,58,-195.121629,-0.000016
14,59,-195.121681,-0.000101
14,60,-195.121724,-0.000030
14,61,-195.121792,-0.000030
14,62,-195.121683,-0.000057
14,63,-195.121718,-0.000057
14,64,-195.121689,-0.000041
14,65,-195.121629,-0.000018
14,66,-195.121632,-0.000029
14,67,-195.121608,-0.000036
14,68,-195.121594,-0.000014
14,69,-195.121589,-0.000013
14,70,-195.121578,-0.000006
14,71,-195.121599,-0.000024
14,72,-195.121594,-0.000011
14,73,-195.121622,-0.000053
14,74,-195.121648,-0.000024
14,75,-195.121669,-0.000035
14,76,-195.121663,-0.000093
14,77,-195.121583,-0.000007
14,78,-195.121754,-0.000056
14,79,-195.121636,-0.000047
14,80,-195.121606,-0.000037
14,81,-195.121592,-0.000023
14,82,-195.121615,-0.000039
14,83,-195.121595,-0.000011
14,84,-195.121588,-0.000018
14,85,-195.121594,-0.000007
14,86,-195.121592,-0.000019
14,87,-195.121585,-0.000006
14,88,-195.121578,-0.000007
14,89,-195.121584,-0.000012
14,90,-195.121577,-0.000003
14,91,-195.121584,-0.000011
14,92,-195.121588,-0.000005
14,93,-195.121579,-0.000009
14,94,-195.121600,-0.000012
14,95,-195.121576,-0.000005
14,96,-195.121585,-0.000009
14,97,-195.121608,-0.000011
14,98,-195.121588,-0.000008
14,99,-195.121585,-0.000011
14,100,-195.121578,-0.000008
14,101,-195.121582,-0.000003
14,102,-195.121580,-0.000011
14,103,-195.121592,-0.000020
14,104,-195.121574,-0.000006
14,105,-195.121580,-0.000009
14,106,-195.121579,-0.000010
14,107,-195.121574,-0.000005
14,108,-195.121578,-0.000008
14,109,-195.121576,-0.000007
14,110,-195.121592,-0.000024
14,111,-195.121578,-0.000008
14,112,-195.121575,-0.000006
14,113,-195.121594,-0.000022
14,114,-195.121575,-0.000006
14,115,-195.121576,-0.000007
14,116,-195.121574,-0.000005
14,117,-195.121589,-0.000017
14,118,-195.121576,-0.000007
14,119,-195.121576,-0.000006
15,16,-195.121473,-0.000003
15,17,-195.121463,-0.000001
15,18,-195.121568,-0.000000
15,21,-195.124056,-0.000019
15,22,-195.121582,-0.000041
15,23,-195.121458,-0.000053
15,24,-195.121651,-0.000017
15,25,-195.121484,-0.000013
15,26,-195.121521,-0.000042
15,27,-195.121489,-0.000094
15,28,-195.121594,-0.000043
15,29,-195.121454,-0.000040
15,30,-195.121472,-0.000068
15,31,-195.122234,-0.000075
15,32,-195.121502,-0.000072
15,33,-195.121577,-0.000025
15,34,-195.121790,-0.000387
15,35,-195.121588,-0.000082
15,36,-195.121533,-0.000134
15,37,-195.121593,-0.000170
15,38,-195.121600,-0.000131
15,39,-195.121654,-0.000029
15,40,-195.121944,-0.000107
15,41,-195.122463,-0.000038
15,42,-195.121901,-0.000152
15,43,-195.121850,-0.000176
15,44,-195.123856,-0.000066
15,45,-195.122233,-0.000041
15,46,-195.122001,-0.000040
15,47,-195.121478,-0.000079
15,48,-195.121640,-0.000222
15,49,-195.121778,-0.000101
15,50,-195.121432,-0.000028
15,51,-195.121435,-0.000039
15,52,-195.121466,-0.000068
15,53,-195.121511,-0.000028
15,54,-195.121710,-0.000291
15,55,-195.121475,-0.000077
15,56,-195.121728,-0.000316
15,57,-195.121610,-0.000132
15,58,-195.121460,-0.000022
15,59,-195.121475,-0.000069
15,60,-195.121566,-0.000047
15,61,-195.121627,-0.000040
15,62,-195.121495,-0.000044
15,63,-195.121514,-0.000028
15,64,-195.121536,-0.000063
15,65,-195.121464,-0.000028
15,66,-195.121455,-0.000026
15,67,-195.121437,-0.000040
15,68,-195.121465,-0.000060
15,69,-195.121417,-0.000016
15,70,-195.121408,-0.000011
15,71,-195.121418,-0.000018
15,72,-195.121415,-0.000008
15,73,-195.121463,-0.000069
15,74,-195.121469,-0.000020
15,75,-195.121479,-0.000020
15,76,-195.121411,-0.000015
15,77,-195.121423,-0.000022
15,78,-195.121561,-0.000039
15,79,-195.121470,-0.000056
15,80,-195.121419,-0.000025
15,81,-195.121438,-0.000044
15,82,-195.121435,-0.000034
15,83,-195.121428,-0.000018
15,84,-195.121416,-0.000020
15,85,-195.121422,-0.000009
15,86,-195.121427,-0.000030
15,87,-195.121413,-0.000009
15,88,-195.121409,-0.000014
15,89,-195.121408,-0.000011
15,90,-195.121404,-0.000005
15,91,-195.121408,-0.000009
15,92,-195.121414,-0.000006
15,93,-195.121406,-0.000011
15,94,-195.121421,-0.000008
15,95,-195.121403,-0.000007
15,96,-195.121408,-0.000007
15,97,-195.121445,-0.000022
15,98,-195.121427,-0.000022
15,99,-195.121409,-0.000009
15,100,-195.121408,-0.000012
15,101,-195.121416,-0.000013
15,102,-195.121401,-0.000006
15,103,-195.121409,-0.000012
15,104,-195.121406,-0.000012
15,105,-195.121401,-0.000005
15,106,-195.121412,-0.000018
15,107,-195.121399,-0.000005
15,108,-195.121403,-0.000008
15,109,-195.121403,-0.000008
15,110,-195.121421,-0.000027
15,111,-195.121404,-0.000009
15,112,-195.121408,-0.000014
15,113,-195.121409,-0.000012
15,114,-195.121399,-0.000005
15,115,-195.121400,-0.000005
15,116,-195.121402,-0.000008
15,117,-195.121408,-0.000011
15,118,-195.121403,-0.000009
15,119,-195.121401,-0.000006
16,17,-195.121539,-0.000009
16,18,-195.121636,0.000000
16,21,-195.124178,-0.000073
16,22,-195.121667,-0.000058
16,23,-195.121485,-0.000012
16,24,-195.121745,-0.000043
16,25,-195.121592,-0.000053
16,26,-195.121601,-0.000053
16,27,-195.121579,-0.000116
16,28,-195.121646,-0.000027
16,29,-195.121512,-0.000029
16,30,-195.121485,-0.000012
16,31,-195.122370,-0.000143
16,32,-195.121585,-0.000087
16,33,-195.121668,-0.000047
16,34,-195.121511,-0.000041
16,35,-195.121677,-0.000103
16,36,-195.121602,-0.000135
16,37,-195.121807,-0.000316
16,38,-195.121638,-0.000100
16,39,-195.121740,-0.000046
16,40,-195.121987,-0.000082
16,41,-195.122526,-0.000032
16,42,-195.121875,-0.000058
16,43,-195.121794,-0.000053
16,44,-195.123951,-0.000093
16,45,-195.122291,-0.000031
16,46,-195.122045,-0.000016
16,47,-195.121582,-0.000114
16,48,-195.121536,-0.000049
16,49,-195.121902,-0.000156
16,50,-195.121629,-0.000157
16,51,-195.121478,-0.000013
16,52,-195.121565,-0.000100
16,53,-195.121581,-0.000029
16,54,-195.121535,-0.000048
16,55,-195.121547,-0.000080
16,56,-195.121491,-0.000011
16,57,-195.121591,-0.000045
16,58,-195.121556,-0.000050
16,59,-195.121534,-0.000060
16,60,-195.121663,-0.000075
16,61,-195.121678,-0.000022
16,62,-195.121531,-0.000011
16,63,-195.121571,-0.000017
16,64,-195.121553,-0.000011
16,65,-195.121524,-0.000019
16,66,-195.121543,-0.000046
16,67,-195.121485,-0.000021
16,68,-195.121492,-0.000019
16,69,-195.121484,-0.000015
16,70,-195.121477,-0.000012
16,71,-195.121517,-0.000048
16,72,-195.121496,-0.000020
16,73,-195.121539,-0.000077
16,74,-195.121531,-0.000014
16,75,-195.121536,-0.000009
16,76,-195.121496,-0.000032
16,77,-195.121484,-0.000015
16,78,-195.121616,-0.000025
16,79,-195.121515,-0.000033
16,80,-195.121507,-0.000044
16,81,-195.121515,-0.000053
16,82,-195.121504,-0.000035
16,83,-195.121486,-0.000008
16,84,-195.121480,-0.000016
16,85,-195.121486,-0.000005
16,86,-195.121486,-0.000020
16,87,-195.121478,-0.000006
16,88,-195.121472,-0.000008
16,89,-195.121482,-0.000016
16,90,-195.121477,-0.000009
16,91,-195.121485,-0.000018
16,92,-195.121487,-0.000011
16,93,-195.121477,-0.000014
16,94,-195.121491,-0.000010
16,95,-195.121472,-0.000008
16,96,-195.121483,-0.000014
16,97,-195.121494,-0.000004
16,98,-195.121483,-0.000010
16,99,-195.121475,-0.000007
16,100,-195.121474,-0.000010
16,101,-195.121478,-0.000006
16,102,-195.121477,-0.000014
16,103,-195.121473,-0.000008
16,104,-195.121471,-0.000009
16,105,-195.121469,-0.000005
16,106,-195.121466,-0.000004
16,107,-195.121472,-0.000010
16,108,-195.121473,-0.000010
16,109,-195.121475,-0.000012
16,110,-195.121492,-0.000030
16,111,-195.121468,-0.000005
16,112,-195.121472,-0.000010
16,113,-195.121477,-0.000012
16,114,-195.121498,-0.000036
16,115,-195.121475,-0.000012
16,116,-195.121469,-0.000007
16,117,-195.121470,-0.000005
16,118,-195.121465,-0.000002
16,119,-195.121466,-0.000003
17,18,-195.121631,-0.000003
17,21,-195.124226,-0.000130
17,22,-195.121734,-0.000133
17,23,-195.121480,-0.000015
17,24,-195.121710,-0.000016
17,25,-195.121552,-0.000021
17,26,-195.121564,-0.000024
17,27,-195.121478,-0.000023
17,28,-195.121669,-0.000058
17,29,-195.121496,-0.000021
17,30,-195.121517,-0.000052
17,31,-195.122351,-0.000133
17,32,-195.121727,-0.000236
17,33,-195.121788,-0.000175
17,34,-195.121513,-0.000051
17,35,-195.121645,-0.000079
17,36,-195.121564,-0.000105
17,37,-195.121894,-0.000411
17,38,-195.121860,-0.000331
17,39,-195.121893,-0.000208
17,40,-195.122044,-0.000147
17,41,-195.122570,-0.000085
17,42,-195.121836,-0.000028
17,43,-195.121861,-0.000128
17,44,-195.124008,-0.000159
17,45,-195.122359,-0.000107
17,46,-195.122051,-0.000031
17,47,-195.121537,-0.000078
17,48,-195.121502,-0.000024
17,49,-195.121766,-0.000029
17,50,-195.121517,-0.000054
17,51,-195.121512,-0.000056
17,52,-195.121555,-0.000097
17,53,-195.121635,-0.000092
17,54,-195.121613,-0.000134
17,55,-195.121493,-0.000034
17,56,-195.121576,-0.000104
17,57,-195.121662,-0.000124
17,58,-195.121558,-0.000060
17,59,-195.121503,-0.000037
17,60,-195.121705,-0.000126
17,61,-195.121661,-0.000013
17,62,-195.121529,-0.000018
17,63,-195.121567,-0.000021
17,64,-195.121552,-0.000019
17,65,-195.121537,-0.000040
17,66,-195.121517,-0.000028
17,67,-195.121481,-0.000025
17,68,-195.121500,-0.000035
17,69,-195.121507,-0.000045
17,70,-195.121475,-0.000017
17,71,-195.121487,-0.000026
17,72,-195.121485,-0.000017
17,73,-195.121457,-0.000002
17,74,-195.121535,-0.000026
17,75,-195.121537,-0.000019
17,76,-195.121495,-0.000039
17,77,-195.121514,-0.000052
17,78,-195.121630,-0.000047
17,79,-195.121531,-0.000057
17,80,-195.121467,-0.000012
17,81,-195.121476,-0.000022
17,82,-195.121483,-0.000022
17,83,-195.121495,-0.000026
17,84,-195.121475,-0.000019
17,85,-195.121485,-0.000013
17,86,-195.121476,-0.000018
17,87,-195.121477,-0.000013
17,88,-195.121469,-0.000014
17,89,-195.121484,-0.000026
17,90,-195.121469,-0.000010
17,91,-195.121481,-0.000022
17,92,-195.121480,-0.000012
17,93,-195.121468,-0.000013
17,94,-195.121493,-0.000019
17,95,-195.121483,-0.000026
17,96,-195.121473,-0.000013
17,97,-195.121487,-0.000005
17,98,-195.121476,-0.000011
17,99,-195.121474,-0.000014
17,100,-195.121465,-0.000010
17,101,-195.121469,-0.000005
17,102,-195.121464,-0.000009
17,103,-195.121469,-0.000013
17,104,-195.121462,-0.000008
17,105,-195.121461,-0.000005
17,106,-195.121461,-0.000007
17,107,-195.121478,-0.000023
17,108,-195.121470,-0.000015
17,109,-195.121470,-0.000015
17,110,-195.121457,-0.000003
17,111,-195.121459,-0.000004
17,112,-195.121466,-0.000012
17,113,-195.121471,-0.000014
17,114,-195.121458,-0.000004
17,115,-195.121463,-0.000009
17,116,-195.121463,-0.000009
17,117,-195.121462,-0.000005
17,118,-195.121464,-0.000010
17,119,-195.121465,-0.000009
18,21,-195.124283,-0.000081
18,22,-195.121759,-0.000052
18,23,-195.121588,-0.000016
18,24,-195.122037,-0.000237
18,25,-195.121661,-0.000024
18,26,-195.121661,-0.000015
18,27,-195.121611,-0.000050
18,28,-195.121811,-0.000094
18,29,-195.121639,-0.000058
18,30,-195.121673,-0.000102
18,31,-195.122399,-0.000075
18,32,-195.121649,-0.000053
18,33,-195.121776,-0.000058
18,34,-195.121606,-0.000037
18,35,-195.121712,-0.000040
18,36,-195.121726,-0.000161
18,37,-195.121666,-0.000076
18,38,-195.121996,-0.000361
18,39,-195.122170,-0.000379
18,40,-195.122048,-0.000046
18,41,-195.122616,-0.000024
18,42,-195.121951,-0.000036
18,43,-195.122019,-0.000180
18,44,-195.124090,-0.000134
18,45,-195.122434,-0.000076
18,46,-195.122218,-0.000091
18,47,-195.121591,-0.000025
18,48,-195.121621,-0.000036
18,49,-195.121887,-0.000044
18,50,-195.121580,-0.000011
18,51,-195.121853,-0.000291
18,52,-195.121686,-0.000123
18,53,-195.121748,-0.000099
18,54,-195.121629,-0.000045
18,55,-195.121639,-0.000074
18,56,-195.121629,-0.000051
18,57,-195.121734,-0.000090
18,58,-195.121624,-0.000020
18,59,-195.121694,-0.000122
18,60,-195.121743,-0.000057
18,61,-195.121776,-0.000022
18,62,-195.121624,-0.000006
18,63,-195.121662,-0.000010
18,64,-195.121653,-0.000014
18,65,-195.121622,-0.000020
18,66,-195.121609,-0.000014
18,67,-195.121661,-0.000098
18,68,-195.121606,-0.000035
18,69,-195.121594,-0.000026
18,70,-195.121685,-0.000121
18,71,-195.121582,-0.000015
18,72,-195.121598,-0.000024
18,73,-195.121567,-0.000007
18,74,-195.121628,-0.000013
18,75,-195.121643,-0.000018
18,76,-195.121567,-0.000005
18,77,-195.121596,-0.000028
18,78,-195.121695,-0.000006
18,79,-195.121592,-0.000012
18,80,-195.121579,-0.000018
18,81,-195.121567,-0.000007
18,82,-195.121575,-0.000008
18,83,-195.121591,-0.000015
18,84,-195.121591,-0.000029
18,85,-195.121590,-0.000011
18,86,-195.121594,-0.000030
18,87,-195.121595,-0.000024
18,88,-195.121603,-0.000041
18,89,-195.121593,-0.000029
18,90,-195.121614,-0.000049
18,91,-195.121581,-0.000015
18,92,-195.121595,-0.000022
18,93,-195.121579,-0.000018
18,94,-195.121590,-0.000011
18,95,-195.121578,-0.000016
18,96,-195.121571,-0.000005
18,97,-195.121592,-0.000004
18,98,-195.121582,-0.000011
18,99,-195.121574,-0.000009
18,100,-195.121576,-0.000014
18,101,-195.121587,-0.000017
18,102,-195.121575,-0.000014
18,103,-195.121564,-0.000002
18,104,-195.121583,-0.000023
18,105,-195.121566,-0.000004
18,106,-195.121574,-0.000014
18,107,-195.121581,-0.000020
18,108,-195.121569,-0.000008
18,109,-195.121572,-0.000011
18,110,-195.121563,-0.000003
18,111,-195.121586,-0.000025
18,112,-195.121571,-0.000010
18,113,-195.121566,-0.000003
18,114,-195.121572,-0.000012
18,115,-195.121571,-0.000011
18,116,-195.121573,-0.000013
18,117,-195.121570,-0.000007
18,118,-195.121575,-0.000014
18,119,-195.121564,-0.000003
21,22,-195.124214,-0.000039
21,23,-195.124043,-0.000004
21,24,-195.124291,-0.000022
21,25,-195.124135,-0.000030
21,26,-195.124114,-0.000000
21,27,-195.124030,-0.000000
21,28,-195.124237,-0.000052
21,29,-195.124051,-0.000002
21,30,-195.124042,-0.000003
21,31,-195.124870,-0.000078
21,32,-195.124065,-0.000001
21,33,-195.124179,0.000007
21,34,-195.124037,-0.000001
21,35,-195.124156,-0.000016
21,36,-195.124034,-0.000001
21,37,-195.124058,-0.000000
21,38,-195.124097,0.000007
21,39,-195.124250,0.000009
21,40,-195.124455,0.000016
21,41,-195.125055,0.000005
21,42,-195.124370,0.000013
21,43,-195.124346,-0.000038
21,44,-195.126625,-0.000201
21,45,-195.124895,-0.000068
21,46,-195.124672,-0.000077
21,47,-195.124033,0.000001
21,48,-195.124055,-0.000002
21,49,-195.124342,-0.000030
21,50,-195.124038,-0.000000
21,51,-195.124030,0.000000
21,52,-195.124035,-0.000004
21,53,-195.124118,-0.000001
21,54,-195.124050,0.000002
21,55,-195.124032,0.000001
21,56,-195.124046,-0.000000
21,57,-195.124128,-0.000016
21,58,-195.124070,0.000002
21,59,-195.124044,-0.000004
21,60,-195.124163,-0.000009
21,61,-195.124221,0.000002
21,62,-195.124081,0.000004
21,63,-195.124122,-0.000002
21,64,-195.124109,-0.000002
21,65,-195.124071,-0.000001
21,66,-195.124063,0.000000
21,67,-195.124032,-0.000001
21,68,-195.124041,-0.000002
21,69,-195.124036,-0.000000
21,70,-195.124031,0.000000
21,71,-195.124035,0.000000
21,72,-195.124042,-0.000000
21,73,-195.124029,-0.000000
21,74,-195.124086,-0.000003
21,75,-195.124095,-0.000002
21,76,-195.124030,0.000000
21,77,-195.124036,0.000000
21,78,-195.124175,-0.000017
21,79,-195.124050,-0.000002
21,80,-195.124029,-0.000000
21,81,-195.124028,0.000000
21,82,-195.124036,-0.000001
21,83,-195.124043,0.000001
21,84,-195.124031,-0.000000
21,85,-195.124047,-0.000001
21,86,-195.124032,0.000000
21,87,-195.124038,0.000000
21,88,-195.124030,-0.000000
21,89,-195.124032,-0.000000
21,90,-195.124034,-0.000000
21,91,-195.124033,0.000000
21,92,-195.124044,-0.000002
21,93,-195.124029,-0.000000
21,94,-195.124049,-0.000001
21,95,-195.124030,0.000000
21,96,-195.124034,0.000000
21,97,-195.124057,-0.000001
21,98,-195.124040,-0.000001
21,99,-195.124034,-0.000001
21,100,-195.124030,-0.000000
21,101,-195.124039,-0.000001
21,102,-195.124029,-0.000000
21,103,-195.124031,0.000000
21,104,-195.124028,0.000000
21,105,-195.124030,0.000000
21,106,-195.124028,-0.000000
21,107,-195.124029,-0.000000
21,108,-195.124030,-0.000000
21,109,-195.124029,-0.000000
21,110,-195.124028,-0.000000
21,111,-195.124029,-0.000000
21,112,-195.124029,-0.000000
21,113,-195.124031,0.000000
21,114,-195.124028,-0.000000
21,115,-195.124029,-0.000000
21,116,-195.124028,-0.000000
21,117,-195.124031,0.000000
21,118,-195.124029,0.000000
21,119,-195.124030,0.000000
22,23,-195.121543,-0.000000
22,24,-195.121770,0.000003
22,25,-195.121607,0.000002
22,26,-195.121608,0.000010
22,27,-195.121534,-0.000000
22,28,-195.121693,-0.000003
22,29,-195.121552,0.000001
22,30,-195.121544,-0.000001
22,31,-195.122304,-0.000007
22,32,-195.121569,0.000000
22,33,-195.121690,0.000001
22,34,-195.121541,-0.000001
22,35,-195.121644,-0.000000
22,36,-195.121538,-0.000000
22,37,-195.121565,-0.000004
22,38,-195.121603,0.000004
22,39,-195.121763,0.000000
22,40,-195.121979,-0.000004
22,41,-195.122576,-0.000012
22,42,-195.121886,0.000001
22,43,-195.121810,0.000002
22,44,-195.123964,-0.000036
22,45,-195.122323,0.000007
22,46,-195.122101,-0.000002
22,47,-195.121538,0.000000
22,48,-195.121559,-0.000002
22,49,-195.121821,-0.000005
22,50,-195.121542,0.000000
22,51,-195.121535,-0.000000
22,52,-195.121536,-0.000000
22,53,-195.121618,0.000003
22,54,-195.121557,-0.000000
22,55,-195.121537,-0.000000
22,56,-195.121550,-0.000000
22,57,-195.121617,-0.000001
22,58,-195.121577,-0.000001
22,59,-195.121545,-0.000000
22,60,-195.121657,0.000000
22,61,-195.121727,-0.000000
22,62,-195.121589,0.000000
22,63,-195.121624,0.000000
22,64,-195.121612,-0.000000
22,65,-195.121574,0.000000
22,66,-195.121568,-0.000000
22,67,-195.121535,-0.000000
22,68,-195.121543,-0.000000
22,69,-195.121540,-0.000000
22,70,-195.121536,0.000000
22,71,-195.121539,-0.000000
22,72,-195.121546,-0.000000
22,73,-195.121533,0.000000
22,74,-195.121587,0.000000
22,75,-195.121597,0.000000
22,76,-195.121534,-0.000000
22,77,-195.121540,0.000000
22,78,-195.121665,-0.000003
22,79,-195.121552,0.000000
22,80,-195.121533,-0.000000
22,81,-195.121533,-0.000000
22,82,-195.121539,0.000000
22,83,-195.121549,-0.000001
22,84,-195.121534,0.000000
22,85,-195.121551,-0.000000
22,86,-195.121536,-0.000000
22,87,-195.121543,-0.000001
22,88,-195.121534,0.000000
22,89,-195.121536,-0.000000
22,90,-195.121538,-0.000000
22,91,-195.121538,0.000000
22,92,-195.121546,-0.000000
22,93,-195.121533,-0.000000
22,94,-195.121552,-0.000000
22,95,-195.121535,-0.000000
22,96,-195.121539,-0.000000
22,97,-195.121562,-0.000001
22,98,-195.121544,-0.000001
22,99,-195.121538,-0.000000
22,100,-195.121534,-0.000000
22,101,-195.121543,-0.000000
22,102,-195.121533,-0.000000
22,103,-195.121535,-0.000000
22,104,-195.121532,-0.000000
22,105,-195.121535,-0.000000
22,106,-195.121533,-0.000000
22,107,-195.121533,-0.000000
22,108,-195.121534,-0.000000
22,109,-195.121533,-0.000000
22,110,-195.121532,-0.000000
22,111,-195.121533,-0.000000
22,112,-195.121533,-0.000000
22,113,-195.121536,-0.000000
22,114,-195.121532,-0.000000
22,115,-195.121533,-0.000000
22,116,-195.121532,-0.000000
22,117,-195.121535,-0.000000
22,118,-195.121533,-0.000000
22,119,-195.121534,-0.000000
23,24,-195.121637,-0.000001
23,25,-195.121480,-0.000006
23,26,-195.121482,0.000000
23,27,-195.121398,-0.000000
23,28,-195.121554,-0.000000
23,29,-195.121417,-0.000000
23,30,-195.121408,-0.000001
23,31,-195.122161,0.000000
23,32,-195.121433,0.000000
23,33,-195.121555,0.000000
23,34,-195.121405,0.000000
23,35,-195.121509,-0.000000
23,36,-195.121403,-0.000001
23,37,-195.121426,0.000000
23,38,-195.121473,-0.000001
23,39,-195.121628,0.000000
23,40,-195.121843,-0.000004
23,41,-195.122431,-0.000003
23,42,-195.121757,-0.000005
23,43,-195.121678,-0.000002
23,44,-195.123795,-0.000002
23,45,-195.122196,-0.000001
23,46,-195.121963,0.000001
23,47,-195.121403,-0.000001
23,48,-195.121422,-0.000000
23,49,-195.121680,0.000000
23,50,-195.121406,0.000000
23,51,-195.121401,-0.000002
23,52,-195.121400,0.000000
23,53,-195.121487,-0.000001
23,54,-195.121422,-0.000000
23,55,-195.121402,-0.000000
23,56,-195.121417,-0.000002
23,57,-195.121482,-0.000002
23,58,-195.121443,-0.000002
23,59,-195.121409,0.000000
23,60,-195.121522,0.000000
23,61,-195.121591,-0.000000
23,62,-195.121454,0.000000
23,63,-195.121489,0.000000
23,64,-195.121476,0.000000
23,65,-195.121439,-0.000000
23,66,-195.121432,-0.000001
23,67,-195.121400,-0.000000
23,68,-195.121408,-0.000000
23,69,-195.121405,-0.000001
23,70,-195.121401,-0.000001
23,71,-195.121406,-0.000002
23,72,-195.121412,-0.000002
23,73,-195.121397,-0.000000
23,74,-195.121452,-0.000000
23,75,-195.121463,-0.000001
23,76,-195.121399,0.000000
23,77,-195.121411,-0.000006
23,78,-195.121526,-0.000000
23,79,-195.121417,-0.000000
23,80,-195.121397,-0.000000
23,81,-195.121397,-0.000000
23,82,-195.121404,-0.000000
23,83,-195.121415,-0.000002
23,84,-195.121400,-0.000001
23,85,-195.121416,-0.000001
23,86,-195.121403,-0.000002
23,87,-195.121407,0.000000
23,88,-195.121399,-0.000001
23,89,-195.121401,-0.000000
23,90,-195.121403,-0.000001
23,91,-195.121402,-0.000000
23,92,-195.121411,-0.000001
23,93,-195.121398,-0.000000
23,94,-195.121417,-0.000001
23,95,-195.121399,-0.000000
23,96,-195.121403,-0.000000
23,97,-195.121427,-0.000002
23,98,-195.121408,-0.000000
23,99,-195.121402,-0.000000
23,100,-195.121399,-0.000000
23,101,-195.121407,-0.000000
23,102,-195.121398,-0.000000
23,103,-195.121400,-0.000000
23,104,-195.121397,-0.000000
23,105,-195.121399,-0.000000
23,106,-195.121397,-0.000000
23,107,-195.121397,0.000000
23,108,-195.121398,-0.000000
23,109,-195.121398,0.000000
23,110,-195.121397,-0.000000
23,111,-195.121398,-0.000000
23,112,-195.121397,-0.000000
23,113,-195.121400,-0.000001
23,114,-195.121397,-0.000000
23,115,-195.121397,-0.000000
23,116,-195.121397,-0.000000
23,117,-195.121399,0.000000
23,118,-195.121397,-0.000000
23,119,-195.121398,-0.000000
24,25,-195.121706,-0.000003
24,26,-195.121718,-0.000006
24,27,-195.121628,-0.000001
24,28,-195.121782,0.000001
24,29,-195.121647,-0.000001
24,30,-195.121636,0.000001
24,31,-195.122386,0.000005
24,32,-195.121664,-0.000002
24,33,-195.121787,-0.000002
24,34,-195.121634,-0.000000
24,35,-195.121737,0.000000
24,36,-195.121632,-0.000001
24,37,-195.121656,-0.000001
24,38,-195.121702,-0.000001
24,39,-195.121862,-0.000005
24,40,-195.122074,-0.000005
24,41,-195.122679,-0.000022
24,42,-195.121996,-0.000015
24,43,-195.121906,-0.000001
24,44,-195.124048,-0.000027
24,45,-195.122435,-0.000011
24,46,-195.122188,0.000004
24,47,-195.121632,-0.000001
24,48,-195.121651,0.000000
24,49,-195.121905,0.000004
24,50,-195.121636,-0.000000
24,51,-195.121628,0.000000
24,52,-195.121630,-0.000001
24,53,-195.121713,0.000002
24,54,-195.121650,0.000000
24,55,-195.121631,0.000000
24,56,-195.121644,-0.000000
24,57,-195.121710,0.000000
24,58,-195.121671,-0.000001
24,59,-195.121638,-0.000000
24,60,-195.121751,-0.000000
24,61,-195.121820,0.000000
24,62,-195.121683,0.000001
24,63,-195.121718,-0.000000
24,64,-195.121705,0.000000
24,65,-195.121669,-0.000001
24,66,-195.121661,-0.000000
24,67,-195.121629,-0.000000
24,68,-195.121637,-0.000000
24,69,-195.121634,-0.000000
24,70,-195.121629,0.000000
24,71,-195.121633,-0.000000
24,72,-195.121640,0.000000
24,73,-195.121626,-0.000000
24,74,-195.121681,-0.000000
24,75,-195.121692,-0.000001
24,76,-195.121628,0.000000
24,77,-195.121634,-0.000000
24,78,-195.121756,-0.000001
24,79,-195.121646,-0.000000
24,80,-195.121626,-0.000000
24,81,-195.121626,-0.000000
24,82,-195.121633,-0.000000
24,83,-195.121642,0.000000
24,84,-195.121628,-0.000000
24,85,-195.121644,-0.000000
24,86,-195.121629,0.000000
24,87,-195.121636,-0.000000
24,88,-195.121628,-0.000000
24,89,-195.121630,-0.000000
24,90,-195.121631,-0.000000
24,91,-195.121631,-0.000000
24,92,-195.121640,-0.000000
24,93,-195.121627,-0.000000
24,94,-195.121645,-0.000000
24,95,-195.121628,-0.000000
24,96,-195.121632,0.000000
24,97,-195.121654,0.000000
24,98,-195.121637,-0.000000
24,99,-195.121631,-0.000000
24,100,-195.121628,-0.000000
24,101,-195.121636,-0.000000
24,102,-195.121627,-0.000000
24,103,-195.121629,0.000000
24,104,-195.121626,0.000000
24,105,-195.121628,-0.000000
24,106,-195.121626,-0.000000
24,107,-195.121626,-0.000000
24,108,-195.121627,-0.000000
24,109,-195.121627,-0.000000
24,110,-195.121626,-0.000000
24,111,-195.121627,-0.000000
24,112,-195.121626,-0.000000
24,113,-195.121629,-0.000000
24,114,-195.121626,0.000000
24,115,-195.121626,-0.000000
24,116,-195.121626,-0.000000
24,117,-195.121628,0.000000
24,118,-195.121626,-0.000000
24,119,-195.121627,0.000000
25,26,-195.121550,-0.000002
25,27,-195.121465,-0.000000
25,28,-195.121619,0.000001
25,29,-195.121484,0.000000
25,30,-195.121474,-0.000000
25,31,-195.122227,0.000000
25,32,-195.121501,-0.000001
25,33,-195.121624,-0.000002
25,34,-195.121474,-0.000003
25,35,-195.121573,0.000001
25,36,-195.121468,-0.000000
25,37,-195.121494,-0.000001
25,38,-195.121544,-0.000006
25,39,-195.121701,-0.000007
25,40,-195.121910,-0.000004
25,41,-195.122500,-0.000005
25,42,-195.121846,-0.000028
25,43,-195.121742,0.000001
25,44,-195.123869,-0.000011
25,45,-195.122270,-0.000009
25,46,-195.122037,-0.000007
25,47,-195.121470,-0.000001
25,48,-195.121487,0.000001
25,49,-195.121742,0.000004
25,50,-195.121473,-0.000001
25,51,-195.121466,-0.000001
25,52,-195.121467,-0.000000
25,53,-195.121555,-0.000002
25,54,-195.121487,0.000000
25,55,-195.121468,0.000000
25,56,-195.121482,-0.000001
25,57,-195.121547,0.000001
25,58,-195.121508,-0.000001
25,59,-195.121476,-0.000000
25,60,-195.121589,-0.000000
25,61,-195.121657,0.000000
25,62,-195.121520,0.000000
25,63,-195.121555,-0.000000
25,64,-195.121543,0.000000
25,65,-195.121507,-0.000001
25,66,-195.121501,-0.000003
25,67,-195.121466,0.000000
25,68,-195.121475,-0.000001
25,69,-195.121472,-0.000001
25,70,-195.121467,-0.000001
25,71,-195.121472,-0.000002
25,72,-195.121477,0.000000
25,73,-195.121464,-0.000000
25,74,-195.121519,-0.000001
25,75,-195.121529,-0.000001
25,76,-195.121465,-0.000000
25,77,-195.121473,-0.000002
25,78,-195.121594,-0.000001
25,79,-195.121483,-0.000000
25,80,-195.121464,-0.000000
25,81,-195.121463,0.000000
25,82,-195.121471,-0.000000
25,83,-195.121479,-0.000000
25,84,-195.121465,0.000000
25,85,-195.121482,-0.000000
25,86,-195.121468,-0.000001
25,87,-195.121474,-0.000000
25,88,-195.121465,-0.000000
25,89,-195.121467,0.000000
25,90,-195.121470,-0.000001
25,91,-195.121468,0.000000
25,92,-195.121478,-0.000001
25,93,-195.121464,-0.000000
25,94,-195.121484,-0.000001
25,95,-195.121465,-0.000000
25,96,-195.121470,-0.000000
25,97,-195.121495,-0.000004
25,98,-195.121475,-0.000001
25,99,-195.121469,-0.000000
25,100,-195.121465,-0.000000
25,101,-195.121473,-0.000000
25,102,-195.121464,0.000000
25,103,-195.121466,0.000000
25,104,-195.121463,-0.000000
25,105,-195.121465,0.000000
25,106,-195.121463,0.000000
25,107,-195.121464,-0.000000
25,108,-195.121464,0.000000
25,109,-195.121464,-0.000000
25,110,-195.121463,0.000000
25,111,-195.121464,0.000000
25,112,-195.121463,-0.000000
25,113,-195.121466,-0.000000
25,114,-195.121463,-0.000000
25,115,-195.121464,-0.000000
25,116,-195.121463,-0.000000
25,117,-195.121466,-0.000000
25,118,-195.121464,-0.000000
25,119,-195.121465,-0.000000
26,27,-195.121473,-0.000000
26,28,-195.121621,0.000007
26,29,-195.121495,-0.000003
26,30,-195.121482,0.000000
26,31,-195.122244,-0.000008
26,32,-195.121508,-0.000000
26,33,-195.121632,-0.000002
26,34,-195.121481,-0.000001
26,35,-195.121583,0.000000
26,36,-195.121477,-0.000001
26,37,-195.121504,-0.000003
26,38,-195.121548,-0.000002
26,39,-195.121703,-0.000000
26,40,-195.121914,-0.000000
26,41,-195.122504,-0.000001
26,42,-195.121842,-0.000015
26,43,-195.121756,-0.000005
26,44,-195.123859,0.000008
26,45,-195.122293,-0.000023
26,46,-195.122038,0.000000
26,47,-195.121478,-0.000001
26,48,-195.121496,0.000001
26,49,-195.121752,0.000003
26,50,-195.121481,0.000000
26,51,-195.121474,0.000000
26,52,-195.121475,-0.000000
26,53,-195.121565,-0.000004
26,54,-195.121497,-0.000001
26,55,-195.121476,0.000000
26,56,-195.121489,0.000000
26,57,-195.121557,-0.000001
26,58,-195.121515,0.000001
26,59,-195.121484,-0.000000
26,60,-195.121597,-0.000000
26,61,-195.121665,0.000001
26,62,-195.121530,-0.000001
26,63,-195.121564,-0.000000
26,64,-195.121551,-0.000000
26,65,-195.121515,-0.000001
26,66,-195.121506,0.000000
26,67,-195.121474,-0.000000
26,68,-195.121482,-0.000000
26,69,-195.121479,-0.000000
26,70,-195.121475,-0.000000
26,71,-195.121478,-0.000000
26,72,-195.121485,-0.000000
26,73,-195.121472,-0.000000
26,74,-195.121526,0.000000
26,75,-195.121537,-0.000001
26,76,-195.121473,0.000000
26,77,-195.121480,-0.000000
26,78,-195.121600,0.000000
26,79,-195.121493,-0.000002
26,80,-195.121472,0.000000
26,81,-195.121472,-0.000000
26,82,-195.121479,-0.000000
26,83,-195.121488,-0.000000
26,84,-195.121474,-0.000000
26,85,-195.121490,-0.000000
26,86,-195.121476,-0.000001
26,87,-195.121482,-0.000001
26,88,-195.121473,0.000000
26,89,-195.121475,-0.000000
26,90,-195.121477,-0.000000
26,91,-195.121477,0.000000
26,92,-195.121486,-0.000000
26,93,-195.121473,-0.000000
26,94,-195.121491,-0.000000
26,95,-195.121474,0.000000
26,96,-195.121478,-0.000000
26,97,-195.121502,-0.000003
26,98,-195.121483,-0.000000
26,99,-195.121477,0.000000
26,100,-195.121473,-0.000000
26,101,-195.121482,-0.000000
26,102,-195.121472,-0.000000
26,103,-195.121475,-0.000000
26,104,-195.121472,-0.000000
26,105,-195.121474,-0.000000
26,106,-195.121472,0.000000
26,107,-195.121472,-0.000000
26,108,-195.121473,0.000000
26,109,-195.121473,-0.000000
26,110,-195.121471,-0.000000
26,111,-195.121473,-0.000000
26,112,-195.121472,-0.000000
26,113,-195.121475,-0.000000
26,114,-195.121471,-0.000000
26,115,-195.121472,-0.000000
26,116,-195.121472,-0.000000
26,117,-195.121474,-0.000000
26,118,-195.121472,-0.000000
26,119,-195.121473,-0.000000
27,28,-195.121544,-0.000000
27,29,-195.121408,-0.000000
27,30,-195.121398,-0.000000
27,31,-195.122152,-0.000000
27,32,-195.121423,-0.000000
27,33,-195.121545,-0.000000
27,34,-195.121395,-0.000000
27,35,-195.121499,-0.000000
27,36,-195.121392,-0.000000
27,37,-195.121417,-0.000001
27,38,-195.121462,-0.000000
27,39,-195.121623,-0.000004
27,40,-195.121830,-0.000000
27,41,-195.122429,-0.000011
27,42,-195.121742,-0.000001
27,43,-195.121667,-0.000000
27,44,-195.123784,-0.000001
27,45,-195.122186,-0.000000
27,46,-195.121954,-0.000000
27,47,-195.121393,0.000000
27,48,-195.121412,-0.000000
27,49,-195.121671,-0.000000
27,50,-195.121397,-0.000000
27,51,-195.121389,-0.000000
27,52,-195.121390,-0.000000
27,53,-195.121476,-0.000000
27,54,-195.121411,-0.000000
27,55,-195.121392,0.000000
27,56,-195.121405,-0.000000
27,57,-195.121472,-0.000001
27,58,-195.121431,-0.000000
27,59,-195.121399,-0.000000
27,60,-195.121513,-0.000000
27,61,-195.121581,-0.000000
27,62,-195.121444,0.000000
27,63,-195.121479,-0.000000
27,64,-195.121467,-0.000000
27,65,-195.121429,-0.000000
27,66,-195.121422,-0.000000
27,67,-195.121390,-0.000000
27,68,-195.121398,-0.000000
27,69,-195.121395,-0.000000
27,70,-195.121390,-0.000000
27,71,-195.121394,-0.000000
27,72,-195.121401,-0.000000
27,73,-195.121387,-0.000000
27,74,-195.121442,-0.000000
27,75,-195.121452,0.000000
27,76,-195.121389,-0.000000
27,77,-195.121395,0.000000
27,78,-195.121516,-0.000000
27,79,-195.121407,-0.000000
27,80,-195.121388,-0.000000
27,81,-195.121387,-0.000000
27,82,-195.121394,0.000000
27,83,-195.121403,-0.000000
27,84,-195.121389,0.000000
27,85,-195.121406,-0.000000
27,86,-195.121391,-0.000000
27,87,-195.121397,-0.000000
27,88,-195.121389,-0.000000
27,89,-195.121391,-0.000000
27,90,-195.121392,-0.000000
27,91,-195.121392,0.000000
27,92,-195.121401,0.000000
27,93,-195.121388,-0.000000
27,94,-195.121406,-0.000000
27,95,-195.121389,-0.000000
27,96,-195.121394,-0.000000
27,97,-195.121415,-0.000000
27,98,-195.121398,-0.000000
27,99,-195.121392,-0.000000
27,100,-195.121389,-0.000000
27,101,-195.121397,-0.000000
27,102,-195.121388,-0.000000
27,103,-195.121390,-0.000000
27,104,-195.121387,0.000000
27,105,-195.121389,-0.000000
27,106,-195.121387,0.000000
27,107,-195.121387,-0.000000
27,108,-195.121388,0.000000
27,109,-195.121388,-0.000000
27,110,-195.121387,-0.000000
27,111,-195.121388,-0.000000
27,112,-195.121387,-0.000000
27,113,-195.121390,-0.000000
27,114,-195.121387,0.000000
27,115,-195.121388,-0.000000
27,116,-195.121387,-0.000000
27,117,-195.121390,-0.000000
27,118,-195.121387,-0.000000
27,119,-195.121389,-0.000000
28,29,-195.121569,-0.000006
28,30,-195.121554,-0.000001
28,31,-195.122320,-0.000013
28,32,-195.121585,-0.000006
28,33,-195.121704,-0.000003
28,34,-195.121551,-0.000000
28,35,-195.121658,-0.000004
28,36,-195.121548,-0.000001
28,37,-195.121573,-0.000001
28,38,-195.121617,0.000001
28,39,-195.121783,-0.000009
28,40,-195.121994,-0.000009
28,41,-195.122575,-0.000001
28,42,-195.121897,0.000001
28,43,-195.121845,-0.000023
28,44,-195.123944,-0.000006
28,45,-195.122335,0.000006
28,46,-195.122108,0.000002
28,47,-195.121549,-0.000001
28,48,-195.121570,-0.000003
28,49,-195.121836,-0.000009
28,50,-195.121554,-0.000001
28,51,-195.121545,-0.000000
28,52,-195.121546,-0.000000
28,53,-195.121631,0.000001
28,54,-195.121568,-0.000001
28,55,-195.121548,0.000000
28,56,-195.121561,-0.000000
28,57,-195.121631,-0.000004
28,58,-195.121588,-0.000001
28,59,-195.121555,0.000000
28,60,-195.121675,-0.000007
28,61,-195.121737,-0.000000
28,62,-195.121600,-0.000000
28,63,-195.121635,0.000000
28,64,-195.121624,-0.000002
28,65,-195.121585,-0.000000
28,66,-195.121581,-0.000003
28,67,-195.121546,-0.000000
28,68,-195.121555,-0.000001
28,69,-195.121551,-0.000000
28,70,-195.121546,-0.000000
28,71,-195.121551,-0.000001
28,72,-195.121557,-0.000000
28,73,-195.121543,0.000000
28,74,-195.121598,0.000000
28,75,-195.121607,-0.000000
28,76,-195.121545,-0.000000
28,77,-195.121551,-0.000000
28,78,-195.121675,-0.000003
28,79,-195.121563,-0.000000
28,80,-195.121543,-0.000000
28,81,-195.121543,0.000000
28,82,-195.121550,-0.000000
28,83,-195.121560,-0.000002
28,84,-195.121545,-0.000000
28,85,-195.121561,-0.000000
28,86,-195.121546,0.000000
28,87,-195.121553,-0.000000
28,88,-195.121545,-0.000000
28,89,-195.121547,-0.000000
28,90,-195.121548,-0.000000
28,91,-195.121548,-0.000000
28,92,-195.121557,-0.000000
28,93,-195.121544,-0.000000
28,94,-195.121562,0.000000
28,95,-195.121545,-0.000000
28,96,-195.121549,-0.000000
28,97,-195.121572,-0.000001
28,98,-195.121554,-0.000000
28,99,-195.121548,-0.000000
28,100,-195.121545,-0.000000
28,101,-195.121553,-0.000000
28,102,-195.121544,0.000000
28,103,-195.121546,-0.000000
28,104,-195.121543,-0.000000
28,105,-195.121545,-0.000000
28,106,-195.121543,-0.000000
28,107,-195.121543,-0.000000
28,108,-195.121544,-0.000000
28,109,-195.121544,-0.000000
28,110,-195.121543,-0.000000
28,111,-195.121544,-0.000000
28,112,-195.121543,-0.000000
28,113,-195.121546,-0.000000
28,114,-195.121543,-0.000000
28,115,-195.121543,-0.000000
28,116,-195.121543,-0.000000
28,117,-195.121546,-0.000000
28,118,-195.121543,0.000000
28,119,-195.121544,0.000000
29,30,-195.121418,-0.000001
29,31,-195.122173,-0.000002
29,32,-195.121447,-0.000005
29,33,-195.121564,0.000000
29,34,-195.121416,-0.000002
29,35,-195.121517,0.000001
29,36,-195.121411,-0.000000
29,37,-195.121436,-0.000000
29,38,-195.121482,-0.000000
29,39,-195.121637,0.000000
29,40,-195.121848,0.000001
29,41,-195.122439,-0.000001
29,42,-195.121780,-0.000019
29,43,-195.121692,-0.000007
29,44,-195.123801,0.000001
29,45,-195.122208,-0.000003
29,46,-195.121970,0.000003
29,47,-195.121412,-0.000000
29,48,-195.121431,-0.000000
29,49,-195.121694,-0.000004
29,50,-195.121418,-0.000002
29,51,-195.121408,-0.000000
29,52,-195.121410,-0.000000
29,53,-195.121496,-0.000001
29,54,-195.121431,-0.000000
29,55,-195.121411,-0.000000
29,56,-195.121426,-0.000002
29,57,-195.121490,0.000000
29,58,-195.121450,-0.000000
29,59,-195.121419,-0.000000
29,60,-195.121532,-0.000000
29,61,-195.121600,0.000000
29,62,-195.121464,-0.000000
29,63,-195.121498,-0.000000
29,64,-195.121487,-0.000001
29,65,-195.121449,-0.000001
29,66,-195.121441,-0.000000
29,67,-195.121409,-0.000000
29,68,-195.121417,-0.000000
29,69,-195.121414,0.000000
29,70,-195.121410,-0.000000
29,71,-195.121413,0.000000
29,72,-195.121420,-0.000000
29,73,-195.121407,0.000000
29,74,-195.121461,0.000000
29,75,-195.121471,0.000000
29,76,-195.121409,-0.000000
29,77,-195.121414,-0.000000
29,78,-195.121536,-0.000000
29,79,-195.121426,-0.000000
29,80,-195.121407,-0.000000
29,81,-195.121406,-0.000000
29,82,-195.121414,-0.000000
29,83,-195.121425,-0.000003
29,84,-195.121408,-0.000000
29,85,-195.121425,-0.000000
29,86,-195.121410,-0.000000
29,87,-195.121417,-0.000000
29,88,-195.121408,-0.000000
29,89,-195.121410,-0.000000
29,90,-195.121412,-0.000000
29,91,-195.121412,-0.000000
29,92,-195.121420,-0.000000
29,93,-195.121407,-0.000000
29,94,-195.121426,-0.000000
29,95,-195.121409,0.000000
29,96,-195.121413,-0.000000
29,97,-195.121439,-0.000004
29,98,-195.121418,-0.000001
29,99,-195.121412,0.000000
29,100,-195.121408,-0.000000
29,101,-195.121416,-0.000000
29,102,-195.121407,-0.000000
29,103,-195.121409,-0.000000
29,104,-195.121406,-0.000000
29,105,-195.121409,-0.000000
29,106,-195.121407,-0.000000
29,107,-195.121407,-0.000000
29,108,-195.121408,-0.000000
29,109,-195.121407,-0.000000
29,110,-195.121406,-0.000000
29,111,-195.121407,-0.000000
29,112,-195.121407,-0.000000
29,113,-195.121410,-0.000000
29,114,-195.121406,-0.000000
29,115,-195.121407,-0.000000
29,116,-195.121406,-0.000000
29,117,-195.121410,-0.000001
29,118,-195.121407,-0.000000
29,119,-195.121408,-0.000000
30,31,-195.122160,0.000001
30,32,-195.121433,-0.000000
30,33,-195.121555,0.000000
30,34,-195.121406,-0.000001
30,35,-195.121508,0.000000
30,36,-195.121401,0.000000
30,37,-195.121430,-0.000004
30,38,-195.121472,-0.000001
30,39,-195.121629,-0.000001
30,40,-195.121840,-0.000001
30,41,-195.122431,-0.000003
30,42,-195.121752,-0.000001
30,43,-195.121676,-0.000000
30,44,-195.123798,-0.000006
30,45,-195.122192,0.000002
30,46,-195.121964,-0.000001
30,47,-195.121402,0.000000
30,48,-195.121421,-0.000000
30,49,-195.121682,-0.000002
30,50,-195.121407,-0.000000
30,51,-195.121398,0.000000
30,52,-195.121400,-0.000000
30,53,-195.121486,-0.000001
30,54,-195.121423,-0.000002
30,55,-195.121401,0.000000
30,56,-195.121414,0.000000
30,57,-195.121480,0.000000
30,58,-195.121441,-0.000001
30,59,-195.121409,-0.000000
30,60,-195.121522,-0.000001
30,61,-195.121592,-0.000002
30,62,-195.121454,0.000000
30,63,-195.121488,-0.000000
30,64,-195.121476,0.000000
30,65,-195.121439,-0.000000
30,66,-195.121431,-0.000000
30,67,-195.121399,-0.000000
30,68,-195.121407,0.000000
30,69,-195.121404,0.000000
30,70,-195.121400,0.000000
30,71,-195.121403,-0.000000
30,72,-195.121411,-0.000001
30,73,-195.121397,-0.000000
30,74,-195.121452,-0.000001
30,75,-195.121461,0.000000
30,76,-195.121398,-0.000000
30,77,-195.121405,-0.000000
30,78,-195.121526,-0.000000
30,79,-195.121416,-0.000000
30,80,-195.121397,-0.000000
30,81,-195.121397,-0.000000
30,82,-195.121404,0.000000
30,83,-195.121412,0.000000
30,84,-195.121398,-0.000000
30,85,-195.121415,-0.000000
30,86,-195.121401,-0.000001
30,87,-195.121407,-0.000000
30,88,-195.121398,0.000000
30,89,-195.121400,-0.000000
30,90,-195.121402,-0.000000
30,91,-195.121402,-0.000000
30,92,-195.121410,-0.000000
30,93,-195.121398,-0.000000
30,94,-195.121416,0.000000
30,95,-195.121399,-0.000000
30,96,-195.121403,0.000000
30,97,-195.121425,-0.000000
30,98,-195.121407,-0.000000
30,99,-195.121402,-0.000000
30,100,-195.121398,-0.000000
30,101,-195.121406,-0.000000
30,102,-195.121397,-0.000000
30,103,-195.121399,-0.000000
30,104,-195.121396,-0.000000
30,105,-195.121399,-0.000000
30,106,-195.121397,-0.000000
30,107,-195.121397,-0.000000
30,108,-195.121398,-0.000000
30,109,-195.121398,-0.000000
30,110,-195.121396,-0.000000
30,111,-195.121397,-0.000000
30,112,-195.121397,-0.000000
30,113,-195.121400,-0.000000
30,114,-195.121396,-0.000000
30,115,-195.121397,0.000000
30,116,-195.121396,-0.000000
30,117,-195.121399,-0.000000
30,118,-195.121397,0.000000
30,119,-195.121398,0.000000
31,32,-195.122192,-0.000006
31,33,-195.122306,0.000003
31,34,-195.122158,0.000000
31,35,-195.122258,0.000003
31,36,-195.122157,-0.000001
31,37,-195.122184,-0.000005
31,38,-195.122237,-0.000012
31,39,-195.122404,-0.000022
31,40,-195.122587,0.000006
31,41,-195.123172,0.000010
31,42,-195.122507,-0.000002
31,43,-195.122451,-0.000022
31,44,-195.124653,-0.000108
31,45,-195.122964,-0.000015
31,46,-195.122738,-0.000021
31,47,-195.122156,0.000000
31,48,-195.122177,-0.000001
31,49,-195.122445,-0.000012
31,50,-195.122160,0.000000
31,51,-195.122153,-0.000001
31,52,-195.122154,0.000000
31,53,-195.122245,-0.000005
31,54,-195.122173,0.000002
31,55,-195.122156,-0.000001
31,56,-195.122168,0.000000
31,57,-195.122245,-0.000011
31,58,-195.122194,-0.000000
31,59,-195.122166,-0.000004
31,60,-195.122296,-0.000021
31,61,-195.122346,-0.000002
31,62,-195.122208,-0.000000
31,63,-195.122245,-0.000003
31,64,-195.122234,-0.000005
31,65,-195.122194,-0.000001
31,66,-195.122194,-0.000009
31,67,-195.122154,-0.000001
31,68,-195.122164,-0.000003
31,69,-195.122157,0.000000
31,70,-195.122154,-0.000000
31,71,-195.122159,-0.000001
31,72,-195.122165,-0.000001
31,73,-195.122151,-0.000000
31,74,-195.122208,-0.000003
31,75,-195.122215,-0.000000
31,76,-195.122152,-0.000000
31,77,-195.122158,0.000000
31,78,-195.122286,-0.000006
31,79,-195.122171,-0.000002
31,80,-195.122151,-0.000000
31,81,-195.122150,-0.000000
31,82,-195.122158,-0.000001
31,83,-195.122167,-0.000001
31,84,-195.122152,-0.000000
31,85,-195.122169,-0.000000
31,86,-195.122154,-0.000000
31,87,-195.122160,0.000000
31,88,-195.122152,-0.000000
31,89,-195.122154,-0.000000
31,90,-195.122156,-0.000000
31,91,-195.122155,0.000000
31,92,-195.122165,-0.000001
31,93,-195.122151,-0.000000
31,94,-195.122170,-0.000000
31,95,-195.122153,-0.000000
31,96,-195.122157,0.000000
31,97,-195.122180,-0.000001
31,98,-195.122161,-0.000000
31,99,-195.122156,-0.000000
31,100,-195.122152,-0.000000
31,101,-195.122161,-0.000000
31,102,-195.122151,-0.000000
31,103,-195.122153,-0.000000
31,104,-195.122150,-0.000000
31,105,-195.122152,0.000000
31,106,-195.122150,0.000000
31,107,-195.122151,-0.000000
31,108,-195.122152,-0.000000
31,109,-195.122151,-0.000000
31,110,-195.122150,-0.000000
31,111,-195.122151,-0.000000
31,112,-195.122151,-0.000000
31,113,-195.122153,0.000000
31,114,-195.122150,-0.000000
31,115,-195.122151,0.000000
31,116,-195.122150,0.000000
31,117,-195.122153,-0.000000
31,118,-195.122151,-0.000000
31,119,-195.122152,0.000000
32,33,-195.121581,-0.000000
32,34,-195.121431,-0.000001
32,35,-195.121536,-0.000002
32,36,-195.121427,-0.000000
32,37,-195.121453,-0.000002
32,38,-195.121501,-0.000004
32,39,-195.121655,-0.000001
32,40,-195.121906,-0.000042
32,41,-195.122456,-0.000002
32,42,-195.121782,-0.000005
32,43,-195.121724,-0.000023
32,44,-195.123820,-0.000002
32,45,-195.122221,-0.000001
32,46,-195.121988,0.000000
32,47,-195.121428,0.000000
32,48,-195.121447,-0.000001
32,49,-195.121709,-0.000003
32,50,-195.121434,-0.000002
32,51,-195.121424,0.000000
32,52,-195.121425,0.000000
32,53,-195.121514,-0.000003
32,54,-195.121462,-0.000016
32,55,-195.121428,-0.000001
32,56,-195.121441,-0.000001
32,57,-195.121508,-0.000002
32,58,-195.121467,-0.000001
32,59,-195.121436,-0.000001
32,60,-195.121548,-0.000000
32,61,-195.121616,0.000000
32,62,-195.121481,-0.000001
32,63,-195.121516,-0.000002
32,64,-195.121503,-0.000001
32,65,-195.121470,-0.000006
32,66,-195.121462,-0.000005
32,67,-195.121425,0.000000
32,68,-195.121434,-0.000001
32,69,-195.121430,0.000000
32,70,-195.121426,-0.000001
32,71,-195.121430,-0.000001
32,72,-195.121436,-0.000001
32,73,-195.121423,-0.000000
32,74,-195.121479,-0.000002
32,75,-195.121487,-0.000000
32,76,-195.121424,-0.000000
32,77,-195.121430,0.000000
32,78,-195.121551,-0.000000
32,79,-195.121442,-0.000000
32,80,-195.121423,-0.000000
32,81,-195.121422,-0.000000
32,82,-195.121430,-0.000001
32,83,-195.121452,-0.000014
32,84,-195.121424,-0.000000
32,85,-195.121441,-0.000001
32,86,-195.121426,-0.000000
32,87,-195.121434,-0.000002
32,88,-195.121424,-0.000000
32,89,-195.121426,0.000000
32,90,-195.121428,-0.000000
32,91,-195.121427,0.000000
32,92,-195.121436,-0.000000
32,93,-195.121424,-0.000001
32,94,-195.121441,-0.000000
32,95,-195.121424,0.000000
32,96,-195.121429,-0.000001
32,97,-195.121457,-0.000006
32,98,-195.121435,-0.000002
32,99,-195.121427,0.000000
32,100,-195.121424,-0.000000
32,101,-195.121432,-0.000000
32,102,-195.121423,-0.000000
32,103,-195.121426,-0.000002
32,104,-195.121422,-0.000000
32,105,-195.121425,-0.000001
32,106,-195.121422,-0.000000
32,107,-195.121423,-0.000000
32,108,-195.121423,0.000000
32,109,-195.121423,-0.000000
32,110,-195.121422,0.000000
32,111,-195.121423,0.000000
32,112,-195.121423,-0.000001
32,113,-195.121425,-0.000000
32,114,-195.121422,-0.000000
32,115,-195.121424,-0.000001
32,116,-195.121422,0.000000
32,117,-195.121426,-0.000001
32,118,-195.121423,-0.000000
32,119,-195.121424,-0.000000
33,34,-195.121553,-0.000000
33,35,-195.121676,-0.000020
33,36,-195.121552,-0.000003
33,37,-195.121574,-0.000000
33,38,-195.121621,-0.000002
33,39,-195.121775,-0.000000
33,40,-195.121995,-0.000008
33,41,-195.122582,-0.000006
33,42,-195.121905,-0.000006
33,43,-195.121826,-0.000003
33,44,-195.123942,-0.000002
33,45,-195.122361,-0.000019
33,46,-195.122114,-0.000003
33,47,-195.121552,-0.000002
33,48,-195.121571,-0.000002
33,49,-195.121837,-0.000009
33,50,-195.121558,-0.000005
33,51,-195.121547,-0.000000
33,52,-195.121547,0.000000
33,53,-195.121636,-0.000003
33,54,-195.121570,-0.000001
33,55,-195.121550,-0.000001
33,56,-195.121564,-0.000002
33,57,-195.121638,-0.000010
33,58,-195.121591,-0.000003
33,59,-195.121558,-0.000001
33,60,-195.121675,-0.000005
33,61,-195.121748,-0.000009
33,62,-195.121606,-0.000004
33,63,-195.121637,-0.000001
33,64,-195.121626,-0.000003
33,65,-195.121588,-0.000001
33,66,-195.121584,-0.000005
33,67,-195.121547,-0.000000
33,68,-195.121556,-0.000000
33,69,-195.121552,-0.000001
33,70,-195.121547,0.000000
33,71,-195.121551,-0.000000
33,72,-195.121558,0.000000
33,73,-195.121545,-0.000000
33,74,-195.121604,-0.000005
33,75,-195.121611,-0.000002
33,76,-195.121546,0.000000
33,77,-195.121552,0.000000
33,78,-195.121672,0.000001
33,79,-195.121564,0.000000
33,80,-195.121545,0.000000
33,81,-195.121544,-0.000000
33,82,-195.121552,-0.000000
33,83,-195.121560,-0.000000
33,84,-195.121546,-0.000000
33,85,-195.121565,-0.000003
33,86,-195.121548,-0.000000
33,87,-195.121556,-0.000001
33,88,-195.121546,-0.000000
33,89,-195.121549,-0.000001
33,90,-195.121550,-0.000000
33,91,-195.121551,-0.000001
33,92,-195.121558,0.000000
33,93,-195.121545,-0.000000
33,94,-195.121565,-0.000001
33,95,-195.121547,-0.000000
33,96,-195.121551,0.000000
33,97,-195.121572,0.000000
33,98,-195.121555,-0.000000
33,99,-195.121550,-0.000000
33,100,-195.121546,-0.000000
33,101,-195.121555,-0.000001
33,102,-195.121545,-0.000000
33,103,-195.121547,0.000000
33,104,-195.121544,-0.000000
33,105,-195.121546,-0.000000
33,106,-195.121544,-0.000000
33,107,-195.121545,0.000000
33,108,-195.121546,-0.000000
33,109,-195.121546,-0.000001
33,110,-195.121544,-0.000000
33,111,-195.121545,-0.000000
33,112,-195.121545,-0.000000
33,113,-195.121547,0.000000
33,114,-195.121544,-0.000000
33,115,-195.121545,0.000000
33,116,-195.121544,-0.000000
33,117,-195.121547,-0.000000
33,118,-195.121545,0.000000
33,119,-195.121546,0.000000
34,35,-195.121506,0.000000
34,36,-195.121400,-0.000000
34,37,-195.121423,0.000000
34,38,-195.121470,-0.000000
34,39,-195.121626,-0.000001
34,40,-195.121842,-0.000005
34,41,-195.122427,-0.000001
34,42,-195.121774,-0.000025
34,43,-195.121678,-0.000004
34,44,-195.123794,-0.000004
34,45,-195.122193,-0.000000
34,46,-195.121962,-0.000001
34,47,-195.121400,-0.000001
34,48,-195.121419,-0.000000
34,49,-195.121678,-0.000001
34,50,-195.121404,-0.000001
34,51,-195.121396,0.000000
34,52,-195.121397,-0.000000
34,53,-195.121483,0.000000
34,54,-195.121423,-0.000004
34,55,-195.121399,-0.000000
34,56,-195.121422,-0.000010
34,57,-195.121478,-0.000000
34,58,-195.121438,-0.000000
34,59,-195.121407,-0.000000
34,60,-195.121520,-0.000000
34,61,-195.121588,-0.000000
34,62,-195.121452,-0.000001
34,63,-195.121486,0.000000
34,64,-195.121474,-0.000000
34,65,-195.121438,-0.000002
34,66,-195.121430,-0.000001
34,67,-195.121397,-0.000000
34,68,-195.121405,-0.000000
34,69,-195.121402,-0.000000
34,70,-195.121397,-0.000000
34,71,-195.121402,-0.000001
34,72,-195.121408,0.000000
34,73,-195.121395,-0.000000
34,74,-195.121449,-0.000000
34,75,-195.121460,-0.000001
34,76,-195.121396,-0.000000
34,77,-195.121403,-0.000001
34,78,-195.121524,-0.000001
34,79,-195.121414,-0.000000
34,80,-195.121395,-0.000000
34,81,-195.121394,-0.000000
34,82,-195.121401,0.000000
34,83,-195.121411,-0.000001
34,84,-195.121396,0.000000
34,85,-195.121413,-0.000000
34,86,-195.121399,-0.000001
34,87,-195.121406,-0.000001
34,88,-195.121396,0.000000
34,89,-195.121398,-0.000000
34,90,-195.121400,-0.000000
34,91,-195.121399,0.000000
34,92,-195.121408,-0.000000
34,93,-195.121395,-0.000000
34,94,-195.121414,-0.000000
34,95,-195.121396,0.000000
34,96,-195.121401,-0.000000
34,97,-195.121423,-0.000001
34,98,-195.121405,-0.000000
34,99,-195.121400,-0.000000
34,100,-195.121396,-0.000000
34,101,-195.121404,-0.000000
34,102,-195.121395,0.000000
34,103,-195.121397,-0.000000
34,104,-195.121394,-0.000000
34,105,-195.121396,0.000000
34,106,-195.121394,-0.000000
34,107,-195.121394,0.000000
34,108,-195.121395,0.000000
34,109,-195.121395,0.000000
34,110,-195.121394,-0.000000
34,111,-195.121395,-0.000000
34,112,-195.121394,-0.000000
34,113,-195.121397,-0.000000
34,114,-195.121394,-0.000000
34,115,-195.121395,-0.000000
34,116,-195.121394,-0.000000
34,117,-195.121397,-0.000000
34,118,-195.121395,0.000000
34,119,-195.121396,-0.000000
35,36,-195.121503,-0.000001
35,37,-195.121527,-0.000000
35,38,-195.121567,0.000006
35,39,-195.121737,-0.000008
35,40,-195.121950,-0.000010
35,41,-195.122533,-0.000004
35,42,-195.121849,0.000003
35,43,-195.121799,-0.000023
35,44,-195.123916,-0.000023
35,45,-195.122295,0.000001
35,46,-195.122063,0.000001
35,47,-195.121503,-0.000000
35,48,-195.121524,-0.000001
35,49,-195.121788,-0.000007
35,50,-195.121510,-0.000002
35,51,-195.121500,0.000000
35,52,-195.121501,-0.000000
35,53,-195.121587,-0.000000
35,54,-195.121526,-0.000004
35,55,-195.121503,-0.000001
35,56,-195.121516,-0.000001
35,57,-195.121589,-0.000008
35,58,-195.121545,-0.000003
35,59,-195.121510,-0.000000
35,60,-195.121623,-0.000001
35,61,-195.121692,-0.000000
35,62,-195.121556,-0.000001
35,63,-195.121591,-0.000001
35,64,-195.121579,-0.000002
35,65,-195.121541,-0.000001
35,66,-195.121535,-0.000002
35,67,-195.121500,-0.000000
35,68,-195.121509,-0.000000
35,69,-195.121506,-0.000001
35,70,-195.121501,0.000000
35,71,-195.121504,0.000000
35,72,-195.121511,0.000000
35,73,-195.121498,-0.000000
35,74,-195.121553,-0.000001
35,75,-195.121564,-0.000002
35,76,-195.121499,0.000000
35,77,-195.121506,-0.000001
35,78,-195.121627,-0.000000
35,79,-195.121517,-0.000000
35,80,-195.121498,0.000000
35,81,-195.121498,-0.000000
35,82,-195.121505,-0.000000
35,83,-195.121513,-0.000000
35,84,-195.121500,-0.000000
35,85,-195.121517,-0.000001
35,86,-195.121501,0.000000
35,87,-195.121508,-0.000000
35,88,-195.121499,-0.000000
35,89,-195.121501,-0.000000
35,90,-195.121503,-0.000000
35,91,-195.121503,0.000000
35,92,-195.121511,0.000000
35,93,-195.121499,-0.000000
35,94,-195.121518,-0.000001
35,95,-195.121500,-0.000000
35,96,-195.121504,0.000000
35,97,-195.121527,-0.000001
35,98,-195.121508,-0.000000
35,99,-195.121503,0.000000
35,100,-195.121499,-0.000000
35,101,-195.121507,-0.000000
35,102,-195.121498,-0.000000
35,103,-195.121500,0.000000
35,104,-195.121498,-0.000000
35,105,-195.121500,-0.000000
35,106,-195.121498,0.000000
35,107,-195.121498,0.000000
35,108,-195.121499,0.000000
35,109,-195.121499,-0.000000
35,110,-195.121497,0.000000
35,111,-195.121498,0.000000
35,112,-195.121498,-0.000000
35,113,-195.121501,-0.000000
35,114,-195.121497,-0.000000
35,115,-195.121498,-0.000000
35,116,-195.121498,-0.000000
35,117,-195.121500,-0.000000
35,118,-195.121498,0.000000
35,119,-195.121499,0.000000
36,37,-195.121420,0.000000
36,38,-195.121469,-0.000003
36,39,-195.121647,-0.000025
36,40,-195.121840,-0.000007
36,41,-195.122442,-0.000019
36,42,-195.121745,0.000000
36,43,-195.121672,-0.000002
36,44,-195.123787,-0.000001
36,45,-195.122189,-0.000000
36,46,-195.121958,-0.000000
36,47,-195.121396,0.000000
36,48,-195.121416,-0.000000
36,49,-195.121674,-0.000000
36,50,-195.121401,-0.000001
36,51,-195.121393,0.000000
36,52,-195.121394,-0.000000
36,53,-195.121480,-0.000000
36,54,-195.121416,-0.000000
36,55,-195.121396,-0.000000
36,56,-195.121409,-0.000000
36,57,-195.121475,0.000000
36,58,-195.121435,-0.000001
36,59,-195.121403,-0.000000
36,60,-195.121521,-0.000005
36,61,-195.121585,0.000000
36,62,-195.121449,-0.000000
36,63,-195.121485,-0.000002
36,64,-195.121470,-0.000000
36,65,-195.121434,-0.000001
36,66,-195.121426,-0.000000
36,67,-195.121394,-0.000001
36,68,-195.121403,-0.000002
36,69,-195.121398,0.000000
36,70,-195.121394,-0.000000
36,71,-195.121398,-0.000000
36,72,-195.121406,-0.000001
36,73,-195.121391,-0.000000
36,74,-195.121448,-0.000002
36,75,-195.121456,-0.000000
36,76,-195.121393,-0.000000
36,77,-195.121399,-0.000000
36,78,-195.121520,-0.000000
36,79,-195.121411,-0.000000
36,80,-195.121392,-0.000000
36,81,-195.121391,-0.000000
36,82,-195.121398,0.000000
36,83,-195.121407,-0.000000
36,84,-195.121393,-0.000000
36,85,-195.121410,-0.000000
36,86,-195.121395,-0.000000
36,87,-195.121402,-0.000001
36,88,-195.121393,-0.000000
36,89,-195.121394,0.000000
36,90,-195.121396,-0.000000
36,91,-195.121396,-0.000000
36,92,-195.121405,-0.000000
36,93,-195.121392,0.000000
36,94,-195.121411,-0.000001
36,95,-195.121393,0.000000
36,96,-195.121397,0.000000
36,97,-195.121419,-0.000000
36,98,-195.121402,-0.000000
36,99,-195.121396,0.000000
36,100,-195.121393,-0.000000
36,101,-195.121401,-0.000000
36,102,-195.121392,-0.000000
36,103,-195.121393,-0.000000
36,104,-195.121391,-0.000000
36,105,-195.121393,0.000000
36,106,-195.121391,-0.000000
36,107,-195.121391,-0.000000
36,108,-195.121392,0.000000
36,109,-195.121392,-0.000000
36,110,-195.121391,-0.000000
36,111,-195.121392,-0.000000
36,112,-195.121391,-0.000000
36,113,-195.121394,-0.000000
36,114,-195.121391,-0.000000
36,115,-195.121391,-0.000000
36,116,-195.121391,-0.000000
36,117,-195.121393,-0.000000
36,118,-195.121391,-0.000000
36,119,-195.121392,0.000000
37,38,-195.121491,-0.000001
37,39,-195.121666,-0.000020
37,40,-195.121922,-0.000065
37,41,-195.122487,-0.000041
37,42,-195.121785,-0.000015
37,43,-195.121697,-0.000003
37,44,-195.123810,0.000001
37,45,-195.122213,-0.000000
37,46,-195.121982,0.000000
37,47,-195.121421,-0.000000
37,48,-195.121440,-0.000000
37,49,-195.121699,-0.000000
37,50,-195.121425,0.000000
37,51,-195.121418,-0.000000
37,52,-195.121418,0.000000
37,53,-195.121504,0.000000
37,54,-195.121440,-0.000000
37,55,-195.121420,0.000000
37,56,-195.121434,-0.000001
37,57,-195.121504,-0.000004
37,58,-195.121467,-0.000008
37,59,-195.121431,-0.000004
37,60,-195.121545,-0.000004
37,61,-195.121610,-0.000001
37,62,-195.121472,0.000000
37,63,-195.121507,0.000000
37,64,-195.121497,-0.000002
37,65,-195.121457,0.000000
37,66,-195.121459,-0.000009
37,67,-195.121418,0.000000
37,68,-195.121426,-0.000000
37,69,-195.121425,-0.000002
37,70,-195.121419,-0.000001
37,71,-195.121426,-0.000004
37,72,-195.121430,-0.000001
37,73,-195.121416,0.000000
37,74,-195.121470,-0.000000
37,75,-195.121480,-0.000001
37,76,-195.121417,-0.000000
37,77,-195.121423,-0.000000
37,78,-195.121544,-0.000000
37,79,-195.121436,-0.000002
37,80,-195.121416,-0.000000
37,81,-195.121416,-0.000001
37,82,-195.121423,-0.000000
37,83,-195.121431,-0.000000
37,84,-195.121417,0.000000
37,85,-195.121434,0.000000
37,86,-195.121419,-0.000000
37,87,-195.121425,0.000000
37,88,-195.121417,-0.000000
37,89,-195.121419,-0.000000
37,90,-195.121420,-0.000000
37,91,-195.121420,-0.000000
37,92,-195.121430,-0.000001
37,93,-195.121416,-0.000000
37,94,-195.121435,-0.000001
37,95,-195.121418,-0.000000
37,96,-195.121422,0.000000
37,97,-195.121443,-0.000000
37,98,-195.121426,0.000000
37,99,-195.121421,-0.000000
37,100,-195.121417,-0.000000
37,101,-195.121425,0.000000
37,102,-195.121416,-0.000000
37,103,-195.121418,0.000000
37,104,-195.121415,-0.000000
37,105,-195.121417,-0.000000
37,106,-195.121415,-0.000000
37,107,-195.121415,-0.000000
37,108,-195.121416,0.000000
37,109,-195.121416,0.000000
37,110,-195.121415,-0.000000
37,111,-195.121416,-0.000000
37,112,-195.121415,-0.000000
37,113,-195.121418,0.000000
37,114,-195.121415,0.000000
37,115,-195.121416,0.000000
37,116,-195.121415,-0.000000
37,117,-195.121418,-0.000000
37,118,-195.121416,-0.000000
37,119,-195.121417,0.000000
38,39,-195.121692,0.000000
38,40,-195.121903,0.000000
38,41,-195.122490,0.000003
38,42,-195.121823,-0.000008
38,43,-195.121738,0.000003
38,44,-195.123869,-0.000012
38,45,-195.122270,-0.000011
38,46,-195.122033,-0.000006
38,47,-195.121467,-0.000000
38,48,-195.121486,-0.000001
38,49,-195.121744,0.000001
38,50,-195.121471,-0.000000
38,51,-195.121463,-0.000000
38,52,-195.121464,-0.000000
38,53,-195.121551,-0.000000
38,54,-195.121488,-0.000003
38,55,-195.121466,0.000000
38,56,-195.121479,-0.000001
38,57,-195.121545,-0.000000
38,58,-195.121506,-0.000001
38,59,-195.121473,-0.000000
38,60,-195.121586,0.000000
38,61,-195.121656,-0.000001
38,62,-195.121518,0.000000
38,63,-195.121554,-0.000001
38,64,-195.121540,0.000000
38,65,-195.121504,-0.000000
38,66,-195.121497,-0.000001
38,67,-195.121464,0.000000
38,68,-195.121472,0.000000
38,69,-195.121469,-0.000000
38,70,-195.121464,-0.000000
38,71,-195.121469,-0.000001
38,72,-195.121475,0.000000
38,73,-195.121461,-0.000000
38,74,-195.121518,-0.000002
38,75,-195.121526,-0.000000
38,76,-195.121463,-0.000000
38,77,-195.121470,-0.000001
38,78,-195.121589,0.000001
38,79,-195.121481,-0.000000
38,80,-195.121461,0.000000
38,81,-195.121461,-0.000000
38,82,-195.121469,-0.000000
38,83,-195.121477,-0.000000
38,84,-195.121463,0.000000
38,85,-195.121480,-0.000000
38,86,-195.121465,-0.000000
38,87,-195.121471,-0.000000
38,88,-195.121463,-0.000000
38,89,-195.121465,-0.000000
38,90,-195.121467,-0.000000
38,91,-195.121466,-0.000000
38,92,-195.121475,-0.000000
38,93,-195.121462,0.000000
38,94,-195.121481,-0.000001
38,95,-195.121464,-0.000000
38,96,-195.121468,-0.000000
38,97,-195.121490,-0.000001
38,98,-195.121472,-0.000000
38,99,-195.121467,-0.000000
38,100,-195.121463,-0.000000
38,101,-195.121471,0.000000
38,102,-195.121462,-0.000000
38,103,-195.121464,0.000000
38,104,-195.121461,0.000000
38,105,-195.121463,-0.000000
38,106,-195.121461,-0.000000
38,107,-195.121461,-0.000000
38,108,-195.121462,-0.000000
38,109,-195.121462,-0.000000
38,110,-195.121461,-0.000000
38,111,-195.121462,-0.000000
38,112,-195.121461,0.000000
38,113,-195.121464,-0.000000
38,114,-195.121461,0.000000
38,115,-195.121462,-0.000000
38,116,-195.121461,-0.000000
38,117,-195.121464,-0.000000
38,118,-195.121461,0.000000
38,119,-195.121463,0.000000
39,40,-195.122056,0.000004
39,41,-195.123136,-0.000487
39,42,-195.122145,-0.000173
39,43,-195.121901,-0.000005
39,44,-195.124017,-0.000005
39,45,-195.122412,0.000003
39,46,-195.122181,0.000002
39,47,-195.121624,-0.000002
39,48,-195.121642,-0.000000
39,49,-195.121900,0.000001
39,50,-195.121627,0.000000
39,51,-195.121625,-0.000006
39,52,-195.121624,-0.000004
39,53,-195.121707,-0.000000
39,54,-195.121643,-0.000001
39,55,-195.121624,-0.000002
39,56,-195.121635,0.000000
39,57,-195.121707,-0.000006
39,58,-195.121661,0.000000
39,59,-195.121630,-0.000000
39,60,-195.121765,-0.000023
39,61,-195.121810,0.000001
39,62,-195.121674,-0.000000
39,63,-195.121717,-0.000008
39,64,-195.121703,-0.000006
39,65,-195.121663,-0.000004
39,66,-195.121658,-0.000006
39,67,-195.121623,-0.000004
39,68,-195.121637,-0.000009
39,69,-195.121627,-0.000002
39,70,-195.121621,-0.000000
39,71,-195.121626,-0.000002
39,72,-195.121641,-0.000011
39,73,-195.121617,-0.000000
39,74,-195.121675,-0.000003
39,75,-195.121682,-0.000001
39,76,-195.121619,0.000000
39,77,-195.121625,0.000000
39,78,-195.121746,-0.000000
39,79,-195.121637,-0.000000
39,80,-195.121618,-0.000000
39,81,-195.121617,-0.000000
39,82,-195.121624,0.000000
39,83,-195.121633,-0.000000
39,84,-195.121619,-0.000000
39,85,-195.121635,0.000000
39,86,-195.121621,-0.000000
39,87,-195.121629,-0.000002
39,88,-195.121619,-0.000000
39,89,-195.121621,0.000000
39,90,-195.121622,0.000000
39,91,-195.121622,-0.000000
39,92,-195.121631,-0.000000
39,93,-195.121618,0.000000
39,94,-195.121636,0.000000
39,95,-195.121619,0.000000
39,96,-195.121623,0.000000
39,97,-195.121645,-0.000000
39,98,-195.121628,0.000000
39,99,-195.121622,0.000000
39,100,-195.121619,-0.000000
39,101,-195.121628,-0.000001
39,102,-195.121618,0.000000
39,103,-195.121620,-0.000000
39,104,-195.121617,-0.000000
39,105,-195.121619,-0.000000
39,106,-195.121617,-0.000000
39,107,-195.121617,0.000000
39,108,-195.121618,0.000000
39,109,-195.121618,0.000000
39,110,-195.121617,0.000000
39,111,-195.121618,-0.000000
39,112,-195.121617,-0.000000
39,113,-195.121620,-0.000000
39,114,-195.121617,-0.000000
39,115,-195.121618,-0.000000
39,116,-195.121617,-0.000000
39,117,-195.121620,0.000000
39,118,-195.121617,-0.000000
39,119,-195.121618,0.000000
40,41,-195.122904,-0.000044
40,42,-195.122305,-0.000122
40,43,-195.122134,-0.000027
40,44,-195.124252,-0.000028
40,45,-195.122648,-0.000022
40,46,-195.122418,-0.000023
40,47,-195.121838,-0.000004
40,48,-195.121853,0.000000
40,49,-195.122108,0.000004
40,50,-195.121839,-0.000001
40,51,-195.121830,0.000000
40,52,-195.121832,-0.000001
40,53,-195.121918,-0.000001
40,54,-195.121861,-0.000008
40,55,-195.121838,-0.000004
40,56,-195.121861,-0.000015
40,57,-195.121927,-0.000015
40,58,-195.121970,-0.000098
40,59,-195.121853,-0.000013
40,60,-195.121952,0.000001
40,61,-195.122026,-0.000004
40,62,-195.121886,-0.000000
40,63,-195.121938,-0.000018
40,64,-195.121928,-0.000020
40,65,-195.121939,-0.000069
40,66,-195.121937,-0.000074
40,67,-195.121832,-0.000001
40,68,-195.121841,-0.000001
40,69,-195.121855,-0.000020
40,70,-195.121851,-0.000019
40,71,-195.121875,-0.000039
40,72,-195.121847,-0.000005
40,73,-195.121829,-0.000001
40,74,-195.121892,-0.000009
40,75,-195.121940,-0.000048
40,76,-195.121831,-0.000000
40,77,-195.121842,-0.000006
40,78,-195.121957,0.000001
40,79,-195.121848,0.000000
40,80,-195.121830,-0.000001
40,81,-195.121828,-0.000000
40,82,-195.121835,0.000000
40,83,-195.121873,-0.000029
40,84,-195.121832,-0.000002
40,85,-195.121847,-0.000000
40,86,-195.121833,-0.000001
40,87,-195.121838,0.000000
40,88,-195.121833,-0.000003
40,89,-195.121833,-0.000001
40,90,-195.121835,-0.000001
40,91,-195.121834,-0.000000
40,92,-195.121850,-0.000008
40,93,-195.121830,-0.000000
40,94,-195.121849,-0.000001
40,95,-195.121831,-0.000001
40,96,-195.121835,-0.000000
40,97,-195.121856,0.000001
40,98,-195.121839,0.000000
40,99,-195.121834,-0.000000
40,100,-195.121831,-0.000001
40,101,-195.121839,-0.000001
40,102,-195.121830,-0.000000
40,103,-195.121831,0.000000
40,104,-195.121829,-0.000001
40,105,-195.121833,-0.000003
40,106,-195.121828,-0.000000
40,107,-195.121829,-0.000000
40,108,-195.121830,0.000000
40,109,-195.121829,0.000000
40,110,-195.121828,-0.000000
40,111,-195.121830,-0.000001
40,112,-195.121829,-0.000000
40,113,-195.121831,0.000000
40,114,-195.121828,-0.000000
40,115,-195.121829,0.000000
40,116,-195.121829,-0.000000
40,117,-195.121832,-0.000001
40,118,-195.121829,-0.000001
40,119,-195.121830,0.000000
41,42,-195.122808,-0.000036
41,43,-195.122725,-0.000028
41,44,-195.124946,-0.000132
41,45,-195.123215,0.000001
41,46,-195.122999,-0.000015
41,47,-195.122425,-0.000001
41,48,-195.122443,-0.000001
41,49,-195.122693,0.000008
41,50,-195.122433,-0.000006
41,51,-195.122430,-0.000010
41,52,-195.122424,-0.000003
41,53,-195.122514,-0.000008
41,54,-195.122459,-0.000016
41,55,-195.122426,-0.000003
41,56,-195.122438,-0.000003
41,57,-195.122505,-0.000004
41,58,-195.122477,-0.000015
41,59,-195.122430,0.000000
41,60,-195.122541,0.000002
41,61,-195.122619,-0.000008
41,62,-195.122473,0.000002
41,63,-195.122522,-0.000012
41,64,-195.122497,0.000000
41,65,-195.122476,-0.000016
41,66,-195.122451,0.000001
41,67,-195.122422,-0.000002
41,68,-195.122429,-0.000001
41,69,-195.122428,-0.000003
41,70,-195.122425,-0.000004
41,71,-195.122427,-0.000003
41,72,-195.122445,-0.000013
41,73,-195.122418,-0.000000
41,74,-195.122483,-0.000011
41,75,-195.122483,-0.000001
41,76,-195.122420,-0.000000
41,77,-195.122426,-0.000001
41,78,-195.122559,-0.000013
41,79,-195.122436,0.000001
41,80,-195.122419,-0.000000
41,81,-195.122418,-0.000000
41,82,-195.122426,-0.000001
41,83,-195.122433,0.000000
41,84,-195.122420,-0.000000
41,85,-195.122436,-0.000000
41,86,-195.122422,-0.000001
41,87,-195.122431,-0.000003
41,88,-195.122420,-0.000001
41,89,-195.122422,-0.000001
41,90,-195.122429,-0.000006
41,91,-195.122424,-0.000001
41,92,-195.122432,-0.000000
41,93,-195.122419,-0.000000
41,94,-195.122438,-0.000001
41,95,-195.122420,-0.000000
41,96,-195.122425,-0.000001
41,97,-195.122452,-0.000006
41,98,-195.122434,-0.000005
41,99,-195.122424,-0.000001
41,100,-195.122419,0.000000
41,101,-195.122427,0.000000
41,102,-195.122418,-0.000000
41,103,-195.122420,-0.000000
41,104,-195.122418,0.000000
41,105,-195.122420,0.000000
41,106,-195.122418,0.000000
41,107,-195.122418,-0.000000
41,108,-195.122419,-0.000000
41,109,-195.122419,0.000000
41,110,-195.122417,0.000000
41,111,-195.122419,0.000000
41,112,-195.122418,-0.000000
41,113,-195.122421,-0.000000
41,114,-195.122417,0.000000
41,115,-195.122420,-0.000002
41,116,-195.122418,-0.000000
41,117,-195.122421,-0.000001
41,118,-195.122419,-0.000001
41,119,-195.122419,0.000000
42,43,-195.122091,-0.000071
42,44,-195.124124,0.000012
42,45,-195.122553,-0.000014
42,46,-195.122302,0.000005
42,47,-195.121749,-0.000003
42,48,-195.121766,-0.000001
42,49,-195.122025,-0.000001
42,50,-195.121750,-0.000000
42,51,-195.121749,-0.000007
42,52,-195.121744,-0.000000
42,53,-195.121830,-0.000000
42,54,-195.121765,-0.000001
42,55,-195.121750,-0.000005
42,56,-195.121790,-0.000032
42,57,-195.121831,-0.000006
42,58,-195.121806,-0.000022
42,59,-195.121753,-0.000001
42,60,-195.121869,-0.000003
42,61,-195.121933,0.000001
42,62,-195.121800,-0.000002
42,63,-195.121832,0.000000
42,64,-195.121825,-0.000005
42,65,-195.121798,-0.000015
42,66,-195.121782,-0.000006
42,67,-195.121743,-0.000000
42,68,-195.121753,-0.000001
42,69,-195.121755,-0.000007
42,70,-195.121745,-0.000001
42,71,-195.121761,-0.000014
42,72,-195.121757,-0.000003
42,73,-195.121741,-0.000000
42,74,-195.121800,-0.000004
42,75,-195.121828,-0.000023
42,76,-195.121744,-0.000001
42,77,-195.121760,-0.000012
42,78,-195.121867,0.000003
42,79,-195.121770,-0.000010
42,80,-195.121742,-0.000001
42,81,-195.121741,-0.000001
42,82,-195.121748,-0.000000
42,83,-195.121759,-0.000003
42,84,-195.121743,-0.000000
42,85,-195.121763,-0.000004
42,86,-195.121756,-0.000012
42,87,-195.121752,-0.000002
42,88,-195.121742,-0.000000
42,89,-195.121744,-0.000000
42,90,-195.121750,-0.000005
42,91,-195.121746,-0.000001
42,92,-195.121761,-0.000007
42,93,-195.121742,-0.000001
42,94,-195.121764,-0.000004
42,95,-195.121743,-0.000000
42,96,-195.121749,-0.000002
42,97,-195.121801,-0.000032
42,98,-195.121756,-0.000005
42,99,-195.121746,0.000000
42,100,-195.121742,0.000000
42,101,-195.121751,-0.000001
42,102,-195.121742,-0.000001
42,103,-195.121744,-0.000001
42,104,-195.121740,-0.000000
42,105,-195.121742,0.000000
42,106,-195.121741,0.000000
42,107,-195.121741,-0.000000
42,108,-195.121742,-0.000000
42,109,-195.121742,-0.000000
42,110,-195.121740,-0.000000
42,111,-195.121741,-0.000000
42,112,-195.121741,-0.000000
42,113,-195.121744,-0.000001
42,114,-195.121741,-0.000000
42,115,-195.121742,-0.000001
42,116,-195.121742,-0.000002
42,117,-195.121748,-0.000005
42,118,-195.121742,-0.000001
42,119,-195.121742,-0.000000
43,44,-195.124052,0.000008
43,45,-195.122485,-0.000021
43,46,-195.122240,-0.000008
43,47,-195.121671,-0.000000
43,48,-195.121690,-0.000000
43,49,-195.121971,-0.000022
43,50,-195.121675,-0.000001
43,51,-195.121669,-0.000002
43,52,-195.121668,-0.000000
43,53,-195.121755,-0.000001
43,54,-195.121693,-0.000003
43,55,-195.121670,0.000000
43,56,-195.121687,-0.000004
43,57,-195.121773,-0.000024
43,58,-195.121715,-0.000007
43,59,-195.121680,-0.000003
43,60,-195.121804,-0.000014
43,61,-195.121858,0.000001
43,62,-195.121723,-0.000001
43,63,-195.121756,0.000001
43,64,-195.121751,-0.000007
43,65,-195.121708,-0.000000
43,66,-195.121709,-0.000009
43,67,-195.121669,-0.000001
43,68,-195.121680,-0.000004
43,69,-195.121673,0.000000
43,70,-195.121669,-0.000000
43,71,-195.121672,-0.000000
43,72,-195.121681,-0.000002
43,73,-195.121665,0.000000
43,74,-195.121719,0.000001
43,75,-195.121731,-0.000001
43,76,-195.121667,-0.000000
43,77,-195.121676,-0.000003
43,78,-195.121798,-0.000004
43,79,-195.121689,-0.000005
43,80,-195.121666,-0.000001
43,81,-195.121665,-0.000000
43,82,-195.121672,-0.000000
43,83,-195.121689,-0.000008
43,84,-195.121667,-0.000000
43,85,-195.121684,-0.000000
43,86,-195.121672,-0.000003
43,87,-195.121675,-0.000000
43,88,-195.121667,-0.000000
43,89,-195.121669,-0.000000
43,90,-195.121671,-0.000001
43,91,-195.121670,-0.000000
43,92,-195.121679,-0.000001
43,93,-195.121666,-0.000000
43,94,-195.121685,-0.000000
43,95,-195.121668,-0.000000
43,96,-195.121673,-0.000001
43,97,-195.121709,-0.000016
43,98,-195.121677,-0.000001
43,99,-195.121670,0.000000
43,100,-195.121667,-0.000000
43,101,-195.121675,-0.000000
43,102,-195.121666,0.000000
43,103,-195.121668,-0.000000
43,104,-195.121665,-0.000000
43,105,-195.121668,-0.000000
43,106,-195.121665,-0.000000
43,107,-195.121666,-0.000000
43,108,-195.121666,-0.000000
43,109,-195.121666,0.000000
43,110,-195.121665,-0.000000
43,111,-195.121666,-0.000000
43,112,-195.121666,-0.000000
43,113,-195.121668,-0.000000
43,114,-195.121665,-0.000000
43,115,-195.121666,-0.000001
43,116,-195.121665,-0.000000
43,117,-195.121670,-0.000002
43,118,-195.121666,-0.000000
43,119,-195.121667,-0.000000
44,45,-195.124745,-0.000165
44,46,-195.124523,-0.000175
44,47,-195.123786,0.000001
44,48,-195.123823,-0.000016
44,49,-195.124159,-0.000094
44,50,-195.123792,-0.000000
44,51,-195.123786,-0.000002
44,52,-195.123794,-0.000009
44,53,-195.123880,-0.000009
44,54,-195.123808,-0.000002
44,55,-195.123787,-0.000000
44,56,-195.123803,-0.000004
44,57,-195.123862,0.000003
44,58,-195.123839,-0.000014
44,59,-195.123793,0.000001
44,60,-195.123929,-0.000023
44,61,-195.123985,-0.000010
44,62,-195.123842,-0.000003
44,63,-195.123878,-0.000005
44,64,-195.123861,0.000000
44,65,-195.123832,-0.000009
44,66,-195.123822,-0.000005
44,67,-195.123784,-0.000000
44,68,-195.123793,-0.000001
44,69,-195.123789,0.000000
44,70,-195.123785,0.000000
44,71,-195.123789,-0.000000
44,72,-195.123796,-0.000001
44,73,-195.123782,-0.000000
44,74,-195.123847,-0.000011
44,75,-195.123855,-0.000009
44,76,-195.123785,-0.000001
44,77,-195.123791,-0.000001
44,78,-195.123948,-0.000038
44,79,-195.123802,-0.000001
44,80,-195.123782,-0.000000
44,81,-195.123782,-0.000000
44,82,-195.123790,-0.000002
44,83,-195.123798,-0.000000
44,84,-195.123784,-0.000000
44,85,-195.123804,-0.000004
44,86,-195.123787,-0.000002
44,87,-195.123792,-0.000000
44,88,-195.123783,-0.000000
44,89,-195.123786,-0.000001
44,90,-195.123788,-0.000002
44,91,-195.123788,-0.000002
44,92,-195.123798,-0.000003
44,93,-195.123783,-0.000000
44,94,-195.123811,-0.000010
44,95,-195.123784,-0.000000
44,96,-195.123789,-0.000001
44,97,-195.123810,-0.000000
44,98,-195.123797,-0.000005
44,99,-195.123788,-0.000001
44,100,-195.123784,-0.000000
44,101,-195.123797,-0.000006
44,102,-195.123782,0.000000
44,103,-195.123784,0.000000
44,104,-195.123782,-0.000000
44,105,-195.123783,0.000000
44,106,-195.123782,0.000000
44,107,-195.123782,0.000000
44,108,-195.123783,-0.000001
44,109,-195.123783,-0.000001
44,110,-195.123781,0.000000
44,111,-195.123782,0.000000
44,112,-195.123782,-0.000000
44,113,-195.123784,0.000000
44,114,-195.123781,-0.000000
44,115,-195.123782,-0.000000
44,116,-195.123782,-0.000000
44,117,-195.123785,-0.000001
44,118,-195.123782,-0.000000
44,119,-195.123783,-0.000000
45,46,-195.122818,-0.000068
45,47,-195.122195,-0.000005
45,48,-195.122212,-0.000004
45,49,-195.122500,-0.000033
45,50,-195.122195,-0.000002
45,51,-195.122187,-0.000001
45,52,-195.122188,-0.000001
45,53,-195.122316,-0.000043
45,54,-195.122208,0.000000
45,55,-195.122189,-0.000000
45,56,-195.122202,0.000000
45,57,-195.122284,-0.000016
45,58,-195.122228,-0.000001
45,59,-195.122198,-0.000002
45,60,-195.122305,0.000004
45,61,-195.122377,0.000001
45,62,-195.122243,-0.000002
45,63,-195.122276,0.000000
45,64,-195.122264,-0.000001
45,65,-195.122228,-0.000002
45,66,-195.122221,-0.000002
45,67,-195.122187,-0.000000
45,68,-195.122195,0.000000
45,69,-195.122193,-0.000001
45,70,-195.122187,-0.000000
45,71,-195.122191,0.000000
45,72,-195.122197,0.000000
45,73,-195.122184,-0.000000
45,74,-195.122245,-0.000006
45,75,-195.122257,-0.000008
45,76,-195.122186,-0.000000
45,77,-195.122192,0.000000
45,78,-195.122319,-0.000006
45,79,-195.122207,-0.000003
45,80,-195.122184,0.000000
45,81,-195.122184,0.000000
45,82,-195.122191,-0.000000
45,83,-195.122199,0.000000
45,84,-195.122186,-0.000000
45,85,-195.122203,-0.000001
45,86,-195.122187,0.000000
45,87,-195.122196,-0.000002
45,88,-195.122186,-0.000000
45,89,-195.122188,-0.000001
45,90,-195.122189,-0.000000
45,91,-195.122190,-0.000000
45,92,-195.122200,-0.000003
45,93,-195.122185,0.000000
45,94,-195.122207,-0.000004
45,95,-195.122186,-0.000000
45,96,-195.122190,0.000000
45,97,-195.122215,-0.000003
45,98,-195.122195,-0.000000
45,99,-195.122189,-0.000000
45,100,-195.122186,0.000000
45,101,-195.122196,-0.000002
45,102,-195.122185,-0.000000
45,103,-195.122187,-0.000001
45,104,-195.122184,0.000000
45,105,-195.122186,0.000000
45,106,-195.122184,0.000000
45,107,-195.122185,-0.000000
45,108,-195.122185,0.000000
45,109,-195.122185,0.000000
45,110,-195.122184,-0.000000
45,111,-195.122185,0.000000
45,112,-195.122184,0.000000
45,113,-195.122187,-0.000000
45,114,-195.122184,0.000000
45,115,-195.122185,-0.000000
45,116,-195.122184,-0.000000
45,117,-195.122187,-0.000000
45,118,-195.122184,0.000000
45,119,-195.122185,0.000000
46,47,-195.121958,0.000000
46,48,-195.121976,0.000001
46,49,-195.122269,-0.000033
46,50,-195.121961,0.000001
46,51,-195.121954,0.000000
46,52,-195.121956,-0.000001
46,53,-195.122058,-0.000017
46,54,-195.121977,0.000000
46,55,-195.121958,-0.000001
46,56,-195.121972,-0.000001
46,57,-195.122040,-0.000004
46,58,-195.121996,-0.000000
46,59,-195.121968,-0.000003
46,60,-195.122084,-0.000006
46,61,-195.122147,-0.000001
46,62,-195.122011,-0.000001
46,63,-195.122045,-0.000001
46,64,-195.122034,-0.000002
46,65,-195.121997,-0.000002
46,66,-195.121988,-0.000000
46,67,-195.121955,-0.000000
46,68,-195.121965,-0.000001
46,69,-195.121961,-0.000001
46,70,-195.121956,0.000000
46,71,-195.121959,0.000000
46,72,-195.121966,-0.000000
46,73,-195.121953,-0.000000
46,74,-195.122010,-0.000003
46,75,-195.122021,-0.000004
46,76,-195.121954,-0.000000
46,77,-195.121960,0.000000
46,78,-195.122092,-0.000011
46,79,-195.121973,-0.000001
46,80,-195.121953,0.000000
46,81,-195.121952,0.000000
46,82,-195.121960,-0.000000
46,83,-195.121970,-0.000002
46,84,-195.121954,-0.000000
46,85,-195.121971,-0.000000
46,86,-195.121956,0.000000
46,87,-195.121963,-0.000001
46,88,-195.121954,-0.000000
46,89,-195.121956,-0.000000
46,90,-195.121959,-0.000001
46,91,-195.121958,-0.000000
46,92,-195.121968,-0.000001
46,93,-195.121953,-0.000000
46,94,-195.121974,-0.000002
46,95,-195.121955,0.000000
46,96,-195.121959,-0.000000
46,97,-195.121980,0.000000
46,98,-195.121964,-0.000001
46,99,-195.121958,0.000000
46,100,-195.121954,-0.000000
46,101,-195.121964,-0.000001
46,102,-195.121953,0.000000
46,103,-195.121955,-0.000000
46,104,-195.121952,0.000000
46,105,-195.121954,-0.000000
46,106,-195.121953,-0.000000
46,107,-195.121953,0.000000
46,108,-195.121954,-0.000000
46,109,-195.121954,-0.000000
46,110,-195.121952,-0.000000
46,111,-195.121953,-0.000000
46,112,-195.121953,-0.000000
46,113,-195.121955,0.000000
46,114,-195.121952,-0.000000
46,115,-195.121953,0.000000
46,116,-195.121952,-0.000000
46,117,-195.121956,-0.000001
46,118,-195.121953,-0.000000
46,119,-195.121954,0.000000
47,48,-195.121416,0.000000
47,49,-195.121675,-0.000000
47,50,-195.121401,-0.000000
47,51,-195.121394,-0.000000
47,52,-195.121395,-0.000000
47,53,-195.121483,-0.000002
47,54,-195.121416,-0.000000
47,55,-195.121397,-0.000001
47,56,-195.121409,-0.000000
47,57,-195.121476,-0.000000
47,58,-195.121436,-0.000001
47,59,-195.121404,-0.000000
47,60,-195.121517,0.000000
47,61,-195.121586,-0.000001
47,62,-195.121449,-0.000001
47,63,-195.121484,-0.000000
47,64,-195.121472,-0.000001
47,65,-195.121435,-0.000001
47,66,-195.121427,-0.000001
47,67,-195.121394,0.000000
47,68,-195.121403,-0.000000
47,69,-195.121399,-0.000000
47,70,-195.121395,-0.000000
47,71,-195.121399,-0.000001
47,72,-195.121405,-0.000000
47,73,-195.121392,-0.000000
47,74,-195.121448,-0.000001
47,75,-195.121456,-0.000000
47,76,-195.121394,-0.000000
47,77,-195.121400,-0.000000
47,78,-195.121520,0.000000
47,79,-195.121411,-0.000000
47,80,-195.121392,-0.000000
47,81,-195.121392,-0.000000
47,82,-195.121399,-0.000000
47,83,-195.121407,-0.000000
47,84,-195.121393,0.000000
47,85,-195.121410,-0.000000
47,86,-195.121395,-0.000000
47,87,-195.121402,-0.000000
47,88,-195.121393,0.000000
47,89,-195.121395,0.000000
47,90,-195.121397,-0.000000
47,91,-195.121397,-0.000000
47,92,-195.121405,-0.000000
47,93,-195.121393,-0.000000
47,94,-195.121411,-0.000000
47,95,-195.121394,-0.000000
47,96,-195.121398,-0.000000
47,97,-195.121420,-0.000000
47,98,-195.121402,-0.000000
47,99,-195.121397,-0.000000
47,100,-195.121393,-0.000000
47,101,-195.121401,0.000000
47,102,-195.121392,-0.000000
47,103,-195.121394,0.000000
47,104,-195.121391,0.000000
47,105,-195.121394,-0.000000
47,106,-195.121392,-0.000000
47,107,-195.121392,-0.000000
47,108,-195.121393,0.000000
47,109,-195.121393,-0.000000
47,110,-195.121391,-0.000000
47,111,-195.121392,-0.000000
47,112,-195.121392,-0.000000
47,113,-195.121395,-0.000000
47,114,-195.121391,0.000000
47,115,-195.121392,-0.000000
47,116,-195.121391,0.000000
47,117,-195.121394,-0.000000
47,118,-195.121392,-0.000000
47,119,-195.121393,0.000000
48,49,-195.121706,-0.000012
48,50,-195.121424,-0.000003
48,51,-195.121414,-0.000001
48,52,-195.121414,-0.000000
48,53,-195.121500,-0.000000
48,54,-195.121436,-0.000001
48,55,-195.121416,-0.000000
48,56,-195.121429,0.000000
48,57,-195.121496,-0.000001
48,58,-195.121454,0.000000
48,59,-195.121423,-0.000000
48,60,-195.121537,-0.000001
48,61,-195.121605,-0.000000
48,62,-195.121468,-0.000000
48,63,-195.121504,-0.000001
48,64,-195.121490,-0.000000
48,65,-195.121453,-0.000000
48,66,-195.121446,-0.000001
48,67,-195.121413,-0.000000
48,68,-195.121422,-0.000000
48,69,-195.121418,-0.000000
48,70,-195.121414,-0.000000
48,71,-195.121418,0.000000
48,72,-195.121425,-0.000000
48,73,-195.121411,-0.000000
48,74,-195.121467,-0.000001
48,75,-195.121475,-0.000000
48,76,-195.121413,-0.000000
48,77,-195.121418,0.000000
48,78,-195.121540,-0.000000
48,79,-195.121430,0.000000
48,80,-195.121411,-0.000000
48,81,-195.121411,-0.000000
48,82,-195.121418,-0.000000
48,83,-195.121427,-0.000000
48,84,-195.121413,-0.000000
48,85,-195.121429,-0.000000
48,86,-195.121414,-0.000000
48,87,-195.121422,-0.000001
48,88,-195.121412,-0.000000
48,89,-195.121414,-0.000000
48,90,-195.121416,-0.000000
48,91,-195.121416,-0.000000
48,92,-195.121424,-0.000000
48,93,-195.121412,-0.000000
48,94,-195.121430,-0.000000
48,95,-195.121413,-0.000000
48,96,-195.121417,-0.000000
48,97,-195.121439,-0.000000
48,98,-195.121421,0.000000
48,99,-195.121416,0.000000
48,100,-195.121412,0.000000
48,101,-195.121421,-0.000000
48,102,-195.121411,-0.000000
48,103,-195.121413,-0.000000
48,104,-195.121411,-0.000000
48,105,-195.121413,-0.000000
48,106,-195.121411,-0.000000
48,107,-195.121411,0.000000
48,108,-195.121412,-0.000000
48,109,-195.121412,-0.000000
48,110,-195.121410,-0.000000
48,111,-195.121412,0.000000
48,112,-195.121411,-0.000000
48,113,-195.121414,0.000000
48,114,-195.121410,-0.000000
48,115,-195.121411,-0.000000
48,116,-195.121411,-0.000000
48,117,-195.121413,0.000000
48,118,-195.121411,-0.000000
48,119,-195.121412,0.000000
49,50,-195.121693,-0.000014
49,51,-195.121672,-0.000000
49,52,-195.121673,-0.000000
49,53,-195.121768,-0.000010
49,54,-195.121696,-0.000002
49,55,-195.121674,-0.000000
49,56,-195.121687,0.000000
49,57,-195.121758,-0.000005
49,58,-195.121713,0.000000
49,59,-195.121686,-0.000004
49,60,-195.121792,0.000002
49,61,-195.121865,-0.000002
49,62,-195.121727,-0.000000
49,63,-195.121763,-0.000002
49,64,-195.121749,-0.000000
49,65,-195.121713,-0.000002
49,66,-195.121708,-0.000003
49,67,-195.121672,0.000000
49,68,-195.121680,0.000000
49,69,-195.121678,-0.000001
49,70,-195.121672,0.000000
49,71,-195.121676,0.000000
49,72,-195.121683,-0.000000
49,73,-195.121670,-0.000000
49,74,-195.121729,-0.000005
49,75,-195.121736,-0.000002
49,76,-195.121671,-0.000000
49,77,-195.121677,0.000000
49,78,-195.121802,-0.000003
49,79,-195.121689,0.000000
49,80,-195.121670,-0.000000
49,81,-195.121669,0.000000
49,82,-195.121677,-0.000000
49,83,-195.121686,-0.000001
49,84,-195.121671,-0.000000
49,85,-195.121688,-0.000000
49,86,-195.121673,0.000000
49,87,-195.121681,-0.000001
49,88,-195.121671,-0.000000
49,89,-195.121673,-0.000000
49,90,-195.121675,-0.000000
49,91,-195.121675,-0.000000
49,92,-195.121685,-0.000002
49,93,-195.121670,0.000000
49,94,-195.121689,-0.000000
49,95,-195.121671,0.000000
49,96,-195.121676,-0.000000
49,97,-195.121702,-0.000005
49,98,-195.121680,-0.000000
49,99,-195.121675,0.000000
49,100,-195.121671,0.000000
49,101,-195.121680,-0.000000
49,102,-195.121670,-0.000000
49,103,-195.121672,0.000000
49,104,-195.121669,0.000000
49,105,-195.121671,-0.000000
49,106,-195.121670,-0.000000
49,107,-195.121670,0.000000
49,108,-195.121671,-0.000000
49,109,-195.121671,-0.000000
49,110,-195.121669,-0.000000
49,111,-195.121670,-0.000000
49,112,-195.121670,-0.000000
49,113,-195.121672,0.000000
49,114,-195.121669,-0.000000
49,115,-195.121670,-0.000000
49,116,-195.121669,-0.000000
49,117,-195.121672,-0.000000
49,118,-195.121670,-0.000000
49,119,-195.121671,-0.000000
50,51,-195.121398,-0.000001
50,52,-195.121399,0.000000
50,53,-195.121487,-0.000003
50,54,-195.121420,-0.000000
50,55,-195.121402,-0.000001
50,56,-195.121413,0.000000
50,57,-195.121481,-0.000002
50,58,-195.121440,-0.000001
50,59,-195.121408,-0.000000
50,60,-195.121530,-0.000010
50,61,-195.121590,-0.000000
50,62,-195.121455,-0.000002
50,63,-195.121494,-0.000006
50,64,-195.121475,0.000000
50,65,-195.121438,-0.000000
50,66,-195.121430,-0.000000
50,67,-195.121399,-0.000001
50,68,-195.121408,-0.000001
50,69,-195.121404,-0.000001
50,70,-195.121399,-0.000000
50,71,-195.121402,-0.000000
50,72,-195.121411,-0.000002
50,73,-195.121396,-0.000000
50,74,-195.121453,-0.000003
50,75,-195.121460,-0.000000
50,76,-195.121397,-0.000000
50,77,-195.121403,-0.000000
50,78,-195.121525,-0.000001
50,79,-195.121415,-0.000000
50,80,-195.121396,-0.000000
50,81,-195.121396,-0.000000
50,82,-195.121404,-0.000001
50,83,-195.121413,-0.000001
50,84,-195.121398,-0.000000
50,85,-195.121414,-0.000000
50,86,-195.121399,-0.000000
50,87,-195.121408,-0.000002
50,88,-195.121397,-0.000000
50,89,-195.121400,-0.000001
50,90,-195.121401,-0.000000
50,91,-195.121401,-0.000000
50,92,-195.121409,-0.000000
50,93,-195.121397,-0.000000
50,94,-195.121415,0.000000
50,95,-195.121398,-0.000000
50,96,-195.121402,-0.000000
50,97,-195.121425,-0.000001
50,98,-195.121406,-0.000000
50,99,-195.121401,-0.000000
50,100,-195.121397,-0.000000
50,101,-195.121405,-0.000000
50,102,-195.121397,-0.000000
50,103,-195.121398,-0.000000
50,104,-195.121395,0.000000
50,105,-195.121398,-0.000000
50,106,-195.121396,-0.000000
50,107,-195.121396,0.000000
50,108,-195.121397,-0.000000
50,109,-195.121397,-0.000000
50,110,-195.121395,-0.000000
50,111,-195.121396,0.000000
50,112,-195.121396,-0.000000
50,113,-195.121399,0.000000
50,114,-195.121395,-0.000000
50,115,-195.121396,-0.000000
50,116,-195.121396,-0.000000
50,117,-195.121398,-0.000000
50,118,-195.121396,-0.000000
50,119,-195.121397,-0.000000
51,52,-195.121392,-0.000000
51,53,-195.121478,-0.000001
51,54,-195.121413,-0.000000
51,55,-195.121393,-0.000000
51,56,-195.121406,-0.000000
51,57,-195.121472,-0.000000
51,58,-195.121433,-0.000001
51,59,-195.121400,-0.000000
51,60,-195.121513,-0.000000
51,61,-195.121582,-0.000000
51,62,-195.121446,-0.000001
51,63,-195.121480,-0.000000
51,64,-195.121467,0.000000
51,65,-195.121430,-0.000000
51,66,-195.121423,-0.000000
51,67,-195.121391,-0.000000
51,68,-195.121399,0.000000
51,69,-195.121396,-0.000000
51,70,-195.121391,-0.000000
51,71,-195.121395,-0.000000
51,72,-195.121402,-0.000000
51,73,-195.121388,-0.000000
51,74,-195.121443,-0.000000
51,75,-195.121453,-0.000000
51,76,-195.121390,-0.000000
51,77,-195.121397,-0.000001
51,78,-195.121517,-0.000000
51,79,-195.121408,-0.000000
51,80,-195.121388,-0.000000
51,81,-195.121388,-0.000000
51,82,-195.121395,-0.000000
51,83,-195.121404,-0.000000
51,84,-195.121390,-0.000000
51,85,-195.121407,-0.000000
51,86,-195.121392,-0.000001
51,87,-195.121398,-0.000000
51,88,-195.121390,-0.000000
51,89,-195.121392,0.000000
51,90,-195.121393,-0.000000
51,91,-195.121393,-0.000000
51,92,-195.121402,-0.000000
51,93,-195.121389,-0.000000
51,94,-195.121408,-0.000000
51,95,-195.121390,0.000000
51,96,-195.121394,0.000000
51,97,-195.121417,-0.000001
51,98,-195.121399,0.000000
51,99,-195.121393,-0.000000
51,100,-195.121390,0.000000
51,101,-195.121398,-0.000000
51,102,-195.121389,-0.000000
51,103,-195.121391,-0.000000
51,104,-195.121388,0.000000
51,105,-195.121390,-0.000000
51,106,-195.121388,-0.000000
51,107,-195.121388,-0.000000
51,108,-195.121389,0.000000
51,109,-195.121389,0.000000
51,110,-195.121388,-0.000000
51,111,-195.121389,-0.000000
51,112,-195.121388,-0.000000
51,113,-195.121391,-0.000000
51,114,-195.121388,-0.000000
51,115,-195.121388,-0.000000
51,116,-195.121388,-0.000000
51,117,-195.121391,0.000000
51,118,-195.121388,-0.000000
51,119,-195.121389,-0.000000
52,53,-195.121478,0.000000
52,54,-195.121414,-0.000000
52,55,-195.121395,-0.000001
52,56,-195.121407,-0.000000
52,57,-195.121473,0.000000
52,58,-195.121434,-0.000001
52,59,-195.121401,-0.000000
52,60,-195.121514,0.000000
52,61,-195.121585,-0.000002
52,62,-195.121447,-0.000001
52,63,-195.121481,-0.000000
52,64,-195.121469,-0.000000
52,65,-195.121432,-0.000000
52,66,-195.121424,0.000000
52,67,-195.121392,-0.000000
52,68,-195.121400,-0.000000
52,69,-195.121397,0.000000
52,70,-195.121392,-0.000000
52,71,-195.121396,-0.000000
52,72,-195.121403,-0.000000
52,73,-195.121390,-0.000000
52,74,-195.121444,-0.000000
52,75,-195.121454,0.000000
52,76,-195.121391,-0.000000
52,77,-195.121397,0.000000
52,78,-195.121518,-0.000000
52,79,-195.121409,-0.000000
52,80,-195.121390,-0.000000
52,81,-195.121389,-0.000000
52,82,-195.121396,-0.000000
52,83,-195.121405,-0.000000
52,84,-195.121391,-0.000000
52,85,-195.121408,-0.000000
52,86,-195.121393,-0.000000
52,87,-195.121400,-0.000000
52,88,-195.121391,-0.000000
52,89,-195.121393,-0.000000
52,90,-195.121394,0.000000
52,91,-195.121394,-0.000000
52,92,-195.121403,0.000000
52,93,-195.121390,-0.000000
52,94,-195.121408,-0.000000
52,95,-195.121391,-0.000000
52,96,-195.121396,0.000000
52,97,-195.121417,-0.000000
52,98,-195.121400,-0.000000
52,99,-195.121395,-0.000000
52,100,-195.121391,-0.000000
52,101,-195.121399,-0.000000
52,102,-195.121390,-0.000000
52,103,-195.121392,-0.000000
52,104,-195.121389,-0.000000
52,105,-195.121391,0.000000
52,106,-195.121389,-0.000000
52,107,-195.121389,0.000000
52,108,-195.121390,-0.000000
52,109,-195.121390,-0.000000
52,110,-195.121389,-0.000000
52,111,-195.121390,-0.000000
52,112,-195.121389,-0.000000
52,113,-195.121392,-0.000000
52,114,-195.121389,-0.000000
52,115,-195.121390,0.000000
52,116,-195.121389,-0.000000
52,117,-195.121392,-0.000000
52,118,-195.121390,-0.000000
52,119,-195.121391,-0.000000
53,54,-195.121501,-0.000001
53,55,-195.121480,0.000000
53,56,-195.121493,-0.000000
53,57,-195.121557,0.000002
53,58,-195.121519,-0.000001
53,59,-195.121487,0.000000
53,60,-195.121600,-0.000000
53,61,-195.121672,-0.000003
53,62,-195.121533,-0.000000
53,63,-195.121570,-0.000003
53,64,-195.121556,-0.000001
53,65,-195.121517,-0.000000
53,66,-195.121510,0.000000
53,67,-195.121478,-0.000000
53,68,-195.121486,0.000000
53,69,-195.121483,-0.000001
53,70,-195.121478,0.000000
53,71,-195.121482,0.000000
53,72,-195.121490,-0.000001
53,73,-195.121475,-0.000000
53,74,-195.121533,-0.000003
53,75,-195.121541,-0.000001
53,76,-195.121477,-0.000000
53,77,-195.121484,-0.000001
53,78,-195.121603,0.000001
53,79,-195.121495,0.000000
53,80,-195.121475,0.000000
53,81,-195.121475,-0.000000
53,82,-195.121482,-0.000000
53,83,-195.121492,-0.000001
53,84,-195.121477,-0.000000
53,85,-195.121494,-0.000000
53,86,-195.121479,-0.000000
53,87,-195.121485,-0.000000
53,88,-195.121477,-0.000000
53,89,-195.121479,-0.000000
53,90,-195.121480,-0.000000
53,91,-195.121480,-0.000000
53,92,-195.121490,-0.000001
53,93,-195.121476,-0.000000
53,94,-195.121496,-0.000001
53,95,-195.121477,0.000000
53,96,-195.121481,0.000000
53,97,-195.121503,-0.000000
53,98,-195.121486,0.000000
53,99,-195.121480,0.000000
53,100,-195.121477,-0.000000
53,101,-195.121485,0.000000
53,102,-195.121476,-0.000000
53,103,-195.121478,-0.000000
53,104,-195.121475,-0.000000
53,105,-195.121477,-0.000000
53,106,-195.121475,-0.000000
53,107,-195.121475,-0.000000
53,108,-195.121477,-0.000000
53,109,-195.121476,0.000000
53,110,-195.121475,-0.000000
53,111,-195.121476,-0.000000
53,112,-195.121475,-0.000000
53,113,-195.121479,-0.000001
53,114,-195.121475,-0.000000
53,115,-195.121476,-0.000000
53,116,-195.121475,-0.000000
53,117,-195.121478,-0.000000
53,118,-195.121475,-0.000000
53,119,-195.121476,0.000000
54,55,-195.121416,-0.000001
54,56,-195.121428,-0.000000
54,57,-195.121495,-0.000001
54,58,-195.121456,-0.000002
54,59,-195.121423,-0.000001
54,60,-195.121545,-0.000009
54,61,-195.121604,0.000000
54,62,-195.121471,-0.000003
54,63,-195.121509,-0.000006
54,64,-195.121490,0.000000
54,65,-195.121454,-0.000002
54,66,-195.121446,-0.000001
54,67,-195.121413,-0.000000
54,68,-195.121421,-0.000000
54,69,-195.121419,-0.000001
54,70,-195.121414,0.000000
54,71,-195.121418,-0.000001
54,72,-195.121425,-0.000001
54,73,-195.121411,-0.000000
54,74,-195.121466,-0.000001
54,75,-195.121475,-0.000000
54,76,-195.121412,0.000000
54,77,-195.121419,-0.000001
54,78,-195.121542,-0.000002
54,79,-195.121430,-0.000000
54,80,-195.121411,0.000000
54,81,-195.121410,0.000000
54,82,-195.121418,-0.000001
54,83,-195.121430,-0.000004
54,84,-195.121412,-0.000000
54,85,-195.121429,0.000000
54,86,-195.121414,-0.000000
54,87,-195.121424,-0.000003
54,88,-195.121412,-0.000000
54,89,-195.121414,-0.000000
54,90,-195.121416,-0.000000
54,91,-195.121416,-0.000000
54,92,-195.121424,-0.000000
54,93,-195.121411,0.000000
54,94,-195.121429,0.000000
54,95,-195.121413,-0.000000
54,96,-195.121417,-0.000000
54,97,-195.121439,-0.000000
54,98,-195.121421,-0.000000
54,99,-195.121416,-0.000000
54,100,-195.121412,-0.000000
54,101,-195.121420,-0.000000
54,102,-195.121411,0.000000
54,103,-195.121415,-0.000002
54,104,-195.121411,-0.000000
54,105,-195.121412,-0.000000
54,106,-195.121411,-0.000000
54,107,-195.121411,-0.000000
54,108,-195.121412,-0.000000
54,109,-195.121411,0.000000
54,110,-195.121410,-0.000000
54,111,-195.121411,0.000000
54,112,-195.121411,-0.000000
54,113,-195.121414,-0.000000
54,114,-195.121410,-0.000000
54,115,-195.121412,-0.000001
54,116,-195.121410,-0.000000
54,117,-195.121414,-0.000001
54,118,-195.121411,-0.000000
54,119,-195.121412,-0.000000
55,56,-195.121410,-0.000002
55,57,-195.121476,-0.000001
55,58,-195.121435,-0.000001
55,59,-195.121403,-0.000000
55,60,-195.121523,-0.000007
55,61,-195.121589,-0.000004
55,62,-195.121451,-0.000003
55,63,-195.121483,-0.000001
55,64,-195.121471,-0.000001
55,65,-195.121434,-0.000001
55,66,-195.121426,-0.000000
55,67,-195.121394,-0.000000
55,68,-195.121402,-0.000000
55,69,-195.121398,0.000000
55,70,-195.121394,0.000000
55,71,-195.121398,0.000000
55,72,-195.121405,-0.000000
55,73,-195.121391,-0.000000
55,74,-195.121446,-0.000001
55,75,-195.121456,-0.000000
55,76,-195.121393,0.000000
55,77,-195.121399,-0.000000
55,78,-195.121520,-0.000000
55,79,-195.121411,-0.000000
55,80,-195.121391,-0.000000
55,81,-195.121391,-0.000000
55,82,-195.121398,-0.000000
55,83,-195.121406,-0.000000
55,84,-195.121393,-0.000000
55,85,-195.121410,-0.000001
55,86,-195.121395,-0.000000
55,87,-195.121403,-0.000002
55,88,-195.121392,0.000000
55,89,-195.121395,-0.000000
55,90,-195.121396,-0.000000
55,91,-195.121396,-0.000000
55,92,-195.121405,-0.000000
55,93,-195.121392,-0.000000
55,94,-195.121410,-0.000000
55,95,-195.121393,-0.000000
55,96,-195.121397,-0.000000
55,97,-195.121419,-0.000000
55,98,-195.121402,-0.000000
55,99,-195.121396,0.000000
55,100,-195.121392,0.000000
55,101,-195.121401,0.000000
55,102,-195.121392,-0.000000
55,103,-195.121393,-0.000000
55,104,-195.121391,-0.000000
55,105,-195.121393,-0.000000
55,106,-195.121391,-0.000000
55,107,-195.121391,0.000000
55,108,-195.121392,-0.000000
55,109,-195.121392,0.000000
55,110,-195.121390,0.000000
55,111,-195.121392,-0.000000
55,112,-195.121391,-0.000000
55,113,-195.121394,-0.000000
55,114,-195.121391,-0.000000
55,115,-195.121391,0.000000
55,116,-195.121391,-0.000000
55,117,-195.121393,-0.000000
55,118,-195.121391,-0.000000
55,119,-195.121392,0.000000
56,57,-195.121488,-0.000001
56,58,-195.121456,-0.000009
56,59,-195.121416,0.000000
56,60,-195.121530,-0.000001
56,61,-195.121598,-0.000000
56,62,-195.121462,-0.000001
56,63,-195.121496,-0.000000
56,64,-195.121483,0.000000
56,65,-195.121448,-0.000002
56,66,-195.121439,-0.000001
56,67,-195.121407,-0.000000
56,68,-195.121415,0.000000
56,69,-195.121411,-0.000000
56,70,-195.121407,-0.000000
56,71,-195.121411,-0.000000
56,72,-195.121418,-0.000000
56,73,-195.121404,-0.000000
56,74,-195.121459,-0.000001
56,75,-195.121469,-0.000001
56,76,-195.121406,-0.000000
56,77,-195.121412,-0.000000
56,78,-195.121533,0.000000
56,79,-195.121424,-0.000000
56,80,-195.121404,-0.000000
56,81,-195.121404,-0.000000
56,82,-195.121411,0.000000
56,83,-195.121423,-0.000003
56,84,-195.121406,-0.000000
56,85,-195.121422,-0.000000
56,86,-195.121408,-0.000000
56,87,-195.121414,-0.000000
56,88,-195.121406,-0.000000
56,89,-195.121408,-0.000000
56,90,-195.121409,0.000000
56,91,-195.121409,-0.000000
56,92,-195.121418,-0.000000
56,93,-195.121405,-0.000000
56,94,-195.121423,-0.000000
56,95,-195.121406,-0.000000
56,96,-195.121410,-0.000000
56,97,-195.121432,0.000000
56,98,-195.121414,-0.000000
56,99,-195.121409,-0.000000
56,100,-195.121405,-0.000000
56,101,-195.121414,0.000000
56,102,-195.121405,-0.000000
56,103,-195.121406,0.000000
56,104,-195.121404,-0.000000
56,105,-195.121406,0.000000
56,106,-195.121404,-0.000000
56,107,-195.121404,0.000000
56,108,-195.121405,0.000000
56,109,-195.121405,0.000000
56,110,-195.121403,-0.000000
56,111,-195.121405,-0.000000
56,112,-195.121404,-0.000000
56,113,-195.121408,-0.000001
56,114,-195.121404,-0.000000
56,115,-195.121405,-0.000000
56,116,-195.121404,-0.000000
56,117,-195.121407,-0.000001
56,118,-195.121404,-0.000000
56,119,-195.121405,-0.000000
57,58,-195.121519,-0.000005
57,59,-195.121484,-0.000002
57,60,-195.121595,0.000000
57,61,-195.121670,-0.000006
57,62,-195.121535,-0.000008
57,63,-195.121561,0.000001
57,64,-195.121558,-0.000009
57,65,-195.121513,-0.000000
57,66,-195.121510,-0.000006
57,67,-195.121473,-0.000001
57,68,-195.121483,-0.000002
57,69,-195.121477,-0.000000
57,70,-195.121473,-0.000000
57,71,-195.121478,-0.000001
57,72,-195.121484,-0.000001
57,73,-195.121470,-0.000000
57,74,-195.121526,-0.000001
57,75,-195.121535,-0.000000
57,76,-195.121472,0.000000
57,77,-195.121478,-0.000001
57,78,-195.121599,0.000000
57,79,-195.121490,-0.000001
57,80,-195.121471,-0.000000
57,81,-195.121470,-0.000000
57,82,-195.121477,-0.000000
57,83,-195.121486,-0.000000
57,84,-195.121472,-0.000000
57,85,-195.121491,-0.000002
57,86,-195.121474,-0.000000
57,87,-195.121481,-0.000001
57,88,-195.121472,-0.000000
57,89,-195.121474,-0.000001
57,90,-195.121476,-0.000001
57,91,-195.121476,-0.000001
57,92,-195.121483,0.000000
57,93,-195.121471,0.000000
57,94,-195.121489,-0.000000
57,95,-195.121472,-0.000000
57,96,-195.121477,-0.000000
57,97,-195.121499,-0.000001
57,98,-195.121481,-0.000001
57,99,-195.121476,-0.000000
57,100,-195.121472,0.000000
57,101,-195.121480,-0.000000
57,102,-195.121471,-0.000000
57,103,-195.121472,0.000000
57,104,-195.121470,-0.000000
57,105,-195.121472,0.000000
57,106,-195.121470,-0.000000
57,107,-195.121470,-0.000000
57,108,-195.121471,-0.000000
57,109,-195.121471,0.000000
57,110,-195.121470,-0.000000
57,111,-195.121471,-0.000000
57,112,-195.121470,-0.000000
57,113,-195.121474,-0.000001
57,114,-195.121470,-0.000000
57,115,-195.121470,-0.000000
57,116,-195.121470,0.000000
57,117,-195.121472,-0.000000
57,118,-195.121470,-0.000000
57,119,-195.121471,-0.000000
58,59,-195.121445,-0.000003
58,60,-195.121555,0.000000
58,61,-195.121646,-0.000023
58,62,-195.121487,0.000000
58,63,-195.121531,-0.000009
58,64,-195.121513,-0.000003
58,65,-195.121485,-0.000013
58,66,-195.121471,-0.000006
58,67,-195.121433,-0.000000
58,68,-195.121441,-0.000000
58,69,-195.121439,-0.000002
58,70,-195.121434,-0.000001
58,71,-195.121440,-0.000004
58,72,-195.121444,-0.000001
58,73,-195.121430,-0.000000
58,74,-195.121486,-0.000002
58,75,-195.121497,-0.000003
58,76,-195.121432,-0.000000
58,77,-195.121438,-0.000000
58,78,-195.121559,-0.000000
58,79,-195.121449,-0.000000
58,80,-195.121430,-0.000000
58,81,-195.121430,-0.000000
58,82,-195.121437,-0.000000
58,83,-195.121446,-0.000001
58,84,-195.121432,-0.000000
58,85,-195.121449,-0.000001
58,86,-195.121434,-0.000000
58,87,-195.121440,-0.000001
58,88,-195.121432,-0.000000
58,89,-195.121433,0.000000
58,90,-195.121435,-0.000000
58,91,-195.121435,-0.000000
58,92,-195.121444,-0.000000
58,93,-195.121431,-0.000000
58,94,-195.121449,0.000000
58,95,-195.121432,-0.000000
58,96,-195.121436,0.000000
58,97,-195.121458,0.000000
58,98,-195.121440,0.000000
58,99,-195.121435,-0.000000
58,100,-195.121431,-0.000000
58,101,-195.121440,-0.000000
58,102,-195.121431,-0.000000
58,103,-195.121432,0.000000
58,104,-195.121430,-0.000000
58,105,-195.121433,-0.000001
58,106,-195.121430,-0.000000
58,107,-195.121430,-0.000000
58,108,-195.121431,-0.000000
58,109,-195.121431,-0.000000
58,110,-195.121429,-0.000000
58,111,-195.121431,-0.000000
58,112,-195.121430,-0.000000
58,113,-195.121434,-0.000001
58,114,-195.121429,0.000000
58,115,-195.121430,-0.000000
58,116,-195.121430,-0.000000
58,117,-195.121432,0.000000
58,118,-195.121430,-0.000000
58,119,-195.121431,-0.000000
59,60,-195.121525,-0.000002
59,61,-195.121599,-0.000007
59,62,-195.121456,-0.000001
59,63,-195.121491,-0.000001
59,64,-195.121478,-0.000000
59,65,-195.121441,-0.000000
59,66,-195.121440,-0.000007
59,67,-195.121401,-0.000000
59,68,-195.121409,-0.000000
59,69,-195.121406,-0.000000
59,70,-195.121402,-0.000001
59,71,-195.121406,-0.000001
59,72,-195.121412,0.000000
59,73,-195.121398,-0.000000
59,74,-195.121454,-0.000001
59,75,-195.121463,0.000000
59,76,-195.121400,-0.000000
59,77,-195.121406,0.000000
59,78,-195.121527,-0.000000
59,79,-195.121418,-0.000001
59,80,-195.121399,-0.000000
59,81,-195.121398,-0.000000
59,82,-195.121405,-0.000000
59,83,-195.121415,-0.000002
59,84,-195.121400,-0.000000
59,85,-195.121417,-0.000001
59,86,-195.121402,-0.000000
59,87,-195.121408,-0.000000
59,88,-195.121400,-0.000000
59,89,-195.121402,0.000000
59,90,-195.121403,0.000000
59,91,-195.121403,0.000000
59,92,-195.121412,-0.000000
59,93,-195.121399,-0.000000
59,94,-195.121417,-0.000000
59,95,-195.121400,-0.000000
59,96,-195.121405,-0.000000
59,97,-195.121427,-0.000001
59,98,-195.121409,-0.000000
59,99,-195.121403,-0.000000
59,100,-195.121400,-0.000000
59,101,-195.121408,0.000000
59,102,-195.121399,-0.000000
59,103,-195.121401,-0.000001
59,104,-195.121398,-0.000000
59,105,-195.121400,-0.000000
59,106,-195.121398,0.000000
59,107,-195.121398,-0.000000
59,108,-195.121399,0.000000
59,109,-195.121399,-0.000000
59,110,-195.121398,-0.000000
59,111,-195.121399,-0.000000
59,112,-195.121398,-0.000000
59,113,-195.121401,-0.000000
59,114,-195.121398,0.000000
59,115,-195.121399,-0.000000
59,116,-195.121398,-0.000000
59,117,-195.121401,-0.000000
59,118,-195.121398,-0.000000
59,119,-195.121400,-0.000000
60,61,-195.121736,-0.000031
60,62,-195.121589,-0.000020
60,63,-195.121645,-0.000042
60,64,-195.121598,-0.000008
60,65,-195.121558,-0.000005
60,66,-195.121548,-0.000002
60,67,-195.121518,-0.000004
60,68,-195.121536,-0.000014
60,69,-195.121523,-0.000005
60,70,-195.121516,-0.000002
60,71,-195.121520,-0.000002
60,72,-195.121534,-0.000010
60,73,-195.121512,-0.000000
60,74,-195.121573,-0.000007
60,75,-195.121576,-0.000001
60,76,-195.121513,0.000000
60,77,-195.121519,0.000000
60,78,-195.121652,-0.000012
60,79,-195.121535,-0.000005
60,80,-195.121512,-0.000001
60,81,-195.121512,-0.000001
60,82,-195.121523,-0.000005
60,83,-195.121527,-0.000000
60,84,-195.121513,-0.000000
60,85,-195.121531,-0.000001
60,86,-195.121516,-0.000002
60,87,-195.121537,-0.000016
60,88,-195.121513,0.000000
60,89,-195.121524,-0.000010
60,90,-195.121517,-0.000001
60,91,-195.121523,-0.000007
60,92,-195.121525,-0.000000
60,93,-195.121513,-0.000001
60,94,-195.121531,-0.000001
60,95,-195.121516,-0.000002
60,96,-195.121519,-0.000002
60,97,-195.121540,-0.000001
60,98,-195.121522,0.000000
60,99,-195.121516,0.000000
60,100,-195.121513,-0.000000
60,101,-195.121522,-0.000001
60,102,-195.121512,-0.000000
60,103,-195.121514,0.000000
60,104,-195.121511,0.000000
60,105,-195.121513,0.000000
60,106,-195.121511,-0.000000
60,107,-195.121511,-0.000000
60,108,-195.121512,-0.000000
60,109,-195.121512,-0.000000
60,110,-195.121511,-0.000000
60,111,-195.121512,0.000000
60,112,-195.121511,0.000000
60,113,-195.121514,-0.000000
60,114,-195.121511,-0.000000
60,115,-195.121512,-0.000000
60,116,-195.121511,-0.000000
60,117,-195.121514,-0.000000
60,118,-195.121511,0.000000
60,119,-195.121513,-0.000000
61,62,-195.121689,-0.000052
61,63,-195.121681,-0.000009
61,64,-195.121691,-0.000031
61,65,-195.121624,-0.000002
61,66,-195.121621,-0.000007
61,67,-195.121583,-0.000000
61,68,-195.121591,-0.000000
61,69,-195.121589,-0.000002
61,70,-195.121586,-0.000004
61,71,-195.121587,-0.000000
61,72,-195.121599,-0.000006
61,73,-195.121580,0.000000
61,74,-195.121634,0.000000
61,75,-195.121645,-0.000000
61,76,-195.121582,0.000000
61,77,-195.121587,0.000000
61,78,-195.121709,-0.000000
61,79,-195.121600,-0.000000
61,80,-195.121580,-0.000000
61,81,-195.121581,-0.000001
61,82,-195.121587,-0.000000
61,83,-195.121597,-0.000001
61,84,-195.121585,-0.000003
61,85,-195.121635,-0.000037
61,86,-195.121588,-0.000004
61,87,-195.121608,-0.000018
61,88,-195.121586,-0.000004
61,89,-195.121584,-0.000000
61,90,-195.121594,-0.000009
61,91,-195.121595,-0.000010
61,92,-195.121594,-0.000000
61,93,-195.121584,-0.000003
61,94,-195.121599,-0.000000
61,95,-195.121584,-0.000002
61,96,-195.121589,-0.000003
61,97,-195.121608,0.000000
61,98,-195.121591,-0.000000
61,99,-195.121587,-0.000002
61,100,-195.121582,-0.000001
61,101,-195.121590,-0.000000
61,102,-195.121580,-0.000000
61,103,-195.121582,-0.000000
61,104,-195.121580,-0.000000
61,105,-195.121582,-0.000000
61,106,-195.121580,-0.000000
61,107,-195.121580,-0.000000
61,108,-195.121582,-0.000001
61,109,-195.121581,-0.000001
61,110,-195.121579,-0.000000
61,111,-195.121581,0.000000
61,112,-195.121580,-0.000000
61,113,-195.121583,-0.000000
61,114,-195.121580,-0.000000
61,115,-195.121580,0.000000
61,116,-195.121580,-0.000000
61,117,-195.121582,-0.000000
61,118,-195.121580,-0.000000
61,119,-195.121581,0.000000
62,63,-195.121535,-0.000000
62,64,-195.121529,-0.000007
62,65,-195.121488,-0.000002
62,66,-195.121478,-0.000000
62,67,-195.121448,-0.000002
62,68,-195.121455,-0.000001
62,69,-195.121451,0.000000
62,70,-195.121446,0.000000
62,71,-195.121450,-0.000000
62,72,-195.121458,-0.000001
62,73,-195.121444,-0.000000
62,74,-195.121499,-0.000001
62,75,-195.121508,0.000000
62,76,-195.121445,-0.000000
62,77,-195.121451,0.000000
62,78,-195.121573,-0.000001
62,79,-195.121463,-0.000000
62,80,-195.121444,-0.000000
62,81,-195.121444,-0.000000
62,82,-195.121451,-0.000000
62,83,-195.121460,-0.000001
62,84,-195.121445,0.000000
62,85,-195.121472,-0.000010
62,86,-195.121447,-0.000000
62,87,-195.121463,-0.000010
62,88,-195.121445,-0.000000
62,89,-195.121448,-0.000001
62,90,-195.121451,-0.000002
62,91,-195.121454,-0.000006
62,92,-195.121457,0.000000
62,93,-195.121445,-0.000001
62,94,-195.121463,-0.000001
62,95,-195.121448,-0.000002
62,96,-195.121453,-0.000003
62,97,-195.121472,-0.000001
62,98,-195.121454,-0.000000
62,99,-195.121450,-0.000001
62,100,-195.121445,-0.000000
62,101,-195.121453,0.000000
62,102,-195.121444,-0.000000
62,103,-195.121446,-0.000000
62,104,-195.121443,0.000000
62,105,-195.121447,-0.000002
62,106,-195.121444,-0.000000
62,107,-195.121444,-0.000000
62,108,-195.121444,0.000000
62,109,-195.121444,-0.000000
62,110,-195.121443,0.000000
62,111,-195.121444,-0.000000
62,112,-195.121444,-0.000000
62,113,-195.121446,-0.000000
62,114,-195.121443,-0.000000
62,115,-195.121444,-0.000000
62,116,-195.121443,-0.000000
62,117,-195.121446,0.000000
62,118,-195.121444,-0.000000
62,119,-195.121445,-0.000000
63,64,-195.121609,-0.000052
63,65,-195.121519,0.000001
63,66,-195.121513,-0.000001
63,67,-195.121482,-0.000002
63,68,-195.121490,-0.000002
63,69,-195.121486,-0.000000
63,70,-195.121484,-0.000003
63,71,-195.121485,-0.000000
63,72,-195.121502,-0.000011
63,73,-195.121479,-0.000000
63,74,-195.121541,-0.000008
63,75,-195.121542,0.000000
63,76,-195.121480,-0.000000
63,77,-195.121486,0.000000
63,78,-195.121608,-0.000001
63,79,-195.121499,-0.000002
63,80,-195.121479,-0.000000
63,81,-195.121478,-0.000000
63,82,-195.121489,-0.000004
63,83,-195.121496,-0.000003
63,84,-195.121483,-0.000003
63,85,-195.121500,-0.000003
63,86,-195.121481,0.000000
63,87,-195.121488,-0.000000
63,88,-195.121481,-0.000001
63,89,-195.121487,-0.000006
63,90,-195.121484,-0.000001
63,91,-195.121486,-0.000003
63,92,-195.121493,-0.000001
63,93,-195.121479,0.000000
63,94,-195.121500,-0.000003
63,95,-195.121482,-0.000002
63,96,-195.121494,-0.000010
63,97,-195.121506,-0.000000
63,98,-195.121488,0.000000
63,99,-195.121486,-0.000003
63,100,-195.121480,-0.000001
63,101,-195.121492,-0.000004
63,102,-195.121479,-0.000001
63,103,-195.121481,-0.000000
63,104,-195.121478,-0.000000
63,105,-195.121480,0.000000
63,106,-195.121478,-0.000000
63,107,-195.121478,0.000000
63,108,-195.121479,0.000000
63,109,-195.121479,-0.000000
63,110,-195.121478,-0.000000
63,111,-195.121479,-0.000000
63,112,-195.121478,-0.000000
63,113,-195.121481,-0.000000
63,114,-195.121478,-0.000000
63,115,-195.121478,-0.000000
63,116,-195.121478,-0.000000
63,117,-195.121481,-0.000000
63,118,-195.121478,-0.000000
63,119,-195.121480,-0.000000
64,65,-195.121509,-0.000001
64,66,-195.121504,-0.000004
64,67,-195.121469,-0.000001
64,68,-195.121477,-0.000000
64,69,-195.121474,-0.000001
64,70,-195.121468,0.000000
64,71,-195.121474,-0.000001
64,72,-195.121479,-0.000000
64,73,-195.121466,-0.000000
64,74,-195.121520,0.000000
64,75,-195.121536,-0.000006
64,76,-195.121467,-0.000000
64,77,-195.121473,-0.000000
64,78,-195.121595,-0.000000
64,79,-195.121485,-0.000000
64,80,-195.121466,-0.000000
64,81,-195.121466,-0.000000
64,82,-195.121473,-0.000001
64,83,-195.121485,-0.000004
64,84,-195.121467,-0.000000
64,85,-195.121496,-0.000012
64,86,-195.121469,-0.000000
64,87,-195.121478,-0.000003
64,88,-195.121468,-0.000001
64,89,-195.121473,-0.000004
64,90,-195.121472,-0.000001
64,91,-195.121472,-0.000001
64,92,-195.121483,-0.000003
64,93,-195.121466,-0.000000
64,94,-195.121485,-0.000000
64,95,-195.121468,-0.000000
64,96,-195.121475,-0.000003
64,97,-195.121493,0.000000
64,98,-195.121476,0.000000
64,99,-195.121474,-0.000003
64,100,-195.121468,-0.000001
64,101,-195.121478,-0.000003
64,102,-195.121468,-0.000002
64,103,-195.121468,-0.000000
64,104,-195.121465,-0.000000
64,105,-195.121469,-0.000002
64,106,-195.121466,0.000000
64,107,-195.121466,-0.000000
64,108,-195.121467,-0.000000
64,109,-195.121467,-0.000000
64,110,-195.121465,-0.000000
64,111,-195.121467,-0.000000
64,112,-195.121466,-0.000000
64,113,-195.121468,0.000000
64,114,-195.121465,-0.000000
64,115,-195.121466,-0.000000
64,116,-195.121465,0.000000
64,117,-195.121468,-0.000000
64,118,-195.121466,0.000000
64,119,-195.121467,-0.000000
65,66,-195.121472,-0.000009
65,67,-195.121433,-0.000002
65,68,-195.121439,0.000000
65,69,-195.121436,-0.000000
65,70,-195.121433,-0.000001
65,71,-195.121438,-0.000003
65,72,-195.121445,-0.000003
65,73,-195.121429,-0.000000
65,74,-195.121490,-0.000007
65,75,-195.121498,-0.000006
65,76,-195.121430,-0.000000
65,77,-195.121437,-0.000001
65,78,-195.121558,-0.000000
65,79,-195.121448,-0.000001
65,80,-195.121429,-0.000001
65,81,-195.121428,-0.000000
65,82,-195.121436,-0.000000
65,83,-195.121446,-0.000002
65,84,-195.121430,-0.000000
65,85,-195.121447,0.000000
65,86,-195.121433,-0.000001
65,87,-195.121438,0.000000
65,88,-195.121430,-0.000001
65,89,-195.121432,0.000000
65,90,-195.121434,-0.000000
65,91,-195.121434,-0.000001
65,92,-195.121443,-0.000002
65,93,-195.121429,-0.000000
65,94,-195.121447,-0.000000
65,95,-195.121431,-0.000000
65,96,-195.121436,-0.000001
65,97,-195.121457,-0.000000
65,98,-195.121439,-0.000000
65,99,-195.121435,-0.000001
65,100,-195.121430,-0.000000
65,101,-195.121438,0.000000
65,102,-195.121430,-0.000001
65,103,-195.121432,-0.000001
65,104,-195.121428,-0.000000
65,105,-195.121430,-0.000000
65,106,-195.121428,-0.000000
65,107,-195.121428,-0.000000
65,108,-195.121430,-0.000000
65,109,-195.121430,-0.000000
65,110,-195.121428,-0.000000
65,111,-195.121429,-0.000000
65,112,-195.121429,-0.000000
65,113,-195.121431,-0.000000
65,114,-195.121428,-0.000000
65,115,-195.121429,-0.000000
65,116,-195.121429,-0.000000
65,117,-195.121431,0.000000
65,118,-195.121429,-0.000000
65,119,-195.121430,0.000000
66,67,-195.121424,-0.000000
66,68,-195.121432,-0.000001
66,69,-195.121431,-0.000003
66,70,-195.121428,-0.000004
66,71,-195.121439,-0.000011
66,72,-195.121435,-0.000001
66,73,-195.121421,-0.000000
66,74,-195.121479,-0.000003
66,75,-195.121493,-0.000007
66,76,-195.121423,-0.000000
66,77,-195.121430,-0.000001
66,78,-195.121552,-0.000003
66,79,-195.121441,-0.000000
66,80,-195.121421,-0.000000
66,81,-195.121421,-0.000000
66,82,-195.121428,0.000000
66,83,-195.121442,-0.000005
66,84,-195.121423,-0.000000
66,85,-195.121440,-0.000001
66,86,-195.121425,-0.000001
66,87,-195.121431,-0.000000
66,88,-195.121423,-0.000000
66,89,-195.121425,-0.000000
66,90,-195.121426,0.000000
66,91,-195.121426,-0.000000
66,92,-195.121436,-0.000001
66,93,-195.121422,-0.000000
66,94,-195.121441,-0.000001
66,95,-195.121424,-0.000001
66,96,-195.121428,-0.000000
66,97,-195.121450,-0.000001
66,98,-195.121432,0.000000
66,99,-195.121427,-0.000000
66,100,-195.121424,-0.000001
66,101,-195.121431,0.000000
66,102,-195.121422,-0.000000
66,103,-195.121425,-0.000001
66,104,-195.121421,-0.000000
66,105,-195.121423,-0.000000
66,106,-195.121421,-0.000000
66,107,-195.121421,-0.000000
66,108,-195.121422,-0.000000
66,109,-195.121422,-0.000001
66,110,-195.121420,0.000000
66,111,-195.121422,-0.000000
66,112,-195.121421,-0.000000
66,113,-195.121424,-0.000000
66,114,-195.121421,-0.000000
66,115,-195.121421,-0.000000
66,116,-195.121421,-0.000000
66,117,-195.121424,-0.000000
66,118,-195.121422,-0.000000
66,119,-195.121422,-0.000000
67,68,-195.121405,-0.000006
67,69,-195.121397,-0.000001
67,70,-195.121392,-0.000000
67,71,-195.121395,-0.000000
67,72,-195.121405,-0.000003
67,73,-195.121389,-0.000000
67,74,-195.121446,-0.000003
67,75,-195.121454,-0.000000
67,76,-195.121390,-0.000000
67,77,-195.121396,-0.000000
67,78,-195.121518,-0.000001
67,79,-195.121409,-0.000000
67,80,-195.121389,-0.000000
67,81,-195.121389,-0.000000
67,82,-195.121396,-0.000000
67,83,-195.121404,-0.000000
67,84,-195.121391,-0.000000
67,85,-195.121407,-0.000000
67,86,-195.121392,-0.000000
67,87,-195.121399,-0.000000
67,88,-195.121390,-0.000000
67,89,-195.121393,-0.000001
67,90,-195.121394,-0.000000
67,91,-195.121394,0.000000
67,92,-195.121402,0.000000
67,93,-195.121390,-0.000000
67,94,-195.121408,0.000000
67,95,-195.121391,-0.000000
67,96,-195.121395,-0.000000
67,97,-195.121417,0.000000
67,98,-195.121399,-0.000000
67,99,-195.121394,-0.000000
67,100,-195.121390,-0.000000
67,101,-195.121398,-0.000000
67,102,-195.121390,-0.000000
67,103,-195.121391,-0.000000
67,104,-195.121388,-0.000000
67,105,-195.121391,-0.000000
67,106,-195.121389,-0.000000
67,107,-195.121389,-0.000000
67,108,-195.121390,-0.000000
67,109,-195.121390,-0.000000
67,110,-195.121388,-0.000000
67,111,-195.121390,-0.000000
67,112,-195.121389,-0.000000
67,113,-195.121392,-0.000000
67,114,-195.121388,-0.000000
67,115,-195.121389,-0.000000
67,116,-195.121389,-0.000000
67,117,-195.121391,-0.000000
67,118,-195.121389,-0.000000
67,119,-195.121390,-0.000000
68,69,-195.121407,-0.000003
68,70,-195.121402,-0.000002
68,71,-195.121406,-0.000002
68,72,-195.121416,-0.000006
68,73,-195.121397,-0.000000
68,74,-195.121454,-0.000003
68,75,-195.121465,-0.000004
68,76,-195.121399,-0.000000
68,77,-195.121405,0.000000
68,78,-195.121528,-0.000003
68,79,-195.121417,-0.000001
68,80,-195.121398,-0.000000
68,81,-195.121397,-0.000000
68,82,-195.121405,-0.000001
68,83,-195.121413,-0.000000
68,84,-195.121399,-0.000000
68,85,-195.121415,-0.000000
68,86,-195.121400,-0.000000
68,87,-195.121408,-0.000001
68,88,-195.121399,-0.000000
68,89,-195.121402,-0.000001
68,90,-195.121402,0.000000
68,91,-195.121402,-0.000000
68,92,-195.121411,-0.000000
68,93,-195.121398,0.000000
68,94,-195.121416,0.000000
68,95,-195.121399,0.000000
68,96,-195.121404,-0.000001
68,97,-195.121425,0.000000
68,98,-195.121408,-0.000000
68,99,-195.121403,-0.000001
68,100,-195.121399,-0.000001
68,101,-195.121407,-0.000000
68,102,-195.121398,-0.000001
68,103,-195.121399,-0.000000
68,104,-195.121397,-0.000000
68,105,-195.121399,-0.000000
68,106,-195.121397,-0.000000
68,107,-195.121397,-0.000000
68,108,-195.121398,-0.000000
68,109,-195.121398,-0.000000
68,110,-195.121396,-0.000000
68,111,-195.121398,-0.000000
68,112,-195.121397,-0.000000
68,113,-195.121400,-0.000000
68,114,-195.121396,-0.000000
68,115,-195.121397,-0.000000
68,116,-195.121397,-0.000000
68,117,-195.121399,-0.000000
68,118,-195.121397,-0.000000
68,119,-195.121398,0.000000
69,70,-195.121400,-0.000003
69,71,-195.121408,-0.000007
69,72,-195.121407,0.000000
69,73,-195.121394,-0.000000
69,74,-195.121449,-0.000001
69,75,-195.121467,-0.000009
69,76,-195.121395,-0.000000
69,77,-195.121403,-0.000002
69,78,-195.121523,-0.000001
69,79,-195.121413,-0.000000
69,80,-195.121394,-0.000000
69,81,-195.121394,-0.000000
69,82,-195.121402,-0.000001
69,83,-195.121410,-0.000001
69,84,-195.121395,-0.000000
69,85,-195.121412,-0.000000
69,86,-195.121397,-0.000000
69,87,-195.121404,-0.000001
69,88,-195.121395,-0.000000
69,89,-195.121399,-0.000002
69,90,-195.121399,-0.000000
69,91,-195.121399,-0.000000
69,92,-195.121408,-0.000001
69,93,-195.121394,0.000000
69,94,-195.121413,-0.000000
69,95,-195.121396,-0.000000
69,96,-195.121400,-0.000000
69,97,-195.121423,-0.000001
69,98,-195.121404,-0.000000
69,99,-195.121400,-0.000001
69,100,-195.121396,-0.000001
69,101,-195.121403,-0.000000
69,102,-195.121394,-0.000000
69,103,-195.121396,-0.000000
69,104,-195.121393,-0.000000
69,105,-195.121396,-0.000000
69,106,-195.121394,-0.000000
69,107,-195.121394,-0.000000
69,108,-195.121395,-0.000000
69,109,-195.121394,-0.000000
69,110,-195.121393,-0.000000
69,111,-195.121394,-0.000000
69,112,-195.121394,-0.000000
69,113,-195.121397,-0.000000
69,114,-195.121393,0.000000
69,115,-195.121394,-0.000001
69,116,-195.121393,-0.000000
69,117,-195.121396,-0.000000
69,118,-195.121394,-0.000000
69,119,-195.121395,0.000000
70,71,-195.121399,-0.000003
70,72,-195.121403,-0.000000
70,73,-195.121389,-0.000000
70,74,-195.121444,-0.000000
70,75,-195.121457,-0.000004
70,76,-195.121391,-0.000000
70,77,-195.121398,-0.000001
70,78,-195.121519,-0.000001
70,79,-195.121409,-0.000000
70,80,-195.121390,-0.000000
70,81,-195.121389,-0.000000
70,82,-195.121396,-0.000000
70,83,-195.121408,-0.000003
70,84,-195.121391,-0.000000
70,85,-195.121408,-0.000000
70,86,-195.121393,-0.000000
70,87,-195.121399,-0.000000
70,88,-195.121391,-0.000000
70,89,-195.121393,-0.000000
70,90,-195.121395,-0.000001
70,91,-195.121394,-0.000000
70,92,-195.121403,-0.000000
70,93,-195.121390,0.000000
70,94,-195.121409,-0.000000
70,95,-195.121391,0.000000
70,96,-195.121396,-0.000000
70,97,-195.121417,0.000000
70,98,-195.121400,-0.000000
70,99,-195.121395,-0.000000
70,100,-195.121391,-0.000000
70,101,-195.121399,-0.000000
70,102,-195.121390,-0.000000
70,103,-195.121392,0.000000
70,104,-195.121389,-0.000000
70,105,-195.121391,-0.000000
70,106,-195.121389,-0.000000
70,107,-195.121389,-0.000000
70,108,-195.121390,-0.000000
70,109,-195.121390,-0.000000
70,110,-195.121389,-0.000000
70,111,-195.121390,-0.000000
70,112,-195.121389,0.000000
70,113,-195.121392,-0.000000
70,114,-195.121389,-0.000000
70,115,-195.121390,-0.000000
70,116,-195.121389,0.000000
70,117,-195.121392,-0.000000
70,118,-195.121390,-0.000000
70,119,-195.121391,0.000000
71,72,-195.121406,-0.000000
71,73,-195.121393,-0.000000
71,74,-195.121449,-0.000001
71,75,-195.121468,-0.000010
71,76,-195.121395,-0.000000
71,77,-195.121405,-0.000004
71,78,-195.121522,-0.000001
71,79,-195.121413,-0.000000
71,80,-195.121393,-0.000000
71,81,-195.121393,-0.000000
71,82,-195.121400,-0.000001
71,83,-195.121411,-0.000003
71,84,-195.121395,-0.000000
71,85,-195.121412,-0.000000
71,86,-195.121397,-0.000001
71,87,-195.121403,-0.000000
71,88,-195.121395,-0.000000
71,89,-195.121397,-0.000001
71,90,-195.121398,-0.000000
71,91,-195.121398,-0.000000
71,92,-195.121408,-0.000002
71,93,-195.121394,-0.000000
71,94,-195.121413,-0.000001
71,95,-195.121396,-0.000001
71,96,-195.121399,-0.000000
71,97,-195.121421,-0.000001
71,98,-195.121404,-0.000000
71,99,-195.121399,-0.000001
71,100,-195.121395,-0.000001
71,101,-195.121403,-0.000000
71,102,-195.121394,-0.000000
71,103,-195.121395,-0.000000
71,104,-195.121393,-0.000000
71,105,-195.121395,-0.000000
71,106,-195.121393,-0.000000
71,107,-195.121393,-0.000000
71,108,-195.121394,-0.000000
71,109,-195.121394,-0.000000
71,110,-195.121392,-0.000000
71,111,-195.121394,-0.000000
71,112,-195.121393,-0.000000
71,113,-195.121396,-0.000000
71,114,-195.121392,0.000000
71,115,-195.121394,-0.000000
71,116,-195.121393,-0.000000
71,117,-195.121395,0.000000
71,118,-195.121393,-0.000000
71,119,-195.121394,0.000000
72,73,-195.121400,-0.000000
72,74,-195.121470,-0.000016
72,75,-195.121464,0.000000
72,76,-195.121402,-0.000000
72,77,-195.121408,-0.000001
72,78,-195.121528,0.000000
72,79,-195.121420,-0.000001
72,80,-195.121400,-0.000000
72,81,-195.121400,-0.000000
72,82,-195.121408,-0.000001
72,83,-195.121417,-0.000002
72,84,-195.121404,-0.000003
72,85,-195.121418,0.000000
72,86,-195.121404,-0.000001
72,87,-195.121411,-0.000001
72,88,-195.121403,-0.000001
72,89,-195.121405,-0.000002
72,90,-195.121406,-0.000001
72,91,-195.121405,-0.000000
72,92,-195.121414,-0.000001
72,93,-195.121401,0.000000
72,94,-195.121421,-0.000002
72,95,-195.121402,-0.000000
72,96,-195.121407,-0.000001
72,97,-195.121429,-0.000001
72,98,-195.121410,-0.000000
72,99,-195.121405,-0.000000
72,100,-195.121402,-0.000000
72,101,-195.121410,-0.000000
72,102,-195.121401,-0.000001
72,103,-195.121402,-0.000000
72,104,-195.121399,0.000000
72,105,-195.121403,-0.000001
72,106,-195.121400,-0.000000
72,107,-195.121400,-0.000000
72,108,-195.121401,-0.000000
72,109,-195.121401,-0.000000
72,110,-195.121399,-0.000000
72,111,-195.121401,-0.000000
72,112,-195.121400,-0.000000
72,113,-195.121403,-0.000000
72,114,-195.121399,-0.000000
72,115,-195.121400,-0.000000
72,116,-195.121400,-0.000000
72,117,-195.121402,-0.000000
72,118,-195.121400,-0.000000
72,119,-195.121401,0.000000
73,74,-195.121443,-0.000002
73,75,-195.121451,0.000000
73,76,-195.121388,-0.000000
73,77,-195.121394,-0.000000
73,78,-195.121515,0.000000
73,79,-195.121406,-0.000000
73,80,-195.121387,-0.000000
73,81,-195.121386,-0.000000
73,82,-195.121393,-0.000000
73,83,-195.121402,-0.000000
73,84,-195.121388,-0.000000
73,85,-195.121405,-0.000000
73,86,-195.121390,0.000000
73,87,-195.121396,-0.000000
73,88,-195.121388,0.000000
73,89,-195.121390,-0.000000
73,90,-195.121391,-0.000000
73,91,-195.121391,0.000000
73,92,-195.121400,-0.000000
73,93,-195.121387,-0.000000
73,94,-195.121406,-0.000000
73,95,-195.121388,-0.000000
73,96,-195.121393,-0.000000
73,97,-195.121414,-0.000000
73,98,-195.121397,-0.000000
73,99,-195.121392,-0.000000
73,100,-195.121388,-0.000000
73,101,-195.121396,-0.000000
73,102,-195.121387,-0.000000
73,103,-195.121389,-0.000000
73,104,-195.121386,0.000000
73,105,-195.121388,-0.000000
73,106,-195.121386,-0.000000
73,107,-195.121387,-0.000000
73,108,-195.121387,-0.000000
73,109,-195.121387,-0.000000
73,110,-195.121386,-0.000000
73,111,-195.121387,-0.000000
73,112,-195.121387,-0.000000
73,113,-195.121389,-0.000000
73,114,-195.121386,-0.000000
73,115,-195.121387,-0.000000
73,116,-195.121386,-0.000000
73,117,-195.121389,-0.000000
73,118,-195.121387,-0.000000
73,119,-195.121388,-0.000000
74,75,-195.121505,0.000000
74,76,-195.121443,-0.000000
74,77,-195.121449,-0.000000
74,78,-195.121572,-0.000002
74,79,-195.121461,-0.000000
74,80,-195.121442,-0.000000
74,81,-195.121441,-0.000000
74,82,-195.121449,-0.000001
74,83,-195.121457,-0.000001
74,84,-195.121443,-0.000001
74,85,-195.121459,0.000000
74,86,-195.121445,-0.000000
74,87,-195.121453,-0.000002
74,88,-195.121443,-0.000001
74,89,-195.121447,-0.000003
74,90,-195.121447,-0.000001
74,91,-195.121446,-0.000000
74,92,-195.121456,-0.000001
74,93,-195.121442,-0.000000
74,94,-195.121464,-0.000004
74,95,-195.121443,-0.000000
74,96,-195.121447,-0.000000
74,97,-195.121469,-0.000000
74,98,-195.121453,-0.000001
74,99,-195.121446,0.000000
74,100,-195.121443,-0.000000
74,101,-195.121452,-0.000001
74,102,-195.121442,-0.000001
74,103,-195.121444,-0.000001
74,104,-195.121441,0.000000
74,105,-195.121443,-0.000000
74,106,-195.121441,-0.000000
74,107,-195.121441,-0.000000
74,108,-195.121442,-0.000000
74,109,-195.121443,-0.000001
74,110,-195.121441,-0.000000
74,111,-195.121442,-0.000000
74,112,-195.121441,-0.000000
74,113,-195.121445,-0.000001
74,114,-195.121441,-0.000000
74,115,-195.121441,-0.000000
74,116,-195.121441,-0.000000
74,117,-195.121444,-0.000000
74,118,-195.121441,-0.000000
74,119,-195.121442,0.000000
75,76,-195.121453,-0.000000
75,77,-195.121460,-0.000002
75,78,-195.121579,0.000000
75,79,-195.121472,-0.000002
75,80,-195.121451,-0.000000
75,81,-195.121450,-0.000000
75,82,-195.121458,-0.000000
75,83,-195.121468,-0.000002
75,84,-195.121452,-0.000000
75,85,-195.121469,-0.000000
75,86,-195.121455,-0.000001
75,87,-195.121461,-0.000000
75,88,-195.121452,-0.000000
75,89,-195.121456,-0.000002
75,90,-195.121456,-0.000000
75,91,-195.121456,-0.000001
75,92,-195.121471,-0.000007
75,93,-195.121452,-0.000000
75,94,-195.121470,-0.000001
75,95,-195.121453,-0.000000
75,96,-195.121457,-0.000000
75,97,-195.121483,-0.000004
75,98,-195.121462,-0.000000
75,99,-195.121456,0.000000
75,100,-195.121452,-0.000000
75,101,-195.121462,-0.000001
75,102,-195.121451,0.000000
75,103,-195.121453,-0.000000
75,104,-195.121450,-0.000000
75,105,-195.121453,-0.000000
75,106,-195.121451,0.000000
75,107,-195.121451,-0.000000
75,108,-195.121452,-0.000000
75,109,-195.121452,-0.000000
75,110,-195.121450,-0.000000
75,111,-195.121451,-0.000000
75,112,-195.121451,-0.000000
75,113,-195.121455,-0.000001
75,114,-195.121450,-0.000000
75,115,-195.121452,-0.000001
75,116,-195.121451,-0.000000
75,117,-195.121453,-0.000000
75,118,-195.121451,-0.000000
75,119,-195.121452,0.000000
76,77,-195.121396,-0.000000
76,78,-195.121517,-0.000000
76,79,-195.121408,-0.000000
76,80,-195.121388,-0.000000
76,81,-195.121388,-0.000000
76,82,-195.121395,-0.000000
76,83,-195.121403,0.000000
76,84,-195.121390,0.000000
76,85,-195.121406,0.000000
76,86,-195.121392,-0.000000
76,87,-195.121398,-0.000000
76,88,-195.121390,-0.000000
76,89,-195.121391,-0.000000
76,90,-195.121393,-0.000000
76,91,-195.121393,0.000000
76,92,-195.121402,-0.000000
76,93,-195.121389,-0.000000
76,94,-195.121407,-0.000000
76,95,-195.121390,-0.000000
76,96,-195.121394,0.000000
76,97,-195.121416,-0.000000
76,98,-195.121399,-0.000000
76,99,-195.121393,-0.000000
76,100,-195.121389,0.000000
76,101,-195.121398,-0.000000
76,102,-195.121389,0.000000
76,103,-195.121391,-0.000000
76,104,-195.121388,0.000000
76,105,-195.121390,-0.000000
76,106,-195.121388,-0.000000
76,107,-195.121388,-0.000000
76,108,-195.121389,-0.000000
76,109,-195.121389,-0.000000
76,110,-195.121387,-0.000000
76,111,-195.121389,-0.000000
76,112,-195.121388,-0.000000
76,113,-195.121391,0.000000
76,114,-195.121388,-0.000000
76,115,-195.121389,-0.000000
76,116,-195.121388,-0.000000
76,117,-195.121391,-0.000001
76,118,-195.121388,-0.000000
76,119,-195.121389,-0.000000
77,78,-195.121523,0.000000
77,79,-195.121413,-0.000000
77,80,-195.121394,-0.000000
77,81,-195.121394,-0.000000
77,82,-195.121401,-0.000000
77,83,-195.121411,-0.000002
77,84,-195.121397,-0.000002
77,85,-195.121412,-0.000000
77,86,-195.121401,-0.000004
77,87,-195.121404,-0.000000
77,88,-195.121396,-0.000001
77,89,-195.121398,-0.000000
77,90,-195.121400,-0.000002
77,91,-195.121399,0.000000
77,92,-195.121409,-0.000001
77,93,-195.121395,-0.000000
77,94,-195.121415,-0.000002
77,95,-195.121396,-0.000000
77,96,-195.121400,-0.000000
77,97,-195.121425,-0.000003
77,98,-195.121404,-0.000000
77,99,-195.121399,0.000000
77,100,-195.121395,-0.000000
77,101,-195.121404,-0.000001
77,102,-195.121395,-0.000001
77,103,-195.121397,-0.000000
77,104,-195.121394,-0.000000
77,105,-195.121397,-0.000001
77,106,-195.121394,-0.000000
77,107,-195.121394,-0.000000
77,108,-195.121395,-0.000000
77,109,-195.121395,-0.000000
77,110,-195.121393,-0.000000
77,111,-195.121395,-0.000000
77,112,-195.121394,-0.000000
77,113,-195.121397,-0.000000
77,114,-195.121393,-0.000000
77,115,-195.121394,-0.000000
77,116,-195.121394,-0.000000
77,117,-195.121396,-0.000000
77,118,-195.121395,-0.000001
77,119,-195.121395,-0.000000
78,79,-195.121536,-0.000001
78,80,-195.121516,-0.000001
78,81,-195.121515,0.000000
78,82,-195.121526,-0.000004
78,83,-195.121530,0.000000
78,84,-195.121517,0.000000
78,85,-195.121534,-0.000001
78,86,-195.121519,-0.000001
78,87,-195.121527,-0.000002
78,88,-195.121517,-0.000000
78,89,-195.121519,-0.000000
78,90,-195.121521,-0.000001
78,91,-195.121520,-0.000000
78,92,-195.121530,-0.000001
78,93,-195.121516,-0.000000
78,94,-195.121536,-0.000002
78,95,-195.121518,-0.000001
78,96,-195.121522,-0.000000
78,97,-195.121545,-0.000002
78,98,-195.121531,-0.000005
78,99,-195.121522,-0.000002
78,100,-195.121518,-0.000001
78,101,-195.121528,-0.000003
78,102,-195.121516,-0.000000
78,103,-195.121517,0.000000
78,104,-195.121515,0.000000
78,105,-195.121517,0.000000
78,106,-195.121515,-0.000000
78,107,-195.121516,-0.000000
78,108,-195.121517,-0.000001
78,109,-195.121516,0.000000
78,110,-195.121515,-0.000000
78,111,-195.121516,-0.000000
78,112,-195.121515,0.000000
78,113,-195.121518,-0.000000
78,114,-195.121515,-0.000000
78,115,-195.121516,-0.000000
78,116,-195.121515,-0.000000
78,117,-195.121518,-0.000001
78,118,-195.121515,-0.000000
78,119,-195.121517,-0.000000
79,80,-195.121406,0.000000
79,81,-195.121406,-0.000001
79,82,-195.121415,-0.000002
79,83,-195.121421,-0.000000
79,84,-195.121408,-0.000000
79,85,-195.121424,-0.000000
79,86,-195.121411,-0.000002
79,87,-195.121416,-0.000000
79,88,-195.121407,-0.000000
79,89,-195.121410,-0.000001
79,90,-195.121411,-0.000000
79,91,-195.121411,-0.000000
79,92,-195.121419,-0.000000
79,93,-195.121407,-0.000000
79,94,-195.121425,-0.000000
79,95,-195.121408,-0.000000
79,96,-195.121412,0.000000
79,97,-195.121436,-0.000003
79,98,-195.121416,-0.000000
79,99,-195.121411,-0.000000
79,100,-195.121407,-0.000000
79,101,-195.121416,-0.000000
79,102,-195.121406,-0.000000
79,103,-195.121408,-0.000000
79,104,-195.121405,0.000000
79,105,-195.121408,-0.000000
79,106,-195.121406,-0.000000
79,107,-195.121406,-0.000000
79,108,-195.121407,-0.000000
79,109,-195.121406,-0.000000
79,110,-195.121405,-0.000000
79,111,-195.121406,-0.000000
79,112,-195.121406,-0.000000
79,113,-195.121409,-0.000000
79,114,-195.121405,-0.000000
79,115,-195.121406,-0.000000
79,116,-195.121406,-0.000000
79,117,-195.121409,-0.000000
79,118,-195.121406,-0.000000
79,119,-195.121407,-0.000000
80,81,-195.121386,0.000000
80,82,-195.121394,0.000000
80,83,-195.121402,-0.000000
80,84,-195.121388,0.000000
80,85,-195.121405,-0.000000
80,86,-195.121390,-0.000000
80,87,-195.121397,-0.000000
80,88,-195.121388,-0.000000
80,89,-195.121390,-0.000000
80,90,-195.121392,-0.000000
80,91,-195.121392,-0.000000
80,92,-195.121400,-0.000000
80,93,-195.121387,-0.000000
80,94,-195.121406,-0.000000
80,95,-195.121389,-0.000000
80,96,-195.121393,-0.000000
80,97,-195.121415,-0.000000
80,98,-195.121397,-0.000000
80,99,-195.121392,0.000000
80,100,-195.121388,-0.000000
80,101,-195.121396,-0.000000
80,102,-195.121387,-0.000000
80,103,-195.121389,0.000000
80,104,-195.121386,-0.000000
80,105,-195.121388,-0.000000
80,106,-195.121387,-0.000000
80,107,-195.121387,-0.000000
80,108,-195.121388,-0.000000
80,109,-195.121387,-0.000000
80,110,-195.121386,0.000000
80,111,-195.121387,-0.000000
80,112,-195.121387,-0.000000
80,113,-195.121389,-0.000000
80,114,-195.121386,0.000000
80,115,-195.121387,-0.000000
80,116,-195.121386,-0.000000
80,117,-195.121389,-0.000000
80,118,-195.121387,-0.000000
80,119,-195.121388,-0.000000
81,82,-195.121393,-0.000000
81,83,-195.121402,0.000000
81,84,-195.121388,-0.000000
81,85,-195.121405,-0.000001
81,86,-195.121390,-0.000000
81,87,-195.121396,-0.000000
81,88,-195.121388,-0.000000
81,89,-195.121390,-0.000000
81,90,-195.121391,-0.000000
81,91,-195.121391,-0.000000
81,92,-195.121400,-0.000000
81,93,-195.121387,-0.000000
81,94,-195.121405,-0.000000
81,95,-195.121388,-0.000000
81,96,-195.121392,-0.000000
81,97,-195.121414,-0.000000
81,98,-195.121397,-0.000000
81,99,-195.121391,-0.000000
81,100,-195.121388,-0.000000
81,101,-195.121396,0.000000
81,102,-195.121387,-0.000000
81,103,-195.121389,-0.000000
81,104,-195.121386,-0.000000
81,105,-195.121388,-0.000000
81,106,-195.121386,0.000000
81,107,-195.121386,0.000000
81,108,-195.121387,-0.000000
81,109,-195.121387,0.000000
81,110,-195.121386,0.000000
81,111,-195.121387,-0.000000
81,112,-195.121386,-0.000000
81,113,-195.121389,-0.000000
81,114,-195.121386,0.000000
81,115,-195.121386,0.000000
81,116,-195.121386,-0.000000
81,117,-195.121389,-0.000000
81,118,-195.121386,-0.000000
81,119,-195.121387,-0.000000
82,83,-195.121409,-0.000000
82,84,-195.121395,-0.000000
82,85,-195.121412,-0.000000
82,86,-195.121397,0.000000
82,87,-195.121404,-0.000001
82,88,-195.121395,-0.000000
82,89,-195.121398,-0.000002
82,90,-195.121398,-0.000000
82,91,-195.121399,-0.000000
82,92,-195.121407,0.000000
82,93,-195.121394,-0.000000
82,94,-195.121412,-0.000000
82,95,-195.121396,-0.000000
82,96,-195.121400,-0.000000
82,97,-195.121421,0.000000
82,98,-195.121404,-0.000000
82,99,-195.121399,-0.000000
82,100,-195.121395,-0.000000
82,101,-195.121403,-0.000000
82,102,-195.121394,-0.000000
82,103,-195.121396,-0.000000
82,104,-195.121393,-0.000000
82,105,-195.121395,0.000000
82,106,-195.121393,-0.000000
82,107,-195.121393,-0.000000
82,108,-195.121395,-0.000000
82,109,-195.121394,-0.000000
82,110,-195.121393,-0.000000
82,111,-195.121394,0.000000
82,112,-195.121393,-0.000000
82,113,-195.121396,0.000000
82,114,-195.121393,-0.000000
82,115,-195.121394,-0.000000
82,116,-195.121393,-0.000000
82,117,-195.121396,0.000000
82,118,-195.121393,-0.000000
82,119,-195.121395,-0.000000
83,84,-195.121407,-0.000004
83,85,-195.121420,-0.000000
83,86,-195.121405,-0.000000
83,87,-195.121413,-0.000002
83,88,-195.121405,-0.000002
83,89,-195.121406,-0.000001
83,90,-195.121407,-0.000000
83,91,-195.121407,-0.000001
83,92,-195.121415,0.000000
83,93,-195.121403,-0.000000
83,94,-195.121421,-0.000000
83,95,-195.121404,-0.000000
83,96,-195.121409,-0.000001
83,97,-195.121432,-0.000002
83,98,-195.121413,-0.000001
83,99,-195.121407,0.000000
83,100,-195.121403,-0.000000
83,101,-195.121412,-0.000001
83,102,-195.121403,-0.000000
83,103,-195.121404,-0.000000
83,104,-195.121402,-0.000001
83,105,-195.121408,-0.000004
83,106,-195.121402,-0.000000
83,107,-195.121402,-0.000001
83,108,-195.121403,0.000000
83,109,-195.121403,-0.000000
83,110,-195.121401,-0.000000
83,111,-195.121403,-0.000000
83,112,-195.121402,-0.000000
83,113,-195.121406,-0.000001
83,114,-195.121402,-0.000000
83,115,-195.121403,-0.000001
83,116,-195.121402,-0.000000
83,117,-195.121407,-0.000003
83,118,-195.121402,-0.000000
83,119,-195.121403,-0.000000
84,85,-195.121407,-0.000001
84,86,-195.121392,-0.000000
84,87,-195.121398,-0.000000
84,88,-195.121391,-0.000001
84,89,-195.121391,-0.000000
84,90,-195.121394,-0.000001
84,91,-195.121393,0.000000
84,92,-195.121402,0.000000
84,93,-195.121389,-0.000000
84,94,-195.121407,-0.000000
84,95,-195.121390,-0.000000
84,96,-195.121394,-0.000000
84,97,-195.121416,-0.000000
84,98,-195.121399,-0.000000
84,99,-195.121393,0.000000
84,100,-195.121389,-0.000000
84,101,-195.121398,-0.000000
84,102,-195.121389,-0.000000
84,103,-195.121390,-0.000000
84,104,-195.121388,-0.000000
84,105,-195.121391,-0.000001
84,106,-195.121388,-0.000000
84,107,-195.121388,-0.000000
84,108,-195.121389,-0.000000
84,109,-195.121389,-0.000000
84,110,-195.121387,-0.000000
84,111,-195.121389,-0.000000
84,112,-195.121388,0.000000
84,113,-195.121391,-0.000000
84,114,-195.121388,-0.000000
84,115,-195.121388,-0.000000
84,116,-195.121388,-0.000000
84,117,-195.121390,-0.000000
84,118,-195.121388,-0.000000
84,119,-195.121389,-0.000000
85,86,-195.121411,-0.000003
85,87,-195.121420,-0.000005
85,88,-195.121407,-0.000001
85,89,-195.121408,-0.000000
85,90,-195.121411,-0.000002
85,91,-195.121410,-0.000001
85,92,-195.121420,-0.000002
85,93,-195.121407,-0.000001
85,94,-195.121424,-0.000000
85,95,-195.121407,-0.000000
85,96,-195.121411,0.000000
85,97,-195.121433,-0.000000
85,98,-195.121415,-0.000000
85,99,-195.121410,-0.000000
85,100,-195.121406,-0.000000
85,101,-195.121415,-0.000000
85,102,-195.121405,-0.000000
85,103,-195.121407,-0.000000
85,104,-195.121404,-0.000000
85,105,-195.121407,-0.000000
85,106,-195.121405,-0.000000
85,107,-195.121405,-0.000000
85,108,-195.121406,-0.000000
85,109,-195.121405,-0.000000
85,110,-195.121404,-0.000000
85,111,-195.121405,-0.000000
85,112,-195.121405,-0.000000
85,113,-195.121408,-0.000000
85,114,-195.121404,-0.000000
85,115,-195.121405,0.000000
85,116,-195.121404,-0.000000
85,117,-195.121407,-0.000000
85,118,-195.121405,-0.000000
85,119,-195.121406,-0.000000
86,87,-195.121400,-0.000001
86,88,-195.121391,-0.000000
86,89,-195.121393,-0.000000
86,90,-195.121395,-0.000001
86,91,-195.121395,-0.000000
86,92,-195.121404,-0.000000
86,93,-195.121391,-0.000001
86,94,-195.121409,-0.000001
86,95,-195.121392,-0.000000
86,96,-195.121396,-0.000000
86,97,-195.121419,-0.000002
86,98,-195.121401,-0.000000
86,99,-195.121395,-0.000000
86,100,-195.121391,-0.000000
86,101,-195.121399,-0.000000
86,102,-195.121390,-0.000000
86,103,-195.121392,-0.000000
86,104,-195.121389,-0.000000
86,105,-195.121392,-0.000000
86,106,-195.121390,-0.000000
86,107,-195.121390,-0.000000
86,108,-195.121391,-0.000000
86,109,-195.121391,-0.000000
86,110,-195.121389,-0.000000
86,111,-195.121391,-0.000000
86,112,-195.121390,-0.000000
86,113,-195.121393,-0.000000
86,114,-195.121389,-0.000000
86,115,-195.121390,-0.000000
86,116,-195.121389,-0.000000
86,117,-195.121392,-0.000000
86,118,-195.121391,-0.000001
86,119,-195.121391,-0.000000
87,88,-195.121398,0.000000
87,89,-195.121400,-0.000001
87,90,-195.121403,-0.000002
87,91,-195.121404,-0.000002
87,92,-195.121410,-0.000000
87,93,-195.121398,-0.000000
87,94,-195.121415,-0.000000
87,95,-195.121399,-0.000000
87,96,-195.121404,-0.000001
87,97,-195.121426,-0.000002
87,98,-195.121407,-0.000000
87,99,-195.121402,-0.000000
87,100,-195.121398,-0.000000
87,101,-195.121406,-0.000000
87,102,-195.121397,-0.000000
87,103,-195.121399,-0.000000
87,104,-195.121396,-0.000000
87,105,-195.121398,-0.000000
87,106,-195.121396,-0.000000
87,107,-195.121396,-0.000000
87,108,-195.121397,-0.000000
87,109,-195.121397,-0.000000
87,110,-195.121396,-0.000000
87,111,-195.121397,0.000000
87,112,-195.121396,-0.000000
87,113,-195.121399,0.000000
87,114,-195.121396,-0.000000
87,115,-195.121397,-0.000000
87,116,-195.121396,0.000000
87,117,-195.121399,-0.000000
87,118,-195.121397,-0.000000
87,119,-195.121398,-0.000000
88,89,-195.121391,0.000000
88,90,-195.121395,-0.000002
88,91,-195.121393,-0.000000
88,92,-195.121402,-0.000000
88,93,-195.121389,0.000000
88,94,-195.121407,-0.000000
88,95,-195.121390,-0.000000
88,96,-195.121394,-0.000000
88,97,-195.121416,-0.000000
88,98,-195.121398,-0.000000
88,99,-195.121393,-0.000000
88,100,-195.121389,-0.000000
88,101,-195.121398,-0.000000
88,102,-195.121388,-0.000000
88,103,-195.121390,0.000000
88,104,-195.121388,-0.000000
88,105,-195.121390,-0.000000
88,106,-195.121388,-0.000000
88,107,-195.121388,-0.000000
88,108,-195.121389,0.000000
88,109,-195.121389,0.000000
88,110,-195.121387,0.000000
88,111,-195.121389,-0.000000
88,112,-195.121388,-0.000000
88,113,-195.121391,-0.000000
88,114,-195.121387,-0.000000
88,115,-195.121388,-0.000000
88,116,-195.121388,0.000000
88,117,-195.121390,-0.000000
88,118,-195.121388,-0.000000
88,119,-195.121389,-0.000000
89,90,-195.121395,-0.000000
89,91,-195.121397,-0.000003
89,92,-195.121404,-0.000001
89,93,-195.121391,-0.000000
89,94,-195.121410,-0.000001
89,95,-195.121392,-0.000000
89,96,-195.121396,-0.000000
89,97,-195.121418,0.000000
89,98,-195.121401,-0.000001
89,99,-195.121395,-0.000000
89,100,-195.121391,0.000000
89,101,-195.121400,-0.000000
89,102,-195.121390,0.000000
89,103,-195.121392,0.000000
89,104,-195.121389,-0.000000
89,105,-195.121392,-0.000000
89,106,-195.121390,-0.000000
89,107,-195.121390,0.000000
89,108,-195.121391,-0.000000
89,109,-195.121390,-0.000000
89,110,-195.121389,-0.000000
89,111,-195.121390,-0.000000
89,112,-195.121390,-0.000000
89,113,-195.121393,-0.000000
89,114,-195.121389,-0.000000
89,115,-195.121390,0.000000
89,116,-195.121389,-0.000000
89,117,-195.121392,-0.000000
89,118,-195.121390,0.000000
89,119,-195.121391,-0.000000
90,91,-195.121397,-0.000001
90,92,-195.121405,0.000000
90,93,-195.121392,-0.000000
90,94,-195.121413,-0.000002
90,95,-195.121394,-0.000000
90,96,-195.121398,-0.000001
90,97,-195.121420,-0.000001
90,98,-195.121404,-0.000002
90,99,-195.121397,-0.000000
90,100,-195.121393,0.000000
90,101,-195.121401,-0.000000
90,102,-195.121392,-0.000000
90,103,-195.121394,-0.000000
90,104,-195.121391,-0.000000
90,105,-195.121393,-0.000000
90,106,-195.121391,-0.000000
90,107,-195.121391,-0.000000
90,108,-195.121392,-0.000000
90,109,-195.121392,-0.000000
90,110,-195.121391,-0.000000
90,111,-195.121392,0.000000
90,112,-195.121391,0.000000
90,113,-195.121394,-0.000000
90,114,-195.121391,0.000000
90,115,-195.121392,-0.000000
90,116,-195.121391,-0.000000
90,117,-195.121394,-0.000000
90,118,-195.121392,-0.000000
90,119,-195.121393,-0.000000
91,92,-195.121405,-0.000000
91,93,-195.121392,-0.000000
91,94,-195.121411,-0.000001
91,95,-195.121395,-0.000001
91,96,-195.121401,-0.000003
91,97,-195.121419,-0.000000
91,98,-195.121402,-0.000000
91,99,-195.121397,-0.000001
91,100,-195.121393,-0.000000
91,101,-195.121401,-0.000000
91,102,-195.121392,-0.000000
91,103,-195.121394,-0.000000
91,104,-195.121391,-0.000000
91,105,-195.121393,-0.000000
91,106,-195.121391,-0.000000
91,107,-195.121391,0.000000
91,108,-195.121392,-0.000000
91,109,-195.121392,0.000000
91,110,-195.121391,-0.000000
91,111,-195.121392,-0.000000
91,112,-195.121391,-0.000000
91,113,-195.121394,-0.000000
91,114,-195.121391,-0.000000
91,115,-195.121392,-0.000000
91,116,-195.121391,-0.000000
91,117,-195.121394,-0.000000
91,118,-195.121391,0.000000
91,119,-195.121393,-0.000000
92,93,-195.121401,-0.000001
92,94,-195.121420,-0.000002
92,95,-195.121402,-0.000000
92,96,-195.121406,-0.000000
92,97,-195.121435,-0.000007
92,98,-195.121411,-0.000001
92,99,-195.121406,-0.000001
92,100,-195.121401,-0.000000
92,101,-195.121411,-0.000002
92,102,-195.121401,-0.000000
92,103,-195.121402,-0.000000
92,104,-195.121400,-0.000000
92,105,-195.121402,0.000000
92,106,-195.121400,-0.000000
92,107,-195.121400,-0.000000
92,108,-195.121401,-0.000000
92,109,-195.121401,-0.000000
92,110,-195.121399,0.000000
92,111,-195.121401,-0.000000
92,112,-195.121400,-0.000000
92,113,-195.121403,-0.000000
92,114,-195.121399,-0.000000
92,115,-195.121400,-0.000000
92,116,-195.121400,-0.000000
92,117,-195.121402,-0.000000
92,118,-195.121400,-0.000000
92,119,-195.121401,-0.000000
93,94,-195.121406,-0.000000
93,95,-195.121389,-0.000000
93,96,-195.121394,-0.000000
93,97,-195.121416,-0.000001
93,98,-195.121398,-0.000000
93,99,-195.121393,-0.000000
93,100,-195.121389,-0.000000
93,101,-195.121397,-0.000000
93,102,-195.121388,-0.000000
93,103,-195.121390,0.000000
93,104,-195.121387,-0.000000
93,105,-195.121389,-0.000000
93,106,-195.121387,-0.000000
93,107,-195.121387,0.000000
93,108,-195.121388,0.000000
93,109,-195.121388,-0.000000
93,110,-195.121387,0.000000
93,111,-195.121388,-0.000000
93,112,-195.121387,-0.000000
93,113,-195.121390,-0.000000
93,114,-195.121387,-0.000000
93,115,-195.121387,-0.000000
93,116,-195.121387,-0.000000
93,117,-195.121390,0.000000
93,118,-195.121387,-0.000000
93,119,-195.121388,-0.000000
94,95,-195.121407,-0.000000
94,96,-195.121412,0.000000
94,97,-195.121433,0.000000
94,98,-195.121421,-0.000005
94,99,-195.121412,-0.000002
94,100,-195.121408,-0.000001
94,101,-195.121416,-0.000001
94,102,-195.121406,-0.000000
94,103,-195.121408,-0.000000
94,104,-195.121405,-0.000000
94,105,-195.121407,-0.000000
94,106,-195.121405,-0.000000
94,107,-195.121406,-0.000000
94,108,-195.121407,-0.000001
94,109,-195.121406,-0.000000
94,110,-195.121405,-0.000000
94,111,-195.121406,0.000000
94,112,-195.121405,-0.000000
94,113,-195.121408,0.000000
94,114,-195.121405,-0.000000
94,115,-195.121406,-0.000000
94,116,-195.121405,0.000000
94,117,-195.121408,-0.000000
94,118,-195.121406,-0.000000
94,119,-195.121407,-0.000000
95,96,-195.121396,-0.000002
95,97,-195.121417,-0.000000
95,98,-195.121399,-0.000000
95,99,-195.121394,-0.000000
95,100,-195.121390,-0.000000
95,101,-195.121399,-0.000001
95,102,-195.121389,-0.000000
95,103,-195.121391,-0.000000
95,104,-195.121388,-0.000000
95,105,-195.121390,-0.000000
95,106,-195.121388,-0.000000
95,107,-195.121388,-0.000000
95,108,-195.121389,-0.000000
95,109,-195.121389,-0.000000
95,110,-195.121388,-0.000000
95,111,-195.121389,-0.000000
95,112,-195.121388,-0.000000
95,113,-195.121391,-0.000000
95,114,-195.121388,-0.000000
95,115,-195.121389,0.000000
95,116,-195.121388,0.000000
95,117,-195.121391,-0.000000
95,118,-195.121389,-0.000000
95,119,-195.121390,0.000000
96,97,-195.121421,-0.000000
96,98,-195.121403,-0.000000
96,99,-195.121402,-0.000004
96,100,-195.121395,-0.000001
96,101,-195.121406,-0.000003
96,102,-195.121394,-0.000001
96,103,-195.121395,-0.000000
96,104,-195.121392,0.000000
96,105,-195.121394,-0.000000
96,106,-195.121393,-0.000000
96,107,-195.121393,-0.000000
96,108,-195.121394,-0.000000
96,109,-195.121394,-0.000000
96,110,-195.121392,-0.000000
96,111,-195.121393,-0.000000
96,112,-195.121393,-0.000000
96,113,-195.121395,-0.000000
96,114,-195.121392,-0.000000
96,115,-195.121393,-0.000000
96,116,-195.121392,-0.000000
96,117,-195.121395,-0.000000
96,118,-195.121393,-0.000000
96,119,-195.121394,-0.000000
97,98,-195.121425,-0.000001
97,99,-195.121419,0.000000
97,100,-195.121416,-0.000000
97,101,-195.121424,-0.000000
97,102,-195.121415,0.000000
97,103,-195.121418,-0.000002
97,104,-195.121414,-0.000000
97,105,-195.121416,0.000000
97,106,-195.121414,-0.000000
97,107,-195.121415,-0.000001
97,108,-195.121416,-0.000001
97,109,-195.121415,-0.000000
97,110,-195.121414,-0.000000
97,111,-195.121415,0.000000
97,112,-195.121415,-0.000001
97,113,-195.121418,-0.000001
97,114,-195.121414,-0.000000
97,115,-195.121415,-0.000001
97,116,-195.121415,-0.000001
97,117,-195.121418,-0.000001
97,118,-195.121415,-0.000000
97,119,-195.121416,-0.000000
98,99,-195.121403,-0.000001
98,100,-195.121398,-0.000000
98,101,-195.121410,-0.000004
98,102,-195.121398,-0.000000
98,103,-195.121400,-0.000000
98,104,-195.121397,-0.000000
98,105,-195.121399,0.000000
98,106,-195.121397,-0.000000
98,107,-195.121397,-0.000000
98,108,-195.121398,-0.000000
98,109,-195.121398,-0.000000
98,110,-195.121396,-0.000000
98,111,-195.121398,-0.000000
98,112,-195.121397,-0.000000
98,113,-195.121400,-0.000000
98,114,-195.121396,-0.000000
98,115,-195.121398,-0.000000
98,116,-195.121397,-0.000000
98,117,-195.121400,-0.000001
98,118,-195.121397,-0.000000
98,119,-195.121398,-0.000000
99,100,-195.121395,-0.000002
99,101,-195.121401,-0.000000
99,102,-195.121394,-0.000002
99,103,-195.121394,-0.000000
99,104,-195.121391,-0.000000
99,105,-195.121393,-0.000000
99,106,-195.121391,-0.000000
99,107,-195.121392,-0.000000
99,108,-195.121394,-0.000001
99,109,-195.121392,-0.000000
99,110,-195.121391,-0.000000
99,111,-195.121392,0.000000
99,112,-195.121392,-0.000000
99,113,-195.121394,-0.000000
99,114,-195.121391,-0.000000
99,115,-195.121392,-0.000000
99,116,-195.121391,-0.000000
99,117,-195.121394,0.000000
99,118,-195.121392,-0.000000
99,119,-195.121393,0.000000
100,101,-195.121398,-0.000000
100,102,-195.121389,-0.000001
100,103,-195.121390,-0.000000
100,104,-195.121388,-0.000000
100,105,-195.121390,-0.000000
100,106,-195.121388,-0.000000
100,107,-195.121388,-0.000000
100,108,-195.121390,-0.000001
100,109,-195.121389,-0.000000
100,110,-195.121387,-0.000000
100,111,-195.121389,-0.000000
100,112,-195.121388,0.000000
100,113,-195.121391,-0.000000
100,114,-195.121387,-0.000000
100,115,-195.121388,-0.000000
100,116,-195.121388,-0.000000
100,117,-195.121390,-0.000000
100,118,-195.121388,-0.000000
100,119,-195.121389,-0.000000
101,102,-195.121397,-0.000000
101,103,-195.121399,-0.000000
101,104,-195.121396,-0.000000
101,105,-195.121398,-0.000000
101,106,-195.121396,-0.000000
101,107,-195.121396,-0.000000
101,108,-195.121397,-0.000000
101,109,-195.121397,-0.000000
101,110,-195.121395,-0.000000
101,111,-195.121397,-0.000000
101,112,-195.121396,0.000000
101,113,-195.121399,-0.000000
101,114,-195.121396,-0.000000
101,115,-195.121396,-0.000000
101,116,-195.121396,-0.000000
101,117,-195.121399,-0.000001
101,118,-195.121396,-0.000000
101,119,-195.121397,0.000000
102,103,-195.121389,0.000000
102,104,-195.121387,-0.000000
102,105,-195.121389,-0.000000
102,106,-195.121387,-0.000000
102,107,-195.121387,-0.000000
102,108,-195.121388,-0.000000
102,109,-195.121388,-0.000000
102,110,-195.121386,-0.000000
102,111,-195.121388,0.000000
102,112,-195.121387,-0.000000
102,113,-195.121390,-0.000000
102,114,-195.121386,-0.000000
102,115,-195.121387,-0.000000
102,116,-195.121387,-0.000000
102,117,-195.121389,-0.000000
102,118,-195.121387,-0.000000
102,119,-195.121388,-0.000000
103,104,-195.121388,-0.000000
103,105,-195.121391,-0.000000
103,106,-195.121389,0.000000
103,107,-195.121389,-0.000000
103,108,-195.121390,-0.000000
103,109,-195.121390,-0.000000
103,110,-195.121388,-0.000000
103,111,-195.121389,0.000000
103,112,-195.121389,-0.000000
103,113,-195.121392,0.000000
103,114,-195.121388,-0.000000
103,115,-195.121389,-0.000000
103,116,-195.121388,-0.000000
103,117,-195.121391,-0.000000
103,118,-195.121389,-0.000000
103,119,-195.121390,-0.000000
104,105,-195.121388,-0.000000
104,106,-195.121386,-0.000000
104,107,-195.121386,-0.000000
104,108,-195.121387,0.000000
104,109,-195.121387,-0.000000
104,110,-195.121385,-0.000000
104,111,-195.121387,0.000000
104,112,-195.121386,-0.000000
104,113,-195.121389,-0.000000
104,114,-195.121386,-0.000000
104,115,-195.121386,-0.000000
104,116,-195.121386,0.000000
104,117,-195.121388,-0.000000
104,118,-195.121386,-0.000000
104,119,-195.121387,-0.000000
105,106,-195.121388,0.000000
105,107,-195.121388,-0.000000
105,108,-195.121389,-0.000000
105,109,-195.121389,0.000000
105,110,-195.121388,0.000000
105,111,-195.121389,-0.000000
105,112,-195.121388,-0.000000
105,113,-195.121391,-0.000000
105,114,-195.121388,-0.000000
105,115,-195.121389,-0.000000
105,116,-195.121388,-0.000000
105,117,-195.121391,-0.000000
105,118,-195.121388,0.000000
105,119,-195.121389,0.000000
106,107,-195.121386,-0.000000
106,108,-195.121387,-0.000000
106,109,-195.121387,-0.000000
106,110,-195.121386,0.000000
106,111,-195.121387,-0.000000
106,112,-195.121386,-0.000000
106,113,-195.121389,-0.000000
106,114,-195.121386,-0.000000
106,115,-195.121387,-0.000000
106,116,-195.121386,-0.000000
106,117,-195.121389,0.000000
106,118,-195.121386,-0.000000
106,119,-195.121388,0.000000
107,108,-195.121387,-0.000000
107,109,-195.121387,-0.000000
107,110,-195.121386,0.000000
107,111,-195.121387,-0.000000
107,112,-195.121386,0.000000
107,113,-195.121389,-0.000000
107,114,-195.121386,-0.000000
107,115,-195.121387,-0.000000
107,116,-195.121386,-0.000000
107,117,-195.121389,0.000000
107,118,-195.121387,-0.000000
107,119,-195.121388,0.000000
108,109,-195.121388,-0.000000
108,110,-195.121387,-0.000000
108,111,-195.121388,-0.000000
108,112,-195.121388,-0.000000
108,113,-195.121390,0.000000
108,114,-195.121387,-0.000000
108,115,-195.121388,-0.000000
108,116,-195.121387,-0.000000
108,117,-195.121390,-0.000000
108,118,-195.121388,-0.000000
108,119,-195.121389,-0.000000
109,110,-195.121387,-0.000000
109,111,-195.121388,-0.000000
109,112,-195.121388,-0.000000
109,113,-195.121390,-0.000000
109,114,-195.121387,-0.000000
109,115,-195.121387,-0.000000
109,116,-195.121387,-0.000000
109,117,-195.121389,-0.000000
109,118,-195.121387,-0.000000
109,119,-195.121388,0.000000
110,111,-195.121387,-0.000000
110,112,-195.121386,-0.000000
110,113,-195.121389,-0.000000
110,114,-195.121385,0.000000
110,115,-195.121386,0.000000
110,116,-195.121386,-0.000000
110,117,-195.121388,-0.000000
110,118,-195.121386,-0.000000
110,119,-195.121387,-0.000000
111,112,-195.121387,-0.000000
111,113,-195.121390,-0.000000
111,114,-195.121387,-0.000000
111,115,-195.121387,-0.000000
111,116,-195.121387,-0.000000
111,117,-195.121390,-0.000000
111,118,-195.121388,-0.000000
111,119,-195.121388,-0.000000
112,113,-195.121389,-0.000000
112,114,-195.121386,-0.000000
112,115,-195.121387,-0.000000
112,116,-195.121386,-0.000000
112,117,-195.121389,-0.000000
112,118,-195.121387,-0.000000
112,119,-195.121388,-0.000000
113,114,-195.121389,-0.000000
113,115,-195.121390,-0.000001
113,116,-195.121389,-0.000000
113,117,-195.121392,-0.000000
113,118,-195.121389,-0.000000
113,119,-195.121390,0.000000
114,115,-195.121386,-0.000000
114,116,-195.121386,-0.000000
114,117,-195.121388,-0.000000
114,118,-195.121386,-0.000000
114,119,-195.121387,-0.000000
115,116,-195.121386,-0.000000
115,117,-195.121390,-0.000001
115,118,-195.121387,-0.000000
115,119,-195.121388,-0.000000
116,117,-195.121389,-0.000000
116,118,-195.121386,-0.000000
116,119,-195.121387,-0.000000
117,118,-195.121389,-0.000000
117,119,-195.121390,0.000000
118,119,-195.121388,-0.000000
