

******** <class 'pyscf.scf.hf.RHF'> ********
method = RHF
initial guess = minao
damping factor = 0
level_shift factor = 0
DIIS = <class 'pyscf.scf.diis.CDIIS'>
diis_start_cycle = 1
diis_space = 8
diis_damp = 0
SCF conv_tol = 1e-09
SCF conv_tol_grad = None
SCF max_cycles = 50
direct_scf = True
direct_scf_tol = 1e-13
chkfile to save SCF result = /tmp/tmpcevckdeg
max_memory 4000 MB (current use 87 MB)
Set gradient conv threshold to 3.16228e-05
Initial guess from minao.
init E= -112.695181672486
  HOMO = -0.358443452830152  LUMO = 0.059100049187755
cycle= 1 E= -112.587863113784  delta_E= 0.107  |g|= 0.512  |ddm|= 1.61
  HOMO = -0.593968497769753  LUMO = 0.119581869498137
cycle= 2 E= -112.612113175376  delta_E= -0.0243  |g|= 0.427  |ddm|= 0.608
  HOMO = -0.556581972298255  LUMO = 0.137467140396407
cycle= 3 E= -112.645577302766  delta_E= -0.0335  |g|= 0.0347  |ddm|= 0.268
  HOMO = -0.548417710469874  LUMO = 0.149399115594507
cycle= 4 E= -112.645895116611  delta_E= -0.000318  |g|= 0.00721  |ddm|= 0.0415
  HOMO = -0.551049243792868  LUMO = 0.147489243368594
cycle= 5 E= -112.645912220039  delta_E= -1.71e-05  |g|= 0.000611  |ddm|= 0.0122
  HOMO = -0.55098665776084  LUMO = 0.147390678801874
cycle= 6 E= -112.645912337306  delta_E= -1.17e-07  |g|= 0.000113  |ddm|= 0.000962
  HOMO = -0.550991018024284  LUMO = 0.147403014444172
cycle= 7 E= -112.645912341781  delta_E= -4.48e-09  |g|= 3.47e-05  |ddm|= 0.000129
  HOMO = -0.550982748949806  LUMO = 0.147407304891791
cycle= 8 E= -112.645912342187  delta_E= -4.06e-10  |g|= 6.52e-06  |ddm|= 5.09e-05
  HOMO = -0.550983103156837  LUMO = 0.147406537820016
Extra cycle  E= -112.645912342198  delta_E= -1.17e-11  |g|= 2.64e-06  |ddm|= 8.8e-06
converged SCF energy = -112.645912342198

******** <class 'pyscf.mcscf.casci.CASCI'> ********
CAS (1e+1e, 2o), ncore = 6, nvir = 20
natorb = False
canonicalization = True
sorting_mo_energy = False
max_memory 4000 MB (current use 158 MB)
******** <class 'pyscf.fci.direct_spin1.FCISolver'> ********
max. cycles = 200
conv_tol = 1e-08
davidson only = False
linear dependence = 1e-12
level shift = 0.001
max iter space = 12
max_memory 4000 MB
nroots = 1
pspace_size = 400
spin = None
Density matrix diagonal elements [1.98741015 0.01258985]
CASCI converged
CASCI E = -112.650661596124  E(CI) = -1.70769765259141  S^2 = 0.0000000
<class 'pyscf.mcscf.casci.CASCI'> does not have attributes  max_cycle

******** <class 'pyscf.mcscf.casci.CASCI'> ********
CAS (2e+2e, 3o), ncore = 5, nvir = 20
natorb = False
canonicalization = True
sorting_mo_energy = False
max_memory 4000 MB (current use 167 MB)
******** <class 'pyscf.fci.direct_spin1.FCISolver'> ********
max. cycles = 200
conv_tol = 1e-08
davidson only = False
linear dependence = 1e-12
level shift = 0.001
max iter space = 12
max_memory 4000 MB
nroots = 1
pspace_size = 400
spin = None
Density matrix diagonal elements [1.98741062 0.01258946 1.99999992]
CASCI converged
CASCI E = -112.650663281918  E(CI) = -49.4106458454442  S^2 = 0.0000000

******** <class 'pyscf.mcscf.casci.CASCI'> ********
CAS (2e+2e, 3o), ncore = 5, nvir = 20
natorb = False
canonicalization = True
sorting_mo_energy = False
max_memory 4000 MB (current use 171 MB)
******** <class 'pyscf.fci.direct_spin1.FCISolver'> ********
max. cycles = 200
conv_tol = 1e-08
davidson only = False
linear dependence = 1e-12
level shift = 0.001
max iter space = 12
max_memory 4000 MB
nroots = 1
pspace_size = 400
spin = None
Density matrix diagonal elements [1.98742592 0.01257531 1.99999877]
CASCI converged
CASCI E = -112.650675673419  E(CI) = -30.9272419070073  S^2 = 0.0000000

******** <class 'pyscf.mcscf.casci.CASCI'> ********
CAS (2e+2e, 3o), ncore = 5, nvir = 20
natorb = False
canonicalization = True
sorting_mo_energy = False
max_memory 4000 MB (current use 171 MB)
******** <class 'pyscf.fci.direct_spin1.FCISolver'> ********
max. cycles = 200
conv_tol = 1e-08
davidson only = False
linear dependence = 1e-12
level shift = 0.001
max iter space = 12
max_memory 4000 MB
nroots = 1
pspace_size = 400
spin = None
Density matrix diagonal elements [1.98761332 0.01263    1.99975668]
CASCI converged
CASCI E = -112.650995622018  E(CI) = -7.24394768851883  S^2 = 0.0000000

******** <class 'pyscf.mcscf.casci.CASCI'> ********
CAS (2e+2e, 3o), ncore = 5, nvir = 20
natorb = False
canonicalization = True
sorting_mo_energy = False
max_memory 4000 MB (current use 171 MB)
******** <class 'pyscf.fci.direct_spin1.FCISolver'> ********
max. cycles = 200
conv_tol = 1e-08
davidson only = False
linear dependence = 1e-12
level shift = 0.001
max iter space = 12
max_memory 4000 MB
nroots = 1
pspace_size = 400
spin = None
Density matrix diagonal elements [1.98809179 0.01443931 1.9974689 ]
CASCI converged
CASCI E = -112.652368303143  E(CI) = -5.44885749866540  S^2 = 0.0000000

******** <class 'pyscf.mcscf.casci.CASCI'> ********
CAS (2e+2e, 3o), ncore = 5, nvir = 20
natorb = False
canonicalization = True
sorting_mo_energy = False
max_memory 4000 MB (current use 172 MB)
******** <class 'pyscf.fci.direct_spin1.FCISolver'> ********
max. cycles = 200
conv_tol = 1e-08
davidson only = False
linear dependence = 1e-12
level shift = 0.001
max iter space = 12
max_memory 4000 MB
nroots = 1
pspace_size = 400
spin = None
Density matrix diagonal elements [1.98881554 0.03196091 1.97922355]
CASCI converged
CASCI E = -112.661154598941  E(CI) = -5.22104592348008  S^2 = 0.0000000

******** <class 'pyscf.mcscf.casci.CASCI'> ********
CAS (2e+2e, 3o), ncore = 5, nvir = 20
natorb = False
canonicalization = True
sorting_mo_energy = False
max_memory 4000 MB (current use 172 MB)
******** <class 'pyscf.fci.direct_spin1.FCISolver'> ********
max. cycles = 200
conv_tol = 1e-08
davidson only = False
linear dependence = 1e-12
level shift = 0.001
max iter space = 12
max_memory 4000 MB
nroots = 1
pspace_size = 400
spin = None
Density matrix diagonal elements [1.9874709  0.01269746 1.99983164]
CASCI converged
CASCI E = -112.650745353998  E(CI) = -5.21063667853694  S^2 = 0.0000000

******** <class 'pyscf.mcscf.casci.CASCI'> ********
CAS (1e+1e, 3o), ncore = 6, nvir = 19
natorb = False
canonicalization = True
sorting_mo_energy = False
max_memory 4000 MB (current use 172 MB)
******** <class 'pyscf.fci.direct_spin1.FCISolver'> ********
max. cycles = 200
conv_tol = 1e-08
davidson only = False
linear dependence = 1e-12
level shift = 0.001
max iter space = 12
max_memory 4000 MB
nroots = 1
pspace_size = 400
spin = None
Density matrix diagonal elements [1.97639465 0.01178713 0.01181823]
CASCI converged
CASCI E = -112.655138349784  E(CI) = -1.71217440625186  S^2 = 0.0000000

******** <class 'pyscf.mcscf.casci.CASCI'> ********
CAS (1e+1e, 3o), ncore = 6, nvir = 19
natorb = False
canonicalization = True
sorting_mo_energy = False
max_memory 4000 MB (current use 172 MB)
******** <class 'pyscf.fci.direct_spin1.FCISolver'> ********
max. cycles = 200
conv_tol = 1e-08
davidson only = False
linear dependence = 1e-12
level shift = 0.001
max iter space = 12
max_memory 4000 MB
nroots = 1
pspace_size = 400
spin = None
Density matrix diagonal elements [1.98669448e+00 1.24517663e-02 8.53758446e-04]
CASCI converged
CASCI E = -112.651257577737  E(CI) = -1.70829363420457  S^2 = 0.0000000

******** <class 'pyscf.mcscf.casci.CASCI'> ********
CAS (1e+1e, 3o), ncore = 6, nvir = 19
natorb = False
canonicalization = True
sorting_mo_energy = False
max_memory 4000 MB (current use 172 MB)
******** <class 'pyscf.fci.direct_spin1.FCISolver'> ********
max. cycles = 200
conv_tol = 1e-08
davidson only = False
linear dependence = 1e-12
level shift = 0.001
max iter space = 12
max_memory 4000 MB
nroots = 1
pspace_size = 400
spin = None
Density matrix diagonal elements [1.98279178 0.01192454 0.00528368]
CASCI converged
CASCI E = -112.654720606506  E(CI) = -1.71175666297341  S^2 = 0.0000000

******** <class 'pyscf.mcscf.casci.CASCI'> ********
CAS (1e+1e, 3o), ncore = 6, nvir = 19
natorb = False
canonicalization = True
sorting_mo_energy = False
max_memory 4000 MB (current use 172 MB)
******** <class 'pyscf.fci.direct_spin1.FCISolver'> ********
max. cycles = 200
conv_tol = 1e-08
davidson only = False
linear dependence = 1e-12
level shift = 0.001
max iter space = 12
max_memory 4000 MB
nroots = 1
pspace_size = 400
spin = None
Density matrix diagonal elements [1.98393649e+00 1.49822683e-02 1.08123734e-03]
CASCI converged
CASCI E = -112.651831908103  E(CI) = -1.70886796457067  S^2 = 0.0000000

******** <class 'pyscf.mcscf.casci.CASCI'> ********
CAS (1e+1e, 3o), ncore = 6, nvir = 19
natorb = False
canonicalization = True
sorting_mo_energy = False
max_memory 4000 MB (current use 172 MB)
******** <class 'pyscf.fci.direct_spin1.FCISolver'> ********
max. cycles = 200
conv_tol = 1e-08
davidson only = False
linear dependence = 1e-12
level shift = 0.001
max iter space = 12
max_memory 4000 MB
nroots = 1
pspace_size = 400
spin = None
Density matrix diagonal elements [1.98714803e+00 1.25292801e-02 3.22691260e-04]
CASCI converged
CASCI E = -112.650936708547  E(CI) = -1.70797276501503  S^2 = 0.0000000

******** <class 'pyscf.mcscf.casci.CASCI'> ********
CAS (1e+1e, 3o), ncore = 6, nvir = 19
natorb = False
canonicalization = True
sorting_mo_energy = False
max_memory 4000 MB (current use 173 MB)
******** <class 'pyscf.fci.direct_spin1.FCISolver'> ********
max. cycles = 200
conv_tol = 1e-08
davidson only = False
linear dependence = 1e-12
level shift = 0.001
max iter space = 12
max_memory 4000 MB
nroots = 1
pspace_size = 400
spin = None
Density matrix diagonal elements [1.98732492e+00 1.25464712e-02 1.28613093e-04]
CASCI converged
CASCI E = -112.650832658645  E(CI) = -1.70786871511302  S^2 = 0.0000000

******** <class 'pyscf.mcscf.casci.CASCI'> ********
CAS (1e+1e, 3o), ncore = 6, nvir = 19
natorb = False
canonicalization = True
sorting_mo_energy = False
max_memory 4000 MB (current use 173 MB)
******** <class 'pyscf.fci.direct_spin1.FCISolver'> ********
max. cycles = 200
conv_tol = 1e-08
davidson only = False
linear dependence = 1e-12
level shift = 0.001
max iter space = 12
max_memory 4000 MB
nroots = 1
pspace_size = 400
spin = None
Density matrix diagonal elements [1.98682583e+00 1.24292975e-02 7.44875542e-04]
CASCI converged
CASCI E = -112.651725189399  E(CI) = -1.70876124586648  S^2 = 0.0000000

******** <class 'pyscf.mcscf.casci.CASCI'> ********
CAS (1e+1e, 3o), ncore = 6, nvir = 19
natorb = False
canonicalization = True
sorting_mo_energy = False
max_memory 4000 MB (current use 173 MB)
******** <class 'pyscf.fci.direct_spin1.FCISolver'> ********
max. cycles = 200
conv_tol = 1e-08
davidson only = False
linear dependence = 1e-12
level shift = 0.001
max iter space = 12
max_memory 4000 MB
nroots = 1
pspace_size = 400
spin = None
Density matrix diagonal elements [1.98737387e+00 1.26201243e-02 6.00958249e-06]
CASCI converged
CASCI E = -112.650673888565  E(CI) = -1.70770994503306  S^2 = 0.0000000

******** <class 'pyscf.mcscf.casci.CASCI'> ********
CAS (1e+1e, 3o), ncore = 6, nvir = 19
natorb = False
canonicalization = True
sorting_mo_energy = False
max_memory 4000 MB (current use 173 MB)
******** <class 'pyscf.fci.direct_spin1.FCISolver'> ********
max. cycles = 200
conv_tol = 1e-08
davidson only = False
linear dependence = 1e-12
level shift = 0.001
max iter space = 12
max_memory 4000 MB
nroots = 1
pspace_size = 400
spin = None
Density matrix diagonal elements [1.98740983e+00 1.25871977e-02 2.96885575e-06]
CASCI converged
CASCI E = -112.650666758843  E(CI) = -1.70770281531054  S^2 = 0.0000000

******** <class 'pyscf.mcscf.casci.CASCI'> ********
CAS (1e+1e, 3o), ncore = 6, nvir = 19
natorb = False
canonicalization = True
sorting_mo_energy = False
max_memory 4000 MB (current use 173 MB)
******** <class 'pyscf.fci.direct_spin1.FCISolver'> ********
max. cycles = 200
conv_tol = 1e-08
davidson only = False
linear dependence = 1e-12
level shift = 0.001
max iter space = 12
max_memory 4000 MB
nroots = 1
pspace_size = 400
spin = None
Density matrix diagonal elements [1.98740414e+00 1.25759410e-02 1.99187497e-05]
CASCI converged
CASCI E = -112.650699269004  E(CI) = -1.70773532547172  S^2 = 0.0000000

******** <class 'pyscf.mcscf.casci.CASCI'> ********
CAS (1e+1e, 3o), ncore = 6, nvir = 19
natorb = False
canonicalization = True
sorting_mo_energy = False
max_memory 4000 MB (current use 173 MB)
******** <class 'pyscf.fci.direct_spin1.FCISolver'> ********
max. cycles = 200
conv_tol = 1e-08
davidson only = False
linear dependence = 1e-12
level shift = 0.001
max iter space = 12
max_memory 4000 MB
nroots = 1
pspace_size = 400
spin = None
Density matrix diagonal elements [1.98746352e+00 1.24273898e-02 1.09086203e-04]
CASCI converged
CASCI E = -112.650880058497  E(CI) = -1.70791611496442  S^2 = 0.0000000

******** <class 'pyscf.mcscf.casci.CASCI'> ********
CAS (1e+1e, 3o), ncore = 6, nvir = 19
natorb = False
canonicalization = True
sorting_mo_energy = False
max_memory 4000 MB (current use 173 MB)
******** <class 'pyscf.fci.direct_spin1.FCISolver'> ********
max. cycles = 200
conv_tol = 1e-08
davidson only = False
linear dependence = 1e-12
level shift = 0.001
max iter space = 12
max_memory 4000 MB
nroots = 1
pspace_size = 400
spin = None
Density matrix diagonal elements [1.98739612e+00 1.24888965e-02 1.14982453e-04]
CASCI converged
CASCI E = -112.650891725675  E(CI) = -1.70792778214324  S^2 = 0.0000000

******** <class 'pyscf.mcscf.casci.CASCI'> ********
CAS (1e+1e, 3o), ncore = 6, nvir = 19
natorb = False
canonicalization = True
sorting_mo_energy = False
max_memory 4000 MB (current use 173 MB)
******** <class 'pyscf.fci.direct_spin1.FCISolver'> ********
max. cycles = 200
conv_tol = 1e-08
davidson only = False
linear dependence = 1e-12
level shift = 0.001
max iter space = 12
max_memory 4000 MB
nroots = 1
pspace_size = 400
spin = None
Density matrix diagonal elements [1.98705791e+00 1.25132726e-02 4.28817109e-04]
CASCI converged
CASCI E = -112.651560918529  E(CI) = -1.70859697499723  S^2 = 0.0000000

******** <class 'pyscf.mcscf.casci.CASCI'> ********
CAS (1e+1e, 3o), ncore = 6, nvir = 19
natorb = False
canonicalization = True
sorting_mo_energy = False
max_memory 4000 MB (current use 173 MB)
******** <class 'pyscf.fci.direct_spin1.FCISolver'> ********
max. cycles = 200
conv_tol = 1e-08
davidson only = False
linear dependence = 1e-12
level shift = 0.001
max iter space = 12
max_memory 4000 MB
nroots = 1
pspace_size = 400
spin = None
Density matrix diagonal elements [1.98317242e+00 1.52516404e-02 1.57594317e-03]
CASCI converged
CASCI E = -112.654294332101  E(CI) = -1.71133038856928  S^2 = 0.0000000

******** <class 'pyscf.mcscf.casci.CASCI'> ********
CAS (1e+1e, 3o), ncore = 6, nvir = 19
natorb = False
canonicalization = True
sorting_mo_energy = False
max_memory 4000 MB (current use 173 MB)
******** <class 'pyscf.fci.direct_spin1.FCISolver'> ********
max. cycles = 200
conv_tol = 1e-08
davidson only = False
linear dependence = 1e-12
level shift = 0.001
max iter space = 12
max_memory 4000 MB
nroots = 1
pspace_size = 400
spin = None
Density matrix diagonal elements [1.98729385e+00 1.24949781e-02 2.11173845e-04]
CASCI converged
CASCI E = -112.651271905807  E(CI) = -1.70830796227447  S^2 = 0.0000000

******** <class 'pyscf.mcscf.casci.CASCI'> ********
CAS (1e+1e, 3o), ncore = 6, nvir = 19
natorb = False
canonicalization = True
sorting_mo_energy = False
max_memory 4000 MB (current use 173 MB)
******** <class 'pyscf.fci.direct_spin1.FCISolver'> ********
max. cycles = 200
conv_tol = 1e-08
davidson only = False
linear dependence = 1e-12
level shift = 0.001
max iter space = 12
max_memory 4000 MB
nroots = 1
pspace_size = 400
spin = None
Density matrix diagonal elements [1.98741389e+00 1.25859487e-02 1.59807946e-07]
CASCI converged
CASCI E = -112.650662153068  E(CI) = -1.70769820953539  S^2 = 0.0000000

******** <class 'pyscf.mcscf.casci.CASCI'> ********
CAS (1e+1e, 3o), ncore = 6, nvir = 19
natorb = False
canonicalization = True
sorting_mo_energy = False
max_memory 4000 MB (current use 173 MB)
******** <class 'pyscf.fci.direct_spin1.FCISolver'> ********
max. cycles = 200
conv_tol = 1e-08
davidson only = False
linear dependence = 1e-12
level shift = 0.001
max iter space = 12
max_memory 4000 MB
nroots = 1
pspace_size = 400
spin = None
Density matrix diagonal elements [1.98740908e+00 1.25904844e-02 4.32249407e-07]
CASCI converged
CASCI E = -112.650663014431  E(CI) = -1.70769907089920  S^2 = 0.0000000

******** <class 'pyscf.mcscf.casci.CASCI'> ********
CAS (1e+1e, 3o), ncore = 6, nvir = 19
natorb = False
canonicalization = True
sorting_mo_energy = False
max_memory 4000 MB (current use 173 MB)
******** <class 'pyscf.fci.direct_spin1.FCISolver'> ********
max. cycles = 200
conv_tol = 1e-08
davidson only = False
linear dependence = 1e-12
level shift = 0.001
max iter space = 12
max_memory 4000 MB
nroots = 1
pspace_size = 400
spin = None
Density matrix diagonal elements [1.98740373e+00 1.25815409e-02 1.47261184e-05]
CASCI converged
CASCI E = -112.650719517456  E(CI) = -1.70775557392369  S^2 = 0.0000000

******** <class 'pyscf.mcscf.casci.CASCI'> ********
CAS (1e+1e, 3o), ncore = 6, nvir = 19
natorb = False
canonicalization = True
sorting_mo_energy = False
max_memory 4000 MB (current use 173 MB)
******** <class 'pyscf.fci.direct_spin1.FCISolver'> ********
max. cycles = 200
conv_tol = 1e-08
davidson only = False
linear dependence = 1e-12
level shift = 0.001
max iter space = 12
max_memory 4000 MB
nroots = 1
pspace_size = 400
spin = None
Density matrix diagonal elements [1.98738413e+00 1.25746486e-02 4.12210222e-05]
CASCI converged
CASCI E = -112.650833658302  E(CI) = -1.70786971476957  S^2 = 0.0000000

******** <class 'pyscf.mcscf.casci.CASCI'> ********
CAS (1e+1e, 3o), ncore = 6, nvir = 19
natorb = False
canonicalization = True
sorting_mo_energy = False
max_memory 4000 MB (current use 173 MB)
******** <class 'pyscf.fci.direct_spin1.FCISolver'> ********
max. cycles = 200
conv_tol = 1e-08
davidson only = False
linear dependence = 1e-12
level shift = 0.001
max iter space = 12
max_memory 4000 MB
nroots = 1
pspace_size = 400
spin = None
Density matrix diagonal elements [1.98741246e+00 1.25792048e-02 8.33056055e-06]
CASCI converged
CASCI E = -112.650698444796  E(CI) = -1.70773450126353  S^2 = 0.0000000
one-all : -0.03510923194296822

******** <class 'pyscf.mcscf.casci.CASCI'> ********
CAS (3e+3e, 4o), ncore = 4, nvir = 20
natorb = False
canonicalization = True
sorting_mo_energy = False
max_memory 4000 MB (current use 173 MB)
******** <class 'pyscf.fci.direct_spin1.FCISolver'> ********
max. cycles = 200
conv_tol = 1e-08
davidson only = False
linear dependence = 1e-12
level shift = 0.001
max iter space = 12
max_memory 4000 MB
nroots = 1
pspace_size = 400
spin = None
Density matrix diagonal elements [1.98742639 0.01257492 1.99999992 1.99999877]
CASCI converged
CASCI E = -112.650677361101  E(CI) = -80.5072359596711  S^2 = 0.0000000

******** <class 'pyscf.mcscf.casci.CASCI'> ********
CAS (3e+3e, 4o), ncore = 4, nvir = 20
natorb = False
canonicalization = True
sorting_mo_energy = False
max_memory 4000 MB (current use 173 MB)
******** <class 'pyscf.fci.direct_spin1.FCISolver'> ********
max. cycles = 200
conv_tol = 1e-08
davidson only = False
linear dependence = 1e-12
level shift = 0.001
max iter space = 12
max_memory 4000 MB
nroots = 1
pspace_size = 400
spin = None
Density matrix diagonal elements [1.98761484 0.01262882 1.99999975 1.99975659]
CASCI converged
CASCI E = -112.651000998673  E(CI) = -58.9872455471644  S^2 = 0.0000000

******** <class 'pyscf.mcscf.casci.CASCI'> ********
CAS (3e+3e, 4o), ncore = 4, nvir = 20
natorb = False
canonicalization = True
sorting_mo_energy = False
max_memory 4000 MB (current use 173 MB)
******** <class 'pyscf.fci.direct_spin1.FCISolver'> ********
max. cycles = 200
conv_tol = 1e-08
davidson only = False
linear dependence = 1e-12
level shift = 0.001
max iter space = 12
max_memory 4000 MB
nroots = 1
pspace_size = 400
spin = None
Density matrix diagonal elements [1.98809217 0.01443828 1.99999981 1.99746973]
CASCI converged
CASCI E = -112.652372384928  E(CI) = -57.0654240196072  S^2 = 0.0000000

******** <class 'pyscf.mcscf.casci.CASCI'> ********
CAS (3e+3e, 4o), ncore = 4, nvir = 20
natorb = False
canonicalization = True
sorting_mo_energy = False
max_memory 4000 MB (current use 173 MB)
******** <class 'pyscf.fci.direct_spin1.FCISolver'> ********
max. cycles = 200
conv_tol = 1e-08
davidson only = False
linear dependence = 1e-12
level shift = 0.001
max iter space = 12
max_memory 4000 MB
nroots = 1
pspace_size = 400
spin = None
Density matrix diagonal elements [1.98881593 0.03195979 1.99999995 1.97922433]
CASCI converged
CASCI E = -112.661155654478  E(CI) = -56.5120923354088  S^2 = 0.0000000

******** <class 'pyscf.mcscf.casci.CASCI'> ********
CAS (3e+3e, 4o), ncore = 4, nvir = 20
natorb = False
canonicalization = True
sorting_mo_energy = False
max_memory 4000 MB (current use 173 MB)
******** <class 'pyscf.fci.direct_spin1.FCISolver'> ********
max. cycles = 200
conv_tol = 1e-08
davidson only = False
linear dependence = 1e-12
level shift = 0.001
max iter space = 12
max_memory 4000 MB
nroots = 1
pspace_size = 400
spin = None
Density matrix diagonal elements [1.98747133 0.01269694 1.99999993 1.99983181]
CASCI converged
CASCI E = -112.650746958487  E(CI) = -56.5016836394180  S^2 = 0.0000000

******** <class 'pyscf.mcscf.casci.CASCI'> ********
CAS (2e+2e, 4o), ncore = 5, nvir = 19
natorb = False
canonicalization = True
sorting_mo_energy = False
max_memory 4000 MB (current use 173 MB)
******** <class 'pyscf.fci.direct_spin1.FCISolver'> ********
max. cycles = 200
conv_tol = 1e-08
davidson only = False
linear dependence = 1e-12
level shift = 0.001
max iter space = 12
max_memory 4000 MB
nroots = 1
pspace_size = 400
spin = None
Density matrix diagonal elements [1.9763954  0.01178682 1.99999985 0.01181793]
CASCI converged
CASCI E = -112.655141750859  E(CI) = -49.4151243143855  S^2 = 0.0000000

******** <class 'pyscf.mcscf.casci.CASCI'> ********
CAS (2e+2e, 4o), ncore = 5, nvir = 19
natorb = False
canonicalization = True
sorting_mo_energy = False
max_memory 4000 MB (current use 173 MB)
******** <class 'pyscf.fci.direct_spin1.FCISolver'> ********
max. cycles = 200
conv_tol = 1e-08
davidson only = False
linear dependence = 1e-12
level shift = 0.001
max iter space = 12
max_memory 4000 MB
nroots = 1
pspace_size = 400
spin = None
Density matrix diagonal elements [1.98669494e+00 1.24514254e-02 1.99999987e+00 8.53765588e-04]
CASCI converged
CASCI E = -112.651260452712  E(CI) = -49.4112430162381  S^2 = 0.0000000

******** <class 'pyscf.mcscf.casci.CASCI'> ********
CAS (2e+2e, 4o), ncore = 5, nvir = 19
natorb = False
canonicalization = True
sorting_mo_energy = False
max_memory 4000 MB (current use 173 MB)
******** <class 'pyscf.fci.direct_spin1.FCISolver'> ********
max. cycles = 200
conv_tol = 1e-08
davidson only = False
linear dependence = 1e-12
level shift = 0.001
max iter space = 12
max_memory 4000 MB
nroots = 1
pspace_size = 400
spin = None
Density matrix diagonal elements [1.98279222 0.01192418 1.99999992 0.00528368]
CASCI converged
CASCI E = -112.654722331729  E(CI) = -49.4147048952546  S^2 = 0.0000000

******** <class 'pyscf.mcscf.casci.CASCI'> ********
CAS (2e+2e, 4o), ncore = 5, nvir = 19
natorb = False
canonicalization = True
sorting_mo_energy = False
max_memory 4000 MB (current use 173 MB)
******** <class 'pyscf.fci.direct_spin1.FCISolver'> ********
max. cycles = 200
conv_tol = 1e-08
davidson only = False
linear dependence = 1e-12
level shift = 0.001
max iter space = 12
max_memory 4000 MB
nroots = 1
pspace_size = 400
spin = None
Density matrix diagonal elements [1.98393704e+00 1.49818086e-02 1.99999992e+00 1.08122958e-03]
CASCI converged
CASCI E = -112.651833617157  E(CI) = -49.4118161806830  S^2 = 0.0000000

******** <class 'pyscf.mcscf.casci.CASCI'> ********
CAS (2e+2e, 4o), ncore = 5, nvir = 19
natorb = False
canonicalization = True
sorting_mo_energy = False
max_memory 4000 MB (current use 173 MB)
******** <class 'pyscf.fci.direct_spin1.FCISolver'> ********
max. cycles = 200
conv_tol = 1e-08
davidson only = False
linear dependence = 1e-12
level shift = 0.001
max iter space = 12
max_memory 4000 MB
nroots = 1
pspace_size = 400
spin = None
Density matrix diagonal elements [1.98714850e+00 1.25288858e-02 1.99999992e+00 3.22691979e-04]
CASCI converged
CASCI E = -112.650938394836  E(CI) = -49.4109209583616  S^2 = 0.0000000

******** <class 'pyscf.mcscf.casci.CASCI'> ********
CAS (2e+2e, 4o), ncore = 5, nvir = 19
natorb = False
canonicalization = True
sorting_mo_energy = False
max_memory 4000 MB (current use 173 MB)
******** <class 'pyscf.fci.direct_spin1.FCISolver'> ********
max. cycles = 200
conv_tol = 1e-08
davidson only = False
linear dependence = 1e-12
level shift = 0.001
max iter space = 12
max_memory 4000 MB
nroots = 1
pspace_size = 400
spin = None
Density matrix diagonal elements [1.98732533e+00 1.25461521e-02 1.99999969e+00 1.28831341e-04]
CASCI converged
CASCI E = -112.650839751631  E(CI) = -49.4108223151574  S^2 = 0.0000000

******** <class 'pyscf.mcscf.casci.CASCI'> ********
CAS (2e+2e, 4o), ncore = 5, nvir = 19
natorb = False
canonicalization = True
sorting_mo_energy = False
max_memory 4000 MB (current use 173 MB)
******** <class 'pyscf.fci.direct_spin1.FCISolver'> ********
max. cycles = 200
conv_tol = 1e-08
davidson only = False
linear dependence = 1e-12
level shift = 0.001
max iter space = 12
max_memory 4000 MB
nroots = 1
pspace_size = 400
spin = None
Density matrix diagonal elements [1.98682608e+00 1.24293510e-02 1.99999843e+00 7.46133431e-04]
CASCI converged
CASCI E = -112.651760684710  E(CI) = -49.4117432482359  S^2 = 0.0000000

******** <class 'pyscf.mcscf.casci.CASCI'> ********
CAS (2e+2e, 4o), ncore = 5, nvir = 19
natorb = False
canonicalization = True
sorting_mo_energy = False
max_memory 4000 MB (current use 173 MB)
******** <class 'pyscf.fci.direct_spin1.FCISolver'> ********
max. cycles = 200
conv_tol = 1e-08
davidson only = False
linear dependence = 1e-12
level shift = 0.001
max iter space = 12
max_memory 4000 MB
nroots = 1
pspace_size = 400
spin = None
Density matrix diagonal elements [1.98737518e+00 1.26193068e-02 1.99999687e+00 8.64062800e-06]
CASCI converged
CASCI E = -112.650743653673  E(CI) = -49.4107262171986  S^2 = 0.0000000

******** <class 'pyscf.mcscf.casci.CASCI'> ********
CAS (2e+2e, 4o), ncore = 5, nvir = 19
natorb = False
canonicalization = True
sorting_mo_energy = False
max_memory 4000 MB (current use 173 MB)
******** <class 'pyscf.fci.direct_spin1.FCISolver'> ********
max. cycles = 200
conv_tol = 1e-08
davidson only = False
linear dependence = 1e-12
level shift = 0.001
max iter space = 12
max_memory 4000 MB
nroots = 1
pspace_size = 400
spin = None
Density matrix diagonal elements [1.98741029e+00 1.25867960e-02 1.99999779e+00 5.12212161e-06]
CASCI converged
CASCI E = -112.650716751760  E(CI) = -49.4106993152865  S^2 = 0.0000000

******** <class 'pyscf.mcscf.casci.CASCI'> ********
CAS (2e+2e, 4o), ncore = 5, nvir = 19
natorb = False
canonicalization = True
sorting_mo_energy = False
max_memory 4000 MB (current use 173 MB)
******** <class 'pyscf.fci.direct_spin1.FCISolver'> ********
max. cycles = 200
conv_tol = 1e-08
davidson only = False
linear dependence = 1e-12
level shift = 0.001
max iter space = 12
max_memory 4000 MB
nroots = 1
pspace_size = 400
spin = None
Density matrix diagonal elements [1.98740445e+00 1.25757214e-02 1.99999683e+00 2.30021168e-05]
CASCI converged
CASCI E = -112.650772989964  E(CI) = -49.4107555534905  S^2 = 0.0000000

******** <class 'pyscf.mcscf.casci.CASCI'> ********
CAS (2e+2e, 4o), ncore = 5, nvir = 19
natorb = False
canonicalization = True
sorting_mo_energy = False
max_memory 4000 MB (current use 173 MB)
******** <class 'pyscf.fci.direct_spin1.FCISolver'> ********
max. cycles = 200
conv_tol = 1e-08
davidson only = False
linear dependence = 1e-12
level shift = 0.001
max iter space = 12
max_memory 4000 MB
nroots = 1
pspace_size = 400
spin = None
Density matrix diagonal elements [1.98746399e+00 1.24269972e-02 1.99999992e+00 1.09086830e-04]
CASCI converged
CASCI E = -112.650881745495  E(CI) = -49.4108643090206  S^2 = 0.0000000

******** <class 'pyscf.mcscf.casci.CASCI'> ********
CAS (2e+2e, 4o), ncore = 5, nvir = 19
natorb = False
canonicalization = True
sorting_mo_energy = False
max_memory 4000 MB (current use 173 MB)
******** <class 'pyscf.fci.direct_spin1.FCISolver'> ********
max. cycles = 200
conv_tol = 1e-08
davidson only = False
linear dependence = 1e-12
level shift = 0.001
max iter space = 12
max_memory 4000 MB
nroots = 1
pspace_size = 400
spin = None
Density matrix diagonal elements [1.98739659e+00 1.24885012e-02 1.99999992e+00 1.14982809e-04]
CASCI converged
CASCI E = -112.650893412140  E(CI) = -49.4108759756660  S^2 = 0.0000000

******** <class 'pyscf.mcscf.casci.CASCI'> ********
CAS (2e+2e, 4o), ncore = 5, nvir = 19
natorb = False
canonicalization = True
sorting_mo_energy = False
max_memory 4000 MB (current use 173 MB)
******** <class 'pyscf.fci.direct_spin1.FCISolver'> ********
max. cycles = 200
conv_tol = 1e-08
davidson only = False
linear dependence = 1e-12
level shift = 0.001
max iter space = 12
max_memory 4000 MB
nroots = 1
pspace_size = 400
spin = None
Density matrix diagonal elements [1.98705838e+00 1.25128811e-02 1.99999991e+00 4.28824248e-04]
CASCI converged
CASCI E = -112.651562860887  E(CI) = -49.4115454244134  S^2 = 0.0000000

******** <class 'pyscf.mcscf.casci.CASCI'> ********
CAS (2e+2e, 4o), ncore = 5, nvir = 19
natorb = False
canonicalization = True
sorting_mo_energy = False
max_memory 4000 MB (current use 173 MB)
******** <class 'pyscf.fci.direct_spin1.FCISolver'> ********
max. cycles = 200
conv_tol = 1e-08
davidson only = False
linear dependence = 1e-12
level shift = 0.001
max iter space = 12
max_memory 4000 MB
nroots = 1
pspace_size = 400
spin = None
Density matrix diagonal elements [1.98317275e+00 1.52514082e-02 1.99999983e+00 1.57601146e-03]
CASCI converged
CASCI E = -112.654298177889  E(CI) = -49.4142807414150  S^2 = 0.0000000

******** <class 'pyscf.mcscf.casci.CASCI'> ********
CAS (2e+2e, 4o), ncore = 5, nvir = 19
natorb = False
canonicalization = True
sorting_mo_energy = False
max_memory 4000 MB (current use 173 MB)
******** <class 'pyscf.fci.direct_spin1.FCISolver'> ********
max. cycles = 200
conv_tol = 1e-08
davidson only = False
linear dependence = 1e-12
level shift = 0.001
max iter space = 12
max_memory 4000 MB
nroots = 1
pspace_size = 400
spin = None
Density matrix diagonal elements [1.98729371e+00 1.24952067e-02 1.99999873e+00 2.12353055e-04]
CASCI converged
CASCI E = -112.651302929622  E(CI) = -49.4112854931482  S^2 = 0.0000000

******** <class 'pyscf.mcscf.casci.CASCI'> ********
CAS (2e+2e, 4o), ncore = 5, nvir = 19
natorb = False
canonicalization = True
sorting_mo_energy = False
max_memory 4000 MB (current use 173 MB)
******** <class 'pyscf.fci.direct_spin1.FCISolver'> ********
max. cycles = 200
conv_tol = 1e-08
davidson only = False
linear dependence = 1e-12
level shift = 0.001
max iter space = 12
max_memory 4000 MB
nroots = 1
pspace_size = 400
spin = None
Density matrix diagonal elements [1.98741436e+00 1.25855533e-02 1.99999992e+00 1.61370315e-07]
CASCI converged
CASCI E = -112.650663875219  E(CI) = -49.4106464387450  S^2 = 0.0000000

******** <class 'pyscf.mcscf.casci.CASCI'> ********
CAS (2e+2e, 4o), ncore = 5, nvir = 19
natorb = False
canonicalization = True
sorting_mo_energy = False
max_memory 4000 MB (current use 173 MB)
******** <class 'pyscf.fci.direct_spin1.FCISolver'> ********
max. cycles = 200
conv_tol = 1e-08
davidson only = False
linear dependence = 1e-12
level shift = 0.001
max iter space = 12
max_memory 4000 MB
nroots = 1
pspace_size = 400
spin = None
Density matrix diagonal elements [1.98740952e+00 1.25901244e-02 1.99999992e+00 4.34183020e-07]
CASCI converged
CASCI E = -112.650664743427  E(CI) = -49.4106473069534  S^2 = 0.0000000

******** <class 'pyscf.mcscf.casci.CASCI'> ********
CAS (2e+2e, 4o), ncore = 5, nvir = 19
natorb = False
canonicalization = True
sorting_mo_energy = False
max_memory 4000 MB (current use 173 MB)
******** <class 'pyscf.fci.direct_spin1.FCISolver'> ********
max. cycles = 200
conv_tol = 1e-08
davidson only = False
linear dependence = 1e-12
level shift = 0.001
max iter space = 12
max_memory 4000 MB
nroots = 1
pspace_size = 400
spin = None
Density matrix diagonal elements [1.98740420e+00 1.25811453e-02 1.99999992e+00 1.47285781e-05]
CASCI converged
CASCI E = -112.650721258797  E(CI) = -49.4107038223231  S^2 = 0.0000000

******** <class 'pyscf.mcscf.casci.CASCI'> ********
CAS (2e+2e, 4o), ncore = 5, nvir = 19
natorb = False
canonicalization = True
sorting_mo_energy = False
max_memory 4000 MB (current use 173 MB)
******** <class 'pyscf.fci.direct_spin1.FCISolver'> ********
max. cycles = 200
conv_tol = 1e-08
davidson only = False
linear dependence = 1e-12
level shift = 0.001
max iter space = 12
max_memory 4000 MB
nroots = 1
pspace_size = 400
spin = None
Density matrix diagonal elements [1.98738367e+00 1.25751799e-02 1.99999982e+00 4.13256250e-05]
CASCI converged
CASCI E = -112.650837786961  E(CI) = -49.4108203504871  S^2 = 0.0000000

******** <class 'pyscf.mcscf.casci.CASCI'> ********
CAS (2e+2e, 4o), ncore = 5, nvir = 19
natorb = False
canonicalization = True
sorting_mo_energy = False
max_memory 4000 MB (current use 173 MB)
******** <class 'pyscf.fci.direct_spin1.FCISolver'> ********
max. cycles = 200
conv_tol = 1e-08
davidson only = False
linear dependence = 1e-12
level shift = 0.001
max iter space = 12
max_memory 4000 MB
nroots = 1
pspace_size = 400
spin = None
Density matrix diagonal elements [1.98741288e+00 1.25788232e-02 1.99999982e+00 8.47142273e-06]
CASCI converged
CASCI E = -112.650702822784  E(CI) = -49.4106853863099  S^2 = 0.0000000

******** <class 'pyscf.mcscf.casci.CASCI'> ********
CAS (3e+3e, 4o), ncore = 4, nvir = 20
natorb = False
canonicalization = True
sorting_mo_energy = False
max_memory 4000 MB (current use 173 MB)
******** <class 'pyscf.fci.direct_spin1.FCISolver'> ********
max. cycles = 200
conv_tol = 1e-08
davidson only = False
linear dependence = 1e-12
level shift = 0.001
max iter space = 12
max_memory 4000 MB
nroots = 1
pspace_size = 400
spin = None
Density matrix diagonal elements [1.9876297  0.01261508 1.99999862 1.99975659]
CASCI converged
CASCI E = -112.651011442938  E(CI) = -39.0252820688977  S^2 = 0.0000000

******** <class 'pyscf.mcscf.casci.CASCI'> ********
CAS (3e+3e, 4o), ncore = 4, nvir = 20
natorb = False
canonicalization = True
sorting_mo_energy = False
max_memory 4000 MB (current use 173 MB)
******** <class 'pyscf.fci.direct_spin1.FCISolver'> ********
max. cycles = 200
conv_tol = 1e-08
davidson only = False
linear dependence = 1e-12
level shift = 0.001
max iter space = 12
max_memory 4000 MB
nroots = 1
pspace_size = 400
spin = None
Density matrix diagonal elements [1.98810775 0.01442439 1.99999837 1.9974695 ]
CASCI converged
CASCI E = -112.652387034028  E(CI) = -36.6479429951692  S^2 = 0.0000000

******** <class 'pyscf.mcscf.casci.CASCI'> ********
CAS (3e+3e, 4o), ncore = 4, nvir = 20
natorb = False
canonicalization = True
sorting_mo_energy = False
max_memory 4000 MB (current use 173 MB)
******** <class 'pyscf.fci.direct_spin1.FCISolver'> ********
max. cycles = 200
conv_tol = 1e-08
davidson only = False
linear dependence = 1e-12
level shift = 0.001
max iter space = 12
max_memory 4000 MB
nroots = 1
pspace_size = 400
spin = None
Density matrix diagonal elements [1.98882882 0.03194398 1.99999891 1.97922828]
CASCI converged
CASCI E = -112.661167034373  E(CI) = -36.5476931104652  S^2 = 0.0000000

******** <class 'pyscf.mcscf.casci.CASCI'> ********
CAS (3e+3e, 4o), ncore = 4, nvir = 20
natorb = False
canonicalization = True
sorting_mo_energy = False
max_memory 4000 MB (current use 173 MB)
******** <class 'pyscf.fci.direct_spin1.FCISolver'> ********
max. cycles = 200
conv_tol = 1e-08
davidson only = False
linear dependence = 1e-12
level shift = 0.001
max iter space = 12
max_memory 4000 MB
nroots = 1
pspace_size = 400
spin = None
Density matrix diagonal elements [1.98748654 0.01268285 1.99999878 1.99983182]
CASCI converged
CASCI E = -112.650759342614  E(CI) = -36.5372854187062  S^2 = 0.0000000

******** <class 'pyscf.mcscf.casci.CASCI'> ********
CAS (2e+2e, 4o), ncore = 5, nvir = 19
natorb = False
canonicalization = True
sorting_mo_energy = False
max_memory 4000 MB (current use 173 MB)
******** <class 'pyscf.fci.direct_spin1.FCISolver'> ********
max. cycles = 200
conv_tol = 1e-08
davidson only = False
linear dependence = 1e-12
level shift = 0.001
max iter space = 12
max_memory 4000 MB
nroots = 1
pspace_size = 400
spin = None
Density matrix diagonal elements [1.97642447 0.01177348 1.99999752 0.01180452]
CASCI converged
CASCI E = -112.655166806109  E(CI) = -30.9317330396965  S^2 = 0.0000000

******** <class 'pyscf.mcscf.casci.CASCI'> ********
CAS (2e+2e, 4o), ncore = 5, nvir = 19
natorb = False
canonicalization = True
sorting_mo_energy = False
max_memory 4000 MB (current use 173 MB)
******** <class 'pyscf.fci.direct_spin1.FCISolver'> ********
max. cycles = 200
conv_tol = 1e-08
davidson only = False
linear dependence = 1e-12
level shift = 0.001
max iter space = 12
max_memory 4000 MB
nroots = 1
pspace_size = 400
spin = None
Density matrix diagonal elements [1.98671004e+00 1.24374816e-02 1.99999875e+00 8.53725012e-04]
CASCI converged
CASCI E = -112.651271902208  E(CI) = -30.9278381357963  S^2 = 0.0000000

******** <class 'pyscf.mcscf.casci.CASCI'> ********
CAS (2e+2e, 4o), ncore = 5, nvir = 19
natorb = False
canonicalization = True
sorting_mo_energy = False
max_memory 4000 MB (current use 173 MB)
******** <class 'pyscf.fci.direct_spin1.FCISolver'> ********
max. cycles = 200
conv_tol = 1e-08
davidson only = False
linear dependence = 1e-12
level shift = 0.001
max iter space = 12
max_memory 4000 MB
nroots = 1
pspace_size = 400
spin = None
Density matrix diagonal elements [1.98280738 0.01191503 1.99999291 0.00528467]
CASCI converged
CASCI E = -112.654809561126  E(CI) = -30.9313757947140  S^2 = 0.0000000

******** <class 'pyscf.mcscf.casci.CASCI'> ********
CAS (2e+2e, 4o), ncore = 5, nvir = 19
natorb = False
canonicalization = True
sorting_mo_energy = False
max_memory 4000 MB (current use 173 MB)
******** <class 'pyscf.fci.direct_spin1.FCISolver'> ********
max. cycles = 200
conv_tol = 1e-08
davidson only = False
linear dependence = 1e-12
level shift = 0.001
max iter space = 12
max_memory 4000 MB
nroots = 1
pspace_size = 400
spin = None
Density matrix diagonal elements [1.98401643e+00 1.49159068e-02 1.99998583e+00 1.08183739e-03]
CASCI converged
CASCI E = -112.651996968686  E(CI) = -30.9285632022740  S^2 = 0.0000000

******** <class 'pyscf.mcscf.casci.CASCI'> ********
CAS (2e+2e, 4o), ncore = 5, nvir = 19
natorb = False
canonicalization = True
sorting_mo_energy = False
max_memory 4000 MB (current use 173 MB)
******** <class 'pyscf.fci.direct_spin1.FCISolver'> ********
max. cycles = 200
conv_tol = 1e-08
davidson only = False
linear dependence = 1e-12
level shift = 0.001
max iter space = 12
max_memory 4000 MB
nroots = 1
pspace_size = 400
spin = None
Density matrix diagonal elements [1.98716572e+00 1.25143555e-02 1.99999277e+00 3.27160891e-04]
CASCI converged
CASCI E = -112.651024264019  E(CI) = -30.9275904976075  S^2 = 0.0000000

******** <class 'pyscf.mcscf.casci.CASCI'> ********
CAS (2e+2e, 4o), ncore = 5, nvir = 19
natorb = False
canonicalization = True
sorting_mo_energy = False
max_memory 4000 MB (current use 173 MB)
******** <class 'pyscf.fci.direct_spin1.FCISolver'> ********
max. cycles = 200
conv_tol = 1e-08
davidson only = False
linear dependence = 1e-12
level shift = 0.001
max iter space = 12
max_memory 4000 MB
nroots = 1
pspace_size = 400
spin = None
Density matrix diagonal elements [1.98733541e+00 1.25378219e-02 1.99999449e+00 1.32274565e-04]
CASCI converged
CASCI E = -112.650902554243  E(CI) = -30.9274687878310  S^2 = 0.0000000

******** <class 'pyscf.mcscf.casci.CASCI'> ********
CAS (2e+2e, 4o), ncore = 5, nvir = 19
natorb = False
canonicalization = True
sorting_mo_energy = False
max_memory 4000 MB (current use 173 MB)
******** <class 'pyscf.fci.direct_spin1.FCISolver'> ********
max. cycles = 200
conv_tol = 1e-08
davidson only = False
linear dependence = 1e-12
level shift = 0.001
max iter space = 12
max_memory 4000 MB
nroots = 1
pspace_size = 400
spin = None
Density matrix diagonal elements [1.98684071e+00 1.24160965e-02 1.99999746e+00 7.45732014e-04]
CASCI converged
CASCI E = -112.651756711022  E(CI) = -30.9283229446100  S^2 = 0.0000000

******** <class 'pyscf.mcscf.casci.CASCI'> ********
CAS (2e+2e, 4o), ncore = 5, nvir = 19
natorb = False
canonicalization = True
sorting_mo_energy = False
max_memory 4000 MB (current use 173 MB)
******** <class 'pyscf.fci.direct_spin1.FCISolver'> ********
max. cycles = 200
conv_tol = 1e-08
davidson only = False
linear dependence = 1e-12
level shift = 0.001
max iter space = 12
max_memory 4000 MB
nroots = 1
pspace_size = 400
spin = None
Density matrix diagonal elements [1.98739039e+00 1.26048717e-02 1.99999871e+00 6.02013317e-06]
CASCI converged
CASCI E = -112.650688654549  E(CI) = -30.9272548881371  S^2 = 0.0000000

******** <class 'pyscf.mcscf.casci.CASCI'> ********
CAS (2e+2e, 4o), ncore = 5, nvir = 19
natorb = False
canonicalization = True
sorting_mo_energy = False
max_memory 4000 MB (current use 173 MB)
******** <class 'pyscf.fci.direct_spin1.FCISolver'> ********
max. cycles = 200
conv_tol = 1e-08
davidson only = False
linear dependence = 1e-12
level shift = 0.001
max iter space = 12
max_memory 4000 MB
nroots = 1
pspace_size = 400
spin = None
Density matrix diagonal elements [1.98742560e+00 1.25726583e-02 1.99999877e+00 2.96892112e-06]
CASCI converged
CASCI E = -112.650680843348  E(CI) = -30.9272470769360  S^2 = 0.0000000

******** <class 'pyscf.mcscf.casci.CASCI'> ********
CAS (2e+2e, 4o), ncore = 5, nvir = 19
natorb = False
canonicalization = True
sorting_mo_energy = False
max_memory 4000 MB (current use 173 MB)
******** <class 'pyscf.fci.direct_spin1.FCISolver'> ********
max. cycles = 200
conv_tol = 1e-08
davidson only = False
linear dependence = 1e-12
level shift = 0.001
max iter space = 12
max_memory 4000 MB
nroots = 1
pspace_size = 400
spin = None
Density matrix diagonal elements [1.98741956e+00 1.25617369e-02 1.99999875e+00 1.99495168e-05]
CASCI converged
CASCI E = -112.650713599513  E(CI) = -30.9272798331010  S^2 = 0.0000000

******** <class 'pyscf.mcscf.casci.CASCI'> ********
CAS (2e+2e, 4o), ncore = 5, nvir = 19
natorb = False
canonicalization = True
sorting_mo_energy = False
max_memory 4000 MB (current use 173 MB)
******** <class 'pyscf.fci.direct_spin1.FCISolver'> ********
max. cycles = 200
conv_tol = 1e-08
davidson only = False
linear dependence = 1e-12
level shift = 0.001
max iter space = 12
max_memory 4000 MB
nroots = 1
pspace_size = 400
spin = None
Density matrix diagonal elements [1.98747913e+00 1.24129312e-02 1.99999865e+00 1.09290365e-04]
CASCI converged
CASCI E = -112.650895994972  E(CI) = -30.9274622285601  S^2 = 0.0000000

******** <class 'pyscf.mcscf.casci.CASCI'> ********
CAS (2e+2e, 4o), ncore = 5, nvir = 19
natorb = False
canonicalization = True
sorting_mo_energy = False
max_memory 4000 MB (current use 173 MB)
******** <class 'pyscf.fci.direct_spin1.FCISolver'> ********
max. cycles = 200
conv_tol = 1e-08
davidson only = False
linear dependence = 1e-12
level shift = 0.001
max iter space = 12
max_memory 4000 MB
nroots = 1
pspace_size = 400
spin = None
Density matrix diagonal elements [1.98741160e+00 1.24745526e-02 1.99999864e+00 1.15206021e-04]
CASCI converged
CASCI E = -112.650907711968  E(CI) = -30.9274739455558  S^2 = 0.0000000

******** <class 'pyscf.mcscf.casci.CASCI'> ********
CAS (2e+2e, 4o), ncore = 5, nvir = 19
natorb = False
canonicalization = True
sorting_mo_energy = False
max_memory 4000 MB (current use 173 MB)
******** <class 'pyscf.fci.direct_spin1.FCISolver'> ********
max. cycles = 200
conv_tol = 1e-08
davidson only = False
linear dependence = 1e-12
level shift = 0.001
max iter space = 12
max_memory 4000 MB
nroots = 1
pspace_size = 400
spin = None
Density matrix diagonal elements [1.98707365e+00 1.24987222e-02 1.99999858e+00 4.29042378e-04]
CASCI converged
CASCI E = -112.651577749427  E(CI) = -30.9281439830155  S^2 = 0.0000000

******** <class 'pyscf.mcscf.casci.CASCI'> ********
CAS (2e+2e, 4o), ncore = 5, nvir = 19
natorb = False
canonicalization = True
sorting_mo_energy = False
max_memory 4000 MB (current use 173 MB)
******** <class 'pyscf.fci.direct_spin1.FCISolver'> ********
max. cycles = 200
conv_tol = 1e-08
davidson only = False
linear dependence = 1e-12
level shift = 0.001
max iter space = 12
max_memory 4000 MB
nroots = 1
pspace_size = 400
spin = None
Density matrix diagonal elements [1.98318222e+00 1.52438557e-02 1.99999678e+00 1.57713895e-03]
CASCI converged
CASCI E = -112.654334395363  E(CI) = -30.9309006289506  S^2 = 0.0000000

******** <class 'pyscf.mcscf.casci.CASCI'> ********
CAS (2e+2e, 4o), ncore = 5, nvir = 19
natorb = False
canonicalization = True
sorting_mo_energy = False
max_memory 4000 MB (current use 173 MB)
******** <class 'pyscf.fci.direct_spin1.FCISolver'> ********
max. cycles = 200
conv_tol = 1e-08
davidson only = False
linear dependence = 1e-12
level shift = 0.001
max iter space = 12
max_memory 4000 MB
nroots = 1
pspace_size = 400
spin = None
Density matrix diagonal elements [1.98730782e+00 1.24822234e-02 1.99999860e+00 2.11352715e-04]
CASCI converged
CASCI E = -112.651288545477  E(CI) = -30.9278547790648  S^2 = 0.0000000

******** <class 'pyscf.mcscf.casci.CASCI'> ********
CAS (2e+2e, 4o), ncore = 5, nvir = 19
natorb = False
canonicalization = True
sorting_mo_energy = False
max_memory 4000 MB (current use 173 MB)
******** <class 'pyscf.fci.direct_spin1.FCISolver'> ********
max. cycles = 200
conv_tol = 1e-08
davidson only = False
linear dependence = 1e-12
level shift = 0.001
max iter space = 12
max_memory 4000 MB
nroots = 1
pspace_size = 400
spin = None
Density matrix diagonal elements [1.98742966e+00 1.25714080e-02 1.99999877e+00 1.60783063e-07]
CASCI converged
CASCI E = -112.650676238769  E(CI) = -30.9272424723574  S^2 = 0.0000000

******** <class 'pyscf.mcscf.casci.CASCI'> ********
CAS (2e+2e, 4o), ncore = 5, nvir = 19
natorb = False
canonicalization = True
sorting_mo_energy = False
max_memory 4000 MB (current use 173 MB)
******** <class 'pyscf.fci.direct_spin1.FCISolver'> ********
max. cycles = 200
conv_tol = 1e-08
davidson only = False
linear dependence = 1e-12
level shift = 0.001
max iter space = 12
max_memory 4000 MB
nroots = 1
pspace_size = 400
spin = None
Density matrix diagonal elements [1.98742483e+00 1.25759613e-02 1.99999877e+00 4.34107447e-07]
CASCI converged
CASCI E = -112.650677105283  E(CI) = -30.9272433388711  S^2 = 0.0000000

******** <class 'pyscf.mcscf.casci.CASCI'> ********
CAS (2e+2e, 4o), ncore = 5, nvir = 19
natorb = False
canonicalization = True
sorting_mo_energy = False
max_memory 4000 MB (current use 173 MB)
******** <class 'pyscf.fci.direct_spin1.FCISolver'> ********
max. cycles = 200
conv_tol = 1e-08
davidson only = False
linear dependence = 1e-12
level shift = 0.001
max iter space = 12
max_memory 4000 MB
nroots = 1
pspace_size = 400
spin = None
Density matrix diagonal elements [1.98741950e+00 1.25670080e-02 1.99999876e+00 1.47360862e-05]
CASCI converged
CASCI E = -112.650733811270  E(CI) = -30.9273000448575  S^2 = 0.0000000

******** <class 'pyscf.mcscf.casci.CASCI'> ********
CAS (2e+2e, 4o), ncore = 5, nvir = 19
natorb = False
canonicalization = True
sorting_mo_energy = False
max_memory 4000 MB (current use 173 MB)
******** <class 'pyscf.fci.direct_spin1.FCISolver'> ********
max. cycles = 200
conv_tol = 1e-08
davidson only = False
linear dependence = 1e-12
level shift = 0.001
max iter space = 12
max_memory 4000 MB
nroots = 1
pspace_size = 400
spin = None
Density matrix diagonal elements [1.98740035e+00 1.25596952e-02 1.99999842e+00 4.15359314e-05]
CASCI converged
CASCI E = -112.650852921816  E(CI) = -30.9274191554035  S^2 = 0.0000000

******** <class 'pyscf.mcscf.casci.CASCI'> ********
CAS (2e+2e, 4o), ncore = 5, nvir = 19
natorb = False
canonicalization = True
sorting_mo_energy = False
max_memory 4000 MB (current use 173 MB)
******** <class 'pyscf.fci.direct_spin1.FCISolver'> ********
max. cycles = 200
conv_tol = 1e-08
davidson only = False
linear dependence = 1e-12
level shift = 0.001
max iter space = 12
max_memory 4000 MB
nroots = 1
pspace_size = 400
spin = None
Density matrix diagonal elements [1.98742484e+00 1.25680841e-02 1.99999680e+00 1.02728725e-05]
CASCI converged
CASCI E = -112.650744524425  E(CI) = -30.9273107580133  S^2 = 0.0000000

******** <class 'pyscf.mcscf.casci.CASCI'> ********
CAS (3e+3e, 4o), ncore = 4, nvir = 20
natorb = False
canonicalization = True
sorting_mo_energy = False
max_memory 4000 MB (current use 173 MB)
******** <class 'pyscf.fci.direct_spin1.FCISolver'> ********
max. cycles = 200
conv_tol = 1e-08
davidson only = False
linear dependence = 1e-12
level shift = 0.001
max iter space = 12
max_memory 4000 MB
nroots = 1
pspace_size = 400
spin = None
Density matrix diagonal elements [1.9881897  0.0144569  1.99977681 1.99757659]
CASCI converged
CASCI E = -112.652691690366  E(CI) = -13.4080213471658  S^2 = 0.0000000

******** <class 'pyscf.mcscf.casci.CASCI'> ********
CAS (3e+3e, 4o), ncore = 4, nvir = 20
natorb = False
canonicalization = True
sorting_mo_energy = False
max_memory 4000 MB (current use 173 MB)
******** <class 'pyscf.fci.direct_spin1.FCISolver'> ********
max. cycles = 200
conv_tol = 1e-08
davidson only = False
linear dependence = 1e-12
level shift = 0.001
max iter space = 12
max_memory 4000 MB
nroots = 1
pspace_size = 400
spin = None
Density matrix diagonal elements [1.98894056 0.03171214 1.99987767 1.97946963]
CASCI converged
CASCI E = -112.661327277849  E(CI) = -13.2650276259502  S^2 = 0.0000000

******** <class 'pyscf.mcscf.casci.CASCI'> ********
CAS (3e+3e, 4o), ncore = 4, nvir = 20
natorb = False
canonicalization = True
sorting_mo_energy = False
max_memory 4000 MB (current use 173 MB)
******** <class 'pyscf.fci.direct_spin1.FCISolver'> ********
max. cycles = 200
conv_tol = 1e-08
davidson only = False
linear dependence = 1e-12
level shift = 0.001
max iter space = 12
max_memory 4000 MB
nroots = 1
pspace_size = 400
spin = None
Density matrix diagonal elements [1.9876622  0.01270278 1.99976899 1.99986602]
CASCI converged
CASCI E = -112.651061963229  E(CI) = -13.2547623113296  S^2 = 0.0000000

******** <class 'pyscf.mcscf.casci.CASCI'> ********
CAS (2e+2e, 4o), ncore = 5, nvir = 19
natorb = False
canonicalization = True
sorting_mo_energy = False
max_memory 4000 MB (current use 173 MB)
******** <class 'pyscf.fci.direct_spin1.FCISolver'> ********
max. cycles = 200
conv_tol = 1e-08
davidson only = False
linear dependence = 1e-12
level shift = 0.001
max iter space = 12
max_memory 4000 MB
nroots = 1
pspace_size = 400
spin = None
Density matrix diagonal elements [1.97675391 0.01184886 1.99951772 0.01187952]
CASCI converged
CASCI E = -112.655807423975  E(CI) = -7.24875949047524  S^2 = 0.0000000

******** <class 'pyscf.mcscf.casci.CASCI'> ********
CAS (2e+2e, 4o), ncore = 5, nvir = 19
natorb = False
canonicalization = True
sorting_mo_energy = False
max_memory 4000 MB (current use 173 MB)
******** <class 'pyscf.fci.direct_spin1.FCISolver'> ********
max. cycles = 200
conv_tol = 1e-08
davidson only = False
linear dependence = 1e-12
level shift = 0.001
max iter space = 12
max_memory 4000 MB
nroots = 1
pspace_size = 400
spin = None
Density matrix diagonal elements [1.98688399e+00 1.25142336e-02 1.99969075e+00 9.11028721e-04]
CASCI converged
CASCI E = -112.651709578447  E(CI) = -7.24466164494817  S^2 = 0.0000000

******** <class 'pyscf.mcscf.casci.CASCI'> ********
CAS (2e+2e, 4o), ncore = 5, nvir = 19
natorb = False
canonicalization = True
sorting_mo_energy = False
max_memory 4000 MB (current use 173 MB)
******** <class 'pyscf.fci.direct_spin1.FCISolver'> ********
max. cycles = 200
conv_tol = 1e-08
davidson only = False
linear dependence = 1e-12
level shift = 0.001
max iter space = 12
max_memory 4000 MB
nroots = 1
pspace_size = 400
spin = None
Density matrix diagonal elements [1.98294654 0.01198895 1.99972869 0.00533582]
CASCI converged
CASCI E = -112.655129179053  E(CI) = -7.24808124555322  S^2 = 0.0000000

******** <class 'pyscf.mcscf.casci.CASCI'> ********
CAS (2e+2e, 4o), ncore = 5, nvir = 19
natorb = False
canonicalization = True
sorting_mo_energy = False
max_memory 4000 MB (current use 173 MB)
******** <class 'pyscf.fci.direct_spin1.FCISolver'> ********
max. cycles = 200
conv_tol = 1e-08
davidson only = False
linear dependence = 1e-12
level shift = 0.001
max iter space = 12
max_memory 4000 MB
nroots = 1
pspace_size = 400
spin = None
Density matrix diagonal elements [1.98432314e+00 1.48944816e-02 1.99962509e+00 1.15728472e-03]
CASCI converged
CASCI E = -112.652390104703  E(CI) = -7.24534217120373  S^2 = 0.0000000

******** <class 'pyscf.mcscf.casci.CASCI'> ********
CAS (2e+2e, 4o), ncore = 5, nvir = 19
natorb = False
canonicalization = True
sorting_mo_energy = False
max_memory 4000 MB (current use 173 MB)
******** <class 'pyscf.fci.direct_spin1.FCISolver'> ********
max. cycles = 200
conv_tol = 1e-08
davidson only = False
linear dependence = 1e-12
level shift = 0.001
max iter space = 12
max_memory 4000 MB
nroots = 1
pspace_size = 400
spin = None
Density matrix diagonal elements [1.98734393e+00 1.25697765e-02 1.99972198e+00 3.64307359e-04]
CASCI converged
CASCI E = -112.651346109251  E(CI) = -7.24429817575142  S^2 = 0.0000000

******** <class 'pyscf.mcscf.casci.CASCI'> ********
CAS (2e+2e, 4o), ncore = 5, nvir = 19
natorb = False
canonicalization = True
sorting_mo_energy = False
max_memory 4000 MB (current use 173 MB)
******** <class 'pyscf.fci.direct_spin1.FCISolver'> ********
max. cycles = 200
conv_tol = 1e-08
davidson only = False
linear dependence = 1e-12
level shift = 0.001
max iter space = 12
max_memory 4000 MB
nroots = 1
pspace_size = 400
spin = None
Density matrix diagonal elements [1.98742324e+00 1.26575126e-02 1.99940416e+00 5.15080059e-04]
CASCI converged
CASCI E = -112.651966137279  E(CI) = -7.24491820377919  S^2 = 0.0000000

******** <class 'pyscf.mcscf.casci.CASCI'> ********
CAS (2e+2e, 4o), ncore = 5, nvir = 19
natorb = False
canonicalization = True
sorting_mo_energy = False
max_memory 4000 MB (current use 173 MB)
******** <class 'pyscf.fci.direct_spin1.FCISolver'> ********
max. cycles = 200
conv_tol = 1e-08
davidson only = False
linear dependence = 1e-12
level shift = 0.001
max iter space = 12
max_memory 4000 MB
nroots = 1
pspace_size = 400
spin = None
Density matrix diagonal elements [1.98691579e+00 1.25294651e-02 1.99947897e+00 1.07577742e-03]
CASCI converged
CASCI E = -112.652725348705  E(CI) = -7.24567741520579  S^2 = 0.0000000

******** <class 'pyscf.mcscf.casci.CASCI'> ********
CAS (2e+2e, 4o), ncore = 5, nvir = 19
natorb = False
canonicalization = True
sorting_mo_energy = False
max_memory 4000 MB (current use 173 MB)
******** <class 'pyscf.fci.direct_spin1.FCISolver'> ********
max. cycles = 200
conv_tol = 1e-08
davidson only = False
linear dependence = 1e-12
level shift = 0.001
max iter space = 12
max_memory 4000 MB
nroots = 1
pspace_size = 400
spin = None
Density matrix diagonal elements [1.98755944e+00 1.27548177e-02 1.99950632e+00 1.79425654e-04]
CASCI converged
CASCI E = -112.651470699677  E(CI) = -7.24442276617744  S^2 = 0.0000000

******** <class 'pyscf.mcscf.casci.CASCI'> ********
CAS (2e+2e, 4o), ncore = 5, nvir = 19
natorb = False
canonicalization = True
sorting_mo_energy = False
max_memory 4000 MB (current use 173 MB)
******** <class 'pyscf.fci.direct_spin1.FCISolver'> ********
max. cycles = 200
conv_tol = 1e-08
davidson only = False
linear dependence = 1e-12
level shift = 0.001
max iter space = 12
max_memory 4000 MB
nroots = 1
pspace_size = 400
spin = None
Density matrix diagonal elements [1.98761107e+00 1.26273856e-02 1.99966635e+00 9.51975083e-05]
CASCI converged
CASCI E = -112.651212420667  E(CI) = -7.24416448716721  S^2 = 0.0000000

******** <class 'pyscf.mcscf.casci.CASCI'> ********
CAS (2e+2e, 4o), ncore = 5, nvir = 19
natorb = False
canonicalization = True
sorting_mo_energy = False
max_memory 4000 MB (current use 173 MB)
******** <class 'pyscf.fci.direct_spin1.FCISolver'> ********
max. cycles = 200
conv_tol = 1e-08
davidson only = False
linear dependence = 1e-12
level shift = 0.001
max iter space = 12
max_memory 4000 MB
nroots = 1
pspace_size = 400
spin = None
Density matrix diagonal elements [1.98757141e+00 1.26366531e-02 1.99946087e+00 3.31062950e-04]
CASCI converged
CASCI E = -112.651830651214  E(CI) = -7.24478271771461  S^2 = 0.0000000

******** <class 'pyscf.mcscf.casci.CASCI'> ********
CAS (2e+2e, 4o), ncore = 5, nvir = 19
natorb = False
canonicalization = True
sorting_mo_energy = False
max_memory 4000 MB (current use 173 MB)
******** <class 'pyscf.fci.direct_spin1.FCISolver'> ********
max. cycles = 200
conv_tol = 1e-08
davidson only = False
linear dependence = 1e-12
level shift = 0.001
max iter space = 12
max_memory 4000 MB
nroots = 1
pspace_size = 400
spin = None
Density matrix diagonal elements [1.98765346e+00 1.24656138e-02 1.99973002e+00 1.50911479e-04]
CASCI converged
CASCI E = -112.651330382191  E(CI) = -7.24428244869182  S^2 = 0.0000000

******** <class 'pyscf.mcscf.casci.CASCI'> ********
CAS (2e+2e, 4o), ncore = 5, nvir = 19
natorb = False
canonicalization = True
sorting_mo_energy = False
max_memory 4000 MB (current use 173 MB)
******** <class 'pyscf.fci.direct_spin1.FCISolver'> ********
max. cycles = 200
conv_tol = 1e-08
davidson only = False
linear dependence = 1e-12
level shift = 0.001
max iter space = 12
max_memory 4000 MB
nroots = 1
pspace_size = 400
spin = None
Density matrix diagonal elements [1.98758328e+00 1.25302035e-02 1.99972933e+00 1.57183566e-04]
CASCI converged
CASCI E = -112.651343016814  E(CI) = -7.24429508331441  S^2 = 0.0000000

******** <class 'pyscf.mcscf.casci.CASCI'> ********
CAS (2e+2e, 4o), ncore = 5, nvir = 19
natorb = False
canonicalization = True
sorting_mo_energy = False
max_memory 4000 MB (current use 173 MB)
******** <class 'pyscf.fci.direct_spin1.FCISolver'> ********
max. cycles = 200
conv_tol = 1e-08
davidson only = False
linear dependence = 1e-12
level shift = 0.001
max iter space = 12
max_memory 4000 MB
nroots = 1
pspace_size = 400
spin = None
Density matrix diagonal elements [1.98724984e+00 1.25582920e-02 1.99964361e+00 5.48249578e-04]
CASCI converged
CASCI E = -112.652257937312  E(CI) = -7.24521000381230  S^2 = 0.0000000

******** <class 'pyscf.mcscf.casci.CASCI'> ********
CAS (2e+2e, 4o), ncore = 5, nvir = 19
natorb = False
canonicalization = True
sorting_mo_energy = False
max_memory 4000 MB (current use 173 MB)
******** <class 'pyscf.fci.direct_spin1.FCISolver'> ********
max. cycles = 200
conv_tol = 1e-08
davidson only = False
linear dependence = 1e-12
level shift = 0.001
max iter space = 12
max_memory 4000 MB
nroots = 1
pspace_size = 400
spin = None
Density matrix diagonal elements [1.98343792e+00 1.52342573e-02 1.99956823e+00 1.75958766e-03]
CASCI converged
CASCI E = -112.655224832849  E(CI) = -7.24817689934990  S^2 = 0.0000000

******** <class 'pyscf.mcscf.casci.CASCI'> ********
CAS (2e+2e, 4o), ncore = 5, nvir = 19
natorb = False
canonicalization = True
sorting_mo_energy = False
max_memory 4000 MB (current use 173 MB)
******** <class 'pyscf.fci.direct_spin1.FCISolver'> ********
max. cycles = 200
conv_tol = 1e-08
davidson only = False
linear dependence = 1e-12
level shift = 0.001
max iter space = 12
max_memory 4000 MB
nroots = 1
pspace_size = 400
spin = None
Density matrix diagonal elements [1.98747029e+00 1.25392525e-02 1.99963721e+00 3.53252426e-04]
CASCI converged
CASCI E = -112.652117166612  E(CI) = -7.24506923311282  S^2 = 0.0000000

******** <class 'pyscf.mcscf.casci.CASCI'> ********
CAS (2e+2e, 4o), ncore = 5, nvir = 19
natorb = False
canonicalization = True
sorting_mo_energy = False
max_memory 4000 MB (current use 173 MB)
******** <class 'pyscf.fci.direct_spin1.FCISolver'> ********
max. cycles = 200
conv_tol = 1e-08
davidson only = False
linear dependence = 1e-12
level shift = 0.001
max iter space = 12
max_memory 4000 MB
nroots = 1
pspace_size = 400
spin = None
Density matrix diagonal elements [1.98761556e+00 1.26249335e-02 1.99967440e+00 8.51060155e-05]
CASCI converged
CASCI E = -112.651328652415  E(CI) = -7.24428071891550  S^2 = 0.0000000

******** <class 'pyscf.mcscf.casci.CASCI'> ********
CAS (2e+2e, 4o), ncore = 5, nvir = 19
natorb = False
canonicalization = True
sorting_mo_energy = False
max_memory 4000 MB (current use 173 MB)
******** <class 'pyscf.fci.direct_spin1.FCISolver'> ********
max. cycles = 200
conv_tol = 1e-08
davidson only = False
linear dependence = 1e-12
level shift = 0.001
max iter space = 12
max_memory 4000 MB
nroots = 1
pspace_size = 400
spin = None
Density matrix diagonal elements [1.98761088e+00 1.26292771e-02 1.99967450e+00 8.53424974e-05]
CASCI converged
CASCI E = -112.651329421901  E(CI) = -7.24428148840200  S^2 = 0.0000000

******** <class 'pyscf.mcscf.casci.CASCI'> ********
CAS (2e+2e, 4o), ncore = 5, nvir = 19
natorb = False
canonicalization = True
sorting_mo_energy = False
max_memory 4000 MB (current use 173 MB)
******** <class 'pyscf.fci.direct_spin1.FCISolver'> ********
max. cycles = 200
conv_tol = 1e-08
davidson only = False
linear dependence = 1e-12
level shift = 0.001
max iter space = 12
max_memory 4000 MB
nroots = 1
pspace_size = 400
spin = None
Density matrix diagonal elements [1.98760504e+00 1.26222944e-02 1.99970589e+00 6.67832217e-05]
CASCI converged
CASCI E = -112.651288073691  E(CI) = -7.24424014019219  S^2 = 0.0000000

******** <class 'pyscf.mcscf.casci.CASCI'> ********
CAS (2e+2e, 4o), ncore = 5, nvir = 19
natorb = False
canonicalization = True
sorting_mo_energy = False
max_memory 4000 MB (current use 173 MB)
******** <class 'pyscf.fci.direct_spin1.FCISolver'> ********
max. cycles = 200
conv_tol = 1e-08
davidson only = False
linear dependence = 1e-12
level shift = 0.001
max iter space = 12
max_memory 4000 MB
nroots = 1
pspace_size = 400
spin = None
Density matrix diagonal elements [1.98751908e+00 1.26884642e-02 1.99966883e+00 1.23622849e-04]
CASCI converged
CASCI E = -112.651554604412  E(CI) = -7.24450667091243  S^2 = 0.0000000

******** <class 'pyscf.mcscf.casci.CASCI'> ********
CAS (2e+2e, 4o), ncore = 5, nvir = 19
natorb = False
canonicalization = True
sorting_mo_energy = False
max_memory 4000 MB (current use 173 MB)
******** <class 'pyscf.fci.direct_spin1.FCISolver'> ********
max. cycles = 200
conv_tol = 1e-08
davidson only = False
linear dependence = 1e-12
level shift = 0.001
max iter space = 12
max_memory 4000 MB
nroots = 1
pspace_size = 400
spin = None
Density matrix diagonal elements [1.98760447e+00 1.26250658e-02 1.99969229e+00 7.81685910e-05]
CASCI converged
CASCI E = -112.651371777230  E(CI) = -7.24432384373112  S^2 = 0.0000000

******** <class 'pyscf.mcscf.casci.CASCI'> ********
CAS (3e+3e, 4o), ncore = 4, nvir = 20
natorb = False
canonicalization = True
sorting_mo_energy = False
max_memory 4000 MB (current use 173 MB)
******** <class 'pyscf.fci.direct_spin1.FCISolver'> ********
max. cycles = 200
conv_tol = 1e-08
davidson only = False
linear dependence = 1e-12
level shift = 0.001
max iter space = 12
max_memory 4000 MB
nroots = 1
pspace_size = 400
spin = None
Density matrix diagonal elements [1.98932352 0.03313012 1.99783957 1.97970679]
CASCI converged
CASCI E = -112.662638092039  E(CI) = -11.3242692845472  S^2 = 0.0000000

******** <class 'pyscf.mcscf.casci.CASCI'> ********
CAS (3e+3e, 4o), ncore = 4, nvir = 20
natorb = False
canonicalization = True
sorting_mo_energy = False
max_memory 4000 MB (current use 173 MB)
******** <class 'pyscf.fci.direct_spin1.FCISolver'> ********
max. cycles = 200
conv_tol = 1e-08
davidson only = False
linear dependence = 1e-12
level shift = 0.001
max iter space = 12
max_memory 4000 MB
nroots = 1
pspace_size = 400
spin = None
Density matrix diagonal elements [1.9881361  0.01450254 1.99749518 1.99986618]
CASCI converged
CASCI E = -112.652434901960  E(CI) = -11.3140660944674  S^2 = 0.0000000

******** <class 'pyscf.mcscf.casci.CASCI'> ********
CAS (2e+2e, 4o), ncore = 5, nvir = 19
natorb = False
canonicalization = True
sorting_mo_energy = False
max_memory 4000 MB (current use 173 MB)
******** <class 'pyscf.fci.direct_spin1.FCISolver'> ********
max. cycles = 200
conv_tol = 1e-08
davidson only = False
linear dependence = 1e-12
level shift = 0.001
max iter space = 12
max_memory 4000 MB
nroots = 1
pspace_size = 400
spin = None
Density matrix diagonal elements [1.97758518 0.01362042 1.99514128 0.01365311]
CASCI converged
CASCI E = -112.658506113863  E(CI) = -5.45499530938562  S^2 = 0.0000000

******** <class 'pyscf.mcscf.casci.CASCI'> ********
CAS (2e+2e, 4o), ncore = 5, nvir = 19
natorb = False
canonicalization = True
sorting_mo_energy = False
max_memory 4000 MB (current use 173 MB)
******** <class 'pyscf.fci.direct_spin1.FCISolver'> ********
max. cycles = 200
conv_tol = 1e-08
davidson only = False
linear dependence = 1e-12
level shift = 0.001
max iter space = 12
max_memory 4000 MB
nroots = 1
pspace_size = 400
spin = None
Density matrix diagonal elements [1.98734536e+00 1.43345161e-02 1.99743016e+00 8.89957767e-04]
CASCI converged
CASCI E = -112.653005770036  E(CI) = -5.44949496555873  S^2 = 0.0000000

******** <class 'pyscf.mcscf.casci.CASCI'> ********
CAS (2e+2e, 4o), ncore = 5, nvir = 19
natorb = False
canonicalization = True
sorting_mo_energy = False
max_memory 4000 MB (current use 173 MB)
******** <class 'pyscf.fci.direct_spin1.FCISolver'> ********
max. cycles = 200
conv_tol = 1e-08
davidson only = False
linear dependence = 1e-12
level shift = 0.001
max iter space = 12
max_memory 4000 MB
nroots = 1
pspace_size = 400
spin = None
Density matrix diagonal elements [1.98302993 0.0137662  1.99713794 0.00606593]
CASCI converged
CASCI E = -112.657110070647  E(CI) = -5.45359926616941  S^2 = 0.0000000

******** <class 'pyscf.mcscf.casci.CASCI'> ********
CAS (2e+2e, 4o), ncore = 5, nvir = 19
natorb = False
canonicalization = True
sorting_mo_energy = False
max_memory 4000 MB (current use 173 MB)
******** <class 'pyscf.fci.direct_spin1.FCISolver'> ********
max. cycles = 200
conv_tol = 1e-08
davidson only = False
linear dependence = 1e-12
level shift = 0.001
max iter space = 12
max_memory 4000 MB
nroots = 1
pspace_size = 400
spin = None
Density matrix diagonal elements [1.98471807e+00 1.71991775e-02 1.99639815e+00 1.68460013e-03]
CASCI converged
CASCI E = -112.654475420584  E(CI) = -5.45096461610623  S^2 = 0.0000000

******** <class 'pyscf.mcscf.casci.CASCI'> ********
CAS (2e+2e, 4o), ncore = 5, nvir = 19
natorb = False
canonicalization = True
sorting_mo_energy = False
max_memory 4000 MB (current use 173 MB)
******** <class 'pyscf.fci.direct_spin1.FCISolver'> ********
max. cycles = 200
conv_tol = 1e-08
davidson only = False
linear dependence = 1e-12
level shift = 0.001
max iter space = 12
max_memory 4000 MB
nroots = 1
pspace_size = 400
spin = None
Density matrix diagonal elements [1.98779300e+00 1.43716490e-02 1.99737654e+00 4.58806421e-04]
CASCI converged
CASCI E = -112.652794142158  E(CI) = -5.44928333768098  S^2 = 0.0000000

******** <class 'pyscf.mcscf.casci.CASCI'> ********
CAS (2e+2e, 4o), ncore = 5, nvir = 19
natorb = False
canonicalization = True
sorting_mo_energy = False
max_memory 4000 MB (current use 173 MB)
******** <class 'pyscf.fci.direct_spin1.FCISolver'> ********
max. cycles = 200
conv_tol = 1e-08
davidson only = False
linear dependence = 1e-12
level shift = 0.001
max iter space = 12
max_memory 4000 MB
nroots = 1
pspace_size = 400
spin = None
Density matrix diagonal elements [1.98778219e+00 1.44858658e-02 1.99644858e+00 1.28336117e-03]
CASCI converged
CASCI E = -112.654145011528  E(CI) = -5.45063420705029  S^2 = 0.0000000

******** <class 'pyscf.mcscf.casci.CASCI'> ********
CAS (2e+2e, 4o), ncore = 5, nvir = 19
natorb = False
canonicalization = True
sorting_mo_energy = False
max_memory 4000 MB (current use 173 MB)
******** <class 'pyscf.fci.direct_spin1.FCISolver'> ********
max. cycles = 200
conv_tol = 1e-08
davidson only = False
linear dependence = 1e-12
level shift = 0.001
max iter space = 12
max_memory 4000 MB
nroots = 1
pspace_size = 400
spin = None
Density matrix diagonal elements [1.98656749 0.014773   1.99396895 0.00469056]
CASCI converged
CASCI E = -112.659146742715  E(CI) = -5.45563593823725  S^2 = 0.0000000

******** <class 'pyscf.mcscf.casci.CASCI'> ********
CAS (2e+2e, 4o), ncore = 5, nvir = 19
natorb = False
canonicalization = True
sorting_mo_energy = False
max_memory 4000 MB (current use 173 MB)
******** <class 'pyscf.fci.direct_spin1.FCISolver'> ********
max. cycles = 200
conv_tol = 1e-08
davidson only = False
linear dependence = 1e-12
level shift = 0.001
max iter space = 12
max_memory 4000 MB
nroots = 1
pspace_size = 400
spin = None
Density matrix diagonal elements [1.98809223e+00 1.45336104e-02 1.99723189e+00 1.42268030e-04]
CASCI converged
CASCI E = -112.652603893723  E(CI) = -5.44909308924539  S^2 = 0.0000000

******** <class 'pyscf.mcscf.casci.CASCI'> ********
CAS (2e+2e, 4o), ncore = 5, nvir = 19
natorb = False
canonicalization = True
sorting_mo_energy = False
max_memory 4000 MB (current use 173 MB)
******** <class 'pyscf.fci.direct_spin1.FCISolver'> ********
max. cycles = 200
conv_tol = 1e-08
davidson only = False
linear dependence = 1e-12
level shift = 0.001
max iter space = 12
max_memory 4000 MB
nroots = 1
pspace_size = 400
spin = None
Density matrix diagonal elements [1.98808497e+00 1.44365089e-02 1.99738959e+00 8.89379562e-05]
CASCI converged
CASCI E = -112.652505654690  E(CI) = -5.44899485021318  S^2 = 0.0000000

******** <class 'pyscf.mcscf.casci.CASCI'> ********
CAS (2e+2e, 4o), ncore = 5, nvir = 19
natorb = False
canonicalization = True
sorting_mo_energy = False
max_memory 4000 MB (current use 173 MB)
******** <class 'pyscf.fci.direct_spin1.FCISolver'> ********
max. cycles = 200
conv_tol = 1e-08
davidson only = False
linear dependence = 1e-12
level shift = 0.001
max iter space = 12
max_memory 4000 MB
nroots = 1
pspace_size = 400
spin = None
Density matrix diagonal elements [1.98805571e+00 1.44403915e-02 1.99729374e+00 2.10155917e-04]
CASCI converged
CASCI E = -112.652766844701  E(CI) = -5.44925604022384  S^2 = 0.0000000

******** <class 'pyscf.mcscf.casci.CASCI'> ********
CAS (2e+2e, 4o), ncore = 5, nvir = 19
natorb = False
canonicalization = True
sorting_mo_energy = False
max_memory 4000 MB (current use 173 MB)
******** <class 'pyscf.fci.direct_spin1.FCISolver'> ********
max. cycles = 200
conv_tol = 1e-08
davidson only = False
linear dependence = 1e-12
level shift = 0.001
max iter space = 12
max_memory 4000 MB
nroots = 1
pspace_size = 400
spin = None
Density matrix diagonal elements [1.98811483e+00 1.42476703e-02 1.99745886e+00 1.78637979e-04]
CASCI converged
CASCI E = -112.652736182538  E(CI) = -5.44922537806107  S^2 = 0.0000000

******** <class 'pyscf.mcscf.casci.CASCI'> ********
CAS (2e+2e, 4o), ncore = 5, nvir = 19
natorb = False
canonicalization = True
sorting_mo_energy = False
max_memory 4000 MB (current use 173 MB)
******** <class 'pyscf.fci.direct_spin1.FCISolver'> ********
max. cycles = 200
conv_tol = 1e-08
davidson only = False
linear dependence = 1e-12
level shift = 0.001
max iter space = 12
max_memory 4000 MB
nroots = 1
pspace_size = 400
spin = None
Density matrix diagonal elements [1.98804508e+00 1.43190985e-02 1.99744951e+00 1.86302413e-04]
CASCI converged
CASCI E = -112.652751634754  E(CI) = -5.44924083027685  S^2 = 0.0000000

******** <class 'pyscf.mcscf.casci.CASCI'> ********
CAS (2e+2e, 4o), ncore = 5, nvir = 19
natorb = False
canonicalization = True
sorting_mo_energy = False
max_memory 4000 MB (current use 173 MB)
******** <class 'pyscf.fci.direct_spin1.FCISolver'> ********
max. cycles = 200
conv_tol = 1e-08
davidson only = False
linear dependence = 1e-12
level shift = 0.001
max iter space = 12
max_memory 4000 MB
nroots = 1
pspace_size = 400
spin = None
Density matrix diagonal elements [1.98772759e+00 1.43766028e-02 1.99733760e+00 5.58206797e-04]
CASCI converged
CASCI E = -112.653606878425  E(CI) = -5.45009607394751  S^2 = 0.0000000

******** <class 'pyscf.mcscf.casci.CASCI'> ********
CAS (2e+2e, 4o), ncore = 5, nvir = 19
natorb = False
canonicalization = True
sorting_mo_energy = False
max_memory 4000 MB (current use 173 MB)
******** <class 'pyscf.fci.direct_spin1.FCISolver'> ********
max. cycles = 200
conv_tol = 1e-08
davidson only = False
linear dependence = 1e-12
level shift = 0.001
max iter space = 12
max_memory 4000 MB
nroots = 1
pspace_size = 400
spin = None
Density matrix diagonal elements [1.98319424 0.01795424 1.99662291 0.00222861]
CASCI converged
CASCI E = -112.657817080849  E(CI) = -5.45430627637177  S^2 = 0.0000000

******** <class 'pyscf.mcscf.casci.CASCI'> ********
CAS (2e+2e, 4o), ncore = 5, nvir = 19
natorb = False
canonicalization = True
sorting_mo_energy = False
max_memory 4000 MB (current use 173 MB)
******** <class 'pyscf.fci.direct_spin1.FCISolver'> ********
max. cycles = 200
conv_tol = 1e-08
davidson only = False
linear dependence = 1e-12
level shift = 0.001
max iter space = 12
max_memory 4000 MB
nroots = 1
pspace_size = 400
spin = None
Density matrix diagonal elements [1.98794961e+00 1.43658608e-02 1.99741200e+00 2.72520876e-04]
CASCI converged
CASCI E = -112.653181799260  E(CI) = -5.44967099478306  S^2 = 0.0000000

******** <class 'pyscf.mcscf.casci.CASCI'> ********
CAS (2e+2e, 4o), ncore = 5, nvir = 19
natorb = False
canonicalization = True
sorting_mo_energy = False
max_memory 4000 MB (current use 173 MB)
******** <class 'pyscf.fci.direct_spin1.FCISolver'> ********
max. cycles = 200
conv_tol = 1e-08
davidson only = False
linear dependence = 1e-12
level shift = 0.001
max iter space = 12
max_memory 4000 MB
nroots = 1
pspace_size = 400
spin = None
Density matrix diagonal elements [1.98809197e+00 1.44285298e-02 1.99743757e+00 4.19241287e-05]
CASCI converged
CASCI E = -112.652502783646  E(CI) = -5.44899197916898  S^2 = 0.0000000

******** <class 'pyscf.mcscf.casci.CASCI'> ********
CAS (2e+2e, 4o), ncore = 5, nvir = 19
natorb = False
canonicalization = True
sorting_mo_energy = False
max_memory 4000 MB (current use 173 MB)
******** <class 'pyscf.fci.direct_spin1.FCISolver'> ********
max. cycles = 200
conv_tol = 1e-08
davidson only = False
linear dependence = 1e-12
level shift = 0.001
max iter space = 12
max_memory 4000 MB
nroots = 1
pspace_size = 400
spin = None
Density matrix diagonal elements [1.98808433e+00 1.44391984e-02 1.99743375e+00 4.27140237e-05]
CASCI converged
CASCI E = -112.652505338029  E(CI) = -5.44899453355163  S^2 = 0.0000000

******** <class 'pyscf.mcscf.casci.CASCI'> ********
CAS (2e+2e, 4o), ncore = 5, nvir = 19
natorb = False
canonicalization = True
sorting_mo_energy = False
max_memory 4000 MB (current use 173 MB)
******** <class 'pyscf.fci.direct_spin1.FCISolver'> ********
max. cycles = 200
conv_tol = 1e-08
davidson only = False
linear dependence = 1e-12
level shift = 0.001
max iter space = 12
max_memory 4000 MB
nroots = 1
pspace_size = 400
spin = None
Density matrix diagonal elements [1.98806737e+00 1.44338112e-02 1.99729866e+00 2.00157517e-04]
CASCI converged
CASCI E = -112.653125420403  E(CI) = -5.44961461592527  S^2 = 0.0000000

******** <class 'pyscf.mcscf.casci.CASCI'> ********
CAS (2e+2e, 4o), ncore = 5, nvir = 19
natorb = False
canonicalization = True
sorting_mo_energy = False
max_memory 4000 MB (current use 173 MB)
******** <class 'pyscf.fci.direct_spin1.FCISolver'> ********
max. cycles = 200
conv_tol = 1e-08
davidson only = False
linear dependence = 1e-12
level shift = 0.001
max iter space = 12
max_memory 4000 MB
nroots = 1
pspace_size = 400
spin = None
Density matrix diagonal elements [1.98805558e+00 1.45401199e-02 1.99706657e+00 3.37724220e-04]
CASCI converged
CASCI E = -112.653731417287  E(CI) = -5.45022061280999  S^2 = 0.0000000

******** <class 'pyscf.mcscf.casci.CASCI'> ********
CAS (2e+2e, 4o), ncore = 5, nvir = 19
natorb = False
canonicalization = True
sorting_mo_energy = False
max_memory 4000 MB (current use 173 MB)
******** <class 'pyscf.fci.direct_spin1.FCISolver'> ********
max. cycles = 200
conv_tol = 1e-08
davidson only = False
linear dependence = 1e-12
level shift = 0.001
max iter space = 12
max_memory 4000 MB
nroots = 1
pspace_size = 400
spin = None
Density matrix diagonal elements [1.98806045e+00 1.44344838e-02 1.99724721e+00 2.57858884e-04]
CASCI converged
CASCI E = -112.653443965306  E(CI) = -5.44993316082855  S^2 = 0.0000000

******** <class 'pyscf.mcscf.casci.CASCI'> ********
CAS (3e+3e, 4o), ncore = 4, nvir = 20
natorb = False
canonicalization = True
sorting_mo_energy = False
max_memory 4000 MB (current use 173 MB)
******** <class 'pyscf.fci.direct_spin1.FCISolver'> ********
max. cycles = 200
conv_tol = 1e-08
davidson only = False
linear dependence = 1e-12
level shift = 0.001
max iter space = 12
max_memory 4000 MB
nroots = 1
pspace_size = 400
spin = None
Density matrix diagonal elements [1.98885523 0.03194903 1.97928259 1.99991315]
CASCI converged
CASCI E = -112.661198225914  E(CI) = -11.0495207761973  S^2 = 0.0000000

******** <class 'pyscf.mcscf.casci.CASCI'> ********
CAS (2e+2e, 4o), ncore = 5, nvir = 19
natorb = False
canonicalization = True
sorting_mo_energy = False
max_memory 4000 MB (current use 173 MB)
******** <class 'pyscf.fci.direct_spin1.FCISolver'> ********
max. cycles = 200
conv_tol = 1e-08
davidson only = False
linear dependence = 1e-12
level shift = 0.001
max iter space = 12
max_memory 4000 MB
nroots = 1
pspace_size = 400
spin = None
Density matrix diagonal elements [1.97675275 0.03156437 1.97878848 0.0128944 ]
CASCI converged
CASCI E = -112.665868305509  E(CI) = -5.22575963004826  S^2 = 0.0000000

******** <class 'pyscf.mcscf.casci.CASCI'> ********
CAS (2e+2e, 4o), ncore = 5, nvir = 19
natorb = False
canonicalization = True
sorting_mo_energy = False
max_memory 4000 MB (current use 173 MB)
******** <class 'pyscf.fci.direct_spin1.FCISolver'> ********
max. cycles = 200
conv_tol = 1e-08
davidson only = False
linear dependence = 1e-12
level shift = 0.001
max iter space = 12
max_memory 4000 MB
nroots = 1
pspace_size = 400
spin = None
Density matrix diagonal elements [1.98677796 0.03327297 1.97737288 0.00257619]
CASCI converged
CASCI E = -112.663560220506  E(CI) = -5.22345154504478  S^2 = 0.0000000

******** <class 'pyscf.mcscf.casci.CASCI'> ********
CAS (2e+2e, 4o), ncore = 5, nvir = 19
natorb = False
canonicalization = True
sorting_mo_energy = False
max_memory 4000 MB (current use 173 MB)
******** <class 'pyscf.fci.direct_spin1.FCISolver'> ********
max. cycles = 200
conv_tol = 1e-08
davidson only = False
linear dependence = 1e-12
level shift = 0.001
max iter space = 12
max_memory 4000 MB
nroots = 1
pspace_size = 400
spin = None
Density matrix diagonal elements [1.98376457 0.03163165 1.97897038 0.0056334 ]
CASCI converged
CASCI E = -112.665673729771  E(CI) = -5.22556505430981  S^2 = 0.0000000

******** <class 'pyscf.mcscf.casci.CASCI'> ********
CAS (2e+2e, 4o), ncore = 5, nvir = 19
natorb = False
canonicalization = True
sorting_mo_energy = False
max_memory 4000 MB (current use 173 MB)
******** <class 'pyscf.fci.direct_spin1.FCISolver'> ********
max. cycles = 200
conv_tol = 1e-08
davidson only = False
linear dependence = 1e-12
level shift = 0.001
max iter space = 12
max_memory 4000 MB
nroots = 1
pspace_size = 400
spin = None
Density matrix diagonal elements [1.98582286 0.03633727 1.97489927 0.00294059]
CASCI converged
CASCI E = -112.664937603228  E(CI) = -5.22482892776723  S^2 = 0.0000000

******** <class 'pyscf.mcscf.casci.CASCI'> ********
CAS (2e+2e, 4o), ncore = 5, nvir = 19
natorb = False
canonicalization = True
sorting_mo_energy = False
max_memory 4000 MB (current use 177 MB)
******** <class 'pyscf.fci.direct_spin1.FCISolver'> ********
max. cycles = 200
conv_tol = 1e-08
davidson only = False
linear dependence = 1e-12
level shift = 0.001
max iter space = 12
max_memory 4000 MB
nroots = 1
pspace_size = 400
spin = None
Density matrix diagonal elements [1.98854079e+00 3.19138490e-02 1.97921331e+00 3.32050998e-04]
CASCI converged
CASCI E = -112.661439097394  E(CI) = -5.22133042193319  S^2 = 0.0000000

******** <class 'pyscf.mcscf.casci.CASCI'> ********
CAS (2e+2e, 4o), ncore = 5, nvir = 19
natorb = False
canonicalization = True
sorting_mo_energy = False
max_memory 4000 MB (current use 177 MB)
******** <class 'pyscf.fci.direct_spin1.FCISolver'> ********
max. cycles = 200
conv_tol = 1e-08
davidson only = False
linear dependence = 1e-12
level shift = 0.001
max iter space = 12
max_memory 4000 MB
nroots = 1
pspace_size = 400
spin = None
Density matrix diagonal elements [1.98834063e+00 3.20870808e-02 1.97887251e+00 6.99774324e-04]
CASCI converged
CASCI E = -112.662163958479  E(CI) = -5.22205528301811  S^2 = 0.0000000

******** <class 'pyscf.mcscf.casci.CASCI'> ********
CAS (2e+2e, 4o), ncore = 5, nvir = 19
natorb = False
canonicalization = True
sorting_mo_energy = False
max_memory 4000 MB (current use 177 MB)
******** <class 'pyscf.fci.direct_spin1.FCISolver'> ********
max. cycles = 200
conv_tol = 1e-08
davidson only = False
linear dependence = 1e-12
level shift = 0.001
max iter space = 12
max_memory 4000 MB
nroots = 1
pspace_size = 400
spin = None
Density matrix diagonal elements [1.98645766 0.03337211 1.97722831 0.00294192]
CASCI converged
CASCI E = -112.665910197145  E(CI) = -5.22580152168440  S^2 = 0.0000000

******** <class 'pyscf.mcscf.casci.CASCI'> ********
CAS (2e+2e, 4o), ncore = 5, nvir = 19
natorb = False
canonicalization = True
sorting_mo_energy = False
max_memory 4000 MB (current use 177 MB)
******** <class 'pyscf.fci.direct_spin1.FCISolver'> ********
max. cycles = 200
conv_tol = 1e-08
davidson only = False
linear dependence = 1e-12
level shift = 0.001
max iter space = 12
max_memory 4000 MB
nroots = 1
pspace_size = 400
spin = None
Density matrix diagonal elements [1.98894021 0.0375547  1.96725657 0.00624851]
CASCI converged
CASCI E = -112.671549337141  E(CI) = -5.23144066168008  S^2 = 0.0000000

******** <class 'pyscf.mcscf.casci.CASCI'> ********
CAS (2e+2e, 4o), ncore = 5, nvir = 19
natorb = False
canonicalization = True
sorting_mo_energy = False
max_memory 4000 MB (current use 177 MB)
******** <class 'pyscf.fci.direct_spin1.FCISolver'> ********
max. cycles = 200
conv_tol = 1e-08
davidson only = False
linear dependence = 1e-12
level shift = 0.001
max iter space = 12
max_memory 4000 MB
nroots = 1
pspace_size = 400
spin = None
Density matrix diagonal elements [1.98881232e+00 3.19437993e-02 1.97920779e+00 3.60929668e-05]
CASCI converged
CASCI E = -112.661207656191  E(CI) = -5.22109898072995  S^2 = 0.0000000

******** <class 'pyscf.mcscf.casci.CASCI'> ********
CAS (2e+2e, 4o), ncore = 5, nvir = 19
natorb = False
canonicalization = True
sorting_mo_energy = False
max_memory 4000 MB (current use 177 MB)
******** <class 'pyscf.fci.direct_spin1.FCISolver'> ********
max. cycles = 200
conv_tol = 1e-08
davidson only = False
linear dependence = 1e-12
level shift = 0.001
max iter space = 12
max_memory 4000 MB
nroots = 1
pspace_size = 400
spin = None
Density matrix diagonal elements [1.98869686e+00 3.19711020e-02 1.97901197e+00 3.20063884e-04]
CASCI converged
CASCI E = -112.661779205887  E(CI) = -5.22167053042595  S^2 = 0.0000000

******** <class 'pyscf.mcscf.casci.CASCI'> ********
CAS (2e+2e, 4o), ncore = 5, nvir = 19
natorb = False
canonicalization = True
sorting_mo_energy = False
max_memory 4000 MB (current use 177 MB)
******** <class 'pyscf.fci.direct_spin1.FCISolver'> ********
max. cycles = 200
conv_tol = 1e-08
davidson only = False
linear dependence = 1e-12
level shift = 0.001
max iter space = 12
max_memory 4000 MB
nroots = 1
pspace_size = 400
spin = None
Density matrix diagonal elements [1.98882565e+00 3.17829501e-02 1.97918120e+00 2.10199903e-04]
CASCI converged
CASCI E = -112.661603640271  E(CI) = -5.22149496480989  S^2 = 0.0000000

******** <class 'pyscf.mcscf.casci.CASCI'> ********
CAS (2e+2e, 4o), ncore = 5, nvir = 19
natorb = False
canonicalization = True
sorting_mo_energy = False
max_memory 4000 MB (current use 177 MB)
******** <class 'pyscf.fci.direct_spin1.FCISolver'> ********
max. cycles = 200
conv_tol = 1e-08
davidson only = False
linear dependence = 1e-12
level shift = 0.001
max iter space = 12
max_memory 4000 MB
nroots = 1
pspace_size = 400
spin = None
Density matrix diagonal elements [1.98850465e+00 3.25215521e-02 1.97825546e+00 7.18337044e-04]
CASCI converged
CASCI E = -112.662795239631  E(CI) = -5.22268656416971  S^2 = 0.0000000

******** <class 'pyscf.mcscf.casci.CASCI'> ********
CAS (2e+2e, 4o), ncore = 5, nvir = 19
natorb = False
canonicalization = True
sorting_mo_energy = False
max_memory 4000 MB (current use 177 MB)
******** <class 'pyscf.fci.direct_spin1.FCISolver'> ********
max. cycles = 200
conv_tol = 1e-08
davidson only = False
linear dependence = 1e-12
level shift = 0.001
max iter space = 12
max_memory 4000 MB
nroots = 1
pspace_size = 400
spin = None
Density matrix diagonal elements [1.98844692e+00 3.19084192e-02 1.97920580e+00 4.38859124e-04]
CASCI converged
CASCI E = -112.662073284307  E(CI) = -5.22196460884653  S^2 = 0.0000000

******** <class 'pyscf.mcscf.casci.CASCI'> ********
CAS (2e+2e, 4o), ncore = 5, nvir = 19
natorb = False
canonicalization = True
sorting_mo_energy = False
max_memory 4000 MB (current use 177 MB)
******** <class 'pyscf.fci.direct_spin1.FCISolver'> ********
max. cycles = 200
conv_tol = 1e-08
davidson only = False
linear dependence = 1e-12
level shift = 0.001
max iter space = 12
max_memory 4000 MB
nroots = 1
pspace_size = 400
spin = None
Density matrix diagonal elements [1.98472595 0.03514197 1.9779258  0.00220629]
CASCI converged
CASCI E = -112.666317774095  E(CI) = -5.22620909863433  S^2 = 0.0000000

******** <class 'pyscf.mcscf.casci.CASCI'> ********
CAS (2e+2e, 4o), ncore = 5, nvir = 19
natorb = False
canonicalization = True
sorting_mo_energy = False
max_memory 4000 MB (current use 177 MB)
******** <class 'pyscf.fci.direct_spin1.FCISolver'> ********
max. cycles = 200
conv_tol = 1e-08
davidson only = False
linear dependence = 1e-12
level shift = 0.001
max iter space = 12
max_memory 4000 MB
nroots = 1
pspace_size = 400
spin = None
Density matrix diagonal elements [1.98850411e+00 3.20239753e-02 1.97912383e+00 3.48093523e-04]
CASCI converged
CASCI E = -112.662201116866  E(CI) = -5.22209244140512  S^2 = 0.0000000

******** <class 'pyscf.mcscf.casci.CASCI'> ********
CAS (2e+2e, 4o), ncore = 5, nvir = 19
natorb = False
canonicalization = True
sorting_mo_energy = False
max_memory 4000 MB (current use 177 MB)
******** <class 'pyscf.fci.direct_spin1.FCISolver'> ********
max. cycles = 200
conv_tol = 1e-08
davidson only = False
linear dependence = 1e-12
level shift = 0.001
max iter space = 12
max_memory 4000 MB
nroots = 1
pspace_size = 400
spin = None
Density matrix diagonal elements [1.98876342e+00 3.16460919e-02 1.97929044e+00 3.00052139e-04]
CASCI converged
CASCI E = -112.662077365049  E(CI) = -5.22196868958837  S^2 = 0.0000000

******** <class 'pyscf.mcscf.casci.CASCI'> ********
CAS (2e+2e, 4o), ncore = 5, nvir = 19
natorb = False
canonicalization = True
sorting_mo_energy = False
max_memory 4000 MB (current use 177 MB)
******** <class 'pyscf.fci.direct_spin1.FCISolver'> ********
max. cycles = 200
conv_tol = 1e-08
davidson only = False
linear dependence = 1e-12
level shift = 0.001
max iter space = 12
max_memory 4000 MB
nroots = 1
pspace_size = 400
spin = None
Density matrix diagonal elements [1.98874914e+00 3.16649703e-02 1.97928110e+00 3.04793293e-04]
CASCI converged
CASCI E = -112.662093176893  E(CI) = -5.22198450143200  S^2 = 0.0000000

******** <class 'pyscf.mcscf.casci.CASCI'> ********
CAS (2e+2e, 4o), ncore = 5, nvir = 19
natorb = False
canonicalization = True
sorting_mo_energy = False
max_memory 4000 MB (current use 177 MB)
******** <class 'pyscf.fci.direct_spin1.FCISolver'> ********
max. cycles = 200
conv_tol = 1e-08
davidson only = False
linear dependence = 1e-12
level shift = 0.001
max iter space = 12
max_memory 4000 MB
nroots = 1
pspace_size = 400
spin = None
Density matrix diagonal elements [1.98880697e+00 3.19514045e-02 1.97922317e+00 1.84624740e-05]
CASCI converged
CASCI E = -112.661226128513  E(CI) = -5.22111745305192  S^2 = 0.0000000

******** <class 'pyscf.mcscf.casci.CASCI'> ********
CAS (2e+2e, 4o), ncore = 5, nvir = 19
natorb = False
canonicalization = True
sorting_mo_energy = False
max_memory 4000 MB (current use 177 MB)
******** <class 'pyscf.fci.direct_spin1.FCISolver'> ********
max. cycles = 200
conv_tol = 1e-08
davidson only = False
linear dependence = 1e-12
level shift = 0.001
max iter space = 12
max_memory 4000 MB
nroots = 1
pspace_size = 400
spin = None
Density matrix diagonal elements [1.98876215e+00 3.18192994e-02 1.97925693e+00 1.61615409e-04]
CASCI converged
CASCI E = -112.661766509926  E(CI) = -5.22165783446543  S^2 = 0.0000000

******** <class 'pyscf.mcscf.casci.CASCI'> ********
CAS (2e+2e, 4o), ncore = 5, nvir = 19
natorb = False
canonicalization = True
sorting_mo_energy = False
max_memory 4000 MB (current use 177 MB)
******** <class 'pyscf.fci.direct_spin1.FCISolver'> ********
max. cycles = 200
conv_tol = 1e-08
davidson only = False
linear dependence = 1e-12
level shift = 0.001
max iter space = 12
max_memory 4000 MB
nroots = 1
pspace_size = 400
spin = None
Density matrix diagonal elements [1.98880698e+00 3.19379625e-02 1.97922715e+00 2.79098065e-05]
CASCI converged
CASCI E = -112.661274228450  E(CI) = -5.22116555298875  S^2 = 0.0000000

******** <class 'pyscf.mcscf.casci.CASCI'> ********
CAS (2e+2e, 4o), ncore = 5, nvir = 19
natorb = False
canonicalization = True
sorting_mo_energy = False
max_memory 4000 MB (current use 177 MB)
******** <class 'pyscf.fci.direct_spin1.FCISolver'> ********
max. cycles = 200
conv_tol = 1e-08
davidson only = False
linear dependence = 1e-12
level shift = 0.001
max iter space = 12
max_memory 4000 MB
nroots = 1
pspace_size = 400
spin = None
Density matrix diagonal elements [1.9767566  0.01286268 1.97878875 0.03159198]
CASCI converged
CASCI E = -112.665867917517  E(CI) = -5.22575924205627  S^2 = 0.0000000

******** <class 'pyscf.mcscf.casci.CASCI'> ********
CAS (2e+2e, 4o), ncore = 5, nvir = 19
natorb = False
canonicalization = True
sorting_mo_energy = False
max_memory 4000 MB (current use 177 MB)
******** <class 'pyscf.fci.direct_spin1.FCISolver'> ********
max. cycles = 200
conv_tol = 1e-08
davidson only = False
linear dependence = 1e-12
level shift = 0.001
max iter space = 12
max_memory 4000 MB
nroots = 1
pspace_size = 400
spin = None
Density matrix diagonal elements [1.98676102e+00 1.25583802e-02 1.99970826e+00 9.72340823e-04]
CASCI converged
CASCI E = -112.651444346601  E(CI) = -5.21133567113976  S^2 = 0.0000000

******** <class 'pyscf.mcscf.casci.CASCI'> ********
CAS (2e+2e, 4o), ncore = 5, nvir = 19
natorb = False
canonicalization = True
sorting_mo_energy = False
max_memory 4000 MB (current use 177 MB)
******** <class 'pyscf.fci.direct_spin1.FCISolver'> ********
max. cycles = 200
conv_tol = 1e-08
davidson only = False
linear dependence = 1e-12
level shift = 0.001
max iter space = 12
max_memory 4000 MB
nroots = 1
pspace_size = 400
spin = None
Density matrix diagonal elements [1.98285013 0.01203748 1.99982118 0.00529121]
CASCI converged
CASCI E = -112.654816671224  E(CI) = -5.21470799576333  S^2 = 0.0000000

******** <class 'pyscf.mcscf.casci.CASCI'> ********
CAS (2e+2e, 4o), ncore = 5, nvir = 19
natorb = False
canonicalization = True
sorting_mo_energy = False
max_memory 4000 MB (current use 177 MB)
******** <class 'pyscf.fci.direct_spin1.FCISolver'> ********
max. cycles = 200
conv_tol = 1e-08
davidson only = False
linear dependence = 1e-12
level shift = 0.001
max iter space = 12
max_memory 4000 MB
nroots = 1
pspace_size = 400
spin = None
Density matrix diagonal elements [1.98401544e+00 1.50927215e-02 1.99979814e+00 1.09369213e-03]
CASCI converged
CASCI E = -112.651937773030  E(CI) = -5.21182909756948  S^2 = 0.0000000

******** <class 'pyscf.mcscf.casci.CASCI'> ********
CAS (2e+2e, 4o), ncore = 5, nvir = 19
natorb = False
canonicalization = True
sorting_mo_energy = False
max_memory 4000 MB (current use 177 MB)
******** <class 'pyscf.fci.direct_spin1.FCISolver'> ********
max. cycles = 200
conv_tol = 1e-08
davidson only = False
linear dependence = 1e-12
level shift = 0.001
max iter space = 12
max_memory 4000 MB
nroots = 1
pspace_size = 400
spin = None
Density matrix diagonal elements [1.98705374e+00 1.27934080e-02 1.99909012e+00 1.06273198e-03]
CASCI converged
CASCI E = -112.651859640061  E(CI) = -5.21175096460027  S^2 = 0.0000000

******** <class 'pyscf.mcscf.casci.CASCI'> ********
CAS (2e+2e, 4o), ncore = 5, nvir = 19
natorb = False
canonicalization = True
sorting_mo_energy = False
max_memory 4000 MB (current use 177 MB)
******** <class 'pyscf.fci.direct_spin1.FCISolver'> ********
max. cycles = 200
conv_tol = 1e-08
davidson only = False
linear dependence = 1e-12
level shift = 0.001
max iter space = 12
max_memory 4000 MB
nroots = 1
pspace_size = 400
spin = None
Density matrix diagonal elements [1.98738497e+00 1.26528228e-02 1.99963827e+00 3.23939729e-04]
CASCI converged
CASCI E = -112.651164038950  E(CI) = -5.21105536348956  S^2 = 0.0000000

******** <class 'pyscf.mcscf.casci.CASCI'> ********
CAS (2e+2e, 4o), ncore = 5, nvir = 19
natorb = False
canonicalization = True
sorting_mo_energy = False
max_memory 4000 MB (current use 177 MB)
******** <class 'pyscf.fci.direct_spin1.FCISolver'> ********
max. cycles = 200
conv_tol = 1e-08
davidson only = False
linear dependence = 1e-12
level shift = 0.001
max iter space = 12
max_memory 4000 MB
nroots = 1
pspace_size = 400
spin = None
Density matrix diagonal elements [1.98688861e+00 1.25373728e-02 1.99973433e+00 8.39687621e-04]
CASCI converged
CASCI E = -112.651937226114  E(CI) = -5.21182855065284  S^2 = 0.0000000

******** <class 'pyscf.mcscf.casci.CASCI'> ********
CAS (2e+2e, 4o), ncore = 5, nvir = 19
natorb = False
canonicalization = True
sorting_mo_energy = False
max_memory 4000 MB (current use 177 MB)
******** <class 'pyscf.fci.direct_spin1.FCISolver'> ********
max. cycles = 200
conv_tol = 1e-08
davidson only = False
linear dependence = 1e-12
level shift = 0.001
max iter space = 12
max_memory 4000 MB
nroots = 1
pspace_size = 400
spin = None
Density matrix diagonal elements [1.98744339e+00 1.27852282e-02 1.99969543e+00 7.59445860e-05]
CASCI converged
CASCI E = -112.650864060471  E(CI) = -5.21075538500995  S^2 = 0.0000000

******** <class 'pyscf.mcscf.casci.CASCI'> ********
CAS (2e+2e, 4o), ncore = 5, nvir = 19
natorb = False
canonicalization = True
sorting_mo_energy = False
max_memory 4000 MB (current use 177 MB)
******** <class 'pyscf.fci.direct_spin1.FCISolver'> ********
max. cycles = 200
conv_tol = 1e-08
davidson only = False
linear dependence = 1e-12
level shift = 0.001
max iter space = 12
max_memory 4000 MB
nroots = 1
pspace_size = 400
spin = None
Density matrix diagonal elements [1.98742957 0.01272872 1.99693729 0.00290442]
CASCI converged
CASCI E = -112.654972471388  E(CI) = -5.21486379592733  S^2 = 0.0000000

******** <class 'pyscf.mcscf.casci.CASCI'> ********
CAS (2e+2e, 4o), ncore = 5, nvir = 19
natorb = False
canonicalization = True
sorting_mo_energy = False
max_memory 4000 MB (current use 177 MB)
******** <class 'pyscf.fci.direct_spin1.FCISolver'> ********
max. cycles = 200
conv_tol = 1e-08
davidson only = False
linear dependence = 1e-12
level shift = 0.001
max iter space = 12
max_memory 4000 MB
nroots = 1
pspace_size = 400
spin = None
Density matrix diagonal elements [1.98746334e+00 1.26822609e-02 1.99968707e+00 1.67331288e-04]
CASCI converged
CASCI E = -112.651034648594  E(CI) = -5.21092597313277  S^2 = 0.0000000

******** <class 'pyscf.mcscf.casci.CASCI'> ********
CAS (2e+2e, 4o), ncore = 5, nvir = 19
natorb = False
canonicalization = True
sorting_mo_energy = False
max_memory 4000 MB (current use 177 MB)
******** <class 'pyscf.fci.direct_spin1.FCISolver'> ********
max. cycles = 200
conv_tol = 1e-08
davidson only = False
linear dependence = 1e-12
level shift = 0.001
max iter space = 12
max_memory 4000 MB
nroots = 1
pspace_size = 400
spin = None
Density matrix diagonal elements [1.98731344e+00 1.27538246e-02 1.99928506e+00 6.47685079e-04]
CASCI converged
CASCI E = -112.652235902040  E(CI) = -5.21212722657881  S^2 = 0.0000000

******** <class 'pyscf.mcscf.casci.CASCI'> ********
CAS (2e+2e, 4o), ncore = 5, nvir = 19
natorb = False
canonicalization = True
sorting_mo_energy = False
max_memory 4000 MB (current use 177 MB)
******** <class 'pyscf.fci.direct_spin1.FCISolver'> ********
max. cycles = 200
conv_tol = 1e-08
davidson only = False
linear dependence = 1e-12
level shift = 0.001
max iter space = 12
max_memory 4000 MB
nroots = 1
pspace_size = 400
spin = None
Density matrix diagonal elements [1.98744565e+00 1.25955699e-02 1.99972508e+00 2.33701330e-04]
CASCI converged
CASCI E = -112.651246709126  E(CI) = -5.21113803366536  S^2 = 0.0000000

******** <class 'pyscf.mcscf.casci.CASCI'> ********
CAS (2e+2e, 4o), ncore = 5, nvir = 19
natorb = False
canonicalization = True
sorting_mo_energy = False
max_memory 4000 MB (current use 177 MB)
******** <class 'pyscf.fci.direct_spin1.FCISolver'> ********
max. cycles = 200
conv_tol = 1e-08
davidson only = False
linear dependence = 1e-12
level shift = 0.001
max iter space = 12
max_memory 4000 MB
nroots = 1
pspace_size = 400
spin = None
Density matrix diagonal elements [1.98711242e+00 1.26289779e-02 1.99951496e+00 7.43646442e-04]
CASCI converged
CASCI E = -112.652358227465  E(CI) = -5.21224955200449  S^2 = 0.0000000

******** <class 'pyscf.mcscf.casci.CASCI'> ********
CAS (2e+2e, 4o), ncore = 5, nvir = 19
natorb = False
canonicalization = True
sorting_mo_energy = False
max_memory 4000 MB (current use 177 MB)
******** <class 'pyscf.fci.direct_spin1.FCISolver'> ********
max. cycles = 200
conv_tol = 1e-08
davidson only = False
linear dependence = 1e-12
level shift = 0.001
max iter space = 12
max_memory 4000 MB
nroots = 1
pspace_size = 400
spin = None
Density matrix diagonal elements [1.98323698e+00 1.53682195e-02 1.99980627e+00 1.58852809e-03]
CASCI converged
CASCI E = -112.654406352649  E(CI) = -5.21429767718782  S^2 = 0.0000000

******** <class 'pyscf.mcscf.casci.CASCI'> ********
CAS (2e+2e, 4o), ncore = 5, nvir = 19
natorb = False
canonicalization = True
sorting_mo_energy = False
max_memory 4000 MB (current use 177 MB)
******** <class 'pyscf.fci.direct_spin1.FCISolver'> ********
max. cycles = 200
conv_tol = 1e-08
davidson only = False
linear dependence = 1e-12
level shift = 0.001
max iter space = 12
max_memory 4000 MB
nroots = 1
pspace_size = 400
spin = None
Density matrix diagonal elements [1.98735322e+00 1.26029165e-02 1.99981602e+00 2.27842385e-04]
CASCI converged
CASCI E = -112.651406674899  E(CI) = -5.21129799943797  S^2 = 0.0000000

******** <class 'pyscf.mcscf.casci.CASCI'> ********
CAS (2e+2e, 4o), ncore = 5, nvir = 19
natorb = False
canonicalization = True
sorting_mo_energy = False
max_memory 4000 MB (current use 177 MB)
******** <class 'pyscf.fci.direct_spin1.FCISolver'> ********
max. cycles = 200
conv_tol = 1e-08
davidson only = False
linear dependence = 1e-12
level shift = 0.001
max iter space = 12
max_memory 4000 MB
nroots = 1
pspace_size = 400
spin = None
Density matrix diagonal elements [1.98746038e+00 1.26925219e-02 1.99950251e+00 3.44586751e-04]
CASCI converged
CASCI E = -112.651806054174  E(CI) = -5.21169737871347  S^2 = 0.0000000

******** <class 'pyscf.mcscf.casci.CASCI'> ********
CAS (2e+2e, 4o), ncore = 5, nvir = 19
natorb = False
canonicalization = True
sorting_mo_energy = False
max_memory 4000 MB (current use 177 MB)
******** <class 'pyscf.fci.direct_spin1.FCISolver'> ********
max. cycles = 200
conv_tol = 1e-08
davidson only = False
linear dependence = 1e-12
level shift = 0.001
max iter space = 12
max_memory 4000 MB
nroots = 1
pspace_size = 400
spin = None
Density matrix diagonal elements [1.98746661e+00 1.26858599e-02 1.99950728e+00 3.40252908e-04]
CASCI converged
CASCI E = -112.651792142238  E(CI) = -5.21168346677693  S^2 = 0.0000000

******** <class 'pyscf.mcscf.casci.CASCI'> ********
CAS (2e+2e, 4o), ncore = 5, nvir = 19
natorb = False
canonicalization = True
sorting_mo_energy = False
max_memory 4000 MB (current use 177 MB)
******** <class 'pyscf.fci.direct_spin1.FCISolver'> ********
max. cycles = 200
conv_tol = 1e-08
davidson only = False
linear dependence = 1e-12
level shift = 0.001
max iter space = 12
max_memory 4000 MB
nroots = 1
pspace_size = 400
spin = None
Density matrix diagonal elements [1.98746160e+00 1.26907864e-02 1.99969613e+00 1.51477104e-04]
CASCI converged
CASCI E = -112.651304458038  E(CI) = -5.21119578257724  S^2 = 0.0000000

******** <class 'pyscf.mcscf.casci.CASCI'> ********
CAS (2e+2e, 4o), ncore = 5, nvir = 19
natorb = False
canonicalization = True
sorting_mo_energy = False
max_memory 4000 MB (current use 177 MB)
******** <class 'pyscf.fci.direct_spin1.FCISolver'> ********
max. cycles = 200
conv_tol = 1e-08
davidson only = False
linear dependence = 1e-12
level shift = 0.001
max iter space = 12
max_memory 4000 MB
nroots = 1
pspace_size = 400
spin = None
Density matrix diagonal elements [1.98744433e+00 1.26817225e-02 1.99982861e+00 4.53368992e-05]
CASCI converged
CASCI E = -112.650932721111  E(CI) = -5.21082404565000  S^2 = 0.0000000

******** <class 'pyscf.mcscf.casci.CASCI'> ********
CAS (2e+2e, 4o), ncore = 5, nvir = 19
natorb = False
canonicalization = True
sorting_mo_energy = False
max_memory 4000 MB (current use 177 MB)
******** <class 'pyscf.fci.direct_spin1.FCISolver'> ********
max. cycles = 200
conv_tol = 1e-08
davidson only = False
linear dependence = 1e-12
level shift = 0.001
max iter space = 12
max_memory 4000 MB
nroots = 1
pspace_size = 400
spin = None
Density matrix diagonal elements [1.98747277e+00 1.26862862e-02 1.99981589e+00 2.50487786e-05]
CASCI converged
CASCI E = -112.650851296292  E(CI) = -5.21074262083080  S^2 = 0.0000000

******** <class 'pyscf.mcscf.casci.CASCI'> ********
CAS (1e+1e, 4o), ncore = 6, nvir = 18
natorb = False
canonicalization = True
sorting_mo_energy = False
max_memory 4000 MB (current use 177 MB)
******** <class 'pyscf.fci.direct_spin1.FCISolver'> ********
max. cycles = 200
conv_tol = 1e-08
davidson only = False
linear dependence = 1e-12
level shift = 0.001
max iter space = 12
max_memory 4000 MB
nroots = 1
pspace_size = 400
spin = None
Density matrix diagonal elements [1.97580658e+00 1.16793786e-02 1.17103837e-02 8.03657297e-04]
CASCI converged
CASCI E = -112.655692898355  E(CI) = -1.71272895482232  S^2 = 0.0000000

******** <class 'pyscf.mcscf.casci.CASCI'> ********
CAS (1e+1e, 4o), ncore = 6, nvir = 18
natorb = False
canonicalization = True
sorting_mo_energy = False
max_memory 4000 MB (current use 177 MB)
******** <class 'pyscf.fci.direct_spin1.FCISolver'> ********
max. cycles = 200
conv_tol = 1e-08
davidson only = False
linear dependence = 1e-12
level shift = 0.001
max iter space = 12
max_memory 4000 MB
nroots = 1
pspace_size = 400
spin = None
Density matrix diagonal elements [1.97259201 0.01119045 0.01122003 0.00499751]
CASCI converged
CASCI E = -112.658988714485  E(CI) = -1.71602477095240  S^2 = 0.0000000

******** <class 'pyscf.mcscf.casci.CASCI'> ********
CAS (1e+1e, 4o), ncore = 6, nvir = 18
natorb = False
canonicalization = True
sorting_mo_energy = False
max_memory 4000 MB (current use 177 MB)
******** <class 'pyscf.fci.direct_spin1.FCISolver'> ********
max. cycles = 200
conv_tol = 1e-08
davidson only = False
linear dependence = 1e-12
level shift = 0.001
max iter space = 12
max_memory 4000 MB
nroots = 1
pspace_size = 400
spin = None
Density matrix diagonal elements [1.97326082e+00 1.40576497e-02 1.16572053e-02 1.02432853e-03]
CASCI converged
CASCI E = -112.656253111848  E(CI) = -1.71328916831560  S^2 = 0.0000000

******** <class 'pyscf.mcscf.casci.CASCI'> ********
CAS (1e+1e, 4o), ncore = 6, nvir = 18
natorb = False
canonicalization = True
sorting_mo_energy = False
max_memory 4000 MB (current use 177 MB)
******** <class 'pyscf.fci.direct_spin1.FCISolver'> ********
max. cycles = 200
conv_tol = 1e-08
davidson only = False
linear dependence = 1e-12
level shift = 0.001
max iter space = 12
max_memory 4000 MB
nroots = 1
pspace_size = 400
spin = None
Density matrix diagonal elements [1.97327022e+00 1.16272371e-02 1.40814893e-02 1.02104951e-03]
CASCI converged
CASCI E = -112.656249989659  E(CI) = -1.71328604612674  S^2 = 0.0000000

******** <class 'pyscf.mcscf.casci.CASCI'> ********
CAS (1e+1e, 4o), ncore = 6, nvir = 18
natorb = False
canonicalization = True
sorting_mo_energy = False
max_memory 4000 MB (current use 177 MB)
******** <class 'pyscf.fci.direct_spin1.FCISolver'> ********
max. cycles = 200
conv_tol = 1e-08
davidson only = False
linear dependence = 1e-12
level shift = 0.001
max iter space = 12
max_memory 4000 MB
nroots = 1
pspace_size = 400
spin = None
Density matrix diagonal elements [1.97634418e+00 1.17527673e-02 1.17837847e-02 1.19267313e-04]
CASCI converged
CASCI E = -112.655296184444  E(CI) = -1.71233224091154  S^2 = 0.0000000

******** <class 'pyscf.mcscf.casci.CASCI'> ********
CAS (1e+1e, 4o), ncore = 6, nvir = 18
natorb = False
canonicalization = True
sorting_mo_energy = False
max_memory 4000 MB (current use 177 MB)
******** <class 'pyscf.fci.direct_spin1.FCISolver'> ********
max. cycles = 200
conv_tol = 1e-08
davidson only = False
linear dependence = 1e-12
level shift = 0.001
max iter space = 12
max_memory 4000 MB
nroots = 1
pspace_size = 400
spin = None
Density matrix diagonal elements [1.97594860e+00 1.16527872e-02 1.16835312e-02 7.15076976e-04]
CASCI converged
CASCI E = -112.656154174037  E(CI) = -1.71319023050516  S^2 = 0.0000000

******** <class 'pyscf.mcscf.casci.CASCI'> ********
CAS (1e+1e, 4o), ncore = 6, nvir = 18
natorb = False
canonicalization = True
sorting_mo_energy = False
max_memory 4000 MB (current use 177 MB)
******** <class 'pyscf.fci.direct_spin1.FCISolver'> ********
max. cycles = 200
conv_tol = 1e-08
davidson only = False
linear dependence = 1e-12
level shift = 0.001
max iter space = 12
max_memory 4000 MB
nroots = 1
pspace_size = 400
spin = None
Density matrix diagonal elements [1.97636289e+00 1.18163546e-02 1.18152949e-02 5.46359725e-06]
CASCI converged
CASCI E = -112.655149551231  E(CI) = -1.71218560769859  S^2 = 0.0000000

******** <class 'pyscf.mcscf.casci.CASCI'> ********
CAS (1e+1e, 4o), ncore = 6, nvir = 18
natorb = False
canonicalization = True
sorting_mo_energy = False
max_memory 4000 MB (current use 177 MB)
******** <class 'pyscf.fci.direct_spin1.FCISolver'> ********
max. cycles = 200
conv_tol = 1e-08
davidson only = False
linear dependence = 1e-12
level shift = 0.001
max iter space = 12
max_memory 4000 MB
nroots = 1
pspace_size = 400
spin = None
Density matrix diagonal elements [1.97636205e+00 1.17841489e-02 1.18482159e-02 5.58568790e-06]
CASCI converged
CASCI E = -112.655149799413  E(CI) = -1.71218585588119  S^2 = 0.0000000

******** <class 'pyscf.mcscf.casci.CASCI'> ********
CAS (1e+1e, 4o), ncore = 6, nvir = 18
natorb = False
canonicalization = True
sorting_mo_energy = False
max_memory 4000 MB (current use 177 MB)
******** <class 'pyscf.fci.direct_spin1.FCISolver'> ********
max. cycles = 200
conv_tol = 1e-08
davidson only = False
linear dependence = 1e-12
level shift = 0.001
max iter space = 12
max_memory 4000 MB
nroots = 1
pspace_size = 400
spin = None
Density matrix diagonal elements [1.97639825e+00 1.17765226e-02 1.18076042e-02 1.76189420e-05]
CASCI converged
CASCI E = -112.655171758579  E(CI) = -1.71220781504731  S^2 = 0.0000000

******** <class 'pyscf.mcscf.casci.CASCI'> ********
CAS (1e+1e, 4o), ncore = 6, nvir = 18
natorb = False
canonicalization = True
sorting_mo_energy = False
max_memory 4000 MB (current use 177 MB)
******** <class 'pyscf.fci.direct_spin1.FCISolver'> ********
max. cycles = 200
conv_tol = 1e-08
davidson only = False
linear dependence = 1e-12
level shift = 0.001
max iter space = 12
max_memory 4000 MB
nroots = 1
pspace_size = 400
spin = None
Density matrix diagonal elements [1.97657463e+00 1.16559158e-02 1.16866681e-02 8.27858362e-05]
CASCI converged
CASCI E = -112.655304184476  E(CI) = -1.71234024094355  S^2 = 0.0000000

******** <class 'pyscf.mcscf.casci.CASCI'> ********
CAS (1e+1e, 4o), ncore = 6, nvir = 18
natorb = False
canonicalization = True
sorting_mo_energy = False
max_memory 4000 MB (current use 177 MB)
******** <class 'pyscf.fci.direct_spin1.FCISolver'> ********
max. cycles = 200
conv_tol = 1e-08
davidson only = False
linear dependence = 1e-12
level shift = 0.001
max iter space = 12
max_memory 4000 MB
nroots = 1
pspace_size = 400
spin = None
Density matrix diagonal elements [1.97657463e+00 1.16557866e-02 1.16867977e-02 8.27858619e-05]
CASCI converged
CASCI E = -112.655304184526  E(CI) = -1.71234024099380  S^2 = 0.0000000

******** <class 'pyscf.mcscf.casci.CASCI'> ********
CAS (1e+1e, 4o), ncore = 6, nvir = 18
natorb = False
canonicalization = True
sorting_mo_energy = False
max_memory 4000 MB (current use 177 MB)
******** <class 'pyscf.fci.direct_spin1.FCISolver'> ********
max. cycles = 200
conv_tol = 1e-08
davidson only = False
linear dependence = 1e-12
level shift = 0.001
max iter space = 12
max_memory 4000 MB
nroots = 1
pspace_size = 400
spin = None
Density matrix diagonal elements [1.97253893e+00 1.15376822e-02 1.43843193e-02 1.53906796e-03]
CASCI converged
CASCI E = -112.658692304105  E(CI) = -1.71572836057312  S^2 = 0.0000000

******** <class 'pyscf.mcscf.casci.CASCI'> ********
CAS (1e+1e, 4o), ncore = 6, nvir = 18
natorb = False
canonicalization = True
sorting_mo_energy = False
max_memory 4000 MB (current use 177 MB)
******** <class 'pyscf.fci.direct_spin1.FCISolver'> ********
max. cycles = 200
conv_tol = 1e-08
davidson only = False
linear dependence = 1e-12
level shift = 0.001
max iter space = 12
max_memory 4000 MB
nroots = 1
pspace_size = 400
spin = None
Density matrix diagonal elements [1.97252786e+00 1.43636656e-02 1.15674188e-02 1.54105130e-03]
CASCI converged
CASCI E = -112.658695896273  E(CI) = -1.71573195274063  S^2 = 0.0000000

******** <class 'pyscf.mcscf.casci.CASCI'> ********
CAS (1e+1e, 4o), ncore = 6, nvir = 18
natorb = False
canonicalization = True
sorting_mo_energy = False
max_memory 4000 MB (current use 177 MB)
******** <class 'pyscf.fci.direct_spin1.FCISolver'> ********
max. cycles = 200
conv_tol = 1e-08
davidson only = False
linear dependence = 1e-12
level shift = 0.001
max iter space = 12
max_memory 4000 MB
nroots = 1
pspace_size = 400
spin = None
Density matrix diagonal elements [1.97634896e+00 1.17093423e-02 1.17402629e-02 2.01436148e-04]
CASCI converged
CASCI E = -112.655720654415  E(CI) = -1.71275671088242  S^2 = 0.0000000

******** <class 'pyscf.mcscf.casci.CASCI'> ********
CAS (1e+1e, 4o), ncore = 6, nvir = 18
natorb = False
canonicalization = True
sorting_mo_energy = False
max_memory 4000 MB (current use 177 MB)
******** <class 'pyscf.fci.direct_spin1.FCISolver'> ********
max. cycles = 200
conv_tol = 1e-08
davidson only = False
linear dependence = 1e-12
level shift = 0.001
max iter space = 12
max_memory 4000 MB
nroots = 1
pspace_size = 400
spin = None
Density matrix diagonal elements [1.97639291e+00 1.17879875e-02 1.18190910e-02 9.04655190e-09]
CASCI converged
CASCI E = -112.655138381326  E(CI) = -1.71217443779412  S^2 = 0.0000000

******** <class 'pyscf.mcscf.casci.CASCI'> ********
CAS (1e+1e, 4o), ncore = 6, nvir = 18
natorb = False
canonicalization = True
sorting_mo_energy = False
max_memory 4000 MB (current use 177 MB)
******** <class 'pyscf.fci.direct_spin1.FCISolver'> ********
max. cycles = 200
conv_tol = 1e-08
davidson only = False
linear dependence = 1e-12
level shift = 0.001
max iter space = 12
max_memory 4000 MB
nroots = 1
pspace_size = 400
spin = None
Density matrix diagonal elements [1.97639291e+00 1.17879791e-02 1.18190995e-02 9.04748575e-09]
CASCI converged
CASCI E = -112.655138381329  E(CI) = -1.71217443779707  S^2 = 0.0000000

******** <class 'pyscf.mcscf.casci.CASCI'> ********
CAS (1e+1e, 4o), ncore = 6, nvir = 18
natorb = False
canonicalization = True
sorting_mo_energy = False
max_memory 4000 MB (current use 177 MB)
******** <class 'pyscf.fci.direct_spin1.FCISolver'> ********
max. cycles = 200
conv_tol = 1e-08
davidson only = False
linear dependence = 1e-12
level shift = 0.001
max iter space = 12
max_memory 4000 MB
nroots = 1
pspace_size = 400
spin = None
Density matrix diagonal elements [1.97637473e+00 1.17787010e-02 1.18059017e-02 4.06650667e-05]
CASCI converged
CASCI E = -112.655308334868  E(CI) = -1.71234439133625  S^2 = 0.0000000

******** <class 'pyscf.mcscf.casci.CASCI'> ********
CAS (1e+1e, 4o), ncore = 6, nvir = 18
natorb = False
canonicalization = True
sorting_mo_energy = False
max_memory 4000 MB (current use 177 MB)
******** <class 'pyscf.fci.direct_spin1.FCISolver'> ********
max. cycles = 200
conv_tol = 1e-08
davidson only = False
linear dependence = 1e-12
level shift = 0.001
max iter space = 12
max_memory 4000 MB
nroots = 1
pspace_size = 400
spin = None
Density matrix diagonal elements [1.97637480e+00 1.17747852e-02 1.18097800e-02 4.06297944e-05]
CASCI converged
CASCI E = -112.655308190321  E(CI) = -1.71234424678848  S^2 = 0.0000000

******** <class 'pyscf.mcscf.casci.CASCI'> ********
CAS (1e+1e, 4o), ncore = 6, nvir = 18
natorb = False
canonicalization = True
sorting_mo_energy = False
max_memory 4000 MB (current use 177 MB)
******** <class 'pyscf.fci.direct_spin1.FCISolver'> ********
max. cycles = 200
conv_tol = 1e-08
davidson only = False
linear dependence = 1e-12
level shift = 0.001
max iter space = 12
max_memory 4000 MB
nroots = 1
pspace_size = 400
spin = None
Density matrix diagonal elements [1.97640568e+00 1.17778390e-02 1.18089255e-02 7.55098355e-06]
CASCI converged
CASCI E = -112.655171760513  E(CI) = -1.71220781698096  S^2 = 0.0000000

******** <class 'pyscf.mcscf.casci.CASCI'> ********
CAS (1e+1e, 4o), ncore = 6, nvir = 18
natorb = False
canonicalization = True
sorting_mo_energy = False
max_memory 4000 MB (current use 177 MB)
******** <class 'pyscf.fci.direct_spin1.FCISolver'> ********
max. cycles = 200
conv_tol = 1e-08
davidson only = False
linear dependence = 1e-12
level shift = 0.001
max iter space = 12
max_memory 4000 MB
nroots = 1
pspace_size = 400
spin = None
Density matrix diagonal elements [1.98201531e+00 1.17654213e-02 8.76826284e-04 5.34244218e-03]
CASCI converged
CASCI E = -112.655411321871  E(CI) = -1.71244737833833  S^2 = 0.0000000

******** <class 'pyscf.mcscf.casci.CASCI'> ********
CAS (1e+1e, 4o), ncore = 6, nvir = 18
natorb = False
canonicalization = True
sorting_mo_energy = False
max_memory 4000 MB (current use 177 MB)
******** <class 'pyscf.fci.direct_spin1.FCISolver'> ********
max. cycles = 200
conv_tol = 1e-08
davidson only = False
linear dependence = 1e-12
level shift = 0.001
max iter space = 12
max_memory 4000 MB
nroots = 1
pspace_size = 400
spin = None
Density matrix diagonal elements [1.98319399e+00 1.48654741e-02 8.58649662e-04 1.08188530e-03]
CASCI converged
CASCI E = -112.652434797340  E(CI) = -1.70947085380820  S^2 = 0.0000000

******** <class 'pyscf.mcscf.casci.CASCI'> ********
CAS (1e+1e, 4o), ncore = 6, nvir = 18
natorb = False
canonicalization = True
sorting_mo_energy = False
max_memory 4000 MB (current use 177 MB)
******** <class 'pyscf.fci.direct_spin1.FCISolver'> ********
max. cycles = 200
conv_tol = 1e-08
davidson only = False
linear dependence = 1e-12
level shift = 0.001
max iter space = 12
max_memory 4000 MB
nroots = 1
pspace_size = 400
spin = None
Density matrix diagonal elements [1.98646052e+00 1.23953443e-02 8.36280566e-04 3.07850816e-04]
CASCI converged
CASCI E = -112.651520052825  E(CI) = -1.70855610929266  S^2 = 0.0000000

******** <class 'pyscf.mcscf.casci.CASCI'> ********
CAS (1e+1e, 4o), ncore = 6, nvir = 18
natorb = False
canonicalization = True
sorting_mo_energy = False
max_memory 4000 MB (current use 177 MB)
******** <class 'pyscf.fci.direct_spin1.FCISolver'> ********
max. cycles = 200
conv_tol = 1e-08
davidson only = False
linear dependence = 1e-12
level shift = 0.001
max iter space = 12
max_memory 4000 MB
nroots = 1
pspace_size = 400
spin = None
Density matrix diagonal elements [1.98645898e+00 1.23786619e-02 9.54269795e-04 2.08088106e-04]
CASCI converged
CASCI E = -112.651587239965  E(CI) = -1.70862329643261  S^2 = 0.0000000

******** <class 'pyscf.mcscf.casci.CASCI'> ********
CAS (1e+1e, 4o), ncore = 6, nvir = 18
natorb = False
canonicalization = True
sorting_mo_energy = False
max_memory 4000 MB (current use 177 MB)
******** <class 'pyscf.fci.direct_spin1.FCISolver'> ********
max. cycles = 200
conv_tol = 1e-08
davidson only = False
linear dependence = 1e-12
level shift = 0.001
max iter space = 12
max_memory 4000 MB
nroots = 1
pspace_size = 400
spin = None
Density matrix diagonal elements [1.98498152e+00 1.21205475e-02 1.55518391e-03 1.34275120e-03]
CASCI converged
CASCI E = -112.653400801443  E(CI) = -1.71043685791106  S^2 = 0.0000000

******** <class 'pyscf.mcscf.casci.CASCI'> ********
CAS (1e+1e, 4o), ncore = 6, nvir = 18
natorb = False
canonicalization = True
sorting_mo_energy = False
max_memory 4000 MB (current use 177 MB)
******** <class 'pyscf.fci.direct_spin1.FCISolver'> ********
max. cycles = 200
conv_tol = 1e-08
davidson only = False
linear dependence = 1e-12
level shift = 0.001
max iter space = 12
max_memory 4000 MB
nroots = 1
pspace_size = 400
spin = None
Density matrix diagonal elements [1.98665960e+00 1.24826163e-02 8.52355442e-04 5.42859782e-06]
CASCI converged
CASCI E = -112.651268683990  E(CI) = -1.70830474045748  S^2 = 0.0000000

******** <class 'pyscf.mcscf.casci.CASCI'> ********
CAS (1e+1e, 4o), ncore = 6, nvir = 18
natorb = False
canonicalization = True
sorting_mo_energy = False
max_memory 4000 MB (current use 177 MB)
******** <class 'pyscf.fci.direct_spin1.FCISolver'> ********
max. cycles = 200
conv_tol = 1e-08
davidson only = False
linear dependence = 1e-12
level shift = 0.001
max iter space = 12
max_memory 4000 MB
nroots = 1
pspace_size = 400
spin = None
Density matrix diagonal elements [1.98669534e+00 1.24495844e-02 8.52620806e-04 2.45503494e-06]
CASCI converged
CASCI E = -112.651261847230  E(CI) = -1.70829790369756  S^2 = 0.0000000

******** <class 'pyscf.mcscf.casci.CASCI'> ********
CAS (1e+1e, 4o), ncore = 6, nvir = 18
natorb = False
canonicalization = True
sorting_mo_energy = False
max_memory 4000 MB (current use 177 MB)
******** <class 'pyscf.fci.direct_spin1.FCISolver'> ********
max. cycles = 200
conv_tol = 1e-08
davidson only = False
linear dependence = 1e-12
level shift = 0.001
max iter space = 12
max_memory 4000 MB
nroots = 1
pspace_size = 400
spin = None
Density matrix diagonal elements [1.98661371e+00 1.24431968e-02 8.95468228e-04 4.76238218e-05]
CASCI converged
CASCI E = -112.651369186379  E(CI) = -1.70840524284725  S^2 = 0.0000000

******** <class 'pyscf.mcscf.casci.CASCI'> ********
CAS (1e+1e, 4o), ncore = 6, nvir = 18
natorb = False
canonicalization = True
sorting_mo_energy = False
max_memory 4000 MB (current use 177 MB)
******** <class 'pyscf.fci.direct_spin1.FCISolver'> ********
max. cycles = 200
conv_tol = 1e-08
davidson only = False
linear dependence = 1e-12
level shift = 0.001
max iter space = 12
max_memory 4000 MB
nroots = 1
pspace_size = 400
spin = None
Density matrix diagonal elements [1.98674689e+00 1.22912923e-02 8.53085231e-04 1.08732624e-04]
CASCI converged
CASCI E = -112.651475360616  E(CI) = -1.70851141708340  S^2 = 0.0000000

******** <class 'pyscf.mcscf.casci.CASCI'> ********
CAS (1e+1e, 4o), ncore = 6, nvir = 18
natorb = False
canonicalization = True
sorting_mo_energy = False
max_memory 4000 MB (current use 177 MB)
******** <class 'pyscf.fci.direct_spin1.FCISolver'> ********
max. cycles = 200
conv_tol = 1e-08
davidson only = False
linear dependence = 1e-12
level shift = 0.001
max iter space = 12
max_memory 4000 MB
nroots = 1
pspace_size = 400
spin = None
Density matrix diagonal elements [1.98667752e+00 1.23546840e-02 8.53102365e-04 1.14688999e-04]
CASCI converged
CASCI E = -112.651487381398  E(CI) = -1.70852343786575  S^2 = 0.0000000

******** <class 'pyscf.mcscf.casci.CASCI'> ********
CAS (1e+1e, 4o), ncore = 6, nvir = 18
natorb = False
canonicalization = True
sorting_mo_energy = False
max_memory 4000 MB (current use 177 MB)
******** <class 'pyscf.fci.direct_spin1.FCISolver'> ********
max. cycles = 200
conv_tol = 1e-08
davidson only = False
linear dependence = 1e-12
level shift = 0.001
max iter space = 12
max_memory 4000 MB
nroots = 1
pspace_size = 400
spin = None
Density matrix diagonal elements [1.98636062e+00 1.23733754e-02 8.40498019e-04 4.25504497e-04]
CASCI converged
CASCI E = -112.652149905629  E(CI) = -1.70918596209665  S^2 = 0.0000000

******** <class 'pyscf.mcscf.casci.CASCI'> ********
CAS (1e+1e, 4o), ncore = 6, nvir = 18
natorb = False
canonicalization = True
sorting_mo_energy = False
max_memory 4000 MB (current use 177 MB)
******** <class 'pyscf.fci.direct_spin1.FCISolver'> ********
max. cycles = 200
conv_tol = 1e-08
davidson only = False
linear dependence = 1e-12
level shift = 0.001
max iter space = 12
max_memory 4000 MB
nroots = 1
pspace_size = 400
spin = None
Density matrix diagonal elements [1.98249568e+00 1.50978192e-02 8.34481213e-04 1.57201658e-03]
CASCI converged
CASCI E = -112.654882200172  E(CI) = -1.71191825664008  S^2 = 0.0000000

******** <class 'pyscf.mcscf.casci.CASCI'> ********
CAS (1e+1e, 4o), ncore = 6, nvir = 18
natorb = False
canonicalization = True
sorting_mo_energy = False
max_memory 4000 MB (current use 177 MB)
******** <class 'pyscf.fci.direct_spin1.FCISolver'> ********
max. cycles = 200
conv_tol = 1e-08
davidson only = False
linear dependence = 1e-12
level shift = 0.001
max iter space = 12
max_memory 4000 MB
nroots = 1
pspace_size = 400
spin = None
Density matrix diagonal elements [1.98633385e+00 1.23112215e-02 1.02520619e-03 3.29726608e-04]
CASCI converged
CASCI E = -112.652265950704  E(CI) = -1.70930200717228  S^2 = 0.0000000

******** <class 'pyscf.mcscf.casci.CASCI'> ********
CAS (1e+1e, 4o), ncore = 6, nvir = 18
natorb = False
canonicalization = True
sorting_mo_energy = False
max_memory 4000 MB (current use 177 MB)
******** <class 'pyscf.fci.direct_spin1.FCISolver'> ********
max. cycles = 200
conv_tol = 1e-08
davidson only = False
linear dependence = 1e-12
level shift = 0.001
max iter space = 12
max_memory 4000 MB
nroots = 1
pspace_size = 400
spin = None
Density matrix diagonal elements [1.98669815e+00 1.24479623e-02 8.53731379e-04 1.54097992e-07]
CASCI converged
CASCI E = -112.651258114827  E(CI) = -1.70829417129468  S^2 = 0.0000000

******** <class 'pyscf.mcscf.casci.CASCI'> ********
CAS (1e+1e, 4o), ncore = 6, nvir = 18
natorb = False
canonicalization = True
sorting_mo_energy = False
max_memory 4000 MB (current use 177 MB)
******** <class 'pyscf.fci.direct_spin1.FCISolver'> ********
max. cycles = 200
conv_tol = 1e-08
davidson only = False
linear dependence = 1e-12
level shift = 0.001
max iter space = 12
max_memory 4000 MB
nroots = 1
pspace_size = 400
spin = None
Density matrix diagonal elements [1.98669153e+00 1.24541761e-02 8.53797076e-04 4.97319330e-07]
CASCI converged
CASCI E = -112.651259293948  E(CI) = -1.70829535041585  S^2 = 0.0000000

******** <class 'pyscf.mcscf.casci.CASCI'> ********
CAS (1e+1e, 4o), ncore = 6, nvir = 18
natorb = False
canonicalization = True
sorting_mo_energy = False
max_memory 4000 MB (current use 177 MB)
******** <class 'pyscf.fci.direct_spin1.FCISolver'> ********
max. cycles = 200
conv_tol = 1e-08
davidson only = False
linear dependence = 1e-12
level shift = 0.001
max iter space = 12
max_memory 4000 MB
nroots = 1
pspace_size = 400
spin = None
Density matrix diagonal elements [1.98668937e+00 1.24435658e-02 8.52537672e-04 1.45279624e-05]
CASCI converged
CASCI E = -112.651314723609  E(CI) = -1.70835078007718  S^2 = 0.0000000

******** <class 'pyscf.mcscf.casci.CASCI'> ********
CAS (1e+1e, 4o), ncore = 6, nvir = 18
natorb = False
canonicalization = True
sorting_mo_energy = False
max_memory 4000 MB (current use 177 MB)
******** <class 'pyscf.fci.direct_spin1.FCISolver'> ********
max. cycles = 200
conv_tol = 1e-08
davidson only = False
linear dependence = 1e-12
level shift = 0.001
max iter space = 12
max_memory 4000 MB
nroots = 1
pspace_size = 400
spin = None
Density matrix diagonal elements [1.98667143e+00 1.24358374e-02 8.51680371e-04 4.10568618e-05]
CASCI converged
CASCI E = -112.651428985729  E(CI) = -1.70846504219722  S^2 = 0.0000000

******** <class 'pyscf.mcscf.casci.CASCI'> ********
CAS (1e+1e, 4o), ncore = 6, nvir = 18
natorb = False
canonicalization = True
sorting_mo_energy = False
max_memory 4000 MB (current use 177 MB)
******** <class 'pyscf.fci.direct_spin1.FCISolver'> ********
max. cycles = 200
conv_tol = 1e-08
davidson only = False
linear dependence = 1e-12
level shift = 0.001
max iter space = 12
max_memory 4000 MB
nroots = 1
pspace_size = 400
spin = None
Density matrix diagonal elements [1.98669776e+00 1.24407348e-02 8.53216001e-04 8.28615703e-06]
CASCI converged
CASCI E = -112.651294222494  E(CI) = -1.70833027896172  S^2 = 0.0000000

******** <class 'pyscf.mcscf.casci.CASCI'> ********
CAS (1e+1e, 4o), ncore = 6, nvir = 18
natorb = False
canonicalization = True
sorting_mo_energy = False
max_memory 4000 MB (current use 177 MB)
******** <class 'pyscf.fci.direct_spin1.FCISolver'> ********
max. cycles = 200
conv_tol = 1e-08
davidson only = False
linear dependence = 1e-12
level shift = 0.001
max iter space = 12
max_memory 4000 MB
nroots = 1
pspace_size = 400
spin = None
Density matrix diagonal elements [1.97962768e+00 1.42570170e-02 5.13623636e-03 9.79070269e-04]
CASCI converged
CASCI E = -112.655798391219  E(CI) = -1.71283444768659  S^2 = 0.0000000

******** <class 'pyscf.mcscf.casci.CASCI'> ********
CAS (1e+1e, 4o), ncore = 6, nvir = 18
natorb = False
canonicalization = True
sorting_mo_energy = False
max_memory 4000 MB (current use 177 MB)
******** <class 'pyscf.fci.direct_spin1.FCISolver'> ********
max. cycles = 200
conv_tol = 1e-08
davidson only = False
linear dependence = 1e-12
level shift = 0.001
max iter space = 12
max_memory 4000 MB
nroots = 1
pspace_size = 400
spin = None
Density matrix diagonal elements [1.98267425e+00 1.18794420e-02 5.20095094e-03 2.45361017e-04]
CASCI converged
CASCI E = -112.654930000585  E(CI) = -1.71196605705323  S^2 = 0.0000000

******** <class 'pyscf.mcscf.casci.CASCI'> ********
CAS (1e+1e, 4o), ncore = 6, nvir = 18
natorb = False
canonicalization = True
sorting_mo_energy = False
max_memory 4000 MB (current use 177 MB)
******** <class 'pyscf.fci.direct_spin1.FCISolver'> ********
max. cycles = 200
conv_tol = 1e-08
davidson only = False
linear dependence = 1e-12
level shift = 0.001
max iter space = 12
max_memory 4000 MB
nroots = 1
pspace_size = 400
spin = None
Density matrix diagonal elements [1.98182916e+00 1.18865177e-02 5.70860789e-03 5.75717955e-04]
CASCI converged
CASCI E = -112.655742354111  E(CI) = -1.71277841057855  S^2 = 0.0000000

******** <class 'pyscf.mcscf.casci.CASCI'> ********
CAS (1e+1e, 4o), ncore = 6, nvir = 18
natorb = False
canonicalization = True
sorting_mo_energy = False
max_memory 4000 MB (current use 177 MB)
******** <class 'pyscf.fci.direct_spin1.FCISolver'> ********
max. cycles = 200
conv_tol = 1e-08
davidson only = False
linear dependence = 1e-12
level shift = 0.001
max iter space = 12
max_memory 4000 MB
nroots = 1
pspace_size = 400
spin = None
Density matrix diagonal elements [1.98188881e+00 1.17905235e-02 5.39656150e-03 9.24100560e-04]
CASCI converged
CASCI E = -112.656140694179  E(CI) = -1.71317675064654  S^2 = 0.0000000

******** <class 'pyscf.mcscf.casci.CASCI'> ********
CAS (1e+1e, 4o), ncore = 6, nvir = 18
natorb = False
canonicalization = True
sorting_mo_energy = False
max_memory 4000 MB (current use 177 MB)
******** <class 'pyscf.fci.direct_spin1.FCISolver'> ********
max. cycles = 200
conv_tol = 1e-08
davidson only = False
linear dependence = 1e-12
level shift = 0.001
max iter space = 12
max_memory 4000 MB
nroots = 1
pspace_size = 400
spin = None
Density matrix diagonal elements [1.98275420e+00 1.19560314e-02 5.28355597e-03 6.21439138e-06]
CASCI converged
CASCI E = -112.654733341885  E(CI) = -1.71176939835314  S^2 = 0.0000000

******** <class 'pyscf.mcscf.casci.CASCI'> ********
CAS (1e+1e, 4o), ncore = 6, nvir = 18
natorb = False
canonicalization = True
sorting_mo_energy = False
max_memory 4000 MB (current use 177 MB)
******** <class 'pyscf.fci.direct_spin1.FCISolver'> ********
max. cycles = 200
conv_tol = 1e-08
davidson only = False
linear dependence = 1e-12
level shift = 0.001
max iter space = 12
max_memory 4000 MB
nroots = 1
pspace_size = 400
spin = None
Density matrix diagonal elements [1.98279240e+00 1.19222058e-02 5.28281340e-03 2.57842786e-06]
CASCI converged
CASCI E = -112.654725095492  E(CI) = -1.71176115195937  S^2 = 0.0000000

******** <class 'pyscf.mcscf.casci.CASCI'> ********
CAS (1e+1e, 4o), ncore = 6, nvir = 18
natorb = False
canonicalization = True
sorting_mo_energy = False
max_memory 4000 MB (current use 177 MB)
******** <class 'pyscf.fci.direct_spin1.FCISolver'> ********
max. cycles = 200
conv_tol = 1e-08
davidson only = False
linear dependence = 1e-12
level shift = 0.001
max iter space = 12
max_memory 4000 MB
nroots = 1
pspace_size = 400
spin = None
Density matrix diagonal elements [1.98277741e+00 1.19166594e-02 5.28354363e-03 2.23874771e-05]
CASCI converged
CASCI E = -112.654765033383  E(CI) = -1.71180108985109  S^2 = 0.0000000

******** <class 'pyscf.mcscf.casci.CASCI'> ********
CAS (1e+1e, 4o), ncore = 6, nvir = 18
natorb = False
canonicalization = True
sorting_mo_energy = False
max_memory 4000 MB (current use 177 MB)
******** <class 'pyscf.fci.direct_spin1.FCISolver'> ********
max. cycles = 200
conv_tol = 1e-08
davidson only = False
linear dependence = 1e-12
level shift = 0.001
max iter space = 12
max_memory 4000 MB
nroots = 1
pspace_size = 400
spin = None
Density matrix diagonal elements [1.98285749e+00 1.17729812e-02 5.26611660e-03 1.03408477e-04]
CASCI converged
CASCI E = -112.654927861231  E(CI) = -1.71196391769870  S^2 = 0.0000000

******** <class 'pyscf.mcscf.casci.CASCI'> ********
CAS (1e+1e, 4o), ncore = 6, nvir = 18
natorb = False
canonicalization = True
sorting_mo_energy = False
max_memory 4000 MB (current use 177 MB)
******** <class 'pyscf.fci.direct_spin1.FCISolver'> ********
max. cycles = 200
conv_tol = 1e-08
davidson only = False
linear dependence = 1e-12
level shift = 0.001
max iter space = 12
max_memory 4000 MB
nroots = 1
pspace_size = 400
spin = None
Density matrix diagonal elements [1.98279309e+00 1.18325069e-02 5.26533715e-03 1.09068804e-04]
CASCI converged
CASCI E = -112.654939194365  E(CI) = -1.71197525083304  S^2 = 0.0000000

******** <class 'pyscf.mcscf.casci.CASCI'> ********
CAS (1e+1e, 4o), ncore = 6, nvir = 18
natorb = False
canonicalization = True
sorting_mo_energy = False
max_memory 4000 MB (current use 177 MB)
******** <class 'pyscf.fci.direct_spin1.FCISolver'> ********
max. cycles = 200
conv_tol = 1e-08
davidson only = False
linear dependence = 1e-12
level shift = 0.001
max iter space = 12
max_memory 4000 MB
nroots = 1
pspace_size = 400
spin = None
Density matrix diagonal elements [1.98249232e+00 1.18561840e-02 5.23662747e-03 4.14867557e-04]
CASCI converged
CASCI E = -112.655591136259  E(CI) = -1.71262719272671  S^2 = 0.0000000

******** <class 'pyscf.mcscf.casci.CASCI'> ********
CAS (1e+1e, 4o), ncore = 6, nvir = 18
natorb = False
canonicalization = True
sorting_mo_energy = False
max_memory 4000 MB (current use 177 MB)
******** <class 'pyscf.fci.direct_spin1.FCISolver'> ********
max. cycles = 200
conv_tol = 1e-08
davidson only = False
linear dependence = 1e-12
level shift = 0.001
max iter space = 12
max_memory 4000 MB
nroots = 1
pspace_size = 400
spin = None
Density matrix diagonal elements [1.97883647e+00 1.45057946e-02 5.12481431e-03 1.53292450e-03]
CASCI converged
CASCI E = -112.658255990203  E(CI) = -1.71529204667074  S^2 = 0.0000000

******** <class 'pyscf.mcscf.casci.CASCI'> ********
CAS (1e+1e, 4o), ncore = 6, nvir = 18
natorb = False
canonicalization = True
sorting_mo_energy = False
max_memory 4000 MB (current use 177 MB)
******** <class 'pyscf.fci.direct_spin1.FCISolver'> ********
max. cycles = 200
conv_tol = 1e-08
davidson only = False
linear dependence = 1e-12
level shift = 0.001
max iter space = 12
max_memory 4000 MB
nroots = 1
pspace_size = 400
spin = None
Density matrix diagonal elements [1.98269517e+00 1.18396184e-02 5.25832679e-03 2.06884504e-04]
CASCI converged
CASCI E = -112.655320309194  E(CI) = -1.71235636566227  S^2 = 0.0000000

******** <class 'pyscf.mcscf.casci.CASCI'> ********
CAS (1e+1e, 4o), ncore = 6, nvir = 18
natorb = False
canonicalization = True
sorting_mo_energy = False
max_memory 4000 MB (current use 177 MB)
******** <class 'pyscf.fci.direct_spin1.FCISolver'> ********
max. cycles = 200
conv_tol = 1e-08
davidson only = False
linear dependence = 1e-12
level shift = 0.001
max iter space = 12
max_memory 4000 MB
nroots = 1
pspace_size = 400
spin = None
Density matrix diagonal elements [1.98279537e+00 1.19208482e-02 5.28363253e-03 1.52838266e-07]
CASCI converged
CASCI E = -112.654721139470  E(CI) = -1.71175719593748  S^2 = 0.0000000

******** <class 'pyscf.mcscf.casci.CASCI'> ********
CAS (1e+1e, 4o), ncore = 6, nvir = 18
natorb = False
canonicalization = True
sorting_mo_energy = False
max_memory 4000 MB (current use 177 MB)
******** <class 'pyscf.fci.direct_spin1.FCISolver'> ********
max. cycles = 200
conv_tol = 1e-08
davidson only = False
linear dependence = 1e-12
level shift = 0.001
max iter space = 12
max_memory 4000 MB
nroots = 1
pspace_size = 400
spin = None
Density matrix diagonal elements [1.98279066e+00 1.19253440e-02 5.28357606e-03 4.22676429e-07]
CASCI converged
CASCI E = -112.654721996447  E(CI) = -1.71175805291438  S^2 = 0.0000000

******** <class 'pyscf.mcscf.casci.CASCI'> ********
CAS (1e+1e, 4o), ncore = 6, nvir = 18
natorb = False
canonicalization = True
sorting_mo_energy = False
max_memory 4000 MB (current use 177 MB)
******** <class 'pyscf.fci.direct_spin1.FCISolver'> ********
max. cycles = 200
conv_tol = 1e-08
davidson only = False
linear dependence = 1e-12
level shift = 0.001
max iter space = 12
max_memory 4000 MB
nroots = 1
pspace_size = 400
spin = None
Density matrix diagonal elements [1.98278818e+00 1.19169176e-02 5.28064860e-03 1.42490312e-05]
CASCI converged
CASCI E = -112.654776678700  E(CI) = -1.71181273516800  S^2 = 0.0000000

******** <class 'pyscf.mcscf.casci.CASCI'> ********
CAS (1e+1e, 4o), ncore = 6, nvir = 18
natorb = False
canonicalization = True
sorting_mo_energy = False
max_memory 4000 MB (current use 177 MB)
******** <class 'pyscf.fci.direct_spin1.FCISolver'> ********
max. cycles = 200
conv_tol = 1e-08
davidson only = False
linear dependence = 1e-12
level shift = 0.001
max iter space = 12
max_memory 4000 MB
nroots = 1
pspace_size = 400
spin = None
Density matrix diagonal elements [1.98276702e+00 1.19117434e-02 5.28039304e-03 4.08435713e-05]
CASCI converged
CASCI E = -112.654891296871  E(CI) = -1.71192735333858  S^2 = 0.0000000

******** <class 'pyscf.mcscf.casci.CASCI'> ********
CAS (1e+1e, 4o), ncore = 6, nvir = 18
natorb = False
canonicalization = True
sorting_mo_energy = False
max_memory 4000 MB (current use 177 MB)
******** <class 'pyscf.fci.direct_spin1.FCISolver'> ********
max. cycles = 200
conv_tol = 1e-08
davidson only = False
linear dependence = 1e-12
level shift = 0.001
max iter space = 12
max_memory 4000 MB
nroots = 1
pspace_size = 400
spin = None
Density matrix diagonal elements [1.98279311e+00 1.19137507e-02 5.28367167e-03 9.46835887e-06]
CASCI converged
CASCI E = -112.654763219185  E(CI) = -1.71179927565287  S^2 = 0.0000000

******** <class 'pyscf.mcscf.casci.CASCI'> ********
CAS (1e+1e, 4o), ncore = 6, nvir = 18
natorb = False
canonicalization = True
sorting_mo_energy = False
max_memory 4000 MB (current use 177 MB)
******** <class 'pyscf.fci.direct_spin1.FCISolver'> ********
max. cycles = 200
conv_tol = 1e-08
davidson only = False
linear dependence = 1e-12
level shift = 0.001
max iter space = 12
max_memory 4000 MB
nroots = 1
pspace_size = 400
spin = None
Density matrix diagonal elements [1.98371220e+00 1.49113745e-02 1.06812290e-03 3.08297825e-04]
CASCI converged
CASCI E = -112.652094874185  E(CI) = -1.70913093065275  S^2 = 0.0000000

******** <class 'pyscf.mcscf.casci.CASCI'> ********
CAS (1e+1e, 4o), ncore = 6, nvir = 18
natorb = False
canonicalization = True
sorting_mo_energy = False
max_memory 4000 MB (current use 177 MB)
******** <class 'pyscf.fci.direct_spin1.FCISolver'> ********
max. cycles = 200
conv_tol = 1e-08
davidson only = False
linear dependence = 1e-12
level shift = 0.001
max iter space = 12
max_memory 4000 MB
nroots = 1
pspace_size = 400
spin = None
Density matrix diagonal elements [1.98387829e+00 1.49286103e-02 1.07165682e-03 1.21447394e-04]
CASCI converged
CASCI E = -112.651993057608  E(CI) = -1.70902911407606  S^2 = 0.0000000

******** <class 'pyscf.mcscf.casci.CASCI'> ********
CAS (1e+1e, 4o), ncore = 6, nvir = 18
natorb = False
canonicalization = True
sorting_mo_energy = False
max_memory 4000 MB (current use 177 MB)
******** <class 'pyscf.fci.direct_spin1.FCISolver'> ********
max. cycles = 200
conv_tol = 1e-08
davidson only = False
linear dependence = 1e-12
level shift = 0.001
max iter space = 12
max_memory 4000 MB
nroots = 1
pspace_size = 400
spin = None
Density matrix diagonal elements [1.98344336e+00 1.47767292e-02 1.05386035e-03 7.26050251e-04]
CASCI converged
CASCI E = -112.652866701126  E(CI) = -1.70990275759385  S^2 = 0.0000000

******** <class 'pyscf.mcscf.casci.CASCI'> ********
CAS (1e+1e, 4o), ncore = 6, nvir = 18
natorb = False
canonicalization = True
sorting_mo_energy = False
max_memory 4000 MB (current use 177 MB)
******** <class 'pyscf.fci.direct_spin1.FCISolver'> ********
max. cycles = 200
conv_tol = 1e-08
davidson only = False
linear dependence = 1e-12
level shift = 0.001
max iter space = 12
max_memory 4000 MB
nroots = 1
pspace_size = 400
spin = None
Density matrix diagonal elements [1.98389010e+00 1.50070273e-02 1.09168145e-03 1.11868850e-05]
CASCI converged
CASCI E = -112.651854431694  E(CI) = -1.70889048816213  S^2 = 0.0000000

******** <class 'pyscf.mcscf.casci.CASCI'> ********
CAS (1e+1e, 4o), ncore = 6, nvir = 18
natorb = False
canonicalization = True
sorting_mo_energy = False
max_memory 4000 MB (current use 177 MB)
******** <class 'pyscf.fci.direct_spin1.FCISolver'> ********
max. cycles = 200
conv_tol = 1e-08
davidson only = False
linear dependence = 1e-12
level shift = 0.001
max iter space = 12
max_memory 4000 MB
nroots = 1
pspace_size = 400
spin = None
Density matrix diagonal elements [1.98393674e+00 1.49793143e-02 1.08107235e-03 2.87343763e-06]
CASCI converged
CASCI E = -112.651836906568  E(CI) = -1.70887296303570  S^2 = 0.0000000

******** <class 'pyscf.mcscf.casci.CASCI'> ********
CAS (1e+1e, 4o), ncore = 6, nvir = 18
natorb = False
canonicalization = True
sorting_mo_energy = False
max_memory 4000 MB (current use 177 MB)
******** <class 'pyscf.fci.direct_spin1.FCISolver'> ********
max. cycles = 200
conv_tol = 1e-08
davidson only = False
linear dependence = 1e-12
level shift = 0.001
max iter space = 12
max_memory 4000 MB
nroots = 1
pspace_size = 400
spin = None
Density matrix diagonal elements [1.98393338e+00 1.49666797e-02 1.08041086e-03 1.95301003e-05]
CASCI converged
CASCI E = -112.651868826466  E(CI) = -1.70890488293412  S^2 = 0.0000000

******** <class 'pyscf.mcscf.casci.CASCI'> ********
CAS (1e+1e, 4o), ncore = 6, nvir = 18
natorb = False
canonicalization = True
sorting_mo_energy = False
max_memory 4000 MB (current use 177 MB)
******** <class 'pyscf.fci.direct_spin1.FCISolver'> ********
max. cycles = 200
conv_tol = 1e-08
davidson only = False
linear dependence = 1e-12
level shift = 0.001
max iter space = 12
max_memory 4000 MB
nroots = 1
pspace_size = 400
spin = None
Density matrix diagonal elements [1.98406680e+00 1.47824935e-02 1.05578841e-03 9.49178594e-05]
CASCI converged
CASCI E = -112.652021883283  E(CI) = -1.70905793975042  S^2 = 0.0000000

******** <class 'pyscf.mcscf.casci.CASCI'> ********
CAS (1e+1e, 4o), ncore = 6, nvir = 18
natorb = False
canonicalization = True
sorting_mo_energy = False
max_memory 4000 MB (current use 177 MB)
******** <class 'pyscf.fci.direct_spin1.FCISolver'> ********
max. cycles = 200
conv_tol = 1e-08
davidson only = False
linear dependence = 1e-12
level shift = 0.001
max iter space = 12
max_memory 4000 MB
nroots = 1
pspace_size = 400
spin = None
Density matrix diagonal elements [1.98393986e+00 1.48882771e-02 1.06605943e-03 1.05802841e-04]
CASCI converged
CASCI E = -112.652043453978  E(CI) = -1.70907951044626  S^2 = 0.0000000

******** <class 'pyscf.mcscf.casci.CASCI'> ********
CAS (1e+1e, 4o), ncore = 6, nvir = 18
natorb = False
canonicalization = True
sorting_mo_energy = False
max_memory 4000 MB (current use 177 MB)
******** <class 'pyscf.fci.direct_spin1.FCISolver'> ********
max. cycles = 200
conv_tol = 1e-08
davidson only = False
linear dependence = 1e-12
level shift = 0.001
max iter space = 12
max_memory 4000 MB
nroots = 1
pspace_size = 400
spin = None
Density matrix diagonal elements [1.98361998e+00 1.48845360e-02 1.07146776e-03 4.24019787e-04]
CASCI converged
CASCI E = -112.652721388102  E(CI) = -1.70975744457009  S^2 = 0.0000000

******** <class 'pyscf.mcscf.casci.CASCI'> ********
CAS (1e+1e, 4o), ncore = 6, nvir = 18
natorb = False
canonicalization = True
sorting_mo_energy = False
max_memory 4000 MB (current use 177 MB)
******** <class 'pyscf.fci.direct_spin1.FCISolver'> ********
max. cycles = 200
conv_tol = 1e-08
davidson only = False
linear dependence = 1e-12
level shift = 0.001
max iter space = 12
max_memory 4000 MB
nroots = 1
pspace_size = 400
spin = None
Density matrix diagonal elements [1.97896513e+00 1.79709893e-02 1.31717660e-03 1.74670737e-03]
CASCI converged
CASCI E = -112.655900657195  E(CI) = -1.71293671366242  S^2 = 0.0000000

******** <class 'pyscf.mcscf.casci.CASCI'> ********
CAS (1e+1e, 4o), ncore = 6, nvir = 18
natorb = False
canonicalization = True
sorting_mo_energy = False
max_memory 4000 MB (current use 177 MB)
******** <class 'pyscf.fci.direct_spin1.FCISolver'> ********
max. cycles = 200
conv_tol = 1e-08
davidson only = False
linear dependence = 1e-12
level shift = 0.001
max iter space = 12
max_memory 4000 MB
nroots = 1
pspace_size = 400
spin = None
Density matrix diagonal elements [1.98385659e+00 1.48675318e-02 1.06915558e-03 2.06726902e-04]
CASCI converged
CASCI E = -112.652429321844  E(CI) = -1.70946537831158  S^2 = 0.0000000

******** <class 'pyscf.mcscf.casci.CASCI'> ********
CAS (1e+1e, 4o), ncore = 6, nvir = 18
natorb = False
canonicalization = True
sorting_mo_energy = False
max_memory 4000 MB (current use 177 MB)
******** <class 'pyscf.fci.direct_spin1.FCISolver'> ********
max. cycles = 200
conv_tol = 1e-08
davidson only = False
linear dependence = 1e-12
level shift = 0.001
max iter space = 12
max_memory 4000 MB
nroots = 1
pspace_size = 400
spin = None
Density matrix diagonal elements [1.98393999e+00 1.49788738e-02 1.08104906e-03 8.47165937e-08]
CASCI converged
CASCI E = -112.651832203385  E(CI) = -1.70886825985279  S^2 = 0.0000000

******** <class 'pyscf.mcscf.casci.CASCI'> ********
CAS (1e+1e, 4o), ncore = 6, nvir = 18
natorb = False
canonicalization = True
sorting_mo_energy = False
max_memory 4000 MB (current use 177 MB)
******** <class 'pyscf.fci.direct_spin1.FCISolver'> ********
max. cycles = 200
conv_tol = 1e-08
davidson only = False
linear dependence = 1e-12
level shift = 0.001
max iter space = 12
max_memory 4000 MB
nroots = 1
pspace_size = 400
spin = None
Density matrix diagonal elements [1.98393210e+00 1.49858198e-02 1.08156101e-03 5.19782046e-07]
CASCI converged
CASCI E = -112.651833579229  E(CI) = -1.70886963569730  S^2 = 0.0000000

******** <class 'pyscf.mcscf.casci.CASCI'> ********
CAS (1e+1e, 4o), ncore = 6, nvir = 18
natorb = False
canonicalization = True
sorting_mo_energy = False
max_memory 4000 MB (current use 177 MB)
******** <class 'pyscf.fci.direct_spin1.FCISolver'> ********
max. cycles = 200
conv_tol = 1e-08
davidson only = False
linear dependence = 1e-12
level shift = 0.001
max iter space = 12
max_memory 4000 MB
nroots = 1
pspace_size = 400
spin = None
Density matrix diagonal elements [1.98393311e+00 1.49720248e-02 1.08036873e-03 1.44942990e-05]
CASCI converged
CASCI E = -112.651888925896  E(CI) = -1.70892498236380  S^2 = 0.0000000

******** <class 'pyscf.mcscf.casci.CASCI'> ********
CAS (1e+1e, 4o), ncore = 6, nvir = 18
natorb = False
canonicalization = True
sorting_mo_energy = False
max_memory 4000 MB (current use 177 MB)
******** <class 'pyscf.fci.direct_spin1.FCISolver'> ********
max. cycles = 200
conv_tol = 1e-08
davidson only = False
linear dependence = 1e-12
level shift = 0.001
max iter space = 12
max_memory 4000 MB
nroots = 1
pspace_size = 400
spin = None
Density matrix diagonal elements [1.98386866e+00 1.49812374e-02 1.09799703e-03 5.21011576e-05]
CASCI converged
CASCI E = -112.652052278150  E(CI) = -1.70908833461806  S^2 = 0.0000000

******** <class 'pyscf.mcscf.casci.CASCI'> ********
CAS (1e+1e, 4o), ncore = 6, nvir = 18
natorb = False
canonicalization = True
sorting_mo_energy = False
max_memory 4000 MB (current use 177 MB)
******** <class 'pyscf.fci.direct_spin1.FCISolver'> ********
max. cycles = 200
conv_tol = 1e-08
davidson only = False
linear dependence = 1e-12
level shift = 0.001
max iter space = 12
max_memory 4000 MB
nroots = 1
pspace_size = 400
spin = None
Density matrix diagonal elements [1.98394221e+00 1.49695841e-02 1.08013589e-03 8.07010089e-06]
CASCI converged
CASCI E = -112.651867608153  E(CI) = -1.70890366462120  S^2 = 0.0000000

******** <class 'pyscf.mcscf.casci.CASCI'> ********
CAS (1e+1e, 4o), ncore = 6, nvir = 18
natorb = False
canonicalization = True
sorting_mo_energy = False
max_memory 4000 MB (current use 177 MB)
******** <class 'pyscf.fci.direct_spin1.FCISolver'> ********
max. cycles = 200
conv_tol = 1e-08
davidson only = False
linear dependence = 1e-12
level shift = 0.001
max iter space = 12
max_memory 4000 MB
nroots = 1
pspace_size = 400
spin = None
Density matrix diagonal elements [1.98706810e+00 1.24870456e-02 3.18736222e-04 1.26113341e-04]
CASCI converged
CASCI E = -112.651104407329  E(CI) = -1.70814046379665  S^2 = 0.0000000

******** <class 'pyscf.mcscf.casci.CASCI'> ********
CAS (1e+1e, 4o), ncore = 6, nvir = 18
natorb = False
canonicalization = True
sorting_mo_energy = False
max_memory 4000 MB (current use 177 MB)
******** <class 'pyscf.fci.direct_spin1.FCISolver'> ********
max. cycles = 200
conv_tol = 1e-08
davidson only = False
linear dependence = 1e-12
level shift = 0.001
max iter space = 12
max_memory 4000 MB
nroots = 1
pspace_size = 400
spin = None
Density matrix diagonal elements [1.98657392e+00 1.23709893e-02 3.14717125e-04 7.40377674e-04]
CASCI converged
CASCI E = -112.651993655358  E(CI) = -1.70902971182559  S^2 = 0.0000000

******** <class 'pyscf.mcscf.casci.CASCI'> ********
CAS (1e+1e, 4o), ncore = 6, nvir = 18
natorb = False
canonicalization = True
sorting_mo_energy = False
max_memory 4000 MB (current use 177 MB)
******** <class 'pyscf.fci.direct_spin1.FCISolver'> ********
max. cycles = 200
conv_tol = 1e-08
davidson only = False
linear dependence = 1e-12
level shift = 0.001
max iter space = 12
max_memory 4000 MB
nroots = 1
pspace_size = 400
spin = None
Density matrix diagonal elements [1.98711178e+00 1.25595721e-02 3.22657036e-04 5.99525239e-06]
CASCI converged
CASCI E = -112.650948973658  E(CI) = -1.70798503012621  S^2 = 0.0000000

******** <class 'pyscf.mcscf.casci.CASCI'> ********
CAS (1e+1e, 4o), ncore = 6, nvir = 18
natorb = False
canonicalization = True
sorting_mo_energy = False
max_memory 4000 MB (current use 177 MB)
******** <class 'pyscf.fci.direct_spin1.FCISolver'> ********
max. cycles = 200
conv_tol = 1e-08
davidson only = False
linear dependence = 1e-12
level shift = 0.001
max iter space = 12
max_memory 4000 MB
nroots = 1
pspace_size = 400
spin = None
Density matrix diagonal elements [1.98713773e+00 1.25232633e-02 3.30610159e-04 8.39593988e-06]
CASCI converged
CASCI E = -112.650954144807  E(CI) = -1.70799020127464  S^2 = 0.0000000

******** <class 'pyscf.mcscf.casci.CASCI'> ********
CAS (1e+1e, 4o), ncore = 6, nvir = 18
natorb = False
canonicalization = True
sorting_mo_energy = False
max_memory 4000 MB (current use 177 MB)
******** <class 'pyscf.fci.direct_spin1.FCISolver'> ********
max. cycles = 200
conv_tol = 1e-08
davidson only = False
linear dependence = 1e-12
level shift = 0.001
max iter space = 12
max_memory 4000 MB
nroots = 1
pspace_size = 400
spin = None
Density matrix diagonal elements [1.98714271e+00 1.25155849e-02 3.22065951e-04 1.96373422e-05]
CASCI converged
CASCI E = -112.650973852349  E(CI) = -1.70800990881722  S^2 = 0.0000000

******** <class 'pyscf.mcscf.casci.CASCI'> ********
CAS (1e+1e, 4o), ncore = 6, nvir = 18
natorb = False
canonicalization = True
sorting_mo_energy = False
max_memory 4000 MB (current use 177 MB)
******** <class 'pyscf.fci.direct_spin1.FCISolver'> ********
max. cycles = 200
conv_tol = 1e-08
davidson only = False
linear dependence = 1e-12
level shift = 0.001
max iter space = 12
max_memory 4000 MB
nroots = 1
pspace_size = 400
spin = None
Density matrix diagonal elements [1.98720779e+00 1.23700925e-02 3.15914130e-04 1.06206604e-04]
CASCI converged
CASCI E = -112.651149387661  E(CI) = -1.70818544412896  S^2 = 0.0000000

******** <class 'pyscf.mcscf.casci.CASCI'> ********
CAS (1e+1e, 4o), ncore = 6, nvir = 18
natorb = False
canonicalization = True
sorting_mo_energy = False
max_memory 4000 MB (current use 177 MB)
******** <class 'pyscf.fci.direct_spin1.FCISolver'> ********
max. cycles = 200
conv_tol = 1e-08
davidson only = False
linear dependence = 1e-12
level shift = 0.001
max iter space = 12
max_memory 4000 MB
nroots = 1
pspace_size = 400
spin = None
Density matrix diagonal elements [1.98714657e+00 1.24277383e-02 3.14302795e-04 1.11390176e-04]
CASCI converged
CASCI E = -112.651159636652  E(CI) = -1.70819569311992  S^2 = 0.0000000

******** <class 'pyscf.mcscf.casci.CASCI'> ********
CAS (1e+1e, 4o), ncore = 6, nvir = 18
natorb = False
canonicalization = True
sorting_mo_energy = False
max_memory 4000 MB (current use 177 MB)
******** <class 'pyscf.fci.direct_spin1.FCISolver'> ********
max. cycles = 200
conv_tol = 1e-08
davidson only = False
linear dependence = 1e-12
level shift = 0.001
max iter space = 12
max_memory 4000 MB
nroots = 1
pspace_size = 400
spin = None
Density matrix diagonal elements [1.98657519e+00 1.24330848e-02 4.42352141e-04 5.49374827e-04]
CASCI converged
CASCI E = -112.652155944351  E(CI) = -1.70919200081880  S^2 = 0.0000000

******** <class 'pyscf.mcscf.casci.CASCI'> ********
CAS (1e+1e, 4o), ncore = 6, nvir = 18
natorb = False
canonicalization = True
sorting_mo_energy = False
max_memory 4000 MB (current use 177 MB)
******** <class 'pyscf.fci.direct_spin1.FCISolver'> ********
max. cycles = 200
conv_tol = 1e-08
davidson only = False
linear dependence = 1e-12
level shift = 0.001
max iter space = 12
max_memory 4000 MB
nroots = 1
pspace_size = 400
spin = None
Density matrix diagonal elements [1.98292310e+00 1.51860620e-02 3.16973015e-04 1.57386857e-03]
CASCI converged
CASCI E = -112.654565142124  E(CI) = -1.71160119859215  S^2 = 0.0000000

******** <class 'pyscf.mcscf.casci.CASCI'> ********
CAS (1e+1e, 4o), ncore = 6, nvir = 18
natorb = False
canonicalization = True
sorting_mo_energy = False
max_memory 4000 MB (current use 177 MB)
******** <class 'pyscf.fci.direct_spin1.FCISolver'> ********
max. cycles = 200
conv_tol = 1e-08
davidson only = False
linear dependence = 1e-12
level shift = 0.001
max iter space = 12
max_memory 4000 MB
nroots = 1
pspace_size = 400
spin = None
Density matrix diagonal elements [1.98703468e+00 1.24358851e-02 3.19245720e-04 2.10186811e-04]
CASCI converged
CASCI E = -112.651544165917  E(CI) = -1.70858022238495  S^2 = 0.0000000

******** <class 'pyscf.mcscf.casci.CASCI'> ********
CAS (1e+1e, 4o), ncore = 6, nvir = 18
natorb = False
canonicalization = True
sorting_mo_energy = False
max_memory 4000 MB (current use 177 MB)
******** <class 'pyscf.fci.direct_spin1.FCISolver'> ********
max. cycles = 200
conv_tol = 1e-08
davidson only = False
linear dependence = 1e-12
level shift = 0.001
max iter space = 12
max_memory 4000 MB
nroots = 1
pspace_size = 400
spin = None
Density matrix diagonal elements [1.98715171e+00 1.25254729e-02 3.22664193e-04 1.53134068e-07]
CASCI converged
CASCI E = -112.650937242253  E(CI) = -1.70797329872062  S^2 = 0.0000000

******** <class 'pyscf.mcscf.casci.CASCI'> ********
CAS (1e+1e, 4o), ncore = 6, nvir = 18
natorb = False
canonicalization = True
sorting_mo_energy = False
max_memory 4000 MB (current use 177 MB)
******** <class 'pyscf.fci.direct_spin1.FCISolver'> ********
max. cycles = 200
conv_tol = 1e-08
davidson only = False
linear dependence = 1e-12
level shift = 0.001
max iter space = 12
max_memory 4000 MB
nroots = 1
pspace_size = 400
spin = None
Density matrix diagonal elements [1.98714723e+00 1.25297926e-02 3.22573718e-04 4.00594242e-07]
CASCI converged
CASCI E = -112.650938024701  E(CI) = -1.70797408116883  S^2 = 0.0000000

******** <class 'pyscf.mcscf.casci.CASCI'> ********
CAS (1e+1e, 4o), ncore = 6, nvir = 18
natorb = False
canonicalization = True
sorting_mo_energy = False
max_memory 4000 MB (current use 177 MB)
******** <class 'pyscf.fci.direct_spin1.FCISolver'> ********
max. cycles = 200
conv_tol = 1e-08
davidson only = False
linear dependence = 1e-12
level shift = 0.001
max iter space = 12
max_memory 4000 MB
nroots = 1
pspace_size = 400
spin = None
Density matrix diagonal elements [1.98712716e+00 1.25203765e-02 3.30142709e-04 2.23199399e-05]
CASCI converged
CASCI E = -112.651030583634  E(CI) = -1.70806664010148  S^2 = 0.0000000

******** <class 'pyscf.mcscf.casci.CASCI'> ********
CAS (1e+1e, 4o), ncore = 6, nvir = 18
natorb = False
canonicalization = True
sorting_mo_energy = False
max_memory 4000 MB (current use 177 MB)
******** <class 'pyscf.fci.direct_spin1.FCISolver'> ********
max. cycles = 200
conv_tol = 1e-08
davidson only = False
linear dependence = 1e-12
level shift = 0.001
max iter space = 12
max_memory 4000 MB
nroots = 1
pspace_size = 400
spin = None
Density matrix diagonal elements [1.98712139e+00 1.25143249e-02 3.22997035e-04 4.12843255e-05]
CASCI converged
CASCI E = -112.651109058876  E(CI) = -1.70814511534356  S^2 = 0.0000000

******** <class 'pyscf.mcscf.casci.CASCI'> ********
CAS (1e+1e, 4o), ncore = 6, nvir = 18
natorb = False
canonicalization = True
sorting_mo_energy = False
max_memory 4000 MB (current use 177 MB)
******** <class 'pyscf.fci.direct_spin1.FCISolver'> ********
max. cycles = 200
conv_tol = 1e-08
davidson only = False
linear dependence = 1e-12
level shift = 0.001
max iter space = 12
max_memory 4000 MB
nroots = 1
pspace_size = 400
spin = None
Density matrix diagonal elements [1.98715067e+00 1.25187491e-02 3.22324244e-04 8.26080036e-06]
CASCI converged
CASCI E = -112.650973249518  E(CI) = -1.70800930598580  S^2 = 0.0000000

******** <class 'pyscf.mcscf.casci.CASCI'> ********
CAS (1e+1e, 4o), ncore = 6, nvir = 18
natorb = False
canonicalization = True
sorting_mo_energy = False
max_memory 4000 MB (current use 177 MB)
******** <class 'pyscf.fci.direct_spin1.FCISolver'> ********
max. cycles = 200
conv_tol = 1e-08
davidson only = False
linear dependence = 1e-12
level shift = 0.001
max iter space = 12
max_memory 4000 MB
nroots = 1
pspace_size = 400
spin = None
Density matrix diagonal elements [1.98639388e+00 1.22997754e-02 3.20908818e-04 9.85433767e-04]
CASCI converged
CASCI E = -112.652344426381  E(CI) = -1.70938048284896  S^2 = 0.0000000

******** <class 'pyscf.mcscf.casci.CASCI'> ********
CAS (1e+1e, 4o), ncore = 6, nvir = 18
natorb = False
canonicalization = True
sorting_mo_energy = False
max_memory 4000 MB (current use 177 MB)
******** <class 'pyscf.fci.direct_spin1.FCISolver'> ********
max. cycles = 200
conv_tol = 1e-08
davidson only = False
linear dependence = 1e-12
level shift = 0.001
max iter space = 12
max_memory 4000 MB
nroots = 1
pspace_size = 400
spin = None
Density matrix diagonal elements [1.98728842e+00 1.25772671e-02 1.28426660e-04 5.88450864e-06]
CASCI converged
CASCI E = -112.650844697790  E(CI) = -1.70788075425763  S^2 = 0.0000000

******** <class 'pyscf.mcscf.casci.CASCI'> ********
CAS (1e+1e, 4o), ncore = 6, nvir = 18
natorb = False
canonicalization = True
sorting_mo_energy = False
max_memory 4000 MB (current use 177 MB)
******** <class 'pyscf.fci.direct_spin1.FCISolver'> ********
max. cycles = 200
conv_tol = 1e-08
davidson only = False
linear dependence = 1e-12
level shift = 0.001
max iter space = 12
max_memory 4000 MB
nroots = 1
pspace_size = 400
spin = None
Density matrix diagonal elements [1.98732490e+00 1.25439988e-02 1.28345204e-04 2.75586368e-06]
CASCI converged
CASCI E = -112.650837450980  E(CI) = -1.70787350744827  S^2 = 0.0000000

******** <class 'pyscf.mcscf.casci.CASCI'> ********
CAS (1e+1e, 4o), ncore = 6, nvir = 18
natorb = False
canonicalization = True
sorting_mo_energy = False
max_memory 4000 MB (current use 177 MB)
******** <class 'pyscf.fci.direct_spin1.FCISolver'> ********
max. cycles = 200
conv_tol = 1e-08
davidson only = False
linear dependence = 1e-12
level shift = 0.001
max iter space = 12
max_memory 4000 MB
nroots = 1
pspace_size = 400
spin = None
Density matrix diagonal elements [1.98731905e+00 1.25291752e-02 1.30248406e-04 2.15295318e-05]
CASCI converged
CASCI E = -112.650876011860  E(CI) = -1.70791206832742  S^2 = 0.0000000

******** <class 'pyscf.mcscf.casci.CASCI'> ********
CAS (1e+1e, 4o), ncore = 6, nvir = 18
natorb = False
canonicalization = True
sorting_mo_energy = False
max_memory 4000 MB (current use 177 MB)
******** <class 'pyscf.fci.direct_spin1.FCISolver'> ********
max. cycles = 200
conv_tol = 1e-08
davidson only = False
linear dependence = 1e-12
level shift = 0.001
max iter space = 12
max_memory 4000 MB
nroots = 1
pspace_size = 400
spin = None
Density matrix diagonal elements [1.98737803e+00 1.23849077e-02 1.28248049e-04 1.08812764e-04]
CASCI converged
CASCI E = -112.651050578702  E(CI) = -1.70808663517013  S^2 = 0.0000000

******** <class 'pyscf.mcscf.casci.CASCI'> ********
CAS (1e+1e, 4o), ncore = 6, nvir = 18
natorb = False
canonicalization = True
sorting_mo_energy = False
max_memory 4000 MB (current use 177 MB)
******** <class 'pyscf.fci.direct_spin1.FCISolver'> ********
max. cycles = 200
conv_tol = 1e-08
davidson only = False
linear dependence = 1e-12
level shift = 0.001
max iter space = 12
max_memory 4000 MB
nroots = 1
pspace_size = 400
spin = None
Density matrix diagonal elements [1.98730945e+00 1.24475075e-02 1.28295527e-04 1.14744662e-04]
CASCI converged
CASCI E = -112.651062452189  E(CI) = -1.70809850865673  S^2 = 0.0000000

******** <class 'pyscf.mcscf.casci.CASCI'> ********
CAS (1e+1e, 4o), ncore = 6, nvir = 18
natorb = False
canonicalization = True
sorting_mo_energy = False
max_memory 4000 MB (current use 177 MB)
******** <class 'pyscf.fci.direct_spin1.FCISolver'> ********
max. cycles = 200
conv_tol = 1e-08
davidson only = False
linear dependence = 1e-12
level shift = 0.001
max iter space = 12
max_memory 4000 MB
nroots = 1
pspace_size = 400
spin = None
Density matrix diagonal elements [1.98697762e+00 1.24695297e-02 1.25701963e-04 4.27146677e-04]
CASCI converged
CASCI E = -112.651728435754  E(CI) = -1.70876449222141  S^2 = 0.0000000

******** <class 'pyscf.mcscf.casci.CASCI'> ********
CAS (1e+1e, 4o), ncore = 6, nvir = 18
natorb = False
canonicalization = True
sorting_mo_energy = False
max_memory 4000 MB (current use 177 MB)
******** <class 'pyscf.fci.direct_spin1.FCISolver'> ********
max. cycles = 200
conv_tol = 1e-08
davidson only = False
linear dependence = 1e-12
level shift = 0.001
max iter space = 12
max_memory 4000 MB
nroots = 1
pspace_size = 400
spin = None
Density matrix diagonal elements [1.98308872e+00 1.52071374e-02 1.28405070e-04 1.57573593e-03]
CASCI converged
CASCI E = -112.654465714236  E(CI) = -1.71150177070380  S^2 = 0.0000000

******** <class 'pyscf.mcscf.casci.CASCI'> ********
CAS (1e+1e, 4o), ncore = 6, nvir = 18
natorb = False
canonicalization = True
sorting_mo_energy = False
max_memory 4000 MB (current use 177 MB)
******** <class 'pyscf.fci.direct_spin1.FCISolver'> ********
max. cycles = 200
conv_tol = 1e-08
davidson only = False
linear dependence = 1e-12
level shift = 0.001
max iter space = 12
max_memory 4000 MB
nroots = 1
pspace_size = 400
spin = None
Density matrix diagonal elements [1.98719413e+00 1.24487394e-02 1.36144802e-04 2.20983544e-04]
CASCI converged
CASCI E = -112.651480986367  E(CI) = -1.70851704283481  S^2 = 0.0000000

******** <class 'pyscf.mcscf.casci.CASCI'> ********
CAS (1e+1e, 4o), ncore = 6, nvir = 18
natorb = False
canonicalization = True
sorting_mo_energy = False
max_memory 4000 MB (current use 177 MB)
******** <class 'pyscf.fci.direct_spin1.FCISolver'> ********
max. cycles = 200
conv_tol = 1e-08
davidson only = False
linear dependence = 1e-12
level shift = 0.001
max iter space = 12
max_memory 4000 MB
nroots = 1
pspace_size = 400
spin = None
Density matrix diagonal elements [1.98732845e+00 1.25428547e-02 1.28560662e-04 1.38779069e-07]
CASCI converged
CASCI E = -112.650833142306  E(CI) = -1.70786919877348  S^2 = 0.0000000

******** <class 'pyscf.mcscf.casci.CASCI'> ********
CAS (1e+1e, 4o), ncore = 6, nvir = 18
natorb = False
canonicalization = True
sorting_mo_energy = False
max_memory 4000 MB (current use 177 MB)
******** <class 'pyscf.fci.direct_spin1.FCISolver'> ********
max. cycles = 200
conv_tol = 1e-08
davidson only = False
linear dependence = 1e-12
level shift = 0.001
max iter space = 12
max_memory 4000 MB
nroots = 1
pspace_size = 400
spin = None
Density matrix diagonal elements [1.98732162e+00 1.25492650e-02 1.28633783e-04 4.80764666e-07]
CASCI converged
CASCI E = -112.650834359145  E(CI) = -1.70787041561294  S^2 = 0.0000000

******** <class 'pyscf.mcscf.casci.CASCI'> ********
CAS (1e+1e, 4o), ncore = 6, nvir = 18
natorb = False
canonicalization = True
sorting_mo_energy = False
max_memory 4000 MB (current use 177 MB)
******** <class 'pyscf.fci.direct_spin1.FCISolver'> ********
max. cycles = 200
conv_tol = 1e-08
davidson only = False
linear dependence = 1e-12
level shift = 0.001
max iter space = 12
max_memory 4000 MB
nroots = 1
pspace_size = 400
spin = None
Density matrix diagonal elements [1.98731894e+00 1.25383989e-02 1.28112240e-04 1.45522353e-05]
CASCI converged
CASCI E = -112.650889896337  E(CI) = -1.70792595280521  S^2 = 0.0000000

******** <class 'pyscf.mcscf.casci.CASCI'> ********
CAS (1e+1e, 4o), ncore = 6, nvir = 18
natorb = False
canonicalization = True
sorting_mo_energy = False
max_memory 4000 MB (current use 177 MB)
******** <class 'pyscf.fci.direct_spin1.FCISolver'> ********
max. cycles = 200
conv_tol = 1e-08
davidson only = False
linear dependence = 1e-12
level shift = 0.001
max iter space = 12
max_memory 4000 MB
nroots = 1
pspace_size = 400
spin = None
Density matrix diagonal elements [1.98729877e+00 1.25313554e-02 1.28635676e-04 4.12422009e-05]
CASCI converged
CASCI E = -112.651004852520  E(CI) = -1.70804090898767  S^2 = 0.0000000

******** <class 'pyscf.mcscf.casci.CASCI'> ********
CAS (1e+1e, 4o), ncore = 6, nvir = 18
natorb = False
canonicalization = True
sorting_mo_energy = False
max_memory 4000 MB (current use 177 MB)
******** <class 'pyscf.fci.direct_spin1.FCISolver'> ********
max. cycles = 200
conv_tol = 1e-08
davidson only = False
linear dependence = 1e-12
level shift = 0.001
max iter space = 12
max_memory 4000 MB
nroots = 1
pspace_size = 400
spin = None
Density matrix diagonal elements [1.98732856e+00 1.25362974e-02 1.27222074e-04 7.91704194e-06]
CASCI converged
CASCI E = -112.650867701082  E(CI) = -1.70790375754991  S^2 = 0.0000000

******** <class 'pyscf.mcscf.casci.CASCI'> ********
CAS (1e+1e, 4o), ncore = 6, nvir = 18
natorb = False
canonicalization = True
sorting_mo_energy = False
max_memory 4000 MB (current use 177 MB)
******** <class 'pyscf.fci.direct_spin1.FCISolver'> ********
max. cycles = 200
conv_tol = 1e-08
davidson only = False
linear dependence = 1e-12
level shift = 0.001
max iter space = 12
max_memory 4000 MB
nroots = 1
pspace_size = 400
spin = None
Density matrix diagonal elements [1.98678825e+00 1.24614172e-02 7.44597229e-04 5.73781423e-06]
CASCI converged
CASCI E = -112.651736930273  E(CI) = -1.70877298674101  S^2 = 0.0000000

******** <class 'pyscf.mcscf.casci.CASCI'> ********
CAS (1e+1e, 4o), ncore = 6, nvir = 18
natorb = False
canonicalization = True
sorting_mo_energy = False
max_memory 4000 MB (current use 177 MB)
******** <class 'pyscf.fci.direct_spin1.FCISolver'> ********
max. cycles = 200
conv_tol = 1e-08
davidson only = False
linear dependence = 1e-12
level shift = 0.001
max iter space = 12
max_memory 4000 MB
nroots = 1
pspace_size = 400
spin = None
Density matrix diagonal elements [1.98682640e+00 1.24270516e-02 7.44185478e-04 2.35975010e-06]
CASCI converged
CASCI E = -112.651729293919  E(CI) = -1.70876535038649  S^2 = 0.0000000

******** <class 'pyscf.mcscf.casci.CASCI'> ********
CAS (1e+1e, 4o), ncore = 6, nvir = 18
natorb = False
canonicalization = True
sorting_mo_energy = False
max_memory 4000 MB (current use 177 MB)
******** <class 'pyscf.fci.direct_spin1.FCISolver'> ********
max. cycles = 200
conv_tol = 1e-08
davidson only = False
linear dependence = 1e-12
level shift = 0.001
max iter space = 12
max_memory 4000 MB
nroots = 1
pspace_size = 400
spin = None
Density matrix diagonal elements [1.98669814e+00 1.24125753e-02 8.16921678e-04 7.23605856e-05]
CASCI converged
CASCI E = -112.651932528182  E(CI) = -1.70896858465017  S^2 = 0.0000000

******** <class 'pyscf.mcscf.casci.CASCI'> ********
CAS (1e+1e, 4o), ncore = 6, nvir = 18
natorb = False
canonicalization = True
sorting_mo_energy = False
max_memory 4000 MB (current use 177 MB)
******** <class 'pyscf.fci.direct_spin1.FCISolver'> ********
max. cycles = 200
conv_tol = 1e-08
davidson only = False
linear dependence = 1e-12
level shift = 0.001
max iter space = 12
max_memory 4000 MB
nroots = 1
pspace_size = 400
spin = None
Density matrix diagonal elements [1.98687938e+00 1.22708276e-02 7.42612745e-04 1.07180865e-04]
CASCI converged
CASCI E = -112.651939873941  E(CI) = -1.70897593040930  S^2 = 0.0000000

******** <class 'pyscf.mcscf.casci.CASCI'> ********
CAS (1e+1e, 4o), ncore = 6, nvir = 18
natorb = False
canonicalization = True
sorting_mo_energy = False
max_memory 4000 MB (current use 177 MB)
******** <class 'pyscf.fci.direct_spin1.FCISolver'> ********
max. cycles = 200
conv_tol = 1e-08
davidson only = False
linear dependence = 1e-12
level shift = 0.001
max iter space = 12
max_memory 4000 MB
nroots = 1
pspace_size = 400
spin = None
Density matrix diagonal elements [1.98680778e+00 1.23362683e-02 7.42781217e-04 1.13174372e-04]
CASCI converged
CASCI E = -112.651952293505  E(CI) = -1.70898834997288  S^2 = 0.0000000

******** <class 'pyscf.mcscf.casci.CASCI'> ********
CAS (1e+1e, 4o), ncore = 6, nvir = 18
natorb = False
canonicalization = True
sorting_mo_energy = False
max_memory 4000 MB (current use 177 MB)
******** <class 'pyscf.fci.direct_spin1.FCISolver'> ********
max. cycles = 200
conv_tol = 1e-08
davidson only = False
linear dependence = 1e-12
level shift = 0.001
max iter space = 12
max_memory 4000 MB
nroots = 1
pspace_size = 400
spin = None
Density matrix diagonal elements [1.98649234e+00 1.23524539e-02 7.33319159e-04 4.21891843e-04]
CASCI converged
CASCI E = -112.652610025023  E(CI) = -1.70964608149114  S^2 = 0.0000000

******** <class 'pyscf.mcscf.casci.CASCI'> ********
CAS (1e+1e, 4o), ncore = 6, nvir = 18
natorb = False
canonicalization = True
sorting_mo_energy = False
max_memory 4000 MB (current use 177 MB)
******** <class 'pyscf.fci.direct_spin1.FCISolver'> ********
max. cycles = 200
conv_tol = 1e-08
davidson only = False
linear dependence = 1e-12
level shift = 0.001
max iter space = 12
max_memory 4000 MB
nroots = 1
pspace_size = 400
spin = None
Density matrix diagonal elements [1.98260758e+00 1.50826496e-02 7.37627121e-04 1.57214362e-03]
CASCI converged
CASCI E = -112.655352459117  E(CI) = -1.71238851558509  S^2 = 0.0000000

******** <class 'pyscf.mcscf.casci.CASCI'> ********
CAS (1e+1e, 4o), ncore = 6, nvir = 18
natorb = False
canonicalization = True
sorting_mo_energy = False
max_memory 4000 MB (current use 177 MB)
******** <class 'pyscf.fci.direct_spin1.FCISolver'> ********
max. cycles = 200
conv_tol = 1e-08
davidson only = False
linear dependence = 1e-12
level shift = 0.001
max iter space = 12
max_memory 4000 MB
nroots = 1
pspace_size = 400
spin = None
Density matrix diagonal elements [1.98653636e+00 1.22679667e-02 8.87313701e-04 3.08359599e-04]
CASCI converged
CASCI E = -112.652726970495  E(CI) = -1.70976302696319  S^2 = 0.0000000

******** <class 'pyscf.mcscf.casci.CASCI'> ********
CAS (1e+1e, 4o), ncore = 6, nvir = 18
natorb = False
canonicalization = True
sorting_mo_energy = False
max_memory 4000 MB (current use 177 MB)
******** <class 'pyscf.fci.direct_spin1.FCISolver'> ********
max. cycles = 200
conv_tol = 1e-08
davidson only = False
linear dependence = 1e-12
level shift = 0.001
max iter space = 12
max_memory 4000 MB
nroots = 1
pspace_size = 400
spin = None
Density matrix diagonal elements [1.98682940e+00 1.24256143e-02 7.44844081e-04 1.45403125e-07]
CASCI converged
CASCI E = -112.651725696217  E(CI) = -1.70876175268464  S^2 = 0.0000000

******** <class 'pyscf.mcscf.casci.CASCI'> ********
CAS (1e+1e, 4o), ncore = 6, nvir = 18
natorb = False
canonicalization = True
sorting_mo_energy = False
max_memory 4000 MB (current use 177 MB)
******** <class 'pyscf.fci.direct_spin1.FCISolver'> ********
max. cycles = 200
conv_tol = 1e-08
davidson only = False
linear dependence = 1e-12
level shift = 0.001
max iter space = 12
max_memory 4000 MB
nroots = 1
pspace_size = 400
spin = None
Density matrix diagonal elements [1.98682350e+00 1.24311748e-02 7.44877921e-04 4.47979648e-07]
CASCI converged
CASCI E = -112.651726752374  E(CI) = -1.70876280884211  S^2 = 0.0000000

******** <class 'pyscf.mcscf.casci.CASCI'> ********
CAS (1e+1e, 4o), ncore = 6, nvir = 18
natorb = False
canonicalization = True
sorting_mo_energy = False
max_memory 4000 MB (current use 177 MB)
******** <class 'pyscf.fci.direct_spin1.FCISolver'> ********
max. cycles = 200
conv_tol = 1e-08
davidson only = False
linear dependence = 1e-12
level shift = 0.001
max iter space = 12
max_memory 4000 MB
nroots = 1
pspace_size = 400
spin = None
Density matrix diagonal elements [1.98682200e+00 1.24218926e-02 7.42353746e-04 1.37573409e-05]
CASCI converged
CASCI E = -112.651779303142  E(CI) = -1.70881535960969  S^2 = 0.0000000

******** <class 'pyscf.mcscf.casci.CASCI'> ********
CAS (1e+1e, 4o), ncore = 6, nvir = 18
natorb = False
canonicalization = True
sorting_mo_energy = False
max_memory 4000 MB (current use 177 MB)
******** <class 'pyscf.fci.direct_spin1.FCISolver'> ********
max. cycles = 200
conv_tol = 1e-08
davidson only = False
linear dependence = 1e-12
level shift = 0.001
max iter space = 12
max_memory 4000 MB
nroots = 1
pspace_size = 400
spin = None
Density matrix diagonal elements [1.98679956e+00 1.24156787e-02 7.43838538e-04 4.09223096e-05]
CASCI converged
CASCI E = -112.651896243844  E(CI) = -1.70893230031142  S^2 = 0.0000000

******** <class 'pyscf.mcscf.casci.CASCI'> ********
CAS (1e+1e, 4o), ncore = 6, nvir = 18
natorb = False
canonicalization = True
sorting_mo_energy = False
max_memory 4000 MB (current use 177 MB)
******** <class 'pyscf.fci.direct_spin1.FCISolver'> ********
max. cycles = 200
conv_tol = 1e-08
davidson only = False
linear dependence = 1e-12
level shift = 0.001
max iter space = 12
max_memory 4000 MB
nroots = 1
pspace_size = 400
spin = None
Density matrix diagonal elements [1.98682983e+00 1.24201434e-02 7.42596943e-04 7.43429412e-06]
CASCI converged
CASCI E = -112.651758214692  E(CI) = -1.70879427115960  S^2 = 0.0000000

******** <class 'pyscf.mcscf.casci.CASCI'> ********
CAS (1e+1e, 4o), ncore = 6, nvir = 18
natorb = False
canonicalization = True
sorting_mo_energy = False
max_memory 4000 MB (current use 177 MB)
******** <class 'pyscf.fci.direct_spin1.FCISolver'> ********
max. cycles = 200
conv_tol = 1e-08
davidson only = False
linear dependence = 1e-12
level shift = 0.001
max iter space = 12
max_memory 4000 MB
nroots = 1
pspace_size = 400
spin = None
Density matrix diagonal elements [1.98737346e+00 1.26176102e-02 5.98805814e-06 2.94396001e-06]
CASCI converged
CASCI E = -112.650679007715  E(CI) = -1.70771506418299  S^2 = 0.0000000

******** <class 'pyscf.mcscf.casci.CASCI'> ********
CAS (1e+1e, 4o), ncore = 6, nvir = 18
natorb = False
canonicalization = True
sorting_mo_energy = False
max_memory 4000 MB (current use 177 MB)
******** <class 'pyscf.fci.direct_spin1.FCISolver'> ********
max. cycles = 200
conv_tol = 1e-08
davidson only = False
linear dependence = 1e-12
level shift = 0.001
max iter space = 12
max_memory 4000 MB
nroots = 1
pspace_size = 400
spin = None
Density matrix diagonal elements [1.98736691e+00 1.26072301e-02 5.97168948e-06 1.98857686e-05]
CASCI converged
CASCI E = -112.650711485212  E(CI) = -1.70774754167957  S^2 = 0.0000000

******** <class 'pyscf.mcscf.casci.CASCI'> ********
CAS (1e+1e, 4o), ncore = 6, nvir = 18
natorb = False
canonicalization = True
sorting_mo_energy = False
max_memory 4000 MB (current use 177 MB)
******** <class 'pyscf.fci.direct_spin1.FCISolver'> ********
max. cycles = 200
conv_tol = 1e-08
davidson only = False
linear dependence = 1e-12
level shift = 0.001
max iter space = 12
max_memory 4000 MB
nroots = 1
pspace_size = 400
spin = None
Density matrix diagonal elements [1.98742848e+00 1.24568670e-02 5.78725259e-06 1.08861325e-04]
CASCI converged
CASCI E = -112.650891896788  E(CI) = -1.70792795325589  S^2 = 0.0000000

******** <class 'pyscf.mcscf.casci.CASCI'> ********
CAS (1e+1e, 4o), ncore = 6, nvir = 18
natorb = False
canonicalization = True
sorting_mo_energy = False
max_memory 4000 MB (current use 177 MB)
******** <class 'pyscf.fci.direct_spin1.FCISolver'> ********
max. cycles = 200
conv_tol = 1e-08
davidson only = False
linear dependence = 1e-12
level shift = 0.001
max iter space = 12
max_memory 4000 MB
nroots = 1
pspace_size = 400
spin = None
Density matrix diagonal elements [1.98736040e+00 1.25189498e-02 5.84016073e-06 1.14811736e-04]
CASCI converged
CASCI E = -112.650903672237  E(CI) = -1.70793972870439  S^2 = 0.0000000

******** <class 'pyscf.mcscf.casci.CASCI'> ********
CAS (1e+1e, 4o), ncore = 6, nvir = 18
natorb = False
canonicalization = True
sorting_mo_energy = False
max_memory 4000 MB (current use 177 MB)
******** <class 'pyscf.fci.direct_spin1.FCISolver'> ********
max. cycles = 200
conv_tol = 1e-08
davidson only = False
linear dependence = 1e-12
level shift = 0.001
max iter space = 12
max_memory 4000 MB
nroots = 1
pspace_size = 400
spin = None
Density matrix diagonal elements [1.98702209e+00 1.25432580e-02 5.92263232e-06 4.28734022e-04]
CASCI converged
CASCI E = -112.651573038591  E(CI) = -1.70860909505872  S^2 = 0.0000000

******** <class 'pyscf.mcscf.casci.CASCI'> ********
CAS (1e+1e, 4o), ncore = 6, nvir = 18
natorb = False
canonicalization = True
sorting_mo_energy = False
max_memory 4000 MB (current use 177 MB)
******** <class 'pyscf.fci.direct_spin1.FCISolver'> ********
max. cycles = 200
conv_tol = 1e-08
davidson only = False
linear dependence = 1e-12
level shift = 0.001
max iter space = 12
max_memory 4000 MB
nroots = 1
pspace_size = 400
spin = None
Density matrix diagonal elements [1.98308949e+00 1.53149773e-02 1.35392873e-05 1.58199154e-03]
CASCI converged
CASCI E = -112.654326776868  E(CI) = -1.71136283333553  S^2 = 0.0000000

******** <class 'pyscf.mcscf.casci.CASCI'> ********
CAS (1e+1e, 4o), ncore = 6, nvir = 18
natorb = False
canonicalization = True
sorting_mo_energy = False
max_memory 4000 MB (current use 177 MB)
******** <class 'pyscf.fci.direct_spin1.FCISolver'> ********
max. cycles = 200
conv_tol = 1e-08
davidson only = False
linear dependence = 1e-12
level shift = 0.001
max iter space = 12
max_memory 4000 MB
nroots = 1
pspace_size = 400
spin = None
Density matrix diagonal elements [1.98725843e+00 1.25249360e-02 5.68318752e-06 2.10948206e-04]
CASCI converged
CASCI E = -112.651283535319  E(CI) = -1.70831959178659  S^2 = 0.0000000

******** <class 'pyscf.mcscf.casci.CASCI'> ********
CAS (1e+1e, 4o), ncore = 6, nvir = 18
natorb = False
canonicalization = True
sorting_mo_energy = False
max_memory 4000 MB (current use 177 MB)
******** <class 'pyscf.fci.direct_spin1.FCISolver'> ********
max. cycles = 200
conv_tol = 1e-08
davidson only = False
linear dependence = 1e-12
level shift = 0.001
max iter space = 12
max_memory 4000 MB
nroots = 1
pspace_size = 400
spin = None
Density matrix diagonal elements [1.98737755e+00 1.26163087e-02 5.99439904e-06 1.50793177e-07]
CASCI converged
CASCI E = -112.650674414069  E(CI) = -1.70771047053714  S^2 = 0.0000000

******** <class 'pyscf.mcscf.casci.CASCI'> ********
CAS (1e+1e, 4o), ncore = 6, nvir = 18
natorb = False
canonicalization = True
sorting_mo_energy = False
max_memory 4000 MB (current use 177 MB)
******** <class 'pyscf.fci.direct_spin1.FCISolver'> ********
max. cycles = 200
conv_tol = 1e-08
davidson only = False
linear dependence = 1e-12
level shift = 0.001
max iter space = 12
max_memory 4000 MB
nroots = 1
pspace_size = 400
spin = None
Density matrix diagonal elements [1.98737264e+00 1.26209288e-02 6.00407016e-06 4.29454621e-07]
CASCI converged
CASCI E = -112.650675295107  E(CI) = -1.70771135157504  S^2 = 0.0000000

******** <class 'pyscf.mcscf.casci.CASCI'> ********
CAS (1e+1e, 4o), ncore = 6, nvir = 18
natorb = False
canonicalization = True
sorting_mo_energy = False
max_memory 4000 MB (current use 177 MB)
******** <class 'pyscf.fci.direct_spin1.FCISolver'> ********
max. cycles = 200
conv_tol = 1e-08
davidson only = False
linear dependence = 1e-12
level shift = 0.001
max iter space = 12
max_memory 4000 MB
nroots = 1
pspace_size = 400
spin = None
Density matrix diagonal elements [1.98736753e+00 1.26117772e-02 5.98345306e-06 1.47126444e-05]
CASCI converged
CASCI E = -112.650731756917  E(CI) = -1.70776781338516  S^2 = 0.0000000

******** <class 'pyscf.mcscf.casci.CASCI'> ********
CAS (1e+1e, 4o), ncore = 6, nvir = 18
natorb = False
canonicalization = True
sorting_mo_energy = False
max_memory 4000 MB (current use 177 MB)
******** <class 'pyscf.fci.direct_spin1.FCISolver'> ********
max. cycles = 200
conv_tol = 1e-08
davidson only = False
linear dependence = 1e-12
level shift = 0.001
max iter space = 12
max_memory 4000 MB
nroots = 1
pspace_size = 400
spin = None
Density matrix diagonal elements [1.98735033e+00 1.26020887e-02 6.06135257e-06 4.15174365e-05]
CASCI converged
CASCI E = -112.650847382369  E(CI) = -1.70788343883659  S^2 = 0.0000000

******** <class 'pyscf.mcscf.casci.CASCI'> ********
CAS (1e+1e, 4o), ncore = 6, nvir = 18
natorb = False
canonicalization = True
sorting_mo_energy = False
max_memory 4000 MB (current use 177 MB)
******** <class 'pyscf.fci.direct_spin1.FCISolver'> ********
max. cycles = 200
conv_tol = 1e-08
davidson only = False
linear dependence = 1e-12
level shift = 0.001
max iter space = 12
max_memory 4000 MB
nroots = 1
pspace_size = 400
spin = None
Density matrix diagonal elements [1.98737634e+00 1.26094137e-02 5.94567984e-06 8.30123583e-06]
CASCI converged
CASCI E = -112.650710606919  E(CI) = -1.70774666338696  S^2 = 0.0000000

******** <class 'pyscf.mcscf.casci.CASCI'> ********
CAS (1e+1e, 4o), ncore = 6, nvir = 18
natorb = False
canonicalization = True
sorting_mo_energy = False
max_memory 4000 MB (current use 177 MB)
******** <class 'pyscf.fci.direct_spin1.FCISolver'> ********
max. cycles = 200
conv_tol = 1e-08
davidson only = False
linear dependence = 1e-12
level shift = 0.001
max iter space = 12
max_memory 4000 MB
nroots = 1
pspace_size = 400
spin = None
Density matrix diagonal elements [1.98740414e+00 1.25734667e-02 2.71024089e-06 1.96862830e-05]
CASCI converged
CASCI E = -112.650703980693  E(CI) = -1.70774003716087  S^2 = 0.0000000

******** <class 'pyscf.mcscf.casci.CASCI'> ********
CAS (1e+1e, 4o), ncore = 6, nvir = 18
natorb = False
canonicalization = True
sorting_mo_energy = False
max_memory 4000 MB (current use 177 MB)
******** <class 'pyscf.fci.direct_spin1.FCISolver'> ********
max. cycles = 200
conv_tol = 1e-08
davidson only = False
linear dependence = 1e-12
level shift = 0.001
max iter space = 12
max_memory 4000 MB
nroots = 1
pspace_size = 400
spin = None
Density matrix diagonal elements [1.98746321e+00 1.24247816e-02 2.94454652e-06 1.09065157e-04]
CASCI converged
CASCI E = -112.650885179263  E(CI) = -1.70792123573038  S^2 = 0.0000000

******** <class 'pyscf.mcscf.casci.CASCI'> ********
CAS (1e+1e, 4o), ncore = 6, nvir = 18
natorb = False
canonicalization = True
sorting_mo_energy = False
max_memory 4000 MB (current use 177 MB)
******** <class 'pyscf.fci.direct_spin1.FCISolver'> ********
max. cycles = 200
conv_tol = 1e-08
davidson only = False
linear dependence = 1e-12
level shift = 0.001
max iter space = 12
max_memory 4000 MB
nroots = 1
pspace_size = 400
spin = None
Density matrix diagonal elements [1.98739584e+00 1.24862628e-02 2.94005446e-06 1.14957452e-04]
CASCI converged
CASCI E = -112.650896838645  E(CI) = -1.70793289511300  S^2 = 0.0000000

******** <class 'pyscf.mcscf.casci.CASCI'> ********
CAS (1e+1e, 4o), ncore = 6, nvir = 18
natorb = False
canonicalization = True
sorting_mo_energy = False
max_memory 4000 MB (current use 177 MB)
******** <class 'pyscf.fci.direct_spin1.FCISolver'> ********
max. cycles = 200
conv_tol = 1e-08
davidson only = False
linear dependence = 1e-12
level shift = 0.001
max iter space = 12
max_memory 4000 MB
nroots = 1
pspace_size = 400
spin = None
Density matrix diagonal elements [1.98705257e+00 1.25111930e-02 5.14009186e-06 4.31093240e-04]
CASCI converged
CASCI E = -112.651574275353  E(CI) = -1.70861033182057  S^2 = 0.0000000

******** <class 'pyscf.mcscf.casci.CASCI'> ********
CAS (1e+1e, 4o), ncore = 6, nvir = 18
natorb = False
canonicalization = True
sorting_mo_energy = False
max_memory 4000 MB (current use 177 MB)
******** <class 'pyscf.fci.direct_spin1.FCISolver'> ********
max. cycles = 200
conv_tol = 1e-08
davidson only = False
linear dependence = 1e-12
level shift = 0.001
max iter space = 12
max_memory 4000 MB
nroots = 1
pspace_size = 400
spin = None
Density matrix diagonal elements [1.98317207e+00 1.52489303e-02 3.02369442e-06 1.57597745e-03]
CASCI converged
CASCI E = -112.654299595672  E(CI) = -1.71133565214021  S^2 = 0.0000000

******** <class 'pyscf.mcscf.casci.CASCI'> ********
CAS (1e+1e, 4o), ncore = 6, nvir = 18
natorb = False
canonicalization = True
sorting_mo_energy = False
max_memory 4000 MB (current use 177 MB)
******** <class 'pyscf.fci.direct_spin1.FCISolver'> ********
max. cycles = 200
conv_tol = 1e-08
davidson only = False
linear dependence = 1e-12
level shift = 0.001
max iter space = 12
max_memory 4000 MB
nroots = 1
pspace_size = 400
spin = None
Density matrix diagonal elements [1.98729376e+00 1.24924323e-02 2.75616587e-06 2.11047992e-04]
CASCI converged
CASCI E = -112.651276699433  E(CI) = -1.70831275590106  S^2 = 0.0000000

******** <class 'pyscf.mcscf.casci.CASCI'> ********
CAS (1e+1e, 4o), ncore = 6, nvir = 18
natorb = False
canonicalization = True
sorting_mo_energy = False
max_memory 4000 MB (current use 177 MB)
******** <class 'pyscf.fci.direct_spin1.FCISolver'> ********
max. cycles = 200
conv_tol = 1e-08
davidson only = False
linear dependence = 1e-12
level shift = 0.001
max iter space = 12
max_memory 4000 MB
nroots = 1
pspace_size = 400
spin = None
Density matrix diagonal elements [1.98741354e+00 1.25833449e-02 2.96136315e-06 1.56049460e-07]
CASCI converged
CASCI E = -112.650667302680  E(CI) = -1.70770335914806  S^2 = 0.0000000

******** <class 'pyscf.mcscf.casci.CASCI'> ********
CAS (1e+1e, 4o), ncore = 6, nvir = 18
natorb = False
canonicalization = True
sorting_mo_energy = False
max_memory 4000 MB (current use 177 MB)
******** <class 'pyscf.fci.direct_spin1.FCISolver'> ********
max. cycles = 200
conv_tol = 1e-08
davidson only = False
linear dependence = 1e-12
level shift = 0.001
max iter space = 12
max_memory 4000 MB
nroots = 1
pspace_size = 400
spin = None
Density matrix diagonal elements [1.98740874e+00 1.25878715e-02 2.95927494e-06 4.27343442e-07]
CASCI converged
CASCI E = -112.650668160410  E(CI) = -1.70770421687801  S^2 = 0.0000000

******** <class 'pyscf.mcscf.casci.CASCI'> ********
CAS (1e+1e, 4o), ncore = 6, nvir = 18
natorb = False
canonicalization = True
sorting_mo_energy = False
max_memory 4000 MB (current use 177 MB)
******** <class 'pyscf.fci.direct_spin1.FCISolver'> ********
max. cycles = 200
conv_tol = 1e-08
davidson only = False
linear dependence = 1e-12
level shift = 0.001
max iter space = 12
max_memory 4000 MB
nroots = 1
pspace_size = 400
spin = None
Density matrix diagonal elements [1.98740296e+00 1.25786613e-02 3.29262433e-06 1.50893501e-05]
CASCI converged
CASCI E = -112.650726754085  E(CI) = -1.70776281055281  S^2 = 0.0000000

******** <class 'pyscf.mcscf.casci.CASCI'> ********
CAS (1e+1e, 4o), ncore = 6, nvir = 18
natorb = False
canonicalization = True
sorting_mo_energy = False
max_memory 4000 MB (current use 177 MB)
******** <class 'pyscf.fci.direct_spin1.FCISolver'> ********
max. cycles = 200
conv_tol = 1e-08
davidson only = False
linear dependence = 1e-12
level shift = 0.001
max iter space = 12
max_memory 4000 MB
nroots = 1
pspace_size = 400
spin = None
Density matrix diagonal elements [1.98738380e+00 1.25720137e-02 2.96722527e-06 4.12200260e-05]
CASCI converged
CASCI E = -112.650838818438  E(CI) = -1.70787487490571  S^2 = 0.0000000

******** <class 'pyscf.mcscf.casci.CASCI'> ********
CAS (1e+1e, 4o), ncore = 6, nvir = 18
natorb = False
canonicalization = True
sorting_mo_energy = False
max_memory 4000 MB (current use 177 MB)
******** <class 'pyscf.fci.direct_spin1.FCISolver'> ********
max. cycles = 200
conv_tol = 1e-08
davidson only = False
linear dependence = 1e-12
level shift = 0.001
max iter space = 12
max_memory 4000 MB
nroots = 1
pspace_size = 400
spin = None
Density matrix diagonal elements [1.98741217e+00 1.25765756e-02 2.93609135e-06 8.31772003e-06]
CASCI converged
CASCI E = -112.650703550571  E(CI) = -1.70773960703873  S^2 = 0.0000000

******** <class 'pyscf.mcscf.casci.CASCI'> ********
CAS (1e+1e, 4o), ncore = 6, nvir = 18
natorb = False
canonicalization = True
sorting_mo_energy = False
max_memory 4000 MB (current use 177 MB)
******** <class 'pyscf.fci.direct_spin1.FCISolver'> ********
max. cycles = 200
conv_tol = 1e-08
davidson only = False
linear dependence = 1e-12
level shift = 0.001
max iter space = 12
max_memory 4000 MB
nroots = 1
pspace_size = 400
spin = None
Density matrix diagonal elements [1.98745764e+00 1.24136575e-02 1.97661903e-05 1.08940672e-04]
CASCI converged
CASCI E = -112.650917440556  E(CI) = -1.70795349702389  S^2 = 0.0000000

******** <class 'pyscf.mcscf.casci.CASCI'> ********
CAS (1e+1e, 4o), ncore = 6, nvir = 18
natorb = False
canonicalization = True
sorting_mo_energy = False
max_memory 4000 MB (current use 177 MB)
******** <class 'pyscf.fci.direct_spin1.FCISolver'> ********
max. cycles = 200
conv_tol = 1e-08
davidson only = False
linear dependence = 1e-12
level shift = 0.001
max iter space = 12
max_memory 4000 MB
nroots = 1
pspace_size = 400
spin = None
Density matrix diagonal elements [1.98739013e+00 1.24752617e-02 1.97672096e-05 1.14843051e-04]
CASCI converged
CASCI E = -112.650929125057  E(CI) = -1.70796518152511  S^2 = 0.0000000

******** <class 'pyscf.mcscf.casci.CASCI'> ********
CAS (1e+1e, 4o), ncore = 6, nvir = 18
natorb = False
canonicalization = True
sorting_mo_energy = False
max_memory 4000 MB (current use 177 MB)
******** <class 'pyscf.fci.direct_spin1.FCISolver'> ********
max. cycles = 200
conv_tol = 1e-08
davidson only = False
linear dependence = 1e-12
level shift = 0.001
max iter space = 12
max_memory 4000 MB
nroots = 1
pspace_size = 400
spin = None
Density matrix diagonal elements [1.98705184e+00 1.25002152e-02 1.94834480e-05 4.28458864e-04]
CASCI converged
CASCI E = -112.651597802338  E(CI) = -1.70863385880622  S^2 = 0.0000000

******** <class 'pyscf.mcscf.casci.CASCI'> ********
CAS (1e+1e, 4o), ncore = 6, nvir = 18
natorb = False
canonicalization = True
sorting_mo_energy = False
max_memory 4000 MB (current use 177 MB)
******** <class 'pyscf.fci.direct_spin1.FCISolver'> ********
max. cycles = 200
conv_tol = 1e-08
davidson only = False
linear dependence = 1e-12
level shift = 0.001
max iter space = 12
max_memory 4000 MB
nroots = 1
pspace_size = 400
spin = None
Density matrix diagonal elements [1.98316360e+00 1.52400738e-02 2.00917037e-05 1.57623003e-03]
CASCI converged
CASCI E = -112.654332424767  E(CI) = -1.71136848123514  S^2 = 0.0000000

******** <class 'pyscf.mcscf.casci.CASCI'> ********
CAS (1e+1e, 4o), ncore = 6, nvir = 18
natorb = False
canonicalization = True
sorting_mo_energy = False
max_memory 4000 MB (current use 177 MB)
******** <class 'pyscf.fci.direct_spin1.FCISolver'> ********
max. cycles = 200
conv_tol = 1e-08
davidson only = False
linear dependence = 1e-12
level shift = 0.001
max iter space = 12
max_memory 4000 MB
nroots = 1
pspace_size = 400
spin = None
Density matrix diagonal elements [1.98725928e+00 1.24837647e-02 3.26129769e-05 2.24344073e-04]
CASCI converged
CASCI E = -112.651366256789  E(CI) = -1.70840231325725  S^2 = 0.0000000

******** <class 'pyscf.mcscf.casci.CASCI'> ********
CAS (1e+1e, 4o), ncore = 6, nvir = 18
natorb = False
canonicalization = True
sorting_mo_energy = False
max_memory 4000 MB (current use 177 MB)
******** <class 'pyscf.fci.direct_spin1.FCISolver'> ********
max. cycles = 200
conv_tol = 1e-08
davidson only = False
linear dependence = 1e-12
level shift = 0.001
max iter space = 12
max_memory 4000 MB
nroots = 1
pspace_size = 400
spin = None
Density matrix diagonal elements [1.98740782e+00 1.25721178e-02 1.99078696e-05 1.53847685e-07]
CASCI converged
CASCI E = -112.650699805176  E(CI) = -1.70773586164378  S^2 = 0.0000000

******** <class 'pyscf.mcscf.casci.CASCI'> ********
CAS (1e+1e, 4o), ncore = 6, nvir = 18
natorb = False
canonicalization = True
sorting_mo_energy = False
max_memory 4000 MB (current use 177 MB)
******** <class 'pyscf.fci.direct_spin1.FCISolver'> ********
max. cycles = 200
conv_tol = 1e-08
davidson only = False
linear dependence = 1e-12
level shift = 0.001
max iter space = 12
max_memory 4000 MB
nroots = 1
pspace_size = 400
spin = None
Density matrix diagonal elements [1.98740301e+00 1.25766582e-02 1.99076978e-05 4.26086913e-07]
CASCI converged
CASCI E = -112.650700667389  E(CI) = -1.70773672385722  S^2 = 0.0000000

******** <class 'pyscf.mcscf.casci.CASCI'> ********
CAS (1e+1e, 4o), ncore = 6, nvir = 18
natorb = False
canonicalization = True
sorting_mo_energy = False
max_memory 4000 MB (current use 177 MB)
******** <class 'pyscf.fci.direct_spin1.FCISolver'> ********
max. cycles = 200
conv_tol = 1e-08
davidson only = False
linear dependence = 1e-12
level shift = 0.001
max iter space = 12
max_memory 4000 MB
nroots = 1
pspace_size = 400
spin = None
Density matrix diagonal elements [1.98739779e+00 1.25677187e-02 1.98155224e-05 1.46770065e-05]
CASCI converged
CASCI E = -112.650756997077  E(CI) = -1.70779305354485  S^2 = 0.0000000

******** <class 'pyscf.mcscf.casci.CASCI'> ********
CAS (1e+1e, 4o), ncore = 6, nvir = 18
natorb = False
canonicalization = True
sorting_mo_energy = False
max_memory 4000 MB (current use 177 MB)
******** <class 'pyscf.fci.direct_spin1.FCISolver'> ********
max. cycles = 200
conv_tol = 1e-08
davidson only = False
linear dependence = 1e-12
level shift = 0.001
max iter space = 12
max_memory 4000 MB
nroots = 1
pspace_size = 400
spin = None
Density matrix diagonal elements [1.98737784e+00 1.25610596e-02 1.98922722e-05 4.12095521e-05]
CASCI converged
CASCI E = -112.650871291495  E(CI) = -1.70790734796289  S^2 = 0.0000000

******** <class 'pyscf.mcscf.casci.CASCI'> ********
CAS (1e+1e, 4o), ncore = 6, nvir = 18
natorb = False
canonicalization = True
sorting_mo_energy = False
max_memory 4000 MB (current use 177 MB)
******** <class 'pyscf.fci.direct_spin1.FCISolver'> ********
max. cycles = 200
conv_tol = 1e-08
davidson only = False
linear dependence = 1e-12
level shift = 0.001
max iter space = 12
max_memory 4000 MB
nroots = 1
pspace_size = 400
spin = None
Density matrix diagonal elements [1.98740402e+00 1.25657781e-02 2.07975456e-05 9.40724744e-06]
CASCI converged
CASCI E = -112.650743793066  E(CI) = -1.70777984953423  S^2 = 0.0000000

******** <class 'pyscf.mcscf.casci.CASCI'> ********
CAS (1e+1e, 4o), ncore = 6, nvir = 18
natorb = False
canonicalization = True
sorting_mo_energy = False
max_memory 4000 MB (current use 177 MB)
******** <class 'pyscf.fci.direct_spin1.FCISolver'> ********
max. cycles = 200
conv_tol = 1e-08
davidson only = False
linear dependence = 1e-12
level shift = 0.001
max iter space = 12
max_memory 4000 MB
nroots = 1
pspace_size = 400
spin = None
Density matrix diagonal elements [1.98744970e+00 1.23280671e-02 1.08170305e-04 1.14065180e-04]
CASCI converged
CASCI E = -112.651108362493  E(CI) = -1.70814441896049  S^2 = 0.0000000

******** <class 'pyscf.mcscf.casci.CASCI'> ********
CAS (1e+1e, 4o), ncore = 6, nvir = 18
natorb = False
canonicalization = True
sorting_mo_energy = False
max_memory 4000 MB (current use 177 MB)
******** <class 'pyscf.fci.direct_spin1.FCISolver'> ********
max. cycles = 200
conv_tol = 1e-08
davidson only = False
linear dependence = 1e-12
level shift = 0.001
max iter space = 12
max_memory 4000 MB
nroots = 1
pspace_size = 400
spin = None
Density matrix diagonal elements [1.98711408e+00 1.23541328e-02 1.05950342e-04 4.25840563e-04]
CASCI converged
CASCI E = -112.651773137394  E(CI) = -1.70880919386182  S^2 = 0.0000000

******** <class 'pyscf.mcscf.casci.CASCI'> ********
CAS (1e+1e, 4o), ncore = 6, nvir = 18
natorb = False
canonicalization = True
sorting_mo_energy = False
max_memory 4000 MB (current use 177 MB)
******** <class 'pyscf.fci.direct_spin1.FCISolver'> ********
max. cycles = 200
conv_tol = 1e-08
davidson only = False
linear dependence = 1e-12
level shift = 0.001
max iter space = 12
max_memory 4000 MB
nroots = 1
pspace_size = 400
spin = None
Density matrix diagonal elements [1.98324964e+00 1.50799252e-02 1.01315610e-04 1.56912378e-03]
CASCI converged
CASCI E = -112.654497397964  E(CI) = -1.71153345443201  S^2 = 0.0000000

******** <class 'pyscf.mcscf.casci.CASCI'> ********
CAS (1e+1e, 4o), ncore = 6, nvir = 18
natorb = False
canonicalization = True
sorting_mo_energy = False
max_memory 4000 MB (current use 177 MB)
******** <class 'pyscf.fci.direct_spin1.FCISolver'> ********
max. cycles = 200
conv_tol = 1e-08
davidson only = False
linear dependence = 1e-12
level shift = 0.001
max iter space = 12
max_memory 4000 MB
nroots = 1
pspace_size = 400
spin = None
Density matrix diagonal elements [1.98734673e+00 1.23356335e-02 1.07533156e-04 2.10107781e-04]
CASCI converged
CASCI E = -112.651487266863  E(CI) = -1.70852332333109  S^2 = 0.0000000

******** <class 'pyscf.mcscf.casci.CASCI'> ********
CAS (1e+1e, 4o), ncore = 6, nvir = 18
natorb = False
canonicalization = True
sorting_mo_energy = False
max_memory 4000 MB (current use 177 MB)
******** <class 'pyscf.fci.direct_spin1.FCISolver'> ********
max. cycles = 200
conv_tol = 1e-08
davidson only = False
linear dependence = 1e-12
level shift = 0.001
max iter space = 12
max_memory 4000 MB
nroots = 1
pspace_size = 400
spin = None
Density matrix diagonal elements [1.98747438e+00 1.24046553e-02 1.15269552e-04 5.69359777e-06]
CASCI converged
CASCI E = -112.650909086438  E(CI) = -1.70794514290533  S^2 = 0.0000000

******** <class 'pyscf.mcscf.casci.CASCI'> ********
CAS (1e+1e, 4o), ncore = 6, nvir = 18
natorb = False
canonicalization = True
sorting_mo_energy = False
max_memory 4000 MB (current use 177 MB)
******** <class 'pyscf.fci.direct_spin1.FCISolver'> ********
max. cycles = 200
conv_tol = 1e-08
davidson only = False
linear dependence = 1e-12
level shift = 0.001
max iter space = 12
max_memory 4000 MB
nroots = 1
pspace_size = 400
spin = None
Density matrix diagonal elements [1.98746249e+00 1.24279988e-02 1.09079947e-04 4.28314280e-07]
CASCI converged
CASCI E = -112.650881464315  E(CI) = -1.70791752078247  S^2 = 0.0000000

******** <class 'pyscf.mcscf.casci.CASCI'> ********
CAS (1e+1e, 4o), ncore = 6, nvir = 18
natorb = False
canonicalization = True
sorting_mo_energy = False
max_memory 4000 MB (current use 177 MB)
******** <class 'pyscf.fci.direct_spin1.FCISolver'> ********
max. cycles = 200
conv_tol = 1e-08
davidson only = False
linear dependence = 1e-12
level shift = 0.001
max iter space = 12
max_memory 4000 MB
nroots = 1
pspace_size = 400
spin = None
Density matrix diagonal elements [1.98745717e+00 1.24193396e-02 1.08870188e-04 1.46163735e-05]
CASCI converged
CASCI E = -112.650937549555  E(CI) = -1.70797360602285  S^2 = 0.0000000

******** <class 'pyscf.mcscf.casci.CASCI'> ********
CAS (1e+1e, 4o), ncore = 6, nvir = 18
natorb = False
canonicalization = True
sorting_mo_energy = False
max_memory 4000 MB (current use 177 MB)
******** <class 'pyscf.fci.direct_spin1.FCISolver'> ********
max. cycles = 200
conv_tol = 1e-08
davidson only = False
linear dependence = 1e-12
level shift = 0.001
max iter space = 12
max_memory 4000 MB
nroots = 1
pspace_size = 400
spin = None
Density matrix diagonal elements [1.98743670e+00 1.24126429e-02 1.09324747e-04 4.13282800e-05]
CASCI converged
CASCI E = -112.651052606194  E(CI) = -1.70808866266231  S^2 = 0.0000000

******** <class 'pyscf.mcscf.casci.CASCI'> ********
CAS (1e+1e, 4o), ncore = 6, nvir = 18
natorb = False
canonicalization = True
sorting_mo_energy = False
max_memory 4000 MB (current use 177 MB)
******** <class 'pyscf.fci.direct_spin1.FCISolver'> ********
max. cycles = 200
conv_tol = 1e-08
davidson only = False
linear dependence = 1e-12
level shift = 0.001
max iter space = 12
max_memory 4000 MB
nroots = 1
pspace_size = 400
spin = None
Density matrix diagonal elements [1.98746576e+00 1.24168686e-02 1.09053226e-04 8.31596903e-06]
CASCI converged
CASCI E = -112.650916842841  E(CI) = -1.70795289930930  S^2 = 0.0000000

******** <class 'pyscf.mcscf.casci.CASCI'> ********
CAS (1e+1e, 4o), ncore = 6, nvir = 18
natorb = False
canonicalization = True
sorting_mo_energy = False
max_memory 4000 MB (current use 177 MB)
******** <class 'pyscf.fci.direct_spin1.FCISolver'> ********
max. cycles = 200
conv_tol = 1e-08
davidson only = False
linear dependence = 1e-12
level shift = 0.001
max iter space = 12
max_memory 4000 MB
nroots = 1
pspace_size = 400
spin = None
Density matrix diagonal elements [1.98705426e+00 1.24099731e-02 1.10834771e-04 4.24933108e-04]
CASCI converged
CASCI E = -112.651782809345  E(CI) = -1.70881886581235  S^2 = 0.0000000

******** <class 'pyscf.mcscf.casci.CASCI'> ********
CAS (1e+1e, 4o), ncore = 6, nvir = 18
natorb = False
canonicalization = True
sorting_mo_energy = False
max_memory 4000 MB (current use 177 MB)
******** <class 'pyscf.fci.direct_spin1.FCISolver'> ********
max. cycles = 200
conv_tol = 1e-08
davidson only = False
linear dependence = 1e-12
level shift = 0.001
max iter space = 12
max_memory 4000 MB
nroots = 1
pspace_size = 400
spin = None
Density matrix diagonal elements [1.98312325e+00 1.51861560e-02 1.14338663e-04 1.57625230e-03]
CASCI converged
CASCI E = -112.654523111839  E(CI) = -1.71155916830678  S^2 = 0.0000000

******** <class 'pyscf.mcscf.casci.CASCI'> ********
CAS (1e+1e, 4o), ncore = 6, nvir = 18
natorb = False
canonicalization = True
sorting_mo_energy = False
max_memory 4000 MB (current use 177 MB)
******** <class 'pyscf.fci.direct_spin1.FCISolver'> ********
max. cycles = 200
conv_tol = 1e-08
davidson only = False
linear dependence = 1e-12
level shift = 0.001
max iter space = 12
max_memory 4000 MB
nroots = 1
pspace_size = 400
spin = None
Density matrix diagonal elements [1.98727505e+00 1.24012432e-02 1.13457423e-04 2.10254241e-04]
CASCI converged
CASCI E = -112.651499713562  E(CI) = -1.70853577003010  S^2 = 0.0000000

******** <class 'pyscf.mcscf.casci.CASCI'> ********
CAS (1e+1e, 4o), ncore = 6, nvir = 18
natorb = False
canonicalization = True
sorting_mo_energy = False
max_memory 4000 MB (current use 177 MB)
******** <class 'pyscf.fci.direct_spin1.FCISolver'> ********
max. cycles = 200
conv_tol = 1e-08
davidson only = False
linear dependence = 1e-12
level shift = 0.001
max iter space = 12
max_memory 4000 MB
nroots = 1
pspace_size = 400
spin = None
Density matrix diagonal elements [1.98739984e+00 1.24850189e-02 1.14979927e-04 1.58377773e-07]
CASCI converged
CASCI E = -112.650892277653  E(CI) = -1.70792833412094  S^2 = 0.0000000

******** <class 'pyscf.mcscf.casci.CASCI'> ********
CAS (1e+1e, 4o), ncore = 6, nvir = 18
natorb = False
canonicalization = True
sorting_mo_energy = False
max_memory 4000 MB (current use 177 MB)
******** <class 'pyscf.fci.direct_spin1.FCISolver'> ********
max. cycles = 200
conv_tol = 1e-08
davidson only = False
linear dependence = 1e-12
level shift = 0.001
max iter space = 12
max_memory 4000 MB
nroots = 1
pspace_size = 400
spin = None
Density matrix diagonal elements [1.98740185e+00 1.24709840e-02 1.21187724e-04 5.98301131e-06]
CASCI converged
CASCI E = -112.650921662628  E(CI) = -1.70795771909621  S^2 = 0.0000000

******** <class 'pyscf.mcscf.casci.CASCI'> ********
CAS (1e+1e, 4o), ncore = 6, nvir = 18
natorb = False
canonicalization = True
sorting_mo_energy = False
max_memory 4000 MB (current use 177 MB)
******** <class 'pyscf.fci.direct_spin1.FCISolver'> ********
max. cycles = 200
conv_tol = 1e-08
davidson only = False
linear dependence = 1e-12
level shift = 0.001
max iter space = 12
max_memory 4000 MB
nroots = 1
pspace_size = 400
spin = None
Density matrix diagonal elements [1.98739013e+00 1.24805625e-02 1.14715389e-04 1.45908307e-05]
CASCI converged
CASCI E = -112.650949116130  E(CI) = -1.70798517259774  S^2 = 0.0000000

******** <class 'pyscf.mcscf.casci.CASCI'> ********
CAS (1e+1e, 4o), ncore = 6, nvir = 18
natorb = False
canonicalization = True
sorting_mo_energy = False
max_memory 4000 MB (current use 177 MB)
******** <class 'pyscf.fci.direct_spin1.FCISolver'> ********
max. cycles = 200
conv_tol = 1e-08
davidson only = False
linear dependence = 1e-12
level shift = 0.001
max iter space = 12
max_memory 4000 MB
nroots = 1
pspace_size = 400
spin = None
Density matrix diagonal elements [1.98736832e+00 1.24748925e-02 1.15382858e-04 4.14043795e-05]
CASCI converged
CASCI E = -112.651064591953  E(CI) = -1.70810064842068  S^2 = 0.0000000

******** <class 'pyscf.mcscf.casci.CASCI'> ********
CAS (1e+1e, 4o), ncore = 6, nvir = 18
natorb = False
canonicalization = True
sorting_mo_energy = False
max_memory 4000 MB (current use 177 MB)
******** <class 'pyscf.fci.direct_spin1.FCISolver'> ********
max. cycles = 200
conv_tol = 1e-08
davidson only = False
linear dependence = 1e-12
level shift = 0.001
max iter space = 12
max_memory 4000 MB
nroots = 1
pspace_size = 400
spin = None
Density matrix diagonal elements [1.98739842e+00 1.24783244e-02 1.14944743e-04 8.31378400e-06]
CASCI converged
CASCI E = -112.650928500555  E(CI) = -1.70796455702239  S^2 = 0.0000000

******** <class 'pyscf.mcscf.casci.CASCI'> ********
CAS (1e+1e, 4o), ncore = 6, nvir = 18
natorb = False
canonicalization = True
sorting_mo_energy = False
max_memory 4000 MB (current use 177 MB)
******** <class 'pyscf.fci.direct_spin1.FCISolver'> ********
max. cycles = 200
conv_tol = 1e-08
davidson only = False
linear dependence = 1e-12
level shift = 0.001
max iter space = 12
max_memory 4000 MB
nroots = 1
pspace_size = 400
spin = None
Density matrix diagonal elements [1.98285015e+00 1.51651955e-02 4.18687891e-04 1.56597070e-03]
CASCI converged
CASCI E = -112.655173114399  E(CI) = -1.71220917086721  S^2 = 0.0000000

******** <class 'pyscf.mcscf.casci.CASCI'> ********
CAS (1e+1e, 4o), ncore = 6, nvir = 18
natorb = False
canonicalization = True
sorting_mo_energy = False
max_memory 4000 MB (current use 177 MB)
******** <class 'pyscf.fci.direct_spin1.FCISolver'> ********
max. cycles = 200
conv_tol = 1e-08
davidson only = False
linear dependence = 1e-12
level shift = 0.001
max iter space = 12
max_memory 4000 MB
nroots = 1
pspace_size = 400
spin = None
Density matrix diagonal elements [1.98694621e+00 1.24199713e-02 4.25231979e-04 2.08583623e-04]
CASCI converged
CASCI E = -112.652163812974  E(CI) = -1.70919986944192  S^2 = 0.0000000

******** <class 'pyscf.mcscf.casci.CASCI'> ********
CAS (1e+1e, 4o), ncore = 6, nvir = 18
natorb = False
canonicalization = True
sorting_mo_energy = False
max_memory 4000 MB (current use 177 MB)
******** <class 'pyscf.fci.direct_spin1.FCISolver'> ********
max. cycles = 200
conv_tol = 1e-08
davidson only = False
linear dependence = 1e-12
level shift = 0.001
max iter space = 12
max_memory 4000 MB
nroots = 1
pspace_size = 400
spin = None
Density matrix diagonal elements [1.98706134e+00 1.25097612e-02 4.28771272e-04 1.30781732e-07]
CASCI converged
CASCI E = -112.651561374371  E(CI) = -1.70859743083879  S^2 = 0.0000000

******** <class 'pyscf.mcscf.casci.CASCI'> ********
CAS (1e+1e, 4o), ncore = 6, nvir = 18
natorb = False
canonicalization = True
sorting_mo_energy = False
max_memory 4000 MB (current use 177 MB)
******** <class 'pyscf.fci.direct_spin1.FCISolver'> ********
max. cycles = 200
conv_tol = 1e-08
davidson only = False
linear dependence = 1e-12
level shift = 0.001
max iter space = 12
max_memory 4000 MB
nroots = 1
pspace_size = 400
spin = None
Density matrix diagonal elements [1.98705703e+00 1.25138993e-02 4.28707299e-04 3.58793988e-07]
CASCI converged
CASCI E = -112.651562095457  E(CI) = -1.70859815192470  S^2 = 0.0000000

******** <class 'pyscf.mcscf.casci.CASCI'> ********
CAS (1e+1e, 4o), ncore = 6, nvir = 18
natorb = False
canonicalization = True
sorting_mo_energy = False
max_memory 4000 MB (current use 177 MB)
******** <class 'pyscf.fci.direct_spin1.FCISolver'> ********
max. cycles = 200
conv_tol = 1e-08
davidson only = False
linear dependence = 1e-12
level shift = 0.001
max iter space = 12
max_memory 4000 MB
nroots = 1
pspace_size = 400
spin = None
Density matrix diagonal elements [1.98699775e+00 1.24949518e-02 4.64725103e-04 4.25738894e-05]
CASCI converged
CASCI E = -112.651774794714  E(CI) = -1.70881085118168  S^2 = 0.0000000

******** <class 'pyscf.mcscf.casci.CASCI'> ********
CAS (1e+1e, 4o), ncore = 6, nvir = 18
natorb = False
canonicalization = True
sorting_mo_energy = False
max_memory 4000 MB (current use 177 MB)
******** <class 'pyscf.fci.direct_spin1.FCISolver'> ********
max. cycles = 200
conv_tol = 1e-08
davidson only = False
linear dependence = 1e-12
level shift = 0.001
max iter space = 12
max_memory 4000 MB
nroots = 1
pspace_size = 400
spin = None
Density matrix diagonal elements [1.98703292e+00 1.24984320e-02 4.27896055e-04 4.07542080e-05]
CASCI converged
CASCI E = -112.651731079442  E(CI) = -1.70876713590994  S^2 = 0.0000000

******** <class 'pyscf.mcscf.casci.CASCI'> ********
CAS (1e+1e, 4o), ncore = 6, nvir = 18
natorb = False
canonicalization = True
sorting_mo_energy = False
max_memory 4000 MB (current use 177 MB)
******** <class 'pyscf.fci.direct_spin1.FCISolver'> ********
max. cycles = 200
conv_tol = 1e-08
davidson only = False
linear dependence = 1e-12
level shift = 0.001
max iter space = 12
max_memory 4000 MB
nroots = 1
pspace_size = 400
spin = None
Density matrix diagonal elements [1.98706050e+00 1.25027719e-02 4.28532863e-04 8.19589844e-06]
CASCI converged
CASCI E = -112.651597175944  E(CI) = -1.70863323241140  S^2 = 0.0000000

******** <class 'pyscf.mcscf.casci.CASCI'> ********
CAS (1e+1e, 4o), ncore = 6, nvir = 18
natorb = False
canonicalization = True
sorting_mo_energy = False
max_memory 4000 MB (current use 177 MB)
******** <class 'pyscf.fci.direct_spin1.FCISolver'> ********
max. cycles = 200
conv_tol = 1e-08
davidson only = False
linear dependence = 1e-12
level shift = 0.001
max iter space = 12
max_memory 4000 MB
nroots = 1
pspace_size = 400
spin = None
Density matrix diagonal elements [1.98307414e+00 1.51504412e-02 1.56924720e-03 2.06175493e-04]
CASCI converged
CASCI E = -112.654890451661  E(CI) = -1.71192650812847  S^2 = 0.0000000

******** <class 'pyscf.mcscf.casci.CASCI'> ********
CAS (1e+1e, 4o), ncore = 6, nvir = 18
natorb = False
canonicalization = True
sorting_mo_energy = False
max_memory 4000 MB (current use 177 MB)
******** <class 'pyscf.fci.direct_spin1.FCISolver'> ********
max. cycles = 200
conv_tol = 1e-08
davidson only = False
linear dependence = 1e-12
level shift = 0.001
max iter space = 12
max_memory 4000 MB
nroots = 1
pspace_size = 400
spin = None
Density matrix diagonal elements [1.98317639e+00 1.52474878e-02 1.57595400e-03 1.72554091e-07]
CASCI converged
CASCI E = -112.654294933777  E(CI) = -1.71133099024485  S^2 = 0.0000000

******** <class 'pyscf.mcscf.casci.CASCI'> ********
CAS (1e+1e, 4o), ncore = 6, nvir = 18
natorb = False
canonicalization = True
sorting_mo_energy = False
max_memory 4000 MB (current use 177 MB)
******** <class 'pyscf.fci.direct_spin1.FCISolver'> ********
max. cycles = 200
conv_tol = 1e-08
davidson only = False
linear dependence = 1e-12
level shift = 0.001
max iter space = 12
max_memory 4000 MB
nroots = 1
pspace_size = 400
spin = None
Density matrix diagonal elements [1.98316563e+00 1.52566828e-02 1.57676104e-03 9.29384581e-07]
CASCI converged
CASCI E = -112.654297328795  E(CI) = -1.71133338526263  S^2 = 0.0000000

******** <class 'pyscf.mcscf.casci.CASCI'> ********
CAS (1e+1e, 4o), ncore = 6, nvir = 18
natorb = False
canonicalization = True
sorting_mo_energy = False
max_memory 4000 MB (current use 177 MB)
******** <class 'pyscf.fci.direct_spin1.FCISolver'> ********
max. cycles = 200
conv_tol = 1e-08
davidson only = False
linear dependence = 1e-12
level shift = 0.001
max iter space = 12
max_memory 4000 MB
nroots = 1
pspace_size = 400
spin = None
Density matrix diagonal elements [1.98316700e+00 1.52429768e-02 1.57550683e-03 1.45157582e-05]
CASCI converged
CASCI E = -112.654351452181  E(CI) = -1.71138750864927  S^2 = 0.0000000

******** <class 'pyscf.mcscf.casci.CASCI'> ********
CAS (1e+1e, 4o), ncore = 6, nvir = 18
natorb = False
canonicalization = True
sorting_mo_energy = False
max_memory 4000 MB (current use 177 MB)
******** <class 'pyscf.fci.direct_spin1.FCISolver'> ********
max. cycles = 200
conv_tol = 1e-08
davidson only = False
linear dependence = 1e-12
level shift = 0.001
max iter space = 12
max_memory 4000 MB
nroots = 1
pspace_size = 400
spin = None
Density matrix diagonal elements [1.98304944e+00 1.52545954e-02 1.61718438e-03 7.87841124e-05]
CASCI converged
CASCI E = -112.654649177900  E(CI) = -1.71168523436809  S^2 = 0.0000000

******** <class 'pyscf.mcscf.casci.CASCI'> ********
CAS (1e+1e, 4o), ncore = 6, nvir = 18
natorb = False
canonicalization = True
sorting_mo_energy = False
max_memory 4000 MB (current use 177 MB)
******** <class 'pyscf.fci.direct_spin1.FCISolver'> ********
max. cycles = 200
conv_tol = 1e-08
davidson only = False
linear dependence = 1e-12
level shift = 0.001
max iter space = 12
max_memory 4000 MB
nroots = 1
pspace_size = 400
spin = None
Density matrix diagonal elements [1.98317464e+00 1.52409997e-02 1.57597588e-03 8.38264962e-06]
CASCI converged
CASCI E = -112.654331425177  E(CI) = -1.71136748164523  S^2 = 0.0000000

******** <class 'pyscf.mcscf.casci.CASCI'> ********
CAS (1e+1e, 4o), ncore = 6, nvir = 18
natorb = False
canonicalization = True
sorting_mo_energy = False
max_memory 4000 MB (current use 177 MB)
******** <class 'pyscf.fci.direct_spin1.FCISolver'> ********
max. cycles = 200
conv_tol = 1e-08
davidson only = False
linear dependence = 1e-12
level shift = 0.001
max iter space = 12
max_memory 4000 MB
nroots = 1
pspace_size = 400
spin = None
Density matrix diagonal elements [1.98729742e+00 1.24912826e-02 2.11156422e-04 1.44993018e-07]
CASCI converged
CASCI E = -112.651272411163  E(CI) = -1.70830846763047  S^2 = 0.0000000

******** <class 'pyscf.mcscf.casci.CASCI'> ********
CAS (1e+1e, 4o), ncore = 6, nvir = 18
natorb = False
canonicalization = True
sorting_mo_energy = False
max_memory 4000 MB (current use 177 MB)
******** <class 'pyscf.fci.direct_spin1.FCISolver'> ********
max. cycles = 200
conv_tol = 1e-08
davidson only = False
linear dependence = 1e-12
level shift = 0.001
max iter space = 12
max_memory 4000 MB
nroots = 1
pspace_size = 400
spin = None
Density matrix diagonal elements [1.98729263e+00 1.24957988e-02 2.11154660e-04 4.16028042e-07]
CASCI converged
CASCI E = -112.651273269213  E(CI) = -1.70830932568049  S^2 = 0.0000000

******** <class 'pyscf.mcscf.casci.CASCI'> ********
CAS (1e+1e, 4o), ncore = 6, nvir = 18
natorb = False
canonicalization = True
sorting_mo_energy = False
max_memory 4000 MB (current use 177 MB)
******** <class 'pyscf.fci.direct_spin1.FCISolver'> ********
max. cycles = 200
conv_tol = 1e-08
davidson only = False
linear dependence = 1e-12
level shift = 0.001
max iter space = 12
max_memory 4000 MB
nroots = 1
pspace_size = 400
spin = None
Density matrix diagonal elements [1.98728782e+00 1.24866730e-02 2.10947525e-04 1.45610830e-05]
CASCI converged
CASCI E = -112.651329181868  E(CI) = -1.70836523833590  S^2 = 0.0000000

******** <class 'pyscf.mcscf.casci.CASCI'> ********
CAS (1e+1e, 4o), ncore = 6, nvir = 18
natorb = False
canonicalization = True
sorting_mo_energy = False
max_memory 4000 MB (current use 177 MB)
******** <class 'pyscf.fci.direct_spin1.FCISolver'> ********
max. cycles = 200
conv_tol = 1e-08
davidson only = False
linear dependence = 1e-12
level shift = 0.001
max iter space = 12
max_memory 4000 MB
nroots = 1
pspace_size = 400
spin = None
Density matrix diagonal elements [1.98726742e+00 1.24801306e-02 2.11213773e-04 4.12399188e-05]
CASCI converged
CASCI E = -112.651444106744  E(CI) = -1.70848016321219  S^2 = 0.0000000

******** <class 'pyscf.mcscf.casci.CASCI'> ********
CAS (1e+1e, 4o), ncore = 6, nvir = 18
natorb = False
canonicalization = True
sorting_mo_energy = False
max_memory 4000 MB (current use 177 MB)
******** <class 'pyscf.fci.direct_spin1.FCISolver'> ********
max. cycles = 200
conv_tol = 1e-08
davidson only = False
linear dependence = 1e-12
level shift = 0.001
max iter space = 12
max_memory 4000 MB
nroots = 1
pspace_size = 400
spin = None
Density matrix diagonal elements [1.98728058e+00 1.24852128e-02 2.19025918e-04 1.51784454e-05]
CASCI converged
CASCI E = -112.651355723818  E(CI) = -1.70839178028571  S^2 = 0.0000000

******** <class 'pyscf.mcscf.casci.CASCI'> ********
CAS (1e+1e, 4o), ncore = 6, nvir = 18
natorb = False
canonicalization = True
sorting_mo_energy = False
max_memory 4000 MB (current use 177 MB)
******** <class 'pyscf.fci.direct_spin1.FCISolver'> ********
max. cycles = 200
conv_tol = 1e-08
davidson only = False
linear dependence = 1e-12
level shift = 0.001
max iter space = 12
max_memory 4000 MB
nroots = 1
pspace_size = 400
spin = None
Density matrix diagonal elements [1.98741280e+00 1.25866064e-02 1.58725419e-07 4.31159537e-07]
CASCI converged
CASCI E = -112.650663567597  E(CI) = -1.70769962406503  S^2 = 0.0000000

******** <class 'pyscf.mcscf.casci.CASCI'> ********
CAS (1e+1e, 4o), ncore = 6, nvir = 18
natorb = False
canonicalization = True
sorting_mo_energy = False
max_memory 4000 MB (current use 177 MB)
******** <class 'pyscf.fci.direct_spin1.FCISolver'> ********
max. cycles = 200
conv_tol = 1e-08
davidson only = False
linear dependence = 1e-12
level shift = 0.001
max iter space = 12
max_memory 4000 MB
nroots = 1
pspace_size = 400
spin = None
Density matrix diagonal elements [1.98740732e+00 1.25778177e-02 1.45833377e-07 1.47140170e-05]
CASCI converged
CASCI E = -112.650720025692  E(CI) = -1.70775608215958  S^2 = 0.0000000

******** <class 'pyscf.mcscf.casci.CASCI'> ********
CAS (1e+1e, 4o), ncore = 6, nvir = 18
natorb = False
canonicalization = True
sorting_mo_energy = False
max_memory 4000 MB (current use 177 MB)
******** <class 'pyscf.fci.direct_spin1.FCISolver'> ********
max. cycles = 200
conv_tol = 1e-08
davidson only = False
linear dependence = 1e-12
level shift = 0.001
max iter space = 12
max_memory 4000 MB
nroots = 1
pspace_size = 400
spin = None
Density matrix diagonal elements [1.98738773e+00 1.25709135e-02 1.48358405e-07 4.12111271e-05]
CASCI converged
CASCI E = -112.650834175347  E(CI) = -1.70787023181460  S^2 = 0.0000000

******** <class 'pyscf.mcscf.casci.CASCI'> ********
CAS (1e+1e, 4o), ncore = 6, nvir = 18
natorb = False
canonicalization = True
sorting_mo_energy = False
max_memory 4000 MB (current use 177 MB)
******** <class 'pyscf.fci.direct_spin1.FCISolver'> ********
max. cycles = 200
conv_tol = 1e-08
davidson only = False
linear dependence = 1e-12
level shift = 0.001
max iter space = 12
max_memory 4000 MB
nroots = 1
pspace_size = 400
spin = None
Density matrix diagonal elements [1.98741609e+00 1.25754373e-02 1.49475391e-07 8.32255473e-06]
CASCI converged
CASCI E = -112.650698965724  E(CI) = -1.70773502219193  S^2 = 0.0000000

******** <class 'pyscf.mcscf.casci.CASCI'> ********
CAS (1e+1e, 4o), ncore = 6, nvir = 18
natorb = False
canonicalization = True
sorting_mo_energy = False
max_memory 4000 MB (current use 177 MB)
******** <class 'pyscf.fci.direct_spin1.FCISolver'> ********
max. cycles = 200
conv_tol = 1e-08
davidson only = False
linear dependence = 1e-12
level shift = 0.001
max iter space = 12
max_memory 4000 MB
nroots = 1
pspace_size = 400
spin = None
Density matrix diagonal elements [1.98740254e+00 1.25823301e-02 4.15632041e-07 1.47118969e-05]
CASCI converged
CASCI E = -112.650720878702  E(CI) = -1.70775693517025  S^2 = 0.0000000

******** <class 'pyscf.mcscf.casci.CASCI'> ********
CAS (1e+1e, 4o), ncore = 6, nvir = 18
natorb = False
canonicalization = True
sorting_mo_energy = False
max_memory 4000 MB (current use 177 MB)
******** <class 'pyscf.fci.direct_spin1.FCISolver'> ********
max. cycles = 200
conv_tol = 1e-08
davidson only = False
linear dependence = 1e-12
level shift = 0.001
max iter space = 12
max_memory 4000 MB
nroots = 1
pspace_size = 400
spin = None
Density matrix diagonal elements [1.98738320e+00 1.25752142e-02 3.96360962e-07 4.11934545e-05]
CASCI converged
CASCI E = -112.650834959478  E(CI) = -1.70787101594557  S^2 = 0.0000000

******** <class 'pyscf.mcscf.casci.CASCI'> ********
CAS (1e+1e, 4o), ncore = 6, nvir = 18
natorb = False
canonicalization = True
sorting_mo_energy = False
max_memory 4000 MB (current use 177 MB)
******** <class 'pyscf.fci.direct_spin1.FCISolver'> ********
max. cycles = 200
conv_tol = 1e-08
davidson only = False
linear dependence = 1e-12
level shift = 0.001
max iter space = 12
max_memory 4000 MB
nroots = 1
pspace_size = 400
spin = None
Density matrix diagonal elements [1.98741003e+00 1.25811682e-02 4.50529410e-07 8.35132992e-06]
CASCI converged
CASCI E = -112.650700053754  E(CI) = -1.70773611022183  S^2 = 0.0000000

******** <class 'pyscf.mcscf.casci.CASCI'> ********
CAS (1e+1e, 4o), ncore = 6, nvir = 18
natorb = False
canonicalization = True
sorting_mo_energy = False
max_memory 4000 MB (current use 177 MB)
******** <class 'pyscf.fci.direct_spin1.FCISolver'> ********
max. cycles = 200
conv_tol = 1e-08
davidson only = False
linear dependence = 1e-12
level shift = 0.001
max iter space = 12
max_memory 4000 MB
nroots = 1
pspace_size = 400
spin = None
Density matrix diagonal elements [1.98737776e+00 1.25665387e-02 1.46039917e-05 4.11014176e-05]
CASCI converged
CASCI E = -112.650891099683  E(CI) = -1.70792715615086  S^2 = 0.0000000

******** <class 'pyscf.mcscf.casci.CASCI'> ********
CAS (1e+1e, 4o), ncore = 6, nvir = 18
natorb = False
canonicalization = True
sorting_mo_energy = False
max_memory 4000 MB (current use 177 MB)
******** <class 'pyscf.fci.direct_spin1.FCISolver'> ********
max. cycles = 200
conv_tol = 1e-08
davidson only = False
linear dependence = 1e-12
level shift = 0.001
max iter space = 12
max_memory 4000 MB
nroots = 1
pspace_size = 400
spin = None
Density matrix diagonal elements [1.98740611e+00 1.25709527e-02 1.46630833e-05 8.27447656e-06]
CASCI converged
CASCI E = -112.650756118044  E(CI) = -1.70779217451206  S^2 = 0.0000000

******** <class 'pyscf.mcscf.casci.CASCI'> ********
CAS (1e+1e, 4o), ncore = 6, nvir = 18
natorb = False
canonicalization = True
sorting_mo_energy = False
max_memory 4000 MB (current use 177 MB)
******** <class 'pyscf.fci.direct_spin1.FCISolver'> ********
max. cycles = 200
conv_tol = 1e-08
davidson only = False
linear dependence = 1e-12
level shift = 0.001
max iter space = 12
max_memory 4000 MB
nroots = 1
pspace_size = 400
spin = None
Density matrix diagonal elements [1.98738641e+00 1.25641477e-02 4.11610334e-05 8.27646411e-06]
CASCI converged
CASCI E = -112.650870268060  E(CI) = -1.70790632452830  S^2 = 0.0000000
two-all : -0.1160023109703161
Total time for MBECAS:  274.7192976474762
