This binary contains symmetries: 2u1pg su2u1pg 
DMRG version 3.1.1
Temporary storage enabled in ./tmp//storage_temp_6451d47c242a/
The hamiltonian will contain 765 terms
MPO Bond 0: 56/20
MPO Bond 1: 62/23
MPO Bond 2: 76/30
MPO Bond 3: 87/36
MPO Bond 4: 68/31
MPO Bond 5: 10/3
MPO Bond 6: 1/0
Right end: <8,0,0>
MPS initialization has finished...
Expecting 0 states to orthogonalize to.
Boundaries are partially initialized...
Boundaries are fully initialized...
Done init_left_right
TSMPOTensor: 1x62,  62 operators, 60 tags
TSMPOTensor: 56x76,  198 operators, 121 tags
TSMPOTensor: 62x87,  265 operators, 152 tags
TSMPOTensor: 76x68,  293 operators, 154 tags
TSMPOTensor: 87x10,  171 operators, 138 tags
TSMPOTensor: 68x1,  68 operators, 52 tags
Total number of tags: 677

Sweep 0, optimizing sites 0 and 1
JCD used 10 iterations.
Time elapsed in JCD: 0.0033689
Energy 1 -110.958005964482
Sum: 4 -> 3
Time elapsed in TRUNC: 5.875e-05
Propagating t with norm 1
Memory usage : 11819256 389560 
Sweep has been running for 0.00413808 seconds.

Sweep 0, optimizing sites 1 and 2
JCD used 10 iterations.
Time elapsed in JCD: 0.0146625
Energy 1 -111.718406105413
Sum: 12 -> 10
Time elapsed in TRUNC: 7.529e-05
Propagating t with norm 1
Memory usage : 11819256 389560 
Sweep has been running for 0.0196517 seconds.

Sweep 0, optimizing sites 2 and 3
JCD used 10 iterations.
Time elapsed in JCD: 0.0345173
Energy 1 -112.547306216029
Sum: 40 -> 35
Time elapsed in TRUNC: 0.000134681
Propagating t with norm 1
Memory usage : 11819256 389824 
Sweep has been running for 0.0556137 seconds.

Sweep 0, optimizing sites 3 and 4
JCD used 10 iterations.
Time elapsed in JCD: 0.0351766
Energy 1 -112.701231282787
Sum: 40 -> 35
Time elapsed in TRUNC: 0.000125421
Propagating t with norm 1
Memory usage : 11819256 390088 
Sweep has been running for 0.0931772 seconds.

Sweep 0, optimizing sites 4 and 5
JCD used 10 iterations.
Time elapsed in JCD: 0.0118056
Energy 1 -112.701257550576
Sum: 12 -> 10
Time elapsed in TRUNC: 7.4171e-05
Propagating t with norm 1
Memory usage : 11819256 390088 
Sweep has been running for 0.106335 seconds.

Sweep 0, optimizing sites 5 and 6
JCD used 5 iterations.
Time elapsed in JCD: 0.00152689
Energy 1 -112.701257546032
Sum: 4 -> 3
Time elapsed in TRUNC: 3.27e-05
Propagating t with norm 1
Memory usage : 11819256 390088 
Sweep has been running for 0.10835 seconds.

Sweep 0, optimizing sites 5 and 6
JCD used 1 iterations.
Time elapsed in JCD: 0.000226971
Energy -1 -112.701257548048
Sum: 4 -> 3
Time elapsed in TRUNC: 3.3651e-05
Propagating t with norm 1
Memory usage : 11819256 390088 
Sweep has been running for 0.108958 seconds.

Sweep 0, optimizing sites 4 and 5
JCD used 10 iterations.
Time elapsed in JCD: 0.0122341
Energy -1 -112.701257551992
Sum: 12 -> 10
Time elapsed in TRUNC: 7.6171e-05
Propagating t with norm 1
Memory usage : 11819256 390088 
Sweep has been running for 0.122178 seconds.

Sweep 0, optimizing sites 3 and 4
JCD used 10 iterations.
Time elapsed in JCD: 0.0353376
Energy -1 -112.701268930537
Sum: 40 -> 35
Time elapsed in TRUNC: 0.000123751
Propagating t with norm 1
Memory usage : 11819256 390088 
Sweep has been running for 0.15908 seconds.

Sweep 0, optimizing sites 2 and 3
JCD used 10 iterations.
Time elapsed in JCD: 0.0371768
Energy -1 -112.701268936635
Sum: 40 -> 35
Time elapsed in TRUNC: 0.000123351
Propagating t with norm 1
Memory usage : 11819256 390220 
Sweep has been running for 0.198551 seconds.

Sweep 0, optimizing sites 1 and 2
JCD used 4 iterations.
Time elapsed in JCD: 0.00634924
Energy -1 -112.701268932616
Sum: 12 -> 10
Time elapsed in TRUNC: 7.1121e-05
Propagating t with norm 1
Memory usage : 11819256 390220 
Sweep has been running for 0.206359 seconds.

Sweep 0, optimizing sites 0 and 1
JCD used 1 iterations.
Time elapsed in JCD: 0.000339383
Energy -1 -112.701268935993
Sum: 4 -> 3
Time elapsed in TRUNC: 2.982e-05
Propagating t with norm 1
Memory usage : 11819256 390220 
Sweep has been running for 0.207531 seconds.

Sweep 1, optimizing sites 0 and 1
JCD used 1 iterations.
Time elapsed in JCD: 0.000355712
Energy 1 -112.701268935993
Sum: 4 -> 3
Time elapsed in TRUNC: 3.246e-05
Propagating t with norm 1
Memory usage : 11819256 391416 
Sweep has been running for 0.000801006 seconds.

Sweep 1, optimizing sites 1 and 2
JCD used 1 iterations.
Time elapsed in JCD: 0.00171715
Energy 1 -112.701268935993
Sum: 12 -> 10
Time elapsed in TRUNC: 7.2221e-05
Propagating t with norm 1
Memory usage : 11819256 391416 
Sweep has been running for 0.00350007 seconds.

Sweep 1, optimizing sites 2 and 3
JCD used 5 iterations.
Time elapsed in JCD: 0.0189653
Energy 1 -112.701268936313
Sum: 40 -> 35
Time elapsed in TRUNC: 0.000122271
Propagating t with norm 1
Memory usage : 11819256 391416 
Sweep has been running for 0.0242844 seconds.

Sweep 1, optimizing sites 3 and 4
JCD used 1 iterations.
Time elapsed in JCD: 0.00430291
Energy 1 -112.701268935993
Sum: 40 -> 35
Time elapsed in TRUNC: 0.000119731
Propagating t with norm 1
Memory usage : 11819256 391416 
Sweep has been running for 0.0313074 seconds.

Sweep 1, optimizing sites 4 and 5
JCD used 1 iterations.
Time elapsed in JCD: 0.00213471
Energy 1 -112.701268935993
Sum: 12 -> 10
Time elapsed in TRUNC: 7.841e-05
Propagating t with norm 1
Memory usage : 11819256 391416 
Sweep has been running for 0.0350159 seconds.

Sweep 1, optimizing sites 5 and 6
JCD used 1 iterations.
Time elapsed in JCD: 0.000559224
Energy 1 -112.701268935993
Sum: 4 -> 3
Time elapsed in TRUNC: 3.7211e-05
Propagating t with norm 1
Memory usage : 11819256 391416 
Sweep has been running for 0.0363886 seconds.

Sweep 1, optimizing sites 5 and 6
JCD used 1 iterations.
Time elapsed in JCD: 0.000224171
Energy -1 -112.701268935993
Sum: 4 -> 3
Time elapsed in TRUNC: 2.886e-05
Propagating t with norm 1
Memory usage : 11819256 391416 
Sweep has been running for 0.036979 seconds.

Sweep 1, optimizing sites 4 and 5
JCD used 1 iterations.
Time elapsed in JCD: 0.00174526
Energy -1 -112.701268935993
Sum: 12 -> 10
Time elapsed in TRUNC: 7.4391e-05
Propagating t with norm 1
Memory usage : 11819256 391416 
Sweep has been running for 0.0396822 seconds.

Sweep 1, optimizing sites 3 and 4
JCD used 1 iterations.
Time elapsed in JCD: 0.00449084
Energy -1 -112.701268935993
Sum: 40 -> 35
Time elapsed in TRUNC: 0.000121941
Propagating t with norm 1
Memory usage : 11819256 391416 
Sweep has been running for 0.0459706 seconds.

Sweep 1, optimizing sites 2 and 3
JCD used 1 iterations.
Time elapsed in JCD: 0.00391808
Energy -1 -112.701268935993
Sum: 40 -> 35
Time elapsed in TRUNC: 0.000121571
Propagating t with norm 1
Memory usage : 11819256 391416 
Sweep has been running for 0.0526297 seconds.

Sweep 1, optimizing sites 1 and 2
JCD used 1 iterations.
Time elapsed in JCD: 0.00263475
Energy -1 -112.701268935993
Sum: 12 -> 10
Time elapsed in TRUNC: 7.689e-05
Propagating t with norm 1
Memory usage : 11819256 391416 
Sweep has been running for 0.0571933 seconds.

Sweep 1, optimizing sites 0 and 1
JCD used 1 iterations.
Time elapsed in JCD: 0.000327213
Energy -1 -112.701268935993
Sum: 4 -> 3
Time elapsed in TRUNC: 2.927e-05
Propagating t with norm 1
Memory usage : 11819256 391416 
Sweep has been running for 0.0581131 seconds.
Right end: <4,4,0>
Measuring Nup
Measuring Ndown
Measuring Nupdown
Measuring dm_up
 measuring in 2u1 version of tagged_nrank 
Measuring dm_down
 measuring in 2u1 version of tagged_nrank 
Measuring nupnup
 measuring in 2u1 version of tagged_nrank 
Measuring nupndown
 measuring in 2u1 version of tagged_nrank 
Measuring ndownnup
 measuring in 2u1 version of tagged_nrank 
Measuring ndownndown
 measuring in 2u1 version of tagged_nrank 
Measuring doccdocc
 measuring in 2u1 version of tagged_nrank 
Measuring transfer_up_while_down
 measuring in 2u1 version of tagged_nrank 
Measuring transfer_down_while_up
 measuring in 2u1 version of tagged_nrank 
Measuring transfer_up_while_down_at_2
 measuring in 2u1 version of tagged_nrank 
Measuring transfer_up_while_down_at_1
 measuring in 2u1 version of tagged_nrank 
Measuring transfer_down_while_up_at_2
 measuring in 2u1 version of tagged_nrank 
Measuring transfer_down_while_up_at_1
 measuring in 2u1 version of tagged_nrank 
Measuring transfer_pair
 measuring in 2u1 version of tagged_nrank 
Measuring spinflip
 measuring in 2u1 version of tagged_nrank 
Measuring nupdocc
 measuring in 2u1 version of tagged_nrank 
Measuring ndowndocc
 measuring in 2u1 version of tagged_nrank 
Measuring doccnup
 measuring in 2u1 version of tagged_nrank 
Measuring doccndown
 measuring in 2u1 version of tagged_nrank 
Measuring splus_sminus
 measuring in 2u1 version of tagged_nrank 
This binary contains symmetries: 2u1pg su2u1pg 
DMRG version 3.1.1
Temporary storage enabled in ./tmp//storage_temp_7d5bd55890a8/
The hamiltonian will contain 761 terms
MPO Bond 0: 56/20
MPO Bond 1: 62/23
MPO Bond 2: 76/30
MPO Bond 3: 82/33
MPO Bond 4: 80/32
MPO Bond 5: 10/3
MPO Bond 6: 1/0
Right end: <8,0,0>
MPS initialization has finished...
Expecting 0 states to orthogonalize to.
Boundaries are partially initialized...
Boundaries are fully initialized...
Done init_left_right
TSMPOTensor: 1x62,  62 operators, 60 tags
TSMPOTensor: 56x76,  188 operators, 115 tags
TSMPOTensor: 62x82,  261 operators, 138 tags
TSMPOTensor: 76x80,  292 operators, 187 tags
TSMPOTensor: 82x10,  191 operators, 116 tags
TSMPOTensor: 80x1,  80 operators, 56 tags
Total number of tags: 672

Sweep 0, optimizing sites 0 and 1
JCD used 10 iterations.
Time elapsed in JCD: 0.0031833
Energy 1 -111.536052444313
Sum: 4 -> 3
Time elapsed in TRUNC: 4.249e-05
Propagating t with norm 1
Memory usage : 11819256 391436 
Sweep has been running for 0.0171309 seconds.

Sweep 0, optimizing sites 1 and 2
JCD used 10 iterations.
Time elapsed in JCD: 0.0150765
Energy 1 -112.188998228633
Sum: 12 -> 10
Time elapsed in TRUNC: 7.343e-05
Propagating t with norm 1
Memory usage : 11819256 391436 
Sweep has been running for 0.0329725 seconds.

Sweep 0, optimizing sites 2 and 3
JCD used 10 iterations.
Time elapsed in JCD: 0.0327314
Energy 1 -112.531412325323
Sum: 40 -> 35
Time elapsed in TRUNC: 0.000136461
Propagating t with norm 1
Memory usage : 11819256 391436 
Sweep has been running for 0.0671057 seconds.

Sweep 0, optimizing sites 3 and 4
JCD used 10 iterations.
Time elapsed in JCD: 0.0346854
Energy 1 -112.701267782789
Sum: 40 -> 35
Time elapsed in TRUNC: 0.000121041
Propagating t with norm 1
Memory usage : 11819256 391436 
Sweep has been running for 0.103948 seconds.

Sweep 0, optimizing sites 4 and 5
JCD used 10 iterations.
Time elapsed in JCD: 0.011807
Energy 1 -112.701268861849
Sum: 12 -> 10
Time elapsed in TRUNC: 7.492e-05
Propagating t with norm 1
Memory usage : 11819256 391436 
Sweep has been running for 0.117319 seconds.

Sweep 0, optimizing sites 5 and 6
JCD used 5 iterations.
Time elapsed in JCD: 0.00120093
Energy 1 -112.701268859572
Sum: 4 -> 3
Time elapsed in TRUNC: 3.106e-05
Propagating t with norm 1
Memory usage : 11819256 391436 
Sweep has been running for 0.118993 seconds.

Sweep 0, optimizing sites 5 and 6
JCD used 1 iterations.
Time elapsed in JCD: 0.000244732
Energy -1 -112.701268860075
Sum: 4 -> 3
Time elapsed in TRUNC: 2.925e-05
Propagating t with norm 1
Memory usage : 11819256 391436 
Sweep has been running for 0.119595 seconds.

Sweep 0, optimizing sites 4 and 5
JCD used 9 iterations.
Time elapsed in JCD: 0.0101674
Energy -1 -112.701268862103
Sum: 12 -> 10
Time elapsed in TRUNC: 0.000236062
Propagating t with norm 1
Memory usage : 11819256 391436 
Sweep has been running for 0.130849 seconds.

Sweep 0, optimizing sites 3 and 4
JCD used 10 iterations.
Time elapsed in JCD: 0.0362931
Energy -1 -112.701268938876
Sum: 40 -> 35
Time elapsed in TRUNC: 0.000121341
Propagating t with norm 1
Memory usage : 11819256 391436 
Sweep has been running for 0.168694 seconds.

Sweep 0, optimizing sites 2 and 3
JCD used 7 iterations.
Time elapsed in JCD: 0.0244918
Energy -1 -112.70126893523
Sum: 40 -> 35
Time elapsed in TRUNC: 0.000123141
Propagating t with norm 1
Memory usage : 11819256 391436 
Sweep has been running for 0.195384 seconds.

Sweep 0, optimizing sites 1 and 2
JCD used 1 iterations.
Time elapsed in JCD: 0.00150682
Energy -1 -112.701268935993
Sum: 12 -> 10
Time elapsed in TRUNC: 6.6831e-05
Propagating t with norm 1
Memory usage : 11819256 391436 
Sweep has been running for 0.198327 seconds.

Sweep 0, optimizing sites 0 and 1
JCD used 1 iterations.
Time elapsed in JCD: 0.000344752
Energy -1 -112.701268935993
Sum: 4 -> 3
Time elapsed in TRUNC: 2.943e-05
Propagating t with norm 1
Memory usage : 11819256 391436 
Sweep has been running for 0.200493 seconds.

Sweep 1, optimizing sites 0 and 1
JCD used 1 iterations.
Time elapsed in JCD: 0.000343633
Energy 1 -112.701268935993
Sum: 4 -> 3
Time elapsed in TRUNC: 3.313e-05
Propagating t with norm 1
Memory usage : 11819256 391436 
Sweep has been running for 0.000950677 seconds.

Sweep 1, optimizing sites 1 and 2
JCD used 1 iterations.
Time elapsed in JCD: 0.00197448
Energy 1 -112.701268935993
Sum: 12 -> 10
Time elapsed in TRUNC: 7.1091e-05
Propagating t with norm 1
Memory usage : 11819256 391436 
Sweep has been running for 0.00386616 seconds.

Sweep 1, optimizing sites 2 and 3
JCD used 1 iterations.
Time elapsed in JCD: 0.00405341
Energy 1 -112.701268935993
Sum: 40 -> 35
Time elapsed in TRUNC: 0.000164172
Propagating t with norm 1
Memory usage : 11819256 391436 
Sweep has been running for 0.00941865 seconds.

Sweep 1, optimizing sites 3 and 4
JCD used 1 iterations.
Time elapsed in JCD: 0.0041233
Energy 1 -112.701268935993
Sum: 40 -> 35
Time elapsed in TRUNC: 0.000120091
Propagating t with norm 1
Memory usage : 11819256 391436 
Sweep has been running for 0.0161539 seconds.

Sweep 1, optimizing sites 4 and 5
JCD used 1 iterations.
Time elapsed in JCD: 0.00175402
Energy 1 -112.701268935993
Sum: 12 -> 10
Time elapsed in TRUNC: 8.6331e-05
Propagating t with norm 1
Memory usage : 11819256 391436 
Sweep has been running for 0.0195491 seconds.

Sweep 1, optimizing sites 5 and 6
JCD used 1 iterations.
Time elapsed in JCD: 0.000254692
Energy 1 -112.701268935993
Sum: 4 -> 3
Time elapsed in TRUNC: 3.089e-05
Propagating t with norm 1
Memory usage : 11819256 391436 
Sweep has been running for 0.0204085 seconds.

Sweep 1, optimizing sites 5 and 6
JCD used 1 iterations.
Time elapsed in JCD: 0.000254622
Energy -1 -112.701268935993
Sum: 4 -> 3
Time elapsed in TRUNC: 3.004e-05
Propagating t with norm 1
Memory usage : 11819256 391436 
Sweep has been running for 0.021145 seconds.

Sweep 1, optimizing sites 4 and 5
JCD used 1 iterations.
Time elapsed in JCD: 0.00145456
Energy -1 -112.701268935993
Sum: 12 -> 10
Time elapsed in TRUNC: 7.4151e-05
Propagating t with norm 1
Memory usage : 11819256 391436 
Sweep has been running for 0.0236689 seconds.

Sweep 1, optimizing sites 3 and 4
JCD used 1 iterations.
Time elapsed in JCD: 0.00369185
Energy -1 -112.701268935993
Sum: 40 -> 35
Time elapsed in TRUNC: 0.000120271
Propagating t with norm 1
Memory usage : 11819256 391436 
Sweep has been running for 0.0289278 seconds.

Sweep 1, optimizing sites 2 and 3
JCD used 1 iterations.
Time elapsed in JCD: 0.00353708
Energy -1 -112.701268935993
Sum: 40 -> 35
Time elapsed in TRUNC: 0.000122241
Propagating t with norm 1
Memory usage : 11819256 391436 
Sweep has been running for 0.0347922 seconds.

Sweep 1, optimizing sites 1 and 2
JCD used 1 iterations.
Time elapsed in JCD: 0.00204923
Energy -1 -112.701268935993
Sum: 12 -> 10
Time elapsed in TRUNC: 7.451e-05
Propagating t with norm 1
Memory usage : 11819256 391436 
Sweep has been running for 0.0383478 seconds.

Sweep 1, optimizing sites 0 and 1
JCD used 1 iterations.
Time elapsed in JCD: 0.000371423
Energy -1 -112.701268935993
Sum: 4 -> 3
Time elapsed in TRUNC: 3.041e-05
Propagating t with norm 1
Memory usage : 11819256 391436 
Sweep has been running for 0.0393166 seconds.

Sweep 2, optimizing sites 0 and 1
JCD used 1 iterations.
Time elapsed in JCD: 0.000338163
Energy 1 -112.701268935993
Sum: 4 -> 3
Time elapsed in TRUNC: 3.193e-05
Propagating t with norm 1
Memory usage : 11819256 391456 
Sweep has been running for 0.000760466 seconds.

Sweep 2, optimizing sites 1 and 2
JCD used 1 iterations.
Time elapsed in JCD: 0.00152261
Energy 1 -112.701268935993
Sum: 12 -> 10
Time elapsed in TRUNC: 6.8451e-05
Propagating t with norm 1
Memory usage : 11819256 391456 
Sweep has been running for 0.00315213 seconds.

Sweep 2, optimizing sites 2 and 3
JCD used 1 iterations.
Time elapsed in JCD: 0.00352025
Energy 1 -112.701268935993
Sum: 40 -> 35
Time elapsed in TRUNC: 0.000286312
Propagating t with norm 1
Memory usage : 11819256 391456 
Sweep has been running for 0.00874543 seconds.

Sweep 2, optimizing sites 3 and 4
JCD used 1 iterations.
Time elapsed in JCD: 0.00383458
Energy 1 -112.701268935993
Sum: 40 -> 35
Time elapsed in TRUNC: 0.000118491
Propagating t with norm 1
Memory usage : 11819256 391456 
Sweep has been running for 0.0148498 seconds.

Sweep 2, optimizing sites 4 and 5
JCD used 1 iterations.
Time elapsed in JCD: 0.00162201
Energy 1 -112.701268935993
Sum: 12 -> 10
Time elapsed in TRUNC: 7.214e-05
Propagating t with norm 1
Memory usage : 11819256 391456 
Sweep has been running for 0.0182504 seconds.

Sweep 2, optimizing sites 5 and 6
JCD used 1 iterations.
Time elapsed in JCD: 0.000264292
Energy 1 -112.701268935993
Sum: 4 -> 3
Time elapsed in TRUNC: 3.0741e-05
Propagating t with norm 1
Memory usage : 11819256 391456 
Sweep has been running for 0.0189889 seconds.

Sweep 2, optimizing sites 5 and 6
JCD used 1 iterations.
Time elapsed in JCD: 0.000260202
Energy -1 -112.701268935993
Sum: 4 -> 3
Time elapsed in TRUNC: 3.035e-05
Propagating t with norm 1
Memory usage : 11819256 391456 
Sweep has been running for 0.019715 seconds.

Sweep 2, optimizing sites 4 and 5
JCD used 1 iterations.
Time elapsed in JCD: 0.00139456
Energy -1 -112.701268935993
Sum: 12 -> 10
Time elapsed in TRUNC: 7.5951e-05
Propagating t with norm 1
Memory usage : 11819256 391456 
Sweep has been running for 0.0221543 seconds.

Sweep 2, optimizing sites 3 and 4
JCD used 1 iterations.
Time elapsed in JCD: 0.00369511
Energy -1 -112.701268935993
Sum: 40 -> 35
Time elapsed in TRUNC: 0.000119711
Propagating t with norm 1
Memory usage : 11819256 391456 
Sweep has been running for 0.0274255 seconds.

Sweep 2, optimizing sites 2 and 3
JCD used 1 iterations.
Time elapsed in JCD: 0.00353862
Energy -1 -112.701268935993
Sum: 40 -> 35
Time elapsed in TRUNC: 0.000121681
Propagating t with norm 1
Memory usage : 11819256 391456 
Sweep has been running for 0.0334231 seconds.

Sweep 2, optimizing sites 1 and 2
JCD used 1 iterations.
Time elapsed in JCD: 0.00167752
Energy -1 -112.701268935993
Sum: 12 -> 10
Time elapsed in TRUNC: 6.7491e-05
Propagating t with norm 1
Memory usage : 11819256 391456 
Sweep has been running for 0.0368637 seconds.

Sweep 2, optimizing sites 0 and 1
JCD used 1 iterations.
Time elapsed in JCD: 0.000556514
Energy -1 -112.701268935993
Sum: 4 -> 3
Time elapsed in TRUNC: 5.9661e-05
Propagating t with norm 1
Memory usage : 11819256 391456 
Sweep has been running for 0.0384017 seconds.
Measuring oneptdm
 measuring in su2 version of tagged_nrank 
Measuring twoptdm
 measuring in su2 version of tagged_nrank 
The hamiltonian will contain 761 terms
MPO Bond 0: 56/20
MPO Bond 1: 62/23
MPO Bond 2: 76/30
MPO Bond 3: 82/33
MPO Bond 4: 80/32
MPO Bond 5: 10/3
MPO Bond 6: 1/0
This binary contains symmetries: 2u1pg su2u1pg 
DMRG version 3.1.1
Temporary storage enabled in ./tmp//storage_temp_acd153c6d8c2/
Will start again at site -1 in sweep 3
Loading checkpoint from /public/home/xzzeng/work/HQC/CO/autoCAS/autocas_project/final/autocas_project.checkpoint_state.0.h5
Parameters:
               Sites: 7
           Electrons: 8
                Spin: 0
               Irrep: 0
The hamiltonian will contain 761 terms
MPO Bond 0: 56/20
MPO Bond 1: 62/23
MPO Bond 2: 76/30
MPO Bond 3: 82/33
MPO Bond 4: 80/32
MPO Bond 5: 10/3
MPO Bond 6: 1/0
MPS initialization has finished...
Expecting 0 states to orthogonalize to.
Boundaries are partially initialized...
Boundaries are fully initialized...
Done init_left_right
TSMPOTensor: 1x62,  62 operators, 60 tags
TSMPOTensor: 56x76,  188 operators, 115 tags
TSMPOTensor: 62x82,  261 operators, 138 tags
TSMPOTensor: 76x80,  292 operators, 187 tags
TSMPOTensor: 82x10,  191 operators, 116 tags
TSMPOTensor: 80x1,  80 operators, 56 tags
Total number of tags: 672

Sweep 3, optimizing sites 0 and 1
JCD used 1 iterations.
Time elapsed in JCD: 0.000323132
Energy 1 -112.701268935993
Sum: 4 -> 3
Time elapsed in TRUNC: 3.5071e-05
Propagating t with norm 1
Memory usage : 11819256 391436 
Sweep has been running for 0.00105176 seconds.

Sweep 3, optimizing sites 1 and 2
JCD used 1 iterations.
Time elapsed in JCD: 0.00171911
Energy 1 -112.701268935993
Sum: 12 -> 10
Time elapsed in TRUNC: 6.501e-05
Propagating t with norm 1
Memory usage : 11819256 391436 
Sweep has been running for 0.00348861 seconds.

Sweep 3, optimizing sites 2 and 3
JCD used 1 iterations.
Time elapsed in JCD: 0.00397219
Energy 1 -112.701268935993
Sum: 40 -> 35
Time elapsed in TRUNC: 0.000124031
Propagating t with norm 1
Memory usage : 11819256 391436 
Sweep has been running for 0.00903699 seconds.

Sweep 3, optimizing sites 3 and 4
JCD used 1 iterations.
Time elapsed in JCD: 0.0040185
Energy 1 -112.701268935993
Sum: 40 -> 35
Time elapsed in TRUNC: 0.000123031
Propagating t with norm 1
Memory usage : 11819256 391436 
Sweep has been running for 0.015534 seconds.

Sweep 3, optimizing sites 4 and 5
JCD used 1 iterations.
Time elapsed in JCD: 0.00185229
Energy 1 -112.701268935993
Sum: 12 -> 10
Time elapsed in TRUNC: 7.3571e-05
Propagating t with norm 1
Memory usage : 11819256 391436 
Sweep has been running for 0.0190916 seconds.

Sweep 3, optimizing sites 5 and 6
JCD used 1 iterations.
Time elapsed in JCD: 0.000346733
Energy 1 -112.701268935993
Sum: 4 -> 3
Time elapsed in TRUNC: 3.4801e-05
Propagating t with norm 1
Memory usage : 11819256 391436 
Sweep has been running for 0.0203852 seconds.

Sweep 3, optimizing sites 5 and 6
JCD used 1 iterations.
Time elapsed in JCD: 0.000451493
Energy -1 -112.701268935993
Sum: 4 -> 3
Time elapsed in TRUNC: 3.198e-05
Propagating t with norm 1
Memory usage : 11819256 391436 
Sweep has been running for 0.0212329 seconds.

Sweep 3, optimizing sites 4 and 5
JCD used 1 iterations.
Time elapsed in JCD: 0.0015349
Energy -1 -112.701268935993
Sum: 12 -> 10
Time elapsed in TRUNC: 7.4721e-05
Propagating t with norm 1
Memory usage : 11819256 391436 
Sweep has been running for 0.0235113 seconds.

Sweep 3, optimizing sites 3 and 4
JCD used 1 iterations.
Time elapsed in JCD: 0.00434234
Energy -1 -112.701268935993
Sum: 40 -> 35
Time elapsed in TRUNC: 0.000122171
Propagating t with norm 1
Memory usage : 11819256 391436 
Sweep has been running for 0.0297317 seconds.

Sweep 3, optimizing sites 2 and 3
JCD used 1 iterations.
Time elapsed in JCD: 0.00410532
Energy -1 -112.701268935993
Sum: 40 -> 35
Time elapsed in TRUNC: 0.000124781
Propagating t with norm 1
Memory usage : 11819256 391436 
Sweep has been running for 0.0363781 seconds.

Sweep 3, optimizing sites 1 and 2
JCD used 1 iterations.
Time elapsed in JCD: 0.00189358
Energy -1 -112.701268935993
Sum: 12 -> 10
Time elapsed in TRUNC: 6.8991e-05
Propagating t with norm 1
Memory usage : 11819256 391436 
Sweep has been running for 0.0400612 seconds.

Sweep 3, optimizing sites 0 and 1
JCD used 1 iterations.
Time elapsed in JCD: 0.000329172
Energy -1 -112.701268935993
Sum: 4 -> 3
Time elapsed in TRUNC: 2.9401e-05
Propagating t with norm 1
Memory usage : 11819256 391436 
Sweep has been running for 0.0410888 seconds.
Measuring oneptdm
 measuring in su2 version of tagged_nrank 
Measuring twoptdm
 measuring in su2 version of tagged_nrank 
The hamiltonian will contain 1233 terms
MPO Bond 0: 56/20
MPO Bond 1: 62/23
MPO Bond 2: 76/30
MPO Bond 3: 98/41
MPO Bond 4: 128/56
MPO Bond 5: 10/3
MPO Bond 6: 1/0
This binary contains symmetries: 2u1pg su2u1pg 
DMRG version 3.1.1
Temporary storage enabled in ./tmp//storage_temp_755b57af1393/
Will start again at site -1 in sweep 4
Loading checkpoint from /public/home/xzzeng/work/HQC/CO/autoCAS/autocas_project/final/autocas_project.checkpoint_state.0.h5
Parameters:
               Sites: 7
           Electrons: 8
                Spin: 0
               Irrep: 0
The hamiltonian will contain 1233 terms
MPO Bond 0: 56/20
MPO Bond 1: 62/23
MPO Bond 2: 76/30
MPO Bond 3: 98/41
MPO Bond 4: 128/56
MPO Bond 5: 10/3
MPO Bond 6: 1/0
MPS initialization has finished...
Expecting 0 states to orthogonalize to.
Boundaries are partially initialized...
Boundaries are fully initialized...
Done init_left_right
TSMPOTensor: 1x62,  62 operators, 62 tags
TSMPOTensor: 56x76,  211 operators, 154 tags
TSMPOTensor: 62x98,  315 operators, 232 tags
TSMPOTensor: 76x128,  395 operators, 272 tags
TSMPOTensor: 98x10,  259 operators, 224 tags
TSMPOTensor: 128x1,  128 operators, 82 tags
Total number of tags: 1026

Sweep 4, optimizing sites 0 and 1
JCD used 9 iterations.
Time elapsed in JCD: 0.00279778
Energy 1 -112.733240375444
Sum: 4 -> 3
Time elapsed in TRUNC: 3.928e-05
Propagating t with norm 1
Memory usage : 11819256 393356 
Sweep has been running for 0.00333449 seconds.

Sweep 4, optimizing sites 1 and 2
JCD used 10 iterations.
Time elapsed in JCD: 0.0155672
Energy 1 -112.734737201243
Sum: 12 -> 10
Time elapsed in TRUNC: 7.4631e-05
Propagating t with norm 1
Memory usage : 11819256 393356 
Sweep has been running for 0.0196292 seconds.

Sweep 4, optimizing sites 2 and 3
JCD used 10 iterations.
Time elapsed in JCD: 0.0403747
Energy 1 -112.735915795012
Sum: 40 -> 35
Time elapsed in TRUNC: 0.000129091
Propagating t with norm 1
Memory usage : 11819256 393620 
Sweep has been running for 0.0615863 seconds.

Sweep 4, optimizing sites 3 and 4
JCD used 10 iterations.
Time elapsed in JCD: 0.0465118
Energy 1 -112.735915801163
Sum: 40 -> 35
Time elapsed in TRUNC: 0.000122591
Propagating t with norm 1
Memory usage : 11819256 393892 
Sweep has been running for 0.110817 seconds.

Sweep 4, optimizing sites 4 and 5
JCD used 2 iterations.
Time elapsed in JCD: 0.00355447
Energy 1 -112.735915798613
Sum: 12 -> 10
Time elapsed in TRUNC: 6.9711e-05
Propagating t with norm 1
Memory usage : 11819256 393892 
Sweep has been running for 0.116134 seconds.

Sweep 4, optimizing sites 5 and 6
JCD used 1 iterations.
Time elapsed in JCD: 0.000403073
Energy 1 -112.73591579688
Sum: 4 -> 3
Time elapsed in TRUNC: 3.1741e-05
Propagating t with norm 1
Memory usage : 11819256 393892 
Sweep has been running for 0.117122 seconds.

Sweep 4, optimizing sites 5 and 6
JCD used 1 iterations.
Time elapsed in JCD: 0.000346153
Energy -1 -112.73591579688
Sum: 4 -> 3
Time elapsed in TRUNC: 2.926e-05
Propagating t with norm 1
Memory usage : 11819256 393892 
Sweep has been running for 0.118024 seconds.

Sweep 4, optimizing sites 4 and 5
JCD used 1 iterations.
Time elapsed in JCD: 0.00211455
Energy -1 -112.73591579688
Sum: 12 -> 10
Time elapsed in TRUNC: 7.4971e-05
Propagating t with norm 1
Memory usage : 11819256 393892 
Sweep has been running for 0.121409 seconds.

Sweep 4, optimizing sites 3 and 4
JCD used 1 iterations.
Time elapsed in JCD: 0.0053263
Energy -1 -112.73591579688
Sum: 40 -> 35
Time elapsed in TRUNC: 0.000121941
Propagating t with norm 1
Memory usage : 11819256 394032 
Sweep has been running for 0.128632 seconds.

Sweep 4, optimizing sites 2 and 3
JCD used 1 iterations.
Time elapsed in JCD: 0.00430612
Energy -1 -112.73591579688
Sum: 40 -> 35
Time elapsed in TRUNC: 0.000125591
Propagating t with norm 1
Memory usage : 11819256 394032 
Sweep has been running for 0.135613 seconds.

Sweep 4, optimizing sites 1 and 2
JCD used 1 iterations.
Time elapsed in JCD: 0.00168594
Energy -1 -112.73591579688
Sum: 12 -> 10
Time elapsed in TRUNC: 6.88e-05
Propagating t with norm 1
Memory usage : 11819256 394032 
Sweep has been running for 0.13885 seconds.

Sweep 4, optimizing sites 0 and 1
JCD used 1 iterations.
Time elapsed in JCD: 0.000346633
Energy -1 -112.73591579688
Sum: 4 -> 3
Time elapsed in TRUNC: 2.971e-05
Propagating t with norm 1
Memory usage : 11819256 394032 
Sweep has been running for 0.139824 seconds.

Sweep 5, optimizing sites 0 and 1
JCD used 1 iterations.
Time elapsed in JCD: 0.000800716
Energy 1 -112.73591579688
Sum: 4 -> 3
Time elapsed in TRUNC: 5.784e-05
Propagating t with norm 1
Memory usage : 11819256 394860 
Sweep has been running for 0.00150571 seconds.

Sweep 5, optimizing sites 1 and 2
JCD used 1 iterations.
Time elapsed in JCD: 0.00201921
Energy 1 -112.73591579688
Sum: 12 -> 10
Time elapsed in TRUNC: 8.0871e-05
Propagating t with norm 1
Memory usage : 11819256 394860 
Sweep has been running for 0.0044059 seconds.

Sweep 5, optimizing sites 2 and 3
JCD used 1 iterations.
Time elapsed in JCD: 0.00443208
Energy 1 -112.73591579688
Sum: 40 -> 35
Time elapsed in TRUNC: 0.000125341
Propagating t with norm 1
Memory usage : 11819256 394860 
Sweep has been running for 0.0107043 seconds.

Sweep 5, optimizing sites 3 and 4
JCD used 1 iterations.
Time elapsed in JCD: 0.00514383
Energy 1 -112.73591579688
Sum: 40 -> 35
Time elapsed in TRUNC: 0.000120861
Propagating t with norm 1
Memory usage : 11819256 394860 
Sweep has been running for 0.0186605 seconds.

Sweep 5, optimizing sites 4 and 5
JCD used 1 iterations.
Time elapsed in JCD: 0.00174398
Energy 1 -112.73591579688
Sum: 12 -> 10
Time elapsed in TRUNC: 9.036e-05
Propagating t with norm 1
Memory usage : 11819256 394860 
Sweep has been running for 0.0229513 seconds.

Sweep 5, optimizing sites 5 and 6
JCD used 1 iterations.
Time elapsed in JCD: 0.000420203
Energy 1 -112.73591579688
Sum: 4 -> 3
Time elapsed in TRUNC: 3.38e-05
Propagating t with norm 1
Memory usage : 11819256 394860 
Sweep has been running for 0.0239798 seconds.

Sweep 5, optimizing sites 5 and 6
JCD used 1 iterations.
Time elapsed in JCD: 0.000355883
Energy -1 -112.73591579688
Sum: 4 -> 3
Time elapsed in TRUNC: 3.205e-05
Propagating t with norm 1
Memory usage : 11819256 394860 
Sweep has been running for 0.0249577 seconds.

Sweep 5, optimizing sites 4 and 5
JCD used 1 iterations.
Time elapsed in JCD: 0.00164963
Energy -1 -112.73591579688
Sum: 12 -> 10
Time elapsed in TRUNC: 7.5761e-05
Propagating t with norm 1
Memory usage : 11819256 394860 
Sweep has been running for 0.0277352 seconds.

Sweep 5, optimizing sites 3 and 4
JCD used 1 iterations.
Time elapsed in JCD: 0.00489252
Energy -1 -112.73591579688
Sum: 40 -> 35
Time elapsed in TRUNC: 0.000121861
Propagating t with norm 1
Memory usage : 11819256 394860 
Sweep has been running for 0.0346041 seconds.

Sweep 5, optimizing sites 2 and 3
JCD used 1 iterations.
Time elapsed in JCD: 0.00408175
Energy -1 -112.73591579688
Sum: 40 -> 35
Time elapsed in TRUNC: 0.000121851
Propagating t with norm 1
Memory usage : 11819256 394860 
Sweep has been running for 0.0413168 seconds.

Sweep 5, optimizing sites 1 and 2
JCD used 1 iterations.
Time elapsed in JCD: 0.00225829
Energy -1 -112.73591579688
Sum: 12 -> 10
Time elapsed in TRUNC: 0.000273922
Propagating t with norm 1
Memory usage : 11819256 394860 
Sweep has been running for 0.0454959 seconds.

Sweep 5, optimizing sites 0 and 1
JCD used 1 iterations.
Time elapsed in JCD: 0.000387333
Energy -1 -112.73591579688
Sum: 4 -> 3
Time elapsed in TRUNC: 3.933e-05
Propagating t with norm 1
Memory usage : 11819256 394860 
Sweep has been running for 0.0466182 seconds.

Sweep 6, optimizing sites 0 and 1
JCD used 1 iterations.
Time elapsed in JCD: 0.000376933
Energy 1 -112.73591579688
Sum: 4 -> 3
Time elapsed in TRUNC: 3.358e-05
Propagating t with norm 1
Memory usage : 11819256 394988 
Sweep has been running for 0.000812466 seconds.

Sweep 6, optimizing sites 1 and 2
JCD used 1 iterations.
Time elapsed in JCD: 0.00186317
Energy 1 -112.73591579688
Sum: 12 -> 10
Time elapsed in TRUNC: 7.4911e-05
Propagating t with norm 1
Memory usage : 11819256 394988 
Sweep has been running for 0.00363219 seconds.

Sweep 6, optimizing sites 2 and 3
JCD used 1 iterations.
Time elapsed in JCD: 0.0042446
Energy 1 -112.73591579688
Sum: 40 -> 35
Time elapsed in TRUNC: 0.000124131
Propagating t with norm 1
Memory usage : 11819256 394988 
Sweep has been running for 0.0095664 seconds.

Sweep 6, optimizing sites 3 and 4
JCD used 1 iterations.
Time elapsed in JCD: 0.00494357
Energy 1 -112.73591579688
Sum: 40 -> 35
Time elapsed in TRUNC: 0.000124311
Propagating t with norm 1
Memory usage : 11819256 394988 
Sweep has been running for 0.017255 seconds.

Sweep 6, optimizing sites 4 and 5
JCD used 1 iterations.
Time elapsed in JCD: 0.00230164
Energy 1 -112.73591579688
Sum: 12 -> 10
Time elapsed in TRUNC: 8.3631e-05
Propagating t with norm 1
Memory usage : 11819256 394988 
Sweep has been running for 0.0218208 seconds.

Sweep 6, optimizing sites 5 and 6
JCD used 1 iterations.
Time elapsed in JCD: 0.000373532
Energy 1 -112.73591579688
Sum: 4 -> 3
Time elapsed in TRUNC: 3.26e-05
Propagating t with norm 1
Memory usage : 11819256 394988 
Sweep has been running for 0.023103 seconds.

Sweep 6, optimizing sites 5 and 6
JCD used 1 iterations.
Time elapsed in JCD: 0.000393483
Energy -1 -112.73591579688
Sum: 4 -> 3
Time elapsed in TRUNC: 2.981e-05
Propagating t with norm 1
Memory usage : 11819256 394988 
Sweep has been running for 0.0242752 seconds.

Sweep 6, optimizing sites 4 and 5
JCD used 1 iterations.
Time elapsed in JCD: 0.00181588
Energy -1 -112.73591579688
Sum: 12 -> 10
Time elapsed in TRUNC: 7.859e-05
Propagating t with norm 1
Memory usage : 11819256 394988 
Sweep has been running for 0.0274583 seconds.

Sweep 6, optimizing sites 3 and 4
JCD used 1 iterations.
Time elapsed in JCD: 0.00507756
Energy -1 -112.73591579688
Sum: 40 -> 35
Time elapsed in TRUNC: 0.000123201
Propagating t with norm 1
Memory usage : 11819256 394988 
Sweep has been running for 0.0347296 seconds.

Sweep 6, optimizing sites 2 and 3
JCD used 1 iterations.
Time elapsed in JCD: 0.00445906
Energy -1 -112.73591579688
Sum: 40 -> 35
Time elapsed in TRUNC: 0.000124621
Propagating t with norm 1
Memory usage : 11819256 394988 
Sweep has been running for 0.0418362 seconds.

Sweep 6, optimizing sites 1 and 2
JCD used 1 iterations.
Time elapsed in JCD: 0.00202547
Energy -1 -112.73591579688
Sum: 12 -> 10
Time elapsed in TRUNC: 7.9811e-05
Propagating t with norm 1
Memory usage : 11819256 394988 
Sweep has been running for 0.0455623 seconds.

Sweep 6, optimizing sites 0 and 1
JCD used 1 iterations.
Time elapsed in JCD: 0.000338333
Energy -1 -112.73591579688
Sum: 4 -> 3
Time elapsed in TRUNC: 2.941e-05
Propagating t with norm 1
Memory usage : 11819256 394988 
Sweep has been running for 0.0466257 seconds.
Measuring oneptdm
 measuring in su2 version of tagged_nrank 
Measuring twoptdm
 measuring in su2 version of tagged_nrank 
The hamiltonian will contain 1233 terms
MPO Bond 0: 56/20
MPO Bond 1: 62/23
MPO Bond 2: 76/30
MPO Bond 3: 98/41
MPO Bond 4: 128/56
MPO Bond 5: 10/3
MPO Bond 6: 1/0
This binary contains symmetries: 2u1pg su2u1pg 
DMRG version 3.1.1
Temporary storage enabled in ./tmp//storage_temp_bb7765d13c25/
Will start again at site -1 in sweep 7
Loading checkpoint from /public/home/xzzeng/work/HQC/CO/autoCAS/autocas_project/final/autocas_project.checkpoint_state.0.h5
Parameters:
               Sites: 7
           Electrons: 8
                Spin: 0
               Irrep: 0
The hamiltonian will contain 1233 terms
MPO Bond 0: 56/20
MPO Bond 1: 62/23
MPO Bond 2: 76/30
MPO Bond 3: 98/41
MPO Bond 4: 128/56
MPO Bond 5: 10/3
MPO Bond 6: 1/0
MPS initialization has finished...
Expecting 0 states to orthogonalize to.
Boundaries are partially initialized...
Boundaries are fully initialized...
Done init_left_right
TSMPOTensor: 1x62,  62 operators, 62 tags
TSMPOTensor: 56x76,  211 operators, 154 tags
TSMPOTensor: 62x98,  315 operators, 232 tags
TSMPOTensor: 76x128,  395 operators, 272 tags
TSMPOTensor: 98x10,  259 operators, 224 tags
TSMPOTensor: 128x1,  128 operators, 82 tags
Total number of tags: 1026

Sweep 7, optimizing sites 0 and 1
JCD used 9 iterations.
Time elapsed in JCD: 0.00296191
Energy 1 -112.740730752784
Sum: 4 -> 3
Time elapsed in TRUNC: 3.311e-05
Propagating t with norm 1
Memory usage : 11819256 395884 
Sweep has been running for 0.0037108 seconds.

Sweep 7, optimizing sites 1 and 2
JCD used 10 iterations.
Time elapsed in JCD: 0.0163371
Energy 1 -112.740916271391
Sum: 12 -> 10
Time elapsed in TRUNC: 6.554e-05
Propagating t with norm 1
Memory usage : 11819256 395884 
Sweep has been running for 0.0209067 seconds.

Sweep 7, optimizing sites 2 and 3
JCD used 10 iterations.
Time elapsed in JCD: 0.0415002
Energy 1 -112.74130896176
Sum: 40 -> 35
Time elapsed in TRUNC: 0.000125181
Propagating t with norm 1
Memory usage : 11819256 395884 
Sweep has been running for 0.0639889 seconds.

Sweep 7, optimizing sites 3 and 4
JCD used 10 iterations.
Time elapsed in JCD: 0.0465144
Energy 1 -112.741308966285
Sum: 40 -> 35
Time elapsed in TRUNC: 0.000123051
Propagating t with norm 1
Memory usage : 11819256 395884 
Sweep has been running for 0.113184 seconds.

Sweep 7, optimizing sites 4 and 5
JCD used 1 iterations.
Time elapsed in JCD: 0.00203368
Energy 1 -112.741308961438
Sum: 12 -> 10
Time elapsed in TRUNC: 7.4101e-05
Propagating t with norm 1
Memory usage : 11819256 395884 
Sweep has been running for 0.117019 seconds.

Sweep 7, optimizing sites 5 and 6
JCD used 1 iterations.
Time elapsed in JCD: 0.000358392
Energy 1 -112.741308961438
Sum: 4 -> 3
Time elapsed in TRUNC: 3.134e-05
Propagating t with norm 1
Memory usage : 11819256 395884 
Sweep has been running for 0.117958 seconds.

Sweep 7, optimizing sites 5 and 6
JCD used 1 iterations.
Time elapsed in JCD: 0.000363882
Energy -1 -112.741308961438
Sum: 4 -> 3
Time elapsed in TRUNC: 3.127e-05
Propagating t with norm 1
Memory usage : 11819256 395884 
Sweep has been running for 0.118946 seconds.

Sweep 7, optimizing sites 4 and 5
JCD used 1 iterations.
Time elapsed in JCD: 0.00190412
Energy -1 -112.741308961438
Sum: 12 -> 10
Time elapsed in TRUNC: 7.607e-05
Propagating t with norm 1
Memory usage : 11819256 395884 
Sweep has been running for 0.122134 seconds.

Sweep 7, optimizing sites 3 and 4
JCD used 1 iterations.
Time elapsed in JCD: 0.00517219
Energy -1 -112.741308961438
Sum: 40 -> 35
Time elapsed in TRUNC: 0.000122501
Propagating t with norm 1
Memory usage : 11819256 395884 
Sweep has been running for 0.129307 seconds.

Sweep 7, optimizing sites 2 and 3
JCD used 1 iterations.
Time elapsed in JCD: 0.00451687
Energy -1 -112.741308961438
Sum: 40 -> 35
Time elapsed in TRUNC: 0.000123421
Propagating t with norm 1
Memory usage : 11819256 395884 
Sweep has been running for 0.13662 seconds.

Sweep 7, optimizing sites 1 and 2
JCD used 1 iterations.
Time elapsed in JCD: 0.00165043
Energy -1 -112.741308961438
Sum: 12 -> 10
Time elapsed in TRUNC: 6.7191e-05
Propagating t with norm 1
Memory usage : 11819256 395884 
Sweep has been running for 0.139946 seconds.

Sweep 7, optimizing sites 0 and 1
JCD used 1 iterations.
Time elapsed in JCD: 0.000997537
Energy -1 -112.741308961438
Sum: 4 -> 3
Time elapsed in TRUNC: 3.3181e-05
Propagating t with norm 1
Memory usage : 11819256 395884 
Sweep has been running for 0.141786 seconds.

Sweep 8, optimizing sites 0 and 1
JCD used 1 iterations.
Time elapsed in JCD: 0.000670125
Energy 1 -112.741308961438
Sum: 4 -> 3
Time elapsed in TRUNC: 5.2581e-05
Propagating t with norm 1
Memory usage : 11819256 394856 
Sweep has been running for 0.00177564 seconds.

Sweep 8, optimizing sites 1 and 2
JCD used 1 iterations.
Time elapsed in JCD: 0.0022439
Energy 1 -112.741308961438
Sum: 12 -> 10
Time elapsed in TRUNC: 7.5161e-05
Propagating t with norm 1
Memory usage : 11819256 394856 
Sweep has been running for 0.00504917 seconds.

Sweep 8, optimizing sites 2 and 3
JCD used 1 iterations.
Time elapsed in JCD: 0.00502696
Energy 1 -112.741308961438
Sum: 40 -> 35
Time elapsed in TRUNC: 0.000126961
Propagating t with norm 1
Memory usage : 11819256 394856 
Sweep has been running for 0.0121984 seconds.

Sweep 8, optimizing sites 3 and 4
JCD used 1 iterations.
Time elapsed in JCD: 0.00538109
Energy 1 -112.741308961438
Sum: 40 -> 35
Time elapsed in TRUNC: 0.000309612
Propagating t with norm 1
Memory usage : 11819256 394856 
Sweep has been running for 0.020635 seconds.

Sweep 8, optimizing sites 4 and 5
JCD used 1 iterations.
Time elapsed in JCD: 0.00205339
Energy 1 -112.741308961438
Sum: 12 -> 10
Time elapsed in TRUNC: 7.2041e-05
Propagating t with norm 1
Memory usage : 11819256 394856 
Sweep has been running for 0.0248737 seconds.

Sweep 8, optimizing sites 5 and 6
JCD used 1 iterations.
Time elapsed in JCD: 0.000747535
Energy 1 -112.741308961438
Sum: 4 -> 3
Time elapsed in TRUNC: 7.983e-05
Propagating t with norm 1
Memory usage : 11819256 394856 
Sweep has been running for 0.026931 seconds.

Sweep 8, optimizing sites 5 and 6
JCD used 1 iterations.
Time elapsed in JCD: 0.000532134
Energy -1 -112.741308961438
Sum: 4 -> 3
Time elapsed in TRUNC: 3.12e-05
Propagating t with norm 1
Memory usage : 11819256 394856 
Sweep has been running for 0.0279931 seconds.

Sweep 8, optimizing sites 4 and 5
JCD used 1 iterations.
Time elapsed in JCD: 0.00218442
Energy -1 -112.741308961438
Sum: 12 -> 10
Time elapsed in TRUNC: 7.9641e-05
Propagating t with norm 1
Memory usage : 11819256 394856 
Sweep has been running for 0.031595 seconds.

Sweep 8, optimizing sites 3 and 4
JCD used 1 iterations.
Time elapsed in JCD: 0.00585613
Energy -1 -112.741308961438
Sum: 40 -> 35
Time elapsed in TRUNC: 0.000125451
Propagating t with norm 1
Memory usage : 11819256 394856 
Sweep has been running for 0.0396977 seconds.

Sweep 8, optimizing sites 2 and 3
JCD used 1 iterations.
Time elapsed in JCD: 0.00478094
Energy -1 -112.741308961438
Sum: 40 -> 35
Time elapsed in TRUNC: 0.000123411
Propagating t with norm 1
Memory usage : 11819256 394856 
Sweep has been running for 0.0471973 seconds.

Sweep 8, optimizing sites 1 and 2
JCD used 1 iterations.
Time elapsed in JCD: 0.00221367
Energy -1 -112.741308961438
Sum: 12 -> 10
Time elapsed in TRUNC: 7.7691e-05
Propagating t with norm 1
Memory usage : 11819256 394856 
Sweep has been running for 0.0512144 seconds.

Sweep 8, optimizing sites 0 and 1
JCD used 1 iterations.
Time elapsed in JCD: 0.000712395
Energy -1 -112.741308961438
Sum: 4 -> 3
Time elapsed in TRUNC: 3.108e-05
Propagating t with norm 1
Memory usage : 11819256 394856 
Sweep has been running for 0.0526417 seconds.

Sweep 9, optimizing sites 0 and 1
JCD used 1 iterations.
Time elapsed in JCD: 0.000491243
Energy 1 -112.741308961438
Sum: 4 -> 3
Time elapsed in TRUNC: 4.8051e-05
Propagating t with norm 1
Memory usage : 11819256 395064 
Sweep has been running for 0.00109301 seconds.

Sweep 9, optimizing sites 1 and 2
JCD used 1 iterations.
Time elapsed in JCD: 0.00194241
Energy 1 -112.741308961438
Sum: 12 -> 10
Time elapsed in TRUNC: 7.794e-05
Propagating t with norm 1
Memory usage : 11819256 395064 
Sweep has been running for 0.00388931 seconds.

Sweep 9, optimizing sites 2 and 3
JCD used 1 iterations.
Time elapsed in JCD: 0.00439093
Energy 1 -112.741308961438
Sum: 40 -> 35
Time elapsed in TRUNC: 0.000125201
Propagating t with norm 1
Memory usage : 11819256 395064 
Sweep has been running for 0.0100328 seconds.

Sweep 9, optimizing sites 3 and 4
JCD used 1 iterations.
Time elapsed in JCD: 0.00603449
Energy 1 -112.741308961438
Sum: 40 -> 35
Time elapsed in TRUNC: 0.000121861
Propagating t with norm 1
Memory usage : 11819256 395064 
Sweep has been running for 0.0191708 seconds.

Sweep 9, optimizing sites 4 and 5
JCD used 1 iterations.
Time elapsed in JCD: 0.0027836
Energy 1 -112.741308961438
Sum: 12 -> 10
Time elapsed in TRUNC: 7.8061e-05
Propagating t with norm 1
Memory usage : 11819256 395064 
Sweep has been running for 0.0240608 seconds.

Sweep 9, optimizing sites 5 and 6
JCD used 1 iterations.
Time elapsed in JCD: 0.000428123
Energy 1 -112.741308961438
Sum: 4 -> 3
Time elapsed in TRUNC: 3.17e-05
Propagating t with norm 1
Memory usage : 11819256 395064 
Sweep has been running for 0.0250767 seconds.

Sweep 9, optimizing sites 5 and 6
JCD used 1 iterations.
Time elapsed in JCD: 0.000352902
Energy -1 -112.741308961438
Sum: 4 -> 3
Time elapsed in TRUNC: 3.0821e-05
Propagating t with norm 1
Memory usage : 11819256 395064 
Sweep has been running for 0.0260528 seconds.

Sweep 9, optimizing sites 4 and 5
JCD used 1 iterations.
Time elapsed in JCD: 0.00197201
Energy -1 -112.741308961438
Sum: 12 -> 10
Time elapsed in TRUNC: 7.676e-05
Propagating t with norm 1
Memory usage : 11819256 395064 
Sweep has been running for 0.0295134 seconds.

Sweep 9, optimizing sites 3 and 4
JCD used 1 iterations.
Time elapsed in JCD: 0.00490324
Energy -1 -112.741308961438
Sum: 40 -> 35
Time elapsed in TRUNC: 0.000120601
Propagating t with norm 1
Memory usage : 11819256 395064 
Sweep has been running for 0.0364337 seconds.

Sweep 9, optimizing sites 2 and 3
JCD used 1 iterations.
Time elapsed in JCD: 0.0045597
Energy -1 -112.741308961438
Sum: 40 -> 35
Time elapsed in TRUNC: 0.000122731
Propagating t with norm 1
Memory usage : 11819256 395064 
Sweep has been running for 0.0436643 seconds.

Sweep 9, optimizing sites 1 and 2
JCD used 1 iterations.
Time elapsed in JCD: 0.00232999
Energy -1 -112.741308961438
Sum: 12 -> 10
Time elapsed in TRUNC: 7.4551e-05
Propagating t with norm 1
Memory usage : 11819256 395064 
Sweep has been running for 0.0478856 seconds.

Sweep 9, optimizing sites 0 and 1
JCD used 1 iterations.
Time elapsed in JCD: 0.000377363
Energy -1 -112.741308961438
Sum: 4 -> 3
Time elapsed in TRUNC: 2.992e-05
Propagating t with norm 1
Memory usage : 11819256 395064 
Sweep has been running for 0.0489273 seconds.
Measuring oneptdm
 measuring in su2 version of tagged_nrank 
Measuring twoptdm
 measuring in su2 version of tagged_nrank 
The hamiltonian will contain 1233 terms
MPO Bond 0: 56/20
MPO Bond 1: 62/23
MPO Bond 2: 76/30
MPO Bond 3: 98/41
MPO Bond 4: 128/56
MPO Bond 5: 10/3
MPO Bond 6: 1/0
This binary contains symmetries: 2u1pg su2u1pg 
DMRG version 3.1.1
Temporary storage enabled in ./tmp//storage_temp_7c29e818c97c/
Will start again at site -1 in sweep 10
Loading checkpoint from /public/home/xzzeng/work/HQC/CO/autoCAS/autocas_project/final/autocas_project.checkpoint_state.0.h5
Parameters:
               Sites: 7
           Electrons: 8
                Spin: 0
               Irrep: 0
The hamiltonian will contain 1233 terms
MPO Bond 0: 56/20
MPO Bond 1: 62/23
MPO Bond 2: 76/30
MPO Bond 3: 98/41
MPO Bond 4: 128/56
MPO Bond 5: 10/3
MPO Bond 6: 1/0
MPS initialization has finished...
Expecting 0 states to orthogonalize to.
Boundaries are partially initialized...
Boundaries are fully initialized...
Done init_left_right
TSMPOTensor: 1x62,  62 operators, 62 tags
TSMPOTensor: 56x76,  211 operators, 154 tags
TSMPOTensor: 62x98,  315 operators, 232 tags
TSMPOTensor: 76x128,  395 operators, 272 tags
TSMPOTensor: 98x10,  259 operators, 224 tags
TSMPOTensor: 128x1,  128 operators, 82 tags
Total number of tags: 1026

Sweep 10, optimizing sites 0 and 1
JCD used 9 iterations.
Time elapsed in JCD: 0.00293533
Energy 1 -112.743364546431
Sum: 4 -> 3
Time elapsed in TRUNC: 3.648e-05
Propagating t with norm 1
Memory usage : 11819256 394924 
Sweep has been running for 0.00350295 seconds.

Sweep 10, optimizing sites 1 and 2
JCD used 10 iterations.
Time elapsed in JCD: 0.0163722
Energy 1 -112.743501253439
Sum: 12 -> 10
Time elapsed in TRUNC: 7.125e-05
Propagating t with norm 1
Memory usage : 11819256 394924 
Sweep has been running for 0.0207843 seconds.

Sweep 10, optimizing sites 2 and 3
JCD used 10 iterations.
Time elapsed in JCD: 0.0422214
Energy 1 -112.743714217219
Sum: 40 -> 35
Time elapsed in TRUNC: 0.000125001
Propagating t with norm 1
Memory usage : 11819256 394924 
Sweep has been running for 0.0646033 seconds.

Sweep 10, optimizing sites 3 and 4
JCD used 10 iterations.
Time elapsed in JCD: 0.0478238
Energy 1 -112.743714217514
Sum: 40 -> 35
Time elapsed in TRUNC: 0.000131231
Propagating t with norm 1
Memory usage : 11819256 394924 
Sweep has been running for 0.115206 seconds.

Sweep 10, optimizing sites 4 and 5
JCD used 1 iterations.
Time elapsed in JCD: 0.00221814
Energy 1 -112.743714218379
Sum: 12 -> 10
Time elapsed in TRUNC: 7.332e-05
Propagating t with norm 1
Memory usage : 11819256 394924 
Sweep has been running for 0.119198 seconds.

Sweep 10, optimizing sites 5 and 6
JCD used 1 iterations.
Time elapsed in JCD: 0.000361552
Energy 1 -112.743714218379
Sum: 4 -> 3
Time elapsed in TRUNC: 3.14e-05
Propagating t with norm 1
Memory usage : 11819256 394924 
Sweep has been running for 0.120137 seconds.

Sweep 10, optimizing sites 5 and 6
JCD used 1 iterations.
Time elapsed in JCD: 0.000359013
Energy -1 -112.743714218379
Sum: 4 -> 3
Time elapsed in TRUNC: 3.614e-05
Propagating t with norm 1
Memory usage : 11819256 394924 
Sweep has been running for 0.121152 seconds.

Sweep 10, optimizing sites 4 and 5
JCD used 1 iterations.
Time elapsed in JCD: 0.00182528
Energy -1 -112.743714218379
Sum: 12 -> 10
Time elapsed in TRUNC: 7.7951e-05
Propagating t with norm 1
Memory usage : 11819256 394924 
Sweep has been running for 0.123895 seconds.

Sweep 10, optimizing sites 3 and 4
JCD used 1 iterations.
Time elapsed in JCD: 0.00488332
Energy -1 -112.743714218379
Sum: 40 -> 35
Time elapsed in TRUNC: 0.000123991
Propagating t with norm 1
Memory usage : 11819256 394924 
Sweep has been running for 0.130722 seconds.

Sweep 10, optimizing sites 2 and 3
JCD used 1 iterations.
Time elapsed in JCD: 0.00421509
Energy -1 -112.743714218379
Sum: 40 -> 35
Time elapsed in TRUNC: 0.000123511
Propagating t with norm 1
Memory usage : 11819256 394924 
Sweep has been running for 0.137537 seconds.

Sweep 10, optimizing sites 1 and 2
JCD used 1 iterations.
Time elapsed in JCD: 0.00181772
Energy -1 -112.743714218379
Sum: 12 -> 10
Time elapsed in TRUNC: 6.779e-05
Propagating t with norm 1
Memory usage : 11819256 394924 
Sweep has been running for 0.140929 seconds.

Sweep 10, optimizing sites 0 and 1
JCD used 1 iterations.
Time elapsed in JCD: 0.000452293
Energy -1 -112.743714218379
Sum: 4 -> 3
Time elapsed in TRUNC: 2.97e-05
Propagating t with norm 1
Memory usage : 11819256 394924 
Sweep has been running for 0.142037 seconds.

Sweep 11, optimizing sites 0 and 1
JCD used 1 iterations.
Time elapsed in JCD: 0.000477194
Energy 1 -112.743714218379
Sum: 4 -> 3
Time elapsed in TRUNC: 3.21e-05
Propagating t with norm 1
Memory usage : 11819256 394924 
Sweep has been running for 0.000931246 seconds.

Sweep 11, optimizing sites 1 and 2
JCD used 1 iterations.
Time elapsed in JCD: 0.00169128
Energy 1 -112.743714218379
Sum: 12 -> 10
Time elapsed in TRUNC: 6.8121e-05
Propagating t with norm 1
Memory usage : 11819256 394924 
Sweep has been running for 0.00340025 seconds.

Sweep 11, optimizing sites 2 and 3
JCD used 1 iterations.
Time elapsed in JCD: 0.0042143
Energy 1 -112.743714218379
Sum: 40 -> 35
Time elapsed in TRUNC: 0.000123131
Propagating t with norm 1
Memory usage : 11819256 394924 
Sweep has been running for 0.00950173 seconds.

Sweep 11, optimizing sites 3 and 4
JCD used 1 iterations.
Time elapsed in JCD: 0.00483956
Energy 1 -112.743714218379
Sum: 40 -> 35
Time elapsed in TRUNC: 0.000122321
Propagating t with norm 1
Memory usage : 11819256 394924 
Sweep has been running for 0.0170796 seconds.

Sweep 11, optimizing sites 4 and 5
JCD used 1 iterations.
Time elapsed in JCD: 0.00159996
Energy 1 -112.743714218379
Sum: 12 -> 10
Time elapsed in TRUNC: 6.9961e-05
Propagating t with norm 1
Memory usage : 11819256 394924 
Sweep has been running for 0.0210873 seconds.

Sweep 11, optimizing sites 5 and 6
JCD used 1 iterations.
Time elapsed in JCD: 0.000360402
Energy 1 -112.743714218379
Sum: 4 -> 3
Time elapsed in TRUNC: 3.3751e-05
Propagating t with norm 1
Memory usage : 11819256 394924 
Sweep has been running for 0.0220426 seconds.

Sweep 11, optimizing sites 5 and 6
JCD used 1 iterations.
Time elapsed in JCD: 0.000355583
Energy -1 -112.743714218379
Sum: 4 -> 3
Time elapsed in TRUNC: 3.278e-05
Propagating t with norm 1
Memory usage : 11819256 394924 
Sweep has been running for 0.0230526 seconds.

Sweep 11, optimizing sites 4 and 5
JCD used 1 iterations.
Time elapsed in JCD: 0.0016541
Energy -1 -112.743714218379
Sum: 12 -> 10
Time elapsed in TRUNC: 7.449e-05
Propagating t with norm 1
Memory usage : 11819256 394924 
Sweep has been running for 0.0258312 seconds.

Sweep 11, optimizing sites 3 and 4
JCD used 1 iterations.
Time elapsed in JCD: 0.00483392
Energy -1 -112.743714218379
Sum: 40 -> 35
Time elapsed in TRUNC: 0.000123091
Propagating t with norm 1
Memory usage : 11819256 394924 
Sweep has been running for 0.0326171 seconds.

Sweep 11, optimizing sites 2 and 3
JCD used 1 iterations.
Time elapsed in JCD: 0.00426936
Energy -1 -112.743714218379
Sum: 40 -> 35
Time elapsed in TRUNC: 0.000123911
Propagating t with norm 1
Memory usage : 11819256 394924 
Sweep has been running for 0.0395331 seconds.

Sweep 11, optimizing sites 1 and 2
JCD used 1 iterations.
Time elapsed in JCD: 0.0022569
Energy -1 -112.743714218379
Sum: 12 -> 10
Time elapsed in TRUNC: 7.8421e-05
Propagating t with norm 1
Memory usage : 11819256 394924 
Sweep has been running for 0.0435303 seconds.

Sweep 11, optimizing sites 0 and 1
JCD used 1 iterations.
Time elapsed in JCD: 0.000567144
Energy -1 -112.743714218379
Sum: 4 -> 3
Time elapsed in TRUNC: 3.168e-05
Propagating t with norm 1
Memory usage : 11819256 394924 
Sweep has been running for 0.0448436 seconds.
Measuring oneptdm
 measuring in su2 version of tagged_nrank 
Measuring twoptdm
 measuring in su2 version of tagged_nrank 
The hamiltonian will contain 1233 terms
MPO Bond 0: 56/20
MPO Bond 1: 62/23
MPO Bond 2: 76/30
MPO Bond 3: 98/41
MPO Bond 4: 128/56
MPO Bond 5: 10/3
MPO Bond 6: 1/0
This binary contains symmetries: 2u1pg su2u1pg 
DMRG version 3.1.1
Temporary storage enabled in ./tmp//storage_temp_d548f5fd852c/
Will start again at site -1 in sweep 12
Loading checkpoint from /public/home/xzzeng/work/HQC/CO/autoCAS/autocas_project/final/autocas_project.checkpoint_state.0.h5
Parameters:
               Sites: 7
           Electrons: 8
                Spin: 0
               Irrep: 0
The hamiltonian will contain 1233 terms
MPO Bond 0: 56/20
MPO Bond 1: 62/23
MPO Bond 2: 76/30
MPO Bond 3: 98/41
MPO Bond 4: 128/56
MPO Bond 5: 10/3
MPO Bond 6: 1/0
MPS initialization has finished...
Expecting 0 states to orthogonalize to.
Boundaries are partially initialized...
Boundaries are fully initialized...
Done init_left_right
TSMPOTensor: 1x62,  62 operators, 62 tags
TSMPOTensor: 56x76,  211 operators, 154 tags
TSMPOTensor: 62x98,  315 operators, 232 tags
TSMPOTensor: 76x128,  395 operators, 272 tags
TSMPOTensor: 98x10,  259 operators, 224 tags
TSMPOTensor: 128x1,  128 operators, 82 tags
Total number of tags: 1026

Sweep 12, optimizing sites 0 and 1
JCD used 9 iterations.
Time elapsed in JCD: 0.00282425
Energy 1 -112.745749954292
Sum: 4 -> 3
Time elapsed in TRUNC: 3.784e-05
Propagating t with norm 1
Memory usage : 11819256 394940 
Sweep has been running for 0.00337866 seconds.

Sweep 12, optimizing sites 1 and 2
JCD used 10 iterations.
Time elapsed in JCD: 0.015694
Energy 1 -112.746231251179
Sum: 12 -> 10
Time elapsed in TRUNC: 7.107e-05
Propagating t with norm 1
Memory usage : 11819256 394940 
Sweep has been running for 0.0199957 seconds.

Sweep 12, optimizing sites 2 and 3
JCD used 10 iterations.
Time elapsed in JCD: 0.0403143
Energy 1 -112.74664541778
Sum: 40 -> 35
Time elapsed in TRUNC: 0.000126541
Propagating t with norm 1
Memory usage : 11819256 394940 
Sweep has been running for 0.0619179 seconds.

Sweep 12, optimizing sites 3 and 4
JCD used 10 iterations.
Time elapsed in JCD: 0.046234
Energy 1 -112.746645417491
Sum: 40 -> 35
Time elapsed in TRUNC: 0.000123921
Propagating t with norm 1
Memory usage : 11819256 394940 
Sweep has been running for 0.110791 seconds.

Sweep 12, optimizing sites 4 and 5
JCD used 1 iterations.
Time elapsed in JCD: 0.00204615
Energy 1 -112.746645419857
Sum: 12 -> 10
Time elapsed in TRUNC: 0.000172051
Propagating t with norm 1
Memory usage : 11819256 394940 
Sweep has been running for 0.114747 seconds.

Sweep 12, optimizing sites 5 and 6
JCD used 1 iterations.
Time elapsed in JCD: 0.000358563
Energy 1 -112.746645419857
Sum: 4 -> 3
Time elapsed in TRUNC: 4.409e-05
Propagating t with norm 1
Memory usage : 11819256 394940 
Sweep has been running for 0.116318 seconds.

Sweep 12, optimizing sites 5 and 6
JCD used 1 iterations.
Time elapsed in JCD: 0.000354493
Energy -1 -112.746645419857
Sum: 4 -> 3
Time elapsed in TRUNC: 3.077e-05
Propagating t with norm 1
Memory usage : 11819256 394940 
Sweep has been running for 0.117177 seconds.

Sweep 12, optimizing sites 4 and 5
JCD used 1 iterations.
Time elapsed in JCD: 0.00182036
Energy -1 -112.746645419857
Sum: 12 -> 10
Time elapsed in TRUNC: 7.76e-05
Propagating t with norm 1
Memory usage : 11819256 394940 
Sweep has been running for 0.12021 seconds.

Sweep 12, optimizing sites 3 and 4
JCD used 1 iterations.
Time elapsed in JCD: 0.00484228
Energy -1 -112.746645419857
Sum: 40 -> 35
Time elapsed in TRUNC: 0.000133701
Propagating t with norm 1
Memory usage : 11819256 394940 
Sweep has been running for 0.126978 seconds.

Sweep 12, optimizing sites 2 and 3
JCD used 1 iterations.
Time elapsed in JCD: 0.00417935
Energy -1 -112.746645419857
Sum: 40 -> 35
Time elapsed in TRUNC: 0.000120401
Propagating t with norm 1
Memory usage : 11819256 394940 
Sweep has been running for 0.133756 seconds.

Sweep 12, optimizing sites 1 and 2
JCD used 1 iterations.
Time elapsed in JCD: 0.00190827
Energy -1 -112.746645419857
Sum: 12 -> 10
Time elapsed in TRUNC: 0.000163601
Propagating t with norm 1
Memory usage : 11819256 394940 
Sweep has been running for 0.137482 seconds.

Sweep 12, optimizing sites 0 and 1
JCD used 1 iterations.
Time elapsed in JCD: 0.000604895
Energy -1 -112.746645419857
Sum: 4 -> 3
Time elapsed in TRUNC: 3.196e-05
Propagating t with norm 1
Memory usage : 11819256 394940 
Sweep has been running for 0.138774 seconds.

Sweep 13, optimizing sites 0 and 1
JCD used 1 iterations.
Time elapsed in JCD: 0.000356152
Energy 1 -112.746645419857
Sum: 4 -> 3
Time elapsed in TRUNC: 0.000221392
Propagating t with norm 1
Memory usage : 11819256 395072 
Sweep has been running for 0.00105851 seconds.

Sweep 13, optimizing sites 1 and 2
JCD used 1 iterations.
Time elapsed in JCD: 0.00183167
Energy 1 -112.746645419857
Sum: 12 -> 10
Time elapsed in TRUNC: 7.0851e-05
Propagating t with norm 1
Memory usage : 11819256 395072 
Sweep has been running for 0.00413143 seconds.

Sweep 13, optimizing sites 2 and 3
JCD used 1 iterations.
Time elapsed in JCD: 0.00456956
Energy 1 -112.746645419857
Sum: 40 -> 35
Time elapsed in TRUNC: 0.000122461
Propagating t with norm 1
Memory usage : 11819256 395072 
Sweep has been running for 0.010636 seconds.

Sweep 13, optimizing sites 3 and 4
JCD used 1 iterations.
Time elapsed in JCD: 0.00543024
Energy 1 -112.746645419857
Sum: 40 -> 35
Time elapsed in TRUNC: 0.000122281
Propagating t with norm 1
Memory usage : 11819256 395072 
Sweep has been running for 0.0187901 seconds.

Sweep 13, optimizing sites 4 and 5
JCD used 1 iterations.
Time elapsed in JCD: 0.00203068
Energy 1 -112.746645419857
Sum: 12 -> 10
Time elapsed in TRUNC: 7.641e-05
Propagating t with norm 1
Memory usage : 11819256 395072 
Sweep has been running for 0.0227135 seconds.

Sweep 13, optimizing sites 5 and 6
JCD used 1 iterations.
Time elapsed in JCD: 0.000354392
Energy 1 -112.746645419857
Sum: 4 -> 3
Time elapsed in TRUNC: 3.2231e-05
Propagating t with norm 1
Memory usage : 11819256 395072 
Sweep has been running for 0.0236718 seconds.

Sweep 13, optimizing sites 5 and 6
JCD used 1 iterations.
Time elapsed in JCD: 0.000352242
Energy -1 -112.746645419857
Sum: 4 -> 3
Time elapsed in TRUNC: 3.0761e-05
Propagating t with norm 1
Memory usage : 11819256 395072 
Sweep has been running for 0.024621 seconds.

Sweep 13, optimizing sites 4 and 5
JCD used 1 iterations.
Time elapsed in JCD: 0.00170938
Energy -1 -112.746645419857
Sum: 12 -> 10
Time elapsed in TRUNC: 9.9651e-05
Propagating t with norm 1
Memory usage : 11819256 395072 
Sweep has been running for 0.0274408 seconds.

Sweep 13, optimizing sites 3 and 4
JCD used 1 iterations.
Time elapsed in JCD: 0.00486813
Energy -1 -112.746645419857
Sum: 40 -> 35
Time elapsed in TRUNC: 0.000123001
Propagating t with norm 1
Memory usage : 11819256 395072 
Sweep has been running for 0.0342656 seconds.

Sweep 13, optimizing sites 2 and 3
JCD used 1 iterations.
Time elapsed in JCD: 0.00423396
Energy -1 -112.746645419857
Sum: 40 -> 35
Time elapsed in TRUNC: 0.000123601
Propagating t with norm 1
Memory usage : 11819256 395072 
Sweep has been running for 0.0411343 seconds.

Sweep 13, optimizing sites 1 and 2
JCD used 1 iterations.
Time elapsed in JCD: 0.00234694
Energy -1 -112.746645419857
Sum: 12 -> 10
Time elapsed in TRUNC: 7.964e-05
Propagating t with norm 1
Memory usage : 11819256 395072 
Sweep has been running for 0.0451552 seconds.

Sweep 13, optimizing sites 0 and 1
JCD used 1 iterations.
Time elapsed in JCD: 0.000343673
Energy -1 -112.746645419857
Sum: 4 -> 3
Time elapsed in TRUNC: 2.955e-05
Propagating t with norm 1
Memory usage : 11819256 395072 
Sweep has been running for 0.046122 seconds.
Measuring oneptdm
 measuring in su2 version of tagged_nrank 
Measuring twoptdm
 measuring in su2 version of tagged_nrank 
The hamiltonian will contain 1233 terms
MPO Bond 0: 56/20
MPO Bond 1: 62/23
MPO Bond 2: 76/30
MPO Bond 3: 98/41
MPO Bond 4: 128/56
MPO Bond 5: 10/3
MPO Bond 6: 1/0
This binary contains symmetries: 2u1pg su2u1pg 
DMRG version 3.1.1
Temporary storage enabled in ./tmp//storage_temp_0940b87bbb2b/
Will start again at site -1 in sweep 14
Loading checkpoint from /public/home/xzzeng/work/HQC/CO/autoCAS/autocas_project/final/autocas_project.checkpoint_state.0.h5
Parameters:
               Sites: 7
           Electrons: 8
                Spin: 0
               Irrep: 0
The hamiltonian will contain 1233 terms
MPO Bond 0: 56/20
MPO Bond 1: 62/23
MPO Bond 2: 76/30
MPO Bond 3: 98/41
MPO Bond 4: 128/56
MPO Bond 5: 10/3
MPO Bond 6: 1/0
MPS initialization has finished...
Expecting 0 states to orthogonalize to.
Boundaries are partially initialized...
Boundaries are fully initialized...
Done init_left_right
TSMPOTensor: 1x62,  62 operators, 62 tags
TSMPOTensor: 56x76,  211 operators, 154 tags
TSMPOTensor: 62x98,  315 operators, 232 tags
TSMPOTensor: 76x128,  395 operators, 272 tags
TSMPOTensor: 98x10,  259 operators, 224 tags
TSMPOTensor: 128x1,  128 operators, 82 tags
Total number of tags: 1026

Sweep 14, optimizing sites 0 and 1
JCD used 9 iterations.
Time elapsed in JCD: 0.0026744
Energy 1 -112.749482049174
Sum: 4 -> 3
Time elapsed in TRUNC: 3.636e-05
Propagating t with norm 1
Memory usage : 11819256 394848 
Sweep has been running for 0.00319925 seconds.

Sweep 14, optimizing sites 1 and 2
JCD used 10 iterations.
Time elapsed in JCD: 0.0156905
Energy 1 -112.749865805011
Sum: 12 -> 10
Time elapsed in TRUNC: 7.1191e-05
Propagating t with norm 1
Memory usage : 11819256 394848 
Sweep has been running for 0.0196113 seconds.

Sweep 14, optimizing sites 2 and 3
JCD used 10 iterations.
Time elapsed in JCD: 0.0403187
Energy 1 -112.750173917025
Sum: 40 -> 35
Time elapsed in TRUNC: 0.000125151
Propagating t with norm 1
Memory usage : 11819256 394848 
Sweep has been running for 0.0615175 seconds.

Sweep 14, optimizing sites 3 and 4
JCD used 9 iterations.
Time elapsed in JCD: 0.0412072
Energy 1 -112.750173919587
Sum: 40 -> 35
Time elapsed in TRUNC: 0.00012387
Propagating t with norm 1
Memory usage : 11819256 394848 
Sweep has been running for 0.105376 seconds.

Sweep 14, optimizing sites 4 and 5
JCD used 1 iterations.
Time elapsed in JCD: 0.00218498
Energy 1 -112.750173920605
Sum: 12 -> 10
Time elapsed in TRUNC: 7.5021e-05
Propagating t with norm 1
Memory usage : 11819256 394848 
Sweep has been running for 0.109364 seconds.

Sweep 14, optimizing sites 5 and 6
JCD used 1 iterations.
Time elapsed in JCD: 0.000357053
Energy 1 -112.750173920605
Sum: 4 -> 3
Time elapsed in TRUNC: 3.146e-05
Propagating t with norm 1
Memory usage : 11819256 394848 
Sweep has been running for 0.110302 seconds.

Sweep 14, optimizing sites 5 and 6
JCD used 1 iterations.
Time elapsed in JCD: 0.000358152
Energy -1 -112.750173920605
Sum: 4 -> 3
Time elapsed in TRUNC: 3.1461e-05
Propagating t with norm 1
Memory usage : 11819256 394848 
Sweep has been running for 0.111284 seconds.

Sweep 14, optimizing sites 4 and 5
JCD used 1 iterations.
Time elapsed in JCD: 0.00188013
Energy -1 -112.750173920605
Sum: 12 -> 10
Time elapsed in TRUNC: 7.763e-05
Propagating t with norm 1
Memory usage : 11819256 394848 
Sweep has been running for 0.114372 seconds.

Sweep 14, optimizing sites 3 and 4
JCD used 1 iterations.
Time elapsed in JCD: 0.00506344
Energy -1 -112.750173920605
Sum: 40 -> 35
Time elapsed in TRUNC: 0.000123101
Propagating t with norm 1
Memory usage : 11819256 394848 
Sweep has been running for 0.121355 seconds.

Sweep 14, optimizing sites 2 and 3
JCD used 1 iterations.
Time elapsed in JCD: 0.00408317
Energy -1 -112.750173920605
Sum: 40 -> 35
Time elapsed in TRUNC: 0.000121221
Propagating t with norm 1
Memory usage : 11819256 394848 
Sweep has been running for 0.128289 seconds.

Sweep 14, optimizing sites 1 and 2
JCD used 1 iterations.
Time elapsed in JCD: 0.00170104
Energy -1 -112.750173920605
Sum: 12 -> 10
Time elapsed in TRUNC: 6.9641e-05
Propagating t with norm 1
Memory usage : 11819256 394848 
Sweep has been running for 0.13154 seconds.

Sweep 14, optimizing sites 0 and 1
JCD used 1 iterations.
Time elapsed in JCD: 0.000335103
Energy -1 -112.750173920605
Sum: 4 -> 3
Time elapsed in TRUNC: 3.029e-05
Propagating t with norm 1
Memory usage : 11819256 394848 
Sweep has been running for 0.132522 seconds.

Sweep 15, optimizing sites 0 and 1
JCD used 1 iterations.
Time elapsed in JCD: 0.000535054
Energy 1 -112.750173920605
Sum: 4 -> 3
Time elapsed in TRUNC: 3.2001e-05
Propagating t with norm 1
Memory usage : 11819256 395364 
Sweep has been running for 0.000959327 seconds.

Sweep 15, optimizing sites 1 and 2
JCD used 1 iterations.
Time elapsed in JCD: 0.00168567
Energy 1 -112.750173920605
Sum: 12 -> 10
Time elapsed in TRUNC: 6.992e-05
Propagating t with norm 1
Memory usage : 11819256 395364 
Sweep has been running for 0.00376909 seconds.

Sweep 15, optimizing sites 2 and 3
JCD used 1 iterations.
Time elapsed in JCD: 0.00461696
Energy 1 -112.750173920605
Sum: 40 -> 35
Time elapsed in TRUNC: 0.000123371
Propagating t with norm 1
Memory usage : 11819256 395364 
Sweep has been running for 0.0104004 seconds.

Sweep 15, optimizing sites 3 and 4
JCD used 1 iterations.
Time elapsed in JCD: 0.00570768
Energy 1 -112.750173920605
Sum: 40 -> 35
Time elapsed in TRUNC: 0.000121831
Propagating t with norm 1
Memory usage : 11819256 395364 
Sweep has been running for 0.0190334 seconds.

Sweep 15, optimizing sites 4 and 5
JCD used 1 iterations.
Time elapsed in JCD: 0.00177856
Energy 1 -112.750173920605
Sum: 12 -> 10
Time elapsed in TRUNC: 6.8581e-05
Propagating t with norm 1
Memory usage : 11819256 395364 
Sweep has been running for 0.0228388 seconds.

Sweep 15, optimizing sites 5 and 6
JCD used 1 iterations.
Time elapsed in JCD: 0.000352363
Energy 1 -112.750173920605
Sum: 4 -> 3
Time elapsed in TRUNC: 3.104e-05
Propagating t with norm 1
Memory usage : 11819256 395364 
Sweep has been running for 0.023761 seconds.

Sweep 15, optimizing sites 5 and 6
JCD used 1 iterations.
Time elapsed in JCD: 0.000411773
Energy -1 -112.750173920605
Sum: 4 -> 3
Time elapsed in TRUNC: 4.799e-05
Propagating t with norm 1
Memory usage : 11819256 395364 
Sweep has been running for 0.0250495 seconds.

Sweep 15, optimizing sites 4 and 5
JCD used 1 iterations.
Time elapsed in JCD: 0.00199621
Energy -1 -112.750173920605
Sum: 12 -> 10
Time elapsed in TRUNC: 7.211e-05
Propagating t with norm 1
Memory usage : 11819256 395364 
Sweep has been running for 0.0281334 seconds.

Sweep 15, optimizing sites 3 and 4
JCD used 1 iterations.
Time elapsed in JCD: 0.00518433
Energy -1 -112.750173920605
Sum: 40 -> 35
Time elapsed in TRUNC: 0.000122561
Propagating t with norm 1
Memory usage : 11819256 395364 
Sweep has been running for 0.0354377 seconds.

Sweep 15, optimizing sites 2 and 3
JCD used 1 iterations.
Time elapsed in JCD: 0.00442997
Energy -1 -112.750173920605
Sum: 40 -> 35
Time elapsed in TRUNC: 0.000121381
Propagating t with norm 1
Memory usage : 11819256 395364 
Sweep has been running for 0.0427059 seconds.

Sweep 15, optimizing sites 1 and 2
JCD used 1 iterations.
Time elapsed in JCD: 0.00167038
Energy -1 -112.750173920605
Sum: 12 -> 10
Time elapsed in TRUNC: 6.6981e-05
Propagating t with norm 1
Memory usage : 11819256 395364 
Sweep has been running for 0.04676 seconds.

Sweep 15, optimizing sites 0 and 1
JCD used 1 iterations.
Time elapsed in JCD: 0.000348643
Energy -1 -112.750173920605
Sum: 4 -> 3
Time elapsed in TRUNC: 0.000196231
Propagating t with norm 1
Memory usage : 11819256 395364 
Sweep has been running for 0.0479033 seconds.
Measuring oneptdm
 measuring in su2 version of tagged_nrank 
Measuring twoptdm
 measuring in su2 version of tagged_nrank 
The hamiltonian will contain 1233 terms
MPO Bond 0: 56/20
MPO Bond 1: 62/23
MPO Bond 2: 76/30
MPO Bond 3: 98/41
MPO Bond 4: 128/56
MPO Bond 5: 10/3
MPO Bond 6: 1/0
This binary contains symmetries: 2u1pg su2u1pg 
DMRG version 3.1.1
Temporary storage enabled in ./tmp//storage_temp_1d82c5bf340c/
Will start again at site -1 in sweep 16
Loading checkpoint from /public/home/xzzeng/work/HQC/CO/autoCAS/autocas_project/final/autocas_project.checkpoint_state.0.h5
Parameters:
               Sites: 7
           Electrons: 8
                Spin: 0
               Irrep: 0
The hamiltonian will contain 1233 terms
MPO Bond 0: 56/20
MPO Bond 1: 62/23
MPO Bond 2: 76/30
MPO Bond 3: 98/41
MPO Bond 4: 128/56
MPO Bond 5: 10/3
MPO Bond 6: 1/0
MPS initialization has finished...
Expecting 0 states to orthogonalize to.
Boundaries are partially initialized...
Boundaries are fully initialized...
Done init_left_right
TSMPOTensor: 1x62,  62 operators, 62 tags
TSMPOTensor: 56x76,  211 operators, 154 tags
TSMPOTensor: 62x98,  315 operators, 232 tags
TSMPOTensor: 76x128,  395 operators, 272 tags
TSMPOTensor: 98x10,  259 operators, 224 tags
TSMPOTensor: 128x1,  128 operators, 82 tags
Total number of tags: 1026

Sweep 16, optimizing sites 0 and 1
JCD used 8 iterations.
Time elapsed in JCD: 0.00283682
Energy 1 -112.753132051048
Sum: 4 -> 3
Time elapsed in TRUNC: 3.526e-05
Propagating t with norm 1
Memory usage : 11819256 395364 
Sweep has been running for 0.00374944 seconds.

Sweep 16, optimizing sites 1 and 2
JCD used 10 iterations.
Time elapsed in JCD: 0.0163328
Energy 1 -112.753321471414
Sum: 12 -> 10
Time elapsed in TRUNC: 6.57e-05
Propagating t with norm 1
Memory usage : 11819256 395364 
Sweep has been running for 0.0208258 seconds.

Sweep 16, optimizing sites 2 and 3
JCD used 10 iterations.
Time elapsed in JCD: 0.0409937
Energy 1 -112.753481990899
Sum: 40 -> 35
Time elapsed in TRUNC: 0.000125341
Propagating t with norm 1
Memory usage : 11819256 395364 
Sweep has been running for 0.063534 seconds.

Sweep 16, optimizing sites 3 and 4
JCD used 9 iterations.
Time elapsed in JCD: 0.0415907
Energy 1 -112.753481988241
Sum: 40 -> 35
Time elapsed in TRUNC: 0.000122711
Propagating t with norm 1
Memory usage : 11819256 395364 
Sweep has been running for 0.107821 seconds.

Sweep 16, optimizing sites 4 and 5
JCD used 1 iterations.
Time elapsed in JCD: 0.00180509
Energy 1 -112.753481988593
Sum: 12 -> 10
Time elapsed in TRUNC: 7.3841e-05
Propagating t with norm 1
Memory usage : 11819256 395364 
Sweep has been running for 0.111548 seconds.

Sweep 16, optimizing sites 5 and 6
JCD used 1 iterations.
Time elapsed in JCD: 0.000356142
Energy 1 -112.753481988593
Sum: 4 -> 3
Time elapsed in TRUNC: 3.1451e-05
Propagating t with norm 1
Memory usage : 11819256 395364 
Sweep has been running for 0.112598 seconds.

Sweep 16, optimizing sites 5 and 6
JCD used 1 iterations.
Time elapsed in JCD: 0.000543934
Energy -1 -112.753481988593
Sum: 4 -> 3
Time elapsed in TRUNC: 4.1101e-05
Propagating t with norm 1
Memory usage : 11819256 395364 
Sweep has been running for 0.113824 seconds.

Sweep 16, optimizing sites 4 and 5
JCD used 1 iterations.
Time elapsed in JCD: 0.00222439
Energy -1 -112.753481988593
Sum: 12 -> 10
Time elapsed in TRUNC: 7.6741e-05
Propagating t with norm 1
Memory usage : 11819256 395364 
Sweep has been running for 0.117151 seconds.

Sweep 16, optimizing sites 3 and 4
JCD used 1 iterations.
Time elapsed in JCD: 0.00545256
Energy -1 -112.753481988593
Sum: 40 -> 35
Time elapsed in TRUNC: 0.000121871
Propagating t with norm 1
Memory usage : 11819256 395364 
Sweep has been running for 0.124798 seconds.

Sweep 16, optimizing sites 2 and 3
JCD used 1 iterations.
Time elapsed in JCD: 0.00451317
Energy -1 -112.753481988593
Sum: 40 -> 35
Time elapsed in TRUNC: 0.000122451
Propagating t with norm 1
Memory usage : 11819256 395364 
Sweep has been running for 0.132467 seconds.

Sweep 16, optimizing sites 1 and 2
JCD used 1 iterations.
Time elapsed in JCD: 0.00233189
Energy -1 -112.753481988593
Sum: 12 -> 10
Time elapsed in TRUNC: 7.4251e-05
Propagating t with norm 1
Memory usage : 11819256 395364 
Sweep has been running for 0.136488 seconds.

Sweep 16, optimizing sites 0 and 1
JCD used 1 iterations.
Time elapsed in JCD: 0.000337233
Energy -1 -112.753481988593
Sum: 4 -> 3
Time elapsed in TRUNC: 2.968e-05
Propagating t with norm 1
Memory usage : 11819256 395364 
Sweep has been running for 0.137661 seconds.

Sweep 17, optimizing sites 0 and 1
JCD used 1 iterations.
Time elapsed in JCD: 0.000355652
Energy 1 -112.753481988593
Sum: 4 -> 3
Time elapsed in TRUNC: 3.2501e-05
Propagating t with norm 1
Memory usage : 11819256 395364 
Sweep has been running for 0.000808946 seconds.

Sweep 17, optimizing sites 1 and 2
JCD used 1 iterations.
Time elapsed in JCD: 0.00178866
Energy 1 -112.753481988593
Sum: 12 -> 10
Time elapsed in TRUNC: 7.521e-05
Propagating t with norm 1
Memory usage : 11819256 395364 
Sweep has been running for 0.0035972 seconds.

Sweep 17, optimizing sites 2 and 3
JCD used 1 iterations.
Time elapsed in JCD: 0.00422379
Energy 1 -112.753481988593
Sum: 40 -> 35
Time elapsed in TRUNC: 0.000124341
Propagating t with norm 1
Memory usage : 11819256 395364 
Sweep has been running for 0.00949998 seconds.

Sweep 17, optimizing sites 3 and 4
JCD used 1 iterations.
Time elapsed in JCD: 0.00492461
Energy 1 -112.753481988593
Sum: 40 -> 35
Time elapsed in TRUNC: 0.000120821
Propagating t with norm 1
Memory usage : 11819256 395364 
Sweep has been running for 0.0171845 seconds.

Sweep 17, optimizing sites 4 and 5
JCD used 1 iterations.
Time elapsed in JCD: 0.00160327
Energy 1 -112.753481988593
Sum: 12 -> 10
Time elapsed in TRUNC: 7.007e-05
Propagating t with norm 1
Memory usage : 11819256 395364 
Sweep has been running for 0.0211239 seconds.

Sweep 17, optimizing sites 5 and 6
JCD used 1 iterations.
Time elapsed in JCD: 0.000360823
Energy 1 -112.753481988593
Sum: 4 -> 3
Time elapsed in TRUNC: 3.472e-05
Propagating t with norm 1
Memory usage : 11819256 395364 
Sweep has been running for 0.0220884 seconds.

Sweep 17, optimizing sites 5 and 6
JCD used 1 iterations.
Time elapsed in JCD: 0.000356452
Energy -1 -112.753481988593
Sum: 4 -> 3
Time elapsed in TRUNC: 3.2441e-05
Propagating t with norm 1
Memory usage : 11819256 395364 
Sweep has been running for 0.0230901 seconds.

Sweep 17, optimizing sites 4 and 5
JCD used 1 iterations.
Time elapsed in JCD: 0.00170667
Energy -1 -112.753481988593
Sum: 12 -> 10
Time elapsed in TRUNC: 7.4e-05
Propagating t with norm 1
Memory usage : 11819256 395364 
Sweep has been running for 0.0258948 seconds.

Sweep 17, optimizing sites 3 and 4
JCD used 1 iterations.
Time elapsed in JCD: 0.00516113
Energy -1 -112.753481988593
Sum: 40 -> 35
Time elapsed in TRUNC: 0.000124921
Propagating t with norm 1
Memory usage : 11819256 395364 
Sweep has been running for 0.0330147 seconds.

Sweep 17, optimizing sites 2 and 3
JCD used 1 iterations.
Time elapsed in JCD: 0.00454555
Energy -1 -112.753481988593
Sum: 40 -> 35
Time elapsed in TRUNC: 0.000122931
Propagating t with norm 1
Memory usage : 11819256 395364 
Sweep has been running for 0.0405821 seconds.

Sweep 17, optimizing sites 1 and 2
JCD used 1 iterations.
Time elapsed in JCD: 0.00209918
Energy -1 -112.753481988593
Sum: 12 -> 10
Time elapsed in TRUNC: 7.8021e-05
Propagating t with norm 1
Memory usage : 11819256 395364 
Sweep has been running for 0.0443822 seconds.

Sweep 17, optimizing sites 0 and 1
JCD used 1 iterations.
Time elapsed in JCD: 0.000343843
Energy -1 -112.753481988593
Sum: 4 -> 3
Time elapsed in TRUNC: 3.003e-05
Propagating t with norm 1
Memory usage : 11819256 395364 
Sweep has been running for 0.0453604 seconds.

Sweep 18, optimizing sites 0 and 1
JCD used 1 iterations.
Time elapsed in JCD: 0.000446934
Energy 1 -112.753481988593
Sum: 4 -> 3
Time elapsed in TRUNC: 3.417e-05
Propagating t with norm 1
Memory usage : 11819256 395364 
Sweep has been running for 0.000917556 seconds.

Sweep 18, optimizing sites 1 and 2
JCD used 1 iterations.
Time elapsed in JCD: 0.00182349
Energy 1 -112.753481988593
Sum: 12 -> 10
Time elapsed in TRUNC: 7.181e-05
Propagating t with norm 1
Memory usage : 11819256 395364 
Sweep has been running for 0.00355031 seconds.

Sweep 18, optimizing sites 2 and 3
JCD used 1 iterations.
Time elapsed in JCD: 0.00423332
Energy 1 -112.753481988593
Sum: 40 -> 35
Time elapsed in TRUNC: 0.000127281
Propagating t with norm 1
Memory usage : 11819256 395364 
Sweep has been running for 0.00997004 seconds.

Sweep 18, optimizing sites 3 and 4
JCD used 1 iterations.
Time elapsed in JCD: 0.00479442
Energy 1 -112.753481988593
Sum: 40 -> 35
Time elapsed in TRUNC: 0.000122451
Propagating t with norm 1
Memory usage : 11819256 395364 
Sweep has been running for 0.0175602 seconds.

Sweep 18, optimizing sites 4 and 5
JCD used 1 iterations.
Time elapsed in JCD: 0.00200441
Energy 1 -112.753481988593
Sum: 12 -> 10
Time elapsed in TRUNC: 7.527e-05
Propagating t with norm 1
Memory usage : 11819256 395364 
Sweep has been running for 0.0213974 seconds.

Sweep 18, optimizing sites 5 and 6
JCD used 1 iterations.
Time elapsed in JCD: 0.000373612
Energy 1 -112.753481988593
Sum: 4 -> 3
Time elapsed in TRUNC: 3.2411e-05
Propagating t with norm 1
Memory usage : 11819256 395364 
Sweep has been running for 0.0223559 seconds.

Sweep 18, optimizing sites 5 and 6
JCD used 1 iterations.
Time elapsed in JCD: 0.000357312
Energy -1 -112.753481988593
Sum: 4 -> 3
Time elapsed in TRUNC: 3.155e-05
Propagating t with norm 1
Memory usage : 11819256 395364 
Sweep has been running for 0.0233287 seconds.

Sweep 18, optimizing sites 4 and 5
JCD used 1 iterations.
Time elapsed in JCD: 0.00166617
Energy -1 -112.753481988593
Sum: 12 -> 10
Time elapsed in TRUNC: 7.373e-05
Propagating t with norm 1
Memory usage : 11819256 395364 
Sweep has been running for 0.0260678 seconds.

Sweep 18, optimizing sites 3 and 4
JCD used 1 iterations.
Time elapsed in JCD: 0.00487001
Energy -1 -112.753481988593
Sum: 40 -> 35
Time elapsed in TRUNC: 0.0001196
Propagating t with norm 1
Memory usage : 11819256 395364 
Sweep has been running for 0.0328535 seconds.

Sweep 18, optimizing sites 2 and 3
JCD used 1 iterations.
Time elapsed in JCD: 0.00405184
Energy -1 -112.753481988593
Sum: 40 -> 35
Time elapsed in TRUNC: 0.000120661
Propagating t with norm 1
Memory usage : 11819256 395364 
Sweep has been running for 0.0394802 seconds.

Sweep 18, optimizing sites 1 and 2
JCD used 1 iterations.
Time elapsed in JCD: 0.00163609
Energy -1 -112.753481988593
Sum: 12 -> 10
Time elapsed in TRUNC: 6.6951e-05
Propagating t with norm 1
Memory usage : 11819256 395364 
Sweep has been running for 0.0427584 seconds.

Sweep 18, optimizing sites 0 and 1
JCD used 1 iterations.
Time elapsed in JCD: 0.000335102
Energy -1 -112.753481988593
Sum: 4 -> 3
Time elapsed in TRUNC: 3.034e-05
Propagating t with norm 1
Memory usage : 11819256 395364 
Sweep has been running for 0.0437052 seconds.
Measuring oneptdm
 measuring in su2 version of tagged_nrank 
Measuring twoptdm
 measuring in su2 version of tagged_nrank 
The hamiltonian will contain 1233 terms
MPO Bond 0: 56/20
MPO Bond 1: 62/23
MPO Bond 2: 76/30
MPO Bond 3: 98/41
MPO Bond 4: 128/56
MPO Bond 5: 10/3
MPO Bond 6: 1/0
This binary contains symmetries: 2u1pg su2u1pg 
DMRG version 3.1.1
Temporary storage enabled in ./tmp//storage_temp_2ecd6b5b3f57/
Will start again at site -1 in sweep 19
Loading checkpoint from /public/home/xzzeng/work/HQC/CO/autoCAS/autocas_project/final/autocas_project.checkpoint_state.0.h5
Parameters:
               Sites: 7
           Electrons: 8
                Spin: 0
               Irrep: 0
The hamiltonian will contain 1233 terms
MPO Bond 0: 56/20
MPO Bond 1: 62/23
MPO Bond 2: 76/30
MPO Bond 3: 98/41
MPO Bond 4: 128/56
MPO Bond 5: 10/3
MPO Bond 6: 1/0
MPS initialization has finished...
Expecting 0 states to orthogonalize to.
Boundaries are partially initialized...
Boundaries are fully initialized...
Done init_left_right
TSMPOTensor: 1x62,  62 operators, 62 tags
TSMPOTensor: 56x76,  211 operators, 154 tags
TSMPOTensor: 62x98,  315 operators, 232 tags
TSMPOTensor: 76x128,  395 operators, 272 tags
TSMPOTensor: 98x10,  259 operators, 224 tags
TSMPOTensor: 128x1,  128 operators, 82 tags
Total number of tags: 1026

Sweep 19, optimizing sites 0 and 1
JCD used 9 iterations.
Time elapsed in JCD: 0.0029184
Energy 1 -112.75858714849
Sum: 4 -> 3
Time elapsed in TRUNC: 3.924e-05
Propagating t with norm 1
Memory usage : 11819256 395364 
Sweep has been running for 0.00348078 seconds.

Sweep 19, optimizing sites 1 and 2
JCD used 10 iterations.
Time elapsed in JCD: 0.0162263
Energy 1 -112.759394894613
Sum: 12 -> 10
Time elapsed in TRUNC: 7.5141e-05
Propagating t with norm 1
Memory usage : 11819256 395364 
Sweep has been running for 0.0204386 seconds.

Sweep 19, optimizing sites 2 and 3
JCD used 10 iterations.
Time elapsed in JCD: 0.0409368
Energy 1 -112.760324380313
Sum: 40 -> 35
Time elapsed in TRUNC: 0.000126521
Propagating t with norm 1
Memory usage : 11819256 395364 
Sweep has been running for 0.0629747 seconds.

Sweep 19, optimizing sites 3 and 4
JCD used 10 iterations.
Time elapsed in JCD: 0.0469536
Energy 1 -112.760324378055
Sum: 40 -> 35
Time elapsed in TRUNC: 0.000124101
Propagating t with norm 1
Memory usage : 11819256 395364 
Sweep has been running for 0.112655 seconds.

Sweep 19, optimizing sites 4 and 5
JCD used 1 iterations.
Time elapsed in JCD: 0.00185742
Energy 1 -112.76032437842
Sum: 12 -> 10
Time elapsed in TRUNC: 6.803e-05
Propagating t with norm 1
Memory usage : 11819256 395364 
Sweep has been running for 0.117187 seconds.

Sweep 19, optimizing sites 5 and 6
JCD used 1 iterations.
Time elapsed in JCD: 0.000359503
Energy 1 -112.76032437842
Sum: 4 -> 3
Time elapsed in TRUNC: 3.201e-05
Propagating t with norm 1
Memory usage : 11819256 395364 
Sweep has been running for 0.118295 seconds.

Sweep 19, optimizing sites 5 and 6
JCD used 1 iterations.
Time elapsed in JCD: 0.000440594
Energy -1 -112.76032437842
Sum: 4 -> 3
Time elapsed in TRUNC: 6.23e-05
Propagating t with norm 1
Memory usage : 11819256 395364 
Sweep has been running for 0.119355 seconds.

Sweep 19, optimizing sites 4 and 5
JCD used 1 iterations.
Time elapsed in JCD: 0.00179472
Energy -1 -112.76032437842
Sum: 12 -> 10
Time elapsed in TRUNC: 8.0411e-05
Propagating t with norm 1
Memory usage : 11819256 395364 
Sweep has been running for 0.122068 seconds.

Sweep 19, optimizing sites 3 and 4
JCD used 1 iterations.
Time elapsed in JCD: 0.00487037
Energy -1 -112.76032437842
Sum: 40 -> 35
Time elapsed in TRUNC: 0.000121101
Propagating t with norm 1
Memory usage : 11819256 395364 
Sweep has been running for 0.128819 seconds.

Sweep 19, optimizing sites 2 and 3
JCD used 1 iterations.
Time elapsed in JCD: 0.0040304
Energy -1 -112.76032437842
Sum: 40 -> 35
Time elapsed in TRUNC: 0.000121441
Propagating t with norm 1
Memory usage : 11819256 395364 
Sweep has been running for 0.135434 seconds.

Sweep 19, optimizing sites 1 and 2
JCD used 1 iterations.
Time elapsed in JCD: 0.00185468
Energy -1 -112.76032437842
Sum: 12 -> 10
Time elapsed in TRUNC: 7.3101e-05
Propagating t with norm 1
Memory usage : 11819256 395364 
Sweep has been running for 0.138965 seconds.

Sweep 19, optimizing sites 0 and 1
JCD used 1 iterations.
Time elapsed in JCD: 0.000399863
Energy -1 -112.76032437842
Sum: 4 -> 3
Time elapsed in TRUNC: 2.971e-05
Propagating t with norm 1
Memory usage : 11819256 395364 
Sweep has been running for 0.140029 seconds.

Sweep 20, optimizing sites 0 and 1
JCD used 1 iterations.
Time elapsed in JCD: 0.000342522
Energy 1 -112.76032437842
Sum: 4 -> 3
Time elapsed in TRUNC: 3.2591e-05
Propagating t with norm 1
Memory usage : 11819256 395364 
Sweep has been running for 0.000766486 seconds.

Sweep 20, optimizing sites 1 and 2
JCD used 1 iterations.
Time elapsed in JCD: 0.00176262
Energy 1 -112.76032437842
Sum: 12 -> 10
Time elapsed in TRUNC: 7.313e-05
Propagating t with norm 1
Memory usage : 11819256 395364 
Sweep has been running for 0.00366452 seconds.

Sweep 20, optimizing sites 2 and 3
JCD used 1 iterations.
Time elapsed in JCD: 0.00444565
Energy 1 -112.76032437842
Sum: 40 -> 35
Time elapsed in TRUNC: 0.000119461
Propagating t with norm 1
Memory usage : 11819256 395364 
Sweep has been running for 0.00999664 seconds.

Sweep 20, optimizing sites 3 and 4
JCD used 1 iterations.
Time elapsed in JCD: 0.00475751
Energy 1 -112.76032437842
Sum: 40 -> 35
Time elapsed in TRUNC: 0.000119461
Propagating t with norm 1
Memory usage : 11819256 395364 
Sweep has been running for 0.0174954 seconds.

Sweep 20, optimizing sites 4 and 5
JCD used 1 iterations.
Time elapsed in JCD: 0.00193302
Energy 1 -112.76032437842
Sum: 12 -> 10
Time elapsed in TRUNC: 7.184e-05
Propagating t with norm 1
Memory usage : 11819256 395364 
Sweep has been running for 0.0213903 seconds.

Sweep 20, optimizing sites 5 and 6
JCD used 1 iterations.
Time elapsed in JCD: 0.000558384
Energy 1 -112.76032437842
Sum: 4 -> 3
Time elapsed in TRUNC: 3.456e-05
Propagating t with norm 1
Memory usage : 11819256 395364 
Sweep has been running for 0.0227376 seconds.

Sweep 20, optimizing sites 5 and 6
JCD used 1 iterations.
Time elapsed in JCD: 0.000335492
Energy -1 -112.76032437842
Sum: 4 -> 3
Time elapsed in TRUNC: 2.9711e-05
Propagating t with norm 1
Memory usage : 11819256 395364 
Sweep has been running for 0.0235587 seconds.

Sweep 20, optimizing sites 4 and 5
JCD used 1 iterations.
Time elapsed in JCD: 0.00162455
Energy -1 -112.76032437842
Sum: 12 -> 10
Time elapsed in TRUNC: 7.2401e-05
Propagating t with norm 1
Memory usage : 11819256 395364 
Sweep has been running for 0.0262617 seconds.

Sweep 20, optimizing sites 3 and 4
JCD used 1 iterations.
Time elapsed in JCD: 0.0053824
Energy -1 -112.76032437842
Sum: 40 -> 35
Time elapsed in TRUNC: 0.000120701
Propagating t with norm 1
Memory usage : 11819256 395364 
Sweep has been running for 0.0340214 seconds.

Sweep 20, optimizing sites 2 and 3
JCD used 1 iterations.
Time elapsed in JCD: 0.00484752
Energy -1 -112.76032437842
Sum: 40 -> 35
Time elapsed in TRUNC: 0.000121691
Propagating t with norm 1
Memory usage : 11819256 395364 
Sweep has been running for 0.0415643 seconds.

Sweep 20, optimizing sites 1 and 2
JCD used 1 iterations.
Time elapsed in JCD: 0.002297
Energy -1 -112.76032437842
Sum: 12 -> 10
Time elapsed in TRUNC: 7.4061e-05
Propagating t with norm 1
Memory usage : 11819256 395364 
Sweep has been running for 0.0456885 seconds.

Sweep 20, optimizing sites 0 and 1
JCD used 1 iterations.
Time elapsed in JCD: 0.000339902
Energy -1 -112.76032437842
Sum: 4 -> 3
Time elapsed in TRUNC: 2.9711e-05
Propagating t with norm 1
Memory usage : 11819256 395364 
Sweep has been running for 0.0466511 seconds.

Sweep 21, optimizing sites 0 and 1
JCD used 1 iterations.
Time elapsed in JCD: 0.000346632
Energy 1 -112.76032437842
Sum: 4 -> 3
Time elapsed in TRUNC: 3.2151e-05
Propagating t with norm 1
Memory usage : 11819256 395364 
Sweep has been running for 0.000969177 seconds.

Sweep 21, optimizing sites 1 and 2
JCD used 1 iterations.
Time elapsed in JCD: 0.00183842
Energy 1 -112.76032437842
Sum: 12 -> 10
Time elapsed in TRUNC: 0.000273042
Propagating t with norm 1
Memory usage : 11819256 395364 
Sweep has been running for 0.00397311 seconds.

Sweep 21, optimizing sites 2 and 3
JCD used 1 iterations.
Time elapsed in JCD: 0.0041321
Energy 1 -112.76032437842
Sum: 40 -> 35
Time elapsed in TRUNC: 0.000120791
Propagating t with norm 1
Memory usage : 11819256 395364 
Sweep has been running for 0.00993957 seconds.

Sweep 21, optimizing sites 3 and 4
JCD used 1 iterations.
Time elapsed in JCD: 0.00557324
Energy 1 -112.76032437842
Sum: 40 -> 35
Time elapsed in TRUNC: 0.000193162
Propagating t with norm 1
Memory usage : 11819256 395364 
Sweep has been running for 0.0186113 seconds.

Sweep 21, optimizing sites 4 and 5
JCD used 1 iterations.
Time elapsed in JCD: 0.00182164
Energy 1 -112.76032437842
Sum: 12 -> 10
Time elapsed in TRUNC: 7.0711e-05
Propagating t with norm 1
Memory usage : 11819256 395364 
Sweep has been running for 0.0223668 seconds.

Sweep 21, optimizing sites 5 and 6
JCD used 1 iterations.
Time elapsed in JCD: 0.000353603
Energy 1 -112.76032437842
Sum: 4 -> 3
Time elapsed in TRUNC: 3.187e-05
Propagating t with norm 1
Memory usage : 11819256 395364 
Sweep has been running for 0.023742 seconds.

Sweep 21, optimizing sites 5 and 6
JCD used 1 iterations.
Time elapsed in JCD: 0.000457084
Energy -1 -112.76032437842
Sum: 4 -> 3
Time elapsed in TRUNC: 3.183e-05
Propagating t with norm 1
Memory usage : 11819256 395364 
Sweep has been running for 0.0247151 seconds.

Sweep 21, optimizing sites 4 and 5
JCD used 1 iterations.
Time elapsed in JCD: 0.00159271
Energy -1 -112.76032437842
Sum: 12 -> 10
Time elapsed in TRUNC: 6.934e-05
Propagating t with norm 1
Memory usage : 11819256 395364 
Sweep has been running for 0.0271587 seconds.

Sweep 21, optimizing sites 3 and 4
JCD used 1 iterations.
Time elapsed in JCD: 0.00533013
Energy -1 -112.76032437842
Sum: 40 -> 35
Time elapsed in TRUNC: 0.000119201
Propagating t with norm 1
Memory usage : 11819256 395364 
Sweep has been running for 0.034861 seconds.

Sweep 21, optimizing sites 2 and 3
JCD used 1 iterations.
Time elapsed in JCD: 0.00432171
Energy -1 -112.76032437842
Sum: 40 -> 35
Time elapsed in TRUNC: 0.000121201
Propagating t with norm 1
Memory usage : 11819256 395364 
Sweep has been running for 0.0422588 seconds.

Sweep 21, optimizing sites 1 and 2
JCD used 1 iterations.
Time elapsed in JCD: 0.00208535
Energy -1 -112.76032437842
Sum: 12 -> 10
Time elapsed in TRUNC: 6.9941e-05
Propagating t with norm 1
Memory usage : 11819256 395364 
Sweep has been running for 0.0459499 seconds.

Sweep 21, optimizing sites 0 and 1
JCD used 1 iterations.
Time elapsed in JCD: 0.000508424
Energy -1 -112.76032437842
Sum: 4 -> 3
Time elapsed in TRUNC: 2.9971e-05
Propagating t with norm 1
Memory usage : 11819256 395364 
Sweep has been running for 0.0470767 seconds.
Measuring oneptdm
 measuring in su2 version of tagged_nrank 
Measuring twoptdm
 measuring in su2 version of tagged_nrank 
The hamiltonian will contain 1233 terms
MPO Bond 0: 56/20
MPO Bond 1: 62/23
MPO Bond 2: 76/30
MPO Bond 3: 98/41
MPO Bond 4: 128/56
MPO Bond 5: 10/3
MPO Bond 6: 1/0
This binary contains symmetries: 2u1pg su2u1pg 
DMRG version 3.1.1
Temporary storage enabled in ./tmp//storage_temp_c98b91b5911f/
Will start again at site -1 in sweep 22
Loading checkpoint from /public/home/xzzeng/work/HQC/CO/autoCAS/autocas_project/final/autocas_project.checkpoint_state.0.h5
Parameters:
               Sites: 7
           Electrons: 8
                Spin: 0
               Irrep: 0
The hamiltonian will contain 1233 terms
MPO Bond 0: 56/20
MPO Bond 1: 62/23
MPO Bond 2: 76/30
MPO Bond 3: 98/41
MPO Bond 4: 128/56
MPO Bond 5: 10/3
MPO Bond 6: 1/0
MPS initialization has finished...
Expecting 0 states to orthogonalize to.
Boundaries are partially initialized...
Boundaries are fully initialized...
Done init_left_right
TSMPOTensor: 1x62,  62 operators, 62 tags
TSMPOTensor: 56x76,  211 operators, 154 tags
TSMPOTensor: 62x98,  315 operators, 232 tags
TSMPOTensor: 76x128,  395 operators, 272 tags
TSMPOTensor: 98x10,  259 operators, 224 tags
TSMPOTensor: 128x1,  128 operators, 82 tags
Total number of tags: 1026

Sweep 22, optimizing sites 0 and 1
JCD used 9 iterations.
Time elapsed in JCD: 0.00267953
Energy 1 -112.763050261535
Sum: 4 -> 3
Time elapsed in TRUNC: 3.395e-05
Propagating t with norm 1
Memory usage : 11819256 395364 
Sweep has been running for 0.00320243 seconds.

Sweep 22, optimizing sites 1 and 2
JCD used 10 iterations.
Time elapsed in JCD: 0.0155491
Energy 1 -112.763126009551
Sum: 12 -> 10
Time elapsed in TRUNC: 7.2221e-05
Propagating t with norm 1
Memory usage : 11819256 395364 
Sweep has been running for 0.019476 seconds.

Sweep 22, optimizing sites 2 and 3
JCD used 10 iterations.
Time elapsed in JCD: 0.0399083
Energy 1 -112.763278980313
Sum: 40 -> 35
Time elapsed in TRUNC: 0.000125641
Propagating t with norm 1
Memory usage : 11819256 395364 
Sweep has been running for 0.0610041 seconds.

Sweep 22, optimizing sites 3 and 4
JCD used 8 iterations.
Time elapsed in JCD: 0.036336
Energy 1 -112.763278973604
Sum: 40 -> 35
Time elapsed in TRUNC: 0.000121711
Propagating t with norm 1
Memory usage : 11819256 395364 
Sweep has been running for 0.0999624 seconds.

Sweep 22, optimizing sites 4 and 5
JCD used 1 iterations.
Time elapsed in JCD: 0.00188117
Energy 1 -112.763278977401
Sum: 12 -> 10
Time elapsed in TRUNC: 7.9021e-05
Propagating t with norm 1
Memory usage : 11819256 395364 
Sweep has been running for 0.10361 seconds.

Sweep 22, optimizing sites 5 and 6
JCD used 1 iterations.
Time elapsed in JCD: 0.000356063
Energy 1 -112.763278977401
Sum: 4 -> 3
Time elapsed in TRUNC: 3.159e-05
Propagating t with norm 1
Memory usage : 11819256 395364 
Sweep has been running for 0.104544 seconds.

Sweep 22, optimizing sites 5 and 6
JCD used 1 iterations.
Time elapsed in JCD: 0.000390903
Energy -1 -112.763278977401
Sum: 4 -> 3
Time elapsed in TRUNC: 3.113e-05
Propagating t with norm 1
Memory usage : 11819256 395364 
Sweep has been running for 0.105536 seconds.

Sweep 22, optimizing sites 4 and 5
JCD used 1 iterations.
Time elapsed in JCD: 0.00159523
Energy -1 -112.763278977401
Sum: 12 -> 10
Time elapsed in TRUNC: 6.9631e-05
Propagating t with norm 1
Memory usage : 11819256 395364 
Sweep has been running for 0.107972 seconds.

Sweep 22, optimizing sites 3 and 4
JCD used 1 iterations.
Time elapsed in JCD: 0.00485115
Energy -1 -112.763278977401
Sum: 40 -> 35
Time elapsed in TRUNC: 0.000119811
Propagating t with norm 1
Memory usage : 11819256 395364 
Sweep has been running for 0.114957 seconds.

Sweep 22, optimizing sites 2 and 3
JCD used 1 iterations.
Time elapsed in JCD: 0.00420888
Energy -1 -112.763278977401
Sum: 40 -> 35
Time elapsed in TRUNC: 0.000121161
Propagating t with norm 1
Memory usage : 11819256 395364 
Sweep has been running for 0.121725 seconds.

Sweep 22, optimizing sites 1 and 2
JCD used 1 iterations.
Time elapsed in JCD: 0.00163159
Energy -1 -112.763278977401
Sum: 12 -> 10
Time elapsed in TRUNC: 6.854e-05
Propagating t with norm 1
Memory usage : 11819256 395364 
Sweep has been running for 0.125439 seconds.

Sweep 22, optimizing sites 0 and 1
JCD used 1 iterations.
Time elapsed in JCD: 0.000340493
Energy -1 -112.763278977401
Sum: 4 -> 3
Time elapsed in TRUNC: 2.979e-05
Propagating t with norm 1
Memory usage : 11819256 395364 
Sweep has been running for 0.126421 seconds.

Sweep 23, optimizing sites 0 and 1
JCD used 1 iterations.
Time elapsed in JCD: 0.000346693
Energy 1 -112.763278977401
Sum: 4 -> 3
Time elapsed in TRUNC: 3.355e-05
Propagating t with norm 1
Memory usage : 11819256 395364 
Sweep has been running for 0.000776366 seconds.

Sweep 23, optimizing sites 1 and 2
JCD used 1 iterations.
Time elapsed in JCD: 0.00177058
Energy 1 -112.763278977401
Sum: 12 -> 10
Time elapsed in TRUNC: 9.4891e-05
Propagating t with norm 1
Memory usage : 11819256 395364 
Sweep has been running for 0.00377985 seconds.

Sweep 23, optimizing sites 2 and 3
JCD used 1 iterations.
Time elapsed in JCD: 0.00417031
Energy 1 -112.763278977401
Sum: 40 -> 35
Time elapsed in TRUNC: 0.000123691
Propagating t with norm 1
Memory usage : 11819256 395364 
Sweep has been running for 0.00963949 seconds.

Sweep 23, optimizing sites 3 and 4
JCD used 1 iterations.
Time elapsed in JCD: 0.00479274
Energy 1 -112.763278977401
Sum: 40 -> 35
Time elapsed in TRUNC: 0.000118151
Propagating t with norm 1
Memory usage : 11819256 395364 
Sweep has been running for 0.0171577 seconds.

Sweep 23, optimizing sites 4 and 5
JCD used 1 iterations.
Time elapsed in JCD: 0.00157834
Energy 1 -112.763278977401
Sum: 12 -> 10
Time elapsed in TRUNC: 6.852e-05
Propagating t with norm 1
Memory usage : 11819256 395364 
Sweep has been running for 0.0205032 seconds.

Sweep 23, optimizing sites 5 and 6
JCD used 1 iterations.
Time elapsed in JCD: 0.000345683
Energy 1 -112.763278977401
Sum: 4 -> 3
Time elapsed in TRUNC: 3.15e-05
Propagating t with norm 1
Memory usage : 11819256 395364 
Sweep has been running for 0.0214265 seconds.

Sweep 23, optimizing sites 5 and 6
JCD used 1 iterations.
Time elapsed in JCD: 0.000537544
Energy -1 -112.763278977401
Sum: 4 -> 3
Time elapsed in TRUNC: 3.157e-05
Propagating t with norm 1
Memory usage : 11819256 395364 
Sweep has been running for 0.0226496 seconds.

Sweep 23, optimizing sites 4 and 5
JCD used 1 iterations.
Time elapsed in JCD: 0.00167283
Energy -1 -112.763278977401
Sum: 12 -> 10
Time elapsed in TRUNC: 7.1101e-05
Propagating t with norm 1
Memory usage : 11819256 395364 
Sweep has been running for 0.0251882 seconds.

Sweep 23, optimizing sites 3 and 4
JCD used 1 iterations.
Time elapsed in JCD: 0.00478565
Energy -1 -112.763278977401
Sum: 40 -> 35
Time elapsed in TRUNC: 0.000121471
Propagating t with norm 1
Memory usage : 11819256 395364 
Sweep has been running for 0.0319919 seconds.

Sweep 23, optimizing sites 2 and 3
JCD used 1 iterations.
Time elapsed in JCD: 0.00416867
Energy -1 -112.763278977401
Sum: 40 -> 35
Time elapsed in TRUNC: 0.000120511
Propagating t with norm 1
Memory usage : 11819256 395364 
Sweep has been running for 0.0387558 seconds.

Sweep 23, optimizing sites 1 and 2
JCD used 1 iterations.
Time elapsed in JCD: 0.00192795
Energy -1 -112.763278977401
Sum: 12 -> 10
Time elapsed in TRUNC: 7.4051e-05
Propagating t with norm 1
Memory usage : 11819256 395364 
Sweep has been running for 0.0423369 seconds.

Sweep 23, optimizing sites 0 and 1
JCD used 1 iterations.
Time elapsed in JCD: 0.000334912
Energy -1 -112.763278977401
Sum: 4 -> 3
Time elapsed in TRUNC: 2.91e-05
Propagating t with norm 1
Memory usage : 11819256 395364 
Sweep has been running for 0.0438886 seconds.

Sweep 24, optimizing sites 0 and 1
JCD used 1 iterations.
Time elapsed in JCD: 0.000431803
Energy 1 -112.763278977401
Sum: 4 -> 3
Time elapsed in TRUNC: 3.377e-05
Propagating t with norm 1
Memory usage : 11819256 395364 
Sweep has been running for 0.000898347 seconds.

Sweep 24, optimizing sites 1 and 2
JCD used 1 iterations.
Time elapsed in JCD: 0.00174684
Energy 1 -112.763278977401
Sum: 12 -> 10
Time elapsed in TRUNC: 6.9931e-05
Propagating t with norm 1
Memory usage : 11819256 395364 
Sweep has been running for 0.00344304 seconds.

Sweep 24, optimizing sites 2 and 3
JCD used 1 iterations.
Time elapsed in JCD: 0.00413201
Energy 1 -112.763278977401
Sum: 40 -> 35
Time elapsed in TRUNC: 0.000123171
Propagating t with norm 1
Memory usage : 11819256 395364 
Sweep has been running for 0.00922252 seconds.

Sweep 24, optimizing sites 3 and 4
JCD used 1 iterations.
Time elapsed in JCD: 0.00477807
Energy 1 -112.763278977401
Sum: 40 -> 35
Time elapsed in TRUNC: 0.000121031
Propagating t with norm 1
Memory usage : 11819256 395364 
Sweep has been running for 0.0167228 seconds.

Sweep 24, optimizing sites 4 and 5
JCD used 1 iterations.
Time elapsed in JCD: 0.00158949
Energy 1 -112.763278977401
Sum: 12 -> 10
Time elapsed in TRUNC: 6.864e-05
Propagating t with norm 1
Memory usage : 11819256 395364 
Sweep has been running for 0.0202561 seconds.

Sweep 24, optimizing sites 5 and 6
JCD used 1 iterations.
Time elapsed in JCD: 0.000359222
Energy 1 -112.763278977401
Sum: 4 -> 3
Time elapsed in TRUNC: 3.1851e-05
Propagating t with norm 1
Memory usage : 11819256 395364 
Sweep has been running for 0.0212264 seconds.

Sweep 24, optimizing sites 5 and 6
JCD used 1 iterations.
Time elapsed in JCD: 0.000351513
Energy -1 -112.763278977401
Sum: 4 -> 3
Time elapsed in TRUNC: 3.082e-05
Propagating t with norm 1
Memory usage : 11819256 395364 
Sweep has been running for 0.0221559 seconds.

Sweep 24, optimizing sites 4 and 5
JCD used 1 iterations.
Time elapsed in JCD: 0.00159442
Energy -1 -112.763278977401
Sum: 12 -> 10
Time elapsed in TRUNC: 7.1171e-05
Propagating t with norm 1
Memory usage : 11819256 395364 
Sweep has been running for 0.0247996 seconds.

Sweep 24, optimizing sites 3 and 4
JCD used 1 iterations.
Time elapsed in JCD: 0.0047638
Energy -1 -112.763278977401
Sum: 40 -> 35
Time elapsed in TRUNC: 0.000118591
Propagating t with norm 1
Memory usage : 11819256 395364 
Sweep has been running for 0.031485 seconds.

Sweep 24, optimizing sites 2 and 3
JCD used 1 iterations.
Time elapsed in JCD: 0.00402003
Energy -1 -112.763278977401
Sum: 40 -> 35
Time elapsed in TRUNC: 0.000119701
Propagating t with norm 1
Memory usage : 11819256 395364 
Sweep has been running for 0.0380655 seconds.

Sweep 24, optimizing sites 1 and 2
JCD used 1 iterations.
Time elapsed in JCD: 0.001865
Energy -1 -112.763278977401
Sum: 12 -> 10
Time elapsed in TRUNC: 6.856e-05
Propagating t with norm 1
Memory usage : 11819256 395364 
Sweep has been running for 0.0414863 seconds.

Sweep 24, optimizing sites 0 and 1
JCD used 1 iterations.
Time elapsed in JCD: 0.000329463
Energy -1 -112.763278977401
Sum: 4 -> 3
Time elapsed in TRUNC: 2.946e-05
Propagating t with norm 1
Memory usage : 11819256 395364 
Sweep has been running for 0.0424235 seconds.
Measuring oneptdm
 measuring in su2 version of tagged_nrank 
Measuring twoptdm
 measuring in su2 version of tagged_nrank 
The hamiltonian will contain 1233 terms
MPO Bond 0: 56/20
MPO Bond 1: 62/23
MPO Bond 2: 76/30
MPO Bond 3: 98/41
MPO Bond 4: 128/56
MPO Bond 5: 10/3
MPO Bond 6: 1/0
This binary contains symmetries: 2u1pg su2u1pg 
DMRG version 3.1.1
Temporary storage enabled in ./tmp//storage_temp_fd962c1a57ba/
Will start again at site -1 in sweep 25
Loading checkpoint from /public/home/xzzeng/work/HQC/CO/autoCAS/autocas_project/final/autocas_project.checkpoint_state.0.h5
Parameters:
               Sites: 7
           Electrons: 8
                Spin: 0
               Irrep: 0
The hamiltonian will contain 1233 terms
MPO Bond 0: 56/20
MPO Bond 1: 62/23
MPO Bond 2: 76/30
MPO Bond 3: 98/41
MPO Bond 4: 128/56
MPO Bond 5: 10/3
MPO Bond 6: 1/0
MPS initialization has finished...
Expecting 0 states to orthogonalize to.
Boundaries are partially initialized...
Boundaries are fully initialized...
Done init_left_right
TSMPOTensor: 1x62,  62 operators, 62 tags
TSMPOTensor: 56x76,  211 operators, 154 tags
TSMPOTensor: 62x98,  315 operators, 232 tags
TSMPOTensor: 76x128,  395 operators, 272 tags
TSMPOTensor: 98x10,  259 operators, 224 tags
TSMPOTensor: 128x1,  128 operators, 82 tags
Total number of tags: 1026

Sweep 25, optimizing sites 0 and 1
JCD used 8 iterations.
Time elapsed in JCD: 0.00253294
Energy 1 -112.766527381126
Sum: 4 -> 3
Time elapsed in TRUNC: 3.485e-05
Propagating t with norm 1
Memory usage : 11819256 397796 
Sweep has been running for 0.00326282 seconds.

Sweep 25, optimizing sites 1 and 2
JCD used 10 iterations.
Time elapsed in JCD: 0.0157482
Energy 1 -112.76663061637
Sum: 12 -> 10
Time elapsed in TRUNC: 7.3081e-05
Propagating t with norm 1
Memory usage : 11819256 397796 
Sweep has been running for 0.0199268 seconds.

Sweep 25, optimizing sites 2 and 3
JCD used 10 iterations.
Time elapsed in JCD: 0.0407355
Energy 1 -112.766737240952
Sum: 40 -> 35
Time elapsed in TRUNC: 0.000124441
Propagating t with norm 1
Memory usage : 11819256 397796 
Sweep has been running for 0.0623646 seconds.

Sweep 25, optimizing sites 3 and 4
JCD used 7 iterations.
Time elapsed in JCD: 0.0318256
Energy 1 -112.766737242737
Sum: 40 -> 35
Time elapsed in TRUNC: 0.000122401
Propagating t with norm 1
Memory usage : 11819256 397796 
Sweep has been running for 0.0968073 seconds.

Sweep 25, optimizing sites 4 and 5
JCD used 1 iterations.
Time elapsed in JCD: 0.00199305
Energy 1 -112.76673724153
Sum: 12 -> 10
Time elapsed in TRUNC: 7.6481e-05
Propagating t with norm 1
Memory usage : 11819256 397796 
Sweep has been running for 0.100578 seconds.

Sweep 25, optimizing sites 5 and 6
JCD used 1 iterations.
Time elapsed in JCD: 0.000635575
Energy 1 -112.76673724153
Sum: 4 -> 3
Time elapsed in TRUNC: 3.349e-05
Propagating t with norm 1
Memory usage : 11819256 397796 
Sweep has been running for 0.101837 seconds.

Sweep 25, optimizing sites 5 and 6
JCD used 1 iterations.
Time elapsed in JCD: 0.000387413
Energy -1 -112.76673724153
Sum: 4 -> 3
Time elapsed in TRUNC: 3.0621e-05
Propagating t with norm 1
Memory usage : 11819256 397796 
Sweep has been running for 0.102723 seconds.

Sweep 25, optimizing sites 4 and 5
JCD used 1 iterations.
Time elapsed in JCD: 0.00167406
Energy -1 -112.76673724153
Sum: 12 -> 10
Time elapsed in TRUNC: 7.3e-05
Propagating t with norm 1
Memory usage : 11819256 397796 
Sweep has been running for 0.105246 seconds.

Sweep 25, optimizing sites 3 and 4
JCD used 1 iterations.
Time elapsed in JCD: 0.0047712
Energy -1 -112.76673724153
Sum: 40 -> 35
Time elapsed in TRUNC: 0.000122001
Propagating t with norm 1
Memory usage : 11819256 397796 
Sweep has been running for 0.111923 seconds.

Sweep 25, optimizing sites 2 and 3
JCD used 1 iterations.
Time elapsed in JCD: 0.00417371
Energy -1 -112.76673724153
Sum: 40 -> 35
Time elapsed in TRUNC: 0.000121871
Propagating t with norm 1
Memory usage : 11819256 397796 
Sweep has been running for 0.118673 seconds.

Sweep 25, optimizing sites 1 and 2
JCD used 1 iterations.
Time elapsed in JCD: 0.00195175
Energy -1 -112.76673724153
Sum: 12 -> 10
Time elapsed in TRUNC: 0.000127471
Propagating t with norm 1
Memory usage : 11819256 397796 
Sweep has been running for 0.122368 seconds.

Sweep 25, optimizing sites 0 and 1
JCD used 1 iterations.
Time elapsed in JCD: 0.000337472
Energy -1 -112.76673724153
Sum: 4 -> 3
Time elapsed in TRUNC: 2.951e-05
Propagating t with norm 1
Memory usage : 11819256 397796 
Sweep has been running for 0.123338 seconds.

Sweep 26, optimizing sites 0 and 1
JCD used 1 iterations.
Time elapsed in JCD: 0.000541854
Energy 1 -112.76673724153
Sum: 4 -> 3
Time elapsed in TRUNC: 3.2881e-05
Propagating t with norm 1
Memory usage : 11819256 397796 
Sweep has been running for 0.000980107 seconds.

Sweep 26, optimizing sites 1 and 2
JCD used 1 iterations.
Time elapsed in JCD: 0.00197556
Energy 1 -112.76673724153
Sum: 12 -> 10
Time elapsed in TRUNC: 6.864e-05
Propagating t with norm 1
Memory usage : 11819256 397796 
Sweep has been running for 0.00421913 seconds.

Sweep 26, optimizing sites 2 and 3
JCD used 1 iterations.
Time elapsed in JCD: 0.0046597
Energy 1 -112.76673724153
Sum: 40 -> 35
Time elapsed in TRUNC: 0.000125271
Propagating t with norm 1
Memory usage : 11819256 397796 
Sweep has been running for 0.010729 seconds.

Sweep 26, optimizing sites 3 and 4
JCD used 1 iterations.
Time elapsed in JCD: 0.00509749
Energy 1 -112.76673724153
Sum: 40 -> 35
Time elapsed in TRUNC: 0.000310382
Propagating t with norm 1
Memory usage : 11819256 397796 
Sweep has been running for 0.0189066 seconds.

Sweep 26, optimizing sites 4 and 5
JCD used 1 iterations.
Time elapsed in JCD: 0.00206103
Energy 1 -112.76673724153
Sum: 12 -> 10
Time elapsed in TRUNC: 7.069e-05
Propagating t with norm 1
Memory usage : 11819256 397796 
Sweep has been running for 0.0230929 seconds.

Sweep 26, optimizing sites 5 and 6
JCD used 1 iterations.
Time elapsed in JCD: 0.000358843
Energy 1 -112.76673724153
Sum: 4 -> 3
Time elapsed in TRUNC: 3.192e-05
Propagating t with norm 1
Memory usage : 11819256 397796 
Sweep has been running for 0.0242048 seconds.

Sweep 26, optimizing sites 5 and 6
JCD used 1 iterations.
Time elapsed in JCD: 0.000440843
Energy -1 -112.76673724153
Sum: 4 -> 3
Time elapsed in TRUNC: 3.195e-05
Propagating t with norm 1
Memory usage : 11819256 397796 
Sweep has been running for 0.025253 seconds.

Sweep 26, optimizing sites 4 and 5
JCD used 1 iterations.
Time elapsed in JCD: 0.0018846
Energy -1 -112.76673724153
Sum: 12 -> 10
Time elapsed in TRUNC: 7.309e-05
Propagating t with norm 1
Memory usage : 11819256 397796 
Sweep has been running for 0.0280378 seconds.

Sweep 26, optimizing sites 3 and 4
JCD used 1 iterations.
Time elapsed in JCD: 0.00514261
Energy -1 -112.76673724153
Sum: 40 -> 35
Time elapsed in TRUNC: 0.000224662
Propagating t with norm 1
Memory usage : 11819256 397796 
Sweep has been running for 0.035196 seconds.

Sweep 26, optimizing sites 2 and 3
JCD used 1 iterations.
Time elapsed in JCD: 0.00478133
Energy -1 -112.76673724153
Sum: 40 -> 35
Time elapsed in TRUNC: 0.000121921
Propagating t with norm 1
Memory usage : 11819256 397796 
Sweep has been running for 0.0426048 seconds.

Sweep 26, optimizing sites 1 and 2
JCD used 1 iterations.
Time elapsed in JCD: 0.00221784
Energy -1 -112.76673724153
Sum: 12 -> 10
Time elapsed in TRUNC: 6.972e-05
Propagating t with norm 1
Memory usage : 11819256 397796 
Sweep has been running for 0.0466313 seconds.

Sweep 26, optimizing sites 0 and 1
JCD used 1 iterations.
Time elapsed in JCD: 0.000335233
Energy -1 -112.76673724153
Sum: 4 -> 3
Time elapsed in TRUNC: 3.03e-05
Propagating t with norm 1
Memory usage : 11819256 397796 
Sweep has been running for 0.0476488 seconds.

Sweep 27, optimizing sites 0 and 1
JCD used 1 iterations.
Time elapsed in JCD: 0.000348663
Energy 1 -112.76673724153
Sum: 4 -> 3
Time elapsed in TRUNC: 3.218e-05
Propagating t with norm 1
Memory usage : 11819256 397796 
Sweep has been running for 0.000778065 seconds.

Sweep 27, optimizing sites 1 and 2
JCD used 1 iterations.
Time elapsed in JCD: 0.00166915
Energy 1 -112.76673724153
Sum: 12 -> 10
Time elapsed in TRUNC: 6.9571e-05
Propagating t with norm 1
Memory usage : 11819256 397796 
Sweep has been running for 0.00337679 seconds.

Sweep 27, optimizing sites 2 and 3
JCD used 1 iterations.
Time elapsed in JCD: 0.00413923
Energy 1 -112.76673724153
Sum: 40 -> 35
Time elapsed in TRUNC: 0.00012231
Propagating t with norm 1
Memory usage : 11819256 397796 
Sweep has been running for 0.00946882 seconds.

Sweep 27, optimizing sites 3 and 4
JCD used 1 iterations.
Time elapsed in JCD: 0.00479111
Energy 1 -112.76673724153
Sum: 40 -> 35
Time elapsed in TRUNC: 0.00012043
Propagating t with norm 1
Memory usage : 11819256 397796 
Sweep has been running for 0.0169781 seconds.

Sweep 27, optimizing sites 4 and 5
JCD used 1 iterations.
Time elapsed in JCD: 0.00204454
Energy 1 -112.76673724153
Sum: 12 -> 10
Time elapsed in TRUNC: 7.92e-05
Propagating t with norm 1
Memory usage : 11819256 397796 
Sweep has been running for 0.0208983 seconds.

Sweep 27, optimizing sites 5 and 6
JCD used 1 iterations.
Time elapsed in JCD: 0.000482433
Energy 1 -112.76673724153
Sum: 4 -> 3
Time elapsed in TRUNC: 6.5951e-05
Propagating t with norm 1
Memory usage : 11819256 397796 
Sweep has been running for 0.0221757 seconds.

Sweep 27, optimizing sites 5 and 6
JCD used 1 iterations.
Time elapsed in JCD: 0.000340303
Energy -1 -112.76673724153
Sum: 4 -> 3
Time elapsed in TRUNC: 2.973e-05
Propagating t with norm 1
Memory usage : 11819256 397796 
Sweep has been running for 0.0230127 seconds.

Sweep 27, optimizing sites 4 and 5
JCD used 1 iterations.
Time elapsed in JCD: 0.00163357
Energy -1 -112.76673724153
Sum: 12 -> 10
Time elapsed in TRUNC: 8.7801e-05
Propagating t with norm 1
Memory usage : 11819256 397796 
Sweep has been running for 0.0257667 seconds.

Sweep 27, optimizing sites 3 and 4
JCD used 1 iterations.
Time elapsed in JCD: 0.00486566
Energy -1 -112.76673724153
Sum: 40 -> 35
Time elapsed in TRUNC: 0.0001206
Propagating t with norm 1
Memory usage : 11819256 397796 
Sweep has been running for 0.0325665 seconds.

Sweep 27, optimizing sites 2 and 3
JCD used 1 iterations.
Time elapsed in JCD: 0.00417777
Energy -1 -112.76673724153
Sum: 40 -> 35
Time elapsed in TRUNC: 0.000121581
Propagating t with norm 1
Memory usage : 11819256 397796 
Sweep has been running for 0.0393731 seconds.

Sweep 27, optimizing sites 1 and 2
JCD used 1 iterations.
Time elapsed in JCD: 0.0016373
Energy -1 -112.76673724153
Sum: 12 -> 10
Time elapsed in TRUNC: 0.000111901
Propagating t with norm 1
Memory usage : 11819256 397796 
Sweep has been running for 0.0432698 seconds.

Sweep 27, optimizing sites 0 and 1
JCD used 1 iterations.
Time elapsed in JCD: 0.000335742
Energy -1 -112.76673724153
Sum: 4 -> 3
Time elapsed in TRUNC: 3.1001e-05
Propagating t with norm 1
Memory usage : 11819256 397796 
Sweep has been running for 0.0442302 seconds.
Measuring oneptdm
 measuring in su2 version of tagged_nrank 
Measuring twoptdm
 measuring in su2 version of tagged_nrank 
The hamiltonian will contain 1233 terms
MPO Bond 0: 56/20
MPO Bond 1: 62/23
MPO Bond 2: 76/30
MPO Bond 3: 98/41
MPO Bond 4: 128/56
MPO Bond 5: 10/3
MPO Bond 6: 1/0
This binary contains symmetries: 2u1pg su2u1pg 
DMRG version 3.1.1
Temporary storage enabled in ./tmp//storage_temp_1aa6441b1ea4/
Will start again at site -1 in sweep 28
Loading checkpoint from /public/home/xzzeng/work/HQC/CO/autoCAS/autocas_project/final/autocas_project.checkpoint_state.0.h5
Parameters:
               Sites: 7
           Electrons: 8
                Spin: 0
               Irrep: 0
The hamiltonian will contain 1233 terms
MPO Bond 0: 56/20
MPO Bond 1: 62/23
MPO Bond 2: 76/30
MPO Bond 3: 98/41
MPO Bond 4: 128/56
MPO Bond 5: 10/3
MPO Bond 6: 1/0
MPS initialization has finished...
Expecting 0 states to orthogonalize to.
Boundaries are partially initialized...
Boundaries are fully initialized...
Done init_left_right
TSMPOTensor: 1x62,  62 operators, 62 tags
TSMPOTensor: 56x76,  211 operators, 154 tags
TSMPOTensor: 62x98,  315 operators, 232 tags
TSMPOTensor: 76x128,  395 operators, 272 tags
TSMPOTensor: 98x10,  259 operators, 224 tags
TSMPOTensor: 128x1,  128 operators, 82 tags
Total number of tags: 1026

Sweep 28, optimizing sites 0 and 1
JCD used 9 iterations.
Time elapsed in JCD: 0.00268253
Energy 1 -112.771432447903
Sum: 4 -> 3
Time elapsed in TRUNC: 3.4591e-05
Propagating t with norm 1
Memory usage : 11819256 397796 
Sweep has been running for 0.00321168 seconds.

Sweep 28, optimizing sites 1 and 2
JCD used 10 iterations.
Time elapsed in JCD: 0.0155868
Energy 1 -112.771549158358
Sum: 12 -> 10
Time elapsed in TRUNC: 7.3031e-05
Propagating t with norm 1
Memory usage : 11819256 397796 
Sweep has been running for 0.0195417 seconds.

Sweep 28, optimizing sites 2 and 3
JCD used 10 iterations.
Time elapsed in JCD: 0.0402446
Energy 1 -112.77162424875
Sum: 40 -> 35
Time elapsed in TRUNC: 0.000126581
Propagating t with norm 1
Memory usage : 11819256 397796 
Sweep has been running for 0.0613404 seconds.

Sweep 28, optimizing sites 3 and 4
JCD used 7 iterations.
Time elapsed in JCD: 0.0326741
Energy 1 -112.771624247559
Sum: 40 -> 35
Time elapsed in TRUNC: 0.000122661
Propagating t with norm 1
Memory usage : 11819256 397796 
Sweep has been running for 0.0967693 seconds.

Sweep 28, optimizing sites 4 and 5
JCD used 1 iterations.
Time elapsed in JCD: 0.00194013
Energy 1 -112.771624249164
Sum: 12 -> 10
Time elapsed in TRUNC: 0.000170691
Propagating t with norm 1
Memory usage : 11819256 397796 
Sweep has been running for 0.100707 seconds.

Sweep 28, optimizing sites 5 and 6
JCD used 1 iterations.
Time elapsed in JCD: 0.000358322
Energy 1 -112.771624249164
Sum: 4 -> 3
Time elapsed in TRUNC: 3.1641e-05
Propagating t with norm 1
Memory usage : 11819256 397796 
Sweep has been running for 0.101649 seconds.

Sweep 28, optimizing sites 5 and 6
JCD used 1 iterations.
Time elapsed in JCD: 0.000642194
Energy -1 -112.771624249164
Sum: 4 -> 3
Time elapsed in TRUNC: 3.331e-05
Propagating t with norm 1
Memory usage : 11819256 397796 
Sweep has been running for 0.102944 seconds.

Sweep 28, optimizing sites 4 and 5
JCD used 1 iterations.
Time elapsed in JCD: 0.00186219
Energy -1 -112.771624249164
Sum: 12 -> 10
Time elapsed in TRUNC: 7.601e-05
Propagating t with norm 1
Memory usage : 11819256 397796 
Sweep has been running for 0.105886 seconds.

Sweep 28, optimizing sites 3 and 4
JCD used 1 iterations.
Time elapsed in JCD: 0.00502439
Energy -1 -112.771624249164
Sum: 40 -> 35
Time elapsed in TRUNC: 0.000121631
Propagating t with norm 1
Memory usage : 11819256 397796 
Sweep has been running for 0.11321 seconds.

Sweep 28, optimizing sites 2 and 3
JCD used 1 iterations.
Time elapsed in JCD: 0.00464808
Energy -1 -112.771624249164
Sum: 40 -> 35
Time elapsed in TRUNC: 0.000125571
Propagating t with norm 1
Memory usage : 11819256 397796 
Sweep has been running for 0.120789 seconds.

Sweep 28, optimizing sites 1 and 2
JCD used 1 iterations.
Time elapsed in JCD: 0.00223085
Energy -1 -112.771624249164
Sum: 12 -> 10
Time elapsed in TRUNC: 7.2071e-05
Propagating t with norm 1
Memory usage : 11819256 397796 
Sweep has been running for 0.124864 seconds.

Sweep 28, optimizing sites 0 and 1
JCD used 1 iterations.
Time elapsed in JCD: 0.000623235
Energy -1 -112.771624249164
Sum: 4 -> 3
Time elapsed in TRUNC: 0.000220372
Propagating t with norm 1
Memory usage : 11819256 397796 
Sweep has been running for 0.126356 seconds.

Sweep 29, optimizing sites 0 and 1
JCD used 1 iterations.
Time elapsed in JCD: 0.000347323
Energy 1 -112.771624249164
Sum: 4 -> 3
Time elapsed in TRUNC: 3.455e-05
Propagating t with norm 1
Memory usage : 11819256 397796 
Sweep has been running for 0.000787375 seconds.

Sweep 29, optimizing sites 1 and 2
JCD used 1 iterations.
Time elapsed in JCD: 0.0016432
Energy 1 -112.771624249164
Sum: 12 -> 10
Time elapsed in TRUNC: 8.532e-05
Propagating t with norm 1
Memory usage : 11819256 397796 
Sweep has been running for 0.00359141 seconds.

Sweep 29, optimizing sites 2 and 3
JCD used 1 iterations.
Time elapsed in JCD: 0.00409503
Energy 1 -112.771624249164
Sum: 40 -> 35
Time elapsed in TRUNC: 0.000122101
Propagating t with norm 1
Memory usage : 11819256 397796 
Sweep has been running for 0.00937114 seconds.

Sweep 29, optimizing sites 3 and 4
JCD used 1 iterations.
Time elapsed in JCD: 0.0047175
Energy 1 -112.771624249164
Sum: 40 -> 35
Time elapsed in TRUNC: 0.000119581
Propagating t with norm 1
Memory usage : 11819256 397796 
Sweep has been running for 0.016921 seconds.

Sweep 29, optimizing sites 4 and 5
JCD used 1 iterations.
Time elapsed in JCD: 0.0018181
Energy 1 -112.771624249164
Sum: 12 -> 10
Time elapsed in TRUNC: 0.000139241
Propagating t with norm 1
Memory usage : 11819256 397796 
Sweep has been running for 0.020709 seconds.

Sweep 29, optimizing sites 5 and 6
JCD used 1 iterations.
Time elapsed in JCD: 0.000346863
Energy 1 -112.771624249164
Sum: 4 -> 3
Time elapsed in TRUNC: 3.139e-05
Propagating t with norm 1
Memory usage : 11819256 397796 
Sweep has been running for 0.0216307 seconds.

Sweep 29, optimizing sites 5 and 6
JCD used 1 iterations.
Time elapsed in JCD: 0.000353373
Energy -1 -112.771624249164
Sum: 4 -> 3
Time elapsed in TRUNC: 3.049e-05
Propagating t with norm 1
Memory usage : 11819256 397796 
Sweep has been running for 0.022585 seconds.

Sweep 29, optimizing sites 4 and 5
JCD used 1 iterations.
Time elapsed in JCD: 0.00155857
Energy -1 -112.771624249164
Sum: 12 -> 10
Time elapsed in TRUNC: 7.0611e-05
Propagating t with norm 1
Memory usage : 11819256 397796 
Sweep has been running for 0.0254137 seconds.

Sweep 29, optimizing sites 3 and 4
JCD used 1 iterations.
Time elapsed in JCD: 0.00549504
Energy -1 -112.771624249164
Sum: 40 -> 35
Time elapsed in TRUNC: 0.000123011
Propagating t with norm 1
Memory usage : 11819256 397796 
Sweep has been running for 0.0328731 seconds.

Sweep 29, optimizing sites 2 and 3
JCD used 1 iterations.
Time elapsed in JCD: 0.00465033
Energy -1 -112.771624249164
Sum: 40 -> 35
Time elapsed in TRUNC: 0.000119981
Propagating t with norm 1
Memory usage : 11819256 397796 
Sweep has been running for 0.0406322 seconds.

Sweep 29, optimizing sites 1 and 2
JCD used 1 iterations.
Time elapsed in JCD: 0.00195785
Energy -1 -112.771624249164
Sum: 12 -> 10
Time elapsed in TRUNC: 0.000131351
Propagating t with norm 1
Memory usage : 11819256 397796 
Sweep has been running for 0.0451736 seconds.

Sweep 29, optimizing sites 0 and 1
JCD used 1 iterations.
Time elapsed in JCD: 0.000540934
Energy -1 -112.771624249164
Sum: 4 -> 3
Time elapsed in TRUNC: 3.0511e-05
Propagating t with norm 1
Memory usage : 11819256 397796 
Sweep has been running for 0.0465263 seconds.
Measuring oneptdm
 measuring in su2 version of tagged_nrank 
Measuring twoptdm
 measuring in su2 version of tagged_nrank 
The hamiltonian will contain 1233 terms
MPO Bond 0: 56/20
MPO Bond 1: 62/23
MPO Bond 2: 76/30
MPO Bond 3: 98/41
MPO Bond 4: 128/56
MPO Bond 5: 10/3
MPO Bond 6: 1/0
This binary contains symmetries: 2u1pg su2u1pg 
DMRG version 3.1.1
Temporary storage enabled in ./tmp//storage_temp_713c6245d481/
Will start again at site -1 in sweep 30
Loading checkpoint from /public/home/xzzeng/work/HQC/CO/autoCAS/autocas_project/final/autocas_project.checkpoint_state.0.h5
Parameters:
               Sites: 7
           Electrons: 8
                Spin: 0
               Irrep: 0
The hamiltonian will contain 1233 terms
MPO Bond 0: 56/20
MPO Bond 1: 62/23
MPO Bond 2: 76/30
MPO Bond 3: 98/41
MPO Bond 4: 128/56
MPO Bond 5: 10/3
MPO Bond 6: 1/0
MPS initialization has finished...
Expecting 0 states to orthogonalize to.
Boundaries are partially initialized...
Boundaries are fully initialized...
Done init_left_right
TSMPOTensor: 1x62,  62 operators, 62 tags
TSMPOTensor: 56x76,  211 operators, 154 tags
TSMPOTensor: 62x98,  315 operators, 232 tags
TSMPOTensor: 76x128,  395 operators, 272 tags
TSMPOTensor: 98x10,  259 operators, 224 tags
TSMPOTensor: 128x1,  128 operators, 82 tags
Total number of tags: 1026

Sweep 30, optimizing sites 0 and 1
JCD used 8 iterations.
Time elapsed in JCD: 0.00242835
Energy 1 -112.772631575245
Sum: 4 -> 3
Time elapsed in TRUNC: 3.409e-05
Propagating t with norm 1
Memory usage : 11819256 395364 
Sweep has been running for 0.00296569 seconds.

Sweep 30, optimizing sites 1 and 2
JCD used 10 iterations.
Time elapsed in JCD: 0.0157106
Energy 1 -112.772642046365
Sum: 12 -> 10
Time elapsed in TRUNC: 7.253e-05
Propagating t with norm 1
Memory usage : 11819256 395364 
Sweep has been running for 0.0194052 seconds.

Sweep 30, optimizing sites 2 and 3
JCD used 10 iterations.
Time elapsed in JCD: 0.0403794
Energy 1 -112.772654443424
Sum: 40 -> 35
Time elapsed in TRUNC: 0.000125311
Propagating t with norm 1
Memory usage : 11819256 395364 
Sweep has been running for 0.0616421 seconds.

Sweep 30, optimizing sites 3 and 4
JCD used 5 iterations.
Time elapsed in JCD: 0.0227268
Energy 1 -112.772654440675
Sum: 40 -> 35
Time elapsed in TRUNC: 0.000122091
Propagating t with norm 1
Memory usage : 11819256 395364 
Sweep has been running for 0.0869901 seconds.

Sweep 30, optimizing sites 4 and 5
JCD used 1 iterations.
Time elapsed in JCD: 0.00157424
Energy 1 -112.772654440975
Sum: 12 -> 10
Time elapsed in TRUNC: 6.8211e-05
Propagating t with norm 1
Memory usage : 11819256 395364 
Sweep has been running for 0.0907754 seconds.

Sweep 30, optimizing sites 5 and 6
JCD used 1 iterations.
Time elapsed in JCD: 0.000345712
Energy 1 -112.772654440975
Sum: 4 -> 3
Time elapsed in TRUNC: 0.000203522
Propagating t with norm 1
Memory usage : 11819256 395364 
Sweep has been running for 0.0920904 seconds.

Sweep 30, optimizing sites 5 and 6
JCD used 1 iterations.
Time elapsed in JCD: 0.000350883
Energy -1 -112.772654440975
Sum: 4 -> 3
Time elapsed in TRUNC: 0.000198662
Propagating t with norm 1
Memory usage : 11819256 395364 
Sweep has been running for 0.0931047 seconds.

Sweep 30, optimizing sites 4 and 5
JCD used 1 iterations.
Time elapsed in JCD: 0.00190757
Energy -1 -112.772654440975
Sum: 12 -> 10
Time elapsed in TRUNC: 7.73e-05
Propagating t with norm 1
Memory usage : 11819256 395364 
Sweep has been running for 0.0960648 seconds.

Sweep 30, optimizing sites 3 and 4
JCD used 1 iterations.
Time elapsed in JCD: 0.00475806
Energy -1 -112.772654440975
Sum: 40 -> 35
Time elapsed in TRUNC: 0.000119941
Propagating t with norm 1
Memory usage : 11819256 395364 
Sweep has been running for 0.102738 seconds.

Sweep 30, optimizing sites 2 and 3
JCD used 1 iterations.
Time elapsed in JCD: 0.00423713
Energy -1 -112.772654440975
Sum: 40 -> 35
Time elapsed in TRUNC: 0.000123221
Propagating t with norm 1
Memory usage : 11819256 395364 
Sweep has been running for 0.109562 seconds.

Sweep 30, optimizing sites 1 and 2
JCD used 1 iterations.
Time elapsed in JCD: 0.00169496
Energy -1 -112.772654440975
Sum: 12 -> 10
Time elapsed in TRUNC: 6.815e-05
Propagating t with norm 1
Memory usage : 11819256 395364 
Sweep has been running for 0.112817 seconds.

Sweep 30, optimizing sites 0 and 1
JCD used 1 iterations.
Time elapsed in JCD: 0.000336822
Energy -1 -112.772654440975
Sum: 4 -> 3
Time elapsed in TRUNC: 2.9171e-05
Propagating t with norm 1
Memory usage : 11819256 395364 
Sweep has been running for 0.113784 seconds.

Sweep 31, optimizing sites 0 and 1
JCD used 1 iterations.
Time elapsed in JCD: 0.000401123
Energy 1 -112.772654440975
Sum: 4 -> 3
Time elapsed in TRUNC: 4.251e-05
Propagating t with norm 1
Memory usage : 11819256 395364 
Sweep has been running for 0.000877277 seconds.

Sweep 31, optimizing sites 1 and 2
JCD used 1 iterations.
Time elapsed in JCD: 0.00166545
Energy 1 -112.772654440975
Sum: 12 -> 10
Time elapsed in TRUNC: 6.8091e-05
Propagating t with norm 1
Memory usage : 11819256 395364 
Sweep has been running for 0.00329125 seconds.

Sweep 31, optimizing sites 2 and 3
JCD used 1 iterations.
Time elapsed in JCD: 0.00414583
Energy 1 -112.772654440975
Sum: 40 -> 35
Time elapsed in TRUNC: 0.000124101
Propagating t with norm 1
Memory usage : 11819256 395364 
Sweep has been running for 0.00932495 seconds.

Sweep 31, optimizing sites 3 and 4
JCD used 1 iterations.
Time elapsed in JCD: 0.00473066
Energy 1 -112.772654440975
Sum: 40 -> 35
Time elapsed in TRUNC: 0.000122061
Propagating t with norm 1
Memory usage : 11819256 395364 
Sweep has been running for 0.0167923 seconds.

Sweep 31, optimizing sites 4 and 5
JCD used 1 iterations.
Time elapsed in JCD: 0.00160874
Energy 1 -112.772654440975
Sum: 12 -> 10
Time elapsed in TRUNC: 0.000100951
Propagating t with norm 1
Memory usage : 11819256 395364 
Sweep has been running for 0.0203 seconds.

Sweep 31, optimizing sites 5 and 6
JCD used 1 iterations.
Time elapsed in JCD: 0.000352833
Energy 1 -112.772654440975
Sum: 4 -> 3
Time elapsed in TRUNC: 3.122e-05
Propagating t with norm 1
Memory usage : 11819256 395364 
Sweep has been running for 0.0212592 seconds.

Sweep 31, optimizing sites 5 and 6
JCD used 1 iterations.
Time elapsed in JCD: 0.000348783
Energy -1 -112.772654440975
Sum: 4 -> 3
Time elapsed in TRUNC: 2.98e-05
Propagating t with norm 1
Memory usage : 11819256 395364 
Sweep has been running for 0.0222134 seconds.

Sweep 31, optimizing sites 4 and 5
JCD used 1 iterations.
Time elapsed in JCD: 0.00154662
Energy -1 -112.772654440975
Sum: 12 -> 10
Time elapsed in TRUNC: 7.017e-05
Propagating t with norm 1
Memory usage : 11819256 395364 
Sweep has been running for 0.0247455 seconds.

Sweep 31, optimizing sites 3 and 4
JCD used 1 iterations.
Time elapsed in JCD: 0.00477076
Energy -1 -112.772654440975
Sum: 40 -> 35
Time elapsed in TRUNC: 0.000120871
Propagating t with norm 1
Memory usage : 11819256 395364 
Sweep has been running for 0.0315178 seconds.

Sweep 31, optimizing sites 2 and 3
JCD used 1 iterations.
Time elapsed in JCD: 0.00404868
Energy -1 -112.772654440975
Sum: 40 -> 35
Time elapsed in TRUNC: 0.000119451
Propagating t with norm 1
Memory usage : 11819256 395364 
Sweep has been running for 0.0387894 seconds.

Sweep 31, optimizing sites 1 and 2
JCD used 1 iterations.
Time elapsed in JCD: 0.00213024
Energy -1 -112.772654440975
Sum: 12 -> 10
Time elapsed in TRUNC: 7.5151e-05
Propagating t with norm 1
Memory usage : 11819256 395364 
Sweep has been running for 0.0426646 seconds.

Sweep 31, optimizing sites 0 and 1
JCD used 1 iterations.
Time elapsed in JCD: 0.000335812
Energy -1 -112.772654440975
Sum: 4 -> 3
Time elapsed in TRUNC: 2.987e-05
Propagating t with norm 1
Memory usage : 11819256 395364 
Sweep has been running for 0.0437981 seconds.

Sweep 32, optimizing sites 0 and 1
JCD used 1 iterations.
Time elapsed in JCD: 0.000482654
Energy 1 -112.772654440975
Sum: 4 -> 3
Time elapsed in TRUNC: 3.338e-05
Propagating t with norm 1
Memory usage : 11819256 395364 
Sweep has been running for 0.00100693 seconds.

Sweep 32, optimizing sites 1 and 2
JCD used 1 iterations.
Time elapsed in JCD: 0.00171911
Energy 1 -112.772654440975
Sum: 12 -> 10
Time elapsed in TRUNC: 6.7101e-05
Propagating t with norm 1
Memory usage : 11819256 395364 
Sweep has been running for 0.00348829 seconds.

Sweep 32, optimizing sites 2 and 3
JCD used 1 iterations.
Time elapsed in JCD: 0.00407977
Energy 1 -112.772654440975
Sum: 40 -> 35
Time elapsed in TRUNC: 0.000122291
Propagating t with norm 1
Memory usage : 11819256 395364 
Sweep has been running for 0.00932554 seconds.

Sweep 32, optimizing sites 3 and 4
JCD used 1 iterations.
Time elapsed in JCD: 0.00468434
Energy 1 -112.772654440975
Sum: 40 -> 35
Time elapsed in TRUNC: 0.000119931
Propagating t with norm 1
Memory usage : 11819256 395364 
Sweep has been running for 0.0168178 seconds.

Sweep 32, optimizing sites 4 and 5
JCD used 1 iterations.
Time elapsed in JCD: 0.0020932
Energy 1 -112.772654440975
Sum: 12 -> 10
Time elapsed in TRUNC: 7.8771e-05
Propagating t with norm 1
Memory usage : 11819256 395364 
Sweep has been running for 0.0207838 seconds.

Sweep 32, optimizing sites 5 and 6
JCD used 1 iterations.
Time elapsed in JCD: 0.000348712
Energy 1 -112.772654440975
Sum: 4 -> 3
Time elapsed in TRUNC: 3.1381e-05
Propagating t with norm 1
Memory usage : 11819256 395364 
Sweep has been running for 0.021744 seconds.

Sweep 32, optimizing sites 5 and 6
JCD used 1 iterations.
Time elapsed in JCD: 0.000373103
Energy -1 -112.772654440975
Sum: 4 -> 3
Time elapsed in TRUNC: 2.988e-05
Propagating t with norm 1
Memory usage : 11819256 395364 
Sweep has been running for 0.022627 seconds.

Sweep 32, optimizing sites 4 and 5
JCD used 1 iterations.
Time elapsed in JCD: 0.00169755
Energy -1 -112.772654440975
Sum: 12 -> 10
Time elapsed in TRUNC: 9.0161e-05
Propagating t with norm 1
Memory usage : 11819256 395364 
Sweep has been running for 0.025419 seconds.

Sweep 32, optimizing sites 3 and 4
JCD used 1 iterations.
Time elapsed in JCD: 0.0048427
Energy -1 -112.772654440975
Sum: 40 -> 35
Time elapsed in TRUNC: 0.000119581
Propagating t with norm 1
Memory usage : 11819256 395364 
Sweep has been running for 0.0321667 seconds.

Sweep 32, optimizing sites 2 and 3
JCD used 1 iterations.
Time elapsed in JCD: 0.00399383
Energy -1 -112.772654440975
Sum: 40 -> 35
Time elapsed in TRUNC: 0.000120401
Propagating t with norm 1
Memory usage : 11819256 395364 
Sweep has been running for 0.0387403 seconds.

Sweep 32, optimizing sites 1 and 2
JCD used 1 iterations.
Time elapsed in JCD: 0.00167264
Energy -1 -112.772654440975
Sum: 12 -> 10
Time elapsed in TRUNC: 0.000124041
Propagating t with norm 1
Memory usage : 11819256 395364 
Sweep has been running for 0.0420396 seconds.

Sweep 32, optimizing sites 0 and 1
JCD used 1 iterations.
Time elapsed in JCD: 0.000337702
Energy -1 -112.772654440975
Sum: 4 -> 3
Time elapsed in TRUNC: 2.93e-05
Propagating t with norm 1
Memory usage : 11819256 395364 
Sweep has been running for 0.042989 seconds.
Measuring oneptdm
 measuring in su2 version of tagged_nrank 
Measuring twoptdm
 measuring in su2 version of tagged_nrank 
The hamiltonian will contain 1233 terms
MPO Bond 0: 56/20
MPO Bond 1: 62/23
MPO Bond 2: 76/30
MPO Bond 3: 98/41
MPO Bond 4: 128/56
MPO Bond 5: 10/3
MPO Bond 6: 1/0
This binary contains symmetries: 2u1pg su2u1pg 
DMRG version 3.1.1
Temporary storage enabled in ./tmp//storage_temp_a63b84b95b35/
Will start again at site -1 in sweep 33
Loading checkpoint from /public/home/xzzeng/work/HQC/CO/autoCAS/autocas_project/final/autocas_project.checkpoint_state.0.h5
Parameters:
               Sites: 7
           Electrons: 8
                Spin: 0
               Irrep: 0
The hamiltonian will contain 1233 terms
MPO Bond 0: 56/20
MPO Bond 1: 62/23
MPO Bond 2: 76/30
MPO Bond 3: 98/41
MPO Bond 4: 128/56
MPO Bond 5: 10/3
MPO Bond 6: 1/0
MPS initialization has finished...
Expecting 0 states to orthogonalize to.
Boundaries are partially initialized...
Boundaries are fully initialized...
Done init_left_right
TSMPOTensor: 1x62,  62 operators, 62 tags
TSMPOTensor: 56x76,  211 operators, 154 tags
TSMPOTensor: 62x98,  315 operators, 232 tags
TSMPOTensor: 76x128,  395 operators, 272 tags
TSMPOTensor: 98x10,  259 operators, 224 tags
TSMPOTensor: 128x1,  128 operators, 82 tags
Total number of tags: 1026

Sweep 33, optimizing sites 0 and 1
JCD used 8 iterations.
Time elapsed in JCD: 0.00283651
Energy 1 -112.77319460612
Sum: 4 -> 3
Time elapsed in TRUNC: 3.502e-05
Propagating t with norm 1
Memory usage : 11819256 397844 
Sweep has been running for 0.00339695 seconds.

Sweep 33, optimizing sites 1 and 2
JCD used 10 iterations.
Time elapsed in JCD: 0.0155974
Energy 1 -112.773209759498
Sum: 12 -> 10
Time elapsed in TRUNC: 7.974e-05
Propagating t with norm 1
Memory usage : 11819256 397844 
Sweep has been running for 0.0197245 seconds.

Sweep 33, optimizing sites 2 and 3
JCD used 10 iterations.
Time elapsed in JCD: 0.040343
Energy 1 -112.773240331928
Sum: 40 -> 35
Time elapsed in TRUNC: 0.000127191
Propagating t with norm 1
Memory usage : 11819256 397844 
Sweep has been running for 0.0616217 seconds.

Sweep 33, optimizing sites 3 and 4
JCD used 6 iterations.
Time elapsed in JCD: 0.0272734
Energy 1 -112.773240326234
Sum: 40 -> 35
Time elapsed in TRUNC: 0.00012311
Propagating t with norm 1
Memory usage : 11819256 397844 
Sweep has been running for 0.0915419 seconds.

Sweep 33, optimizing sites 4 and 5
JCD used 1 iterations.
Time elapsed in JCD: 0.00200938
Energy 1 -112.77324032827
Sum: 12 -> 10
Time elapsed in TRUNC: 7.4591e-05
Propagating t with norm 1
Memory usage : 11819256 397844 
Sweep has been running for 0.0953875 seconds.

Sweep 33, optimizing sites 5 and 6
JCD used 1 iterations.
Time elapsed in JCD: 0.000364273
Energy 1 -112.77324032827
Sum: 4 -> 3
Time elapsed in TRUNC: 3.16e-05
Propagating t with norm 1
Memory usage : 11819256 397844 
Sweep has been running for 0.0963342 seconds.

Sweep 33, optimizing sites 5 and 6
JCD used 1 iterations.
Time elapsed in JCD: 0.000348123
Energy -1 -112.77324032827
Sum: 4 -> 3
Time elapsed in TRUNC: 2.981e-05
Propagating t with norm 1
Memory usage : 11819256 397844 
Sweep has been running for 0.0971664 seconds.

Sweep 33, optimizing sites 4 and 5
JCD used 1 iterations.
Time elapsed in JCD: 0.0017119
Energy -1 -112.77324032827
Sum: 12 -> 10
Time elapsed in TRUNC: 8.098e-05
Propagating t with norm 1
Memory usage : 11819256 397844 
Sweep has been running for 0.0999975 seconds.

Sweep 33, optimizing sites 3 and 4
JCD used 1 iterations.
Time elapsed in JCD: 0.00486666
Energy -1 -112.77324032827
Sum: 40 -> 35
Time elapsed in TRUNC: 0.00012303
Propagating t with norm 1
Memory usage : 11819256 397844 
Sweep has been running for 0.106776 seconds.

Sweep 33, optimizing sites 2 and 3
JCD used 1 iterations.
Time elapsed in JCD: 0.00400456
Energy -1 -112.77324032827
Sum: 40 -> 35
Time elapsed in TRUNC: 0.000121571
Propagating t with norm 1
Memory usage : 11819256 397844 
Sweep has been running for 0.113352 seconds.

Sweep 33, optimizing sites 1 and 2
JCD used 1 iterations.
Time elapsed in JCD: 0.0016415
Energy -1 -112.77324032827
Sum: 12 -> 10
Time elapsed in TRUNC: 6.693e-05
Propagating t with norm 1
Memory usage : 11819256 397844 
Sweep has been running for 0.116722 seconds.

Sweep 33, optimizing sites 0 and 1
JCD used 1 iterations.
Time elapsed in JCD: 0.000335982
Energy -1 -112.77324032827
Sum: 4 -> 3
Time elapsed in TRUNC: 2.948e-05
Propagating t with norm 1
Memory usage : 11819256 397844 
Sweep has been running for 0.117869 seconds.

Sweep 34, optimizing sites 0 and 1
JCD used 1 iterations.
Time elapsed in JCD: 0.000344313
Energy 1 -112.77324032827
Sum: 4 -> 3
Time elapsed in TRUNC: 3.371e-05
Propagating t with norm 1
Memory usage : 11819256 397844 
Sweep has been running for 0.000775926 seconds.

Sweep 34, optimizing sites 1 and 2
JCD used 1 iterations.
Time elapsed in JCD: 0.00176676
Energy 1 -112.77324032827
Sum: 12 -> 10
Time elapsed in TRUNC: 7.141e-05
Propagating t with norm 1
Memory usage : 11819256 397844 
Sweep has been running for 0.00350106 seconds.

Sweep 34, optimizing sites 2 and 3
JCD used 1 iterations.
Time elapsed in JCD: 0.00409018
Energy 1 -112.77324032827
Sum: 40 -> 35
Time elapsed in TRUNC: 0.00012299
Propagating t with norm 1
Memory usage : 11819256 397844 
Sweep has been running for 0.0092725 seconds.

Sweep 34, optimizing sites 3 and 4
JCD used 1 iterations.
Time elapsed in JCD: 0.00479175
Energy 1 -112.77324032827
Sum: 40 -> 35
Time elapsed in TRUNC: 0.000120541
Propagating t with norm 1
Memory usage : 11819256 397844 
Sweep has been running for 0.0168941 seconds.

Sweep 34, optimizing sites 4 and 5
JCD used 1 iterations.
Time elapsed in JCD: 0.00190165
Energy 1 -112.77324032827
Sum: 12 -> 10
Time elapsed in TRUNC: 7.661e-05
Propagating t with norm 1
Memory usage : 11819256 397844 
Sweep has been running for 0.0206309 seconds.

Sweep 34, optimizing sites 5 and 6
JCD used 1 iterations.
Time elapsed in JCD: 0.000364483
Energy 1 -112.77324032827
Sum: 4 -> 3
Time elapsed in TRUNC: 3.197e-05
Propagating t with norm 1
Memory usage : 11819256 397844 
Sweep has been running for 0.0215817 seconds.

Sweep 34, optimizing sites 5 and 6
JCD used 1 iterations.
Time elapsed in JCD: 0.000350672
Energy -1 -112.77324032827
Sum: 4 -> 3
Time elapsed in TRUNC: 3.092e-05
Propagating t with norm 1
Memory usage : 11819256 397844 
Sweep has been running for 0.0225545 seconds.

Sweep 34, optimizing sites 4 and 5
JCD used 1 iterations.
Time elapsed in JCD: 0.00162472
Energy -1 -112.77324032827
Sum: 12 -> 10
Time elapsed in TRUNC: 7.3321e-05
Propagating t with norm 1
Memory usage : 11819256 397844 
Sweep has been running for 0.0252611 seconds.

Sweep 34, optimizing sites 3 and 4
JCD used 1 iterations.
Time elapsed in JCD: 0.00481677
Energy -1 -112.77324032827
Sum: 40 -> 35
Time elapsed in TRUNC: 0.000120921
Propagating t with norm 1
Memory usage : 11819256 397844 
Sweep has been running for 0.0320241 seconds.

Sweep 34, optimizing sites 2 and 3
JCD used 1 iterations.
Time elapsed in JCD: 0.00403078
Energy -1 -112.77324032827
Sum: 40 -> 35
Time elapsed in TRUNC: 0.000121661
Propagating t with norm 1
Memory usage : 11819256 397844 
Sweep has been running for 0.0386605 seconds.

Sweep 34, optimizing sites 1 and 2
JCD used 1 iterations.
Time elapsed in JCD: 0.00215345
Energy -1 -112.77324032827
Sum: 12 -> 10
Time elapsed in TRUNC: 7.8241e-05
Propagating t with norm 1
Memory usage : 11819256 397844 
Sweep has been running for 0.0424913 seconds.

Sweep 34, optimizing sites 0 and 1
JCD used 1 iterations.
Time elapsed in JCD: 0.000341002
Energy -1 -112.77324032827
Sum: 4 -> 3
Time elapsed in TRUNC: 2.9391e-05
Propagating t with norm 1
Memory usage : 11819256 397844 
Sweep has been running for 0.043463 seconds.

Sweep 35, optimizing sites 0 and 1
JCD used 1 iterations.
Time elapsed in JCD: 0.000513353
Energy 1 -112.77324032827
Sum: 4 -> 3
Time elapsed in TRUNC: 3.2201e-05
Propagating t with norm 1
Memory usage : 11819256 397844 
Sweep has been running for 0.000951497 seconds.

Sweep 35, optimizing sites 1 and 2
JCD used 1 iterations.
Time elapsed in JCD: 0.00186911
Energy 1 -112.77324032827
Sum: 12 -> 10
Time elapsed in TRUNC: 7.368e-05
Propagating t with norm 1
Memory usage : 11819256 397844 
Sweep has been running for 0.00391578 seconds.

Sweep 35, optimizing sites 2 and 3
JCD used 1 iterations.
Time elapsed in JCD: 0.00422044
Energy 1 -112.77324032827
Sum: 40 -> 35
Time elapsed in TRUNC: 0.000123821
Propagating t with norm 1
Memory usage : 11819256 397844 
Sweep has been running for 0.00982648 seconds.

Sweep 35, optimizing sites 3 and 4
JCD used 1 iterations.
Time elapsed in JCD: 0.00483934
Energy 1 -112.77324032827
Sum: 40 -> 35
Time elapsed in TRUNC: 0.000126111
Propagating t with norm 1
Memory usage : 11819256 397844 
Sweep has been running for 0.0174199 seconds.

Sweep 35, optimizing sites 4 and 5
JCD used 1 iterations.
Time elapsed in JCD: 0.00163563
Energy 1 -112.77324032827
Sum: 12 -> 10
Time elapsed in TRUNC: 8.1801e-05
Propagating t with norm 1
Memory usage : 11819256 397844 
Sweep has been running for 0.0208169 seconds.

Sweep 35, optimizing sites 5 and 6
JCD used 1 iterations.
Time elapsed in JCD: 0.000356642
Energy 1 -112.77324032827
Sum: 4 -> 3
Time elapsed in TRUNC: 3.2011e-05
Propagating t with norm 1
Memory usage : 11819256 397844 
Sweep has been running for 0.0217882 seconds.

Sweep 35, optimizing sites 5 and 6
JCD used 1 iterations.
Time elapsed in JCD: 0.000353153
Energy -1 -112.77324032827
Sum: 4 -> 3
Time elapsed in TRUNC: 3.062e-05
Propagating t with norm 1
Memory usage : 11819256 397844 
Sweep has been running for 0.0227187 seconds.

Sweep 35, optimizing sites 4 and 5
JCD used 1 iterations.
Time elapsed in JCD: 0.00164407
Energy -1 -112.77324032827
Sum: 12 -> 10
Time elapsed in TRUNC: 7.309e-05
Propagating t with norm 1
Memory usage : 11819256 397844 
Sweep has been running for 0.0254254 seconds.

Sweep 35, optimizing sites 3 and 4
JCD used 1 iterations.
Time elapsed in JCD: 0.00477631
Energy -1 -112.77324032827
Sum: 40 -> 35
Time elapsed in TRUNC: 0.00012055
Propagating t with norm 1
Memory usage : 11819256 397844 
Sweep has been running for 0.0320948 seconds.

Sweep 35, optimizing sites 2 and 3
JCD used 1 iterations.
Time elapsed in JCD: 0.00405748
Energy -1 -112.77324032827
Sum: 40 -> 35
Time elapsed in TRUNC: 0.000122601
Propagating t with norm 1
Memory usage : 11819256 397844 
Sweep has been running for 0.0386989 seconds.

Sweep 35, optimizing sites 1 and 2
JCD used 1 iterations.
Time elapsed in JCD: 0.00167465
Energy -1 -112.77324032827
Sum: 12 -> 10
Time elapsed in TRUNC: 6.8641e-05
Propagating t with norm 1
Memory usage : 11819256 397844 
Sweep has been running for 0.0419491 seconds.

Sweep 35, optimizing sites 0 and 1
JCD used 1 iterations.
Time elapsed in JCD: 0.000331773
Energy -1 -112.77324032827
Sum: 4 -> 3
Time elapsed in TRUNC: 2.93e-05
Propagating t with norm 1
Memory usage : 11819256 397844 
Sweep has been running for 0.042895 seconds.
Measuring oneptdm
 measuring in su2 version of tagged_nrank 
Measuring twoptdm
 measuring in su2 version of tagged_nrank 
The hamiltonian will contain 1233 terms
MPO Bond 0: 56/20
MPO Bond 1: 62/23
MPO Bond 2: 76/30
MPO Bond 3: 98/41
MPO Bond 4: 128/56
MPO Bond 5: 10/3
MPO Bond 6: 1/0
This binary contains symmetries: 2u1pg su2u1pg 
DMRG version 3.1.1
Temporary storage enabled in ./tmp//storage_temp_689f5e95e066/
Will start again at site -1 in sweep 36
Loading checkpoint from /public/home/xzzeng/work/HQC/CO/autoCAS/autocas_project/final/autocas_project.checkpoint_state.0.h5
Parameters:
               Sites: 7
           Electrons: 8
                Spin: 0
               Irrep: 0
The hamiltonian will contain 1233 terms
MPO Bond 0: 56/20
MPO Bond 1: 62/23
MPO Bond 2: 76/30
MPO Bond 3: 98/41
MPO Bond 4: 128/56
MPO Bond 5: 10/3
MPO Bond 6: 1/0
MPS initialization has finished...
Expecting 0 states to orthogonalize to.
Boundaries are partially initialized...
Boundaries are fully initialized...
Done init_left_right
TSMPOTensor: 1x62,  62 operators, 62 tags
TSMPOTensor: 56x76,  211 operators, 154 tags
TSMPOTensor: 62x98,  315 operators, 232 tags
TSMPOTensor: 76x128,  395 operators, 272 tags
TSMPOTensor: 98x10,  259 operators, 224 tags
TSMPOTensor: 128x1,  128 operators, 82 tags
Total number of tags: 1026

Sweep 36, optimizing sites 0 and 1
JCD used 8 iterations.
Time elapsed in JCD: 0.0023814
Energy 1 -112.773394294554
Sum: 4 -> 3
Time elapsed in TRUNC: 3.586e-05
Propagating t with norm 1
Memory usage : 11819256 398552 
Sweep has been running for 0.00292673 seconds.

Sweep 36, optimizing sites 1 and 2
JCD used 10 iterations.
Time elapsed in JCD: 0.0155746
Energy 1 -112.773398802585
Sum: 12 -> 10
Time elapsed in TRUNC: 7.346e-05
Propagating t with norm 1
Memory usage : 11819256 398552 
Sweep has been running for 0.0192214 seconds.

Sweep 36, optimizing sites 2 and 3
JCD used 10 iterations.
Time elapsed in JCD: 0.0400738
Energy 1 -112.773402944776
Sum: 40 -> 35
Time elapsed in TRUNC: 0.000126931
Propagating t with norm 1
Memory usage : 11819256 398552 
Sweep has been running for 0.0610131 seconds.

Sweep 36, optimizing sites 3 and 4
JCD used 5 iterations.
Time elapsed in JCD: 0.023307
Energy 1 -112.773402946517
Sum: 40 -> 35
Time elapsed in TRUNC: 0.000121691
Propagating t with norm 1
Memory usage : 11819256 398552 
Sweep has been running for 0.0869462 seconds.

Sweep 36, optimizing sites 4 and 5
JCD used 1 iterations.
Time elapsed in JCD: 0.00154114
Energy 1 -112.773402948038
Sum: 12 -> 10
Time elapsed in TRUNC: 6.804e-05
Propagating t with norm 1
Memory usage : 11819256 398552 
Sweep has been running for 0.0903915 seconds.

Sweep 36, optimizing sites 5 and 6
JCD used 1 iterations.
Time elapsed in JCD: 0.000776576
Energy 1 -112.773402948038
Sum: 4 -> 3
Time elapsed in TRUNC: 3.8191e-05
Propagating t with norm 1
Memory usage : 11819256 398552 
Sweep has been running for 0.0919077 seconds.

Sweep 36, optimizing sites 5 and 6
JCD used 1 iterations.
Time elapsed in JCD: 0.000353253
Energy -1 -112.773402948038
Sum: 4 -> 3
Time elapsed in TRUNC: 3.24e-05
Propagating t with norm 1
Memory usage : 11819256 398552 
Sweep has been running for 0.0927439 seconds.

Sweep 36, optimizing sites 4 and 5
JCD used 1 iterations.
Time elapsed in JCD: 0.00164803
Energy -1 -112.773402948038
Sum: 12 -> 10
Time elapsed in TRUNC: 7.3521e-05
Propagating t with norm 1
Memory usage : 11819256 398552 
Sweep has been running for 0.0956338 seconds.

Sweep 36, optimizing sites 3 and 4
JCD used 1 iterations.
Time elapsed in JCD: 0.00477961
Energy -1 -112.773402948038
Sum: 40 -> 35
Time elapsed in TRUNC: 0.00012155
Propagating t with norm 1
Memory usage : 11819256 398552 
Sweep has been running for 0.102309 seconds.

Sweep 36, optimizing sites 2 and 3
JCD used 1 iterations.
Time elapsed in JCD: 0.00410861
Energy -1 -112.773402948038
Sum: 40 -> 35
Time elapsed in TRUNC: 0.000123651
Propagating t with norm 1
Memory usage : 11819256 398552 
Sweep has been running for 0.108979 seconds.

Sweep 36, optimizing sites 1 and 2
JCD used 1 iterations.
Time elapsed in JCD: 0.00168348
Energy -1 -112.773402948038
Sum: 12 -> 10
Time elapsed in TRUNC: 6.9171e-05
Propagating t with norm 1
Memory usage : 11819256 398552 
Sweep has been running for 0.112227 seconds.

Sweep 36, optimizing sites 0 and 1
JCD used 1 iterations.
Time elapsed in JCD: 0.000336012
Energy -1 -112.773402948039
Sum: 4 -> 3
Time elapsed in TRUNC: 2.9301e-05
Propagating t with norm 1
Memory usage : 11819256 398552 
Sweep has been running for 0.113205 seconds.

Sweep 37, optimizing sites 0 and 1
JCD used 1 iterations.
Time elapsed in JCD: 0.000542554
Energy 1 -112.773402948039
Sum: 4 -> 3
Time elapsed in TRUNC: 3.368e-05
Propagating t with norm 1
Memory usage : 11819256 398552 
Sweep has been running for 0.00101002 seconds.

Sweep 37, optimizing sites 1 and 2
JCD used 1 iterations.
Time elapsed in JCD: 0.00167563
Energy 1 -112.773402948038
Sum: 12 -> 10
Time elapsed in TRUNC: 6.798e-05
Propagating t with norm 1
Memory usage : 11819256 398552 
Sweep has been running for 0.00344436 seconds.

Sweep 37, optimizing sites 2 and 3
JCD used 1 iterations.
Time elapsed in JCD: 0.00458966
Energy 1 -112.773402948038
Sum: 40 -> 35
Time elapsed in TRUNC: 0.000126041
Propagating t with norm 1
Memory usage : 11819256 398552 
Sweep has been running for 0.00978094 seconds.

Sweep 37, optimizing sites 3 and 4
JCD used 1 iterations.
Time elapsed in JCD: 0.00538909
Energy 1 -112.773402948038
Sum: 40 -> 35
Time elapsed in TRUNC: 0.000120541
Propagating t with norm 1
Memory usage : 11819256 398552 
Sweep has been running for 0.0179523 seconds.

Sweep 37, optimizing sites 4 and 5
JCD used 1 iterations.
Time elapsed in JCD: 0.00157269
Energy 1 -112.773402948038
Sum: 12 -> 10
Time elapsed in TRUNC: 6.915e-05
Propagating t with norm 1
Memory usage : 11819256 398552 
Sweep has been running for 0.0215048 seconds.

Sweep 37, optimizing sites 5 and 6
JCD used 1 iterations.
Time elapsed in JCD: 0.000360512
Energy 1 -112.773402948038
Sum: 4 -> 3
Time elapsed in TRUNC: 3.176e-05
Propagating t with norm 1
Memory usage : 11819256 398552 
Sweep has been running for 0.0224735 seconds.

Sweep 37, optimizing sites 5 and 6
JCD used 1 iterations.
Time elapsed in JCD: 0.000350302
Energy -1 -112.773402948038
Sum: 4 -> 3
Time elapsed in TRUNC: 3.0371e-05
Propagating t with norm 1
Memory usage : 11819256 398552 
Sweep has been running for 0.02341 seconds.

Sweep 37, optimizing sites 4 and 5
JCD used 1 iterations.
Time elapsed in JCD: 0.00184035
Energy -1 -112.773402948038
Sum: 12 -> 10
Time elapsed in TRUNC: 7.161e-05
Propagating t with norm 1
Memory usage : 11819256 398552 
Sweep has been running for 0.0263213 seconds.

Sweep 37, optimizing sites 3 and 4
JCD used 1 iterations.
Time elapsed in JCD: 0.00517106
Energy -1 -112.773402948038
Sum: 40 -> 35
Time elapsed in TRUNC: 0.000120261
Propagating t with norm 1
Memory usage : 11819256 398552 
Sweep has been running for 0.0338278 seconds.

Sweep 37, optimizing sites 2 and 3
JCD used 1 iterations.
Time elapsed in JCD: 0.00414815
Energy -1 -112.773402948038
Sum: 40 -> 35
Time elapsed in TRUNC: 0.000121121
Propagating t with norm 1
Memory usage : 11819256 398552 
Sweep has been running for 0.0406714 seconds.

Sweep 37, optimizing sites 1 and 2
JCD used 1 iterations.
Time elapsed in JCD: 0.00232483
Energy -1 -112.773402948038
Sum: 12 -> 10
Time elapsed in TRUNC: 7.797e-05
Propagating t with norm 1
Memory usage : 11819256 398552 
Sweep has been running for 0.0448733 seconds.

Sweep 37, optimizing sites 0 and 1
JCD used 1 iterations.
Time elapsed in JCD: 0.000332052
Energy -1 -112.773402948038
Sum: 4 -> 3
Time elapsed in TRUNC: 2.9651e-05
Propagating t with norm 1
Memory usage : 11819256 398552 
Sweep has been running for 0.0458247 seconds.
Measuring oneptdm
 measuring in su2 version of tagged_nrank 
Measuring twoptdm
 measuring in su2 version of tagged_nrank 
The hamiltonian will contain 1233 terms
MPO Bond 0: 56/20
MPO Bond 1: 62/23
MPO Bond 2: 76/30
MPO Bond 3: 98/41
MPO Bond 4: 128/56
MPO Bond 5: 10/3
MPO Bond 6: 1/0
This binary contains symmetries: 2u1pg su2u1pg 
DMRG version 3.1.1
Temporary storage enabled in ./tmp//storage_temp_daa86c2fa508/
Will start again at site -1 in sweep 38
Loading checkpoint from /public/home/xzzeng/work/HQC/CO/autoCAS/autocas_project/final/autocas_project.checkpoint_state.0.h5
Parameters:
               Sites: 7
           Electrons: 8
                Spin: 0
               Irrep: 0
The hamiltonian will contain 1233 terms
MPO Bond 0: 56/20
MPO Bond 1: 62/23
MPO Bond 2: 76/30
MPO Bond 3: 98/41
MPO Bond 4: 128/56
MPO Bond 5: 10/3
MPO Bond 6: 1/0
MPS initialization has finished...
Expecting 0 states to orthogonalize to.
Boundaries are partially initialized...
Boundaries are fully initialized...
Done init_left_right
TSMPOTensor: 1x62,  62 operators, 62 tags
TSMPOTensor: 56x76,  211 operators, 154 tags
TSMPOTensor: 62x98,  315 operators, 232 tags
TSMPOTensor: 76x128,  395 operators, 272 tags
TSMPOTensor: 98x10,  259 operators, 224 tags
TSMPOTensor: 128x1,  128 operators, 82 tags
Total number of tags: 1026

Sweep 38, optimizing sites 0 and 1
JCD used 8 iterations.
Time elapsed in JCD: 0.00245205
Energy 1 -112.77343929973
Sum: 4 -> 3
Time elapsed in TRUNC: 3.5211e-05
Propagating t with norm 1
Memory usage : 11819256 395364 
Sweep has been running for 0.00299936 seconds.

Sweep 38, optimizing sites 1 and 2
JCD used 10 iterations.
Time elapsed in JCD: 0.0156501
Energy 1 -112.773441124324
Sum: 12 -> 10
Time elapsed in TRUNC: 7.318e-05
Propagating t with norm 1
Memory usage : 11819256 395364 
Sweep has been running for 0.0193745 seconds.

Sweep 38, optimizing sites 2 and 3
JCD used 10 iterations.
Time elapsed in JCD: 0.040451
Energy 1 -112.773444402821
Sum: 40 -> 35
Time elapsed in TRUNC: 0.000126451
Propagating t with norm 1
Memory usage : 11819256 395364 
Sweep has been running for 0.0616024 seconds.

Sweep 38, optimizing sites 3 and 4
JCD used 5 iterations.
Time elapsed in JCD: 0.0233824
Energy 1 -112.773444402606
Sum: 40 -> 35
Time elapsed in TRUNC: 0.000121971
Propagating t with norm 1
Memory usage : 11819256 395364 
Sweep has been running for 0.0876221 seconds.

Sweep 38, optimizing sites 4 and 5
JCD used 1 iterations.
Time elapsed in JCD: 0.00221031
Energy 1 -112.773444402858
Sum: 12 -> 10
Time elapsed in TRUNC: 9.2971e-05
Propagating t with norm 1
Memory usage : 11819256 395364 
Sweep has been running for 0.0918348 seconds.

Sweep 38, optimizing sites 5 and 6
JCD used 1 iterations.
Time elapsed in JCD: 0.000359412
Energy 1 -112.773444402858
Sum: 4 -> 3
Time elapsed in TRUNC: 3.1561e-05
Propagating t with norm 1
Memory usage : 11819256 395364 
Sweep has been running for 0.0930157 seconds.

Sweep 38, optimizing sites 5 and 6
JCD used 1 iterations.
Time elapsed in JCD: 0.000370902
Energy -1 -112.773444402858
Sum: 4 -> 3
Time elapsed in TRUNC: 3.08e-05
Propagating t with norm 1
Memory usage : 11819256 395364 
Sweep has been running for 0.0940501 seconds.

Sweep 38, optimizing sites 4 and 5
JCD used 1 iterations.
Time elapsed in JCD: 0.0020459
Energy -1 -112.773444402858
Sum: 12 -> 10
Time elapsed in TRUNC: 7.6241e-05
Propagating t with norm 1
Memory usage : 11819256 395364 
Sweep has been running for 0.097349 seconds.

Sweep 38, optimizing sites 3 and 4
JCD used 1 iterations.
Time elapsed in JCD: 0.00501103
Energy -1 -112.773444402858
Sum: 40 -> 35
Time elapsed in TRUNC: 0.000122911
Propagating t with norm 1
Memory usage : 11819256 395364 
Sweep has been running for 0.104267 seconds.

Sweep 38, optimizing sites 2 and 3
JCD used 1 iterations.
Time elapsed in JCD: 0.00407759
Energy -1 -112.773444402858
Sum: 40 -> 35
Time elapsed in TRUNC: 0.000122701
Propagating t with norm 1
Memory usage : 11819256 395364 
Sweep has been running for 0.111299 seconds.

Sweep 38, optimizing sites 1 and 2
JCD used 1 iterations.
Time elapsed in JCD: 0.00231359
Energy -1 -112.773444402858
Sum: 12 -> 10
Time elapsed in TRUNC: 7.335e-05
Propagating t with norm 1
Memory usage : 11819256 395364 
Sweep has been running for 0.115249 seconds.

Sweep 38, optimizing sites 0 and 1
JCD used 1 iterations.
Time elapsed in JCD: 0.000335992
Energy -1 -112.773444402858
Sum: 4 -> 3
Time elapsed in TRUNC: 2.9871e-05
Propagating t with norm 1
Memory usage : 11819256 395364 
Sweep has been running for 0.116415 seconds.

Sweep 39, optimizing sites 0 and 1
JCD used 1 iterations.
Time elapsed in JCD: 0.000347962
Energy 1 -112.773444402858
Sum: 4 -> 3
Time elapsed in TRUNC: 3.229e-05
Propagating t with norm 1
Memory usage : 11819256 395364 
Sweep has been running for 0.000779646 seconds.

Sweep 39, optimizing sites 1 and 2
JCD used 1 iterations.
Time elapsed in JCD: 0.00162104
Energy 1 -112.773444402858
Sum: 12 -> 10
Time elapsed in TRUNC: 6.791e-05
Propagating t with norm 1
Memory usage : 11819256 395364 
Sweep has been running for 0.0031357 seconds.

Sweep 39, optimizing sites 2 and 3
JCD used 1 iterations.
Time elapsed in JCD: 0.0040859
Energy 1 -112.773444402858
Sum: 40 -> 35
Time elapsed in TRUNC: 0.000122481
Propagating t with norm 1
Memory usage : 11819256 395364 
Sweep has been running for 0.00897645 seconds.

Sweep 39, optimizing sites 3 and 4
JCD used 1 iterations.
Time elapsed in JCD: 0.00481473
Energy 1 -112.773444402858
Sum: 40 -> 35
Time elapsed in TRUNC: 0.000118461
Propagating t with norm 1
Memory usage : 11819256 395364 
Sweep has been running for 0.0165373 seconds.

Sweep 39, optimizing sites 4 and 5
JCD used 1 iterations.
Time elapsed in JCD: 0.0020582
Energy 1 -112.773444402858
Sum: 12 -> 10
Time elapsed in TRUNC: 0.000102431
Propagating t with norm 1
Memory usage : 11819256 395364 
Sweep has been running for 0.0205248 seconds.

Sweep 39, optimizing sites 5 and 6
JCD used 1 iterations.
Time elapsed in JCD: 0.000642525
Energy 1 -112.773444402858
Sum: 4 -> 3
Time elapsed in TRUNC: 3.8991e-05
Propagating t with norm 1
Memory usage : 11819256 395364 
Sweep has been running for 0.0218751 seconds.

Sweep 39, optimizing sites 5 and 6
JCD used 1 iterations.
Time elapsed in JCD: 0.000341262
Energy -1 -112.773444402858
Sum: 4 -> 3
Time elapsed in TRUNC: 2.964e-05
Propagating t with norm 1
Memory usage : 11819256 395364 
Sweep has been running for 0.0227125 seconds.

Sweep 39, optimizing sites 4 and 5
JCD used 1 iterations.
Time elapsed in JCD: 0.00161582
Energy -1 -112.773444402858
Sum: 12 -> 10
Time elapsed in TRUNC: 7.5541e-05
Propagating t with norm 1
Memory usage : 11819256 395364 
Sweep has been running for 0.0254047 seconds.

Sweep 39, optimizing sites 3 and 4
JCD used 1 iterations.
Time elapsed in JCD: 0.00486644
Energy -1 -112.773444402858
Sum: 40 -> 35
Time elapsed in TRUNC: 0.000122031
Propagating t with norm 1
Memory usage : 11819256 395364 
Sweep has been running for 0.0321974 seconds.

Sweep 39, optimizing sites 2 and 3
JCD used 1 iterations.
Time elapsed in JCD: 0.00416215
Energy -1 -112.773444402858
Sum: 40 -> 35
Time elapsed in TRUNC: 0.000147581
Propagating t with norm 1
Memory usage : 11819256 395364 
Sweep has been running for 0.0390055 seconds.

Sweep 39, optimizing sites 1 and 2
JCD used 1 iterations.
Time elapsed in JCD: 0.00204765
Energy -1 -112.773444402858
Sum: 12 -> 10
Time elapsed in TRUNC: 0.000186181
Propagating t with norm 1
Memory usage : 11819256 395364 
Sweep has been running for 0.0428954 seconds.

Sweep 39, optimizing sites 0 and 1
JCD used 1 iterations.
Time elapsed in JCD: 0.000338133
Energy -1 -112.773444402858
Sum: 4 -> 3
Time elapsed in TRUNC: 2.971e-05
Propagating t with norm 1
Memory usage : 11819256 395364 
Sweep has been running for 0.0438561 seconds.
Measuring oneptdm
 measuring in su2 version of tagged_nrank 
Measuring twoptdm
 measuring in su2 version of tagged_nrank 
The hamiltonian will contain 1233 terms
MPO Bond 0: 56/20
MPO Bond 1: 62/23
MPO Bond 2: 76/30
MPO Bond 3: 98/41
MPO Bond 4: 128/56
MPO Bond 5: 10/3
MPO Bond 6: 1/0
This binary contains symmetries: 2u1pg su2u1pg 
DMRG version 3.1.1
Temporary storage enabled in ./tmp//storage_temp_fc7dd0772b17/
Will start again at site -1 in sweep 40
Loading checkpoint from /public/home/xzzeng/work/HQC/CO/autoCAS/autocas_project/final/autocas_project.checkpoint_state.0.h5
Parameters:
               Sites: 7
           Electrons: 8
                Spin: 0
               Irrep: 0
The hamiltonian will contain 1233 terms
MPO Bond 0: 56/20
MPO Bond 1: 62/23
MPO Bond 2: 76/30
MPO Bond 3: 98/41
MPO Bond 4: 128/56
MPO Bond 5: 10/3
MPO Bond 6: 1/0
MPS initialization has finished...
Expecting 0 states to orthogonalize to.
Boundaries are partially initialized...
Boundaries are fully initialized...
Done init_left_right
TSMPOTensor: 1x62,  62 operators, 62 tags
TSMPOTensor: 56x76,  211 operators, 154 tags
TSMPOTensor: 62x98,  315 operators, 232 tags
TSMPOTensor: 76x128,  395 operators, 272 tags
TSMPOTensor: 98x10,  259 operators, 224 tags
TSMPOTensor: 128x1,  128 operators, 82 tags
Total number of tags: 1026

Sweep 40, optimizing sites 0 and 1
JCD used 8 iterations.
Time elapsed in JCD: 0.00238891
Energy 1 -112.773475375388
Sum: 4 -> 3
Time elapsed in TRUNC: 3.6381e-05
Propagating t with norm 1
Memory usage : 11819256 398984 
Sweep has been running for 0.00291533 seconds.

Sweep 40, optimizing sites 1 and 2
JCD used 10 iterations.
Time elapsed in JCD: 0.0157111
Energy 1 -112.773475598743
Sum: 12 -> 10
Time elapsed in TRUNC: 7.208e-05
Propagating t with norm 1
Memory usage : 11819256 398984 
Sweep has been running for 0.0194902 seconds.

Sweep 40, optimizing sites 2 and 3
JCD used 10 iterations.
Time elapsed in JCD: 0.0406571
Energy 1 -112.773476287443
Sum: 40 -> 35
Time elapsed in TRUNC: 0.000125231
Propagating t with norm 1
Memory usage : 11819256 398984 
Sweep has been running for 0.0617087 seconds.

Sweep 40, optimizing sites 3 and 4
JCD used 4 iterations.
Time elapsed in JCD: 0.0193013
Energy 1 -112.773476286845
Sum: 40 -> 35
Time elapsed in TRUNC: 0.00011991
Propagating t with norm 1
Memory usage : 11819256 398984 
Sweep has been running for 0.0836185 seconds.

Sweep 40, optimizing sites 4 and 5
JCD used 1 iterations.
Time elapsed in JCD: 0.00180216
Energy 1 -112.773476286657
Sum: 12 -> 10
Time elapsed in TRUNC: 6.8181e-05
Propagating t with norm 1
Memory usage : 11819256 398984 
Sweep has been running for 0.0870811 seconds.

Sweep 40, optimizing sites 5 and 6
JCD used 1 iterations.
Time elapsed in JCD: 0.000352703
Energy 1 -112.773476286657
Sum: 4 -> 3
Time elapsed in TRUNC: 3.147e-05
Propagating t with norm 1
Memory usage : 11819256 398984 
Sweep has been running for 0.0880357 seconds.

Sweep 40, optimizing sites 5 and 6
JCD used 1 iterations.
Time elapsed in JCD: 0.000730125
Energy -1 -112.773476286657
Sum: 4 -> 3
Time elapsed in TRUNC: 3.727e-05
Propagating t with norm 1
Memory usage : 11819256 398984 
Sweep has been running for 0.0897881 seconds.

Sweep 40, optimizing sites 4 and 5
JCD used 1 iterations.
Time elapsed in JCD: 0.00203534
Energy -1 -112.773476286657
Sum: 12 -> 10
Time elapsed in TRUNC: 7.1961e-05
Propagating t with norm 1
Memory usage : 11819256 398984 
Sweep has been running for 0.0929057 seconds.

Sweep 40, optimizing sites 3 and 4
JCD used 1 iterations.
Time elapsed in JCD: 0.00570402
Energy -1 -112.773476286657
Sum: 40 -> 35
Time elapsed in TRUNC: 0.000122171
Propagating t with norm 1
Memory usage : 11819256 398984 
Sweep has been running for 0.100637 seconds.

Sweep 40, optimizing sites 2 and 3
JCD used 1 iterations.
Time elapsed in JCD: 0.00399865
Energy -1 -112.773476286657
Sum: 40 -> 35
Time elapsed in TRUNC: 0.000121631
Propagating t with norm 1
Memory usage : 11819256 398984 
Sweep has been running for 0.107165 seconds.

Sweep 40, optimizing sites 1 and 2
JCD used 1 iterations.
Time elapsed in JCD: 0.00162846
Energy -1 -112.773476286657
Sum: 12 -> 10
Time elapsed in TRUNC: 6.5801e-05
Propagating t with norm 1
Memory usage : 11819256 398984 
Sweep has been running for 0.110419 seconds.

Sweep 40, optimizing sites 0 and 1
JCD used 1 iterations.
Time elapsed in JCD: 0.000331372
Energy -1 -112.773476286657
Sum: 4 -> 3
Time elapsed in TRUNC: 2.997e-05
Propagating t with norm 1
Memory usage : 11819256 398984 
Sweep has been running for 0.111382 seconds.

Sweep 41, optimizing sites 0 and 1
JCD used 1 iterations.
Time elapsed in JCD: 0.000345363
Energy 1 -112.773476286657
Sum: 4 -> 3
Time elapsed in TRUNC: 3.167e-05
Propagating t with norm 1
Memory usage : 11819256 398984 
Sweep has been running for 0.000763295 seconds.

Sweep 41, optimizing sites 1 and 2
JCD used 1 iterations.
Time elapsed in JCD: 0.00208372
Energy 1 -112.773476286657
Sum: 12 -> 10
Time elapsed in TRUNC: 6.9571e-05
Propagating t with norm 1
Memory usage : 11819256 398984 
Sweep has been running for 0.00411653 seconds.

Sweep 41, optimizing sites 2 and 3
JCD used 1 iterations.
Time elapsed in JCD: 0.00493827
Energy 1 -112.773476286657
Sum: 40 -> 35
Time elapsed in TRUNC: 0.00012178
Propagating t with norm 1
Memory usage : 11819256 398984 
Sweep has been running for 0.0111116 seconds.

Sweep 41, optimizing sites 3 and 4
JCD used 1 iterations.
Time elapsed in JCD: 0.00583075
Energy 1 -112.773476286657
Sum: 40 -> 35
Time elapsed in TRUNC: 0.000120001
Propagating t with norm 1
Memory usage : 11819256 398984 
Sweep has been running for 0.0198492 seconds.

Sweep 41, optimizing sites 4 and 5
JCD used 1 iterations.
Time elapsed in JCD: 0.00179715
Energy 1 -112.773476286657
Sum: 12 -> 10
Time elapsed in TRUNC: 6.895e-05
Propagating t with norm 1
Memory usage : 11819256 398984 
Sweep has been running for 0.0243908 seconds.

Sweep 41, optimizing sites 5 and 6
JCD used 1 iterations.
Time elapsed in JCD: 0.000361563
Energy 1 -112.773476286657
Sum: 4 -> 3
Time elapsed in TRUNC: 3.468e-05
Propagating t with norm 1
Memory usage : 11819256 398984 
Sweep has been running for 0.0253442 seconds.

Sweep 41, optimizing sites 5 and 6
JCD used 1 iterations.
Time elapsed in JCD: 0.000352172
Energy -1 -112.773476286657
Sum: 4 -> 3
Time elapsed in TRUNC: 3.4301e-05
Propagating t with norm 1
Memory usage : 11819256 398984 
Sweep has been running for 0.0263219 seconds.

Sweep 41, optimizing sites 4 and 5
JCD used 1 iterations.
Time elapsed in JCD: 0.00207683
Energy -1 -112.773476286657
Sum: 12 -> 10
Time elapsed in TRUNC: 7.1701e-05
Propagating t with norm 1
Memory usage : 11819256 398984 
Sweep has been running for 0.0294457 seconds.

Sweep 41, optimizing sites 3 and 4
JCD used 1 iterations.
Time elapsed in JCD: 0.00519115
Energy -1 -112.773476286657
Sum: 40 -> 35
Time elapsed in TRUNC: 0.000120721
Propagating t with norm 1
Memory usage : 11819256 398984 
Sweep has been running for 0.0367229 seconds.

Sweep 41, optimizing sites 2 and 3
JCD used 1 iterations.
Time elapsed in JCD: 0.00447746
Energy -1 -112.773476286657
Sum: 40 -> 35
Time elapsed in TRUNC: 0.000121091
Propagating t with norm 1
Memory usage : 11819256 398984 
Sweep has been running for 0.0437766 seconds.

Sweep 41, optimizing sites 1 and 2
JCD used 1 iterations.
Time elapsed in JCD: 0.00164805
Energy -1 -112.773476286657
Sum: 12 -> 10
Time elapsed in TRUNC: 6.6251e-05
Propagating t with norm 1
Memory usage : 11819256 398984 
Sweep has been running for 0.047052 seconds.

Sweep 41, optimizing sites 0 and 1
JCD used 1 iterations.
Time elapsed in JCD: 0.000333603
Energy -1 -112.773476286657
Sum: 4 -> 3
Time elapsed in TRUNC: 2.958e-05
Propagating t with norm 1
Memory usage : 11819256 398984 
Sweep has been running for 0.0479998 seconds.
Measuring oneptdm
 measuring in su2 version of tagged_nrank 
Measuring twoptdm
 measuring in su2 version of tagged_nrank 
The hamiltonian will contain 1233 terms
MPO Bond 0: 56/20
MPO Bond 1: 62/23
MPO Bond 2: 76/30
MPO Bond 3: 98/41
MPO Bond 4: 128/56
MPO Bond 5: 10/3
MPO Bond 6: 1/0
This binary contains symmetries: 2u1pg su2u1pg 
DMRG version 3.1.1
Temporary storage enabled in ./tmp//storage_temp_aa8590216f0b/
Will start again at site -1 in sweep 42
Loading checkpoint from /public/home/xzzeng/work/HQC/CO/autoCAS/autocas_project/final/autocas_project.checkpoint_state.0.h5
Parameters:
               Sites: 7
           Electrons: 8
                Spin: 0
               Irrep: 0
The hamiltonian will contain 1233 terms
MPO Bond 0: 56/20
MPO Bond 1: 62/23
MPO Bond 2: 76/30
MPO Bond 3: 98/41
MPO Bond 4: 128/56
MPO Bond 5: 10/3
MPO Bond 6: 1/0
MPS initialization has finished...
Expecting 0 states to orthogonalize to.
Boundaries are partially initialized...
Boundaries are fully initialized...
Done init_left_right
TSMPOTensor: 1x62,  62 operators, 62 tags
TSMPOTensor: 56x76,  211 operators, 154 tags
TSMPOTensor: 62x98,  315 operators, 232 tags
TSMPOTensor: 76x128,  395 operators, 272 tags
TSMPOTensor: 98x10,  259 operators, 224 tags
TSMPOTensor: 128x1,  128 operators, 82 tags
Total number of tags: 1026

Sweep 42, optimizing sites 0 and 1
JCD used 7 iterations.
Time elapsed in JCD: 0.00208448
Energy 1 -112.773479786615
Sum: 4 -> 3
Time elapsed in TRUNC: 3.6001e-05
Propagating t with norm 1
Memory usage : 11819256 398984 
Sweep has been running for 0.00260386 seconds.

Sweep 42, optimizing sites 1 and 2
JCD used 9 iterations.
Time elapsed in JCD: 0.0139923
Energy 1 -112.77347986465
Sum: 12 -> 10
Time elapsed in TRUNC: 7.4871e-05
Propagating t with norm 1
Memory usage : 11819256 398984 
Sweep has been running for 0.0173291 seconds.

Sweep 42, optimizing sites 2 and 3
JCD used 10 iterations.
Time elapsed in JCD: 0.0400933
Energy 1 -112.773479992731
Sum: 40 -> 35
Time elapsed in TRUNC: 0.000126291
Propagating t with norm 1
Memory usage : 11819256 398984 
Sweep has been running for 0.0589856 seconds.

Sweep 42, optimizing sites 3 and 4
JCD used 3 iterations.
Time elapsed in JCD: 0.0140798
Energy 1 -112.77347998891
Sum: 40 -> 35
Time elapsed in TRUNC: 0.000121601
Propagating t with norm 1
Memory usage : 11819256 398984 
Sweep has been running for 0.0758329 seconds.

Sweep 42, optimizing sites 4 and 5
JCD used 1 iterations.
Time elapsed in JCD: 0.00275764
Energy 1 -112.773479990829
Sum: 12 -> 10
Time elapsed in TRUNC: 7.475e-05
Propagating t with norm 1
Memory usage : 11819256 398984 
Sweep has been running for 0.0805344 seconds.

Sweep 42, optimizing sites 5 and 6
JCD used 1 iterations.
Time elapsed in JCD: 0.000358633
Energy 1 -112.773479990829
Sum: 4 -> 3
Time elapsed in TRUNC: 4.676e-05
Propagating t with norm 1
Memory usage : 11819256 398984 
Sweep has been running for 0.0818003 seconds.

Sweep 42, optimizing sites 5 and 6
JCD used 1 iterations.
Time elapsed in JCD: 0.000349752
Energy -1 -112.773479990829
Sum: 4 -> 3
Time elapsed in TRUNC: 2.9751e-05
Propagating t with norm 1
Memory usage : 11819256 398984 
Sweep has been running for 0.0826295 seconds.

Sweep 42, optimizing sites 4 and 5
JCD used 1 iterations.
Time elapsed in JCD: 0.00160028
Energy -1 -112.773479990829
Sum: 12 -> 10
Time elapsed in TRUNC: 7.144e-05
Propagating t with norm 1
Memory usage : 11819256 398984 
Sweep has been running for 0.0853087 seconds.

Sweep 42, optimizing sites 3 and 4
JCD used 1 iterations.
Time elapsed in JCD: 0.00488782
Energy -1 -112.773479990829
Sum: 40 -> 35
Time elapsed in TRUNC: 0.000121931
Propagating t with norm 1
Memory usage : 11819256 398984 
Sweep has been running for 0.0924335 seconds.

Sweep 42, optimizing sites 2 and 3
JCD used 1 iterations.
Time elapsed in JCD: 0.00437786
Energy -1 -112.773479990829
Sum: 40 -> 35
Time elapsed in TRUNC: 0.000127551
Propagating t with norm 1
Memory usage : 11819256 398984 
Sweep has been running for 0.0993739 seconds.

Sweep 42, optimizing sites 1 and 2
JCD used 1 iterations.
Time elapsed in JCD: 0.00213891
Energy -1 -112.773479990829
Sum: 12 -> 10
Time elapsed in TRUNC: 7.434e-05
Propagating t with norm 1
Memory usage : 11819256 398984 
Sweep has been running for 0.103108 seconds.

Sweep 42, optimizing sites 0 and 1
JCD used 1 iterations.
Time elapsed in JCD: 0.000333173
Energy -1 -112.773479990829
Sum: 4 -> 3
Time elapsed in TRUNC: 2.966e-05
Propagating t with norm 1
Memory usage : 11819256 398984 
Sweep has been running for 0.104904 seconds.

Sweep 43, optimizing sites 0 and 1
JCD used 1 iterations.
Time elapsed in JCD: 0.000406583
Energy 1 -112.773479990829
Sum: 4 -> 3
Time elapsed in TRUNC: 3.249e-05
Propagating t with norm 1
Memory usage : 11819256 398984 
Sweep has been running for 0.000863547 seconds.

Sweep 43, optimizing sites 1 and 2
JCD used 1 iterations.
Time elapsed in JCD: 0.0020618
Energy 1 -112.773479990829
Sum: 12 -> 10
Time elapsed in TRUNC: 6.79e-05
Propagating t with norm 1
Memory usage : 11819256 398984 
Sweep has been running for 0.0037464 seconds.

Sweep 43, optimizing sites 2 and 3
JCD used 1 iterations.
Time elapsed in JCD: 0.00466372
Energy 1 -112.773479990829
Sum: 40 -> 35
Time elapsed in TRUNC: 0.000123791
Propagating t with norm 1
Memory usage : 11819256 398984 
Sweep has been running for 0.010488 seconds.

Sweep 43, optimizing sites 3 and 4
JCD used 1 iterations.
Time elapsed in JCD: 0.00524611
Energy 1 -112.773479990829
Sum: 40 -> 35
Time elapsed in TRUNC: 0.000120731
Propagating t with norm 1
Memory usage : 11819256 398984 
Sweep has been running for 0.0189689 seconds.

Sweep 43, optimizing sites 4 and 5
JCD used 1 iterations.
Time elapsed in JCD: 0.00201096
Energy 1 -112.773479990829
Sum: 12 -> 10
Time elapsed in TRUNC: 7.51e-05
Propagating t with norm 1
Memory usage : 11819256 398984 
Sweep has been running for 0.0230341 seconds.

Sweep 43, optimizing sites 5 and 6
JCD used 1 iterations.
Time elapsed in JCD: 0.000475354
Energy 1 -112.773479990829
Sum: 4 -> 3
Time elapsed in TRUNC: 6.71e-05
Propagating t with norm 1
Memory usage : 11819256 398984 
Sweep has been running for 0.0243913 seconds.

Sweep 43, optimizing sites 5 and 6
JCD used 1 iterations.
Time elapsed in JCD: 0.000339552
Energy -1 -112.773479990829
Sum: 4 -> 3
Time elapsed in TRUNC: 3.0841e-05
Propagating t with norm 1
Memory usage : 11819256 398984 
Sweep has been running for 0.0253945 seconds.

Sweep 43, optimizing sites 4 and 5
JCD used 1 iterations.
Time elapsed in JCD: 0.00198858
Energy -1 -112.773479990829
Sum: 12 -> 10
Time elapsed in TRUNC: 7.524e-05
Propagating t with norm 1
Memory usage : 11819256 398984 
Sweep has been running for 0.0285339 seconds.

Sweep 43, optimizing sites 3 and 4
JCD used 1 iterations.
Time elapsed in JCD: 0.00504303
Energy -1 -112.773479990829
Sum: 40 -> 35
Time elapsed in TRUNC: 0.00012036
Propagating t with norm 1
Memory usage : 11819256 398984 
Sweep has been running for 0.0356895 seconds.

Sweep 43, optimizing sites 2 and 3
JCD used 1 iterations.
Time elapsed in JCD: 0.00462133
Energy -1 -112.773479990829
Sum: 40 -> 35
Time elapsed in TRUNC: 0.000122521
Propagating t with norm 1
Memory usage : 11819256 398984 
Sweep has been running for 0.0431607 seconds.

Sweep 43, optimizing sites 1 and 2
JCD used 1 iterations.
Time elapsed in JCD: 0.00204965
Energy -1 -112.773479990829
Sum: 12 -> 10
Time elapsed in TRUNC: 7.4071e-05
Propagating t with norm 1
Memory usage : 11819256 398984 
Sweep has been running for 0.0468681 seconds.

Sweep 43, optimizing sites 0 and 1
JCD used 1 iterations.
Time elapsed in JCD: 0.000330572
Energy -1 -112.773479990829
Sum: 4 -> 3
Time elapsed in TRUNC: 2.965e-05
Propagating t with norm 1
Memory usage : 11819256 398984 
Sweep has been running for 0.0478892 seconds.

Sweep 44, optimizing sites 0 and 1
JCD used 1 iterations.
Time elapsed in JCD: 0.000532264
Energy 1 -112.773479990829
Sum: 4 -> 3
Time elapsed in TRUNC: 3.169e-05
Propagating t with norm 1
Memory usage : 11819256 398984 
Sweep has been running for 0.000964987 seconds.

Sweep 44, optimizing sites 1 and 2
JCD used 1 iterations.
Time elapsed in JCD: 0.00245267
Energy 1 -112.773479990829
Sum: 12 -> 10
Time elapsed in TRUNC: 7.3811e-05
Propagating t with norm 1
Memory usage : 11819256 398984 
Sweep has been running for 0.00457249 seconds.

Sweep 44, optimizing sites 2 and 3
JCD used 1 iterations.
Time elapsed in JCD: 0.00503497
Energy 1 -112.773479990829
Sum: 40 -> 35
Time elapsed in TRUNC: 0.000126261
Propagating t with norm 1
Memory usage : 11819256 398984 
Sweep has been running for 0.0114881 seconds.

Sweep 44, optimizing sites 3 and 4
JCD used 1 iterations.
Time elapsed in JCD: 0.00482404
Energy 1 -112.773479990829
Sum: 40 -> 35
Time elapsed in TRUNC: 0.000121211
Propagating t with norm 1
Memory usage : 11819256 398984 
Sweep has been running for 0.0193149 seconds.

Sweep 44, optimizing sites 4 and 5
JCD used 1 iterations.
Time elapsed in JCD: 0.00179139
Energy 1 -112.773479990829
Sum: 12 -> 10
Time elapsed in TRUNC: 7.512e-05
Propagating t with norm 1
Memory usage : 11819256 398984 
Sweep has been running for 0.0229347 seconds.

Sweep 44, optimizing sites 5 and 6
JCD used 1 iterations.
Time elapsed in JCD: 0.000374313
Energy 1 -112.773479990829
Sum: 4 -> 3
Time elapsed in TRUNC: 0.000107571
Propagating t with norm 1
Memory usage : 11819256 398984 
Sweep has been running for 0.0243351 seconds.

Sweep 44, optimizing sites 5 and 6
JCD used 1 iterations.
Time elapsed in JCD: 0.000337502
Energy -1 -112.773479990829
Sum: 4 -> 3
Time elapsed in TRUNC: 2.9551e-05
Propagating t with norm 1
Memory usage : 11819256 398984 
Sweep has been running for 0.0251589 seconds.

Sweep 44, optimizing sites 4 and 5
JCD used 1 iterations.
Time elapsed in JCD: 0.00161182
Energy -1 -112.773479990829
Sum: 12 -> 10
Time elapsed in TRUNC: 7.1181e-05
Propagating t with norm 1
Memory usage : 11819256 398984 
Sweep has been running for 0.0278459 seconds.

Sweep 44, optimizing sites 3 and 4
JCD used 1 iterations.
Time elapsed in JCD: 0.00538514
Energy -1 -112.773479990829
Sum: 40 -> 35
Time elapsed in TRUNC: 0.000243742
Propagating t with norm 1
Memory usage : 11819256 398984 
Sweep has been running for 0.0354672 seconds.

Sweep 44, optimizing sites 2 and 3
JCD used 1 iterations.
Time elapsed in JCD: 0.00419535
Energy -1 -112.773479990829
Sum: 40 -> 35
Time elapsed in TRUNC: 0.000122161
Propagating t with norm 1
Memory usage : 11819256 398984 
Sweep has been running for 0.042452 seconds.

Sweep 44, optimizing sites 1 and 2
JCD used 1 iterations.
Time elapsed in JCD: 0.00190442
Energy -1 -112.773479990829
Sum: 12 -> 10
Time elapsed in TRUNC: 6.8781e-05
Propagating t with norm 1
Memory usage : 11819256 398984 
Sweep has been running for 0.0459563 seconds.

Sweep 44, optimizing sites 0 and 1
JCD used 1 iterations.
Time elapsed in JCD: 0.000328443
Energy -1 -112.773479990829
Sum: 4 -> 3
Time elapsed in TRUNC: 2.925e-05
Propagating t with norm 1
Memory usage : 11819256 398984 
Sweep has been running for 0.0473129 seconds.
Measuring oneptdm
 measuring in su2 version of tagged_nrank 
Measuring twoptdm
 measuring in su2 version of tagged_nrank 
The hamiltonian will contain 1233 terms
MPO Bond 0: 56/20
MPO Bond 1: 62/23
MPO Bond 2: 76/30
MPO Bond 3: 98/41
MPO Bond 4: 128/56
MPO Bond 5: 10/3
MPO Bond 6: 1/0
This binary contains symmetries: 2u1pg su2u1pg 
DMRG version 3.1.1
Temporary storage enabled in ./tmp//storage_temp_3aeb46c24df2/
Will start again at site -1 in sweep 45
Loading checkpoint from /public/home/xzzeng/work/HQC/CO/autoCAS/autocas_project/final/autocas_project.checkpoint_state.0.h5
Parameters:
               Sites: 7
           Electrons: 8
                Spin: 0
               Irrep: 0
The hamiltonian will contain 1233 terms
MPO Bond 0: 56/20
MPO Bond 1: 62/23
MPO Bond 2: 76/30
MPO Bond 3: 98/41
MPO Bond 4: 128/56
MPO Bond 5: 10/3
MPO Bond 6: 1/0
MPS initialization has finished...
Expecting 0 states to orthogonalize to.
Boundaries are partially initialized...
Boundaries are fully initialized...
Done init_left_right
TSMPOTensor: 1x62,  62 operators, 62 tags
TSMPOTensor: 56x76,  211 operators, 154 tags
TSMPOTensor: 62x98,  315 operators, 232 tags
TSMPOTensor: 76x128,  395 operators, 272 tags
TSMPOTensor: 98x10,  259 operators, 224 tags
TSMPOTensor: 128x1,  128 operators, 82 tags
Total number of tags: 1026

Sweep 45, optimizing sites 0 and 1
JCD used 6 iterations.
Time elapsed in JCD: 0.00208141
Energy 1 -112.773481456543
Sum: 4 -> 3
Time elapsed in TRUNC: 3.482e-05
Propagating t with norm 1
Memory usage : 11819256 398984 
Sweep has been running for 0.00260837 seconds.

Sweep 45, optimizing sites 1 and 2
JCD used 9 iterations.
Time elapsed in JCD: 0.0144004
Energy 1 -112.773481458917
Sum: 12 -> 10
Time elapsed in TRUNC: 7.3441e-05
Propagating t with norm 1
Memory usage : 11819256 398984 
Sweep has been running for 0.0177502 seconds.

Sweep 45, optimizing sites 2 and 3
JCD used 10 iterations.
Time elapsed in JCD: 0.0408569
Energy 1 -112.773481484643
Sum: 40 -> 35
Time elapsed in TRUNC: 0.000126391
Propagating t with norm 1
Memory usage : 11819256 398984 
Sweep has been running for 0.0601775 seconds.

Sweep 45, optimizing sites 3 and 4
JCD used 2 iterations.
Time elapsed in JCD: 0.00950091
Energy 1 -112.773481484486
Sum: 40 -> 35
Time elapsed in TRUNC: 0.000120461
Propagating t with norm 1
Memory usage : 11819256 398984 
Sweep has been running for 0.0723302 seconds.

Sweep 45, optimizing sites 4 and 5
JCD used 1 iterations.
Time elapsed in JCD: 0.00205948
Energy 1 -112.773481485042
Sum: 12 -> 10
Time elapsed in TRUNC: 7.1991e-05
Propagating t with norm 1
Memory usage : 11819256 398984 
Sweep has been running for 0.07618 seconds.

Sweep 45, optimizing sites 5 and 6
JCD used 1 iterations.
Time elapsed in JCD: 0.000415493
Energy 1 -112.773481485042
Sum: 4 -> 3
Time elapsed in TRUNC: 3.192e-05
Propagating t with norm 1
Memory usage : 11819256 398984 
Sweep has been running for 0.0771748 seconds.

Sweep 45, optimizing sites 5 and 6
JCD used 1 iterations.
Time elapsed in JCD: 0.000341713
Energy -1 -112.773481485042
Sum: 4 -> 3
Time elapsed in TRUNC: 2.887e-05
Propagating t with norm 1
Memory usage : 11819256 398984 
Sweep has been running for 0.0780047 seconds.

Sweep 45, optimizing sites 4 and 5
JCD used 1 iterations.
Time elapsed in JCD: 0.00185735
Energy -1 -112.773481485042
Sum: 12 -> 10
Time elapsed in TRUNC: 7.4031e-05
Propagating t with norm 1
Memory usage : 11819256 398984 
Sweep has been running for 0.0809341 seconds.

Sweep 45, optimizing sites 3 and 4
JCD used 1 iterations.
Time elapsed in JCD: 0.00544618
Energy -1 -112.773481485042
Sum: 40 -> 35
Time elapsed in TRUNC: 0.000288932
Propagating t with norm 1
Memory usage : 11819256 398984 
Sweep has been running for 0.0884931 seconds.

Sweep 45, optimizing sites 2 and 3
JCD used 1 iterations.
Time elapsed in JCD: 0.00459281
Energy -1 -112.773481485042
Sum: 40 -> 35
Time elapsed in TRUNC: 0.000122311
Propagating t with norm 1
Memory usage : 11819256 398984 
Sweep has been running for 0.0959486 seconds.

Sweep 45, optimizing sites 1 and 2
JCD used 1 iterations.
Time elapsed in JCD: 0.00236152
Energy -1 -112.773481485042
Sum: 12 -> 10
Time elapsed in TRUNC: 6.84e-05
Propagating t with norm 1
Memory usage : 11819256 398984 
Sweep has been running for 0.0998693 seconds.

Sweep 45, optimizing sites 0 and 1
JCD used 1 iterations.
Time elapsed in JCD: 0.000332552
Energy -1 -112.773481485042
Sum: 4 -> 3
Time elapsed in TRUNC: 2.948e-05
Propagating t with norm 1
Memory usage : 11819256 398984 
Sweep has been running for 0.101031 seconds.

Sweep 46, optimizing sites 0 and 1
JCD used 1 iterations.
Time elapsed in JCD: 0.000514394
Energy 1 -112.773481485042
Sum: 4 -> 3
Time elapsed in TRUNC: 4.392e-05
Propagating t with norm 1
Memory usage : 11819256 398984 
Sweep has been running for 0.00119485 seconds.

Sweep 46, optimizing sites 1 and 2
JCD used 1 iterations.
Time elapsed in JCD: 0.00186808
Energy 1 -112.773481485042
Sum: 12 -> 10
Time elapsed in TRUNC: 6.76e-05
Propagating t with norm 1
Memory usage : 11819256 398984 
Sweep has been running for 0.00383143 seconds.

Sweep 46, optimizing sites 2 and 3
JCD used 1 iterations.
Time elapsed in JCD: 0.00455015
Energy 1 -112.773481485042
Sum: 40 -> 35
Time elapsed in TRUNC: 0.000220972
Propagating t with norm 1
Memory usage : 11819256 398984 
Sweep has been running for 0.0103596 seconds.

Sweep 46, optimizing sites 3 and 4
JCD used 1 iterations.
Time elapsed in JCD: 0.00558362
Energy 1 -112.773481485042
Sum: 40 -> 35
Time elapsed in TRUNC: 0.000118591
Propagating t with norm 1
Memory usage : 11819256 398984 
Sweep has been running for 0.0193466 seconds.

Sweep 46, optimizing sites 4 and 5
JCD used 1 iterations.
Time elapsed in JCD: 0.00225964
Energy 1 -112.773481485042
Sum: 12 -> 10
Time elapsed in TRUNC: 7.3211e-05
Propagating t with norm 1
Memory usage : 11819256 398984 
Sweep has been running for 0.0233971 seconds.

Sweep 46, optimizing sites 5 and 6
JCD used 1 iterations.
Time elapsed in JCD: 0.000367203
Energy 1 -112.773481485042
Sum: 4 -> 3
Time elapsed in TRUNC: 3.1501e-05
Propagating t with norm 1
Memory usage : 11819256 398984 
Sweep has been running for 0.0243418 seconds.

Sweep 46, optimizing sites 5 and 6
JCD used 1 iterations.
Time elapsed in JCD: 0.000349402
Energy -1 -112.773481485042
Sum: 4 -> 3
Time elapsed in TRUNC: 3.093e-05
Propagating t with norm 1
Memory usage : 11819256 398984 
Sweep has been running for 0.0253001 seconds.

Sweep 46, optimizing sites 4 and 5
JCD used 1 iterations.
Time elapsed in JCD: 0.00168893
Energy -1 -112.773481485042
Sum: 12 -> 10
Time elapsed in TRUNC: 7.3041e-05
Propagating t with norm 1
Memory usage : 11819256 398984 
Sweep has been running for 0.0280453 seconds.

Sweep 46, optimizing sites 3 and 4
JCD used 1 iterations.
Time elapsed in JCD: 0.00479835
Energy -1 -112.773481485042
Sum: 40 -> 35
Time elapsed in TRUNC: 0.000119731
Propagating t with norm 1
Memory usage : 11819256 398984 
Sweep has been running for 0.0347207 seconds.

Sweep 46, optimizing sites 2 and 3
JCD used 1 iterations.
Time elapsed in JCD: 0.00429086
Energy -1 -112.773481485042
Sum: 40 -> 35
Time elapsed in TRUNC: 0.000124391
Propagating t with norm 1
Memory usage : 11819256 398984 
Sweep has been running for 0.0419698 seconds.

Sweep 46, optimizing sites 1 and 2
JCD used 1 iterations.
Time elapsed in JCD: 0.00238834
Energy -1 -112.773481485042
Sum: 12 -> 10
Time elapsed in TRUNC: 8.303e-05
Propagating t with norm 1
Memory usage : 11819256 398984 
Sweep has been running for 0.0461871 seconds.

Sweep 46, optimizing sites 0 and 1
JCD used 1 iterations.
Time elapsed in JCD: 0.000331162
Energy -1 -112.773481485042
Sum: 4 -> 3
Time elapsed in TRUNC: 2.93e-05
Propagating t with norm 1
Memory usage : 11819256 398984 
Sweep has been running for 0.0473517 seconds.
Measuring oneptdm
 measuring in su2 version of tagged_nrank 
Measuring twoptdm
 measuring in su2 version of tagged_nrank 
The hamiltonian will contain 1233 terms
MPO Bond 0: 56/20
MPO Bond 1: 62/23
MPO Bond 2: 76/30
MPO Bond 3: 98/41
MPO Bond 4: 128/56
MPO Bond 5: 10/3
MPO Bond 6: 1/0
This binary contains symmetries: 2u1pg su2u1pg 
DMRG version 3.1.1
Temporary storage enabled in ./tmp//storage_temp_85e9ccbece1f/
Will start again at site -1 in sweep 47
Loading checkpoint from /public/home/xzzeng/work/HQC/CO/autoCAS/autocas_project/final/autocas_project.checkpoint_state.0.h5
Parameters:
               Sites: 7
           Electrons: 8
                Spin: 0
               Irrep: 0
The hamiltonian will contain 1233 terms
MPO Bond 0: 56/20
MPO Bond 1: 62/23
MPO Bond 2: 76/30
MPO Bond 3: 98/41
MPO Bond 4: 128/56
MPO Bond 5: 10/3
MPO Bond 6: 1/0
MPS initialization has finished...
Expecting 0 states to orthogonalize to.
Boundaries are partially initialized...
Boundaries are fully initialized...
Done init_left_right
TSMPOTensor: 1x62,  62 operators, 62 tags
TSMPOTensor: 56x76,  211 operators, 154 tags
TSMPOTensor: 62x98,  315 operators, 232 tags
TSMPOTensor: 76x128,  395 operators, 272 tags
TSMPOTensor: 98x10,  259 operators, 224 tags
TSMPOTensor: 128x1,  128 operators, 82 tags
Total number of tags: 1026

Sweep 47, optimizing sites 0 and 1
JCD used 5 iterations.
Time elapsed in JCD: 0.0019404
Energy 1 -112.773481719389
Sum: 4 -> 3
Time elapsed in TRUNC: 3.578e-05
Propagating t with norm 1
Memory usage : 11819256 398984 
Sweep has been running for 0.00269745 seconds.

Sweep 47, optimizing sites 1 and 2
JCD used 8 iterations.
Time elapsed in JCD: 0.0132801
Energy 1 -112.773481725394
Sum: 12 -> 10
Time elapsed in TRUNC: 7.2131e-05
Propagating t with norm 1
Memory usage : 11819256 398984 
Sweep has been running for 0.0168796 seconds.

Sweep 47, optimizing sites 2 and 3
JCD used 10 iterations.
Time elapsed in JCD: 0.0411135
Energy 1 -112.77348173364
Sum: 40 -> 35
Time elapsed in TRUNC: 0.000126241
Propagating t with norm 1
Memory usage : 11819256 398984 
Sweep has been running for 0.059761 seconds.

Sweep 47, optimizing sites 3 and 4
JCD used 1 iterations.
Time elapsed in JCD: 0.00498459
Energy 1 -112.773481732059
Sum: 40 -> 35
Time elapsed in TRUNC: 0.000121111
Propagating t with norm 1
Memory usage : 11819256 398984 
Sweep has been running for 0.0677321 seconds.

Sweep 47, optimizing sites 4 and 5
JCD used 1 iterations.
Time elapsed in JCD: 0.00227402
Energy 1 -112.773481732059
Sum: 12 -> 10
Time elapsed in TRUNC: 7.1781e-05
Propagating t with norm 1
Memory usage : 11819256 398984 
Sweep has been running for 0.0719176 seconds.

Sweep 47, optimizing sites 5 and 6
JCD used 1 iterations.
Time elapsed in JCD: 0.000354893
Energy 1 -112.773481732059
Sum: 4 -> 3
Time elapsed in TRUNC: 3.167e-05
Propagating t with norm 1
Memory usage : 11819256 398984 
Sweep has been running for 0.0728536 seconds.

Sweep 47, optimizing sites 5 and 6
JCD used 1 iterations.
Time elapsed in JCD: 0.000387353
Energy -1 -112.773481732059
Sum: 4 -> 3
Time elapsed in TRUNC: 5.8201e-05
Propagating t with norm 1
Memory usage : 11819256 398984 
Sweep has been running for 0.0739697 seconds.

Sweep 47, optimizing sites 4 and 5
JCD used 1 iterations.
Time elapsed in JCD: 0.00236464
Energy -1 -112.773481732059
Sum: 12 -> 10
Time elapsed in TRUNC: 7.682e-05
Propagating t with norm 1
Memory usage : 11819256 398984 
Sweep has been running for 0.0772714 seconds.

Sweep 47, optimizing sites 3 and 4
JCD used 1 iterations.
Time elapsed in JCD: 0.00483464
Energy -1 -112.773481732059
Sum: 40 -> 35
Time elapsed in TRUNC: 0.000122121
Propagating t with norm 1
Memory usage : 11819256 398984 
Sweep has been running for 0.0840173 seconds.

Sweep 47, optimizing sites 2 and 3
JCD used 1 iterations.
Time elapsed in JCD: 0.00410321
Energy -1 -112.773481732059
Sum: 40 -> 35
Time elapsed in TRUNC: 0.000122431
Propagating t with norm 1
Memory usage : 11819256 398984 
Sweep has been running for 0.0907249 seconds.

Sweep 47, optimizing sites 1 and 2
JCD used 1 iterations.
Time elapsed in JCD: 0.00178136
Energy -1 -112.773481732059
Sum: 12 -> 10
Time elapsed in TRUNC: 6.684e-05
Propagating t with norm 1
Memory usage : 11819256 398984 
Sweep has been running for 0.0944245 seconds.

Sweep 47, optimizing sites 0 and 1
JCD used 1 iterations.
Time elapsed in JCD: 0.000339062
Energy -1 -112.773481732059
Sum: 4 -> 3
Time elapsed in TRUNC: 3.1381e-05
Propagating t with norm 1
Memory usage : 11819256 398984 
Sweep has been running for 0.09595 seconds.

Sweep 48, optimizing sites 0 and 1
JCD used 1 iterations.
Time elapsed in JCD: 0.000541294
Energy 1 -112.773481732059
Sum: 4 -> 3
Time elapsed in TRUNC: 3.217e-05
Propagating t with norm 1
Memory usage : 11819256 398984 
Sweep has been running for 0.00100048 seconds.

Sweep 48, optimizing sites 1 and 2
JCD used 1 iterations.
Time elapsed in JCD: 0.00214169
Energy 1 -112.773481732059
Sum: 12 -> 10
Time elapsed in TRUNC: 7.3261e-05
Propagating t with norm 1
Memory usage : 11819256 398984 
Sweep has been running for 0.00435508 seconds.

Sweep 48, optimizing sites 2 and 3
JCD used 1 iterations.
Time elapsed in JCD: 0.0049116
Energy 1 -112.773481732059
Sum: 40 -> 35
Time elapsed in TRUNC: 0.000123971
Propagating t with norm 1
Memory usage : 11819256 398984 
Sweep has been running for 0.0109569 seconds.

Sweep 48, optimizing sites 3 and 4
JCD used 1 iterations.
Time elapsed in JCD: 0.0049235
Energy 1 -112.773481732059
Sum: 40 -> 35
Time elapsed in TRUNC: 0.000276252
Propagating t with norm 1
Memory usage : 11819256 398984 
Sweep has been running for 0.0190665 seconds.

Sweep 48, optimizing sites 4 and 5
JCD used 1 iterations.
Time elapsed in JCD: 0.00163906
Energy 1 -112.773481732059
Sum: 12 -> 10
Time elapsed in TRUNC: 7.134e-05
Propagating t with norm 1
Memory usage : 11819256 398984 
Sweep has been running for 0.0226433 seconds.

Sweep 48, optimizing sites 5 and 6
JCD used 1 iterations.
Time elapsed in JCD: 0.000354213
Energy 1 -112.773481732059
Sum: 4 -> 3
Time elapsed in TRUNC: 3.104e-05
Propagating t with norm 1
Memory usage : 11819256 398984 
Sweep has been running for 0.0235768 seconds.

Sweep 48, optimizing sites 5 and 6
JCD used 1 iterations.
Time elapsed in JCD: 0.000376773
Energy -1 -112.773481732059
Sum: 4 -> 3
Time elapsed in TRUNC: 3.154e-05
Propagating t with norm 1
Memory usage : 11819256 398984 
Sweep has been running for 0.0245619 seconds.

Sweep 48, optimizing sites 4 and 5
JCD used 1 iterations.
Time elapsed in JCD: 0.00153689
Energy -1 -112.773481732059
Sum: 12 -> 10
Time elapsed in TRUNC: 6.888e-05
Propagating t with norm 1
Memory usage : 11819256 398984 
Sweep has been running for 0.0269389 seconds.

Sweep 48, optimizing sites 3 and 4
JCD used 1 iterations.
Time elapsed in JCD: 0.00523748
Energy -1 -112.773481732059
Sum: 40 -> 35
Time elapsed in TRUNC: 0.000120631
Propagating t with norm 1
Memory usage : 11819256 398984 
Sweep has been running for 0.034133 seconds.

Sweep 48, optimizing sites 2 and 3
JCD used 1 iterations.
Time elapsed in JCD: 0.00459399
Energy -1 -112.773481732059
Sum: 40 -> 35
Time elapsed in TRUNC: 0.00012392
Propagating t with norm 1
Memory usage : 11819256 398984 
Sweep has been running for 0.0419994 seconds.

Sweep 48, optimizing sites 1 and 2
JCD used 1 iterations.
Time elapsed in JCD: 0.00252393
Energy -1 -112.773481732059
Sum: 12 -> 10
Time elapsed in TRUNC: 7.8221e-05
Propagating t with norm 1
Memory usage : 11819256 398984 
Sweep has been running for 0.0461831 seconds.

Sweep 48, optimizing sites 0 and 1
JCD used 1 iterations.
Time elapsed in JCD: 0.000465453
Energy -1 -112.773481732059
Sum: 4 -> 3
Time elapsed in TRUNC: 7.2351e-05
Propagating t with norm 1
Memory usage : 11819256 398984 
Sweep has been running for 0.0476515 seconds.

Sweep 49, optimizing sites 0 and 1
JCD used 1 iterations.
Time elapsed in JCD: 0.000352123
Energy 1 -112.773481732059
Sum: 4 -> 3
Time elapsed in TRUNC: 3.367e-05
Propagating t with norm 1
Memory usage : 11819256 398984 
Sweep has been running for 0.000989298 seconds.

Sweep 49, optimizing sites 1 and 2
JCD used 1 iterations.
Time elapsed in JCD: 0.0020484
Energy 1 -112.773481732059
Sum: 12 -> 10
Time elapsed in TRUNC: 7.3671e-05
Propagating t with norm 1
Memory usage : 11819256 398984 
Sweep has been running for 0.00439762 seconds.

Sweep 49, optimizing sites 2 and 3
JCD used 1 iterations.
Time elapsed in JCD: 0.00481379
Energy 1 -112.773481732059
Sum: 40 -> 35
Time elapsed in TRUNC: 0.00012305
Propagating t with norm 1
Memory usage : 11819256 398984 
Sweep has been running for 0.0110653 seconds.

Sweep 49, optimizing sites 3 and 4
JCD used 1 iterations.
Time elapsed in JCD: 0.00523823
Energy 1 -112.773481732059
Sum: 40 -> 35
Time elapsed in TRUNC: 0.000121081
Propagating t with norm 1
Memory usage : 11819256 398984 
Sweep has been running for 0.0191839 seconds.

Sweep 49, optimizing sites 4 and 5
JCD used 1 iterations.
Time elapsed in JCD: 0.00218514
Energy 1 -112.773481732059
Sum: 12 -> 10
Time elapsed in TRUNC: 7.5281e-05
Propagating t with norm 1
Memory usage : 11819256 398984 
Sweep has been running for 0.0234733 seconds.

Sweep 49, optimizing sites 5 and 6
JCD used 1 iterations.
Time elapsed in JCD: 0.000355823
Energy 1 -112.773481732059
Sum: 4 -> 3
Time elapsed in TRUNC: 3.081e-05
Propagating t with norm 1
Memory usage : 11819256 398984 
Sweep has been running for 0.0244059 seconds.

Sweep 49, optimizing sites 5 and 6
JCD used 1 iterations.
Time elapsed in JCD: 0.000351713
Energy -1 -112.773481732059
Sum: 4 -> 3
Time elapsed in TRUNC: 3.033e-05
Propagating t with norm 1
Memory usage : 11819256 398984 
Sweep has been running for 0.0255008 seconds.

Sweep 49, optimizing sites 4 and 5
JCD used 1 iterations.
Time elapsed in JCD: 0.00175285
Energy -1 -112.773481732059
Sum: 12 -> 10
Time elapsed in TRUNC: 7.076e-05
Propagating t with norm 1
Memory usage : 11819256 398984 
Sweep has been running for 0.0284635 seconds.

Sweep 49, optimizing sites 3 and 4
JCD used 1 iterations.
Time elapsed in JCD: 0.00566742
Energy -1 -112.773481732059
Sum: 40 -> 35
Time elapsed in TRUNC: 0.00011925
Propagating t with norm 1
Memory usage : 11819256 398984 
Sweep has been running for 0.0363925 seconds.

Sweep 49, optimizing sites 2 and 3
JCD used 1 iterations.
Time elapsed in JCD: 0.00430164
Energy -1 -112.773481732059
Sum: 40 -> 35
Time elapsed in TRUNC: 0.000124951
Propagating t with norm 1
Memory usage : 11819256 398984 
Sweep has been running for 0.0436413 seconds.

Sweep 49, optimizing sites 1 and 2
JCD used 1 iterations.
Time elapsed in JCD: 0.00183672
Energy -1 -112.773481732059
Sum: 12 -> 10
Time elapsed in TRUNC: 9.1771e-05
Propagating t with norm 1
Memory usage : 11819256 398984 
Sweep has been running for 0.0471695 seconds.

Sweep 49, optimizing sites 0 and 1
JCD used 1 iterations.
Time elapsed in JCD: 0.000333892
Energy -1 -112.773481732059
Sum: 4 -> 3
Time elapsed in TRUNC: 2.9451e-05
Propagating t with norm 1
Memory usage : 11819256 398984 
Sweep has been running for 0.0481268 seconds.
Measuring oneptdm
 measuring in su2 version of tagged_nrank 
Measuring twoptdm
 measuring in su2 version of tagged_nrank 
The hamiltonian will contain 1233 terms
MPO Bond 0: 56/20
MPO Bond 1: 62/23
MPO Bond 2: 76/30
MPO Bond 3: 98/41
MPO Bond 4: 128/56
MPO Bond 5: 10/3
MPO Bond 6: 1/0
This binary contains symmetries: 2u1pg su2u1pg 
DMRG version 3.1.1
Temporary storage enabled in ./tmp//storage_temp_8b95cd0a4474/
Will start again at site -1 in sweep 50
Loading checkpoint from /public/home/xzzeng/work/HQC/CO/autoCAS/autocas_project/final/autocas_project.checkpoint_state.0.h5
Parameters:
               Sites: 7
           Electrons: 8
                Spin: 0
               Irrep: 0
The hamiltonian will contain 1233 terms
MPO Bond 0: 56/20
MPO Bond 1: 62/23
MPO Bond 2: 76/30
MPO Bond 3: 98/41
MPO Bond 4: 128/56
MPO Bond 5: 10/3
MPO Bond 6: 1/0
MPS initialization has finished...
Expecting 0 states to orthogonalize to.
Boundaries are partially initialized...
Boundaries are fully initialized...
Done init_left_right
TSMPOTensor: 1x62,  62 operators, 62 tags
TSMPOTensor: 56x76,  211 operators, 154 tags
TSMPOTensor: 62x98,  315 operators, 232 tags
TSMPOTensor: 76x128,  395 operators, 272 tags
TSMPOTensor: 98x10,  259 operators, 224 tags
TSMPOTensor: 128x1,  128 operators, 82 tags
Total number of tags: 1026

Sweep 50, optimizing sites 0 and 1
JCD used 6 iterations.
Time elapsed in JCD: 0.00186443
Energy 1 -112.773481945848
Sum: 4 -> 3
Time elapsed in TRUNC: 3.591e-05
Propagating t with norm 1
Memory usage : 11819256 399144 
Sweep has been running for 0.00241022 seconds.

Sweep 50, optimizing sites 1 and 2
JCD used 9 iterations.
Time elapsed in JCD: 0.0145436
Energy 1 -112.773481954727
Sum: 12 -> 10
Time elapsed in TRUNC: 7.3191e-05
Propagating t with norm 1
Memory usage : 11819256 399144 
Sweep has been running for 0.0180886 seconds.

Sweep 50, optimizing sites 2 and 3
JCD used 10 iterations.
Time elapsed in JCD: 0.0403673
Energy 1 -112.773481963908
Sum: 40 -> 35
Time elapsed in TRUNC: 0.000126151
Propagating t with norm 1
Memory usage : 11819256 399144 
Sweep has been running for 0.0600057 seconds.

Sweep 50, optimizing sites 3 and 4
JCD used 1 iterations.
Time elapsed in JCD: 0.00468831
Energy 1 -112.773481964411
Sum: 40 -> 35
Time elapsed in TRUNC: 0.000121921
Propagating t with norm 1
Memory usage : 11819256 399144 
Sweep has been running for 0.0673397 seconds.

Sweep 50, optimizing sites 4 and 5
JCD used 1 iterations.
Time elapsed in JCD: 0.00155924
Energy 1 -112.773481964411
Sum: 12 -> 10
Time elapsed in TRUNC: 6.7231e-05
Propagating t with norm 1
Memory usage : 11819256 399144 
Sweep has been running for 0.0705761 seconds.

Sweep 50, optimizing sites 5 and 6
JCD used 1 iterations.
Time elapsed in JCD: 0.000608665
Energy 1 -112.773481964411
Sum: 4 -> 3
Time elapsed in TRUNC: 3.256e-05
Propagating t with norm 1
Memory usage : 11819256 399144 
Sweep has been running for 0.0718205 seconds.

Sweep 50, optimizing sites 5 and 6
JCD used 1 iterations.
Time elapsed in JCD: 0.000346403
Energy -1 -112.773481964411
Sum: 4 -> 3
Time elapsed in TRUNC: 3.031e-05
Propagating t with norm 1
Memory usage : 11819256 399144 
Sweep has been running for 0.0726636 seconds.

Sweep 50, optimizing sites 4 and 5
JCD used 1 iterations.
Time elapsed in JCD: 0.00162984
Energy -1 -112.773481964411
Sum: 12 -> 10
Time elapsed in TRUNC: 7.2101e-05
Propagating t with norm 1
Memory usage : 11819256 399144 
Sweep has been running for 0.0753239 seconds.

Sweep 50, optimizing sites 3 and 4
JCD used 1 iterations.
Time elapsed in JCD: 0.00479769
Energy -1 -112.773481964411
Sum: 40 -> 35
Time elapsed in TRUNC: 0.000120551
Propagating t with norm 1
Memory usage : 11819256 399144 
Sweep has been running for 0.0820479 seconds.

Sweep 50, optimizing sites 2 and 3
JCD used 1 iterations.
Time elapsed in JCD: 0.00399235
Energy -1 -112.773481964411
Sum: 40 -> 35
Time elapsed in TRUNC: 0.000120861
Propagating t with norm 1
Memory usage : 11819256 399144 
Sweep has been running for 0.0886159 seconds.

Sweep 50, optimizing sites 1 and 2
JCD used 1 iterations.
Time elapsed in JCD: 0.00166499
Energy -1 -112.773481964411
Sum: 12 -> 10
Time elapsed in TRUNC: 0.000256402
Propagating t with norm 1
Memory usage : 11819256 399144 
Sweep has been running for 0.0923831 seconds.

Sweep 50, optimizing sites 0 and 1
JCD used 1 iterations.
Time elapsed in JCD: 0.000333693
Energy -1 -112.773481964411
Sum: 4 -> 3
Time elapsed in TRUNC: 2.948e-05
Propagating t with norm 1
Memory usage : 11819256 399144 
Sweep has been running for 0.0933559 seconds.

Sweep 51, optimizing sites 0 and 1
JCD used 1 iterations.
Time elapsed in JCD: 0.000563614
Energy 1 -112.773481964411
Sum: 4 -> 3
Time elapsed in TRUNC: 4.018e-05
Propagating t with norm 1
Memory usage : 11819256 399144 
Sweep has been running for 0.00113343 seconds.

Sweep 51, optimizing sites 1 and 2
JCD used 1 iterations.
Time elapsed in JCD: 0.00166576
Energy 1 -112.773481964411
Sum: 12 -> 10
Time elapsed in TRUNC: 6.6751e-05
Propagating t with norm 1
Memory usage : 11819256 399144 
Sweep has been running for 0.00355576 seconds.

Sweep 51, optimizing sites 2 and 3
JCD used 1 iterations.
Time elapsed in JCD: 0.0041785
Energy 1 -112.773481964411
Sum: 40 -> 35
Time elapsed in TRUNC: 0.000123381
Propagating t with norm 1
Memory usage : 11819256 399144 
Sweep has been running for 0.00962115 seconds.

Sweep 51, optimizing sites 3 and 4
JCD used 1 iterations.
Time elapsed in JCD: 0.00559027
Energy 1 -112.773481964411
Sum: 40 -> 35
Time elapsed in TRUNC: 0.00011972
Propagating t with norm 1
Memory usage : 11819256 399144 
Sweep has been running for 0.0180922 seconds.

Sweep 51, optimizing sites 4 and 5
JCD used 1 iterations.
Time elapsed in JCD: 0.00252498
Energy 1 -112.773481964411
Sum: 12 -> 10
Time elapsed in TRUNC: 8.277e-05
Propagating t with norm 1
Memory usage : 11819256 399144 
Sweep has been running for 0.0229525 seconds.

Sweep 51, optimizing sites 5 and 6
JCD used 1 iterations.
Time elapsed in JCD: 0.000512494
Energy 1 -112.773481964411
Sum: 4 -> 3
Time elapsed in TRUNC: 3.427e-05
Propagating t with norm 1
Memory usage : 11819256 399144 
Sweep has been running for 0.0241598 seconds.

Sweep 51, optimizing sites 5 and 6
JCD used 1 iterations.
Time elapsed in JCD: 0.000354163
Energy -1 -112.773481964411
Sum: 4 -> 3
Time elapsed in TRUNC: 3.355e-05
Propagating t with norm 1
Memory usage : 11819256 399144 
Sweep has been running for 0.0250219 seconds.

Sweep 51, optimizing sites 4 and 5
JCD used 1 iterations.
Time elapsed in JCD: 0.00166232
Energy -1 -112.773481964411
Sum: 12 -> 10
Time elapsed in TRUNC: 7.3241e-05
Propagating t with norm 1
Memory usage : 11819256 399144 
Sweep has been running for 0.0275722 seconds.

Sweep 51, optimizing sites 3 and 4
JCD used 1 iterations.
Time elapsed in JCD: 0.00486059
Energy -1 -112.773481964411
Sum: 40 -> 35
Time elapsed in TRUNC: 0.000126341
Propagating t with norm 1
Memory usage : 11819256 399144 
Sweep has been running for 0.0343645 seconds.

Sweep 51, optimizing sites 2 and 3
JCD used 1 iterations.
Time elapsed in JCD: 0.00430952
Energy -1 -112.773481964411
Sum: 40 -> 35
Time elapsed in TRUNC: 0.000123221
Propagating t with norm 1
Memory usage : 11819256 399144 
Sweep has been running for 0.0412538 seconds.

Sweep 51, optimizing sites 1 and 2
JCD used 1 iterations.
Time elapsed in JCD: 0.00164969
Energy -1 -112.773481964411
Sum: 12 -> 10
Time elapsed in TRUNC: 0.000147921
Propagating t with norm 1
Memory usage : 11819256 399144 
Sweep has been running for 0.0451964 seconds.

Sweep 51, optimizing sites 0 and 1
JCD used 1 iterations.
Time elapsed in JCD: 0.000333642
Energy -1 -112.773481964411
Sum: 4 -> 3
Time elapsed in TRUNC: 2.9701e-05
Propagating t with norm 1
Memory usage : 11819256 399144 
Sweep has been running for 0.0463535 seconds.
Measuring oneptdm
 measuring in su2 version of tagged_nrank 
Measuring twoptdm
 measuring in su2 version of tagged_nrank 
The hamiltonian will contain 1233 terms
MPO Bond 0: 56/20
MPO Bond 1: 62/23
MPO Bond 2: 76/30
MPO Bond 3: 98/41
MPO Bond 4: 128/56
MPO Bond 5: 10/3
MPO Bond 6: 1/0
This binary contains symmetries: 2u1pg su2u1pg 
DMRG version 3.1.1
Temporary storage enabled in ./tmp//storage_temp_d039cec3dd06/
Will start again at site -1 in sweep 52
Loading checkpoint from /public/home/xzzeng/work/HQC/CO/autoCAS/autocas_project/final/autocas_project.checkpoint_state.0.h5
Parameters:
               Sites: 7
           Electrons: 8
                Spin: 0
               Irrep: 0
The hamiltonian will contain 1233 terms
MPO Bond 0: 56/20
MPO Bond 1: 62/23
MPO Bond 2: 76/30
MPO Bond 3: 98/41
MPO Bond 4: 128/56
MPO Bond 5: 10/3
MPO Bond 6: 1/0
MPS initialization has finished...
Expecting 0 states to orthogonalize to.
Boundaries are partially initialized...
Boundaries are fully initialized...
Done init_left_right
TSMPOTensor: 1x62,  62 operators, 62 tags
TSMPOTensor: 56x76,  211 operators, 154 tags
TSMPOTensor: 62x98,  315 operators, 232 tags
TSMPOTensor: 76x128,  395 operators, 272 tags
TSMPOTensor: 98x10,  259 operators, 224 tags
TSMPOTensor: 128x1,  128 operators, 82 tags
Total number of tags: 1026

Sweep 52, optimizing sites 0 and 1
JCD used 6 iterations.
Time elapsed in JCD: 0.00178316
Energy 1 -112.773482035444
Sum: 4 -> 3
Time elapsed in TRUNC: 3.648e-05
Propagating t with norm 1
Memory usage : 11819256 399892 
Sweep has been running for 0.00248382 seconds.

Sweep 52, optimizing sites 1 and 2
JCD used 9 iterations.
Time elapsed in JCD: 0.0141874
Energy 1 -112.773482036434
Sum: 12 -> 10
Time elapsed in TRUNC: 7.3161e-05
Propagating t with norm 1
Memory usage : 11819256 399892 
Sweep has been running for 0.0173889 seconds.

Sweep 52, optimizing sites 2 and 3
JCD used 10 iterations.
Time elapsed in JCD: 0.040867
Energy 1 -112.773482048771
Sum: 40 -> 35
Time elapsed in TRUNC: 0.000126181
Propagating t with norm 1
Memory usage : 11819256 399892 
Sweep has been running for 0.059831 seconds.

Sweep 52, optimizing sites 3 and 4
JCD used 1 iterations.
Time elapsed in JCD: 0.00479289
Energy 1 -112.773482049616
Sum: 40 -> 35
Time elapsed in TRUNC: 0.000121061
Propagating t with norm 1
Memory usage : 11819256 399892 
Sweep has been running for 0.0672442 seconds.

Sweep 52, optimizing sites 4 and 5
JCD used 1 iterations.
Time elapsed in JCD: 0.00180053
Energy 1 -112.773482049616
Sum: 12 -> 10
Time elapsed in TRUNC: 0.000134761
Propagating t with norm 1
Memory usage : 11819256 399892 
Sweep has been running for 0.070862 seconds.

Sweep 52, optimizing sites 5 and 6
JCD used 1 iterations.
Time elapsed in JCD: 0.000356973
Energy 1 -112.773482049616
Sum: 4 -> 3
Time elapsed in TRUNC: 3.087e-05
Propagating t with norm 1
Memory usage : 11819256 399892 
Sweep has been running for 0.0717925 seconds.

Sweep 52, optimizing sites 5 and 6
JCD used 1 iterations.
Time elapsed in JCD: 0.000355513
Energy -1 -112.773482049616
Sum: 4 -> 3
Time elapsed in TRUNC: 3.048e-05
Propagating t with norm 1
Memory usage : 11819256 399892 
Sweep has been running for 0.0727653 seconds.

Sweep 52, optimizing sites 4 and 5
JCD used 1 iterations.
Time elapsed in JCD: 0.00160608
Energy -1 -112.773482049616
Sum: 12 -> 10
Time elapsed in TRUNC: 7.037e-05
Propagating t with norm 1
Memory usage : 11819256 399892 
Sweep has been running for 0.075236 seconds.

Sweep 52, optimizing sites 3 and 4
JCD used 1 iterations.
Time elapsed in JCD: 0.00472198
Energy -1 -112.773482049616
Sum: 40 -> 35
Time elapsed in TRUNC: 0.00012164
Propagating t with norm 1
Memory usage : 11819256 399892 
Sweep has been running for 0.0819682 seconds.

Sweep 52, optimizing sites 2 and 3
JCD used 1 iterations.
Time elapsed in JCD: 0.00414216
Energy -1 -112.773482049616
Sum: 40 -> 35
Time elapsed in TRUNC: 0.000124351
Propagating t with norm 1
Memory usage : 11819256 399892 
Sweep has been running for 0.0886922 seconds.

Sweep 52, optimizing sites 1 and 2
JCD used 1 iterations.
Time elapsed in JCD: 0.0016439
Energy -1 -112.773482049616
Sum: 12 -> 10
Time elapsed in TRUNC: 6.7941e-05
Propagating t with norm 1
Memory usage : 11819256 399892 
Sweep has been running for 0.0919056 seconds.

Sweep 52, optimizing sites 0 and 1
JCD used 1 iterations.
Time elapsed in JCD: 0.000332002
Energy -1 -112.773482049616
Sum: 4 -> 3
Time elapsed in TRUNC: 2.9271e-05
Propagating t with norm 1
Memory usage : 11819256 399892 
Sweep has been running for 0.0932177 seconds.

Sweep 53, optimizing sites 0 and 1
JCD used 1 iterations.
Time elapsed in JCD: 0.000438523
Energy 1 -112.773482049616
Sum: 4 -> 3
Time elapsed in TRUNC: 4.4791e-05
Propagating t with norm 1
Memory usage : 11819256 399892 
Sweep has been running for 0.000897437 seconds.

Sweep 53, optimizing sites 1 and 2
JCD used 1 iterations.
Time elapsed in JCD: 0.00165809
Energy 1 -112.773482049616
Sum: 12 -> 10
Time elapsed in TRUNC: 6.653e-05
Propagating t with norm 1
Memory usage : 11819256 399892 
Sweep has been running for 0.00331404 seconds.

Sweep 53, optimizing sites 2 and 3
JCD used 1 iterations.
Time elapsed in JCD: 0.00410276
Energy 1 -112.773482049616
Sum: 40 -> 35
Time elapsed in TRUNC: 0.000123611
Propagating t with norm 1
Memory usage : 11819256 399892 
Sweep has been running for 0.00920677 seconds.

Sweep 53, optimizing sites 3 and 4
JCD used 1 iterations.
Time elapsed in JCD: 0.00481673
Energy 1 -112.773482049616
Sum: 40 -> 35
Time elapsed in TRUNC: 0.000119791
Propagating t with norm 1
Memory usage : 11819256 399892 
Sweep has been running for 0.0167397 seconds.

Sweep 53, optimizing sites 4 and 5
JCD used 1 iterations.
Time elapsed in JCD: 0.00180478
Energy 1 -112.773482049616
Sum: 12 -> 10
Time elapsed in TRUNC: 7.212e-05
Propagating t with norm 1
Memory usage : 11819256 399892 
Sweep has been running for 0.02037 seconds.

Sweep 53, optimizing sites 5 and 6
JCD used 1 iterations.
Time elapsed in JCD: 0.000348743
Energy 1 -112.773482049616
Sum: 4 -> 3
Time elapsed in TRUNC: 3.132e-05
Propagating t with norm 1
Memory usage : 11819256 399892 
Sweep has been running for 0.0212946 seconds.

Sweep 53, optimizing sites 5 and 6
JCD used 1 iterations.
Time elapsed in JCD: 0.000351373
Energy -1 -112.773482049616
Sum: 4 -> 3
Time elapsed in TRUNC: 3.03e-05
Propagating t with norm 1
Memory usage : 11819256 399892 
Sweep has been running for 0.0222449 seconds.

Sweep 53, optimizing sites 4 and 5
JCD used 1 iterations.
Time elapsed in JCD: 0.00155004
Energy -1 -112.773482049616
Sum: 12 -> 10
Time elapsed in TRUNC: 7.5871e-05
Propagating t with norm 1
Memory usage : 11819256 399892 
Sweep has been running for 0.0249228 seconds.

Sweep 53, optimizing sites 3 and 4
JCD used 1 iterations.
Time elapsed in JCD: 0.00478323
Energy -1 -112.773482049616
Sum: 40 -> 35
Time elapsed in TRUNC: 0.000120181
Propagating t with norm 1
Memory usage : 11819256 399892 
Sweep has been running for 0.0315978 seconds.

Sweep 53, optimizing sites 2 and 3
JCD used 1 iterations.
Time elapsed in JCD: 0.00445111
Energy -1 -112.773482049616
Sum: 40 -> 35
Time elapsed in TRUNC: 0.000139591
Propagating t with norm 1
Memory usage : 11819256 399892 
Sweep has been running for 0.038658 seconds.

Sweep 53, optimizing sites 1 and 2
JCD used 1 iterations.
Time elapsed in JCD: 0.00216397
Energy -1 -112.773482049616
Sum: 12 -> 10
Time elapsed in TRUNC: 7.884e-05
Propagating t with norm 1
Memory usage : 11819256 399892 
Sweep has been running for 0.0425124 seconds.

Sweep 53, optimizing sites 0 and 1
JCD used 1 iterations.
Time elapsed in JCD: 0.000332172
Energy -1 -112.773482049616
Sum: 4 -> 3
Time elapsed in TRUNC: 2.915e-05
Propagating t with norm 1
Memory usage : 11819256 399892 
Sweep has been running for 0.0434637 seconds.
Measuring oneptdm
 measuring in su2 version of tagged_nrank 
Measuring twoptdm
 measuring in su2 version of tagged_nrank 
The hamiltonian will contain 1233 terms
MPO Bond 0: 56/20
MPO Bond 1: 62/23
MPO Bond 2: 76/30
MPO Bond 3: 98/41
MPO Bond 4: 128/56
MPO Bond 5: 10/3
MPO Bond 6: 1/0
This binary contains symmetries: 2u1pg su2u1pg 
DMRG version 3.1.1
Temporary storage enabled in ./tmp//storage_temp_84757aaf6800/
Will start again at site -1 in sweep 54
Loading checkpoint from /public/home/xzzeng/work/HQC/CO/autoCAS/autocas_project/final/autocas_project.checkpoint_state.0.h5
Parameters:
               Sites: 7
           Electrons: 8
                Spin: 0
               Irrep: 0
The hamiltonian will contain 1233 terms
MPO Bond 0: 56/20
MPO Bond 1: 62/23
MPO Bond 2: 76/30
MPO Bond 3: 98/41
MPO Bond 4: 128/56
MPO Bond 5: 10/3
MPO Bond 6: 1/0
MPS initialization has finished...
Expecting 0 states to orthogonalize to.
Boundaries are partially initialized...
Boundaries are fully initialized...
Done init_left_right
TSMPOTensor: 1x62,  62 operators, 62 tags
TSMPOTensor: 56x76,  211 operators, 154 tags
TSMPOTensor: 62x98,  315 operators, 232 tags
TSMPOTensor: 76x128,  395 operators, 272 tags
TSMPOTensor: 98x10,  259 operators, 224 tags
TSMPOTensor: 128x1,  128 operators, 82 tags
Total number of tags: 1026

Sweep 54, optimizing sites 0 and 1
JCD used 5 iterations.
Time elapsed in JCD: 0.00159712
Energy 1 -112.773482059732
Sum: 4 -> 3
Time elapsed in TRUNC: 3.6271e-05
Propagating t with norm 1
Memory usage : 11819256 399892 
Sweep has been running for 0.00209795 seconds.

Sweep 54, optimizing sites 1 and 2
JCD used 7 iterations.
Time elapsed in JCD: 0.0109566
Energy 1 -112.773482061209
Sum: 12 -> 10
Time elapsed in TRUNC: 7.0011e-05
Propagating t with norm 1
Memory usage : 11819256 399892 
Sweep has been running for 0.0137687 seconds.

Sweep 54, optimizing sites 2 and 3
JCD used 9 iterations.
Time elapsed in JCD: 0.0364623
Energy 1 -112.773482061714
Sum: 40 -> 35
Time elapsed in TRUNC: 0.000126611
Propagating t with norm 1
Memory usage : 11819256 399892 
Sweep has been running for 0.0519542 seconds.

Sweep 54, optimizing sites 3 and 4
JCD used 1 iterations.
Time elapsed in JCD: 0.00525766
Energy 1 -112.773482060641
Sum: 40 -> 35
Time elapsed in TRUNC: 0.000119721
Propagating t with norm 1
Memory usage : 11819256 399892 
Sweep has been running for 0.0598088 seconds.

Sweep 54, optimizing sites 4 and 5
JCD used 1 iterations.
Time elapsed in JCD: 0.00178263
Energy 1 -112.773482060641
Sum: 12 -> 10
Time elapsed in TRUNC: 6.9161e-05
Propagating t with norm 1
Memory usage : 11819256 399892 
Sweep has been running for 0.0632769 seconds.

Sweep 54, optimizing sites 5 and 6
JCD used 1 iterations.
Time elapsed in JCD: 0.000357183
Energy 1 -112.773482060641
Sum: 4 -> 3
Time elapsed in TRUNC: 3.16e-05
Propagating t with norm 1
Memory usage : 11819256 399892 
Sweep has been running for 0.0642079 seconds.

Sweep 54, optimizing sites 5 and 6
JCD used 1 iterations.
Time elapsed in JCD: 0.000369903
Energy -1 -112.773482060641
Sum: 4 -> 3
Time elapsed in TRUNC: 3.617e-05
Propagating t with norm 1
Memory usage : 11819256 399892 
Sweep has been running for 0.0651894 seconds.

Sweep 54, optimizing sites 4 and 5
JCD used 1 iterations.
Time elapsed in JCD: 0.00162055
Energy -1 -112.773482060641
Sum: 12 -> 10
Time elapsed in TRUNC: 0.000129481
Propagating t with norm 1
Memory usage : 11819256 399892 
Sweep has been running for 0.0679891 seconds.

Sweep 54, optimizing sites 3 and 4
JCD used 1 iterations.
Time elapsed in JCD: 0.00548083
Energy -1 -112.773482060641
Sum: 40 -> 35
Time elapsed in TRUNC: 0.000121701
Propagating t with norm 1
Memory usage : 11819256 399892 
Sweep has been running for 0.075544 seconds.

Sweep 54, optimizing sites 2 and 3
JCD used 1 iterations.
Time elapsed in JCD: 0.00452087
Energy -1 -112.773482060641
Sum: 40 -> 35
Time elapsed in TRUNC: 0.000285112
Propagating t with norm 1
Memory usage : 11819256 399892 
Sweep has been running for 0.0831421 seconds.

Sweep 54, optimizing sites 1 and 2
JCD used 1 iterations.
Time elapsed in JCD: 0.00166157
Energy -1 -112.773482060641
Sum: 12 -> 10
Time elapsed in TRUNC: 7.7501e-05
Propagating t with norm 1
Memory usage : 11819256 399892 
Sweep has been running for 0.0871898 seconds.

Sweep 54, optimizing sites 0 and 1
JCD used 1 iterations.
Time elapsed in JCD: 0.000329292
Energy -1 -112.773482060641
Sum: 4 -> 3
Time elapsed in TRUNC: 2.997e-05
Propagating t with norm 1
Memory usage : 11819256 399892 
Sweep has been running for 0.0881523 seconds.

Sweep 55, optimizing sites 0 and 1
JCD used 1 iterations.
Time elapsed in JCD: 0.000343343
Energy 1 -112.773482060641
Sum: 4 -> 3
Time elapsed in TRUNC: 3.295e-05
Propagating t with norm 1
Memory usage : 11819256 399892 
Sweep has been running for 0.000768955 seconds.

Sweep 55, optimizing sites 1 and 2
JCD used 1 iterations.
Time elapsed in JCD: 0.00166315
Energy 1 -112.773482060641
Sum: 12 -> 10
Time elapsed in TRUNC: 6.864e-05
Propagating t with norm 1
Memory usage : 11819256 399892 
Sweep has been running for 0.00335432 seconds.

Sweep 55, optimizing sites 2 and 3
JCD used 1 iterations.
Time elapsed in JCD: 0.00409063
Energy 1 -112.773482060641
Sum: 40 -> 35
Time elapsed in TRUNC: 0.000124351
Propagating t with norm 1
Memory usage : 11819256 399892 
Sweep has been running for 0.0090957 seconds.

Sweep 55, optimizing sites 3 and 4
JCD used 1 iterations.
Time elapsed in JCD: 0.00485005
Energy 1 -112.773482060641
Sum: 40 -> 35
Time elapsed in TRUNC: 0.000119051
Propagating t with norm 1
Memory usage : 11819256 399892 
Sweep has been running for 0.0166704 seconds.

Sweep 55, optimizing sites 4 and 5
JCD used 1 iterations.
Time elapsed in JCD: 0.00217843
Energy 1 -112.773482060641
Sum: 12 -> 10
Time elapsed in TRUNC: 8.206e-05
Propagating t with norm 1
Memory usage : 11819256 399892 
Sweep has been running for 0.0207172 seconds.

Sweep 55, optimizing sites 5 and 6
JCD used 1 iterations.
Time elapsed in JCD: 0.000348823
Energy 1 -112.773482060641
Sum: 4 -> 3
Time elapsed in TRUNC: 3.078e-05
Propagating t with norm 1
Memory usage : 11819256 399892 
Sweep has been running for 0.0216387 seconds.

Sweep 55, optimizing sites 5 and 6
JCD used 1 iterations.
Time elapsed in JCD: 0.000370333
Energy -1 -112.773482060641
Sum: 4 -> 3
Time elapsed in TRUNC: 3.265e-05
Propagating t with norm 1
Memory usage : 11819256 399892 
Sweep has been running for 0.0226187 seconds.

Sweep 55, optimizing sites 4 and 5
JCD used 1 iterations.
Time elapsed in JCD: 0.00157306
Energy -1 -112.773482060641
Sum: 12 -> 10
Time elapsed in TRUNC: 6.777e-05
Propagating t with norm 1
Memory usage : 11819256 399892 
Sweep has been running for 0.0250238 seconds.

Sweep 55, optimizing sites 3 and 4
JCD used 1 iterations.
Time elapsed in JCD: 0.00472706
Energy -1 -112.773482060641
Sum: 40 -> 35
Time elapsed in TRUNC: 0.000126871
Propagating t with norm 1
Memory usage : 11819256 399892 
Sweep has been running for 0.0317709 seconds.

Sweep 55, optimizing sites 2 and 3
JCD used 1 iterations.
Time elapsed in JCD: 0.00413788
Energy -1 -112.773482060641
Sum: 40 -> 35
Time elapsed in TRUNC: 0.000122691
Propagating t with norm 1
Memory usage : 11819256 399892 
Sweep has been running for 0.0384922 seconds.

Sweep 55, optimizing sites 1 and 2
JCD used 1 iterations.
Time elapsed in JCD: 0.00163656
Energy -1 -112.773482060641
Sum: 12 -> 10
Time elapsed in TRUNC: 6.5461e-05
Propagating t with norm 1
Memory usage : 11819256 399892 
Sweep has been running for 0.0422437 seconds.

Sweep 55, optimizing sites 0 and 1
JCD used 1 iterations.
Time elapsed in JCD: 0.000381573
Energy -1 -112.773482060641
Sum: 4 -> 3
Time elapsed in TRUNC: 3.284e-05
Propagating t with norm 1
Memory usage : 11819256 399892 
Sweep has been running for 0.0432721 seconds.

Sweep 56, optimizing sites 0 and 1
JCD used 1 iterations.
Time elapsed in JCD: 0.000378103
Energy 1 -112.773482060641
Sum: 4 -> 3
Time elapsed in TRUNC: 3.398e-05
Propagating t with norm 1
Memory usage : 11819256 399892 
Sweep has been running for 0.000899506 seconds.

Sweep 56, optimizing sites 1 and 2
JCD used 1 iterations.
Time elapsed in JCD: 0.00168003
Energy 1 -112.773482060641
Sum: 12 -> 10
Time elapsed in TRUNC: 6.9381e-05
Propagating t with norm 1
Memory usage : 11819256 399892 
Sweep has been running for 0.00353704 seconds.

Sweep 56, optimizing sites 2 and 3
JCD used 1 iterations.
Time elapsed in JCD: 0.00410764
Energy 1 -112.773482060641
Sum: 40 -> 35
Time elapsed in TRUNC: 0.000124831
Propagating t with norm 1
Memory usage : 11819256 399892 
Sweep has been running for 0.00954264 seconds.

Sweep 56, optimizing sites 3 and 4
JCD used 1 iterations.
Time elapsed in JCD: 0.00473506
Energy 1 -112.773482060641
Sum: 40 -> 35
Time elapsed in TRUNC: 0.000120831
Propagating t with norm 1
Memory usage : 11819256 399892 
Sweep has been running for 0.01707 seconds.

Sweep 56, optimizing sites 4 and 5
JCD used 1 iterations.
Time elapsed in JCD: 0.00255407
Energy 1 -112.773482060641
Sum: 12 -> 10
Time elapsed in TRUNC: 7.925e-05
Propagating t with norm 1
Memory usage : 11819256 399892 
Sweep has been running for 0.0216498 seconds.

Sweep 56, optimizing sites 5 and 6
JCD used 1 iterations.
Time elapsed in JCD: 0.000354343
Energy 1 -112.773482060641
Sum: 4 -> 3
Time elapsed in TRUNC: 3.148e-05
Propagating t with norm 1
Memory usage : 11819256 399892 
Sweep has been running for 0.0225851 seconds.

Sweep 56, optimizing sites 5 and 6
JCD used 1 iterations.
Time elapsed in JCD: 0.000361373
Energy -1 -112.773482060641
Sum: 4 -> 3
Time elapsed in TRUNC: 0.000237042
Propagating t with norm 1
Memory usage : 11819256 399892 
Sweep has been running for 0.0238033 seconds.

Sweep 56, optimizing sites 4 and 5
JCD used 1 iterations.
Time elapsed in JCD: 0.00205302
Energy -1 -112.773482060641
Sum: 12 -> 10
Time elapsed in TRUNC: 7.3361e-05
Propagating t with norm 1
Memory usage : 11819256 399892 
Sweep has been running for 0.0269292 seconds.

Sweep 56, optimizing sites 3 and 4
JCD used 1 iterations.
Time elapsed in JCD: 0.00588599
Energy -1 -112.773482060641
Sum: 40 -> 35
Time elapsed in TRUNC: 0.000122411
Propagating t with norm 1
Memory usage : 11819256 399892 
Sweep has been running for 0.0351299 seconds.

Sweep 56, optimizing sites 2 and 3
JCD used 1 iterations.
Time elapsed in JCD: 0.00445169
Energy -1 -112.773482060641
Sum: 40 -> 35
Time elapsed in TRUNC: 0.000124641
Propagating t with norm 1
Memory usage : 11819256 399892 
Sweep has been running for 0.0425551 seconds.

Sweep 56, optimizing sites 1 and 2
JCD used 1 iterations.
Time elapsed in JCD: 0.00202678
Energy -1 -112.773482060641
Sum: 12 -> 10
Time elapsed in TRUNC: 6.811e-05
Propagating t with norm 1
Memory usage : 11819256 399892 
Sweep has been running for 0.0462356 seconds.

Sweep 56, optimizing sites 0 and 1
JCD used 1 iterations.
Time elapsed in JCD: 0.000332312
Energy -1 -112.773482060641
Sum: 4 -> 3
Time elapsed in TRUNC: 0.000210021
Propagating t with norm 1
Memory usage : 11819256 399892 
Sweep has been running for 0.0474589 seconds.
Measuring oneptdm
 measuring in su2 version of tagged_nrank 
Measuring twoptdm
 measuring in su2 version of tagged_nrank 
The hamiltonian will contain 1233 terms
MPO Bond 0: 56/20
MPO Bond 1: 62/23
MPO Bond 2: 76/30
MPO Bond 3: 98/41
MPO Bond 4: 128/56
MPO Bond 5: 10/3
MPO Bond 6: 1/0
This binary contains symmetries: 2u1pg su2u1pg 
DMRG version 3.1.1
Temporary storage enabled in ./tmp//storage_temp_b0acb35c9151/
Will start again at site -1 in sweep 57
Loading checkpoint from /public/home/xzzeng/work/HQC/CO/autoCAS/autocas_project/final/autocas_project.checkpoint_state.0.h5
Parameters:
               Sites: 7
           Electrons: 8
                Spin: 0
               Irrep: 0
The hamiltonian will contain 1233 terms
MPO Bond 0: 56/20
MPO Bond 1: 62/23
MPO Bond 2: 76/30
MPO Bond 3: 98/41
MPO Bond 4: 128/56
MPO Bond 5: 10/3
MPO Bond 6: 1/0
MPS initialization has finished...
Expecting 0 states to orthogonalize to.
Boundaries are partially initialized...
Boundaries are fully initialized...
Done init_left_right
TSMPOTensor: 1x62,  62 operators, 62 tags
TSMPOTensor: 56x76,  211 operators, 154 tags
TSMPOTensor: 62x98,  315 operators, 232 tags
TSMPOTensor: 76x128,  395 operators, 272 tags
TSMPOTensor: 98x10,  259 operators, 224 tags
TSMPOTensor: 128x1,  128 operators, 82 tags
Total number of tags: 1026

Sweep 57, optimizing sites 0 and 1
JCD used 4 iterations.
Time elapsed in JCD: 0.00123662
Energy 1 -112.773482063862
Sum: 4 -> 3
Time elapsed in TRUNC: 3.7041e-05
Propagating t with norm 1
Memory usage : 11819256 399892 
Sweep has been running for 0.00196735 seconds.

Sweep 57, optimizing sites 1 and 2
JCD used 6 iterations.
Time elapsed in JCD: 0.0094596
Energy 1 -112.773482064839
Sum: 12 -> 10
Time elapsed in TRUNC: 7.0811e-05
Propagating t with norm 1
Memory usage : 11819256 399892 
Sweep has been running for 0.0121475 seconds.

Sweep 57, optimizing sites 2 and 3
JCD used 8 iterations.
Time elapsed in JCD: 0.0325315
Energy 1 -112.773482060932
Sum: 40 -> 35
Time elapsed in TRUNC: 0.000125911
Propagating t with norm 1
Memory usage : 11819256 399892 
Sweep has been running for 0.0462189 seconds.

Sweep 57, optimizing sites 3 and 4
JCD used 1 iterations.
Time elapsed in JCD: 0.00468912
Energy 1 -112.773482063421
Sum: 40 -> 35
Time elapsed in TRUNC: 0.00012139
Propagating t with norm 1
Memory usage : 11819256 399892 
Sweep has been running for 0.0535156 seconds.

Sweep 57, optimizing sites 4 and 5
JCD used 1 iterations.
Time elapsed in JCD: 0.00155372
Energy 1 -112.773482063421
Sum: 12 -> 10
Time elapsed in TRUNC: 6.8301e-05
Propagating t with norm 1
Memory usage : 11819256 399892 
Sweep has been running for 0.0567243 seconds.

Sweep 57, optimizing sites 5 and 6
JCD used 1 iterations.
Time elapsed in JCD: 0.000439793
Energy 1 -112.773482063421
Sum: 4 -> 3
Time elapsed in TRUNC: 3.211e-05
Propagating t with norm 1
Memory usage : 11819256 399892 
Sweep has been running for 0.0577914 seconds.

Sweep 57, optimizing sites 5 and 6
JCD used 1 iterations.
Time elapsed in JCD: 0.000341843
Energy -1 -112.773482063421
Sum: 4 -> 3
Time elapsed in TRUNC: 2.929e-05
Propagating t with norm 1
Memory usage : 11819256 399892 
Sweep has been running for 0.0586075 seconds.

Sweep 57, optimizing sites 4 and 5
JCD used 1 iterations.
Time elapsed in JCD: 0.00171803
Energy -1 -112.773482063421
Sum: 12 -> 10
Time elapsed in TRUNC: 7.825e-05
Propagating t with norm 1
Memory usage : 11819256 399892 
Sweep has been running for 0.0613776 seconds.

Sweep 57, optimizing sites 3 and 4
JCD used 1 iterations.
Time elapsed in JCD: 0.00478534
Energy -1 -112.773482063421
Sum: 40 -> 35
Time elapsed in TRUNC: 0.000121431
Propagating t with norm 1
Memory usage : 11819256 399892 
Sweep has been running for 0.0680591 seconds.

Sweep 57, optimizing sites 2 and 3
JCD used 1 iterations.
Time elapsed in JCD: 0.00430455
Energy -1 -112.773482063421
Sum: 40 -> 35
Time elapsed in TRUNC: 0.00012394
Propagating t with norm 1
Memory usage : 11819256 399892 
Sweep has been running for 0.0749293 seconds.

Sweep 57, optimizing sites 1 and 2
JCD used 1 iterations.
Time elapsed in JCD: 0.00162623
Energy -1 -112.773482063421
Sum: 12 -> 10
Time elapsed in TRUNC: 6.761e-05
Propagating t with norm 1
Memory usage : 11819256 399892 
Sweep has been running for 0.0781989 seconds.

Sweep 57, optimizing sites 0 and 1
JCD used 1 iterations.
Time elapsed in JCD: 0.000414242
Energy -1 -112.773482063421
Sum: 4 -> 3
Time elapsed in TRUNC: 3.054e-05
Propagating t with norm 1
Memory usage : 11819256 399892 
Sweep has been running for 0.0792954 seconds.

Sweep 58, optimizing sites 0 and 1
JCD used 1 iterations.
Time elapsed in JCD: 0.000537043
Energy 1 -112.773482063421
Sum: 4 -> 3
Time elapsed in TRUNC: 3.252e-05
Propagating t with norm 1
Memory usage : 11819256 399892 
Sweep has been running for 0.000969057 seconds.

Sweep 58, optimizing sites 1 and 2
JCD used 1 iterations.
Time elapsed in JCD: 0.00214586
Energy 1 -112.773482063421
Sum: 12 -> 10
Time elapsed in TRUNC: 7.1741e-05
Propagating t with norm 1
Memory usage : 11819256 399892 
Sweep has been running for 0.00421997 seconds.

Sweep 58, optimizing sites 2 and 3
JCD used 1 iterations.
Time elapsed in JCD: 0.00474166
Energy 1 -112.773482063421
Sum: 40 -> 35
Time elapsed in TRUNC: 0.000125241
Propagating t with norm 1
Memory usage : 11819256 399892 
Sweep has been running for 0.0107221 seconds.

Sweep 58, optimizing sites 3 and 4
JCD used 1 iterations.
Time elapsed in JCD: 0.00560307
Energy 1 -112.773482063421
Sum: 40 -> 35
Time elapsed in TRUNC: 0.000118981
Propagating t with norm 1
Memory usage : 11819256 399892 
Sweep has been running for 0.0190876 seconds.

Sweep 58, optimizing sites 4 and 5
JCD used 1 iterations.
Time elapsed in JCD: 0.00224182
Energy 1 -112.773482063421
Sum: 12 -> 10
Time elapsed in TRUNC: 7.009e-05
Propagating t with norm 1
Memory usage : 11819256 399892 
Sweep has been running for 0.0230952 seconds.

Sweep 58, optimizing sites 5 and 6
JCD used 1 iterations.
Time elapsed in JCD: 0.000356213
Energy 1 -112.773482063421
Sum: 4 -> 3
Time elapsed in TRUNC: 3.095e-05
Propagating t with norm 1
Memory usage : 11819256 399892 
Sweep has been running for 0.0240768 seconds.

Sweep 58, optimizing sites 5 and 6
JCD used 1 iterations.
Time elapsed in JCD: 0.000336573
Energy -1 -112.773482063421
Sum: 4 -> 3
Time elapsed in TRUNC: 2.946e-05
Propagating t with norm 1
Memory usage : 11819256 399892 
Sweep has been running for 0.0248929 seconds.

Sweep 58, optimizing sites 4 and 5
JCD used 1 iterations.
Time elapsed in JCD: 0.00203007
Energy -1 -112.773482063421
Sum: 12 -> 10
Time elapsed in TRUNC: 7.234e-05
Propagating t with norm 1
Memory usage : 11819256 399892 
Sweep has been running for 0.0280005 seconds.

Sweep 58, optimizing sites 3 and 4
JCD used 1 iterations.
Time elapsed in JCD: 0.00517694
Energy -1 -112.773482063421
Sum: 40 -> 35
Time elapsed in TRUNC: 0.000119601
Propagating t with norm 1
Memory usage : 11819256 399892 
Sweep has been running for 0.0350837 seconds.

Sweep 58, optimizing sites 2 and 3
JCD used 1 iterations.
Time elapsed in JCD: 0.00435317
Energy -1 -112.773482063421
Sum: 40 -> 35
Time elapsed in TRUNC: 0.000126151
Propagating t with norm 1
Memory usage : 11819256 399892 
Sweep has been running for 0.0420116 seconds.

Sweep 58, optimizing sites 1 and 2
JCD used 1 iterations.
Time elapsed in JCD: 0.00203603
Energy -1 -112.773482063421
Sum: 12 -> 10
Time elapsed in TRUNC: 6.9521e-05
Propagating t with norm 1
Memory usage : 11819256 399892 
Sweep has been running for 0.0455852 seconds.

Sweep 58, optimizing sites 0 and 1
JCD used 1 iterations.
Time elapsed in JCD: 0.000337662
Energy -1 -112.773482063421
Sum: 4 -> 3
Time elapsed in TRUNC: 2.982e-05
Propagating t with norm 1
Memory usage : 11819256 399892 
Sweep has been running for 0.046539 seconds.

Sweep 59, optimizing sites 0 and 1
JCD used 1 iterations.
Time elapsed in JCD: 0.000368653
Energy 1 -112.773482063421
Sum: 4 -> 3
Time elapsed in TRUNC: 3.577e-05
Propagating t with norm 1
Memory usage : 11819256 399892 
Sweep has been running for 0.000826826 seconds.

Sweep 59, optimizing sites 1 and 2
JCD used 1 iterations.
Time elapsed in JCD: 0.00188777
Energy 1 -112.773482063421
Sum: 12 -> 10
Time elapsed in TRUNC: 7.1731e-05
Propagating t with norm 1
Memory usage : 11819256 399892 
Sweep has been running for 0.00366361 seconds.

Sweep 59, optimizing sites 2 and 3
JCD used 1 iterations.
Time elapsed in JCD: 0.00445209
Energy 1 -112.773482063421
Sum: 40 -> 35
Time elapsed in TRUNC: 0.000124001
Propagating t with norm 1
Memory usage : 11819256 399892 
Sweep has been running for 0.00997556 seconds.

Sweep 59, optimizing sites 3 and 4
JCD used 1 iterations.
Time elapsed in JCD: 0.00521911
Energy 1 -112.773482063421
Sum: 40 -> 35
Time elapsed in TRUNC: 0.000121121
Propagating t with norm 1
Memory usage : 11819256 399892 
Sweep has been running for 0.0185222 seconds.

Sweep 59, optimizing sites 4 and 5
JCD used 1 iterations.
Time elapsed in JCD: 0.00195838
Energy 1 -112.773482063421
Sum: 12 -> 10
Time elapsed in TRUNC: 7.342e-05
Propagating t with norm 1
Memory usage : 11819256 399892 
Sweep has been running for 0.0226479 seconds.

Sweep 59, optimizing sites 5 and 6
JCD used 1 iterations.
Time elapsed in JCD: 0.00122979
Energy 1 -112.773482063421
Sum: 4 -> 3
Time elapsed in TRUNC: 3.6791e-05
Propagating t with norm 1
Memory usage : 11819256 399892 
Sweep has been running for 0.0247609 seconds.

Sweep 59, optimizing sites 5 and 6
JCD used 1 iterations.
Time elapsed in JCD: 0.000346133
Energy -1 -112.773482063421
Sum: 4 -> 3
Time elapsed in TRUNC: 4.125e-05
Propagating t with norm 1
Memory usage : 11819256 399892 
Sweep has been running for 0.0256923 seconds.

Sweep 59, optimizing sites 4 and 5
JCD used 1 iterations.
Time elapsed in JCD: 0.00212172
Energy -1 -112.773482063421
Sum: 12 -> 10
Time elapsed in TRUNC: 7.2411e-05
Propagating t with norm 1
Memory usage : 11819256 399892 
Sweep has been running for 0.0287453 seconds.

Sweep 59, optimizing sites 3 and 4
JCD used 1 iterations.
Time elapsed in JCD: 0.00549517
Energy -1 -112.773482063421
Sum: 40 -> 35
Time elapsed in TRUNC: 0.000119891
Propagating t with norm 1
Memory usage : 11819256 399892 
Sweep has been running for 0.0361952 seconds.

Sweep 59, optimizing sites 2 and 3
JCD used 1 iterations.
Time elapsed in JCD: 0.00444096
Energy -1 -112.773482063421
Sum: 40 -> 35
Time elapsed in TRUNC: 0.000123651
Propagating t with norm 1
Memory usage : 11819256 399892 
Sweep has been running for 0.0436115 seconds.

Sweep 59, optimizing sites 1 and 2
JCD used 1 iterations.
Time elapsed in JCD: 0.00210722
Energy -1 -112.773482063421
Sum: 12 -> 10
Time elapsed in TRUNC: 7.8181e-05
Propagating t with norm 1
Memory usage : 11819256 399892 
Sweep has been running for 0.0476139 seconds.

Sweep 59, optimizing sites 0 and 1
JCD used 1 iterations.
Time elapsed in JCD: 0.000349342
Energy -1 -112.773482063421
Sum: 4 -> 3
Time elapsed in TRUNC: 3.0241e-05
Propagating t with norm 1
Memory usage : 11819256 399892 
Sweep has been running for 0.0492278 seconds.
Measuring oneptdm
 measuring in su2 version of tagged_nrank 
Measuring twoptdm
 measuring in su2 version of tagged_nrank 
The hamiltonian will contain 1233 terms
MPO Bond 0: 56/20
MPO Bond 1: 62/23
MPO Bond 2: 76/30
MPO Bond 3: 98/41
MPO Bond 4: 128/56
MPO Bond 5: 10/3
MPO Bond 6: 1/0
This binary contains symmetries: 2u1pg su2u1pg 
DMRG version 3.1.1
Temporary storage enabled in ./tmp//storage_temp_8b80ff68db30/
Will start again at site -1 in sweep 60
Loading checkpoint from /public/home/xzzeng/work/HQC/CO/autoCAS/autocas_project/final/autocas_project.checkpoint_state.0.h5
Parameters:
               Sites: 7
           Electrons: 8
                Spin: 0
               Irrep: 0
The hamiltonian will contain 1233 terms
MPO Bond 0: 56/20
MPO Bond 1: 62/23
MPO Bond 2: 76/30
MPO Bond 3: 98/41
MPO Bond 4: 128/56
MPO Bond 5: 10/3
MPO Bond 6: 1/0
MPS initialization has finished...
Expecting 0 states to orthogonalize to.
Boundaries are partially initialized...
Boundaries are fully initialized...
Done init_left_right
TSMPOTensor: 1x62,  62 operators, 62 tags
TSMPOTensor: 56x76,  211 operators, 154 tags
TSMPOTensor: 62x98,  315 operators, 232 tags
TSMPOTensor: 76x128,  395 operators, 272 tags
TSMPOTensor: 98x10,  259 operators, 224 tags
TSMPOTensor: 128x1,  128 operators, 82 tags
Total number of tags: 1026

Sweep 60, optimizing sites 0 and 1
JCD used 4 iterations.
Time elapsed in JCD: 0.00120631
Energy 1 -112.773482060414
Sum: 4 -> 3
Time elapsed in TRUNC: 3.5941e-05
Propagating t with norm 1
Memory usage : 11819256 399892 
Sweep has been running for 0.00178015 seconds.

Sweep 60, optimizing sites 1 and 2
JCD used 5 iterations.
Time elapsed in JCD: 0.0079126
Energy 1 -112.773482062505
Sum: 12 -> 10
Time elapsed in TRUNC: 7.1021e-05
Propagating t with norm 1
Memory usage : 11819256 399892 
Sweep has been running for 0.0105156 seconds.

Sweep 60, optimizing sites 2 and 3
JCD used 6 iterations.
Time elapsed in JCD: 0.0240281
Energy 1 -112.773482064745
Sum: 40 -> 35
Time elapsed in TRUNC: 0.000125101
Propagating t with norm 1
Memory usage : 11819256 399892 
Sweep has been running for 0.0361332 seconds.

Sweep 60, optimizing sites 3 and 4
JCD used 1 iterations.
Time elapsed in JCD: 0.00471915
Energy 1 -112.7734820637
Sum: 40 -> 35
Time elapsed in TRUNC: 0.00012059
Propagating t with norm 1
Memory usage : 11819256 399892 
Sweep has been running for 0.0435201 seconds.

Sweep 60, optimizing sites 4 and 5
JCD used 1 iterations.
Time elapsed in JCD: 0.00180526
Energy 1 -112.7734820637
Sum: 12 -> 10
Time elapsed in TRUNC: 7.2621e-05
Propagating t with norm 1
Memory usage : 11819256 399892 
Sweep has been running for 0.0471112 seconds.

Sweep 60, optimizing sites 5 and 6
JCD used 1 iterations.
Time elapsed in JCD: 0.000650535
Energy 1 -112.7734820637
Sum: 4 -> 3
Time elapsed in TRUNC: 3.459e-05
Propagating t with norm 1
Memory usage : 11819256 399892 
Sweep has been running for 0.0484775 seconds.

Sweep 60, optimizing sites 5 and 6
JCD used 1 iterations.
Time elapsed in JCD: 0.000346752
Energy -1 -112.7734820637
Sum: 4 -> 3
Time elapsed in TRUNC: 2.9681e-05
Propagating t with norm 1
Memory usage : 11819256 399892 
Sweep has been running for 0.0493003 seconds.

Sweep 60, optimizing sites 4 and 5
JCD used 1 iterations.
Time elapsed in JCD: 0.00163127
Energy -1 -112.7734820637
Sum: 12 -> 10
Time elapsed in TRUNC: 7.5021e-05
Propagating t with norm 1
Memory usage : 11819256 399892 
Sweep has been running for 0.0519882 seconds.

Sweep 60, optimizing sites 3 and 4
JCD used 1 iterations.
Time elapsed in JCD: 0.00482163
Energy -1 -112.7734820637
Sum: 40 -> 35
Time elapsed in TRUNC: 0.000123291
Propagating t with norm 1
Memory usage : 11819256 399892 
Sweep has been running for 0.0587481 seconds.

Sweep 60, optimizing sites 2 and 3
JCD used 1 iterations.
Time elapsed in JCD: 0.00400823
Energy -1 -112.7734820637
Sum: 40 -> 35
Time elapsed in TRUNC: 0.000128491
Propagating t with norm 1
Memory usage : 11819256 399892 
Sweep has been running for 0.0653528 seconds.

Sweep 60, optimizing sites 1 and 2
JCD used 1 iterations.
Time elapsed in JCD: 0.00202987
Energy -1 -112.7734820637
Sum: 12 -> 10
Time elapsed in TRUNC: 7.622e-05
Propagating t with norm 1
Memory usage : 11819256 399892 
Sweep has been running for 0.0690306 seconds.

Sweep 60, optimizing sites 0 and 1
JCD used 1 iterations.
Time elapsed in JCD: 0.000651705
Energy -1 -112.7734820637
Sum: 4 -> 3
Time elapsed in TRUNC: 5.9471e-05
Propagating t with norm 1
Memory usage : 11819256 399892 
Sweep has been running for 0.0705047 seconds.

Sweep 61, optimizing sites 0 and 1
JCD used 1 iterations.
Time elapsed in JCD: 0.000771856
Energy 1 -112.7734820637
Sum: 4 -> 3
Time elapsed in TRUNC: 5.657e-05
Propagating t with norm 1
Memory usage : 11819256 399892 
Sweep has been running for 0.00144416 seconds.

Sweep 61, optimizing sites 1 and 2
JCD used 1 iterations.
Time elapsed in JCD: 0.00188444
Energy 1 -112.7734820637
Sum: 12 -> 10
Time elapsed in TRUNC: 8.5181e-05
Propagating t with norm 1
Memory usage : 11819256 399892 
Sweep has been running for 0.00451337 seconds.

Sweep 61, optimizing sites 2 and 3
JCD used 1 iterations.
Time elapsed in JCD: 0.00444722
Energy 1 -112.7734820637
Sum: 40 -> 35
Time elapsed in TRUNC: 0.000126311
Propagating t with norm 1
Memory usage : 11819256 399892 
Sweep has been running for 0.0107594 seconds.

Sweep 61, optimizing sites 3 and 4
JCD used 1 iterations.
Time elapsed in JCD: 0.00517623
Energy 1 -112.7734820637
Sum: 40 -> 35
Time elapsed in TRUNC: 0.000121121
Propagating t with norm 1
Memory usage : 11819256 399892 
Sweep has been running for 0.0187289 seconds.

Sweep 61, optimizing sites 4 and 5
JCD used 1 iterations.
Time elapsed in JCD: 0.00269047
Energy 1 -112.7734820637
Sum: 12 -> 10
Time elapsed in TRUNC: 7.8911e-05
Propagating t with norm 1
Memory usage : 11819256 399892 
Sweep has been running for 0.0233514 seconds.

Sweep 61, optimizing sites 5 and 6
JCD used 1 iterations.
Time elapsed in JCD: 0.000424373
Energy 1 -112.7734820637
Sum: 4 -> 3
Time elapsed in TRUNC: 4.357e-05
Propagating t with norm 1
Memory usage : 11819256 399892 
Sweep has been running for 0.0244912 seconds.

Sweep 61, optimizing sites 5 and 6
JCD used 1 iterations.
Time elapsed in JCD: 0.000338403
Energy -1 -112.7734820637
Sum: 4 -> 3
Time elapsed in TRUNC: 3.049e-05
Propagating t with norm 1
Memory usage : 11819256 399892 
Sweep has been running for 0.02532 seconds.

Sweep 61, optimizing sites 4 and 5
JCD used 1 iterations.
Time elapsed in JCD: 0.00163695
Energy -1 -112.7734820637
Sum: 12 -> 10
Time elapsed in TRUNC: 7.152e-05
Propagating t with norm 1
Memory usage : 11819256 399892 
Sweep has been running for 0.02806 seconds.

Sweep 61, optimizing sites 3 and 4
JCD used 1 iterations.
Time elapsed in JCD: 0.00485705
Energy -1 -112.7734820637
Sum: 40 -> 35
Time elapsed in TRUNC: 0.000120191
Propagating t with norm 1
Memory usage : 11819256 399892 
Sweep has been running for 0.0349036 seconds.

Sweep 61, optimizing sites 2 and 3
JCD used 1 iterations.
Time elapsed in JCD: 0.0041159
Energy -1 -112.7734820637
Sum: 40 -> 35
Time elapsed in TRUNC: 0.000121861
Propagating t with norm 1
Memory usage : 11819256 399892 
Sweep has been running for 0.0417227 seconds.

Sweep 61, optimizing sites 1 and 2
JCD used 1 iterations.
Time elapsed in JCD: 0.00166201
Energy -1 -112.7734820637
Sum: 12 -> 10
Time elapsed in TRUNC: 6.538e-05
Propagating t with norm 1
Memory usage : 11819256 399892 
Sweep has been running for 0.0464454 seconds.

Sweep 61, optimizing sites 0 and 1
JCD used 1 iterations.
Time elapsed in JCD: 0.000358892
Energy -1 -112.7734820637
Sum: 4 -> 3
Time elapsed in TRUNC: 3.1511e-05
Propagating t with norm 1
Memory usage : 11819256 399892 
Sweep has been running for 0.0476143 seconds.

Sweep 62, optimizing sites 0 and 1
JCD used 1 iterations.
Time elapsed in JCD: 0.000365162
Energy 1 -112.7734820637
Sum: 4 -> 3
Time elapsed in TRUNC: 3.418e-05
Propagating t with norm 1
Memory usage : 11819256 399892 
Sweep has been running for 0.000822526 seconds.

Sweep 62, optimizing sites 1 and 2
JCD used 1 iterations.
Time elapsed in JCD: 0.00194247
Energy 1 -112.7734820637
Sum: 12 -> 10
Time elapsed in TRUNC: 7.2981e-05
Propagating t with norm 1
Memory usage : 11819256 399892 
Sweep has been running for 0.00379287 seconds.

Sweep 62, optimizing sites 2 and 3
JCD used 1 iterations.
Time elapsed in JCD: 0.00461556
Energy 1 -112.7734820637
Sum: 40 -> 35
Time elapsed in TRUNC: 0.000129501
Propagating t with norm 1
Memory usage : 11819256 399892 
Sweep has been running for 0.0103042 seconds.

Sweep 62, optimizing sites 3 and 4
JCD used 1 iterations.
Time elapsed in JCD: 0.00588929
Energy 1 -112.7734820637
Sum: 40 -> 35
Time elapsed in TRUNC: 0.000120891
Propagating t with norm 1
Memory usage : 11819256 399892 
Sweep has been running for 0.0194806 seconds.

Sweep 62, optimizing sites 4 and 5
JCD used 1 iterations.
Time elapsed in JCD: 0.00219006
Energy 1 -112.7734820637
Sum: 12 -> 10
Time elapsed in TRUNC: 7.9391e-05
Propagating t with norm 1
Memory usage : 11819256 399892 
Sweep has been running for 0.0235836 seconds.

Sweep 62, optimizing sites 5 and 6
JCD used 1 iterations.
Time elapsed in JCD: 0.000365633
Energy 1 -112.7734820637
Sum: 4 -> 3
Time elapsed in TRUNC: 3.138e-05
Propagating t with norm 1
Memory usage : 11819256 399892 
Sweep has been running for 0.024535 seconds.

Sweep 62, optimizing sites 5 and 6
JCD used 1 iterations.
Time elapsed in JCD: 0.000349303
Energy -1 -112.7734820637
Sum: 4 -> 3
Time elapsed in TRUNC: 3.012e-05
Propagating t with norm 1
Memory usage : 11819256 399892 
Sweep has been running for 0.025503 seconds.

Sweep 62, optimizing sites 4 and 5
JCD used 1 iterations.
Time elapsed in JCD: 0.0016924
Energy -1 -112.7734820637
Sum: 12 -> 10
Time elapsed in TRUNC: 7.6091e-05
Propagating t with norm 1
Memory usage : 11819256 399892 
Sweep has been running for 0.0283018 seconds.

Sweep 62, optimizing sites 3 and 4
JCD used 1 iterations.
Time elapsed in JCD: 0.00487011
Energy -1 -112.7734820637
Sum: 40 -> 35
Time elapsed in TRUNC: 0.000119291
Propagating t with norm 1
Memory usage : 11819256 399892 
Sweep has been running for 0.0351536 seconds.

Sweep 62, optimizing sites 2 and 3
JCD used 1 iterations.
Time elapsed in JCD: 0.00420923
Energy -1 -112.7734820637
Sum: 40 -> 35
Time elapsed in TRUNC: 0.000122471
Propagating t with norm 1
Memory usage : 11819256 399892 
Sweep has been running for 0.0419979 seconds.

Sweep 62, optimizing sites 1 and 2
JCD used 1 iterations.
Time elapsed in JCD: 0.00199017
Energy -1 -112.7734820637
Sum: 12 -> 10
Time elapsed in TRUNC: 7.6211e-05
Propagating t with norm 1
Memory usage : 11819256 399892 
Sweep has been running for 0.0457049 seconds.

Sweep 62, optimizing sites 0 and 1
JCD used 1 iterations.
Time elapsed in JCD: 0.000336093
Energy -1 -112.7734820637
Sum: 4 -> 3
Time elapsed in TRUNC: 2.929e-05
Propagating t with norm 1
Memory usage : 11819256 399892 
Sweep has been running for 0.046665 seconds.
Measuring oneptdm
 measuring in su2 version of tagged_nrank 
Measuring twoptdm
 measuring in su2 version of tagged_nrank 
The hamiltonian will contain 1233 terms
MPO Bond 0: 56/20
MPO Bond 1: 62/23
MPO Bond 2: 76/30
MPO Bond 3: 98/41
MPO Bond 4: 128/56
MPO Bond 5: 10/3
MPO Bond 6: 1/0
This binary contains symmetries: 2u1pg su2u1pg 
DMRG version 3.1.1
Temporary storage enabled in ./tmp//storage_temp_a02be1567f39/
Will start again at site -1 in sweep 63
Loading checkpoint from /public/home/xzzeng/work/HQC/CO/autoCAS/autocas_project/final/autocas_project.checkpoint_state.0.h5
Parameters:
               Sites: 7
           Electrons: 8
                Spin: 0
               Irrep: 0
The hamiltonian will contain 1233 terms
MPO Bond 0: 56/20
MPO Bond 1: 62/23
MPO Bond 2: 76/30
MPO Bond 3: 98/41
MPO Bond 4: 128/56
MPO Bond 5: 10/3
MPO Bond 6: 1/0
MPS initialization has finished...
Expecting 0 states to orthogonalize to.
Boundaries are partially initialized...
Boundaries are fully initialized...
Done init_left_right
TSMPOTensor: 1x62,  62 operators, 62 tags
TSMPOTensor: 56x76,  211 operators, 154 tags
TSMPOTensor: 62x98,  315 operators, 232 tags
TSMPOTensor: 76x128,  395 operators, 272 tags
TSMPOTensor: 98x10,  259 operators, 224 tags
TSMPOTensor: 128x1,  128 operators, 82 tags
Total number of tags: 1026

Sweep 63, optimizing sites 0 and 1
JCD used 1 iterations.
Time elapsed in JCD: 0.000355003
Energy 1 -112.7734820637
Sum: 4 -> 3
Time elapsed in TRUNC: 3.796e-05
Propagating t with norm 1
Memory usage : 11819256 395364 
Sweep has been running for 0.000914187 seconds.

Sweep 63, optimizing sites 1 and 2
JCD used 1 iterations.
Time elapsed in JCD: 0.00189515
Energy 1 -112.7734820637
Sum: 12 -> 10
Time elapsed in TRUNC: 6.925e-05
Propagating t with norm 1
Memory usage : 11819256 395364 
Sweep has been running for 0.00371678 seconds.

Sweep 63, optimizing sites 2 and 3
JCD used 1 iterations.
Time elapsed in JCD: 0.00484973
Energy 1 -112.7734820637
Sum: 40 -> 35
Time elapsed in TRUNC: 0.000125551
Propagating t with norm 1
Memory usage : 11819256 395364 
Sweep has been running for 0.0101505 seconds.

Sweep 63, optimizing sites 3 and 4
JCD used 1 iterations.
Time elapsed in JCD: 0.00518178
Energy 1 -112.7734820637
Sum: 40 -> 35
Time elapsed in TRUNC: 0.000122821
Propagating t with norm 1
Memory usage : 11819256 395364 
Sweep has been running for 0.0180375 seconds.

Sweep 63, optimizing sites 4 and 5
JCD used 1 iterations.
Time elapsed in JCD: 0.00187805
Energy 1 -112.7734820637
Sum: 12 -> 10
Time elapsed in TRUNC: 0.000185092
Propagating t with norm 1
Memory usage : 11819256 395364 
Sweep has been running for 0.0221265 seconds.

Sweep 63, optimizing sites 5 and 6
JCD used 1 iterations.
Time elapsed in JCD: 0.000691955
Energy 1 -112.7734820637
Sum: 4 -> 3
Time elapsed in TRUNC: 3.328e-05
Propagating t with norm 1
Memory usage : 11819256 395364 
Sweep has been running for 0.0235953 seconds.

Sweep 63, optimizing sites 5 and 6
JCD used 1 iterations.
Time elapsed in JCD: 0.000375453
Energy -1 -112.7734820637
Sum: 4 -> 3
Time elapsed in TRUNC: 3.296e-05
Propagating t with norm 1
Memory usage : 11819256 395364 
Sweep has been running for 0.0244678 seconds.

Sweep 63, optimizing sites 4 and 5
JCD used 1 iterations.
Time elapsed in JCD: 0.0017109
Energy -1 -112.7734820637
Sum: 12 -> 10
Time elapsed in TRUNC: 7.1961e-05
Propagating t with norm 1
Memory usage : 11819256 395364 
Sweep has been running for 0.0271014 seconds.

Sweep 63, optimizing sites 3 and 4
JCD used 1 iterations.
Time elapsed in JCD: 0.00494154
Energy -1 -112.7734820637
Sum: 40 -> 35
Time elapsed in TRUNC: 0.000118841
Propagating t with norm 1
Memory usage : 11819256 395364 
Sweep has been running for 0.0341015 seconds.

Sweep 63, optimizing sites 2 and 3
JCD used 1 iterations.
Time elapsed in JCD: 0.00453816
Energy -1 -112.7734820637
Sum: 40 -> 35
Time elapsed in TRUNC: 0.000123911
Propagating t with norm 1
Memory usage : 11819256 395364 
Sweep has been running for 0.0412044 seconds.

Sweep 63, optimizing sites 1 and 2
JCD used 1 iterations.
Time elapsed in JCD: 0.00209946
Energy -1 -112.7734820637
Sum: 12 -> 10
Time elapsed in TRUNC: 7.5111e-05
Propagating t with norm 1
Memory usage : 11819256 395364 
Sweep has been running for 0.0450163 seconds.

Sweep 63, optimizing sites 0 and 1
JCD used 1 iterations.
Time elapsed in JCD: 0.000780185
Energy -1 -112.7734820637
Sum: 4 -> 3
Time elapsed in TRUNC: 3.225e-05
Propagating t with norm 1
Memory usage : 11819256 395364 
Sweep has been running for 0.0464834 seconds.
Measuring oneptdm
 measuring in su2 version of tagged_nrank 
Measuring twoptdm
 measuring in su2 version of tagged_nrank 
Right end: <4,4,0>
Measuring Nup
Measuring Ndown
Measuring Nupdown
Measuring oneptspdm
 measuring in 2u1 version of tagged_nrank 
Measuring dm_up
 measuring in 2u1 version of tagged_nrank 
Measuring dm_down
 measuring in 2u1 version of tagged_nrank 
Measuring nupnup
 measuring in 2u1 version of tagged_nrank 
Measuring nupndown
 measuring in 2u1 version of tagged_nrank 
Measuring ndownnup
 measuring in 2u1 version of tagged_nrank 
Measuring ndownndown
 measuring in 2u1 version of tagged_nrank 
Measuring doccdocc
 measuring in 2u1 version of tagged_nrank 
Measuring transfer_up_while_down
 measuring in 2u1 version of tagged_nrank 
Measuring transfer_down_while_up
 measuring in 2u1 version of tagged_nrank 
Measuring transfer_up_while_down_at_2
 measuring in 2u1 version of tagged_nrank 
Measuring transfer_up_while_down_at_1
 measuring in 2u1 version of tagged_nrank 
Measuring transfer_down_while_up_at_2
 measuring in 2u1 version of tagged_nrank 
Measuring transfer_down_while_up_at_1
 measuring in 2u1 version of tagged_nrank 
Measuring transfer_pair
 measuring in 2u1 version of tagged_nrank 
Measuring spinflip
 measuring in 2u1 version of tagged_nrank 
Measuring nupdocc
 measuring in 2u1 version of tagged_nrank 
Measuring ndowndocc
 measuring in 2u1 version of tagged_nrank 
Measuring doccnup
 measuring in 2u1 version of tagged_nrank 
Measuring doccndown
 measuring in 2u1 version of tagged_nrank 
Measuring splus_sminus
 measuring in 2u1 version of tagged_nrank 
