0,1,-195.093962,-0.000000
0,2,-195.093962,-0.000000
0,3,-195.093961,-0.000000
0,4,-195.093962,0.000000
0,5,-195.094130,-0.000000
0,6,-195.094037,-0.000000
0,7,-195.094090,0.000000
0,8,-195.094144,-0.000000
0,9,-195.094153,0.000000
0,10,-195.094029,0.000000
0,11,-195.093976,0.000000
0,12,-195.094052,0.000000
0,13,-195.094096,0.000000
0,14,-195.094076,-0.000000
0,15,-195.094054,0.000000
0,16,-195.094006,0.000000
0,17,-195.093994,0.000000
0,18,-195.097099,-0.000000
0,21,-195.094116,-0.000000
0,22,-195.094046,-0.000000
0,23,-195.094039,-0.000000
0,24,-195.094174,-0.000003
0,25,-195.094068,-0.000001
0,26,-195.094438,-0.000001
0,27,-195.093970,-0.000000
0,28,-195.093983,-0.000000
0,29,-195.094031,-0.000000
0,30,-195.094232,-0.000001
0,31,-195.093988,-0.000000
0,32,-195.094042,-0.000002
0,33,-195.094017,-0.000000
0,34,-195.093972,-0.000000
0,35,-195.093983,-0.000000
0,36,-195.093999,-0.000000
0,37,-195.093972,-0.000000
0,38,-195.093988,-0.000000
0,39,-195.094137,-0.000000
0,40,-195.094557,-0.000000
0,41,-195.094342,-0.000002
0,42,-195.094256,-0.000003
0,43,-195.094256,-0.000007
0,44,-195.094206,-0.000001
0,45,-195.094106,-0.000001
0,46,-195.094725,-0.000002
0,47,-195.094012,-0.000001
0,48,-195.093986,-0.000005
0,49,-195.093990,-0.000001
0,50,-195.093975,-0.000003
0,51,-195.093983,-0.000001
0,52,-195.094014,-0.000003
0,53,-195.093997,-0.000000
0,54,-195.093968,-0.000000
0,55,-195.094106,-0.000012
0,56,-195.093984,-0.000001
0,57,-195.093975,-0.000000
0,58,-195.093981,-0.000001
0,59,-195.093999,-0.000001
0,60,-195.094047,-0.000000
0,61,-195.094084,-0.000002
0,62,-195.094005,-0.000004
0,63,-195.093975,-0.000001
0,64,-195.094099,-0.000001
0,65,-195.094006,-0.000000
0,66,-195.093979,-0.000000
0,67,-195.093976,-0.000001
0,68,-195.093989,-0.000001
0,69,-195.093968,-0.000000
0,70,-195.093966,-0.000000
0,71,-195.094004,-0.000000
0,72,-195.094008,-0.000001
0,73,-195.094011,-0.000001
0,74,-195.093963,-0.000000
0,75,-195.094002,-0.000000
0,76,-195.093970,-0.000001
0,77,-195.093963,-0.000000
0,78,-195.093965,-0.000000
0,79,-195.093968,-0.000000
0,80,-195.094006,-0.000000
0,81,-195.093970,-0.000000
0,82,-195.093966,-0.000001
0,83,-195.093971,-0.000000
0,84,-195.093974,-0.000000
0,85,-195.093970,-0.000000
0,86,-195.093973,-0.000000
0,87,-195.093969,-0.000000
0,88,-195.093969,-0.000000
0,89,-195.093968,-0.000000
0,90,-195.093966,-0.000000
0,91,-195.093969,-0.000000
0,92,-195.093968,-0.000000
0,93,-195.093987,-0.000000
0,94,-195.093965,-0.000000
0,95,-195.093968,-0.000000
0,96,-195.093987,-0.000000
0,97,-195.093971,-0.000000
0,98,-195.093977,-0.000000
0,99,-195.093966,-0.000000
0,100,-195.093964,-0.000001
0,101,-195.093971,-0.000000
0,102,-195.093973,-0.000000
0,103,-195.093963,-0.000000
0,104,-195.093963,-0.000000
0,105,-195.093965,-0.000003
0,106,-195.093967,-0.000000
0,107,-195.093965,-0.000000
0,108,-195.093965,-0.000000
0,109,-195.093963,-0.000000
0,110,-195.093962,-0.000000
0,111,-195.093970,-0.000006
0,112,-195.093964,-0.000000
0,113,-195.093964,-0.000001
0,114,-195.093963,-0.000000
0,115,-195.093969,-0.000003
0,116,-195.093963,-0.000001
0,117,-195.093972,-0.000009
0,118,-195.093963,-0.000000
0,119,-195.093963,-0.000000
1,2,-195.093960,-0.000000
1,3,-195.093960,-0.000000
1,4,-195.093961,-0.000000
1,5,-195.094129,-0.000000
1,6,-195.094036,-0.000000
1,7,-195.094088,-0.000000
1,8,-195.094142,-0.000000
1,9,-195.094152,0.000000
1,10,-195.094028,0.000000
1,11,-195.093974,-0.000000
1,12,-195.094051,-0.000000
1,13,-195.094095,0.000000
1,14,-195.094074,0.000000
1,15,-195.094053,-0.000000
1,16,-195.094004,-0.000000
1,17,-195.093992,-0.000000
1,18,-195.097098,-0.000000
1,21,-195.094115,-0.000001
1,22,-195.094045,-0.000000
1,23,-195.094038,-0.000000
1,24,-195.094170,-0.000001
1,25,-195.094067,-0.000000
1,26,-195.094436,-0.000001
1,27,-195.093969,-0.000000
1,28,-195.093981,-0.000000
1,29,-195.094030,-0.000000
1,30,-195.094231,-0.000001
1,31,-195.093987,-0.000000
1,32,-195.094039,-0.000000
1,33,-195.094015,-0.000000
1,34,-195.093971,-0.000000
1,35,-195.093981,-0.000000
1,36,-195.093998,-0.000000
1,37,-195.093971,-0.000000
1,38,-195.093986,-0.000000
1,39,-195.094136,-0.000001
1,40,-195.094557,-0.000001
1,41,-195.094339,-0.000001
1,42,-195.094252,-0.000000
1,43,-195.094248,-0.000001
1,44,-195.094208,-0.000005
1,45,-195.094104,-0.000000
1,46,-195.094722,-0.000001
1,47,-195.094018,-0.000008
1,48,-195.093982,-0.000002
1,49,-195.093988,-0.000000
1,50,-195.093970,-0.000000
1,51,-195.093980,-0.000000
1,52,-195.094010,-0.000001
1,53,-195.093996,-0.000001
1,54,-195.093967,-0.000001
1,55,-195.094094,-0.000001
1,56,-195.093986,-0.000004
1,57,-195.093974,-0.000001
1,58,-195.093978,-0.000000
1,59,-195.093998,-0.000002
1,60,-195.094046,-0.000000
1,61,-195.094081,-0.000001
1,62,-195.094001,-0.000001
1,63,-195.093973,-0.000001
1,64,-195.094097,-0.000000
1,65,-195.094005,-0.000000
1,66,-195.093978,-0.000000
1,67,-195.093974,-0.000000
1,68,-195.093992,-0.000006
1,69,-195.093966,-0.000000
1,70,-195.093964,-0.000000
1,71,-195.094002,-0.000000
1,72,-195.094006,-0.000000
1,73,-195.094009,-0.000000
1,74,-195.093961,-0.000000
1,75,-195.094000,-0.000000
1,76,-195.093968,-0.000000
1,77,-195.093962,-0.000000
1,78,-195.093963,-0.000000
1,79,-195.093968,-0.000001
1,80,-195.094005,-0.000000
1,81,-195.093968,-0.000000
1,82,-195.093963,-0.000000
1,83,-195.093969,-0.000000
1,84,-195.093972,-0.000000
1,85,-195.093968,-0.000000
1,86,-195.093971,-0.000000
1,87,-195.093967,-0.000000
1,88,-195.093967,-0.000000
1,89,-195.093967,-0.000000
1,90,-195.093964,-0.000000
1,91,-195.093968,-0.000000
1,92,-195.093966,-0.000000
1,93,-195.093986,-0.000000
1,94,-195.093964,-0.000000
1,95,-195.093967,-0.000000
1,96,-195.093985,-0.000000
1,97,-195.093970,-0.000000
1,98,-195.093975,-0.000000
1,99,-195.093965,-0.000000
1,100,-195.093961,-0.000000
1,101,-195.093970,-0.000000
1,102,-195.093971,-0.000000
1,103,-195.093962,-0.000000
1,104,-195.093962,-0.000001
1,105,-195.093961,-0.000000
1,106,-195.093965,-0.000000
1,107,-195.093963,-0.000000
1,108,-195.093963,-0.000000
1,109,-195.093964,-0.000002
1,110,-195.093960,-0.000000
1,111,-195.093970,-0.000007
1,112,-195.093962,-0.000000
1,113,-195.093963,-0.000002
1,114,-195.093962,-0.000000
1,115,-195.093966,-0.000002
1,116,-195.093964,-0.000003
1,117,-195.093962,-0.000001
1,118,-195.093963,-0.000001
1,119,-195.093962,-0.000000
2,3,-195.093960,0.000000
2,4,-195.093961,0.000000
2,5,-195.094130,-0.000001
2,6,-195.094036,-0.000000
2,7,-195.094089,-0.000000
2,8,-195.094143,-0.000000
2,9,-195.094153,-0.000001
2,10,-195.094028,0.000000
2,11,-195.093975,-0.000000
2,12,-195.094051,-0.000000
2,13,-195.094095,-0.000000
2,14,-195.094074,-0.000000
2,15,-195.094053,-0.000000
2,16,-195.094004,-0.000000
2,17,-195.093992,-0.000000
2,18,-195.097098,0.000000
2,21,-195.094114,-0.000000
2,22,-195.094045,-0.000001
2,23,-195.094038,-0.000000
2,24,-195.094170,-0.000000
2,25,-195.094067,-0.000000
2,26,-195.094436,-0.000000
2,27,-195.093969,-0.000000
2,28,-195.093981,-0.000000
2,29,-195.094030,-0.000001
2,30,-195.094230,-0.000000
2,31,-195.093987,-0.000000
2,32,-195.094039,-0.000000
2,33,-195.094019,-0.000004
2,34,-195.093971,-0.000001
2,35,-195.093982,-0.000000
2,36,-195.093998,-0.000000
2,37,-195.093971,-0.000000
2,38,-195.093988,-0.000001
2,39,-195.094136,-0.000001
2,40,-195.094556,-0.000000
2,41,-195.094342,-0.000003
2,42,-195.094253,-0.000001
2,43,-195.094249,-0.000001
2,44,-195.094208,-0.000005
2,45,-195.094108,-0.000003
2,46,-195.094728,-0.000007
2,47,-195.094010,-0.000000
2,48,-195.093980,-0.000000
2,49,-195.093988,-0.000000
2,50,-195.093971,-0.000000
2,51,-195.093980,-0.000000
2,52,-195.094012,-0.000002
2,53,-195.093997,-0.000001
2,54,-195.093972,-0.000005
2,55,-195.094095,-0.000002
2,56,-195.093985,-0.000002
2,57,-195.093978,-0.000005
2,58,-195.093979,-0.000001
2,59,-195.093998,-0.000001
2,60,-195.094046,-0.000000
2,61,-195.094081,-0.000001
2,62,-195.094001,-0.000001
2,63,-195.093973,-0.000000
2,64,-195.094097,-0.000000
2,65,-195.094005,-0.000000
2,66,-195.093978,-0.000000
2,67,-195.093976,-0.000002
2,68,-195.093987,-0.000000
2,69,-195.093966,-0.000000
2,70,-195.093965,-0.000000
2,71,-195.094002,-0.000000
2,72,-195.094006,-0.000000
2,73,-195.094009,-0.000000
2,74,-195.093961,-0.000000
2,75,-195.094001,-0.000000
2,76,-195.093968,-0.000000
2,77,-195.093962,-0.000000
2,78,-195.093963,-0.000000
2,79,-195.093967,-0.000000
2,80,-195.094005,-0.000000
2,81,-195.093969,-0.000000
2,82,-195.093964,-0.000000
2,83,-195.093970,-0.000000
2,84,-195.093972,-0.000000
2,85,-195.093968,-0.000000
2,86,-195.093972,-0.000001
2,87,-195.093969,-0.000002
2,88,-195.093968,-0.000000
2,89,-195.093967,-0.000000
2,90,-195.093964,-0.000000
2,91,-195.093968,-0.000000
2,92,-195.093967,-0.000000
2,93,-195.093986,-0.000000
2,94,-195.093964,-0.000000
2,95,-195.093967,-0.000000
2,96,-195.093987,-0.000002
2,97,-195.093972,-0.000002
2,98,-195.093980,-0.000005
2,99,-195.093965,-0.000000
2,100,-195.093962,-0.000000
2,101,-195.093970,-0.000000
2,102,-195.093972,-0.000000
2,103,-195.093962,-0.000000
2,104,-195.093963,-0.000002
2,105,-195.093961,-0.000000
2,106,-195.093965,-0.000000
2,107,-195.093964,-0.000001
2,108,-195.093964,-0.000000
2,109,-195.093963,-0.000001
2,110,-195.093961,-0.000000
2,111,-195.093963,-0.000000
2,112,-195.093965,-0.000003
2,113,-195.093962,-0.000000
2,114,-195.093961,-0.000000
2,115,-195.093965,-0.000000
2,116,-195.093961,-0.000000
2,117,-195.093962,-0.000000
2,118,-195.093964,-0.000002
2,119,-195.093962,-0.000001
3,4,-195.093960,-0.000000
3,5,-195.094129,0.000000
3,6,-195.094035,-0.000000
3,7,-195.094088,-0.000000
3,8,-195.094142,0.000000
3,9,-195.094152,-0.000000
3,10,-195.094028,-0.000000
3,11,-195.093974,0.000000
3,12,-195.094051,-0.000000
3,13,-195.094095,-0.000000
3,14,-195.094074,-0.000000
3,15,-195.094052,-0.000000
3,16,-195.094004,0.000000
3,17,-195.093992,0.000000
3,18,-195.097098,0.000000
3,21,-195.094115,-0.000001
3,22,-195.094045,-0.000000
3,23,-195.094037,-0.000000
3,24,-195.094169,-0.000000
3,25,-195.094067,-0.000000
3,26,-195.094435,-0.000000
3,27,-195.093969,-0.000000
3,28,-195.093981,-0.000000
3,29,-195.094029,-0.000000
3,30,-195.094230,-0.000000
3,31,-195.093986,-0.000000
3,32,-195.094039,-0.000000
3,33,-195.094015,-0.000000
3,34,-195.093970,-0.000000
3,35,-195.093981,-0.000000
3,36,-195.093998,-0.000000
3,37,-195.093970,-0.000000
3,38,-195.093986,-0.000000
3,39,-195.094135,-0.000000
3,40,-195.094555,-0.000000
3,41,-195.094339,-0.000000
3,42,-195.094252,-0.000000
3,43,-195.094247,-0.000000
3,44,-195.094203,-0.000000
3,45,-195.094106,-0.000002
3,46,-195.094723,-0.000002
3,47,-195.094010,-0.000001
3,48,-195.093981,-0.000002
3,49,-195.093993,-0.000006
3,50,-195.093978,-0.000008
3,51,-195.093982,-0.000002
3,52,-195.094011,-0.000001
3,53,-195.094002,-0.000007
3,54,-195.093967,-0.000002
3,55,-195.094093,-0.000000
3,56,-195.093983,-0.000001
3,57,-195.093973,-0.000000
3,58,-195.093978,-0.000000
3,59,-195.093996,-0.000000
3,60,-195.094045,-0.000000
3,61,-195.094080,-0.000000
3,62,-195.094000,-0.000000
3,63,-195.093972,-0.000000
3,64,-195.094097,-0.000000
3,65,-195.094004,-0.000000
3,66,-195.093977,-0.000000
3,67,-195.093973,-0.000000
3,68,-195.093987,-0.000001
3,69,-195.093966,-0.000000
3,70,-195.093964,-0.000000
3,71,-195.094002,-0.000000
3,72,-195.094005,-0.000000
3,73,-195.094008,-0.000000
3,74,-195.093961,-0.000000
3,75,-195.094000,-0.000000
3,76,-195.093968,-0.000000
3,77,-195.093962,-0.000000
3,78,-195.093963,-0.000000
3,79,-195.093966,-0.000000
3,80,-195.094005,-0.000000
3,81,-195.093968,-0.000000
3,82,-195.093963,-0.000000
3,83,-195.093969,-0.000000
3,84,-195.093972,-0.000000
3,85,-195.093968,-0.000000
3,86,-195.093971,-0.000000
3,87,-195.093967,-0.000000
3,88,-195.093967,-0.000000
3,89,-195.093967,-0.000000
3,90,-195.093964,-0.000000
3,91,-195.093968,-0.000000
3,92,-195.093966,-0.000000
3,93,-195.093986,-0.000000
3,94,-195.093963,-0.000000
3,95,-195.093967,-0.000000
3,96,-195.093985,-0.000000
3,97,-195.093970,-0.000000
3,98,-195.093975,-0.000000
3,99,-195.093965,-0.000000
3,100,-195.093962,-0.000001
3,101,-195.093969,-0.000000
3,102,-195.093971,-0.000000
3,103,-195.093961,-0.000000
3,104,-195.093961,-0.000000
3,105,-195.093961,-0.000001
3,106,-195.093965,-0.000000
3,107,-195.093963,-0.000000
3,108,-195.093963,-0.000000
3,109,-195.093961,-0.000000
3,110,-195.093987,-0.000027
3,111,-195.093963,-0.000000
3,112,-195.093962,-0.000000
3,113,-195.093967,-0.000006
3,114,-195.093966,-0.000006
3,115,-195.093971,-0.000006
3,116,-195.093965,-0.000004
3,117,-195.093961,-0.000000
3,118,-195.093962,-0.000000
3,119,-195.093961,-0.000000
4,5,-195.094130,-0.000000
4,6,-195.094036,-0.000000
4,7,-195.094090,-0.000001
4,8,-195.094143,-0.000000
4,9,-195.094153,-0.000001
4,10,-195.094028,-0.000000
4,11,-195.093975,-0.000000
4,12,-195.094051,-0.000000
4,13,-195.094095,0.000000
4,14,-195.094075,0.000000
4,15,-195.094053,0.000000
4,16,-195.094005,0.000000
4,17,-195.093993,0.000000
4,18,-195.097098,0.000000
4,21,-195.094115,-0.000000
4,22,-195.094046,-0.000001
4,23,-195.094039,-0.000001
4,24,-195.094170,-0.000000
4,25,-195.094068,-0.000001
4,26,-195.094436,-0.000000
4,27,-195.093969,-0.000000
4,28,-195.093982,-0.000000
4,29,-195.094030,-0.000000
4,30,-195.094230,-0.000000
4,31,-195.093987,-0.000000
4,32,-195.094039,-0.000000
4,33,-195.094016,-0.000000
4,34,-195.093971,-0.000000
4,35,-195.093982,-0.000000
4,36,-195.093998,-0.000000
4,37,-195.093971,-0.000000
4,38,-195.093987,-0.000000
4,39,-195.094136,-0.000001
4,40,-195.094561,-0.000005
4,41,-195.094349,-0.000010
4,42,-195.094254,-0.000001
4,43,-195.094250,-0.000003
4,44,-195.094206,-0.000002
4,45,-195.094108,-0.000003
4,46,-195.094731,-0.000009
4,47,-195.094011,-0.000000
4,48,-195.093980,-0.000000
4,49,-195.093989,-0.000000
4,50,-195.093971,-0.000000
4,51,-195.093985,-0.000005
4,52,-195.094010,-0.000000
4,53,-195.093996,-0.000000
4,54,-195.093968,-0.000001
4,55,-195.094094,-0.000000
4,56,-195.093983,-0.000000
4,57,-195.093987,-0.000013
4,58,-195.093979,-0.000000
4,59,-195.093999,-0.000002
4,60,-195.094046,-0.000000
4,61,-195.094081,-0.000000
4,62,-195.094002,-0.000002
4,63,-195.093973,-0.000000
4,64,-195.094098,-0.000001
4,65,-195.094005,-0.000000
4,66,-195.093978,-0.000000
4,67,-195.093975,-0.000001
4,68,-195.093987,-0.000000
4,69,-195.093967,-0.000000
4,70,-195.093965,-0.000000
4,71,-195.094003,-0.000000
4,72,-195.094007,-0.000001
4,73,-195.094010,-0.000001
4,74,-195.093962,-0.000000
4,75,-195.094001,-0.000000
4,76,-195.093968,-0.000000
4,77,-195.093962,-0.000000
4,78,-195.093964,-0.000000
4,79,-195.093968,-0.000001
4,80,-195.094007,-0.000002
4,81,-195.093969,-0.000000
4,82,-195.093964,-0.000000
4,83,-195.093970,-0.000000
4,84,-195.093973,-0.000000
4,85,-195.093969,-0.000000
4,86,-195.093972,-0.000000
4,87,-195.093968,-0.000000
4,88,-195.093968,-0.000000
4,89,-195.093967,-0.000000
4,90,-195.093965,-0.000000
4,91,-195.093968,-0.000000
4,92,-195.093967,-0.000000
4,93,-195.093986,-0.000000
4,94,-195.093964,-0.000000
4,95,-195.093967,-0.000000
4,96,-195.093986,-0.000000
4,97,-195.093971,-0.000001
4,98,-195.093981,-0.000005
4,99,-195.093965,-0.000000
4,100,-195.093962,-0.000000
4,101,-195.093970,-0.000000
4,102,-195.093972,-0.000000
4,103,-195.093962,-0.000000
4,104,-195.093968,-0.000007
4,105,-195.093961,-0.000000
4,106,-195.093966,-0.000000
4,107,-195.093965,-0.000001
4,108,-195.093964,-0.000000
4,109,-195.093967,-0.000006
4,110,-195.093961,-0.000000
4,111,-195.093963,-0.000000
4,112,-195.093972,-0.000009
4,113,-195.093962,-0.000000
4,114,-195.093962,-0.000000
4,115,-195.093965,-0.000000
4,116,-195.093962,-0.000000
4,117,-195.093962,-0.000000
4,118,-195.093970,-0.000007
4,119,-195.093963,-0.000002
5,6,-195.094205,-0.000000
5,7,-195.094249,0.000008
5,8,-195.094309,0.000002
5,9,-195.094311,0.000010
5,10,-195.094195,0.000002
5,11,-195.094143,0.000000
5,12,-195.094271,-0.000052
5,13,-195.094267,-0.000004
5,14,-195.094245,-0.000002
5,15,-195.094225,-0.000004
5,16,-195.094177,-0.000004
5,17,-195.094166,-0.000005
5,18,-195.097224,0.000043
5,21,-195.094301,-0.000018
5,22,-195.094247,-0.000033
5,23,-195.094345,-0.000139
5,24,-195.094372,-0.000034
5,25,-195.094287,-0.000052
5,26,-195.094645,-0.000041
5,27,-195.094163,-0.000026
5,28,-195.094183,-0.000034
5,29,-195.094278,-0.000080
5,30,-195.094412,-0.000013
5,31,-195.094207,-0.000052
5,32,-195.094236,-0.000029
5,33,-195.094429,-0.000245
5,34,-195.094209,-0.000069
5,35,-195.094180,-0.000030
5,36,-195.094187,-0.000020
5,37,-195.094205,-0.000066
5,38,-195.094177,-0.000022
5,39,-195.094411,-0.000107
5,40,-195.094786,-0.000061
5,41,-195.094592,-0.000085
5,42,-195.094455,-0.000034
5,43,-195.094547,-0.000131
5,44,-195.094859,-0.000487
5,45,-195.094467,-0.000194
5,46,-195.094972,-0.000082
5,47,-195.094206,-0.000027
5,48,-195.094165,-0.000017
5,49,-195.094171,-0.000015
5,50,-195.094141,-0.000002
5,51,-195.094163,-0.000015
5,52,-195.094193,-0.000014
5,53,-195.094177,-0.000013
5,54,-195.094169,-0.000034
5,55,-195.094294,-0.000032
5,56,-195.094223,-0.000072
5,57,-195.094213,-0.000071
5,58,-195.094162,-0.000015
5,59,-195.094206,-0.000041
5,60,-195.094237,-0.000023
5,61,-195.094294,-0.000045
5,62,-195.094275,-0.000106
5,63,-195.094193,-0.000052
5,64,-195.094350,-0.000085
5,65,-195.094204,-0.000030
5,66,-195.094163,-0.000016
5,67,-195.094232,-0.000090
5,68,-195.094168,-0.000013
5,69,-195.094145,-0.000010
5,70,-195.094140,-0.000007
5,71,-195.094194,-0.000024
5,72,-195.094190,-0.000016
5,73,-195.094196,-0.000018
5,74,-195.094130,-0.000000
5,75,-195.094190,-0.000021
5,76,-195.094148,-0.000011
5,77,-195.094146,-0.000015
5,78,-195.094137,-0.000005
5,79,-195.094169,-0.000033
5,80,-195.094208,-0.000035
5,81,-195.094140,-0.000003
5,82,-195.094133,-0.000001
5,83,-195.094145,-0.000007
5,84,-195.094147,-0.000006
5,85,-195.094146,-0.000009
5,86,-195.094187,-0.000046
5,87,-195.094157,-0.000021
5,88,-195.094146,-0.000009
5,89,-195.094138,-0.000002
5,90,-195.094141,-0.000008
5,91,-195.094142,-0.000006
5,92,-195.094142,-0.000007
5,93,-195.094179,-0.000025
5,94,-195.094137,-0.000004
5,95,-195.094140,-0.000004
5,96,-195.094187,-0.000033
5,97,-195.094150,-0.000012
5,98,-195.094219,-0.000075
5,99,-195.094137,-0.000004
5,100,-195.094131,-0.000001
5,101,-195.094149,-0.000011
5,102,-195.094165,-0.000025
5,103,-195.094131,-0.000001
5,104,-195.094151,-0.000021
5,105,-195.094130,-0.000001
5,106,-195.094142,-0.000008
5,107,-195.094143,-0.000011
5,108,-195.094137,-0.000005
5,109,-195.094156,-0.000026
5,110,-195.094129,-0.000000
5,111,-195.094136,-0.000004
5,112,-195.094145,-0.000014
5,113,-195.094133,-0.000003
5,114,-195.094131,-0.000001
5,115,-195.094135,-0.000002
5,116,-195.094137,-0.000007
5,117,-195.094135,-0.000005
5,118,-195.094150,-0.000019
5,119,-195.094148,-0.000018
6,7,-195.094168,-0.000005
6,8,-195.094259,-0.000042
6,9,-195.094228,-0.000001
6,10,-195.094103,0.000000
6,11,-195.094049,0.000001
6,12,-195.094135,-0.000009
6,13,-195.094172,-0.000002
6,14,-195.094150,-0.000000
6,15,-195.094124,0.000004
6,16,-195.094078,0.000001
6,17,-195.094067,0.000001
6,18,-195.097194,-0.000020
6,21,-195.094261,-0.000071
6,22,-195.094137,-0.000017
6,23,-195.094118,-0.000005
6,24,-195.094339,-0.000095
6,25,-195.094159,-0.000017
6,26,-195.094633,-0.000123
6,27,-195.094091,-0.000047
6,28,-195.094085,-0.000028
6,29,-195.094120,-0.000015
6,30,-195.094368,-0.000063
6,31,-195.094080,-0.000018
6,32,-195.094280,-0.000166
6,33,-195.094123,-0.000032
6,34,-195.094058,-0.000012
6,35,-195.094079,-0.000023
6,36,-195.094133,-0.000060
6,37,-195.094075,-0.000029
6,38,-195.094118,-0.000056
6,39,-195.094238,-0.000028
6,40,-195.094653,-0.000022
6,41,-195.094440,-0.000026
6,42,-195.094374,-0.000047
6,43,-195.094542,-0.000219
6,44,-195.094297,-0.000019
6,45,-195.094226,-0.000047
6,46,-195.094858,-0.000061
6,47,-195.094095,-0.000010
6,48,-195.094112,-0.000057
6,49,-195.094118,-0.000054
6,50,-195.094126,-0.000080
6,51,-195.094083,-0.000028
6,52,-195.094116,-0.000031
6,53,-195.094129,-0.000058
6,54,-195.094058,-0.000017
6,55,-195.094275,-0.000107
6,56,-195.094071,-0.000013
6,57,-195.094061,-0.000012
6,58,-195.094110,-0.000057
6,59,-195.094107,-0.000036
6,60,-195.094170,-0.000049
6,61,-195.094174,-0.000018
6,62,-195.094100,-0.000026
6,63,-195.094060,-0.000012
6,64,-195.094183,-0.000011
6,65,-195.094089,-0.000010
6,66,-195.094074,-0.000022
6,67,-195.094071,-0.000022
6,68,-195.094092,-0.000031
6,69,-195.094051,-0.000010
6,70,-195.094061,-0.000021
6,71,-195.094101,-0.000024
6,72,-195.094106,-0.000026
6,73,-195.094110,-0.000026
6,74,-195.094053,-0.000017
6,75,-195.094092,-0.000017
6,76,-195.094057,-0.000014
6,77,-195.094039,-0.000001
6,78,-195.094043,-0.000004
6,79,-195.094049,-0.000007
6,80,-195.094085,-0.000005
6,81,-195.094079,-0.000035
6,82,-195.094085,-0.000047
6,83,-195.094064,-0.000019
6,84,-195.094066,-0.000018
6,85,-195.094073,-0.000030
6,86,-195.094060,-0.000014
6,87,-195.094049,-0.000006
6,88,-195.094049,-0.000006
6,89,-195.094056,-0.000014
6,90,-195.094058,-0.000019
6,91,-195.094056,-0.000013
6,92,-195.094047,-0.000005
6,93,-195.094078,-0.000017
6,94,-195.094041,-0.000003
6,95,-195.094049,-0.000007
6,96,-195.094063,-0.000003
6,97,-195.094057,-0.000012
6,98,-195.094061,-0.000011
6,99,-195.094049,-0.000009
6,100,-195.094063,-0.000026
6,101,-195.094049,-0.000005
6,102,-195.094048,-0.000001
6,103,-195.094054,-0.000018
6,104,-195.094039,-0.000002
6,105,-195.094055,-0.000019
6,106,-195.094043,-0.000002
6,107,-195.094042,-0.000003
6,108,-195.094046,-0.000007
6,109,-195.094038,-0.000001
6,110,-195.094058,-0.000022
6,111,-195.094043,-0.000005
6,112,-195.094038,-0.000001
6,113,-195.094046,-0.000009
6,114,-195.094047,-0.000011
6,115,-195.094054,-0.000014
6,116,-195.094041,-0.000005
6,117,-195.094043,-0.000007
6,118,-195.094039,-0.000002
6,119,-195.094037,-0.000000
7,8,-195.094286,-0.000016
7,9,-195.094375,-0.000095
7,10,-195.094166,-0.000010
7,11,-195.094103,-0.000001
7,12,-195.094171,0.000007
7,13,-195.094223,0.000000
7,14,-195.094199,0.000004
7,15,-195.094179,0.000001
7,16,-195.094134,-0.000002
7,17,-195.094123,-0.000003
7,18,-195.097212,0.000014
7,21,-195.094275,-0.000032
7,22,-195.094284,-0.000112
7,23,-195.094239,-0.000073
7,24,-195.094399,-0.000102
7,25,-195.094345,-0.000150
7,26,-195.094657,-0.000094
7,27,-195.094138,-0.000041
7,28,-195.094140,-0.000031
7,29,-195.094186,-0.000029
7,30,-195.094425,-0.000067
7,31,-195.094173,-0.000058
7,32,-195.094178,-0.000011
7,33,-195.094206,-0.000063
7,34,-195.094222,-0.000123
7,35,-195.094149,-0.000040
7,36,-195.094156,-0.000030
7,37,-195.094138,-0.000040
7,38,-195.094151,-0.000037
7,39,-195.094323,-0.000060
7,40,-195.094866,-0.000182
7,41,-195.094500,-0.000033
7,42,-195.094521,-0.000141
7,43,-195.094744,-0.000369
7,44,-195.094414,-0.000083
7,45,-195.094445,-0.000213
7,46,-195.094882,-0.000032
7,47,-195.094194,-0.000057
7,48,-195.094150,-0.000043
7,49,-195.094133,-0.000017
7,50,-195.094105,-0.000006
7,51,-195.094144,-0.000037
7,52,-195.094151,-0.000014
7,53,-195.094140,-0.000016
7,54,-195.094118,-0.000023
7,55,-195.094231,-0.000010
7,56,-195.094186,-0.000075
7,57,-195.094189,-0.000088
7,58,-195.094143,-0.000037
7,59,-195.094275,-0.000150
7,60,-195.094209,-0.000036
7,61,-195.094259,-0.000051
7,62,-195.094285,-0.000157
7,63,-195.094126,-0.000026
7,64,-195.094296,-0.000071
7,65,-195.094159,-0.000026
7,66,-195.094122,-0.000016
7,67,-195.094126,-0.000024
7,68,-195.094157,-0.000042
7,69,-195.094113,-0.000018
7,70,-195.094102,-0.000009
7,71,-195.094152,-0.000022
7,72,-195.094163,-0.000029
7,73,-195.094177,-0.000040
7,74,-195.094091,-0.000002
7,75,-195.094162,-0.000033
7,76,-195.094115,-0.000019
7,77,-195.094110,-0.000020
7,78,-195.094107,-0.000015
7,79,-195.094151,-0.000057
7,80,-195.094174,-0.000041
7,81,-195.094101,-0.000004
7,82,-195.094094,-0.000003
7,83,-195.094103,-0.000006
7,84,-195.094106,-0.000006
7,85,-195.094105,-0.000009
7,86,-195.094107,-0.000008
7,87,-195.094129,-0.000034
7,88,-195.094100,-0.000005
7,89,-195.094097,-0.000002
7,90,-195.094103,-0.000011
7,91,-195.094106,-0.000010
7,92,-195.094111,-0.000017
7,93,-195.094139,-0.000025
7,94,-195.094101,-0.000009
7,95,-195.094102,-0.000008
7,96,-195.094130,-0.000016
7,97,-195.094131,-0.000033
7,98,-195.094136,-0.000033
7,99,-195.094100,-0.000008
7,100,-195.094090,-0.000001
7,101,-195.094103,-0.000006
7,102,-195.094114,-0.000015
7,103,-195.094090,-0.000001
7,104,-195.094097,-0.000008
7,105,-195.094090,-0.000001
7,106,-195.094103,-0.000010
7,107,-195.094106,-0.000015
7,108,-195.094097,-0.000006
7,109,-195.094111,-0.000022
7,110,-195.094090,-0.000001
7,111,-195.094102,-0.000012
7,112,-195.094098,-0.000008
7,113,-195.094094,-0.000004
7,114,-195.094091,-0.000002
7,115,-195.094097,-0.000004
7,116,-195.094096,-0.000007
7,117,-195.094091,-0.000002
7,118,-195.094103,-0.000013
7,119,-195.094098,-0.000009
8,9,-195.094357,-0.000023
8,10,-195.094215,-0.000005
8,11,-195.094156,0.000001
8,12,-195.094238,-0.000006
8,13,-195.094292,-0.000015
8,14,-195.094257,-0.000000
8,15,-195.094245,-0.000011
8,16,-195.094185,0.000001
8,17,-195.094174,0.000000
8,18,-195.097326,-0.000046
8,21,-195.094391,-0.000094
8,22,-195.094283,-0.000056
8,23,-195.094279,-0.000060
8,24,-195.094590,-0.000239
8,25,-195.094416,-0.000167
8,26,-195.094681,-0.000064
8,27,-195.094171,-0.000021
8,28,-195.094202,-0.000039
8,29,-195.094242,-0.000030
8,30,-195.094566,-0.000154
8,31,-195.094191,-0.000023
8,32,-195.094405,-0.000184
8,33,-195.094236,-0.000039
8,34,-195.094160,-0.000008
8,35,-195.094184,-0.000021
8,36,-195.094275,-0.000095
8,37,-195.094185,-0.000033
8,38,-195.094226,-0.000057
8,39,-195.094342,-0.000025
8,40,-195.094848,-0.000111
8,41,-195.094589,-0.000068
8,42,-195.094645,-0.000211
8,43,-195.094535,-0.000105
8,44,-195.094414,-0.000029
8,45,-195.094328,-0.000042
8,46,-195.094940,-0.000036
8,47,-195.094209,-0.000017
8,48,-195.094222,-0.000060
8,49,-195.094228,-0.000058
8,50,-195.094203,-0.000051
8,51,-195.094185,-0.000024
8,52,-195.094236,-0.000044
8,53,-195.094291,-0.000113
8,54,-195.094180,-0.000031
8,55,-195.094563,-0.000288
8,56,-195.094190,-0.000025
8,57,-195.094165,-0.000010
8,58,-195.094193,-0.000033
8,59,-195.094216,-0.000038
8,60,-195.094295,-0.000068
8,61,-195.094289,-0.000027
8,62,-195.094253,-0.000071
8,63,-195.094168,-0.000014
8,64,-195.094294,-0.000014
8,65,-195.094197,-0.000010
8,66,-195.094193,-0.000034
8,67,-195.094169,-0.000013
8,68,-195.094214,-0.000046
8,69,-195.094167,-0.000019
8,70,-195.094194,-0.000048
8,71,-195.094203,-0.000019
8,72,-195.094219,-0.000032
8,73,-195.094255,-0.000064
8,74,-195.094170,-0.000027
8,75,-195.094189,-0.000006
8,76,-195.094164,-0.000014
8,77,-195.094145,-0.000001
8,78,-195.094159,-0.000014
8,79,-195.094151,-0.000003
8,80,-195.094188,-0.000001
8,81,-195.094179,-0.000029
8,82,-195.094188,-0.000043
8,83,-195.094173,-0.000021
8,84,-195.094167,-0.000013
8,85,-195.094171,-0.000020
8,86,-195.094165,-0.000012
8,87,-195.094159,-0.000010
8,88,-195.094158,-0.000008
8,89,-195.094178,-0.000029
8,90,-195.094161,-0.000015
8,91,-195.094167,-0.000017
8,92,-195.094155,-0.000006
8,93,-195.094187,-0.000019
8,94,-195.094152,-0.000007
8,95,-195.094161,-0.000012
8,96,-195.094173,-0.000006
8,97,-195.094156,-0.000004
8,98,-195.094159,-0.000001
8,99,-195.094157,-0.000010
8,100,-195.094170,-0.000026
8,101,-195.094156,-0.000004
8,102,-195.094155,-0.000002
8,103,-195.094165,-0.000022
8,104,-195.094145,-0.000001
8,105,-195.094159,-0.000016
8,106,-195.094150,-0.000003
8,107,-195.094149,-0.000004
8,108,-195.094154,-0.000008
8,109,-195.094144,-0.000000
8,110,-195.094175,-0.000033
8,111,-195.094166,-0.000021
8,112,-195.094145,-0.000001
8,113,-195.094160,-0.000016
8,114,-195.094157,-0.000014
8,115,-195.094166,-0.000019
8,116,-195.094149,-0.000006
8,117,-195.094155,-0.000012
8,118,-195.094144,-0.000000
8,119,-195.094144,-0.000000
9,10,-195.094229,-0.000009
9,11,-195.094166,0.000000
9,12,-195.094231,0.000011
9,13,-195.094284,0.000002
9,14,-195.094263,0.000003
9,15,-195.094246,-0.000002
9,16,-195.094193,0.000003
9,17,-195.094176,0.000008
9,18,-195.097276,0.000014
9,21,-195.094390,-0.000084
9,22,-195.094491,-0.000254
9,23,-195.094443,-0.000214
9,24,-195.094559,-0.000198
9,25,-195.094327,-0.000069
9,26,-195.094813,-0.000187
9,27,-195.094218,-0.000057
9,28,-195.094199,-0.000026
9,29,-195.094314,-0.000093
9,30,-195.094477,-0.000055
9,31,-195.094206,-0.000028
9,32,-195.094241,-0.000010
9,33,-195.094275,-0.000068
9,34,-195.094323,-0.000161
9,35,-195.094229,-0.000056
9,36,-195.094205,-0.000016
9,37,-195.094253,-0.000091
9,38,-195.094194,-0.000016
9,39,-195.094539,-0.000212
9,40,-195.094840,-0.000092
9,41,-195.094572,-0.000041
9,42,-195.094635,-0.000191
9,43,-195.094551,-0.000112
9,44,-195.094477,-0.000082
9,45,-195.094355,-0.000059
9,46,-195.094967,-0.000054
9,47,-195.094226,-0.000025
9,48,-195.094181,-0.000010
9,49,-195.094187,-0.000007
9,50,-195.094167,-0.000004
9,51,-195.094190,-0.000019
9,52,-195.094225,-0.000024
9,53,-195.094206,-0.000019
9,54,-195.094228,-0.000070
9,55,-195.094296,-0.000011
9,56,-195.094242,-0.000068
9,57,-195.094566,-0.000402
9,58,-195.094230,-0.000060
9,59,-195.094338,-0.000150
9,60,-195.094291,-0.000054
9,61,-195.094330,-0.000058
9,62,-195.094224,-0.000032
9,63,-195.094228,-0.000064
9,64,-195.094357,-0.000068
9,65,-195.094281,-0.000085
9,66,-195.094204,-0.000035
9,67,-195.094192,-0.000027
9,68,-195.094189,-0.000012
9,69,-195.094180,-0.000022
9,70,-195.094164,-0.000008
9,71,-195.094239,-0.000045
9,72,-195.094277,-0.000080
9,73,-195.094224,-0.000023
9,74,-195.094154,-0.000001
9,75,-195.094267,-0.000075
9,76,-195.094184,-0.000024
9,77,-195.094197,-0.000044
9,78,-195.094169,-0.000014
9,79,-195.094194,-0.000036
9,80,-195.094265,-0.000068
9,81,-195.094169,-0.000009
9,82,-195.094159,-0.000004
9,83,-195.094170,-0.000009
9,84,-195.094170,-0.000006
9,85,-195.094169,-0.000009
9,86,-195.094180,-0.000017
9,87,-195.094207,-0.000049
9,88,-195.094181,-0.000022
9,89,-195.094160,-0.000001
9,90,-195.094162,-0.000007
9,91,-195.094167,-0.000007
9,92,-195.094166,-0.000008
9,93,-195.094191,-0.000014
9,94,-195.094166,-0.000010
9,95,-195.094167,-0.000009
9,96,-195.094197,-0.000020
9,97,-195.094180,-0.000018
9,98,-195.094192,-0.000025
9,99,-195.094160,-0.000004
9,100,-195.094153,-0.000000
9,101,-195.094172,-0.000011
9,102,-195.094174,-0.000012
9,103,-195.094154,-0.000000
9,104,-195.094198,-0.000045
9,105,-195.094153,-0.000001
9,106,-195.094167,-0.000010
9,107,-195.094176,-0.000021
9,108,-195.094164,-0.000009
9,109,-195.094185,-0.000032
9,110,-195.094152,-0.000000
9,111,-195.094161,-0.000007
9,112,-195.094177,-0.000024
9,113,-195.094155,-0.000002
9,114,-195.094154,-0.000001
9,115,-195.094157,-0.000001
9,116,-195.094158,-0.000005
9,117,-195.094156,-0.000003
9,118,-195.094177,-0.000024
9,119,-195.094175,-0.000022
10,11,-195.094044,-0.000001
10,12,-195.094116,0.000002
10,13,-195.094161,0.000001
10,14,-195.094137,0.000005
10,15,-195.094119,0.000001
10,16,-195.094070,0.000002
10,17,-195.094058,0.000001
10,18,-195.097145,0.000021
10,21,-195.094217,-0.000035
10,22,-195.094255,-0.000143
10,23,-195.094123,-0.000018
10,24,-195.094323,-0.000087
10,25,-195.094282,-0.000148
10,26,-195.094522,-0.000019
10,27,-195.094083,-0.000047
10,28,-195.094109,-0.000060
10,29,-195.094215,-0.000118
10,30,-195.094329,-0.000031
10,31,-195.094145,-0.000091
10,32,-195.094133,-0.000027
10,33,-195.094248,-0.000166
10,34,-195.094175,-0.000137
10,35,-195.094121,-0.000073
10,36,-195.094117,-0.000052
10,37,-195.094201,-0.000163
10,38,-195.094084,-0.000030
10,39,-195.094294,-0.000091
10,40,-195.094692,-0.000068
10,41,-195.094432,-0.000025
10,42,-195.094392,-0.000072
10,43,-195.094382,-0.000067
10,44,-195.094370,-0.000099
10,45,-195.094247,-0.000075
10,46,-195.094814,-0.000025
10,47,-195.094154,-0.000076
10,48,-195.094081,-0.000034
10,49,-195.094077,-0.000021
10,50,-195.094083,-0.000045
10,51,-195.094140,-0.000093
10,52,-195.094158,-0.000081
10,53,-195.094076,-0.000013
10,54,-195.094308,-0.000274
10,55,-195.094192,-0.000031
10,56,-195.094127,-0.000078
10,57,-195.094263,-0.000223
10,58,-195.094064,-0.000018
10,59,-195.094105,-0.000040
10,60,-195.094130,-0.000017
10,61,-195.094291,-0.000144
10,62,-195.094094,-0.000027
10,63,-195.094121,-0.000081
10,64,-195.094216,-0.000051
10,65,-195.094113,-0.000041
10,66,-195.094060,-0.000015
10,67,-195.094079,-0.000037
10,68,-195.094063,-0.000009
10,69,-195.094073,-0.000039
10,70,-195.094060,-0.000028
10,71,-195.094095,-0.000025
10,72,-195.094094,-0.000021
10,73,-195.094102,-0.000025
10,74,-195.094029,-0.000001
10,75,-195.094099,-0.000031
10,76,-195.094056,-0.000021
10,77,-195.094109,-0.000079
10,78,-195.094045,-0.000014
10,79,-195.094088,-0.000053
10,80,-195.094098,-0.000025
10,81,-195.094042,-0.000006
10,82,-195.094033,-0.000002
10,83,-195.094040,-0.000003
10,84,-195.094046,-0.000006
10,85,-195.094041,-0.000005
10,86,-195.094053,-0.000014
10,87,-195.094056,-0.000021
10,88,-195.094051,-0.000016
10,89,-195.094039,-0.000005
10,90,-195.094038,-0.000007
10,91,-195.094043,-0.000008
10,92,-195.094045,-0.000011
10,93,-195.094073,-0.000020
10,94,-195.094041,-0.000010
10,95,-195.094042,-0.000007
10,96,-195.094066,-0.000014
10,97,-195.094047,-0.000009
10,98,-195.094073,-0.000030
10,99,-195.094036,-0.000004
10,100,-195.094030,-0.000000
10,101,-195.094047,-0.000010
10,102,-195.094052,-0.000014
10,103,-195.094030,-0.000001
10,104,-195.094038,-0.000009
10,105,-195.094030,-0.000002
10,106,-195.094041,-0.000008
10,107,-195.094046,-0.000015
10,108,-195.094036,-0.000005
10,109,-195.094041,-0.000013
10,110,-195.094028,-0.000000
10,111,-195.094040,-0.000010
10,112,-195.094083,-0.000053
10,113,-195.094032,-0.000002
10,114,-195.094032,-0.000003
10,115,-195.094036,-0.000003
10,116,-195.094033,-0.000005
10,117,-195.094033,-0.000004
10,118,-195.094040,-0.000011
10,119,-195.094064,-0.000035
11,12,-195.094066,-0.000001
11,13,-195.094109,0.000000
11,14,-195.094090,-0.000002
11,15,-195.094066,0.000001
11,16,-195.094022,-0.000004
11,17,-195.094009,-0.000002
11,18,-195.097117,-0.000005
11,21,-195.094162,-0.000034
11,22,-195.094101,-0.000042
11,23,-195.094153,-0.000101
11,24,-195.094254,-0.000071
11,25,-195.094108,-0.000028
11,26,-195.094489,-0.000040
11,27,-195.094230,-0.000247
11,28,-195.094134,-0.000139
11,29,-195.094215,-0.000172
11,30,-195.094292,-0.000048
11,31,-195.094059,-0.000059
11,32,-195.094103,-0.000050
11,33,-195.094065,-0.000035
11,34,-195.093991,-0.000006
11,35,-195.094039,-0.000044
11,36,-195.094195,-0.000182
11,37,-195.094076,-0.000091
11,38,-195.094104,-0.000103
11,39,-195.094173,-0.000024
11,40,-195.094631,-0.000061
11,41,-195.094374,-0.000021
11,42,-195.094317,-0.000051
11,43,-195.094301,-0.000039
11,44,-195.094225,-0.000008
11,45,-195.094136,-0.000018
11,46,-195.094743,-0.000007
11,47,-195.094108,-0.000084
11,48,-195.094045,-0.000052
11,49,-195.094213,-0.000211
11,50,-195.094157,-0.000173
11,51,-195.094030,-0.000036
11,52,-195.094146,-0.000122
11,53,-195.094079,-0.000069
11,54,-195.094058,-0.000077
11,55,-195.094174,-0.000067
11,56,-195.094053,-0.000056
11,57,-195.093991,-0.000004
11,58,-195.094052,-0.000060
11,59,-195.094035,-0.000025
11,60,-195.094094,-0.000034
11,61,-195.094108,-0.000014
11,62,-195.094030,-0.000016
11,63,-195.093995,-0.000008
11,64,-195.094115,-0.000004
11,65,-195.094038,-0.000019
11,66,-195.094048,-0.000056
11,67,-195.093998,-0.000010
11,68,-195.094017,-0.000016
11,69,-195.094010,-0.000030
11,70,-195.094053,-0.000075
11,71,-195.094021,-0.000005
11,72,-195.094038,-0.000019
11,73,-195.094039,-0.000016
11,74,-195.094018,-0.000043
11,75,-195.094020,-0.000005
11,76,-195.093989,-0.000007
11,77,-195.093983,-0.000007
11,78,-195.093995,-0.000017
11,79,-195.093986,-0.000005
11,80,-195.094021,-0.000002
11,81,-195.094008,-0.000025
11,82,-195.094018,-0.000040
11,83,-195.094008,-0.000024
11,84,-195.094007,-0.000021
11,85,-195.094017,-0.000035
11,86,-195.093997,-0.000012
11,87,-195.093990,-0.000008
11,88,-195.093991,-0.000009
11,89,-195.094015,-0.000034
11,90,-195.093992,-0.000014
11,91,-195.093994,-0.000013
11,92,-195.093988,-0.000008
11,93,-195.094004,-0.000004
11,94,-195.093983,-0.000006
11,95,-195.093991,-0.000010
11,96,-195.094003,-0.000004
11,97,-195.093990,-0.000006
11,98,-195.093993,-0.000004
11,99,-195.093985,-0.000007
11,100,-195.093985,-0.000009
11,101,-195.093995,-0.000012
11,102,-195.093990,-0.000004
11,103,-195.093999,-0.000023
11,104,-195.093979,-0.000004
11,105,-195.094010,-0.000035
11,106,-195.093981,-0.000002
11,107,-195.093980,-0.000003
11,108,-195.093981,-0.000004
11,109,-195.093977,-0.000001
11,110,-195.093989,-0.000015
11,111,-195.093985,-0.000008
11,112,-195.093980,-0.000004
11,113,-195.093983,-0.000007
11,114,-195.094002,-0.000027
11,115,-195.093992,-0.000013
11,116,-195.093986,-0.000011
11,117,-195.094001,-0.000025
11,118,-195.093977,-0.000001
11,119,-195.093979,-0.000004
12,13,-195.094180,0.000005
12,14,-195.094168,-0.000003
12,15,-195.094148,-0.000005
12,16,-195.094093,0.000002
12,17,-195.094080,0.000003
12,18,-195.097193,-0.000005
12,21,-195.094218,-0.000013
12,22,-195.094184,-0.000049
12,23,-195.094318,-0.000190
12,24,-195.094282,-0.000023
12,25,-195.094188,-0.000031
12,26,-195.094635,-0.000109
12,27,-195.094128,-0.000069
12,28,-195.094161,-0.000090
12,29,-195.094186,-0.000066
12,30,-195.094344,-0.000024
12,31,-195.094135,-0.000058
12,32,-195.094156,-0.000026
12,33,-195.094284,-0.000178
12,34,-195.094609,-0.000548
12,35,-195.094242,-0.000170
12,36,-195.094126,-0.000038
12,37,-195.094150,-0.000089
12,38,-195.094189,-0.000113
12,39,-195.094324,-0.000099
12,40,-195.094721,-0.000075
12,41,-195.094460,-0.000031
12,42,-195.094481,-0.000139
12,43,-195.094497,-0.000159
12,44,-195.094433,-0.000139
12,45,-195.094332,-0.000137
12,46,-195.094836,-0.000024
12,47,-195.094135,-0.000035
12,48,-195.094094,-0.000024
12,49,-195.094092,-0.000013
12,50,-195.094088,-0.000027
12,51,-195.094215,-0.000145
12,52,-195.094169,-0.000069
12,53,-195.094098,-0.000012
12,54,-195.094082,-0.000025
12,55,-195.094201,-0.000017
12,56,-195.094115,-0.000042
12,57,-195.095135,-0.001071
12,58,-195.094095,-0.000027
12,59,-195.094147,-0.000060
12,60,-195.094205,-0.000069
12,61,-195.094199,-0.000028
12,62,-195.094222,-0.000132
12,63,-195.094088,-0.000025
12,64,-195.094296,-0.000108
12,65,-195.094157,-0.000062
12,66,-195.094089,-0.000021
12,67,-195.094094,-0.000030
12,68,-195.094084,-0.000007
12,69,-195.094068,-0.000011
12,70,-195.094059,-0.000004
12,71,-195.094111,-0.000018
12,72,-195.094107,-0.000011
12,73,-195.094112,-0.000013
12,74,-195.094056,-0.000004
12,75,-195.094118,-0.000027
12,76,-195.094109,-0.000050
12,77,-195.094112,-0.000059
12,78,-195.094064,-0.000010
12,79,-195.094087,-0.000029
12,80,-195.094155,-0.000060
12,81,-195.094067,-0.000008
12,82,-195.094059,-0.000005
12,83,-195.094068,-0.000009
12,84,-195.094078,-0.000015
12,85,-195.094071,-0.000012
12,86,-195.094084,-0.000022
12,87,-195.094082,-0.000025
12,88,-195.094061,-0.000003
12,89,-195.094060,-0.000003
12,90,-195.094063,-0.000009
12,91,-195.094066,-0.000008
12,92,-195.094069,-0.000013
12,93,-195.094085,-0.000009
12,94,-195.094066,-0.000012
12,95,-195.094068,-0.000010
12,96,-195.094105,-0.000029
12,97,-195.094087,-0.000027
12,98,-195.094104,-0.000038
12,99,-195.094064,-0.000008
12,100,-195.094054,-0.000002
12,101,-195.094065,-0.000005
12,102,-195.094065,-0.000004
12,103,-195.094053,-0.000001
12,104,-195.094093,-0.000041
12,105,-195.094053,-0.000002
12,106,-195.094069,-0.000013
12,107,-195.094077,-0.000024
12,108,-195.094061,-0.000008
12,109,-195.094090,-0.000038
12,110,-195.094053,-0.000002
12,111,-195.094058,-0.000005
12,112,-195.094057,-0.000004
12,113,-195.094056,-0.000004
12,114,-195.094053,-0.000001
12,115,-195.094056,-0.000001
12,116,-195.094058,-0.000007
12,117,-195.094055,-0.000003
12,118,-195.094092,-0.000040
12,119,-195.094067,-0.000015
13,14,-195.094210,-0.000001
13,15,-195.094184,0.000003
13,16,-195.094140,-0.000001
13,17,-195.094127,-0.000000
13,18,-195.097304,-0.000071
13,21,-195.094341,-0.000092
13,22,-195.094224,-0.000045
13,23,-195.094200,-0.000028
13,24,-195.094361,-0.000057
13,25,-195.094254,-0.000053
13,26,-195.095264,-0.000695
13,27,-195.094181,-0.000077
13,28,-195.094127,-0.000011
13,29,-195.094233,-0.000069
13,30,-195.094655,-0.000291
13,31,-195.094167,-0.000046
13,32,-195.094328,-0.000155
13,33,-195.094192,-0.000042
13,34,-195.094140,-0.000035
13,35,-195.094202,-0.000087
13,36,-195.094198,-0.000066
13,37,-195.094174,-0.000069
13,38,-195.094172,-0.000051
13,39,-195.094471,-0.000201
13,40,-195.094715,-0.000024
13,41,-195.094535,-0.000061
13,42,-195.094490,-0.000103
13,43,-195.094504,-0.000122
13,44,-195.094370,-0.000032
13,45,-195.094317,-0.000079
13,46,-195.094882,-0.000025
13,47,-195.094155,-0.000010
13,48,-195.094284,-0.000170
13,49,-195.094185,-0.000062
13,50,-195.094289,-0.000184
13,51,-195.094271,-0.000156
13,52,-195.094160,-0.000016
13,53,-195.094279,-0.000149
13,54,-195.094166,-0.000065
13,55,-195.094264,-0.000036
13,56,-195.094166,-0.000049
13,57,-195.094129,-0.000022
13,58,-195.094175,-0.000062
13,59,-195.094166,-0.000035
13,60,-195.094264,-0.000084
13,61,-195.094244,-0.000029
13,62,-195.094158,-0.000024
13,63,-195.094112,-0.000004
13,64,-195.094257,-0.000026
13,65,-195.094153,-0.000014
13,66,-195.094123,-0.000010
13,67,-195.094114,-0.000006
13,68,-195.094143,-0.000022
13,69,-195.094115,-0.000014
13,70,-195.094115,-0.000016
13,71,-195.094168,-0.000032
13,72,-195.094186,-0.000046
13,73,-195.094160,-0.000016
13,74,-195.094260,-0.000164
13,75,-195.094145,-0.000010
13,76,-195.094115,-0.000012
13,77,-195.094108,-0.000012
13,78,-195.094101,-0.000004
13,79,-195.094104,-0.000003
13,80,-195.094142,-0.000003
13,81,-195.094141,-0.000038
13,82,-195.094147,-0.000049
13,83,-195.094163,-0.000059
13,84,-195.094122,-0.000015
13,85,-195.094111,-0.000008
13,86,-195.094124,-0.000018
13,87,-195.094108,-0.000006
13,88,-195.094111,-0.000009
13,89,-195.094122,-0.000020
13,90,-195.094150,-0.000051
13,91,-195.094108,-0.000006
13,92,-195.094105,-0.000004
13,93,-195.094125,-0.000004
13,94,-195.094104,-0.000006
13,95,-195.094108,-0.000007
13,96,-195.094121,-0.000002
13,97,-195.094110,-0.000005
13,98,-195.094112,-0.000002
13,99,-195.094103,-0.000004
13,100,-195.094134,-0.000037
13,101,-195.094110,-0.000006
13,102,-195.094107,-0.000002
13,103,-195.094115,-0.000018
13,104,-195.094099,-0.000003
13,105,-195.094107,-0.000012
13,106,-195.094104,-0.000004
13,107,-195.094102,-0.000004
13,108,-195.094109,-0.000011
13,109,-195.094098,-0.000002
13,110,-195.094177,-0.000082
13,111,-195.094100,-0.000003
13,112,-195.094099,-0.000003
13,113,-195.094124,-0.000028
13,114,-195.094101,-0.000005
13,115,-195.094130,-0.000031
13,116,-195.094100,-0.000005
13,117,-195.094098,-0.000003
13,118,-195.094098,-0.000002
13,119,-195.094098,-0.000002
14,15,-195.094166,0.000000
14,16,-195.094133,-0.000015
14,17,-195.094104,0.000002
14,18,-195.097451,-0.000239
14,21,-195.094283,-0.000055
14,22,-195.094248,-0.000090
14,23,-195.094202,-0.000050
14,24,-195.094465,-0.000182
14,25,-195.094231,-0.000051
14,26,-195.094963,-0.000414
14,27,-195.094106,-0.000023
14,28,-195.094194,-0.000099
14,29,-195.094259,-0.000115
14,30,-195.094615,-0.000272
14,31,-195.094171,-0.000071
14,32,-195.094231,-0.000078
14,33,-195.094285,-0.000156
14,34,-195.094154,-0.000070
14,35,-195.094164,-0.000069
14,36,-195.094224,-0.000112
14,37,-195.094170,-0.000085
14,38,-195.094246,-0.000146
14,39,-195.094330,-0.000081
14,40,-195.094816,-0.000146
14,41,-195.094481,-0.000028
14,42,-195.094452,-0.000086
14,43,-195.094430,-0.000069
14,44,-195.094482,-0.000165
14,45,-195.094347,-0.000129
14,46,-195.095074,-0.000239
14,47,-195.094393,-0.000270
14,48,-195.094186,-0.000093
14,49,-195.094143,-0.000041
14,50,-195.094170,-0.000086
14,51,-195.094132,-0.000038
14,52,-195.094166,-0.000043
14,53,-195.094134,-0.000024
14,54,-195.094177,-0.000097
14,55,-195.094248,-0.000042
14,56,-195.094184,-0.000088
14,57,-195.094218,-0.000131
14,58,-195.094164,-0.000072
14,59,-195.094162,-0.000052
14,60,-195.094204,-0.000044
14,61,-195.094238,-0.000044
14,62,-195.094146,-0.000032
14,63,-195.094110,-0.000024
14,64,-195.094266,-0.000055
14,65,-195.094148,-0.000030
14,66,-195.094122,-0.000030
14,67,-195.094107,-0.000019
14,68,-195.094123,-0.000023
14,69,-195.094130,-0.000050
14,70,-195.094104,-0.000025
14,71,-195.094150,-0.000034
14,72,-195.094131,-0.000012
14,73,-195.094137,-0.000014
14,74,-195.094083,-0.000008
14,75,-195.094152,-0.000038
14,76,-195.094101,-0.000019
14,77,-195.094102,-0.000026
14,78,-195.094101,-0.000024
14,79,-195.094121,-0.000041
14,80,-195.094135,-0.000016
14,81,-195.094095,-0.000013
14,82,-195.094088,-0.000011
14,83,-195.094096,-0.000012
14,84,-195.094098,-0.000012
14,85,-195.094092,-0.000010
14,86,-195.094096,-0.000011
14,87,-195.094101,-0.000020
14,88,-195.094093,-0.000012
14,89,-195.094085,-0.000004
14,90,-195.094088,-0.000010
14,91,-195.094093,-0.000012
14,92,-195.094103,-0.000023
14,93,-195.094135,-0.000036
14,94,-195.094097,-0.000020
14,95,-195.094092,-0.000012
14,96,-195.094109,-0.000010
14,97,-195.094096,-0.000012
14,98,-195.094099,-0.000010
14,99,-195.094094,-0.000015
14,100,-195.094080,-0.000004
14,101,-195.094099,-0.000016
14,102,-195.094096,-0.000011
14,103,-195.094078,-0.000003
14,104,-195.094078,-0.000003
14,105,-195.094077,-0.000003
14,106,-195.094094,-0.000015
14,107,-195.094086,-0.000008
14,108,-195.094086,-0.000009
14,109,-195.094095,-0.000020
14,110,-195.094079,-0.000004
14,111,-195.094105,-0.000028
14,112,-195.094088,-0.000012
14,113,-195.094085,-0.000009
14,114,-195.094084,-0.000009
14,115,-195.094086,-0.000008
14,116,-195.094088,-0.000013
14,117,-195.094080,-0.000005
14,118,-195.094080,-0.000005
14,119,-195.094085,-0.000010
15,16,-195.094098,-0.000001
15,17,-195.094083,0.000001
15,18,-195.097222,-0.000032
15,21,-195.094293,-0.000086
15,22,-195.094184,-0.000047
15,23,-195.094141,-0.000011
15,24,-195.094363,-0.000102
15,25,-195.094175,-0.000016
15,26,-195.094642,-0.000115
15,27,-195.094117,-0.000056
15,28,-195.094105,-0.000032
15,29,-195.094137,-0.000015
15,30,-195.094397,-0.000075
15,31,-195.094108,-0.000029
15,32,-195.094866,-0.000735
15,33,-195.094211,-0.000104
15,34,-195.094187,-0.000124
15,35,-195.094236,-0.000163
15,36,-195.094274,-0.000183
15,37,-195.094240,-0.000177
15,38,-195.094297,-0.000219
15,39,-195.094276,-0.000049
15,40,-195.094677,-0.000029
15,41,-195.094446,-0.000015
15,42,-195.094418,-0.000074
15,43,-195.094387,-0.000047
15,44,-195.094414,-0.000119
15,45,-195.094288,-0.000091
15,46,-195.094933,-0.000119
15,47,-195.094145,-0.000043
15,48,-195.094250,-0.000178
15,49,-195.094235,-0.000154
15,50,-195.094112,-0.000049
15,51,-195.094134,-0.000062
15,52,-195.094143,-0.000041
15,53,-195.094311,-0.000223
15,54,-195.094079,-0.000021
15,55,-195.094220,-0.000035
15,56,-195.094180,-0.000105
15,57,-195.094187,-0.000122
15,58,-195.094130,-0.000060
15,59,-195.094131,-0.000042
15,60,-195.094267,-0.000130
15,61,-195.094210,-0.000038
15,62,-195.094123,-0.000031
15,63,-195.094068,-0.000004
15,64,-195.094219,-0.000030
15,65,-195.094111,-0.000014
15,66,-195.094094,-0.000024
15,67,-195.094076,-0.000010
15,68,-195.094093,-0.000014
15,69,-195.094078,-0.000020
15,70,-195.094092,-0.000035
15,71,-195.094116,-0.000021
15,72,-195.094121,-0.000023
15,73,-195.094110,-0.000010
15,74,-195.094068,-0.000014
15,75,-195.094108,-0.000015
15,76,-195.094066,-0.000006
15,77,-195.094055,-0.000001
15,78,-195.094065,-0.000010
15,79,-195.094063,-0.000004
15,80,-195.094105,-0.000008
15,81,-195.094107,-0.000047
15,82,-195.094118,-0.000063
15,83,-195.094073,-0.000011
15,84,-195.094097,-0.000032
15,85,-195.094117,-0.000056
15,86,-195.094079,-0.000015
15,87,-195.094070,-0.000011
15,88,-195.094066,-0.000006
15,89,-195.094076,-0.000017
15,90,-195.094075,-0.000018
15,91,-195.094087,-0.000027
15,92,-195.094072,-0.000014
15,93,-195.094091,-0.000013
15,94,-195.094065,-0.000010
15,95,-195.094075,-0.000016
15,96,-195.094081,-0.000004
15,97,-195.094071,-0.000008
15,98,-195.094073,-0.000006
15,99,-195.094076,-0.000019
15,100,-195.094109,-0.000055
15,101,-195.094068,-0.000006
15,102,-195.094065,-0.000002
15,103,-195.094075,-0.000021
15,104,-195.094057,-0.000004
15,105,-195.094069,-0.000016
15,106,-195.094063,-0.000005
15,107,-195.094062,-0.000006
15,108,-195.094067,-0.000011
15,109,-195.094057,-0.000004
15,110,-195.094071,-0.000018
15,111,-195.094067,-0.000012
15,112,-195.094056,-0.000002
15,113,-195.094066,-0.000012
15,114,-195.094066,-0.000013
15,115,-195.094069,-0.000012
15,116,-195.094057,-0.000004
15,117,-195.094059,-0.000006
15,118,-195.094057,-0.000003
15,119,-195.094055,-0.000001
16,17,-195.094044,-0.000008
16,18,-195.097139,0.000003
16,21,-195.094179,-0.000020
16,22,-195.094109,-0.000021
16,23,-195.094100,-0.000019
16,24,-195.094258,-0.000045
16,25,-195.094159,-0.000049
16,26,-195.094519,-0.000040
16,27,-195.094080,-0.000067
16,28,-195.094213,-0.000188
16,29,-195.094111,-0.000038
16,30,-195.094334,-0.000060
16,31,-195.094142,-0.000112
16,32,-195.094144,-0.000061
16,33,-195.094150,-0.000091
16,34,-195.094084,-0.000070
16,35,-195.094073,-0.000048
16,36,-195.094289,-0.000247
16,37,-195.094297,-0.000283
16,38,-195.094118,-0.000088
16,39,-195.094251,-0.000072
16,40,-195.094704,-0.000104
16,41,-195.094407,-0.000025
16,42,-195.094400,-0.000104
16,43,-195.094350,-0.000059
16,44,-195.094277,-0.000030
16,45,-195.094188,-0.000040
16,46,-195.094789,-0.000024
16,47,-195.094127,-0.000074
16,48,-195.094070,-0.000047
16,49,-195.094129,-0.000097
16,50,-195.094126,-0.000112
16,51,-195.094179,-0.000155
16,52,-195.094178,-0.000125
16,53,-195.094094,-0.000054
16,54,-195.094105,-0.000095
16,55,-195.094208,-0.000071
16,56,-195.094056,-0.000029
16,57,-195.094026,-0.000009
16,58,-195.094075,-0.000054
16,59,-195.094074,-0.000034
16,60,-195.094135,-0.000046
16,61,-195.094147,-0.000023
16,62,-195.094060,-0.000016
16,63,-195.094036,-0.000020
16,64,-195.094152,-0.000011
16,65,-195.094097,-0.000049
16,66,-195.094067,-0.000046
16,67,-195.094033,-0.000015
16,68,-195.094043,-0.000013
16,69,-195.094046,-0.000036
16,70,-195.094073,-0.000065
16,71,-195.094055,-0.000009
16,72,-195.094063,-0.000014
16,73,-195.094067,-0.000015
16,74,-195.094043,-0.000038
16,75,-195.094057,-0.000013
16,76,-195.094025,-0.000013
16,77,-195.094042,-0.000036
16,78,-195.094038,-0.000031
16,79,-195.094047,-0.000036
16,80,-195.094066,-0.000018
16,81,-195.094033,-0.000021
16,82,-195.094034,-0.000027
16,83,-195.094038,-0.000025
16,84,-195.094038,-0.000022
16,85,-195.094040,-0.000028
16,86,-195.094046,-0.000031
16,87,-195.094022,-0.000011
16,88,-195.094024,-0.000012
16,89,-195.094036,-0.000025
16,90,-195.094026,-0.000018
16,91,-195.094025,-0.000013
16,92,-195.094021,-0.000010
16,93,-195.094035,-0.000006
16,94,-195.094019,-0.000011
16,95,-195.094022,-0.000011
16,96,-195.094042,-0.000013
16,97,-195.094023,-0.000009
16,98,-195.094025,-0.000006
16,99,-195.094017,-0.000008
16,100,-195.094014,-0.000008
16,101,-195.094023,-0.000010
16,102,-195.094024,-0.000009
16,103,-195.094023,-0.000017
16,104,-195.094018,-0.000013
16,105,-195.094031,-0.000027
16,106,-195.094014,-0.000005
16,107,-195.094013,-0.000006
16,108,-195.094013,-0.000006
16,109,-195.094013,-0.000008
16,110,-195.094017,-0.000013
16,111,-195.094015,-0.000008
16,112,-195.094020,-0.000014
16,113,-195.094014,-0.000008
16,114,-195.094024,-0.000019
16,115,-195.094016,-0.000008
16,116,-195.094018,-0.000013
16,117,-195.094026,-0.000021
16,118,-195.094012,-0.000006
16,119,-195.094011,-0.000006
17,18,-195.097134,-0.000004
17,21,-195.094163,-0.000017
17,22,-195.094116,-0.000039
17,23,-195.094176,-0.000106
17,24,-195.094218,-0.000017
17,25,-195.094133,-0.000034
17,26,-195.094486,-0.000019
17,27,-195.094035,-0.000034
17,28,-195.094118,-0.000105
17,29,-195.094132,-0.000071
17,30,-195.094297,-0.000035
17,31,-195.094082,-0.000063
17,32,-195.094110,-0.000039
17,33,-195.094204,-0.000157
17,34,-195.094148,-0.000145
17,35,-195.094111,-0.000098
17,36,-195.094222,-0.000192
17,37,-195.094256,-0.000254
17,38,-195.094047,-0.000029
17,39,-195.094267,-0.000100
17,40,-195.094662,-0.000074
17,41,-195.094409,-0.000039
17,42,-195.094356,-0.000072
17,43,-195.094336,-0.000057
17,44,-195.094356,-0.000121
17,45,-195.094186,-0.000050
17,46,-195.094766,-0.000013
17,47,-195.094181,-0.000139
17,48,-195.094060,-0.000048
17,49,-195.094059,-0.000039
17,50,-195.094032,-0.000030
17,51,-195.094054,-0.000042
17,52,-195.094200,-0.000159
17,53,-195.094065,-0.000038
17,54,-195.094121,-0.000122
17,55,-195.094168,-0.000043
17,56,-195.094081,-0.000067
17,57,-195.094033,-0.000028
17,58,-195.094043,-0.000033
17,59,-195.094051,-0.000022
17,60,-195.094127,-0.000049
17,61,-195.094133,-0.000021
17,62,-195.094048,-0.000016
17,63,-195.094046,-0.000042
17,64,-195.094146,-0.000017
17,65,-195.094099,-0.000063
17,66,-195.094085,-0.000075
17,67,-195.094032,-0.000026
17,68,-195.094027,-0.000008
17,69,-195.094034,-0.000036
17,70,-195.094031,-0.000034
17,71,-195.094045,-0.000011
17,72,-195.094049,-0.000012
17,73,-195.094053,-0.000013
17,74,-195.094001,-0.000008
17,75,-195.094050,-0.000018
17,76,-195.094017,-0.000017
17,77,-195.094045,-0.000052
17,78,-195.094035,-0.000039
17,79,-195.094054,-0.000055
17,80,-195.094076,-0.000040
17,81,-195.094013,-0.000012
17,82,-195.094006,-0.000010
17,83,-195.094013,-0.000012
17,84,-195.094022,-0.000018
17,85,-195.094030,-0.000030
17,86,-195.094035,-0.000031
17,87,-195.094014,-0.000014
17,88,-195.094013,-0.000014
17,89,-195.094015,-0.000016
17,90,-195.094014,-0.000018
17,91,-195.094012,-0.000012
17,92,-195.094011,-0.000013
17,93,-195.094027,-0.000009
17,94,-195.094015,-0.000020
17,95,-195.094012,-0.000014
17,96,-195.094036,-0.000019
17,97,-195.094010,-0.000008
17,98,-195.094015,-0.000008
17,99,-195.094006,-0.000009
17,100,-195.093996,-0.000002
17,101,-195.094010,-0.000009
17,102,-195.094012,-0.000009
17,103,-195.093999,-0.000005
17,104,-195.094027,-0.000034
17,105,-195.094002,-0.000010
17,106,-195.094005,-0.000008
17,107,-195.094004,-0.000009
17,108,-195.094001,-0.000006
17,109,-195.094011,-0.000018
17,110,-195.093995,-0.000003
17,111,-195.094002,-0.000008
17,112,-195.094021,-0.000027
17,113,-195.093999,-0.000006
17,114,-195.094000,-0.000006
17,115,-195.094000,-0.000003
17,116,-195.094004,-0.000011
17,117,-195.094008,-0.000015
17,118,-195.094008,-0.000014
17,119,-195.094007,-0.000014
18,21,-195.097404,-0.000152
18,22,-195.098394,-0.001212
18,23,-195.097806,-0.000631
18,24,-195.099919,-0.002612
18,25,-195.097287,-0.000083
18,26,-195.103105,-0.005532
18,27,-195.097164,-0.000058
18,28,-195.097370,-0.000251
18,29,-195.097425,-0.000258
18,30,-195.100456,-0.003089
18,31,-195.097409,-0.000285
18,32,-195.097425,-0.000249
18,33,-195.097250,-0.000097
18,34,-195.097142,-0.000034
18,35,-195.097308,-0.000189
18,36,-195.097255,-0.000119
18,37,-195.097159,-0.000051
18,38,-195.097399,-0.000275
18,39,-195.097633,-0.000360
18,40,-195.098058,-0.000365
18,41,-195.098308,-0.000832
18,42,-195.097706,-0.000316
18,43,-195.098233,-0.000848
18,44,-195.097668,-0.000327
18,45,-195.097633,-0.000391
18,46,-195.099486,-0.001626
18,47,-195.097191,-0.000043
18,48,-195.097224,-0.000107
18,49,-195.097204,-0.000079
18,50,-195.097132,-0.000024
18,51,-195.097138,-0.000020
18,52,-195.097213,-0.000066
18,53,-195.097216,-0.000083
18,54,-195.097123,-0.000019
18,55,-195.097404,-0.000173
18,56,-195.097230,-0.000110
18,57,-195.097156,-0.000045
18,58,-195.097158,-0.000042
18,59,-195.097188,-0.000054
18,60,-195.097287,-0.000104
18,61,-195.097350,-0.000132
18,62,-195.097162,-0.000025
18,63,-195.097123,-0.000013
18,64,-195.097480,-0.000245
18,65,-195.097198,-0.000056
18,66,-195.097150,-0.000035
18,67,-195.097140,-0.000029
18,68,-195.097199,-0.000075
18,69,-195.097125,-0.000021
18,70,-195.097116,-0.000014
18,71,-195.097225,-0.000086
18,72,-195.097190,-0.000047
18,73,-195.097216,-0.000070
18,74,-195.097106,-0.000007
18,75,-195.097222,-0.000084
18,76,-195.097131,-0.000026
18,77,-195.097107,-0.000008
18,78,-195.097114,-0.000013
18,79,-195.097127,-0.000022
18,80,-195.097192,-0.000050
18,81,-195.097119,-0.000013
18,82,-195.097107,-0.000006
18,83,-195.097117,-0.000010
18,84,-195.097119,-0.000010
18,85,-195.097110,-0.000004
18,86,-195.097118,-0.000009
18,87,-195.097115,-0.000011
18,88,-195.097115,-0.000010
18,89,-195.097119,-0.000014
18,90,-195.097108,-0.000006
18,91,-195.097112,-0.000007
18,92,-195.097119,-0.000015
18,93,-195.097152,-0.000028
18,94,-195.097111,-0.000009
18,95,-195.097113,-0.000009
18,96,-195.097137,-0.000014
18,97,-195.097127,-0.000019
18,98,-195.097133,-0.000020
18,99,-195.097114,-0.000012
18,100,-195.097102,-0.000003
18,101,-195.097116,-0.000009
18,102,-195.097124,-0.000015
18,103,-195.097105,-0.000005
18,104,-195.097101,-0.000002
18,105,-195.097100,-0.000002
18,106,-195.097110,-0.000007
18,107,-195.097104,-0.000003
18,108,-195.097105,-0.000005
18,109,-195.097105,-0.000006
18,110,-195.097101,-0.000003
18,111,-195.097109,-0.000008
18,112,-195.097103,-0.000003
18,113,-195.097105,-0.000005
18,114,-195.097101,-0.000002
18,115,-195.097110,-0.000008
18,116,-195.097104,-0.000005
18,117,-195.097102,-0.000003
18,118,-195.097103,-0.000003
18,119,-195.097102,-0.000003
21,22,-195.094195,0.000004
21,23,-195.094188,0.000004
21,24,-195.094323,0.000000
21,25,-195.094231,-0.000011
21,26,-195.094583,0.000006
21,27,-195.094122,0.000001
21,28,-195.094138,-0.000003
21,29,-195.094188,-0.000005
21,30,-195.094384,0.000000
21,31,-195.094141,-0.000001
21,32,-195.094192,0.000001
21,33,-195.094169,-0.000000
21,34,-195.094124,0.000000
21,35,-195.094135,-0.000000
21,36,-195.094152,0.000000
21,37,-195.094125,-0.000001
21,38,-195.094140,-0.000000
21,39,-195.094286,0.000002
21,40,-195.094708,0.000001
21,41,-195.094492,0.000001
21,42,-195.094404,0.000001
21,43,-195.094401,-0.000000
21,44,-195.094362,-0.000005
21,45,-195.094261,-0.000003
21,46,-195.094881,-0.000006
21,47,-195.094165,-0.000001
21,48,-195.094138,-0.000005
21,49,-195.094141,0.000000
21,50,-195.094124,0.000000
21,51,-195.094134,-0.000000
21,52,-195.094166,-0.000002
21,53,-195.094150,-0.000001
21,54,-195.094120,0.000000
21,55,-195.094251,-0.000004
21,56,-195.094136,0.000001
21,57,-195.094127,0.000000
21,58,-195.094133,-0.000001
21,59,-195.094150,-0.000000
21,60,-195.094199,0.000000
21,61,-195.094234,0.000000
21,62,-195.094153,0.000000
21,63,-195.094126,0.000000
21,64,-195.094250,0.000001
21,65,-195.094158,0.000000
21,66,-195.094131,0.000000
21,67,-195.094127,0.000000
21,68,-195.094141,-0.000000
21,69,-195.094120,-0.000000
21,70,-195.094118,-0.000000
21,71,-195.094159,-0.000003
21,72,-195.094160,-0.000001
21,73,-195.094163,0.000000
21,74,-195.094115,0.000000
21,75,-195.094154,0.000000
21,76,-195.094122,-0.000000
21,77,-195.094116,-0.000000
21,78,-195.094117,0.000000
21,79,-195.094121,0.000000
21,80,-195.094159,-0.000000
21,81,-195.094122,-0.000000
21,82,-195.094117,-0.000000
21,83,-195.094124,-0.000000
21,84,-195.094126,-0.000000
21,85,-195.094122,-0.000000
21,86,-195.094125,-0.000000
21,87,-195.094121,-0.000000
21,88,-195.094121,-0.000000
21,89,-195.094121,0.000000
21,90,-195.094118,-0.000000
21,91,-195.094122,-0.000000
21,92,-195.094120,0.000000
21,93,-195.094140,-0.000000
21,94,-195.094118,-0.000000
21,95,-195.094121,-0.000000
21,96,-195.094139,-0.000000
21,97,-195.094124,0.000000
21,98,-195.094129,0.000000
21,99,-195.094119,-0.000000
21,100,-195.094115,-0.000000
21,101,-195.094123,0.000000
21,102,-195.094125,-0.000000
21,103,-195.094116,-0.000000
21,104,-195.094115,-0.000000
21,105,-195.094114,0.000000
21,106,-195.094119,0.000000
21,107,-195.094117,0.000000
21,108,-195.094117,-0.000000
21,109,-195.094115,0.000000
21,110,-195.094114,0.000000
21,111,-195.094117,-0.000000
21,112,-195.094116,-0.000000
21,113,-195.094116,0.000000
21,114,-195.094115,-0.000000
21,115,-195.094119,-0.000000
21,116,-195.094115,-0.000000
21,117,-195.094115,0.000000
21,118,-195.094116,0.000000
21,119,-195.094115,-0.000000
22,23,-195.094139,-0.000017
22,24,-195.094319,-0.000065
22,25,-195.094153,-0.000002
22,26,-195.094651,-0.000131
22,27,-195.094056,-0.000003
22,28,-195.094068,-0.000003
22,29,-195.094122,-0.000008
22,30,-195.094372,-0.000058
22,31,-195.094078,-0.000007
22,32,-195.094124,-0.000001
22,33,-195.094100,-0.000000
22,34,-195.094055,0.000000
22,35,-195.094069,-0.000003
22,36,-195.094083,-0.000001
22,37,-195.094058,-0.000003
22,38,-195.094073,-0.000002
22,39,-195.094234,-0.000015
22,40,-195.094639,0.000001
22,41,-195.094432,-0.000009
22,42,-195.094345,-0.000009
22,43,-195.094340,-0.000008
22,44,-195.094302,-0.000015
22,45,-195.094188,0.000000
22,46,-195.094828,-0.000022
22,47,-195.094094,0.000000
22,48,-195.094065,-0.000001
22,49,-195.094072,-0.000000
22,50,-195.094055,-0.000000
22,51,-195.094065,-0.000001
22,52,-195.094095,-0.000001
22,53,-195.094082,-0.000002
22,54,-195.094050,0.000000
22,55,-195.094177,-0.000000
22,56,-195.094067,-0.000000
22,57,-195.094059,-0.000002
22,58,-195.094062,0.000000
22,59,-195.094081,0.000000
22,60,-195.094129,0.000000
22,61,-195.094164,0.000000
22,62,-195.094084,-0.000000
22,63,-195.094057,0.000000
22,64,-195.094184,-0.000002
22,65,-195.094089,-0.000000
22,66,-195.094062,-0.000000
22,67,-195.094058,-0.000000
22,68,-195.094070,0.000000
22,69,-195.094051,-0.000000
22,70,-195.094049,0.000000
22,71,-195.094087,-0.000000
22,72,-195.094095,-0.000005
22,73,-195.094093,-0.000000
22,74,-195.094046,-0.000000
22,75,-195.094085,0.000000
22,76,-195.094052,-0.000000
22,77,-195.094046,0.000000
22,78,-195.094048,0.000000
22,79,-195.094051,-0.000000
22,80,-195.094092,-0.000003
22,81,-195.094053,-0.000000
22,82,-195.094048,-0.000000
22,83,-195.094054,-0.000000
22,84,-195.094057,-0.000001
22,85,-195.094053,-0.000000
22,86,-195.094056,0.000000
22,87,-195.094052,-0.000000
22,88,-195.094052,-0.000001
22,89,-195.094051,-0.000000
22,90,-195.094048,0.000000
22,91,-195.094052,-0.000000
22,92,-195.094050,0.000000
22,93,-195.094071,-0.000001
22,94,-195.094048,-0.000000
22,95,-195.094051,-0.000000
22,96,-195.094069,0.000000
22,97,-195.094054,-0.000000
22,98,-195.094060,-0.000001
22,99,-195.094049,-0.000000
22,100,-195.094046,-0.000000
22,101,-195.094054,0.000000
22,102,-195.094055,0.000000
22,103,-195.094046,-0.000000
22,104,-195.094046,0.000000
22,105,-195.094045,0.000000
22,106,-195.094049,-0.000000
22,107,-195.094048,0.000000
22,108,-195.094048,-0.000000
22,109,-195.094046,0.000000
22,110,-195.094045,0.000000
22,111,-195.094047,0.000000
22,112,-195.094046,-0.000000
22,113,-195.094046,-0.000000
22,114,-195.094045,-0.000000
22,115,-195.094049,-0.000000
22,116,-195.094045,0.000000
22,117,-195.094046,0.000000
22,118,-195.094046,-0.000000
22,119,-195.094046,0.000000
23,24,-195.094269,-0.000022
23,25,-195.094143,0.000001
23,26,-195.094558,-0.000046
23,27,-195.094044,0.000002
23,28,-195.094059,-0.000001
23,29,-195.094108,-0.000001
23,30,-195.094327,-0.000020
23,31,-195.094065,-0.000001
23,32,-195.094117,-0.000001
23,33,-195.094091,0.000001
23,34,-195.094048,-0.000001
23,35,-195.094058,0.000000
23,36,-195.094077,-0.000002
23,37,-195.094048,-0.000000
23,38,-195.094065,-0.000002
23,39,-195.094212,-0.000000
23,40,-195.094635,-0.000002
23,41,-195.094423,-0.000007
23,42,-195.094328,0.000001
23,43,-195.094326,-0.000001
23,44,-195.094298,-0.000018
23,45,-195.094192,-0.000011
23,46,-195.094806,-0.000007
23,47,-195.094086,0.000001
23,48,-195.094056,0.000000
23,49,-195.094067,-0.000002
23,50,-195.094048,-0.000001
23,51,-195.094056,0.000001
23,52,-195.094085,0.000002
23,53,-195.094075,-0.000002
23,54,-195.094044,-0.000000
23,55,-195.094172,-0.000002
23,56,-195.094061,-0.000001
23,57,-195.094050,-0.000000
23,58,-195.094055,0.000000
23,59,-195.094075,-0.000001
23,60,-195.094123,-0.000000
23,61,-195.094157,0.000000
23,62,-195.094077,0.000000
23,63,-195.094050,-0.000000
23,64,-195.094175,-0.000000
23,65,-195.094082,0.000000
23,66,-195.094055,0.000000
23,67,-195.094051,0.000000
23,68,-195.094063,0.000000
23,69,-195.094043,-0.000000
23,70,-195.094042,-0.000000
23,71,-195.094079,0.000000
23,72,-195.094084,-0.000002
23,73,-195.094086,-0.000000
23,74,-195.094038,-0.000000
23,75,-195.094077,0.000000
23,76,-195.094045,0.000000
23,77,-195.094039,0.000000
23,78,-195.094041,-0.000000
23,79,-195.094044,-0.000000
23,80,-195.094085,-0.000003
23,81,-195.094046,-0.000000
23,82,-195.094041,-0.000000
23,83,-195.094047,-0.000000
23,84,-195.094049,0.000000
23,85,-195.094045,-0.000000
23,86,-195.094049,-0.000000
23,87,-195.094044,0.000000
23,88,-195.094045,0.000000
23,89,-195.094044,-0.000000
23,90,-195.094042,-0.000000
23,91,-195.094045,0.000000
23,92,-195.094044,-0.000000
23,93,-195.094063,-0.000000
23,94,-195.094041,-0.000000
23,95,-195.094044,-0.000000
23,96,-195.094062,-0.000000
23,97,-195.094047,0.000000
23,98,-195.094056,-0.000004
23,99,-195.094042,-0.000000
23,100,-195.094039,-0.000000
23,101,-195.094046,-0.000000
23,102,-195.094049,-0.000001
23,103,-195.094039,-0.000000
23,104,-195.094039,-0.000000
23,105,-195.094038,0.000000
23,106,-195.094042,0.000000
23,107,-195.094041,-0.000000
23,108,-195.094041,-0.000000
23,109,-195.094038,-0.000000
23,110,-195.094038,-0.000000
23,111,-195.094040,-0.000000
23,112,-195.094039,-0.000000
23,113,-195.094039,-0.000000
23,114,-195.094038,-0.000000
23,115,-195.094042,-0.000000
23,116,-195.094038,-0.000000
23,117,-195.094038,-0.000000
23,118,-195.094039,-0.000000
23,119,-195.094039,-0.000000
24,25,-195.094273,0.000002
24,26,-195.094950,-0.000307
24,27,-195.094184,-0.000007
24,28,-195.094203,-0.000013
24,29,-195.094256,-0.000018
24,30,-195.094521,-0.000083
24,31,-195.094212,-0.000017
24,32,-195.094251,-0.000004
24,33,-195.094223,0.000000
24,34,-195.094179,0.000000
24,35,-195.094198,-0.000008
24,36,-195.094207,-0.000000
24,37,-195.094181,-0.000002
24,38,-195.094207,-0.000012
24,39,-195.094348,-0.000005
24,40,-195.094780,-0.000016
24,41,-195.094550,-0.000003
24,42,-195.094474,-0.000014
24,43,-195.094497,-0.000041
24,44,-195.094443,-0.000031
24,45,-195.094312,0.000000
24,46,-195.094948,-0.000017
24,47,-195.094222,-0.000004
24,48,-195.094188,-0.000000
24,49,-195.094198,-0.000001
24,50,-195.094179,-0.000000
24,51,-195.094188,0.000000
24,52,-195.094223,-0.000005
24,53,-195.094205,-0.000001
24,54,-195.094175,-0.000000
24,55,-195.094315,-0.000014
24,56,-195.094192,-0.000001
24,57,-195.094181,0.000001
24,58,-195.094186,0.000001
24,59,-195.094207,-0.000002
24,60,-195.094253,0.000001
24,61,-195.094289,-0.000000
24,62,-195.094209,-0.000000
24,63,-195.094181,0.000000
24,64,-195.094313,-0.000007
24,65,-195.094212,0.000001
24,66,-195.094186,0.000000
24,67,-195.094182,0.000000
24,68,-195.094194,0.000000
24,69,-195.094175,0.000000
24,70,-195.094173,-0.000000
24,71,-195.094210,0.000000
24,72,-195.094214,-0.000000
24,73,-195.094218,-0.000000
24,74,-195.094170,0.000000
24,75,-195.094209,-0.000000
24,76,-195.094177,-0.000001
24,77,-195.094170,0.000000
24,78,-195.094172,-0.000000
24,79,-195.094176,-0.000000
24,80,-195.094214,-0.000001
24,81,-195.094177,-0.000000
24,82,-195.094172,-0.000000
24,83,-195.094178,-0.000000
24,84,-195.094182,-0.000001
24,85,-195.094178,-0.000001
24,86,-195.094180,0.000000
24,87,-195.094177,-0.000001
24,88,-195.094176,0.000000
24,89,-195.094176,-0.000000
24,90,-195.094173,-0.000000
24,91,-195.094176,-0.000000
24,92,-195.094175,-0.000000
24,93,-195.094196,-0.000001
24,94,-195.094172,-0.000000
24,95,-195.094176,-0.000001
24,96,-195.094194,0.000000
24,97,-195.094180,-0.000001
24,98,-195.094184,0.000000
24,99,-195.094173,-0.000000
24,100,-195.094170,-0.000000
24,101,-195.094178,-0.000000
24,102,-195.094181,-0.000001
24,103,-195.094170,-0.000000
24,104,-195.094170,0.000000
24,105,-195.094169,-0.000000
24,106,-195.094174,-0.000000
24,107,-195.094172,-0.000000
24,108,-195.094172,-0.000000
24,109,-195.094170,-0.000000
24,110,-195.094169,0.000000
24,111,-195.094172,-0.000000
24,112,-195.094171,-0.000000
24,113,-195.094171,-0.000000
24,114,-195.094170,0.000000
24,115,-195.094173,-0.000000
24,116,-195.094170,-0.000000
24,117,-195.094170,-0.000000
24,118,-195.094171,0.000000
24,119,-195.094170,0.000000
25,26,-195.094540,0.000002
25,27,-195.094075,-0.000000
25,28,-195.094087,0.000000
25,29,-195.094135,0.000000
25,30,-195.094341,-0.000005
25,31,-195.094092,0.000000
25,32,-195.094146,-0.000001
25,33,-195.094127,-0.000006
25,34,-195.094077,0.000000
25,35,-195.094087,-0.000000
25,36,-195.094104,0.000000
25,37,-195.094077,-0.000001
25,38,-195.094092,0.000000
25,39,-195.094239,0.000002
25,40,-195.094658,0.000004
25,41,-195.094444,0.000001
25,42,-195.094358,0.000001
25,43,-195.094370,-0.000016
25,44,-195.094308,0.000001
25,45,-195.094228,-0.000018
25,46,-195.094831,-0.000003
25,47,-195.094115,0.000001
25,48,-195.094087,-0.000001
25,49,-195.094094,0.000000
25,50,-195.094076,0.000001
25,51,-195.094089,-0.000003
25,52,-195.094116,-0.000001
25,53,-195.094101,0.000001
25,54,-195.094073,-0.000000
25,55,-195.094204,-0.000005
25,56,-195.094088,0.000000
25,57,-195.094079,-0.000000
25,58,-195.094084,0.000000
25,59,-195.094103,-0.000000
25,60,-195.094154,-0.000002
25,61,-195.094185,0.000001
25,62,-195.094106,0.000000
25,63,-195.094079,-0.000000
25,64,-195.094203,0.000000
25,65,-195.094111,0.000000
25,66,-195.094084,0.000000
25,67,-195.094080,-0.000001
25,68,-195.094094,-0.000001
25,69,-195.094073,-0.000001
25,70,-195.094071,-0.000000
25,71,-195.094108,0.000000
25,72,-195.094112,0.000000
25,73,-195.094118,-0.000003
25,74,-195.094068,-0.000000
25,75,-195.094107,0.000000
25,76,-195.094074,0.000000
25,77,-195.094068,-0.000000
25,78,-195.094070,-0.000000
25,79,-195.094074,-0.000001
25,80,-195.094112,-0.000001
25,81,-195.094075,-0.000000
25,82,-195.094070,-0.000000
25,83,-195.094076,-0.000000
25,84,-195.094078,-0.000000
25,85,-195.094075,-0.000000
25,86,-195.094078,-0.000000
25,87,-195.094074,-0.000001
25,88,-195.094074,-0.000000
25,89,-195.094073,0.000000
25,90,-195.094071,-0.000000
25,91,-195.094074,-0.000000
25,92,-195.094073,-0.000000
25,93,-195.094092,-0.000000
25,94,-195.094070,-0.000000
25,95,-195.094073,0.000000
25,96,-195.094091,-0.000000
25,97,-195.094077,-0.000001
25,98,-195.094084,-0.000003
25,99,-195.094071,-0.000000
25,100,-195.094068,-0.000000
25,101,-195.094075,0.000000
25,102,-195.094077,-0.000000
25,103,-195.094068,-0.000000
25,104,-195.094067,0.000000
25,105,-195.094067,-0.000000
25,106,-195.094071,0.000000
25,107,-195.094070,-0.000000
25,108,-195.094069,0.000000
25,109,-195.094067,-0.000000
25,110,-195.094067,-0.000000
25,111,-195.094069,0.000000
25,112,-195.094068,-0.000000
25,113,-195.094068,0.000000
25,114,-195.094067,0.000000
25,115,-195.094071,-0.000000
25,116,-195.094067,0.000000
25,117,-195.094067,-0.000000
25,118,-195.094068,-0.000000
25,119,-195.094067,0.000000
26,27,-195.094451,-0.000007
26,28,-195.094477,-0.000022
26,29,-195.094568,-0.000063
26,30,-195.095084,-0.000379
26,31,-195.094480,-0.000019
26,32,-195.094513,0.000001
26,33,-195.094496,-0.000006
26,34,-195.094446,-0.000001
26,35,-195.094472,-0.000016
26,36,-195.094479,-0.000007
26,37,-195.094446,-0.000001
26,38,-195.094484,-0.000023
26,39,-195.094637,-0.000028
26,40,-195.095075,-0.000044
26,41,-195.094819,-0.000005
26,42,-195.094735,-0.000008
26,43,-195.094804,-0.000082
26,44,-195.094754,-0.000076
26,45,-195.094584,-0.000005
26,46,-195.095270,-0.000074
26,47,-195.094486,-0.000002
26,48,-195.094454,0.000000
26,49,-195.094467,-0.000004
26,50,-195.094444,0.000002
26,51,-195.094457,-0.000002
26,52,-195.094487,-0.000003
26,53,-195.094479,-0.000009
26,54,-195.094443,-0.000002
26,55,-195.094566,0.000002
26,56,-195.094467,-0.000010
26,57,-195.094447,0.000001
26,58,-195.094453,-0.000000
26,59,-195.094474,-0.000003
26,60,-195.094519,0.000001
26,61,-195.094553,0.000001
26,62,-195.094475,-0.000001
26,63,-195.094447,-0.000000
26,64,-195.094577,-0.000005
26,65,-195.094480,-0.000001
26,66,-195.094452,0.000000
26,67,-195.094448,0.000000
26,68,-195.094460,0.000001
26,69,-195.094441,-0.000000
26,70,-195.094439,-0.000000
26,71,-195.094478,-0.000001
26,72,-195.094480,-0.000000
26,73,-195.094484,-0.000001
26,74,-195.094436,0.000000
26,75,-195.094475,0.000000
26,76,-195.094443,-0.000000
26,77,-195.094437,0.000000
26,78,-195.094439,-0.000001
26,79,-195.094441,0.000000
26,80,-195.094480,-0.000001
26,81,-195.094443,0.000000
26,82,-195.094438,-0.000000
26,83,-195.094444,0.000000
26,84,-195.094448,-0.000001
26,85,-195.094444,-0.000001
26,86,-195.094446,0.000000
26,87,-195.094443,-0.000001
26,88,-195.094442,0.000000
26,89,-195.094442,-0.000000
26,90,-195.094440,-0.000001
26,91,-195.094443,-0.000001
26,92,-195.094441,0.000000
26,93,-195.094462,-0.000002
26,94,-195.094438,0.000000
26,95,-195.094441,-0.000000
26,96,-195.094459,0.000001
26,97,-195.094446,-0.000001
26,98,-195.094450,0.000000
26,99,-195.094439,-0.000000
26,100,-195.094436,0.000000
26,101,-195.094444,0.000000
26,102,-195.094447,-0.000001
26,103,-195.094436,-0.000000
26,104,-195.094436,0.000000
26,105,-195.094435,0.000000
26,106,-195.094440,-0.000001
26,107,-195.094438,0.000000
26,108,-195.094438,0.000000
26,109,-195.094436,0.000000
26,110,-195.094435,0.000000
26,111,-195.094438,-0.000000
26,112,-195.094437,0.000000
26,113,-195.094436,0.000000
26,114,-195.094436,0.000000
26,115,-195.094440,-0.000000
26,116,-195.094436,-0.000000
26,117,-195.094436,0.000000
26,118,-195.094437,0.000000
26,119,-195.094436,0.000000
27,28,-195.093989,0.000000
27,29,-195.094038,0.000000
27,30,-195.094240,-0.000002
27,31,-195.093997,-0.000002
27,32,-195.094047,-0.000000
27,33,-195.094023,0.000000
27,34,-195.093980,-0.000001
27,35,-195.093990,-0.000000
27,36,-195.094007,-0.000000
27,37,-195.093980,-0.000001
27,38,-195.093995,-0.000000
27,39,-195.094143,0.000000
27,40,-195.094565,-0.000001
27,41,-195.094347,-0.000000
27,42,-195.094261,-0.000001
27,43,-195.094263,-0.000007
27,44,-195.094212,-0.000000
27,45,-195.094113,-0.000000
27,46,-195.094731,-0.000001
27,47,-195.094019,-0.000001
27,48,-195.093988,0.000000
27,49,-195.093996,-0.000000
27,50,-195.093979,-0.000000
27,51,-195.093989,-0.000001
27,52,-195.094018,0.000000
27,53,-195.094004,-0.000000
27,54,-195.093975,-0.000000
27,55,-195.094102,-0.000001
27,56,-195.093991,-0.000000
27,57,-195.093981,-0.000000
27,58,-195.093987,-0.000000
27,59,-195.094005,0.000000
27,60,-195.094054,-0.000000
27,61,-195.094088,-0.000000
27,62,-195.094008,-0.000000
27,63,-195.093981,-0.000000
27,64,-195.094106,-0.000000
27,65,-195.094013,-0.000000
27,66,-195.093986,-0.000000
27,67,-195.093982,0.000000
27,68,-195.093995,0.000000
27,69,-195.093975,-0.000000
27,70,-195.093973,-0.000000
27,71,-195.094011,-0.000000
27,72,-195.094014,0.000000
27,73,-195.094017,-0.000000
27,74,-195.093970,0.000000
27,75,-195.094009,-0.000000
27,76,-195.093977,-0.000000
27,77,-195.093970,-0.000000
27,78,-195.093972,-0.000000
27,79,-195.093975,-0.000000
27,80,-195.094013,-0.000000
27,81,-195.093977,0.000000
27,82,-195.093972,-0.000000
27,83,-195.093978,0.000000
27,84,-195.093981,-0.000000
27,85,-195.093977,-0.000000
27,86,-195.093980,-0.000001
27,87,-195.093976,-0.000000
27,88,-195.093976,0.000000
27,89,-195.093975,-0.000000
27,90,-195.093973,-0.000000
27,91,-195.093976,0.000000
27,92,-195.093975,-0.000000
27,93,-195.093994,-0.000000
27,94,-195.093972,-0.000000
27,95,-195.093975,-0.000000
27,96,-195.093993,-0.000000
27,97,-195.093979,-0.000001
27,98,-195.093984,-0.000000
27,99,-195.093973,-0.000000
27,100,-195.093970,-0.000000
27,101,-195.093978,0.000000
27,102,-195.093979,0.000000
27,103,-195.093970,0.000000
27,104,-195.093970,-0.000000
27,105,-195.093969,-0.000000
27,106,-195.093973,-0.000000
27,107,-195.093972,-0.000000
27,108,-195.093972,-0.000000
27,109,-195.093970,-0.000000
27,110,-195.093969,0.000000
27,111,-195.093971,-0.000000
27,112,-195.093970,-0.000000
27,113,-195.093970,-0.000000
27,114,-195.093969,-0.000000
27,115,-195.093973,0.000000
27,116,-195.093969,0.000000
27,117,-195.093970,-0.000000
27,118,-195.093970,-0.000000
27,119,-195.093970,0.000000
28,29,-195.094050,-0.000000
28,30,-195.094262,-0.000012
28,31,-195.094007,-0.000000
28,32,-195.094061,-0.000002
28,33,-195.094036,-0.000000
28,34,-195.093992,-0.000001
28,35,-195.094003,-0.000001
28,36,-195.094019,0.000000
28,37,-195.093991,0.000000
28,38,-195.094011,-0.000004
28,39,-195.094157,-0.000002
28,40,-195.094579,-0.000002
28,41,-195.094361,-0.000002
28,42,-195.094276,-0.000003
28,43,-195.094274,-0.000006
28,44,-195.094224,-0.000000
28,45,-195.094125,0.000000
28,46,-195.094745,-0.000003
28,47,-195.094031,-0.000000
28,48,-195.094002,-0.000002
28,49,-195.094009,-0.000000
28,50,-195.093992,-0.000000
28,51,-195.094000,0.000000
28,52,-195.094033,-0.000003
28,53,-195.094017,-0.000000
28,54,-195.093988,-0.000001
28,55,-195.094116,-0.000002
28,56,-195.094004,-0.000001
28,57,-195.093994,-0.000000
28,58,-195.093999,0.000000
28,59,-195.094017,-0.000000
28,60,-195.094067,-0.000001
28,61,-195.094103,-0.000002
28,62,-195.094020,-0.000000
28,63,-195.093993,-0.000000
28,64,-195.094120,-0.000002
28,65,-195.094025,0.000000
28,66,-195.093999,-0.000000
28,67,-195.093994,-0.000000
28,68,-195.094007,-0.000000
28,69,-195.093987,0.000000
28,70,-195.093985,-0.000000
28,71,-195.094023,-0.000000
28,72,-195.094026,0.000000
28,73,-195.094029,0.000000
28,74,-195.093982,-0.000000
28,75,-195.094021,0.000000
28,76,-195.093989,-0.000000
28,77,-195.093983,-0.000000
28,78,-195.093984,0.000000
28,79,-195.093988,-0.000000
28,80,-195.094026,0.000000
28,81,-195.093989,-0.000000
28,82,-195.093984,0.000000
28,83,-195.093990,0.000000
28,84,-195.093993,-0.000000
28,85,-195.093989,-0.000000
28,86,-195.093992,-0.000000
28,87,-195.093988,0.000000
28,88,-195.093988,-0.000000
28,89,-195.093988,-0.000000
28,90,-195.093985,-0.000000
28,91,-195.093988,-0.000000
28,92,-195.093987,0.000000
28,93,-195.094007,-0.000000
28,94,-195.093984,-0.000000
28,95,-195.093987,0.000000
28,96,-195.094006,-0.000000
28,97,-195.093991,-0.000000
28,98,-195.093997,-0.000001
28,99,-195.093985,-0.000000
28,100,-195.093982,-0.000000
28,101,-195.093990,-0.000000
28,102,-195.093992,-0.000000
28,103,-195.093982,-0.000000
28,104,-195.093982,-0.000000
28,105,-195.093981,0.000000
28,106,-195.093986,-0.000000
28,107,-195.093984,-0.000000
28,108,-195.093984,-0.000000
28,109,-195.093982,-0.000000
28,110,-195.093981,0.000000
28,111,-195.093984,0.000000
28,112,-195.093983,0.000000
28,113,-195.093982,0.000000
28,114,-195.093982,-0.000000
28,115,-195.093985,0.000000
28,116,-195.093982,0.000000
28,117,-195.093982,-0.000000
28,118,-195.093983,-0.000000
28,119,-195.093982,0.000000
29,30,-195.094327,-0.000028
29,31,-195.094061,-0.000005
29,32,-195.094109,-0.000001
29,33,-195.094089,-0.000005
29,34,-195.094039,0.000000
29,35,-195.094053,-0.000002
29,36,-195.094067,0.000001
29,37,-195.094042,-0.000002
29,38,-195.094058,-0.000002
29,39,-195.094204,-0.000000
29,40,-195.094623,0.000002
29,41,-195.094409,-0.000001
29,42,-195.094325,-0.000004
29,43,-195.094321,-0.000004
29,44,-195.094295,-0.000022
29,45,-195.094174,-0.000001
29,46,-195.094791,-0.000000
29,47,-195.094082,-0.000003
29,48,-195.094049,-0.000000
29,49,-195.094057,-0.000000
29,50,-195.094040,0.000000
29,51,-195.094048,0.000001
29,52,-195.094079,-0.000000
29,53,-195.094065,-0.000001
29,54,-195.094037,-0.000001
29,55,-195.094165,-0.000003
29,56,-195.094053,-0.000001
29,57,-195.094043,-0.000001
29,58,-195.094047,-0.000000
29,59,-195.094066,0.000000
29,60,-195.094115,-0.000001
29,61,-195.094149,0.000000
29,62,-195.094070,-0.000001
29,63,-195.094042,-0.000001
29,64,-195.094166,0.000000
29,65,-195.094073,0.000000
29,66,-195.094047,0.000000
29,67,-195.094043,0.000000
29,68,-195.094056,-0.000000
29,69,-195.094036,-0.000000
29,70,-195.094033,0.000000
29,71,-195.094072,-0.000000
29,72,-195.094074,0.000000
29,73,-195.094078,0.000000
29,74,-195.094030,0.000000
29,75,-195.094069,0.000000
29,76,-195.094037,0.000000
29,77,-195.094031,-0.000000
29,78,-195.094032,0.000000
29,79,-195.094036,0.000000
29,80,-195.094074,-0.000000
29,81,-195.094037,0.000000
29,82,-195.094032,-0.000000
29,83,-195.094039,-0.000000
29,84,-195.094041,0.000000
29,85,-195.094037,-0.000000
29,86,-195.094041,-0.000000
29,87,-195.094037,-0.000001
29,88,-195.094037,-0.000000
29,89,-195.094036,-0.000000
29,90,-195.094033,-0.000000
29,91,-195.094037,-0.000000
29,92,-195.094035,0.000000
29,93,-195.094055,-0.000000
29,94,-195.094033,-0.000000
29,95,-195.094036,0.000000
29,96,-195.094055,-0.000001
29,97,-195.094039,-0.000000
29,98,-195.094045,-0.000001
29,99,-195.094034,0.000000
29,100,-195.094031,-0.000000
29,101,-195.094039,-0.000000
29,102,-195.094041,-0.000001
29,103,-195.094031,-0.000000
29,104,-195.094030,0.000000
29,105,-195.094030,-0.000000
29,106,-195.094034,0.000000
29,107,-195.094033,-0.000000
29,108,-195.094032,-0.000000
29,109,-195.094030,-0.000000
29,110,-195.094029,-0.000000
29,111,-195.094032,-0.000000
29,112,-195.094031,0.000000
29,113,-195.094031,-0.000000
29,114,-195.094030,0.000000
29,115,-195.094034,-0.000000
29,116,-195.094030,-0.000000
29,117,-195.094030,-0.000000
29,118,-195.094031,-0.000000
29,119,-195.094030,0.000000
30,31,-195.094270,-0.000014
30,32,-195.094309,-0.000001
30,33,-195.094284,0.000001
30,34,-195.094240,-0.000000
30,35,-195.094255,-0.000005
30,36,-195.094280,-0.000012
30,37,-195.094240,0.000000
30,38,-195.094278,-0.000022
30,39,-195.094409,-0.000004
30,40,-195.094826,-0.000001
30,41,-195.094617,-0.000009
30,42,-195.094549,-0.000027
30,43,-195.094596,-0.000079
30,44,-195.094509,-0.000037
30,45,-195.094373,0.000001
30,46,-195.095011,-0.000020
30,47,-195.094279,0.000001
30,48,-195.094249,-0.000000
30,49,-195.094257,0.000000
30,50,-195.094239,0.000001
30,51,-195.094251,-0.000001
30,52,-195.094279,-0.000000
30,53,-195.094267,-0.000002
30,54,-195.094237,-0.000002
30,55,-195.094371,-0.000009
30,56,-195.094259,-0.000008
30,57,-195.094242,0.000000
30,58,-195.094247,0.000000
30,59,-195.094267,-0.000002
30,60,-195.094313,0.000002
30,61,-195.094349,0.000000
30,62,-195.094271,-0.000001
30,63,-195.094242,-0.000000
30,64,-195.094368,-0.000001
30,65,-195.094277,-0.000003
30,66,-195.094246,0.000001
30,67,-195.094243,-0.000000
30,68,-195.094255,0.000001
30,69,-195.094236,0.000000
30,70,-195.094234,-0.000000
30,71,-195.094271,0.000001
30,72,-195.094275,0.000000
30,73,-195.094279,-0.000000
30,74,-195.094231,-0.000000
30,75,-195.094269,0.000000
30,76,-195.094238,-0.000001
30,77,-195.094232,-0.000000
30,78,-195.094233,-0.000001
30,79,-195.094236,0.000000
30,80,-195.094274,0.000000
30,81,-195.094238,-0.000000
30,82,-195.094233,-0.000000
30,83,-195.094239,-0.000000
30,84,-195.094242,-0.000000
30,85,-195.094238,-0.000000
30,86,-195.094241,-0.000000
30,87,-195.094237,-0.000000
30,88,-195.094237,0.000000
30,89,-195.094236,-0.000000
30,90,-195.094234,-0.000001
30,91,-195.094237,-0.000000
30,92,-195.094236,0.000000
30,93,-195.094257,-0.000002
30,94,-195.094233,-0.000000
30,95,-195.094236,0.000000
30,96,-195.094254,0.000000
30,97,-195.094240,-0.000000
30,98,-195.094245,-0.000000
30,99,-195.094234,0.000000
30,100,-195.094231,0.000000
30,101,-195.094239,0.000000
30,102,-195.094240,0.000000
30,103,-195.094231,0.000000
30,104,-195.094231,0.000000
30,105,-195.094230,0.000000
30,106,-195.094235,-0.000000
30,107,-195.094233,0.000000
30,108,-195.094233,-0.000000
30,109,-195.094231,0.000000
30,110,-195.094230,0.000000
30,111,-195.094232,0.000000
30,112,-195.094232,-0.000000
30,113,-195.094231,-0.000000
30,114,-195.094231,0.000000
30,115,-195.094235,-0.000001
30,116,-195.094231,0.000000
30,117,-195.094231,0.000000
30,118,-195.094231,0.000000
30,119,-195.094231,0.000000
31,32,-195.094065,0.000000
31,33,-195.094041,0.000000
31,34,-195.094000,-0.000004
31,35,-195.094020,-0.000013
31,36,-195.094028,-0.000004
31,37,-195.093997,-0.000000
31,38,-195.094012,0.000000
31,39,-195.094161,-0.000000
31,40,-195.094582,-0.000000
31,41,-195.094365,-0.000000
31,42,-195.094303,-0.000025
31,43,-195.094273,0.000000
31,44,-195.094242,-0.000013
31,45,-195.094130,-0.000000
31,46,-195.094748,-0.000001
31,47,-195.094035,0.000001
31,48,-195.094006,-0.000000
31,49,-195.094015,-0.000001
31,50,-195.093996,0.000000
31,51,-195.094006,-0.000000
31,52,-195.094036,-0.000001
31,53,-195.094022,-0.000000
31,54,-195.093992,0.000000
31,55,-195.094120,-0.000001
31,56,-195.094009,-0.000001
31,57,-195.093999,0.000000
31,58,-195.094009,-0.000005
31,59,-195.094026,-0.000003
31,60,-195.094073,-0.000001
31,61,-195.094106,0.000000
31,62,-195.094027,-0.000001
31,63,-195.093999,-0.000000
31,64,-195.094123,0.000000
31,65,-195.094031,-0.000001
31,66,-195.094004,-0.000000
31,67,-195.094000,-0.000001
31,68,-195.094012,0.000000
31,69,-195.093993,-0.000000
31,70,-195.093991,-0.000000
31,71,-195.094028,-0.000000
31,72,-195.094031,0.000000
31,73,-195.094036,-0.000001
31,74,-195.093987,-0.000000
31,75,-195.094026,0.000000
31,76,-195.093994,-0.000000
31,77,-195.093988,-0.000000
31,78,-195.093990,-0.000000
31,79,-195.093993,0.000000
31,80,-195.094032,-0.000001
31,81,-195.093995,-0.000000
31,82,-195.093989,-0.000000
31,83,-195.093996,-0.000000
31,84,-195.093998,-0.000000
31,85,-195.093994,-0.000000
31,86,-195.093999,-0.000001
31,87,-195.093993,-0.000000
31,88,-195.093994,-0.000000
31,89,-195.093994,-0.000001
31,90,-195.093990,-0.000000
31,91,-195.093994,0.000000
31,92,-195.093993,-0.000001
31,93,-195.094012,-0.000000
31,94,-195.093990,0.000000
31,95,-195.093993,0.000000
31,96,-195.094011,-0.000000
31,97,-195.093998,-0.000002
31,98,-195.094001,0.000000
31,99,-195.093991,-0.000000
31,100,-195.093988,-0.000000
31,101,-195.093996,-0.000000
31,102,-195.093997,-0.000000
31,103,-195.093988,0.000000
31,104,-195.093988,-0.000000
31,105,-195.093987,0.000000
31,106,-195.093991,-0.000000
31,107,-195.093989,0.000000
31,108,-195.093989,-0.000000
31,109,-195.093987,0.000000
31,110,-195.093986,0.000000
31,111,-195.093989,-0.000000
31,112,-195.093988,-0.000000
31,113,-195.093988,0.000000
31,114,-195.093987,-0.000000
31,115,-195.093991,-0.000000
31,116,-195.093987,-0.000000
31,117,-195.093987,0.000000
31,118,-195.093988,-0.000000
31,119,-195.093987,0.000000
32,33,-195.094093,0.000001
32,34,-195.094049,0.000000
32,35,-195.094063,-0.000003
32,36,-195.094077,-0.000000
32,37,-195.094049,0.000000
32,38,-195.094068,-0.000003
32,39,-195.094213,0.000001
32,40,-195.094636,-0.000001
32,41,-195.094417,0.000000
32,42,-195.094333,-0.000002
32,43,-195.094328,-0.000002
32,44,-195.094283,-0.000002
32,45,-195.094187,-0.000004
32,46,-195.094797,0.000003
32,47,-195.094088,0.000000
32,48,-195.094058,-0.000000
32,49,-195.094068,-0.000001
32,50,-195.094049,-0.000000
32,51,-195.094059,-0.000001
32,52,-195.094089,-0.000001
32,53,-195.094075,-0.000001
32,54,-195.094045,0.000000
32,55,-195.094174,-0.000002
32,56,-195.094060,0.000000
32,57,-195.094052,-0.000000
32,58,-195.094057,-0.000001
32,59,-195.094075,0.000000
32,60,-195.094131,-0.000007
32,61,-195.094158,0.000000
32,62,-195.094079,-0.000001
32,63,-195.094052,-0.000001
32,64,-195.094182,-0.000006
32,65,-195.094083,-0.000000
32,66,-195.094056,0.000000
32,67,-195.094052,0.000000
32,68,-195.094065,0.000000
32,69,-195.094045,-0.000000
32,70,-195.094043,-0.000000
32,71,-195.094080,0.000000
32,72,-195.094085,-0.000001
32,73,-195.094089,-0.000002
32,74,-195.094040,-0.000000
32,75,-195.094079,-0.000001
32,76,-195.094046,-0.000000
32,77,-195.094040,0.000000
32,78,-195.094042,0.000000
32,79,-195.094045,-0.000000
32,80,-195.094083,-0.000000
32,81,-195.094047,-0.000000
32,82,-195.094042,-0.000000
32,83,-195.094048,-0.000000
32,84,-195.094051,-0.000001
32,85,-195.094047,-0.000000
32,86,-195.094050,-0.000000
32,87,-195.094046,-0.000000
32,88,-195.094046,-0.000000
32,89,-195.094045,-0.000000
32,90,-195.094043,-0.000000
32,91,-195.094046,-0.000000
32,92,-195.094045,0.000000
32,93,-195.094064,-0.000000
32,94,-195.094042,-0.000000
32,95,-195.094045,0.000000
32,96,-195.094064,-0.000000
32,97,-195.094049,-0.000000
32,98,-195.094054,-0.000000
32,99,-195.094044,-0.000000
32,100,-195.094040,0.000000
32,101,-195.094048,0.000000
32,102,-195.094049,0.000000
32,103,-195.094040,-0.000000
32,104,-195.094040,-0.000000
32,105,-195.094039,0.000000
32,106,-195.094044,-0.000000
32,107,-195.094042,-0.000000
32,108,-195.094042,0.000000
32,109,-195.094040,0.000000
32,110,-195.094039,-0.000000
32,111,-195.094041,0.000000
32,112,-195.094041,0.000000
32,113,-195.094040,-0.000000
32,114,-195.094040,-0.000000
32,115,-195.094043,-0.000000
32,116,-195.094040,0.000000
32,117,-195.094040,-0.000000
32,118,-195.094040,-0.000000
32,119,-195.094040,-0.000000
33,34,-195.094029,-0.000004
33,35,-195.094036,-0.000000
33,36,-195.094053,-0.000001
33,37,-195.094027,-0.000002
33,38,-195.094043,-0.000002
33,39,-195.094194,-0.000005
33,40,-195.094610,0.000000
33,41,-195.094393,0.000000
33,42,-195.094312,-0.000005
33,43,-195.094305,-0.000003
33,44,-195.094263,-0.000005
33,45,-195.094170,-0.000011
33,46,-195.094774,0.000002
33,47,-195.094065,-0.000000
33,48,-195.094034,0.000000
33,49,-195.094043,-0.000000
33,50,-195.094026,-0.000001
33,51,-195.094035,0.000000
33,52,-195.094065,-0.000000
33,53,-195.094051,-0.000000
33,54,-195.094023,-0.000002
33,55,-195.094147,0.000001
33,56,-195.094041,-0.000004
33,57,-195.094029,-0.000001
33,58,-195.094035,-0.000002
33,59,-195.094052,-0.000000
33,60,-195.094120,-0.000019
33,61,-195.094135,-0.000000
33,62,-195.094055,-0.000000
33,63,-195.094028,-0.000001
33,64,-195.094152,0.000000
33,65,-195.094060,-0.000000
33,66,-195.094033,-0.000000
33,67,-195.094028,0.000000
33,68,-195.094041,0.000000
33,69,-195.094022,-0.000001
33,70,-195.094020,-0.000001
33,71,-195.094061,-0.000004
33,72,-195.094066,-0.000005
33,73,-195.094064,-0.000000
33,74,-195.094016,-0.000000
33,75,-195.094056,-0.000001
33,76,-195.094023,-0.000000
33,77,-195.094017,-0.000000
33,78,-195.094018,-0.000000
33,79,-195.094022,0.000000
33,80,-195.094060,0.000000
33,81,-195.094024,-0.000001
33,82,-195.094018,-0.000000
33,83,-195.094025,-0.000001
33,84,-195.094027,-0.000000
33,85,-195.094023,-0.000000
33,86,-195.094026,-0.000000
33,87,-195.094022,-0.000000
33,88,-195.094022,-0.000000
33,89,-195.094022,-0.000000
33,90,-195.094019,-0.000000
33,91,-195.094024,-0.000001
33,92,-195.094021,-0.000000
33,93,-195.094040,0.000000
33,94,-195.094022,-0.000003
33,95,-195.094022,-0.000000
33,96,-195.094042,-0.000003
33,97,-195.094025,-0.000000
33,98,-195.094032,-0.000002
33,99,-195.094020,-0.000000
33,100,-195.094017,-0.000000
33,101,-195.094024,-0.000000
33,102,-195.094026,-0.000000
33,103,-195.094017,-0.000000
33,104,-195.094017,-0.000001
33,105,-195.094015,-0.000000
33,106,-195.094020,-0.000000
33,107,-195.094018,-0.000000
33,108,-195.094019,-0.000000
33,109,-195.094016,0.000000
33,110,-195.094015,-0.000000
33,111,-195.094018,-0.000000
33,112,-195.094017,0.000000
33,113,-195.094017,-0.000000
33,114,-195.094016,-0.000000
33,115,-195.094020,-0.000000
33,116,-195.094016,-0.000000
33,117,-195.094016,-0.000000
33,118,-195.094017,-0.000000
33,119,-195.094016,-0.000000
34,35,-195.093991,0.000000
34,36,-195.094009,-0.000001
34,37,-195.093981,0.000000
34,38,-195.093997,-0.000000
34,39,-195.094145,0.000000
34,40,-195.094569,-0.000003
34,41,-195.094351,-0.000001
34,42,-195.094269,-0.000007
34,43,-195.094261,-0.000003
34,44,-195.094216,-0.000003
34,45,-195.094115,-0.000001
34,46,-195.094732,-0.000000
34,47,-195.094020,0.000000
34,48,-195.093990,-0.000000
34,49,-195.093998,0.000000
34,50,-195.093981,-0.000000
34,51,-195.093990,0.000000
34,52,-195.094020,-0.000000
34,53,-195.094006,-0.000001
34,54,-195.093977,-0.000000
34,55,-195.094103,-0.000000
34,56,-195.093993,-0.000000
34,57,-195.093987,-0.000004
34,58,-195.093991,-0.000002
34,59,-195.094008,-0.000001
34,60,-195.094058,-0.000002
34,61,-195.094091,-0.000000
34,62,-195.094011,-0.000001
34,63,-195.093983,0.000000
34,64,-195.094108,-0.000000
34,65,-195.094015,0.000000
34,66,-195.093988,0.000000
34,67,-195.093984,-0.000000
34,68,-195.093997,-0.000000
34,69,-195.093977,0.000000
34,70,-195.093975,-0.000000
34,71,-195.094013,-0.000001
34,72,-195.094016,-0.000000
34,73,-195.094021,-0.000002
34,74,-195.093972,-0.000000
34,75,-195.094011,-0.000000
34,76,-195.093978,0.000000
34,77,-195.093972,0.000000
34,78,-195.093974,-0.000000
34,79,-195.093978,-0.000000
34,80,-195.094016,-0.000000
34,81,-195.093979,-0.000000
34,82,-195.093974,-0.000000
34,83,-195.093980,-0.000000
34,84,-195.093982,0.000000
34,85,-195.093979,-0.000000
34,86,-195.093983,-0.000001
34,87,-195.093978,-0.000000
34,88,-195.093978,0.000000
34,89,-195.093977,0.000000
34,90,-195.093975,-0.000000
34,91,-195.093978,-0.000000
34,92,-195.093976,-0.000000
34,93,-195.093996,0.000000
34,94,-195.093974,-0.000000
34,95,-195.093977,-0.000000
34,96,-195.093995,0.000000
34,97,-195.093981,-0.000001
34,98,-195.093986,-0.000000
34,99,-195.093975,-0.000000
34,100,-195.093972,-0.000000
34,101,-195.093980,0.000000
34,102,-195.093981,0.000000
34,103,-195.093972,-0.000000
34,104,-195.093972,0.000000
34,105,-195.093971,0.000000
34,106,-195.093975,-0.000000
34,107,-195.093974,-0.000000
34,108,-195.093974,-0.000000
34,109,-195.093972,0.000000
34,110,-195.093971,-0.000000
34,111,-195.093973,-0.000000
34,112,-195.093972,0.000000
34,113,-195.093972,-0.000000
34,114,-195.093971,0.000000
34,115,-195.093975,-0.000000
34,116,-195.093971,0.000000
34,117,-195.093972,-0.000000
34,118,-195.093972,-0.000000
34,119,-195.093972,0.000000
35,36,-195.094020,-0.000001
35,37,-195.093991,0.000000
35,38,-195.094007,0.000000
35,39,-195.094155,0.000001
35,40,-195.094583,-0.000006
35,41,-195.094362,-0.000003
35,42,-195.094275,-0.000003
35,43,-195.094274,-0.000006
35,44,-195.094227,-0.000003
35,45,-195.094124,0.000000
35,46,-195.094744,-0.000002
35,47,-195.094030,0.000000
35,48,-195.094000,0.000000
35,49,-195.094010,-0.000001
35,50,-195.093991,0.000000
35,51,-195.094001,-0.000000
35,52,-195.094031,-0.000001
35,53,-195.094016,-0.000000
35,54,-195.093987,-0.000000
35,55,-195.094114,-0.000000
35,56,-195.094003,-0.000000
35,57,-195.093994,-0.000000
35,58,-195.094002,-0.000004
35,59,-195.094017,0.000000
35,60,-195.094075,-0.000009
35,61,-195.094101,0.000000
35,62,-195.094020,0.000000
35,63,-195.093993,0.000000
35,64,-195.094118,-0.000000
35,65,-195.094027,-0.000002
35,66,-195.093998,-0.000000
35,67,-195.093994,0.000000
35,68,-195.094007,0.000000
35,69,-195.093988,-0.000001
35,70,-195.093985,0.000000
35,71,-195.094024,-0.000001
35,72,-195.094027,-0.000001
35,73,-195.094029,-0.000000
35,74,-195.093982,-0.000000
35,75,-195.094022,-0.000000
35,76,-195.093989,-0.000001
35,77,-195.093983,-0.000000
35,78,-195.093984,0.000000
35,79,-195.093987,0.000000
35,80,-195.094026,-0.000000
35,81,-195.093989,-0.000000
35,82,-195.093984,-0.000000
35,83,-195.093991,-0.000000
35,84,-195.093993,-0.000000
35,85,-195.093989,-0.000000
35,86,-195.093992,0.000000
35,87,-195.093989,-0.000001
35,88,-195.093989,-0.000001
35,89,-195.093989,-0.000001
35,90,-195.093985,0.000000
35,91,-195.093988,0.000000
35,92,-195.093988,-0.000001
35,93,-195.094007,-0.000000
35,94,-195.093984,-0.000000
35,95,-195.093988,-0.000000
35,96,-195.094006,0.000000
35,97,-195.093991,-0.000001
35,98,-195.093997,-0.000001
35,99,-195.093985,-0.000000
35,100,-195.093982,-0.000000
35,101,-195.093990,0.000000
35,102,-195.093992,0.000000
35,103,-195.093982,-0.000000
35,104,-195.093982,0.000000
35,105,-195.093981,-0.000000
35,106,-195.093986,0.000000
35,107,-195.093984,0.000000
35,108,-195.093984,-0.000000
35,109,-195.093982,0.000000
35,110,-195.093981,-0.000000
35,111,-195.093984,0.000000
35,112,-195.093983,-0.000000
35,113,-195.093983,-0.000000
35,114,-195.093982,0.000000
35,115,-195.093985,0.000000
35,116,-195.093982,-0.000000
35,117,-195.093982,0.000000
35,118,-195.093983,0.000000
35,119,-195.093982,-0.000000
36,37,-195.094010,-0.000002
36,38,-195.094039,-0.000015
36,39,-195.094173,-0.000001
36,40,-195.094608,-0.000014
36,41,-195.094380,-0.000004
36,42,-195.094289,0.000000
36,43,-195.094286,-0.000001
36,44,-195.094242,-0.000002
36,45,-195.094142,-0.000001
36,46,-195.094758,0.000001
36,47,-195.094047,0.000000
36,48,-195.094017,0.000000
36,49,-195.094026,-0.000000
36,50,-195.094008,0.000000
36,51,-195.094018,-0.000001
36,52,-195.094047,-0.000000
36,53,-195.094034,-0.000000
36,54,-195.094005,-0.000001
36,55,-195.094130,0.000001
36,56,-195.094020,-0.000000
36,57,-195.094011,0.000000
36,58,-195.094021,-0.000006
36,59,-195.094041,-0.000007
36,60,-195.094083,0.000000
36,61,-195.094118,-0.000000
36,62,-195.094038,-0.000000
36,63,-195.094011,-0.000001
36,64,-195.094136,-0.000001
36,65,-195.094044,-0.000002
36,66,-195.094017,-0.000002
36,67,-195.094011,-0.000000
36,68,-195.094024,0.000000
36,69,-195.094005,-0.000001
36,70,-195.094004,-0.000002
36,71,-195.094040,0.000000
36,72,-195.094043,0.000000
36,73,-195.094046,0.000000
36,74,-195.093999,0.000000
36,75,-195.094038,0.000000
36,76,-195.094006,0.000000
36,77,-195.094000,-0.000000
36,78,-195.094001,-0.000000
36,79,-195.094005,-0.000001
36,80,-195.094042,0.000000
36,81,-195.094007,-0.000001
36,82,-195.094001,-0.000000
36,83,-195.094007,0.000000
36,84,-195.094010,0.000000
36,85,-195.094006,-0.000000
36,86,-195.094010,-0.000001
36,87,-195.094005,0.000000
36,88,-195.094005,-0.000000
36,89,-195.094007,-0.000002
36,90,-195.094002,0.000000
36,91,-195.094006,-0.000001
36,92,-195.094004,-0.000000
36,93,-195.094024,-0.000000
36,94,-195.094001,0.000000
36,95,-195.094005,-0.000000
36,96,-195.094023,0.000000
36,97,-195.094009,-0.000002
36,98,-195.094013,-0.000000
36,99,-195.094002,0.000000
36,100,-195.093999,-0.000000
36,101,-195.094007,0.000000
36,102,-195.094009,0.000000
36,103,-195.093999,0.000000
36,104,-195.093999,0.000000
36,105,-195.093998,-0.000000
36,106,-195.094003,-0.000000
36,107,-195.094001,0.000000
36,108,-195.094001,0.000000
36,109,-195.093999,0.000000
36,110,-195.093998,-0.000000
36,111,-195.094001,-0.000000
36,112,-195.094000,-0.000000
36,113,-195.093999,0.000000
36,114,-195.093999,0.000000
36,115,-195.094003,-0.000000
36,116,-195.093999,-0.000000
36,117,-195.093999,0.000000
36,118,-195.094000,0.000000
36,119,-195.093999,-0.000000
37,38,-195.093997,-0.000001
37,39,-195.094145,0.000000
37,40,-195.094571,-0.000005
37,41,-195.094349,0.000000
37,42,-195.094265,-0.000003
37,43,-195.094257,0.000001
37,44,-195.094218,-0.000005
37,45,-195.094114,-0.000000
37,46,-195.094733,-0.000001
37,47,-195.094020,0.000000
37,48,-195.093989,0.000000
37,49,-195.093998,-0.000000
37,50,-195.093981,0.000000
37,51,-195.093990,-0.000000
37,52,-195.094020,-0.000000
37,53,-195.094006,0.000000
37,54,-195.093976,0.000000
37,55,-195.094103,-0.000000
37,56,-195.093992,0.000000
37,57,-195.093983,-0.000000
37,58,-195.093988,-0.000000
37,59,-195.094008,-0.000002
37,60,-195.094055,0.000000
37,61,-195.094090,-0.000000
37,62,-195.094010,0.000000
37,63,-195.093982,0.000000
37,64,-195.094108,-0.000001
37,65,-195.094015,-0.000000
37,66,-195.093988,-0.000000
37,67,-195.093984,-0.000000
37,68,-195.093996,0.000000
37,69,-195.093976,0.000000
37,70,-195.093974,0.000000
37,71,-195.094012,0.000000
37,72,-195.094016,-0.000001
37,73,-195.094022,-0.000004
37,74,-195.093972,-0.000000
37,75,-195.094010,0.000000
37,76,-195.093978,-0.000000
37,77,-195.093972,-0.000000
37,78,-195.093973,0.000000
37,79,-195.093977,-0.000000
37,80,-195.094015,-0.000000
37,81,-195.093978,0.000000
37,82,-195.093973,-0.000000
37,83,-195.093980,0.000000
37,84,-195.093982,0.000000
37,85,-195.093978,0.000000
37,86,-195.093981,0.000000
37,87,-195.093977,-0.000000
37,88,-195.093978,-0.000000
37,89,-195.093977,0.000000
37,90,-195.093974,0.000000
37,91,-195.093978,-0.000000
37,92,-195.093976,-0.000000
37,93,-195.093996,-0.000000
37,94,-195.093974,-0.000000
37,95,-195.093977,-0.000001
37,96,-195.093995,-0.000000
37,97,-195.093980,-0.000000
37,98,-195.093986,-0.000000
37,99,-195.093975,0.000000
37,100,-195.093972,-0.000000
37,101,-195.093979,0.000000
37,102,-195.093981,-0.000000
37,103,-195.093972,-0.000000
37,104,-195.093971,0.000000
37,105,-195.093971,0.000000
37,106,-195.093975,-0.000000
37,107,-195.093973,0.000000
37,108,-195.093973,-0.000000
37,109,-195.093971,0.000000
37,110,-195.093970,0.000000
37,111,-195.093973,-0.000000
37,112,-195.093972,0.000000
37,113,-195.093972,0.000000
37,114,-195.093971,0.000000
37,115,-195.093975,-0.000000
37,116,-195.093971,-0.000000
37,117,-195.093971,-0.000000
37,118,-195.093972,-0.000000
37,119,-195.093971,-0.000000
38,39,-195.094161,0.000000
38,40,-195.094598,-0.000017
38,41,-195.094395,-0.000030
38,42,-195.094298,-0.000020
38,43,-195.094277,-0.000004
38,44,-195.094244,-0.000015
38,45,-195.094130,0.000000
38,46,-195.094750,-0.000002
38,47,-195.094036,0.000000
38,48,-195.094006,-0.000001
38,49,-195.094014,0.000000
38,50,-195.093997,-0.000001
38,51,-195.094006,-0.000000
38,52,-195.094036,-0.000000
38,53,-195.094022,-0.000001
38,54,-195.093993,-0.000001
38,55,-195.094119,0.000000
38,56,-195.094009,-0.000001
38,57,-195.093999,-0.000000
38,58,-195.094009,-0.000005
38,59,-195.094022,0.000000
38,60,-195.094072,-0.000001
38,61,-195.094107,-0.000001
38,62,-195.094026,-0.000001
38,63,-195.094000,-0.000002
38,64,-195.094132,-0.000009
38,65,-195.094030,0.000000
38,66,-195.094004,-0.000000
38,67,-195.094000,-0.000000
38,68,-195.094012,0.000000
38,69,-195.093993,-0.000001
38,70,-195.093992,-0.000002
38,71,-195.094028,0.000000
38,72,-195.094033,-0.000001
38,73,-195.094036,-0.000001
38,74,-195.093987,0.000000
38,75,-195.094026,0.000000
38,76,-195.093994,-0.000000
38,77,-195.093988,-0.000000
38,78,-195.093989,-0.000000
38,79,-195.093993,-0.000001
38,80,-195.094031,0.000000
38,81,-195.093995,-0.000001
38,82,-195.093989,-0.000000
38,83,-195.093996,-0.000000
38,84,-195.093998,0.000000
38,85,-195.093994,0.000000
38,86,-195.093998,-0.000000
38,87,-195.093993,0.000000
38,88,-195.093993,-0.000000
38,89,-195.093993,-0.000000
38,90,-195.093990,0.000000
38,91,-195.093994,-0.000001
38,92,-195.093992,-0.000000
38,93,-195.094012,-0.000000
38,94,-195.093990,-0.000000
38,95,-195.093993,0.000000
38,96,-195.094011,0.000000
38,97,-195.093997,-0.000001
38,98,-195.094001,-0.000000
38,99,-195.093991,0.000000
38,100,-195.093988,-0.000000
38,101,-195.093995,0.000000
38,102,-195.093997,0.000000
38,103,-195.093988,0.000000
38,104,-195.093987,-0.000000
38,105,-195.093987,-0.000000
38,106,-195.093991,-0.000000
38,107,-195.093989,-0.000000
38,108,-195.093989,0.000000
38,109,-195.093987,-0.000000
38,110,-195.093986,0.000000
38,111,-195.093989,-0.000000
38,112,-195.093988,0.000000
38,113,-195.093988,0.000000
38,114,-195.093987,-0.000000
38,115,-195.093991,-0.000000
38,116,-195.093987,0.000000
38,117,-195.093987,0.000000
38,118,-195.093988,0.000000
38,119,-195.093987,0.000000
39,40,-195.094752,-0.000022
39,41,-195.094557,-0.000044
39,42,-195.094444,-0.000018
39,43,-195.094439,-0.000017
39,44,-195.094377,0.000001
39,45,-195.094276,0.000002
39,46,-195.094893,0.000003
39,47,-195.094185,-0.000001
39,48,-195.094154,0.000000
39,49,-195.094166,-0.000003
39,50,-195.094145,-0.000000
39,51,-195.094155,-0.000001
39,52,-195.094185,-0.000001
39,53,-195.094173,-0.000003
39,54,-195.094140,0.000000
39,55,-195.094273,-0.000005
39,56,-195.094167,-0.000011
39,57,-195.094149,-0.000001
39,58,-195.094156,-0.000003
39,59,-195.094177,-0.000006
39,60,-195.094223,-0.000003
39,61,-195.094254,0.000000
39,62,-195.094186,-0.000012
39,63,-195.094147,0.000000
39,64,-195.094272,-0.000000
39,65,-195.094179,-0.000000
39,66,-195.094152,0.000000
39,67,-195.094152,-0.000004
39,68,-195.094161,-0.000001
39,69,-195.094142,-0.000001
39,70,-195.094140,-0.000001
39,71,-195.094195,-0.000019
39,72,-195.094205,-0.000025
39,73,-195.094183,0.000000
39,74,-195.094136,0.000000
39,75,-195.094175,0.000000
39,76,-195.094145,-0.000002
39,77,-195.094137,-0.000000
39,78,-195.094138,0.000000
39,79,-195.094141,-0.000000
39,80,-195.094179,0.000000
39,81,-195.094143,0.000000
39,82,-195.094138,-0.000000
39,83,-195.094144,0.000000
39,84,-195.094147,-0.000001
39,85,-195.094143,-0.000000
39,86,-195.094146,-0.000001
39,87,-195.094143,-0.000001
39,88,-195.094142,-0.000000
39,89,-195.094141,0.000000
39,90,-195.094139,-0.000000
39,91,-195.094142,0.000000
39,92,-195.094141,-0.000000
39,93,-195.094160,0.000000
39,94,-195.094138,-0.000000
39,95,-195.094142,-0.000001
39,96,-195.094160,-0.000000
39,97,-195.094145,-0.000000
39,98,-195.094150,0.000000
39,99,-195.094139,0.000000
39,100,-195.094136,-0.000000
39,101,-195.094144,-0.000000
39,102,-195.094146,-0.000000
39,103,-195.094137,-0.000001
39,104,-195.094136,-0.000000
39,105,-195.094135,-0.000000
39,106,-195.094140,-0.000000
39,107,-195.094139,-0.000001
39,108,-195.094138,-0.000000
39,109,-195.094136,0.000000
39,110,-195.094135,-0.000000
39,111,-195.094138,-0.000000
39,112,-195.094137,0.000000
39,113,-195.094136,-0.000000
39,114,-195.094136,0.000000
39,115,-195.094139,0.000000
39,116,-195.094136,-0.000000
39,117,-195.094136,-0.000000
39,118,-195.094136,0.000000
39,119,-195.094136,0.000000
40,41,-195.094984,-0.000050
40,42,-195.094906,-0.000059
40,43,-195.094846,-0.000003
40,44,-195.094795,0.000004
40,45,-195.094697,0.000002
40,46,-195.095341,-0.000024
40,47,-195.094607,-0.000002
40,48,-195.094575,-0.000000
40,49,-195.094588,-0.000005
40,50,-195.094566,0.000000
40,51,-195.094580,-0.000004
40,52,-195.094607,-0.000002
40,53,-195.094597,-0.000006
40,54,-195.094561,0.000000
40,55,-195.094696,-0.000008
40,56,-195.094578,-0.000000
40,57,-195.094574,-0.000005
40,58,-195.094573,-0.000000
40,59,-195.094595,-0.000003
40,60,-195.094640,0.000001
40,61,-195.094675,0.000000
40,62,-195.094595,-0.000000
40,63,-195.094568,-0.000000
40,64,-195.094693,-0.000001
40,65,-195.094600,-0.000001
40,66,-195.094574,-0.000001
40,67,-195.094569,0.000000
40,68,-195.094586,-0.000004
40,69,-195.094562,-0.000001
40,70,-195.094562,-0.000002
40,71,-195.094600,-0.000003
40,72,-195.094604,-0.000003
40,73,-195.094635,-0.000031
40,74,-195.094557,-0.000001
40,75,-195.094605,-0.000009
40,76,-195.094563,0.000000
40,77,-195.094557,-0.000000
40,78,-195.094558,0.000000
40,79,-195.094563,-0.000001
40,80,-195.094601,-0.000001
40,81,-195.094565,-0.000001
40,82,-195.094559,-0.000000
40,83,-195.094565,0.000000
40,84,-195.094568,-0.000001
40,85,-195.094565,-0.000001
40,86,-195.094566,0.000001
40,87,-195.094564,-0.000002
40,88,-195.094563,-0.000000
40,89,-195.094563,-0.000001
40,90,-195.094560,-0.000000
40,91,-195.094563,-0.000000
40,92,-195.094562,-0.000000
40,93,-195.094580,0.000001
40,94,-195.094559,0.000000
40,95,-195.094562,0.000000
40,96,-195.094580,0.000000
40,97,-195.094566,-0.000000
40,98,-195.094572,-0.000002
40,99,-195.094560,-0.000000
40,100,-195.094557,-0.000000
40,101,-195.094565,-0.000000
40,102,-195.094568,-0.000001
40,103,-195.094557,-0.000000
40,104,-195.094557,-0.000000
40,105,-195.094556,-0.000000
40,106,-195.094560,0.000000
40,107,-195.094559,-0.000000
40,108,-195.094558,0.000000
40,109,-195.094556,0.000000
40,110,-195.094556,0.000000
40,111,-195.094559,-0.000001
40,112,-195.094557,-0.000000
40,113,-195.094557,0.000000
40,114,-195.094556,-0.000000
40,115,-195.094560,-0.000000
40,116,-195.094556,-0.000000
40,117,-195.094557,-0.000000
40,118,-195.094558,-0.000000
40,119,-195.094557,-0.000000
41,42,-195.094628,0.000003
41,43,-195.094620,0.000006
41,44,-195.094603,-0.000021
41,45,-195.094498,-0.000016
41,46,-195.095148,-0.000048
41,47,-195.094390,-0.000002
41,48,-195.094362,-0.000004
41,49,-195.094365,0.000001
41,50,-195.094349,-0.000000
41,51,-195.094358,-0.000000
41,52,-195.094389,-0.000002
41,53,-195.094375,-0.000001
41,54,-195.094346,-0.000002
41,55,-195.094475,-0.000004
41,56,-195.094361,-0.000000
41,57,-195.094352,-0.000000
41,58,-195.094356,0.000000
41,59,-195.094375,-0.000001
41,60,-195.094431,-0.000007
41,61,-195.094458,0.000000
41,62,-195.094379,-0.000001
41,63,-195.094351,0.000000
41,64,-195.094486,-0.000010
41,65,-195.094384,-0.000001
41,66,-195.094356,-0.000000
41,67,-195.094351,0.000001
41,68,-195.094366,-0.000002
41,69,-195.094345,-0.000000
41,70,-195.094345,-0.000002
41,71,-195.094388,-0.000007
41,72,-195.094384,-0.000000
41,73,-195.094392,-0.000005
41,74,-195.094340,-0.000000
41,75,-195.094380,-0.000001
41,76,-195.094346,0.000000
41,77,-195.094340,0.000000
41,78,-195.094343,-0.000001
41,79,-195.094345,0.000000
41,80,-195.094384,-0.000000
41,81,-195.094349,-0.000002
41,82,-195.094342,0.000000
41,83,-195.094349,-0.000001
41,84,-195.094350,0.000000
41,85,-195.094347,-0.000001
41,86,-195.094351,-0.000001
41,87,-195.094345,0.000000
41,88,-195.094346,-0.000000
41,89,-195.094346,-0.000000
41,90,-195.094343,-0.000000
41,91,-195.094346,0.000000
41,92,-195.094345,-0.000000
41,93,-195.094367,-0.000003
41,94,-195.094342,-0.000000
41,95,-195.094346,-0.000001
41,96,-195.094364,-0.000001
41,97,-195.094349,-0.000001
41,98,-195.094357,-0.000003
41,99,-195.094344,-0.000001
41,100,-195.094340,-0.000000
41,101,-195.094348,0.000000
41,102,-195.094349,0.000000
41,103,-195.094340,-0.000000
41,104,-195.094340,0.000000
41,105,-195.094339,0.000000
41,106,-195.094344,-0.000000
41,107,-195.094342,0.000000
41,108,-195.094343,-0.000001
41,109,-195.094340,0.000000
41,110,-195.094339,-0.000000
41,111,-195.094341,0.000000
41,112,-195.094341,0.000000
41,113,-195.094341,-0.000001
41,114,-195.094339,0.000000
41,115,-195.094344,-0.000001
41,116,-195.094340,-0.000000
41,117,-195.094340,-0.000000
41,118,-195.094341,-0.000000
41,119,-195.094340,-0.000000
42,43,-195.094528,0.000011
42,44,-195.094499,-0.000004
42,45,-195.094397,-0.000001
42,46,-195.095013,0.000001
42,47,-195.094303,-0.000002
42,48,-195.094271,0.000000
42,49,-195.094279,0.000001
42,50,-195.094263,-0.000001
42,51,-195.094272,-0.000001
42,52,-195.094301,0.000000
42,53,-195.094287,-0.000000
42,54,-195.094258,0.000000
42,55,-195.094383,0.000001
42,56,-195.094282,-0.000009
42,57,-195.094269,-0.000004
42,58,-195.094269,0.000000
42,59,-195.094335,-0.000047
42,60,-195.094336,0.000000
42,61,-195.094372,-0.000000
42,62,-195.094297,-0.000005
42,63,-195.094265,-0.000001
42,64,-195.094389,-0.000000
42,65,-195.094296,0.000000
42,66,-195.094269,0.000000
42,67,-195.094268,-0.000002
42,68,-195.094287,-0.000009
42,69,-195.094263,-0.000006
42,70,-195.094256,-0.000000
42,71,-195.094294,0.000000
42,72,-195.094307,-0.000010
42,73,-195.094331,-0.000031
42,74,-195.094254,-0.000002
42,75,-195.094294,-0.000002
42,76,-195.094259,0.000000
42,77,-195.094253,-0.000000
42,78,-195.094255,0.000000
42,79,-195.094259,-0.000001
42,80,-195.094297,-0.000000
42,81,-195.094260,0.000000
42,82,-195.094255,-0.000000
42,83,-195.094261,-0.000000
42,84,-195.094264,-0.000000
42,85,-195.094260,0.000000
42,86,-195.094265,-0.000002
42,87,-195.094263,-0.000004
42,88,-195.094260,-0.000001
42,89,-195.094259,-0.000001
42,90,-195.094256,0.000000
42,91,-195.094259,-0.000000
42,92,-195.094259,-0.000001
42,93,-195.094281,-0.000004
42,94,-195.094255,-0.000000
42,95,-195.094259,-0.000000
42,96,-195.094277,-0.000001
42,97,-195.094265,-0.000004
42,98,-195.094267,0.000000
42,99,-195.094258,-0.000002
42,100,-195.094253,-0.000000
42,101,-195.094261,0.000000
42,102,-195.094263,0.000000
42,103,-195.094253,-0.000000
42,104,-195.094253,0.000000
42,105,-195.094252,0.000000
42,106,-195.094257,0.000000
42,107,-195.094255,-0.000000
42,108,-195.094255,-0.000000
42,109,-195.094253,-0.000000
42,110,-195.094252,-0.000000
42,111,-195.094255,-0.000000
42,112,-195.094254,-0.000000
42,113,-195.094253,0.000000
42,114,-195.094253,-0.000000
42,115,-195.094256,-0.000000
42,116,-195.094253,-0.000000
42,117,-195.094253,-0.000000
42,118,-195.094254,-0.000000
42,119,-195.094253,-0.000000
43,44,-195.094488,0.000002
43,45,-195.094398,-0.000007
43,46,-195.095018,-0.000010
43,47,-195.094297,0.000000
43,48,-195.094267,-0.000001
43,49,-195.094275,-0.000000
43,50,-195.094258,-0.000001
43,51,-195.094267,0.000000
43,52,-195.094296,0.000000
43,53,-195.094284,-0.000001
43,54,-195.094253,0.000000
43,55,-195.094379,0.000001
43,56,-195.094276,-0.000007
43,57,-195.094272,-0.000012
43,58,-195.094267,-0.000002
43,59,-195.094295,-0.000012
43,60,-195.094332,0.000001
43,61,-195.094367,-0.000000
43,62,-195.094291,-0.000004
43,63,-195.094260,-0.000000
43,64,-195.094382,0.000002
43,65,-195.094291,0.000000
43,66,-195.094265,0.000000
43,67,-195.094266,-0.000006
43,68,-195.094273,0.000000
43,69,-195.094256,-0.000003
43,70,-195.094253,-0.000001
43,71,-195.094295,-0.000006
43,72,-195.094319,-0.000026
43,73,-195.094294,0.000001
43,74,-195.094248,0.000000
43,75,-195.094296,-0.000008
43,76,-195.094268,-0.000014
43,77,-195.094251,-0.000002
43,78,-195.094251,-0.000001
43,79,-195.094258,-0.000004
43,80,-195.094299,-0.000008
43,81,-195.094256,-0.000001
43,82,-195.094250,0.000000
43,83,-195.094257,-0.000001
43,84,-195.094259,-0.000000
43,85,-195.094257,-0.000002
43,86,-195.094259,-0.000000
43,87,-195.094257,-0.000003
43,88,-195.094255,-0.000000
43,89,-195.094254,-0.000000
43,90,-195.094253,-0.000002
43,91,-195.094257,-0.000002
43,92,-195.094253,-0.000000
43,93,-195.094274,-0.000001
43,94,-195.094251,-0.000000
43,95,-195.094254,-0.000000
43,96,-195.094272,0.000000
43,97,-195.094268,-0.000011
43,98,-195.094277,-0.000014
43,99,-195.094252,-0.000000
43,100,-195.094249,-0.000000
43,101,-195.094256,0.000000
43,102,-195.094258,-0.000000
43,103,-195.094249,-0.000000
43,104,-195.094249,-0.000000
43,105,-195.094248,-0.000000
43,106,-195.094253,-0.000001
43,107,-195.094251,-0.000001
43,108,-195.094251,-0.000000
43,109,-195.094248,0.000000
43,110,-195.094247,0.000000
43,111,-195.094250,-0.000000
43,112,-195.094249,-0.000000
43,113,-195.094249,-0.000000
43,114,-195.094248,-0.000000
43,115,-195.094253,-0.000001
43,116,-195.094248,-0.000000
43,117,-195.094249,-0.000000
43,118,-195.094252,-0.000003
43,119,-195.094248,-0.000000
44,45,-195.094345,0.000001
44,46,-195.094966,-0.000002
44,47,-195.094253,-0.000000
44,48,-195.094222,0.000000
44,49,-195.094231,-0.000001
44,50,-195.094214,-0.000001
44,51,-195.094223,-0.000001
44,52,-195.094255,-0.000003
44,53,-195.094245,-0.000007
44,54,-195.094211,-0.000002
44,55,-195.094335,0.000001
44,56,-195.094225,-0.000000
44,57,-195.094218,-0.000002
44,58,-195.094220,0.000001
44,59,-195.094243,-0.000003
44,60,-195.094292,-0.000004
44,61,-195.094326,-0.000004
44,62,-195.094243,-0.000001
44,63,-195.094215,-0.000000
44,64,-195.094339,0.000001
44,65,-195.094247,0.000000
44,66,-195.094220,0.000000
44,67,-195.094216,0.000000
44,68,-195.094230,-0.000000
44,69,-195.094209,0.000000
44,70,-195.094207,0.000000
44,71,-195.094247,-0.000002
44,72,-195.094252,-0.000003
44,73,-195.094251,0.000000
44,74,-195.094204,-0.000000
44,75,-195.094242,0.000001
44,76,-195.094211,0.000000
44,77,-195.094205,-0.000000
44,78,-195.094206,0.000000
44,79,-195.094209,0.000000
44,80,-195.094247,0.000000
44,81,-195.094212,-0.000001
44,82,-195.094206,-0.000000
44,83,-195.094213,-0.000001
44,84,-195.094216,-0.000001
44,85,-195.094212,-0.000002
44,86,-195.094225,-0.000011
44,87,-195.094210,-0.000000
44,88,-195.094210,0.000000
44,89,-195.094210,0.000000
44,90,-195.094208,-0.000001
44,91,-195.094213,-0.000002
44,92,-195.094209,0.000000
44,93,-195.094229,-0.000001
44,94,-195.094207,-0.000000
44,95,-195.094210,-0.000000
44,96,-195.094230,-0.000003
44,97,-195.094213,-0.000000
44,98,-195.094224,-0.000006
44,99,-195.094208,-0.000000
44,100,-195.094205,-0.000000
44,101,-195.094212,0.000000
44,102,-195.094217,-0.000003
44,103,-195.094204,-0.000000
44,104,-195.094205,-0.000001
44,105,-195.094203,0.000000
44,106,-195.094208,-0.000000
44,107,-195.094207,-0.000001
44,108,-195.094206,-0.000000
44,109,-195.094204,0.000000
44,110,-195.094203,-0.000000
44,111,-195.094206,-0.000000
44,112,-195.094205,-0.000000
44,113,-195.094205,-0.000001
44,114,-195.094204,-0.000000
44,115,-195.094208,-0.000000
44,116,-195.094205,-0.000001
44,117,-195.094205,-0.000001
44,118,-195.094206,-0.000001
44,119,-195.094204,-0.000000
45,46,-195.094899,-0.000033
45,47,-195.094154,-0.000000
45,48,-195.094123,-0.000000
45,49,-195.094132,-0.000000
45,50,-195.094115,-0.000001
45,51,-195.094124,-0.000000
45,52,-195.094154,-0.000001
45,53,-195.094139,-0.000000
45,54,-195.094111,-0.000001
45,55,-195.094236,0.000000
45,56,-195.094127,-0.000001
45,57,-195.094119,-0.000002
45,58,-195.094122,-0.000001
45,59,-195.094141,-0.000001
45,60,-195.094194,-0.000005
45,61,-195.094223,0.000001
45,62,-195.094143,0.000000
45,63,-195.094117,-0.000000
45,64,-195.094242,-0.000001
45,65,-195.094148,-0.000000
45,66,-195.094121,0.000000
45,67,-195.094117,0.000000
45,68,-195.094131,-0.000001
45,69,-195.094110,0.000000
45,70,-195.094108,-0.000000
45,71,-195.094146,0.000000
45,72,-195.094150,-0.000001
45,73,-195.094157,-0.000004
45,74,-195.094105,-0.000000
45,75,-195.094145,-0.000001
45,76,-195.094112,0.000000
45,77,-195.094106,-0.000000
45,78,-195.094107,-0.000000
45,79,-195.094114,-0.000003
45,80,-195.094154,-0.000006
45,81,-195.094112,0.000000
45,82,-195.094107,-0.000000
45,83,-195.094113,0.000000
45,84,-195.094116,-0.000000
45,85,-195.094112,-0.000000
45,86,-195.094117,-0.000002
45,87,-195.094111,0.000000
45,88,-195.094111,0.000000
45,89,-195.094111,-0.000000
45,90,-195.094110,-0.000002
45,91,-195.094111,-0.000000
45,92,-195.094110,-0.000000
45,93,-195.094130,-0.000000
45,94,-195.094107,0.000000
45,95,-195.094110,0.000000
45,96,-195.094129,-0.000000
45,97,-195.094114,-0.000000
45,98,-195.094129,-0.000010
45,99,-195.094109,-0.000000
45,100,-195.094105,-0.000000
45,101,-195.094114,-0.000001
45,102,-195.094115,0.000000
45,103,-195.094106,-0.000001
45,104,-195.094105,-0.000000
45,105,-195.094104,0.000000
45,106,-195.094109,0.000000
45,107,-195.094107,-0.000000
45,108,-195.094107,-0.000000
45,109,-195.094105,-0.000000
45,110,-195.094104,0.000000
45,111,-195.094107,-0.000000
45,112,-195.094106,0.000000
45,113,-195.094105,-0.000000
45,114,-195.094105,0.000000
45,115,-195.094108,-0.000000
45,116,-195.094105,-0.000000
45,117,-195.094105,-0.000000
45,118,-195.094107,-0.000001
45,119,-195.094105,-0.000000
46,47,-195.094773,-0.000002
46,48,-195.094745,-0.000004
46,49,-195.094751,-0.000002
46,50,-195.094731,0.000001
46,51,-195.094741,0.000001
46,52,-195.094772,-0.000002
46,53,-195.094759,-0.000002
46,54,-195.094727,0.000000
46,55,-195.094853,0.000001
46,56,-195.094743,0.000000
46,57,-195.094734,-0.000000
46,58,-195.094742,-0.000003
46,59,-195.094757,0.000001
46,60,-195.094809,-0.000002
46,61,-195.094840,0.000001
46,62,-195.094760,0.000001
46,63,-195.094735,-0.000001
46,64,-195.094866,-0.000007
46,65,-195.094767,-0.000001
46,66,-195.094739,-0.000000
46,67,-195.094735,-0.000000
46,68,-195.094749,-0.000001
46,69,-195.094728,-0.000000
46,70,-195.094726,-0.000000
46,71,-195.094766,-0.000003
46,72,-195.094766,0.000001
46,73,-195.094771,-0.000001
46,74,-195.094723,-0.000000
46,75,-195.094771,-0.000009
46,76,-195.094731,-0.000001
46,77,-195.094723,-0.000000
46,78,-195.094725,-0.000000
46,79,-195.094728,-0.000000
46,80,-195.094776,-0.000010
46,81,-195.094731,-0.000002
46,82,-195.094725,-0.000001
46,83,-195.094732,-0.000002
46,84,-195.094735,-0.000001
46,85,-195.094730,-0.000001
46,86,-195.094733,-0.000001
46,87,-195.094728,0.000000
46,88,-195.094729,0.000000
46,89,-195.094728,0.000000
46,90,-195.094725,0.000000
46,91,-195.094729,-0.000000
46,92,-195.094728,-0.000001
46,93,-195.094748,-0.000001
46,94,-195.094725,-0.000000
46,95,-195.094729,-0.000001
46,96,-195.094752,-0.000006
46,97,-195.094732,-0.000000
46,98,-195.094738,-0.000001
46,99,-195.094726,0.000000
46,100,-195.094723,0.000000
46,101,-195.094732,-0.000001
46,102,-195.094732,0.000000
46,103,-195.094723,-0.000000
46,104,-195.094722,0.000000
46,105,-195.094722,0.000000
46,106,-195.094727,-0.000001
46,107,-195.094725,-0.000000
46,108,-195.094724,0.000000
46,109,-195.094722,0.000000
46,110,-195.094722,-0.000000
46,111,-195.094724,-0.000000
46,112,-195.094723,0.000000
46,113,-195.094723,0.000000
46,114,-195.094722,0.000000
46,115,-195.094726,0.000000
46,116,-195.094722,0.000000
46,117,-195.094722,0.000000
46,118,-195.094723,0.000000
46,119,-195.094723,0.000000
47,48,-195.094029,0.000000
47,49,-195.094041,-0.000004
47,50,-195.094020,-0.000000
47,51,-195.094029,0.000000
47,52,-195.094060,-0.000001
47,53,-195.094044,0.000001
47,54,-195.094016,-0.000000
47,55,-195.094143,-0.000001
47,56,-195.094032,0.000000
47,57,-195.094023,-0.000000
47,58,-195.094027,-0.000000
47,59,-195.094046,0.000000
47,60,-195.094095,0.000000
47,61,-195.094130,-0.000000
47,62,-195.094049,0.000000
47,63,-195.094022,0.000000
47,64,-195.094147,0.000000
47,65,-195.094054,-0.000000
47,66,-195.094031,-0.000004
47,67,-195.094025,-0.000001
47,68,-195.094036,-0.000000
47,69,-195.094017,-0.000001
47,70,-195.094014,-0.000000
47,71,-195.094052,-0.000000
47,72,-195.094056,-0.000001
47,73,-195.094058,-0.000000
47,74,-195.094011,0.000000
47,75,-195.094050,-0.000001
47,76,-195.094017,-0.000000
47,77,-195.094011,-0.000000
47,78,-195.094013,-0.000000
47,79,-195.094016,0.000000
47,80,-195.094054,-0.000000
47,81,-195.094018,0.000000
47,82,-195.094013,-0.000000
47,83,-195.094019,-0.000000
47,84,-195.094022,0.000000
47,85,-195.094018,-0.000000
47,86,-195.094021,-0.000000
47,87,-195.094017,0.000000
47,88,-195.094017,-0.000000
47,89,-195.094017,-0.000000
47,90,-195.094014,0.000000
47,91,-195.094017,-0.000000
47,92,-195.094016,0.000000
47,93,-195.094035,0.000000
47,94,-195.094013,-0.000000
47,95,-195.094016,0.000000
47,96,-195.094035,-0.000001
47,97,-195.094020,-0.000001
47,98,-195.094025,0.000000
47,99,-195.094014,-0.000000
47,100,-195.094011,0.000000
47,101,-195.094019,-0.000001
47,102,-195.094021,-0.000000
47,103,-195.094011,0.000000
47,104,-195.094011,0.000000
47,105,-195.094010,0.000000
47,106,-195.094015,0.000000
47,107,-195.094013,-0.000000
47,108,-195.094013,0.000000
47,109,-195.094011,-0.000000
47,110,-195.094010,0.000000
47,111,-195.094012,0.000000
47,112,-195.094012,0.000000
47,113,-195.094011,0.000000
47,114,-195.094011,-0.000000
47,115,-195.094014,-0.000000
47,116,-195.094011,0.000000
47,117,-195.094011,0.000000
47,118,-195.094012,-0.000000
47,119,-195.094011,-0.000000
48,49,-195.094010,-0.000003
48,50,-195.093990,-0.000001
48,51,-195.094000,-0.000001
48,52,-195.094029,-0.000000
48,53,-195.094016,-0.000001
48,54,-195.093987,-0.000002
48,55,-195.094112,-0.000000
48,56,-195.094003,-0.000001
48,57,-195.093993,-0.000000
48,58,-195.093997,-0.000000
48,59,-195.094018,-0.000003
48,60,-195.094065,-0.000000
48,61,-195.094101,-0.000001
48,62,-195.094020,-0.000001
48,63,-195.093992,-0.000000
48,64,-195.094120,-0.000003
48,65,-195.094024,-0.000000
48,66,-195.093997,-0.000000
48,67,-195.093993,-0.000000
48,68,-195.094007,-0.000001
48,69,-195.093985,0.000000
48,70,-195.093983,0.000000
48,71,-195.094021,0.000000
48,72,-195.094025,-0.000000
48,73,-195.094028,-0.000000
48,74,-195.093980,-0.000000
48,75,-195.094019,0.000000
48,76,-195.093987,0.000000
48,77,-195.093981,-0.000000
48,78,-195.093982,0.000000
48,79,-195.093986,0.000000
48,80,-195.094024,-0.000000
48,81,-195.093987,-0.000000
48,82,-195.093983,-0.000000
48,83,-195.093989,0.000000
48,84,-195.093991,0.000000
48,85,-195.093987,-0.000000
48,86,-195.093990,0.000000
48,87,-195.093986,-0.000000
48,88,-195.093987,0.000000
48,89,-195.093986,0.000000
48,90,-195.093983,-0.000000
48,91,-195.093987,-0.000000
48,92,-195.093985,0.000000
48,93,-195.094005,-0.000000
48,94,-195.093984,-0.000001
48,95,-195.093986,0.000000
48,96,-195.094005,-0.000000
48,97,-195.093989,-0.000000
48,98,-195.093994,-0.000000
48,99,-195.093984,-0.000000
48,100,-195.093981,-0.000000
48,101,-195.093988,0.000000
48,102,-195.093990,-0.000000
48,103,-195.093981,-0.000000
48,104,-195.093980,0.000000
48,105,-195.093980,0.000000
48,106,-195.093984,-0.000000
48,107,-195.093982,-0.000000
48,108,-195.093982,-0.000000
48,109,-195.093980,-0.000000
48,110,-195.093980,-0.000000
48,111,-195.093983,-0.000000
48,112,-195.093981,-0.000000
48,113,-195.093981,-0.000000
48,114,-195.093980,-0.000000
48,115,-195.093984,0.000000
48,116,-195.093980,-0.000000
48,117,-195.093980,-0.000000
48,118,-195.093981,-0.000000
48,119,-195.093980,-0.000000
49,50,-195.093999,-0.000001
49,51,-195.094007,0.000000
49,52,-195.094036,0.000001
49,53,-195.094027,-0.000004
49,54,-195.093994,-0.000000
49,55,-195.094120,0.000000
49,56,-195.094010,0.000000
49,57,-195.094001,-0.000000
49,58,-195.094005,0.000000
49,59,-195.094024,-0.000000
49,60,-195.094073,0.000000
49,61,-195.094108,-0.000001
49,62,-195.094027,0.000000
49,63,-195.094000,-0.000000
49,64,-195.094125,-0.000001
49,65,-195.094032,-0.000000
49,66,-195.094005,-0.000000
49,67,-195.094002,-0.000000
49,68,-195.094015,-0.000001
49,69,-195.093994,-0.000000
49,70,-195.093992,0.000000
49,71,-195.094031,-0.000001
49,72,-195.094033,-0.000000
49,73,-195.094037,-0.000001
49,74,-195.093989,-0.000000
49,75,-195.094028,-0.000000
49,76,-195.093996,-0.000000
49,77,-195.093990,-0.000000
49,78,-195.093991,0.000000
49,79,-195.093994,0.000000
49,80,-195.094032,-0.000000
49,81,-195.093996,0.000000
49,82,-195.093991,0.000000
49,83,-195.093997,0.000000
49,84,-195.094000,-0.000000
49,85,-195.093996,0.000000
49,86,-195.093999,0.000000
49,87,-195.093995,0.000000
49,88,-195.093995,-0.000000
49,89,-195.093994,-0.000000
49,90,-195.093992,0.000000
49,91,-195.093995,-0.000000
49,92,-195.093994,-0.000000
49,93,-195.094013,-0.000000
49,94,-195.093991,-0.000000
49,95,-195.093994,0.000000
49,96,-195.094014,-0.000001
49,97,-195.093997,0.000000
49,98,-195.094003,0.000000
49,99,-195.093992,0.000000
49,100,-195.093989,-0.000000
49,101,-195.093997,0.000000
49,102,-195.093999,-0.000000
49,103,-195.093989,0.000000
49,104,-195.093989,-0.000000
49,105,-195.093988,0.000000
49,106,-195.093993,-0.000000
49,107,-195.093991,-0.000000
49,108,-195.093991,-0.000000
49,109,-195.093989,0.000000
49,110,-195.093988,-0.000000
49,111,-195.093991,-0.000000
49,112,-195.093990,0.000000
49,113,-195.093989,-0.000000
49,114,-195.093989,-0.000000
49,115,-195.093992,-0.000000
49,116,-195.093989,-0.000000
49,117,-195.093989,0.000000
49,118,-195.093990,-0.000000
49,119,-195.093989,-0.000000
50,51,-195.093989,0.000000
50,52,-195.094021,-0.000001
50,53,-195.094007,-0.000001
50,54,-195.093976,0.000000
50,55,-195.094103,-0.000000
50,56,-195.093992,0.000000
50,57,-195.093983,-0.000000
50,58,-195.093989,-0.000001
50,59,-195.094007,-0.000001
50,60,-195.094055,0.000000
50,61,-195.094090,-0.000000
50,62,-195.094010,-0.000000
50,63,-195.093983,-0.000000
50,64,-195.094107,-0.000000
50,65,-195.094015,-0.000000
50,66,-195.093989,-0.000001
50,67,-195.093984,0.000000
50,68,-195.093997,-0.000000
50,69,-195.093977,-0.000000
50,70,-195.093974,-0.000000
50,71,-195.094014,-0.000001
50,72,-195.094016,-0.000000
50,73,-195.094020,-0.000001
50,74,-195.093971,0.000000
50,75,-195.094011,-0.000000
50,76,-195.093978,-0.000000
50,77,-195.093972,-0.000000
50,78,-195.093973,0.000000
50,79,-195.093977,0.000000
50,80,-195.094015,-0.000000
50,81,-195.093978,0.000000
50,82,-195.093973,0.000000
50,83,-195.093980,-0.000000
50,84,-195.093982,0.000000
50,85,-195.093978,0.000000
50,86,-195.093981,0.000000
50,87,-195.093977,0.000000
50,88,-195.093977,0.000000
50,89,-195.093977,0.000000
50,90,-195.093974,-0.000000
50,91,-195.093978,0.000000
50,92,-195.093976,0.000000
50,93,-195.093996,-0.000001
50,94,-195.093974,0.000000
50,95,-195.093977,0.000000
50,96,-195.093995,-0.000000
50,97,-195.093980,0.000000
50,98,-195.093985,-0.000000
50,99,-195.093975,-0.000000
50,100,-195.093972,-0.000000
50,101,-195.093980,-0.000000
50,102,-195.093981,-0.000000
50,103,-195.093972,0.000000
50,104,-195.093971,-0.000000
50,105,-195.093971,-0.000000
50,106,-195.093975,0.000000
50,107,-195.093973,-0.000000
50,108,-195.093973,-0.000000
50,109,-195.093971,-0.000000
50,110,-195.093970,-0.000000
50,111,-195.093973,-0.000000
50,112,-195.093972,0.000000
50,113,-195.093972,0.000000
50,114,-195.093971,-0.000000
50,115,-195.093975,-0.000000
50,116,-195.093971,-0.000000
50,117,-195.093971,-0.000000
50,118,-195.093972,-0.000000
50,119,-195.093971,-0.000000
51,52,-195.094031,-0.000002
51,53,-195.094018,-0.000003
51,54,-195.093986,0.000000
51,55,-195.094114,-0.000001
51,56,-195.094002,-0.000000
51,57,-195.093992,0.000000
51,58,-195.093997,0.000000
51,59,-195.094019,-0.000003
51,60,-195.094065,0.000000
51,61,-195.094099,0.000000
51,62,-195.094020,-0.000001
51,63,-195.093992,0.000000
51,64,-195.094117,-0.000000
51,65,-195.094024,0.000000
51,66,-195.093997,-0.000000
51,67,-195.093993,-0.000000
51,68,-195.094006,0.000000
51,69,-195.093986,0.000000
51,70,-195.093984,-0.000000
51,71,-195.094022,-0.000000
51,72,-195.094025,0.000000
51,73,-195.094029,-0.000000
51,74,-195.093981,-0.000000
51,75,-195.094020,-0.000000
51,76,-195.093987,-0.000000
51,77,-195.093981,-0.000000
51,78,-195.093983,-0.000000
51,79,-195.093986,-0.000000
51,80,-195.094024,0.000000
51,81,-195.093988,0.000000
51,82,-195.093983,-0.000000
51,83,-195.093989,-0.000000
51,84,-195.093992,-0.000000
51,85,-195.093988,-0.000000
51,86,-195.093991,0.000000
51,87,-195.093987,0.000000
51,88,-195.093987,0.000000
51,89,-195.093986,0.000000
51,90,-195.093984,-0.000000
51,91,-195.093987,-0.000000
51,92,-195.093986,-0.000000
51,93,-195.094005,-0.000000
51,94,-195.093983,-0.000000
51,95,-195.093986,0.000000
51,96,-195.094004,0.000000
51,97,-195.093989,-0.000000
51,98,-195.093995,-0.000000
51,99,-195.093985,-0.000000
51,100,-195.093981,-0.000000
51,101,-195.093989,-0.000000
51,102,-195.093991,-0.000000
51,103,-195.093981,0.000000
51,104,-195.093981,-0.000000
51,105,-195.093980,-0.000000
51,106,-195.093985,-0.000000
51,107,-195.093983,0.000000
51,108,-195.093983,-0.000000
51,109,-195.093981,-0.000000
51,110,-195.093980,-0.000000
51,111,-195.093983,-0.000000
51,112,-195.093982,-0.000000
51,113,-195.093981,-0.000000
51,114,-195.093981,0.000000
51,115,-195.093984,-0.000000
51,116,-195.093981,-0.000000
51,117,-195.093981,0.000000
51,118,-195.093981,-0.000000
51,119,-195.093981,0.000000
52,53,-195.094047,-0.000002
52,54,-195.094016,-0.000001
52,55,-195.094148,-0.000006
52,56,-195.094032,-0.000000
52,57,-195.094022,0.000000
52,58,-195.094027,0.000000
52,59,-195.094045,0.000000
52,60,-195.094095,-0.000000
52,61,-195.094129,-0.000000
52,62,-195.094050,-0.000001
52,63,-195.094022,-0.000000
52,64,-195.094146,0.000000
52,65,-195.094054,-0.000001
52,66,-195.094027,-0.000000
52,67,-195.094023,-0.000000
52,68,-195.094035,0.000000
52,69,-195.094015,-0.000000
52,70,-195.094013,-0.000000
52,71,-195.094051,-0.000000
52,72,-195.094054,0.000000
52,73,-195.094058,-0.000000
52,74,-195.094010,0.000000
52,75,-195.094050,-0.000001
52,76,-195.094017,-0.000000
52,77,-195.094011,-0.000000
52,78,-195.094012,0.000000
52,79,-195.094016,-0.000000
52,80,-195.094054,-0.000000
52,81,-195.094018,-0.000000
52,82,-195.094012,0.000000
52,83,-195.094019,-0.000000
52,84,-195.094021,-0.000000
52,85,-195.094017,-0.000000
52,86,-195.094020,-0.000000
52,87,-195.094016,0.000000
52,88,-195.094017,-0.000000
52,89,-195.094016,-0.000000
52,90,-195.094014,-0.000000
52,91,-195.094017,-0.000000
52,92,-195.094016,-0.000000
52,93,-195.094035,-0.000000
52,94,-195.094013,-0.000000
52,95,-195.094016,-0.000000
52,96,-195.094035,-0.000000
52,97,-195.094019,0.000000
52,98,-195.094024,0.000000
52,99,-195.094014,0.000000
52,100,-195.094011,-0.000000
52,101,-195.094019,-0.000000
52,102,-195.094020,0.000000
52,103,-195.094011,-0.000000
52,104,-195.094010,0.000000
52,105,-195.094010,-0.000000
52,106,-195.094014,0.000000
52,107,-195.094012,-0.000000
52,108,-195.094012,0.000000
52,109,-195.094010,0.000000
52,110,-195.094009,-0.000000
52,111,-195.094012,-0.000000
52,112,-195.094011,-0.000000
52,113,-195.094011,0.000000
52,114,-195.094010,0.000000
52,115,-195.094014,-0.000000
52,116,-195.094010,-0.000000
52,117,-195.094010,-0.000000
52,118,-195.094011,0.000000
52,119,-195.094010,0.000000
53,54,-195.094003,-0.000001
53,55,-195.094132,-0.000004
53,56,-195.094020,-0.000002
53,57,-195.094009,-0.000000
53,58,-195.094014,-0.000000
53,59,-195.094036,-0.000005
53,60,-195.094084,-0.000004
53,61,-195.094117,-0.000001
53,62,-195.094037,-0.000002
53,63,-195.094008,-0.000000
53,64,-195.094132,0.000000
53,65,-195.094040,0.000000
53,66,-195.094013,-0.000000
53,67,-195.094009,-0.000000
53,68,-195.094022,-0.000000
53,69,-195.094001,0.000000
53,70,-195.094000,-0.000000
53,71,-195.094039,-0.000002
53,72,-195.094041,0.000000
53,73,-195.094045,-0.000001
53,74,-195.093997,-0.000000
53,75,-195.094036,-0.000000
53,76,-195.094003,-0.000000
53,77,-195.093997,-0.000000
53,78,-195.093999,-0.000000
53,79,-195.094002,0.000000
53,80,-195.094040,0.000000
53,81,-195.094004,0.000000
53,82,-195.093999,-0.000000
53,83,-195.094005,-0.000000
53,84,-195.094007,-0.000000
53,85,-195.094003,-0.000000
53,86,-195.094007,0.000000
53,87,-195.094002,-0.000000
53,88,-195.094003,-0.000000
53,89,-195.094002,-0.000000
53,90,-195.094000,-0.000000
53,91,-195.094003,-0.000000
53,92,-195.094002,-0.000000
53,93,-195.094022,-0.000001
53,94,-195.093999,-0.000000
53,95,-195.094002,-0.000000
53,96,-195.094021,-0.000001
53,97,-195.094005,-0.000000
53,98,-195.094011,0.000000
53,99,-195.094000,0.000000
53,100,-195.093997,-0.000000
53,101,-195.094005,0.000000
53,102,-195.094006,0.000000
53,103,-195.093997,-0.000000
53,104,-195.093997,-0.000000
53,105,-195.093996,0.000000
53,106,-195.094000,-0.000000
53,107,-195.093999,-0.000000
53,108,-195.093999,-0.000000
53,109,-195.093997,0.000000
53,110,-195.093996,-0.000000
53,111,-195.093998,-0.000000
53,112,-195.093997,0.000000
53,113,-195.093997,0.000000
53,114,-195.093996,0.000000
53,115,-195.094000,0.000000
53,116,-195.093996,-0.000000
53,117,-195.093996,0.000000
53,118,-195.093997,-0.000000
53,119,-195.093997,0.000000
54,55,-195.094099,0.000000
54,56,-195.093988,0.000000
54,57,-195.093979,0.000000
54,58,-195.093985,-0.000001
54,59,-195.094002,-0.000000
54,60,-195.094051,-0.000000
54,61,-195.094086,-0.000000
54,62,-195.094006,-0.000001
54,63,-195.093979,-0.000001
54,64,-195.094104,-0.000001
54,65,-195.094011,-0.000000
54,66,-195.093984,0.000000
54,67,-195.093979,0.000000
54,68,-195.093993,-0.000001
54,69,-195.093972,-0.000000
54,70,-195.093970,-0.000000
54,71,-195.094008,-0.000000
54,72,-195.094011,-0.000000
54,73,-195.094015,-0.000000
54,74,-195.093967,0.000000
54,75,-195.094007,-0.000000
54,76,-195.093974,0.000000
54,77,-195.093968,-0.000000
54,78,-195.093969,-0.000000
54,79,-195.093973,-0.000000
54,80,-195.094011,-0.000000
54,81,-195.093974,-0.000000
54,82,-195.093969,-0.000000
54,83,-195.093975,0.000000
54,84,-195.093978,0.000000
54,85,-195.093974,0.000000
54,86,-195.093977,-0.000000
54,87,-195.093973,0.000000
54,88,-195.093974,-0.000000
54,89,-195.093973,-0.000000
54,90,-195.093970,-0.000000
54,91,-195.093973,0.000000
54,92,-195.093972,-0.000000
54,93,-195.093992,-0.000000
54,94,-195.093969,-0.000000
54,95,-195.093973,0.000000
54,96,-195.093991,0.000000
54,97,-195.093976,-0.000000
54,98,-195.093981,-0.000000
54,99,-195.093971,-0.000000
54,100,-195.093967,0.000000
54,101,-195.093975,0.000000
54,102,-195.093977,-0.000000
54,103,-195.093968,-0.000000
54,104,-195.093968,-0.000000
54,105,-195.093966,-0.000000
54,106,-195.093971,-0.000000
54,107,-195.093969,-0.000000
54,108,-195.093969,-0.000000
54,109,-195.093967,-0.000000
54,110,-195.093966,0.000000
54,111,-195.093969,-0.000000
54,112,-195.093968,-0.000000
54,113,-195.093968,0.000000
54,114,-195.093967,0.000000
54,115,-195.093971,-0.000000
54,116,-195.093967,0.000000
54,117,-195.093967,0.000000
54,118,-195.093968,-0.000000
54,119,-195.093967,0.000000
55,56,-195.094115,0.000000
55,57,-195.094106,-0.000001
55,58,-195.094111,-0.000001
55,59,-195.094129,0.000000
55,60,-195.094179,-0.000001
55,61,-195.094214,-0.000001
55,62,-195.094135,-0.000003
55,63,-195.094106,-0.000000
55,64,-195.094230,-0.000000
55,65,-195.094138,-0.000001
55,66,-195.094110,0.000000
55,67,-195.094107,-0.000001
55,68,-195.094119,-0.000000
55,69,-195.094099,0.000000
55,70,-195.094097,0.000000
55,71,-195.094134,0.000000
55,72,-195.094138,0.000000
55,73,-195.094141,-0.000000
55,74,-195.094094,0.000000
55,75,-195.094134,-0.000001
55,76,-195.094101,-0.000000
55,77,-195.094094,-0.000000
55,78,-195.094096,0.000000
55,79,-195.094099,-0.000000
55,80,-195.094137,-0.000000
55,81,-195.094101,0.000000
55,82,-195.094096,-0.000000
55,83,-195.094102,0.000000
55,84,-195.094105,-0.000000
55,85,-195.094101,-0.000000
55,86,-195.094104,-0.000000
55,87,-195.094100,0.000000
55,88,-195.094100,-0.000000
55,89,-195.094099,-0.000000
55,90,-195.094097,-0.000000
55,91,-195.094101,-0.000000
55,92,-195.094099,0.000000
55,93,-195.094118,0.000000
55,94,-195.094096,0.000000
55,95,-195.094100,-0.000001
55,96,-195.094118,-0.000000
55,97,-195.094103,-0.000000
55,98,-195.094108,-0.000000
55,99,-195.094097,-0.000000
55,100,-195.094094,-0.000000
55,101,-195.094102,-0.000000
55,102,-195.094104,0.000000
55,103,-195.094094,-0.000000
55,104,-195.094094,-0.000000
55,105,-195.094093,-0.000000
55,106,-195.094098,0.000000
55,107,-195.094096,0.000000
55,108,-195.094096,-0.000000
55,109,-195.094094,-0.000000
55,110,-195.094093,0.000000
55,111,-195.094096,-0.000000
55,112,-195.094095,-0.000000
55,113,-195.094095,-0.000000
55,114,-195.094094,-0.000000
55,115,-195.094098,-0.000001
55,116,-195.094094,-0.000000
55,117,-195.094094,0.000000
55,118,-195.094095,-0.000000
55,119,-195.094094,-0.000000
56,57,-195.093995,0.000000
56,58,-195.094000,0.000000
56,59,-195.094018,0.000000
56,60,-195.094074,-0.000006
56,61,-195.094104,-0.000002
56,62,-195.094023,-0.000002
56,63,-195.093994,0.000000
56,64,-195.094119,-0.000000
56,65,-195.094026,0.000000
56,66,-195.094000,-0.000000
56,67,-195.093996,0.000000
56,68,-195.094009,-0.000001
56,69,-195.093988,0.000000
56,70,-195.093986,0.000000
56,71,-195.094025,-0.000001
56,72,-195.094027,0.000000
56,73,-195.094030,0.000000
56,74,-195.093983,-0.000000
56,75,-195.094022,-0.000000
56,76,-195.093990,-0.000000
56,77,-195.093984,0.000000
56,78,-195.093986,-0.000000
56,79,-195.093989,-0.000000
56,80,-195.094028,-0.000002
56,81,-195.093990,-0.000000
56,82,-195.093985,-0.000000
56,83,-195.093991,0.000000
56,84,-195.093994,0.000000
56,85,-195.093990,-0.000000
56,86,-195.093993,-0.000000
56,87,-195.093989,0.000000
56,88,-195.093990,-0.000001
56,89,-195.093989,-0.000000
56,90,-195.093986,-0.000000
56,91,-195.093990,-0.000000
56,92,-195.093989,-0.000001
56,93,-195.094008,-0.000000
56,94,-195.093986,-0.000000
56,95,-195.093989,0.000000
56,96,-195.094007,-0.000000
56,97,-195.093992,-0.000000
56,98,-195.093998,-0.000000
56,99,-195.093987,-0.000000
56,100,-195.093983,0.000000
56,101,-195.093991,0.000000
56,102,-195.093993,-0.000000
56,103,-195.093984,-0.000000
56,104,-195.093984,-0.000000
56,105,-195.093982,0.000000
56,106,-195.093987,-0.000000
56,107,-195.093985,-0.000000
56,108,-195.093985,-0.000000
56,109,-195.093983,-0.000000
56,110,-195.093982,0.000000
56,111,-195.093985,-0.000000
56,112,-195.093984,-0.000000
56,113,-195.093984,-0.000000
56,114,-195.093983,-0.000000
56,115,-195.093987,-0.000000
56,116,-195.093983,0.000000
56,117,-195.093983,-0.000000
56,118,-195.093984,-0.000000
56,119,-195.093983,-0.000000
57,58,-195.093991,-0.000000
57,59,-195.094011,-0.000002
57,60,-195.094058,0.000000
57,61,-195.094093,0.000000
57,62,-195.094013,-0.000001
57,63,-195.093985,0.000000
57,64,-195.094110,0.000000
57,65,-195.094017,0.000000
57,66,-195.093990,-0.000000
57,67,-195.093986,0.000000
57,68,-195.094000,-0.000001
57,69,-195.093979,-0.000000
57,70,-195.093977,-0.000000
57,71,-195.094015,-0.000000
57,72,-195.094018,-0.000000
57,73,-195.094022,-0.000000
57,74,-195.093974,-0.000000
57,75,-195.094013,-0.000000
57,76,-195.093981,-0.000000
57,77,-195.093975,-0.000000
57,78,-195.093976,-0.000000
57,79,-195.093980,-0.000000
57,80,-195.094018,0.000000
57,81,-195.093981,-0.000000
57,82,-195.093976,-0.000000
57,83,-195.093982,-0.000000
57,84,-195.093985,-0.000000
57,85,-195.093981,-0.000000
57,86,-195.093985,-0.000001
57,87,-195.093980,-0.000000
57,88,-195.093980,-0.000000
57,89,-195.093980,-0.000000
57,90,-195.093977,-0.000000
57,91,-195.093981,-0.000000
57,92,-195.093979,0.000000
57,93,-195.093998,0.000000
57,94,-195.093976,0.000000
57,95,-195.093979,-0.000000
57,96,-195.093998,-0.000000
57,97,-195.093983,0.000000
57,98,-195.093988,-0.000000
57,99,-195.093977,0.000000
57,100,-195.093974,-0.000000
57,101,-195.093982,-0.000000
57,102,-195.093984,-0.000000
57,103,-195.093974,0.000000
57,104,-195.093974,-0.000000
57,105,-195.093973,-0.000000
57,106,-195.093978,0.000000
57,107,-195.093976,-0.000000
57,108,-195.093976,0.000000
57,109,-195.093974,-0.000000
57,110,-195.093973,-0.000000
57,111,-195.093976,-0.000000
57,112,-195.093975,-0.000000
57,113,-195.093974,-0.000000
57,114,-195.093974,-0.000000
57,115,-195.093977,-0.000000
57,116,-195.093974,-0.000000
57,117,-195.093974,-0.000000
57,118,-195.093975,-0.000001
57,119,-195.093974,-0.000000
58,59,-195.094014,0.000000
58,60,-195.094063,0.000000
58,61,-195.094098,-0.000000
58,62,-195.094020,-0.000003
58,63,-195.093990,-0.000000
58,64,-195.094115,0.000000
58,65,-195.094022,-0.000000
58,66,-195.093995,-0.000000
58,67,-195.093991,0.000000
58,68,-195.094004,-0.000000
58,69,-195.093984,-0.000000
58,70,-195.093984,-0.000002
58,71,-195.094020,-0.000001
58,72,-195.094024,-0.000001
58,73,-195.094026,0.000000
58,74,-195.093979,-0.000000
58,75,-195.094018,-0.000000
58,76,-195.093985,-0.000000
58,77,-195.093979,-0.000000
58,78,-195.093981,-0.000000
58,79,-195.093984,-0.000000
58,80,-195.094022,0.000000
58,81,-195.093986,-0.000001
58,82,-195.093981,0.000000
58,83,-195.093987,-0.000000
58,84,-195.093990,0.000000
58,85,-195.093986,-0.000000
58,86,-195.093990,-0.000001
58,87,-195.093985,-0.000000
58,88,-195.093986,-0.000001
58,89,-195.093986,-0.000001
58,90,-195.093982,0.000000
58,91,-195.093985,0.000000
58,92,-195.093984,-0.000000
58,93,-195.094004,-0.000001
58,94,-195.093981,-0.000000
58,95,-195.093984,-0.000000
58,96,-195.094003,-0.000000
58,97,-195.093989,-0.000001
58,98,-195.093993,-0.000000
58,99,-195.093982,-0.000000
58,100,-195.093979,-0.000000
58,101,-195.093987,0.000000
58,102,-195.093989,-0.000000
58,103,-195.093979,0.000000
58,104,-195.093979,-0.000000
58,105,-195.093978,-0.000000
58,106,-195.093983,0.000000
58,107,-195.093981,-0.000000
58,108,-195.093981,0.000000
58,109,-195.093979,-0.000000
58,110,-195.093978,-0.000000
58,111,-195.093981,-0.000000
58,112,-195.093980,-0.000000
58,113,-195.093979,-0.000000
58,114,-195.093979,-0.000000
58,115,-195.093982,0.000000
58,116,-195.093979,-0.000000
58,117,-195.093979,0.000000
58,118,-195.093979,0.000000
58,119,-195.093979,-0.000000
59,60,-195.094081,0.000000
59,61,-195.094117,-0.000001
59,62,-195.094037,-0.000001
59,63,-195.094009,0.000000
59,64,-195.094133,0.000000
59,65,-195.094040,0.000000
59,66,-195.094014,0.000000
59,67,-195.094010,-0.000000
59,68,-195.094022,0.000000
59,69,-195.094003,-0.000001
59,70,-195.094001,-0.000000
59,71,-195.094038,0.000000
59,72,-195.094043,-0.000002
59,73,-195.094050,-0.000005
59,74,-195.093997,0.000000
59,75,-195.094037,-0.000000
59,76,-195.094004,-0.000000
59,77,-195.093998,-0.000000
59,78,-195.093999,0.000000
59,79,-195.094003,-0.000000
59,80,-195.094041,0.000000
59,81,-195.094005,-0.000001
59,82,-195.093999,-0.000000
59,83,-195.094006,-0.000000
59,84,-195.094009,-0.000000
59,85,-195.094004,-0.000000
59,86,-195.094007,-0.000000
59,87,-195.094003,-0.000000
59,88,-195.094003,0.000000
59,89,-195.094004,-0.000001
59,90,-195.094000,-0.000000
59,91,-195.094004,-0.000001
59,92,-195.094002,0.000000
59,93,-195.094022,-0.000000
59,94,-195.094000,0.000000
59,95,-195.094003,-0.000000
59,96,-195.094021,0.000000
59,97,-195.094007,-0.000001
59,98,-195.094012,-0.000000
59,99,-195.094001,-0.000000
59,100,-195.093998,-0.000000
59,101,-195.094005,0.000000
59,102,-195.094007,0.000000
59,103,-195.093998,0.000000
59,104,-195.093997,-0.000000
59,105,-195.093997,-0.000000
59,106,-195.094002,-0.000000
59,107,-195.093999,-0.000000
59,108,-195.093999,-0.000000
59,109,-195.093998,-0.000000
59,110,-195.093996,0.000000
59,111,-195.093999,-0.000000
59,112,-195.093999,-0.000001
59,113,-195.093998,-0.000000
59,114,-195.093997,0.000000
59,115,-195.094001,-0.000000
59,116,-195.093997,-0.000000
59,117,-195.093997,-0.000000
59,118,-195.093998,0.000000
59,119,-195.093997,-0.000000
60,61,-195.094182,-0.000017
60,62,-195.094087,-0.000003
60,63,-195.094057,0.000000
60,64,-195.094195,-0.000013
60,65,-195.094089,0.000000
60,66,-195.094062,0.000001
60,67,-195.094059,0.000000
60,68,-195.094073,-0.000002
60,69,-195.094054,-0.000003
60,70,-195.094049,0.000000
60,71,-195.094087,0.000001
60,72,-195.094092,-0.000002
60,73,-195.094094,0.000000
60,74,-195.094046,0.000000
60,75,-195.094085,0.000000
60,76,-195.094055,-0.000002
60,77,-195.094047,-0.000000
60,78,-195.094049,-0.000001
60,79,-195.094052,-0.000000
60,80,-195.094092,-0.000002
60,81,-195.094053,-0.000000
60,82,-195.094049,-0.000000
60,83,-195.094054,0.000000
60,84,-195.094059,-0.000001
60,85,-195.094053,-0.000000
60,86,-195.094059,-0.000002
60,87,-195.094053,-0.000001
60,88,-195.094054,-0.000002
60,89,-195.094054,-0.000002
60,90,-195.094050,-0.000001
60,91,-195.094053,0.000000
60,92,-195.094051,0.000000
60,93,-195.094075,-0.000004
60,94,-195.094053,-0.000005
60,95,-195.094057,-0.000005
60,96,-195.094072,-0.000002
60,97,-195.094055,0.000000
60,98,-195.094061,-0.000000
60,99,-195.094050,-0.000000
60,100,-195.094047,-0.000000
60,101,-195.094054,-0.000000
60,102,-195.094056,0.000000
60,103,-195.094047,-0.000000
60,104,-195.094046,-0.000000
60,105,-195.094046,-0.000000
60,106,-195.094050,0.000000
60,107,-195.094048,-0.000000
60,108,-195.094049,-0.000001
60,109,-195.094046,0.000000
60,110,-195.094045,-0.000000
60,111,-195.094048,-0.000000
60,112,-195.094047,-0.000000
60,113,-195.094048,-0.000001
60,114,-195.094046,0.000000
60,115,-195.094050,0.000000
60,116,-195.094046,-0.000000
60,117,-195.094046,0.000000
60,118,-195.094047,0.000000
60,119,-195.094046,0.000000
61,62,-195.094122,-0.000002
61,63,-195.094094,-0.000001
61,64,-195.094223,-0.000006
61,65,-195.094124,-0.000000
61,66,-195.094098,-0.000001
61,67,-195.094093,0.000000
61,68,-195.094108,-0.000002
61,69,-195.094086,0.000000
61,70,-195.094084,-0.000000
61,71,-195.094123,-0.000001
61,72,-195.094126,-0.000001
61,73,-195.094128,0.000000
61,74,-195.094081,0.000000
61,75,-195.094120,0.000000
61,76,-195.094088,0.000000
61,77,-195.094082,-0.000000
61,78,-195.094083,-0.000000
61,79,-195.094086,0.000000
61,80,-195.094126,-0.000002
61,81,-195.094088,-0.000000
61,82,-195.094083,-0.000000
61,83,-195.094089,-0.000000
61,84,-195.094092,-0.000000
61,85,-195.094088,-0.000000
61,86,-195.094094,-0.000003
61,87,-195.094087,0.000000
61,88,-195.094096,-0.000009
61,89,-195.094089,-0.000002
61,90,-195.094091,-0.000007
61,91,-195.094094,-0.000007
61,92,-195.094086,-0.000001
61,93,-195.094120,-0.000014
61,94,-195.094083,-0.000000
61,95,-195.094087,-0.000000
61,96,-195.094105,0.000000
61,97,-195.094091,-0.000001
61,98,-195.094095,0.000000
61,99,-195.094086,-0.000002
61,100,-195.094081,-0.000000
61,101,-195.094092,-0.000003
61,102,-195.094092,-0.000001
61,103,-195.094081,0.000000
61,104,-195.094081,0.000000
61,105,-195.094080,-0.000000
61,106,-195.094085,-0.000000
61,107,-195.094083,0.000000
61,108,-195.094083,0.000000
61,109,-195.094081,-0.000000
61,110,-195.094080,-0.000000
61,111,-195.094083,0.000000
61,112,-195.094082,-0.000000
61,113,-195.094082,-0.000000
61,114,-195.094081,-0.000000
61,115,-195.094084,-0.000000
61,116,-195.094081,-0.000000
61,117,-195.094081,-0.000000
61,118,-195.094082,0.000000
61,119,-195.094081,-0.000000
62,63,-195.094013,-0.000001
62,64,-195.094137,-0.000000
62,65,-195.094048,-0.000004
62,66,-195.094018,-0.000001
62,67,-195.094013,0.000000
62,68,-195.094030,-0.000004
62,69,-195.094006,-0.000001
62,70,-195.094005,-0.000001
62,71,-195.094044,-0.000002
62,72,-195.094045,0.000000
62,73,-195.094048,-0.000000
62,74,-195.094001,-0.000000
62,75,-195.094041,-0.000001
62,76,-195.094008,-0.000000
62,77,-195.094001,0.000000
62,78,-195.094003,0.000000
62,79,-195.094006,0.000000
62,80,-195.094045,-0.000000
62,81,-195.094008,-0.000000
62,82,-195.094003,0.000000
62,83,-195.094009,-0.000000
62,84,-195.094012,-0.000000
62,85,-195.094008,-0.000000
62,86,-195.094011,-0.000000
62,87,-195.094008,-0.000001
62,88,-195.094008,-0.000001
62,89,-195.094006,-0.000000
62,90,-195.094005,-0.000001
62,91,-195.094007,0.000000
62,92,-195.094006,-0.000000
62,93,-195.094028,-0.000003
62,94,-195.094003,-0.000000
62,95,-195.094006,0.000000
62,96,-195.094025,-0.000001
62,97,-195.094009,-0.000000
62,98,-195.094015,-0.000000
62,99,-195.094004,-0.000000
62,100,-195.094001,-0.000000
62,101,-195.094009,-0.000000
62,102,-195.094011,-0.000000
62,103,-195.094001,-0.000000
62,104,-195.094001,0.000000
62,105,-195.094000,-0.000000
62,106,-195.094004,0.000000
62,107,-195.094003,-0.000001
62,108,-195.094003,-0.000000
62,109,-195.094001,-0.000001
62,110,-195.094000,-0.000000
62,111,-195.094002,-0.000000
62,112,-195.094002,-0.000000
62,113,-195.094001,-0.000000
62,114,-195.094000,-0.000000
62,115,-195.094004,0.000000
62,116,-195.094000,0.000000
62,117,-195.094001,-0.000000
62,118,-195.094001,-0.000000
62,119,-195.094001,0.000000
63,64,-195.094114,-0.000005
63,65,-195.094018,-0.000001
63,66,-195.093990,-0.000000
63,67,-195.093988,-0.000002
63,68,-195.094001,-0.000002
63,69,-195.093979,-0.000000
63,70,-195.093977,-0.000000
63,71,-195.094014,-0.000000
63,72,-195.094017,0.000000
63,73,-195.094023,-0.000002
63,74,-195.093973,-0.000000
63,75,-195.094013,0.000000
63,76,-195.093980,-0.000000
63,77,-195.093974,-0.000000
63,78,-195.093976,-0.000000
63,79,-195.093979,-0.000000
63,80,-195.094017,0.000000
63,81,-195.093980,-0.000000
63,82,-195.093976,-0.000000
63,83,-195.093982,-0.000000
63,84,-195.093984,0.000000
63,85,-195.093980,0.000000
63,86,-195.093984,-0.000000
63,87,-195.093979,-0.000000
63,88,-195.093980,-0.000000
63,89,-195.093979,-0.000000
63,90,-195.093977,-0.000001
63,91,-195.093980,-0.000001
63,92,-195.093978,0.000000
63,93,-195.093999,-0.000001
63,94,-195.093976,0.000000
63,95,-195.093979,0.000000
63,96,-195.093997,-0.000000
63,97,-195.093982,0.000000
63,98,-195.093987,-0.000000
63,99,-195.093977,-0.000000
63,100,-195.093974,-0.000000
63,101,-195.093981,0.000000
63,102,-195.093983,-0.000000
63,103,-195.093974,-0.000000
63,104,-195.093974,-0.000000
63,105,-195.093973,-0.000000
63,106,-195.093977,0.000000
63,107,-195.093975,0.000000
63,108,-195.093975,0.000000
63,109,-195.093974,-0.000000
63,110,-195.093973,-0.000000
63,111,-195.093975,-0.000000
63,112,-195.093974,0.000000
63,113,-195.093974,-0.000000
63,114,-195.093973,-0.000000
63,115,-195.093977,-0.000000
63,116,-195.093973,-0.000000
63,117,-195.093973,-0.000000
63,118,-195.093974,-0.000000
63,119,-195.093973,-0.000000
64,65,-195.094144,-0.000003
64,66,-195.094119,-0.000005
64,67,-195.094111,-0.000000
64,68,-195.094123,-0.000000
64,69,-195.094105,-0.000001
64,70,-195.094101,-0.000000
64,71,-195.094155,-0.000016
64,72,-195.094143,-0.000001
64,73,-195.094146,-0.000000
64,74,-195.094098,-0.000000
64,75,-195.094139,-0.000002
64,76,-195.094105,0.000000
64,77,-195.094099,-0.000000
64,78,-195.094100,-0.000000
64,79,-195.094104,0.000000
64,80,-195.094143,-0.000002
64,81,-195.094105,-0.000000
64,82,-195.094100,-0.000000
64,83,-195.094107,-0.000001
64,84,-195.094113,-0.000004
64,85,-195.094108,-0.000003
64,86,-195.094108,-0.000000
64,87,-195.094104,-0.000000
64,88,-195.094108,-0.000003
64,89,-195.094107,-0.000003
64,90,-195.094102,-0.000001
64,91,-195.094108,-0.000004
64,92,-195.094105,-0.000002
64,93,-195.094123,-0.000000
64,94,-195.094101,-0.000000
64,95,-195.094104,-0.000000
64,96,-195.094123,-0.000001
64,97,-195.094107,-0.000000
64,98,-195.094112,-0.000000
64,99,-195.094102,-0.000000
64,100,-195.094098,-0.000000
64,101,-195.094106,0.000000
64,102,-195.094108,-0.000000
64,103,-195.094098,0.000000
64,104,-195.094098,0.000000
64,105,-195.094097,0.000000
64,106,-195.094102,0.000000
64,107,-195.094100,-0.000000
64,108,-195.094100,0.000000
64,109,-195.094098,0.000000
64,110,-195.094097,0.000000
64,111,-195.094100,-0.000000
64,112,-195.094099,-0.000000
64,113,-195.094099,-0.000000
64,114,-195.094098,-0.000000
64,115,-195.094102,-0.000000
64,116,-195.094098,0.000000
64,117,-195.094098,-0.000000
64,118,-195.094099,-0.000000
64,119,-195.094098,-0.000000
65,66,-195.094023,-0.000001
65,67,-195.094018,0.000000
65,68,-195.094030,0.000000
65,69,-195.094010,-0.000000
65,70,-195.094009,-0.000000
65,71,-195.094046,0.000000
65,72,-195.094050,-0.000001
65,73,-195.094053,-0.000001
65,74,-195.094005,0.000000
65,75,-195.094050,-0.000005
65,76,-195.094012,-0.000000
65,77,-195.094006,0.000000
65,78,-195.094008,-0.000000
65,79,-195.094011,-0.000000
65,80,-195.094049,-0.000000
65,81,-195.094013,-0.000000
65,82,-195.094008,-0.000000
65,83,-195.094014,-0.000000
65,84,-195.094016,-0.000000
65,85,-195.094012,-0.000000
65,86,-195.094016,-0.000000
65,87,-195.094012,-0.000001
65,88,-195.094012,-0.000000
65,89,-195.094013,-0.000002
65,90,-195.094009,-0.000001
65,91,-195.094012,-0.000000
65,92,-195.094013,-0.000002
65,93,-195.094034,-0.000004
65,94,-195.094008,-0.000000
65,95,-195.094013,-0.000002
65,96,-195.094030,-0.000001
65,97,-195.094014,0.000000
65,98,-195.094020,-0.000000
65,99,-195.094010,-0.000001
65,100,-195.094006,-0.000000
65,101,-195.094014,-0.000001
65,102,-195.094021,-0.000006
65,103,-195.094006,-0.000000
65,104,-195.094005,0.000000
65,105,-195.094005,-0.000000
65,106,-195.094009,-0.000000
65,107,-195.094007,0.000000
65,108,-195.094008,-0.000000
65,109,-195.094005,0.000000
65,110,-195.094004,-0.000000
65,111,-195.094007,0.000000
65,112,-195.094006,0.000000
65,113,-195.094006,-0.000000
65,114,-195.094006,-0.000000
65,115,-195.094009,-0.000000
65,116,-195.094005,0.000000
65,117,-195.094005,-0.000000
65,118,-195.094006,-0.000000
65,119,-195.094005,-0.000000
66,67,-195.093991,-0.000000
66,68,-195.094004,-0.000001
66,69,-195.093984,-0.000001
66,70,-195.093982,-0.000000
66,71,-195.094019,0.000000
66,72,-195.094023,-0.000000
66,73,-195.094026,-0.000000
66,74,-195.093979,-0.000000
66,75,-195.094018,-0.000001
66,76,-195.093985,-0.000000
66,77,-195.093979,-0.000000
66,78,-195.093981,0.000000
66,79,-195.093984,0.000000
66,80,-195.094022,-0.000000
66,81,-195.093986,-0.000001
66,82,-195.093981,0.000000
66,83,-195.093987,-0.000000
66,84,-195.093990,-0.000000
66,85,-195.093986,-0.000001
66,86,-195.093989,-0.000000
66,87,-195.093984,-0.000000
66,88,-195.093986,-0.000001
66,89,-195.093984,-0.000000
66,90,-195.093981,-0.000000
66,91,-195.093986,-0.000001
66,92,-195.093984,-0.000000
66,93,-195.094003,0.000000
66,94,-195.093981,-0.000001
66,95,-195.093984,-0.000000
66,96,-195.094003,-0.000000
66,97,-195.093988,-0.000001
66,98,-195.093993,-0.000001
66,99,-195.093982,-0.000000
66,100,-195.093979,-0.000000
66,101,-195.093991,-0.000004
66,102,-195.093989,-0.000000
66,103,-195.093979,-0.000000
66,104,-195.093979,-0.000000
66,105,-195.093978,-0.000000
66,106,-195.093982,-0.000000
66,107,-195.093981,-0.000000
66,108,-195.093981,0.000000
66,109,-195.093979,-0.000000
66,110,-195.093978,0.000000
66,111,-195.093980,0.000000
66,112,-195.093979,-0.000000
66,113,-195.093979,0.000000
66,114,-195.093979,-0.000000
66,115,-195.093982,-0.000000
66,116,-195.093979,-0.000000
66,117,-195.093979,-0.000000
66,118,-195.093979,0.000000
66,119,-195.093979,-0.000000
67,68,-195.094002,-0.000003
67,69,-195.093980,-0.000000
67,70,-195.093978,-0.000000
67,71,-195.094016,-0.000001
67,72,-195.094020,-0.000001
67,73,-195.094022,-0.000000
67,74,-195.093975,-0.000000
67,75,-195.094014,-0.000000
67,76,-195.093982,-0.000001
67,77,-195.093976,-0.000000
67,78,-195.093977,0.000000
67,79,-195.093980,-0.000000
67,80,-195.094018,-0.000000
67,81,-195.093982,-0.000000
67,82,-195.093977,0.000000
67,83,-195.093983,-0.000000
67,84,-195.093985,0.000000
67,85,-195.093981,-0.000000
67,86,-195.093985,0.000000
67,87,-195.093980,-0.000000
67,88,-195.093981,0.000000
67,89,-195.093980,0.000000
67,90,-195.093978,-0.000000
67,91,-195.093981,-0.000000
67,92,-195.093980,-0.000000
67,93,-195.093999,0.000000
67,94,-195.093977,-0.000000
67,95,-195.093980,-0.000000
67,96,-195.093998,-0.000000
67,97,-195.093983,-0.000000
67,98,-195.093989,0.000000
67,99,-195.093978,-0.000000
67,100,-195.093975,-0.000000
67,101,-195.093983,-0.000001
67,102,-195.093985,-0.000000
67,103,-195.093975,-0.000000
67,104,-195.093975,-0.000000
67,105,-195.093974,0.000000
67,106,-195.093978,-0.000000
67,107,-195.093977,0.000000
67,108,-195.093977,-0.000000
67,109,-195.093975,-0.000000
67,110,-195.093974,0.000000
67,111,-195.093976,0.000000
67,112,-195.093975,-0.000000
67,113,-195.093975,-0.000000
67,114,-195.093974,-0.000000
67,115,-195.093978,-0.000000
67,116,-195.093975,-0.000000
67,117,-195.093975,-0.000000
67,118,-195.093975,-0.000000
67,119,-195.093975,0.000000
68,69,-195.093992,-0.000000
68,70,-195.093990,-0.000000
68,71,-195.094028,-0.000000
68,72,-195.094032,-0.000001
68,73,-195.094044,-0.000009
68,74,-195.093988,-0.000000
68,75,-195.094027,-0.000000
68,76,-195.093994,-0.000000
68,77,-195.093988,-0.000000
68,78,-195.093989,-0.000000
68,79,-195.093993,-0.000000
68,80,-195.094031,0.000000
68,81,-195.093994,-0.000000
68,82,-195.093990,-0.000000
68,83,-195.093995,-0.000000
68,84,-195.093998,0.000000
68,85,-195.093994,-0.000000
68,86,-195.093998,-0.000000
68,87,-195.093993,-0.000000
68,88,-195.093994,-0.000000
68,89,-195.093993,0.000000
68,90,-195.093990,-0.000000
68,91,-195.093994,-0.000000
68,92,-195.093992,-0.000000
68,93,-195.094012,-0.000001
68,94,-195.093990,-0.000000
68,95,-195.093993,-0.000000
68,96,-195.094011,-0.000000
68,97,-195.093996,0.000000
68,98,-195.094001,-0.000000
68,99,-195.093991,-0.000000
68,100,-195.093988,-0.000000
68,101,-195.093996,-0.000000
68,102,-195.093998,-0.000000
68,103,-195.093988,-0.000000
68,104,-195.093988,-0.000000
68,105,-195.093987,-0.000000
68,106,-195.093991,-0.000000
68,107,-195.093989,-0.000000
68,108,-195.093989,-0.000000
68,109,-195.093987,0.000000
68,110,-195.093986,-0.000000
68,111,-195.093989,-0.000000
68,112,-195.093988,-0.000000
68,113,-195.093988,0.000000
68,114,-195.093987,-0.000000
68,115,-195.093991,-0.000000
68,116,-195.093987,0.000000
68,117,-195.093987,-0.000000
68,118,-195.093988,-0.000000
68,119,-195.093987,-0.000000
69,70,-195.093973,-0.000003
69,71,-195.094010,-0.000002
69,72,-195.094013,-0.000002
69,73,-195.094015,-0.000001
69,74,-195.093967,-0.000000
69,75,-195.094006,-0.000000
69,76,-195.093975,-0.000001
69,77,-195.093968,-0.000000
69,78,-195.093969,-0.000000
69,79,-195.093973,-0.000000
69,80,-195.094011,-0.000001
69,81,-195.093974,-0.000000
69,82,-195.093970,-0.000001
69,83,-195.093976,-0.000000
69,84,-195.093978,0.000000
69,85,-195.093974,0.000000
69,86,-195.093977,0.000000
69,87,-195.093974,-0.000001
69,88,-195.093974,-0.000000
69,89,-195.093973,0.000000
69,90,-195.093970,0.000000
69,91,-195.093974,-0.000000
69,92,-195.093972,0.000000
69,93,-195.093992,0.000000
69,94,-195.093970,-0.000000
69,95,-195.093973,-0.000000
69,96,-195.093991,-0.000000
69,97,-195.093976,0.000000
69,98,-195.093981,-0.000000
69,99,-195.093971,-0.000000
69,100,-195.093967,-0.000000
69,101,-195.093975,-0.000000
69,102,-195.093977,-0.000000
69,103,-195.093967,-0.000000
69,104,-195.093967,-0.000000
69,105,-195.093966,-0.000000
69,106,-195.093971,0.000000
69,107,-195.093969,-0.000000
69,108,-195.093969,-0.000000
69,109,-195.093967,-0.000000
69,110,-195.093966,0.000000
69,111,-195.093969,-0.000000
69,112,-195.093968,0.000000
69,113,-195.093968,-0.000000
69,114,-195.093967,-0.000000
69,115,-195.093971,0.000000
69,116,-195.093967,-0.000000
69,117,-195.093967,0.000000
69,118,-195.093968,-0.000000
69,119,-195.093967,-0.000000
70,71,-195.094008,-0.000002
70,72,-195.094010,-0.000001
70,73,-195.094013,-0.000000
70,74,-195.093965,-0.000000
70,75,-195.094004,0.000000
70,76,-195.093972,-0.000000
70,77,-195.093966,-0.000000
70,78,-195.093967,-0.000000
70,79,-195.093971,-0.000000
70,80,-195.094009,-0.000000
70,81,-195.093974,-0.000001
70,82,-195.093967,-0.000000
70,83,-195.093973,0.000000
70,84,-195.093976,-0.000000
70,85,-195.093972,-0.000000
70,86,-195.093975,-0.000000
70,87,-195.093971,-0.000000
70,88,-195.093971,-0.000000
70,89,-195.093971,-0.000001
70,90,-195.093968,0.000000
70,91,-195.093972,-0.000000
70,92,-195.093970,-0.000000
70,93,-195.093990,-0.000000
70,94,-195.093968,-0.000000
70,95,-195.093971,0.000000
70,96,-195.093989,-0.000000
70,97,-195.093974,-0.000000
70,98,-195.093980,-0.000001
70,99,-195.093969,-0.000000
70,100,-195.093966,-0.000000
70,101,-195.093973,0.000000
70,102,-195.093975,-0.000000
70,103,-195.093966,-0.000000
70,104,-195.093965,0.000000
70,105,-195.093965,-0.000000
70,106,-195.093969,0.000000
70,107,-195.093967,-0.000000
70,108,-195.093967,-0.000000
70,109,-195.093965,-0.000000
70,110,-195.093964,0.000000
70,111,-195.093967,-0.000000
70,112,-195.093966,0.000000
70,113,-195.093966,-0.000000
70,114,-195.093965,-0.000000
70,115,-195.093969,-0.000000
70,116,-195.093965,0.000000
70,117,-195.093965,-0.000000
70,118,-195.093966,-0.000000
70,119,-195.093965,-0.000000
71,72,-195.094050,-0.000003
71,73,-195.094051,-0.000000
71,74,-195.094003,-0.000000
71,75,-195.094044,-0.000002
71,76,-195.094012,-0.000003
71,77,-195.094004,-0.000000
71,78,-195.094005,-0.000000
71,79,-195.094009,-0.000000
71,80,-195.094047,-0.000000
71,81,-195.094011,-0.000001
71,82,-195.094005,-0.000000
71,83,-195.094013,-0.000002
71,84,-195.094014,-0.000000
71,85,-195.094011,-0.000001
71,86,-195.094014,-0.000000
71,87,-195.094010,-0.000001
71,88,-195.094009,-0.000000
71,89,-195.094009,-0.000000
71,90,-195.094006,0.000000
71,91,-195.094009,-0.000000
71,92,-195.094009,-0.000002
71,93,-195.094027,0.000000
71,94,-195.094006,-0.000001
71,95,-195.094008,0.000000
71,96,-195.094027,-0.000000
71,97,-195.094012,0.000000
71,98,-195.094017,-0.000000
71,99,-195.094006,-0.000000
71,100,-195.094003,-0.000000
71,101,-195.094011,0.000000
71,102,-195.094013,0.000000
71,103,-195.094003,0.000000
71,104,-195.094003,-0.000000
71,105,-195.094002,-0.000000
71,106,-195.094007,0.000000
71,107,-195.094005,-0.000000
71,108,-195.094005,-0.000000
71,109,-195.094003,-0.000000
71,110,-195.094002,0.000000
71,111,-195.094005,-0.000001
71,112,-195.094004,0.000000
71,113,-195.094004,-0.000000
71,114,-195.094003,0.000000
71,115,-195.094006,-0.000000
71,116,-195.094003,0.000000
71,117,-195.094003,-0.000000
71,118,-195.094004,-0.000000
71,119,-195.094003,-0.000000
72,73,-195.094053,0.000001
72,74,-195.094006,0.000000
72,75,-195.094053,-0.000007
72,76,-195.094015,-0.000002
72,77,-195.094007,-0.000000
72,78,-195.094008,0.000000
72,79,-195.094012,-0.000000
72,80,-195.094054,-0.000005
72,81,-195.094013,-0.000000
72,82,-195.094009,-0.000001
72,83,-195.094015,-0.000000
72,84,-195.094017,-0.000000
72,85,-195.094013,-0.000000
72,86,-195.094016,0.000000
72,87,-195.094013,-0.000001
72,88,-195.094012,-0.000000
72,89,-195.094012,0.000000
72,90,-195.094010,-0.000001
72,91,-195.094013,-0.000000
72,92,-195.094011,-0.000000
72,93,-195.094031,-0.000001
72,94,-195.094010,-0.000001
72,95,-195.094013,-0.000001
72,96,-195.094030,0.000000
72,97,-195.094017,-0.000002
72,98,-195.094021,-0.000001
72,99,-195.094010,-0.000000
72,100,-195.094007,-0.000000
72,101,-195.094015,-0.000001
72,102,-195.094016,-0.000000
72,103,-195.094008,-0.000002
72,104,-195.094006,0.000000
72,105,-195.094006,0.000000
72,106,-195.094010,0.000000
72,107,-195.094008,-0.000000
72,108,-195.094009,-0.000000
72,109,-195.094006,-0.000000
72,110,-195.094005,-0.000000
72,111,-195.094008,-0.000000
72,112,-195.094008,-0.000000
72,113,-195.094007,-0.000001
72,114,-195.094006,-0.000000
72,115,-195.094010,0.000000
72,116,-195.094006,-0.000000
72,117,-195.094006,0.000000
72,118,-195.094007,-0.000000
72,119,-195.094006,-0.000000
73,74,-195.094012,-0.000002
73,75,-195.094049,-0.000000
73,76,-195.094016,-0.000000
73,77,-195.094010,0.000000
73,78,-195.094012,0.000000
73,79,-195.094015,-0.000000
73,80,-195.094053,-0.000000
73,81,-195.094017,-0.000000
73,82,-195.094012,-0.000001
73,83,-195.094018,0.000000
73,84,-195.094021,-0.000000
73,85,-195.094017,-0.000001
73,86,-195.094020,-0.000000
73,87,-195.094019,-0.000003
73,88,-195.094017,-0.000002
73,89,-195.094015,0.000000
73,90,-195.094013,-0.000001
73,91,-195.094016,-0.000000
73,92,-195.094014,-0.000000
73,93,-195.094034,-0.000000
73,94,-195.094012,-0.000000
73,95,-195.094016,-0.000001
73,96,-195.094033,0.000000
73,97,-195.094019,-0.000000
73,98,-195.094024,-0.000001
73,99,-195.094014,-0.000001
73,100,-195.094010,-0.000000
73,101,-195.094018,-0.000000
73,102,-195.094021,-0.000002
73,103,-195.094011,-0.000001
73,104,-195.094010,-0.000000
73,105,-195.094009,-0.000000
73,106,-195.094013,0.000000
73,107,-195.094012,-0.000000
73,108,-195.094012,-0.000000
73,109,-195.094010,-0.000000
73,110,-195.094009,0.000000
73,111,-195.094013,-0.000002
73,112,-195.094011,-0.000001
73,113,-195.094010,0.000000
73,114,-195.094009,-0.000000
73,115,-195.094013,-0.000000
73,116,-195.094010,-0.000000
73,117,-195.094010,-0.000000
73,118,-195.094011,-0.000000
73,119,-195.094010,0.000000
74,75,-195.094001,-0.000000
74,76,-195.093969,-0.000000
74,77,-195.093963,-0.000000
74,78,-195.093964,-0.000000
74,79,-195.093968,-0.000000
74,80,-195.094006,-0.000000
74,81,-195.093969,0.000000
74,82,-195.093964,-0.000000
74,83,-195.093970,-0.000000
74,84,-195.093973,0.000000
74,85,-195.093969,-0.000000
74,86,-195.093972,-0.000000
74,87,-195.093968,-0.000000
74,88,-195.093968,0.000000
74,89,-195.093968,-0.000000
74,90,-195.093965,-0.000000
74,91,-195.093968,-0.000000
74,92,-195.093967,-0.000000
74,93,-195.093987,-0.000000
74,94,-195.093964,0.000000
74,95,-195.093968,-0.000000
74,96,-195.093986,0.000000
74,97,-195.093971,-0.000000
74,98,-195.093976,0.000000
74,99,-195.093966,-0.000000
74,100,-195.093962,-0.000000
74,101,-195.093970,-0.000000
74,102,-195.093972,-0.000000
74,103,-195.093962,-0.000000
74,104,-195.093962,-0.000000
74,105,-195.093961,-0.000000
74,106,-195.093966,-0.000000
74,107,-195.093964,0.000000
74,108,-195.093964,-0.000000
74,109,-195.093962,-0.000000
74,110,-195.093961,0.000000
74,111,-195.093964,-0.000000
74,112,-195.093963,-0.000000
74,113,-195.093963,0.000000
74,114,-195.093962,-0.000000
74,115,-195.093966,-0.000000
74,116,-195.093962,-0.000000
74,117,-195.093962,0.000000
74,118,-195.093963,-0.000000
74,119,-195.093962,0.000000
75,76,-195.094010,-0.000002
75,77,-195.094002,-0.000000
75,78,-195.094004,-0.000000
75,79,-195.094008,-0.000001
75,80,-195.094045,-0.000000
75,81,-195.094008,-0.000000
75,82,-195.094004,-0.000000
75,83,-195.094010,-0.000000
75,84,-195.094013,-0.000000
75,85,-195.094008,-0.000000
75,86,-195.094012,-0.000000
75,87,-195.094007,0.000000
75,88,-195.094007,0.000000
75,89,-195.094007,-0.000000
75,90,-195.094005,-0.000000
75,91,-195.094009,-0.000001
75,92,-195.094008,-0.000001
75,93,-195.094028,-0.000002
75,94,-195.094004,-0.000000
75,95,-195.094008,-0.000001
75,96,-195.094026,-0.000000
75,97,-195.094014,-0.000004
75,98,-195.094015,0.000000
75,99,-195.094005,-0.000000
75,100,-195.094002,-0.000000
75,101,-195.094011,-0.000001
75,102,-195.094011,-0.000000
75,103,-195.094002,-0.000000
75,104,-195.094001,0.000000
75,105,-195.094001,-0.000000
75,106,-195.094006,-0.000001
75,107,-195.094004,-0.000000
75,108,-195.094003,-0.000000
75,109,-195.094001,-0.000000
75,110,-195.094000,-0.000000
75,111,-195.094003,-0.000000
75,112,-195.094002,-0.000000
75,113,-195.094002,0.000000
75,114,-195.094001,-0.000000
75,115,-195.094005,-0.000000
75,116,-195.094001,-0.000000
75,117,-195.094001,0.000000
75,118,-195.094002,-0.000000
75,119,-195.094001,0.000000
76,77,-195.093970,-0.000001
76,78,-195.093971,-0.000000
76,79,-195.093974,-0.000000
76,80,-195.094013,-0.000000
76,81,-195.093976,-0.000000
76,82,-195.093971,-0.000000
76,83,-195.093977,-0.000000
76,84,-195.093980,0.000000
76,85,-195.093976,-0.000000
76,86,-195.093979,0.000000
76,87,-195.093975,-0.000000
76,88,-195.093975,0.000000
76,89,-195.093974,-0.000000
76,90,-195.093972,0.000000
76,91,-195.093975,0.000000
76,92,-195.093974,0.000000
76,93,-195.093993,0.000000
76,94,-195.093971,-0.000000
76,95,-195.093975,-0.000000
76,96,-195.093993,0.000000
76,97,-195.093979,-0.000001
76,98,-195.093983,-0.000000
76,99,-195.093972,0.000000
76,100,-195.093969,-0.000000
76,101,-195.093977,-0.000000
76,102,-195.093979,0.000000
76,103,-195.093969,-0.000000
76,104,-195.093969,0.000000
76,105,-195.093968,0.000000
76,106,-195.093973,-0.000000
76,107,-195.093971,0.000000
76,108,-195.093971,-0.000000
76,109,-195.093969,0.000000
76,110,-195.093968,-0.000000
76,111,-195.093971,-0.000000
76,112,-195.093970,-0.000000
76,113,-195.093970,-0.000000
76,114,-195.093969,-0.000000
76,115,-195.093972,-0.000000
76,116,-195.093969,0.000000
76,117,-195.093969,-0.000000
76,118,-195.093970,-0.000000
76,119,-195.093969,-0.000000
77,78,-195.093965,0.000000
77,79,-195.093968,-0.000000
77,80,-195.094006,-0.000000
77,81,-195.093970,0.000000
77,82,-195.093965,-0.000000
77,83,-195.093971,-0.000000
77,84,-195.093974,0.000000
77,85,-195.093970,-0.000000
77,86,-195.093973,-0.000000
77,87,-195.093969,-0.000000
77,88,-195.093969,0.000000
77,89,-195.093968,-0.000000
77,90,-195.093966,-0.000000
77,91,-195.093969,0.000000
77,92,-195.093968,0.000000
77,93,-195.093987,0.000000
77,94,-195.093965,-0.000000
77,95,-195.093968,-0.000000
77,96,-195.093987,-0.000000
77,97,-195.093972,-0.000000
77,98,-195.093977,0.000000
77,99,-195.093966,0.000000
77,100,-195.093963,-0.000000
77,101,-195.093971,0.000000
77,102,-195.093973,0.000000
77,103,-195.093963,-0.000000
77,104,-195.093963,0.000000
77,105,-195.093962,-0.000000
77,106,-195.093967,-0.000000
77,107,-195.093965,-0.000000
77,108,-195.093965,-0.000000
77,109,-195.093963,-0.000000
77,110,-195.093962,-0.000000
77,111,-195.093965,-0.000000
77,112,-195.093964,0.000000
77,113,-195.093963,-0.000000
77,114,-195.093963,-0.000000
77,115,-195.093966,-0.000000
77,116,-195.093963,-0.000000
77,117,-195.093963,-0.000000
77,118,-195.093964,-0.000000
77,119,-195.093963,-0.000000
78,79,-195.093970,0.000000
78,80,-195.094008,-0.000000
78,81,-195.093971,-0.000000
78,82,-195.093966,0.000000
78,83,-195.093973,-0.000000
78,84,-195.093975,-0.000000
78,85,-195.093971,-0.000000
78,86,-195.093974,0.000000
78,87,-195.093970,0.000000
78,88,-195.093970,0.000000
78,89,-195.093970,-0.000001
78,90,-195.093967,0.000000
78,91,-195.093971,0.000000
78,92,-195.093969,-0.000000
78,93,-195.093989,-0.000000
78,94,-195.093967,-0.000000
78,95,-195.093970,0.000000
78,96,-195.093988,-0.000000
78,97,-195.093974,-0.000001
78,98,-195.093978,0.000000
78,99,-195.093968,0.000000
78,100,-195.093965,-0.000000
78,101,-195.093972,0.000000
78,102,-195.093974,-0.000000
78,103,-195.093965,-0.000000
78,104,-195.093964,-0.000000
78,105,-195.093964,0.000000
78,106,-195.093968,-0.000000
78,107,-195.093966,-0.000000
78,108,-195.093966,-0.000000
78,109,-195.093964,-0.000000
78,110,-195.093963,-0.000000
78,111,-195.093966,-0.000000
78,112,-195.093965,-0.000000
78,113,-195.093965,-0.000000
78,114,-195.093964,-0.000000
78,115,-195.093968,-0.000000
78,116,-195.093964,-0.000000
78,117,-195.093964,-0.000000
78,118,-195.093965,-0.000000
78,119,-195.093964,0.000000
79,80,-195.094012,-0.000001
79,81,-195.093975,-0.000000
79,82,-195.093970,-0.000000
79,83,-195.093976,-0.000000
79,84,-195.093979,0.000000
79,85,-195.093975,-0.000000
79,86,-195.093978,0.000000
79,87,-195.093974,0.000000
79,88,-195.093974,0.000000
79,89,-195.093973,-0.000000
79,90,-195.093971,-0.000000
79,91,-195.093974,-0.000000
79,92,-195.093973,0.000000
79,93,-195.093992,0.000000
79,94,-195.093970,-0.000000
79,95,-195.093973,-0.000000
79,96,-195.093992,-0.000000
79,97,-195.093977,-0.000000
79,98,-195.093984,-0.000003
79,99,-195.093971,0.000000
79,100,-195.093968,-0.000000
79,101,-195.093976,0.000000
79,102,-195.093978,-0.000000
79,103,-195.093968,-0.000000
79,104,-195.093968,0.000000
79,105,-195.093967,-0.000000
79,106,-195.093971,0.000000
79,107,-195.093970,-0.000000
79,108,-195.093970,0.000000
79,109,-195.093968,-0.000000
79,110,-195.093967,-0.000000
79,111,-195.093969,-0.000000
79,112,-195.093969,0.000000
79,113,-195.093968,-0.000000
79,114,-195.093968,-0.000000
79,115,-195.093971,-0.000000
79,116,-195.093968,-0.000000
79,117,-195.093968,-0.000000
79,118,-195.093969,-0.000000
79,119,-195.093968,-0.000000
80,81,-195.094013,-0.000000
80,82,-195.094008,0.000000
80,83,-195.094014,-0.000000
80,84,-195.094018,-0.000001
80,85,-195.094013,0.000000
80,86,-195.094016,0.000000
80,87,-195.094012,-0.000001
80,88,-195.094012,0.000000
80,89,-195.094011,-0.000000
80,90,-195.094009,-0.000000
80,91,-195.094012,-0.000000
80,92,-195.094011,-0.000000
80,93,-195.094031,-0.000000
80,94,-195.094008,-0.000000
80,95,-195.094011,-0.000000
80,96,-195.094031,-0.000001
80,97,-195.094014,0.000000
80,98,-195.094023,-0.000003
80,99,-195.094009,0.000000
80,100,-195.094006,-0.000000
80,101,-195.094014,-0.000000
80,102,-195.094015,0.000000
80,103,-195.094006,-0.000000
80,104,-195.094006,0.000000
80,105,-195.094005,0.000000
80,106,-195.094010,-0.000000
80,107,-195.094008,-0.000001
80,108,-195.094008,-0.000000
80,109,-195.094006,-0.000000
80,110,-195.094005,0.000000
80,111,-195.094008,-0.000000
80,112,-195.094007,-0.000000
80,113,-195.094006,0.000000
80,114,-195.094006,-0.000000
80,115,-195.094009,-0.000000
80,116,-195.094006,-0.000000
80,117,-195.094006,-0.000000
80,118,-195.094007,-0.000000
80,119,-195.094006,0.000000
81,82,-195.093971,-0.000000
81,83,-195.093978,-0.000000
81,84,-195.093980,-0.000000
81,85,-195.093977,-0.000001
81,86,-195.093979,0.000000
81,87,-195.093975,-0.000000
81,88,-195.093975,0.000000
81,89,-195.093976,-0.000001
81,90,-195.093972,-0.000000
81,91,-195.093976,-0.000000
81,92,-195.093974,-0.000000
81,93,-195.093994,-0.000001
81,94,-195.093972,-0.000000
81,95,-195.093975,0.000000
81,96,-195.093994,-0.000001
81,97,-195.093979,-0.000001
81,98,-195.093983,-0.000000
81,99,-195.093973,-0.000000
81,100,-195.093970,-0.000000
81,101,-195.093978,-0.000001
81,102,-195.093979,-0.000000
81,103,-195.093970,-0.000000
81,104,-195.093969,-0.000000
81,105,-195.093969,-0.000000
81,106,-195.093973,0.000000
81,107,-195.093971,-0.000000
81,108,-195.093971,-0.000000
81,109,-195.093969,-0.000000
81,110,-195.093968,0.000000
81,111,-195.093971,-0.000000
81,112,-195.093970,-0.000000
81,113,-195.093970,-0.000000
81,114,-195.093969,-0.000000
81,115,-195.093973,-0.000000
81,116,-195.093969,-0.000000
81,117,-195.093969,-0.000000
81,118,-195.093970,-0.000000
81,119,-195.093969,-0.000000
82,83,-195.093973,-0.000000
82,84,-195.093975,-0.000000
82,85,-195.093971,-0.000000
82,86,-195.093974,-0.000000
82,87,-195.093970,-0.000000
82,88,-195.093970,-0.000000
82,89,-195.093970,-0.000000
82,90,-195.093967,-0.000000
82,91,-195.093971,-0.000000
82,92,-195.093969,-0.000000
82,93,-195.093989,-0.000000
82,94,-195.093967,-0.000000
82,95,-195.093970,-0.000000
82,96,-195.093988,0.000000
82,97,-195.093973,-0.000000
82,98,-195.093978,0.000000
82,99,-195.093968,-0.000000
82,100,-195.093965,-0.000000
82,101,-195.093972,-0.000000
82,102,-195.093974,0.000000
82,103,-195.093965,-0.000000
82,104,-195.093964,-0.000000
82,105,-195.093963,-0.000000
82,106,-195.093968,-0.000000
82,107,-195.093966,-0.000000
82,108,-195.093966,0.000000
82,109,-195.093964,0.000000
82,110,-195.093963,-0.000000
82,111,-195.093966,-0.000000
82,112,-195.093965,-0.000000
82,113,-195.093965,-0.000000
82,114,-195.093964,0.000000
82,115,-195.093968,0.000000
82,116,-195.093964,-0.000000
82,117,-195.093964,-0.000000
82,118,-195.093965,-0.000000
82,119,-195.093964,-0.000000
83,84,-195.093982,-0.000000
83,85,-195.093977,-0.000000
83,86,-195.093981,-0.000000
83,87,-195.093976,-0.000000
83,88,-195.093977,-0.000001
83,89,-195.093976,-0.000000
83,90,-195.093973,0.000000
83,91,-195.093977,-0.000000
83,92,-195.093975,-0.000000
83,93,-195.093996,-0.000001
83,94,-195.093973,-0.000000
83,95,-195.093976,-0.000000
83,96,-195.093995,-0.000001
83,97,-195.093979,0.000000
83,98,-195.093984,-0.000000
83,99,-195.093974,-0.000000
83,100,-195.093971,0.000000
83,101,-195.093979,-0.000000
83,102,-195.093981,-0.000000
83,103,-195.093971,-0.000000
83,104,-195.093970,-0.000000
83,105,-195.093970,-0.000000
83,106,-195.093974,-0.000000
83,107,-195.093972,0.000000
83,108,-195.093972,-0.000000
83,109,-195.093970,-0.000000
83,110,-195.093969,-0.000000
83,111,-195.093972,-0.000000
83,112,-195.093971,-0.000000
83,113,-195.093971,-0.000000
83,114,-195.093970,-0.000000
83,115,-195.093974,-0.000000
83,116,-195.093970,-0.000000
83,117,-195.093970,-0.000000
83,118,-195.093971,-0.000000
83,119,-195.093970,-0.000000
84,85,-195.093982,-0.000002
84,86,-195.093983,-0.000000
84,87,-195.093979,-0.000000
84,88,-195.093979,-0.000000
84,89,-195.093979,0.000000
84,90,-195.093976,-0.000000
84,91,-195.093979,-0.000000
84,92,-195.093978,-0.000000
84,93,-195.093998,-0.000001
84,94,-195.093975,-0.000000
84,95,-195.093978,0.000000
84,96,-195.093997,-0.000000
84,97,-195.093982,-0.000000
84,98,-195.093987,-0.000000
84,99,-195.093977,-0.000000
84,100,-195.093973,-0.000000
84,101,-195.093981,0.000000
84,102,-195.093983,0.000000
84,103,-195.093973,0.000000
84,104,-195.093973,-0.000000
84,105,-195.093972,-0.000000
84,106,-195.093978,-0.000001
84,107,-195.093975,-0.000000
84,108,-195.093975,-0.000000
84,109,-195.093973,0.000000
84,110,-195.093972,0.000000
84,111,-195.093975,-0.000000
84,112,-195.093974,-0.000000
84,113,-195.093974,-0.000000
84,114,-195.093973,-0.000000
84,115,-195.093976,0.000000
84,116,-195.093973,-0.000000
84,117,-195.093973,-0.000000
84,118,-195.093974,-0.000000
84,119,-195.093973,-0.000000
85,86,-195.093980,-0.000000
85,87,-195.093976,-0.000001
85,88,-195.093975,-0.000000
85,89,-195.093975,0.000000
85,90,-195.093972,-0.000000
85,91,-195.093976,-0.000000
85,92,-195.093974,-0.000000
85,93,-195.093993,0.000000
85,94,-195.093971,-0.000000
85,95,-195.093975,-0.000000
85,96,-195.093993,-0.000000
85,97,-195.093978,-0.000000
85,98,-195.093984,-0.000001
85,99,-195.093973,-0.000000
85,100,-195.093969,-0.000000
85,101,-195.093977,0.000000
85,102,-195.093979,-0.000000
85,103,-195.093969,-0.000000
85,104,-195.093969,-0.000000
85,105,-195.093968,0.000000
85,106,-195.093973,-0.000000
85,107,-195.093971,-0.000000
85,108,-195.093971,-0.000000
85,109,-195.093969,-0.000000
85,110,-195.093968,0.000000
85,111,-195.093971,-0.000000
85,112,-195.093970,-0.000000
85,113,-195.093970,-0.000000
85,114,-195.093969,-0.000000
85,115,-195.093972,-0.000000
85,116,-195.093969,-0.000000
85,117,-195.093969,-0.000000
85,118,-195.093970,-0.000000
85,119,-195.093969,-0.000000
86,87,-195.093978,0.000000
86,88,-195.093979,-0.000000
86,89,-195.093978,-0.000000
86,90,-195.093976,-0.000001
86,91,-195.093979,-0.000000
86,92,-195.093978,-0.000001
86,93,-195.093997,-0.000000
86,94,-195.093975,-0.000000
86,95,-195.093978,-0.000000
86,96,-195.093997,-0.000001
86,97,-195.093982,-0.000001
86,98,-195.093987,-0.000001
86,99,-195.093976,-0.000000
86,100,-195.093973,-0.000000
86,101,-195.093980,0.000000
86,102,-195.093982,-0.000000
86,103,-195.093973,-0.000000
86,104,-195.093972,-0.000000
86,105,-195.093972,-0.000000
86,106,-195.093976,-0.000000
86,107,-195.093975,-0.000000
86,108,-195.093974,0.000000
86,109,-195.093972,0.000000
86,110,-195.093971,-0.000000
86,111,-195.093974,0.000000
86,112,-195.093973,-0.000000
86,113,-195.093973,-0.000000
86,114,-195.093972,0.000000
86,115,-195.093976,-0.000000
86,116,-195.093972,-0.000000
86,117,-195.093972,-0.000000
86,118,-195.093974,-0.000001
86,119,-195.093972,-0.000000
87,88,-195.093976,-0.000001
87,89,-195.093974,-0.000000
87,90,-195.093971,-0.000000
87,91,-195.093975,-0.000000
87,92,-195.093973,-0.000000
87,93,-195.093993,-0.000000
87,94,-195.093970,-0.000000
87,95,-195.093974,-0.000000
87,96,-195.093992,0.000000
87,97,-195.093978,-0.000002
87,98,-195.093982,-0.000000
87,99,-195.093972,-0.000000
87,100,-195.093968,-0.000000
87,101,-195.093976,-0.000000
87,102,-195.093978,-0.000001
87,103,-195.093968,-0.000000
87,104,-195.093968,0.000000
87,105,-195.093968,-0.000000
87,106,-195.093972,-0.000000
87,107,-195.093971,-0.000001
87,108,-195.093970,-0.000000
87,109,-195.093968,-0.000000
87,110,-195.093967,0.000000
87,111,-195.093970,-0.000000
87,112,-195.093969,-0.000000
87,113,-195.093969,-0.000000
87,114,-195.093968,-0.000000
87,115,-195.093972,-0.000000
87,116,-195.093968,-0.000000
87,117,-195.093968,-0.000000
87,118,-195.093969,0.000000
87,119,-195.093968,-0.000000
88,89,-195.093974,-0.000000
88,90,-195.093972,-0.000001
88,91,-195.093975,-0.000001
88,92,-195.093973,-0.000000
88,93,-195.093993,-0.000000
88,94,-195.093971,-0.000000
88,95,-195.093974,-0.000000
88,96,-195.093992,-0.000000
88,97,-195.093977,-0.000000
88,98,-195.093983,-0.000000
88,99,-195.093972,-0.000000
88,100,-195.093969,0.000000
88,101,-195.093976,0.000000
88,102,-195.093978,0.000000
88,103,-195.093969,-0.000000
88,104,-195.093968,-0.000000
88,105,-195.093968,-0.000000
88,106,-195.093972,-0.000000
88,107,-195.093970,-0.000000
88,108,-195.093970,-0.000000
88,109,-195.093968,-0.000000
88,110,-195.093967,0.000000
88,111,-195.093970,-0.000000
88,112,-195.093969,-0.000000
88,113,-195.093969,-0.000000
88,114,-195.093968,-0.000000
88,115,-195.093972,-0.000000
88,116,-195.093968,-0.000000
88,117,-195.093968,-0.000000
88,118,-195.093969,-0.000000
88,119,-195.093968,0.000000
89,90,-195.093971,-0.000000
89,91,-195.093975,-0.000001
89,92,-195.093974,-0.000001
89,93,-195.093993,-0.000000
89,94,-195.093970,-0.000000
89,95,-195.093973,-0.000000
89,96,-195.093992,-0.000000
89,97,-195.093977,-0.000001
89,98,-195.093982,-0.000000
89,99,-195.093971,0.000000
89,100,-195.093968,0.000000
89,101,-195.093976,-0.000000
89,102,-195.093978,-0.000000
89,103,-195.093968,0.000000
89,104,-195.093968,-0.000000
89,105,-195.093967,-0.000000
89,106,-195.093972,-0.000000
89,107,-195.093970,0.000000
89,108,-195.093970,-0.000000
89,109,-195.093968,-0.000000
89,110,-195.093967,0.000000
89,111,-195.093970,-0.000000
89,112,-195.093969,-0.000000
89,113,-195.093968,-0.000000
89,114,-195.093968,-0.000000
89,115,-195.093971,-0.000000
89,116,-195.093968,-0.000000
89,117,-195.093968,-0.000000
89,118,-195.093969,-0.000000
89,119,-195.093968,0.000000
90,91,-195.093972,-0.000000
90,92,-195.093970,-0.000000
90,93,-195.093993,-0.000003
90,94,-195.093967,0.000000
90,95,-195.093970,0.000000
90,96,-195.093989,0.000000
90,97,-195.093974,-0.000001
90,98,-195.093980,-0.000000
90,99,-195.093969,0.000000
90,100,-195.093965,-0.000000
90,101,-195.093973,-0.000000
90,102,-195.093975,0.000000
90,103,-195.093965,-0.000000
90,104,-195.093965,0.000000
90,105,-195.093964,0.000000
90,106,-195.093969,-0.000000
90,107,-195.093967,0.000000
90,108,-195.093967,0.000000
90,109,-195.093965,-0.000000
90,110,-195.093964,-0.000000
90,111,-195.093967,0.000000
90,112,-195.093966,-0.000000
90,113,-195.093966,-0.000000
90,114,-195.093965,-0.000000
90,115,-195.093969,-0.000000
90,116,-195.093965,0.000000
90,117,-195.093965,-0.000000
90,118,-195.093966,-0.000000
90,119,-195.093965,-0.000000
91,92,-195.093974,-0.000000
91,93,-195.093993,-0.000000
91,94,-195.093971,0.000000
91,95,-195.093974,-0.000000
91,96,-195.093993,-0.000001
91,97,-195.093977,0.000000
91,98,-195.093983,-0.000000
91,99,-195.093972,-0.000000
91,100,-195.093969,-0.000000
91,101,-195.093977,-0.000000
91,102,-195.093979,-0.000000
91,103,-195.093969,0.000000
91,104,-195.093969,-0.000000
91,105,-195.093968,0.000000
91,106,-195.093972,-0.000000
91,107,-195.093971,-0.000000
91,108,-195.093971,-0.000000
91,109,-195.093968,-0.000000
91,110,-195.093968,0.000000
91,111,-195.093970,-0.000000
91,112,-195.093969,-0.000000
91,113,-195.093969,0.000000
91,114,-195.093968,-0.000000
91,115,-195.093972,-0.000000
91,116,-195.093969,-0.000000
91,117,-195.093968,0.000000
91,118,-195.093969,-0.000000
91,119,-195.093969,-0.000000
92,93,-195.093991,0.000000
92,94,-195.093969,-0.000000
92,95,-195.093973,-0.000001
92,96,-195.093991,-0.000001
92,97,-195.093976,-0.000000
92,98,-195.093981,-0.000000
92,99,-195.093971,-0.000000
92,100,-195.093967,-0.000000
92,101,-195.093975,-0.000000
92,102,-195.093977,-0.000000
92,103,-195.093967,-0.000000
92,104,-195.093967,-0.000000
92,105,-195.093966,-0.000000
92,106,-195.093971,0.000000
92,107,-195.093969,-0.000000
92,108,-195.093969,-0.000000
92,109,-195.093967,0.000000
92,110,-195.093966,0.000000
92,111,-195.093969,0.000000
92,112,-195.093968,-0.000000
92,113,-195.093968,-0.000000
92,114,-195.093967,-0.000000
92,115,-195.093970,-0.000000
92,116,-195.093967,-0.000000
92,117,-195.093967,0.000000
92,118,-195.093968,-0.000000
92,119,-195.093967,-0.000000
93,94,-195.093989,-0.000000
93,95,-195.093992,-0.000000
93,96,-195.094011,-0.000001
93,97,-195.093995,-0.000000
93,98,-195.094001,0.000000
93,99,-195.093990,-0.000000
93,100,-195.093987,-0.000000
93,101,-195.093995,0.000000
93,102,-195.093996,0.000000
93,103,-195.093987,-0.000000
93,104,-195.093987,-0.000000
93,105,-195.093986,0.000000
93,106,-195.093991,-0.000000
93,107,-195.093989,-0.000000
93,108,-195.093989,-0.000001
93,109,-195.093987,0.000000
93,110,-195.093986,-0.000000
93,111,-195.093988,-0.000000
93,112,-195.093988,-0.000000
93,113,-195.093987,-0.000000
93,114,-195.093986,-0.000000
93,115,-195.093991,-0.000001
93,116,-195.093987,-0.000000
93,117,-195.093987,0.000000
93,118,-195.093987,0.000000
93,119,-195.093987,0.000000
94,95,-195.093970,-0.000000
94,96,-195.093988,0.000000
94,97,-195.093974,-0.000001
94,98,-195.093978,0.000000
94,99,-195.093968,0.000000
94,100,-195.093965,-0.000000
94,101,-195.093972,0.000000
94,102,-195.093974,0.000000
94,103,-195.093965,0.000000
94,104,-195.093965,-0.000000
94,105,-195.093964,-0.000000
94,106,-195.093968,0.000000
94,107,-195.093967,-0.000000
94,108,-195.093967,-0.000000
94,109,-195.093964,0.000000
94,110,-195.093964,-0.000000
94,111,-195.093966,-0.000000
94,112,-195.093965,0.000000
94,113,-195.093965,-0.000000
94,114,-195.093964,-0.000000
94,115,-195.093968,-0.000000
94,116,-195.093964,0.000000
94,117,-195.093964,-0.000000
94,118,-195.093965,-0.000000
94,119,-195.093965,-0.000000
95,96,-195.093992,-0.000001
95,97,-195.093977,-0.000000
95,98,-195.093982,-0.000000
95,99,-195.093971,0.000000
95,100,-195.093968,-0.000000
95,101,-195.093976,-0.000000
95,102,-195.093978,-0.000000
95,103,-195.093968,0.000000
95,104,-195.093968,-0.000000
95,105,-195.093967,0.000000
95,106,-195.093971,-0.000000
95,107,-195.093970,-0.000000
95,108,-195.093971,-0.000001
95,109,-195.093968,0.000000
95,110,-195.093967,-0.000000
95,111,-195.093969,-0.000000
95,112,-195.093969,-0.000000
95,113,-195.093968,-0.000000
95,114,-195.093967,0.000000
95,115,-195.093971,-0.000000
95,116,-195.093968,-0.000000
95,117,-195.093968,0.000000
95,118,-195.093968,-0.000000
95,119,-195.093968,-0.000000
96,97,-195.093996,-0.000001
96,98,-195.094000,-0.000000
96,99,-195.093990,-0.000000
96,100,-195.093987,-0.000000
96,101,-195.093994,-0.000000
96,102,-195.093996,0.000000
96,103,-195.093987,-0.000000
96,104,-195.093986,-0.000000
96,105,-195.093985,-0.000000
96,106,-195.093991,-0.000001
96,107,-195.093989,-0.000001
96,108,-195.093988,-0.000000
96,109,-195.093986,-0.000000
96,110,-195.093985,-0.000000
96,111,-195.093988,-0.000000
96,112,-195.093987,-0.000000
96,113,-195.093987,-0.000000
96,114,-195.093986,-0.000000
96,115,-195.093990,-0.000000
96,116,-195.093986,-0.000000
96,117,-195.093986,-0.000000
96,118,-195.093987,-0.000000
96,119,-195.093986,-0.000000
97,98,-195.093985,-0.000000
97,99,-195.093974,0.000000
97,100,-195.093971,0.000000
97,101,-195.093980,-0.000001
97,102,-195.093981,-0.000000
97,103,-195.093971,0.000000
97,104,-195.093971,-0.000000
97,105,-195.093970,-0.000000
97,106,-195.093975,-0.000000
97,107,-195.093973,-0.000000
97,108,-195.093973,-0.000000
97,109,-195.093971,-0.000000
97,110,-195.093970,0.000000
97,111,-195.093973,0.000000
97,112,-195.093972,-0.000000
97,113,-195.093971,-0.000000
97,114,-195.093971,-0.000000
97,115,-195.093974,-0.000000
97,116,-195.093971,-0.000000
97,117,-195.093971,0.000000
97,118,-195.093972,-0.000000
97,119,-195.093971,0.000000
98,99,-195.093980,-0.000000
98,100,-195.093976,-0.000000
98,101,-195.093985,-0.000000
98,102,-195.093986,-0.000000
98,103,-195.093977,-0.000000
98,104,-195.093977,-0.000001
98,105,-195.093976,-0.000000
98,106,-195.093980,-0.000000
98,107,-195.093978,-0.000000
98,108,-195.093978,-0.000000
98,109,-195.093976,0.000000
98,110,-195.093975,0.000000
98,111,-195.093978,-0.000000
98,112,-195.093977,0.000000
98,113,-195.093977,-0.000000
98,114,-195.093976,-0.000000
98,115,-195.093980,0.000000
98,116,-195.093976,-0.000000
98,117,-195.093977,-0.000001
98,118,-195.093978,-0.000001
98,119,-195.093976,-0.000000
99,100,-195.093966,0.000000
99,101,-195.093974,-0.000000
99,102,-195.093976,-0.000000
99,103,-195.093966,-0.000000
99,104,-195.093966,-0.000000
99,105,-195.093965,0.000000
99,106,-195.093970,-0.000001
99,107,-195.093968,-0.000000
99,108,-195.093968,-0.000000
99,109,-195.093966,0.000000
99,110,-195.093965,-0.000000
99,111,-195.093967,-0.000000
99,112,-195.093966,-0.000000
99,113,-195.093966,-0.000000
99,114,-195.093965,0.000000
99,115,-195.093969,-0.000000
99,116,-195.093966,-0.000000
99,117,-195.093966,0.000000
99,118,-195.093966,-0.000000
99,119,-195.093966,-0.000000
100,101,-195.093970,-0.000000
100,102,-195.093973,-0.000000
100,103,-195.093963,-0.000000
100,104,-195.093962,0.000000
100,105,-195.093962,0.000000
100,106,-195.093967,-0.000000
100,107,-195.093965,-0.000000
100,108,-195.093964,-0.000000
100,109,-195.093962,-0.000000
100,110,-195.093962,0.000000
100,111,-195.093964,-0.000000
100,112,-195.093963,0.000000
100,113,-195.093963,-0.000000
100,114,-195.093962,0.000000
100,115,-195.093966,0.000000
100,116,-195.093962,0.000000
100,117,-195.093962,-0.000000
100,118,-195.093963,-0.000000
100,119,-195.093962,-0.000000
101,102,-195.093980,-0.000000
101,103,-195.093971,-0.000000
101,104,-195.093970,-0.000000
101,105,-195.093970,-0.000000
101,106,-195.093974,0.000000
101,107,-195.093972,-0.000000
101,108,-195.093972,-0.000000
101,109,-195.093970,-0.000000
101,110,-195.093969,0.000000
101,111,-195.093972,0.000000
101,112,-195.093971,0.000000
101,113,-195.093971,-0.000000
101,114,-195.093970,-0.000000
101,115,-195.093974,-0.000000
101,116,-195.093971,-0.000001
101,117,-195.093970,-0.000000
101,118,-195.093971,0.000000
101,119,-195.093970,-0.000000
102,103,-195.093972,-0.000000
102,104,-195.093972,-0.000000
102,105,-195.093971,-0.000000
102,106,-195.093976,-0.000000
102,107,-195.093974,-0.000000
102,108,-195.093975,-0.000001
102,109,-195.093972,-0.000000
102,110,-195.093971,-0.000000
102,111,-195.093974,-0.000000
102,112,-195.093973,0.000000
102,113,-195.093973,-0.000000
102,114,-195.093972,-0.000000
102,115,-195.093976,-0.000000
102,116,-195.093972,-0.000000
102,117,-195.093972,0.000000
102,118,-195.093973,-0.000000
102,119,-195.093972,-0.000000
103,104,-195.093963,-0.000000
103,105,-195.093962,-0.000000
103,106,-195.093966,-0.000000
103,107,-195.093965,0.000000
103,108,-195.093964,-0.000000
103,109,-195.093962,-0.000000
103,110,-195.093962,-0.000000
103,111,-195.093964,0.000000
103,112,-195.093963,-0.000000
103,113,-195.093963,-0.000000
103,114,-195.093962,0.000000
103,115,-195.093966,-0.000000
103,116,-195.093962,0.000000
103,117,-195.093962,0.000000
103,118,-195.093963,-0.000000
103,119,-195.093963,-0.000000
104,105,-195.093962,-0.000000
104,106,-195.093966,-0.000000
104,107,-195.093964,0.000000
104,108,-195.093964,-0.000000
104,109,-195.093962,0.000000
104,110,-195.093961,-0.000000
104,111,-195.093964,-0.000000
104,112,-195.093963,-0.000000
104,113,-195.093963,-0.000000
104,114,-195.093962,0.000000
104,115,-195.093966,-0.000000
104,116,-195.093962,-0.000000
104,117,-195.093962,0.000000
104,118,-195.093963,-0.000000
104,119,-195.093962,-0.000000
105,106,-195.093965,-0.000000
105,107,-195.093964,-0.000000
105,108,-195.093963,0.000000
105,109,-195.093961,0.000000
105,110,-195.093961,0.000000
105,111,-195.093963,-0.000000
105,112,-195.093962,0.000000
105,113,-195.093962,0.000000
105,114,-195.093961,-0.000000
105,115,-195.093965,-0.000000
105,116,-195.093961,-0.000000
105,117,-195.093961,-0.000000
105,118,-195.093962,0.000000
105,119,-195.093962,-0.000000
106,107,-195.093968,-0.000000
106,108,-195.093968,-0.000001
106,109,-195.093966,-0.000000
106,110,-195.093965,-0.000000
106,111,-195.093968,-0.000000
106,112,-195.093967,0.000000
106,113,-195.093967,-0.000000
106,114,-195.093966,-0.000000
106,115,-195.093969,-0.000000
106,116,-195.093966,-0.000000
106,117,-195.093966,-0.000000
106,118,-195.093967,-0.000000
106,119,-195.093966,-0.000000
107,108,-195.093966,-0.000000
107,109,-195.093964,0.000000
107,110,-195.093963,0.000000
107,111,-195.093966,-0.000000
107,112,-195.093965,-0.000000
107,113,-195.093965,-0.000000
107,114,-195.093964,-0.000000
107,115,-195.093968,-0.000000
107,116,-195.093964,-0.000000
107,117,-195.093964,-0.000000
107,118,-195.093965,0.000000
107,119,-195.093964,-0.000000
108,109,-195.093964,-0.000000
108,110,-195.093963,0.000000
108,111,-195.093966,0.000000
108,112,-195.093965,-0.000000
108,113,-195.093965,-0.000000
108,114,-195.093964,-0.000000
108,115,-195.093968,-0.000000
108,116,-195.093964,0.000000
108,117,-195.093964,-0.000000
108,118,-195.093965,-0.000000
108,119,-195.093964,-0.000000
109,110,-195.093961,-0.000000
109,111,-195.093964,-0.000000
109,112,-195.093963,-0.000000
109,113,-195.093963,-0.000000
109,114,-195.093962,-0.000000
109,115,-195.093966,-0.000000
109,116,-195.093962,-0.000000
109,117,-195.093962,0.000000
109,118,-195.093963,-0.000000
109,119,-195.093962,-0.000000
110,111,-195.093963,-0.000000
110,112,-195.093962,-0.000000
110,113,-195.093962,-0.000000
110,114,-195.093961,0.000000
110,115,-195.093965,-0.000000
110,116,-195.093961,-0.000000
110,117,-195.093961,0.000000
110,118,-195.093962,-0.000000
110,119,-195.093961,0.000000
111,112,-195.093965,-0.000000
111,113,-195.093964,0.000000
111,114,-195.093964,-0.000000
111,115,-195.093967,-0.000000
111,116,-195.093964,0.000000
111,117,-195.093964,0.000000
111,118,-195.093965,-0.000000
111,119,-195.093964,0.000000
112,113,-195.093964,0.000000
112,114,-195.093963,-0.000000
112,115,-195.093967,-0.000000
112,116,-195.093963,-0.000000
112,117,-195.093963,-0.000000
112,118,-195.093964,0.000000
112,119,-195.093963,0.000000
113,114,-195.093963,-0.000000
113,115,-195.093966,-0.000000
113,116,-195.093963,0.000000
113,117,-195.093963,-0.000000
113,118,-195.093963,-0.000000
113,119,-195.093963,-0.000000
114,115,-195.093966,-0.000000
114,116,-195.093962,-0.000000
114,117,-195.093962,0.000000
114,118,-195.093963,-0.000000
114,119,-195.093962,-0.000000
115,116,-195.093965,0.000000
115,117,-195.093966,-0.000000
115,118,-195.093966,-0.000000
115,119,-195.093966,-0.000000
116,117,-195.093962,-0.000000
116,118,-195.093963,0.000000
116,119,-195.093962,-0.000000
117,118,-195.093963,-0.000000
117,119,-195.093962,0.000000
118,119,-195.093963,-0.000000
