95,96,-2947.145400,0.000000
95,97,-2947.145424,0.000000
95,98,-2947.145409,0.000005
95,99,-2947.145478,0.000007
95,100,-2947.145906,-0.000164
95,101,-2947.145397,0.000000
95,102,-2947.145397,0.000000
95,103,-2947.145397,-0.000000
95,104,-2947.145397,0.000000
95,105,-2947.145397,0.000000
95,106,-2947.145397,0.000000
95,107,-2947.145397,0.000000
95,108,-2947.145416,0.000000
95,109,-2947.145397,0.000000
95,110,-2947.145397,0.000000
95,111,-2947.145403,0.000000
95,112,-2947.145397,0.000000
95,113,-2947.145397,0.000000
95,114,-2947.145397,0.000000
95,115,-2947.145397,0.000000
95,116,-2947.145397,0.000000
95,117,-2947.145397,0.000000
95,118,-2947.145397,0.000000
95,119,-2947.145397,0.000000
95,120,-2947.145397,0.000000
95,121,-2947.145397,0.000000
95,122,-2947.145399,-0.000001
95,123,-2947.145399,0.000000
95,124,-2947.145399,0.000000
95,125,-2947.145397,0.000000
95,126,-2947.145397,0.000000
95,127,-2947.145397,0.000000
95,128,-2947.145420,0.000000
95,129,-2947.145397,-0.000000
95,130,-2947.145407,0.000000
95,131,-2947.145491,-0.000010
95,132,-2947.145397,0.000000
95,133,-2947.145397,0.000000
95,134,-2947.145397,0.000000
95,135,-2947.145401,0.000000
95,136,-2947.145453,0.000000
95,137,-2947.145401,0.000000
95,138,-2947.145401,-0.000001
95,139,-2947.145397,0.000000
95,140,-2947.145397,-0.000000
95,141,-2947.145406,0.000000
95,142,-2947.145397,0.000000
95,143,-2947.145408,0.000000
95,144,-2947.145423,-0.000003
95,145,-2947.145397,0.000000
95,146,-2947.145415,-0.000005
95,147,-2947.145515,0.000001
95,148,-2947.145397,-0.000000
95,149,-2947.145397,-0.000000
95,150,-2947.145400,-0.000001
95,151,-2947.145397,0.000000
95,152,-2947.145410,0.000000
95,153,-2947.145397,0.000000
95,154,-2947.145397,-0.000000
95,155,-2947.145397,0.000000
95,156,-2947.145397,0.000000
95,157,-2947.145397,0.000000
95,158,-2947.145400,0.000000
95,159,-2947.145399,0.000000
95,160,-2947.145397,0.000000
95,161,-2947.145398,0.000000
95,162,-2947.145397,0.000000
95,163,-2947.145399,0.000000
95,164,-2947.145397,0.000000
95,165,-2947.145397,0.000000
95,166,-2947.145402,0.000000
95,167,-2947.145397,0.000000
95,168,-2947.145397,0.000000
95,169,-2947.145397,0.000000
95,170,-2947.145412,0.000000
95,171,-2947.145398,0.000000
95,172,-2947.145398,0.000000
95,173,-2947.145674,-0.000000
95,174,-2947.145403,0.000000
95,175,-2947.145434,0.000000
95,176,-2947.145423,0.000000
95,177,-2947.145400,0.000000
95,178,-2947.145470,0.000000
95,179,-2947.145398,0.000000
95,180,-2947.145453,-0.000001
95,181,-2947.145407,-0.000001
95,182,-2947.145397,0.000000
95,183,-2947.145402,0.000000
95,184,-2947.145437,0.000000
95,185,-2947.145464,0.000000
95,186,-2947.145407,0.000000
95,187,-2947.145442,-0.000001
95,188,-2947.145424,0.000000
95,189,-2947.145404,0.000000
95,190,-2947.145404,0.000000
95,191,-2947.145397,0.000000
95,192,-2947.145397,0.000000
95,193,-2947.145398,0.000000
95,194,-2947.145397,0.000000
95,195,-2947.145403,-0.000001
95,196,-2947.145397,0.000000
95,197,-2947.145397,0.000000
95,198,-2947.145397,0.000000
95,199,-2947.145397,0.000000
95,200,-2947.145413,-0.000000
95,201,-2947.145397,0.000000
95,202,-2947.145401,0.000000
95,203,-2947.145397,0.000000
95,204,-2947.145397,0.000000
95,205,-2947.145398,0.000000
95,206,-2947.145397,0.000000
95,207,-2947.145397,0.000000
95,208,-2947.145397,0.000000
95,209,-2947.145397,0.000000
95,210,-2947.145398,-0.000000
95,211,-2947.145399,0.000000
95,212,-2947.145398,0.000000
95,213,-2947.145428,0.000000
95,214,-2947.145400,0.000000
95,215,-2947.145397,0.000000
95,216,-2947.145398,0.000000
95,217,-2947.145467,0.000000
95,218,-2947.145397,0.000000
95,219,-2947.145397,0.000000
95,220,-2947.145401,0.000000
95,221,-2947.145561,-0.000002
95,222,-2947.145453,0.000000
95,223,-2947.145402,0.000000
95,224,-2947.145400,0.000000
95,225,-2947.145397,0.000000
95,226,-2947.145397,0.000000
95,227,-2947.145399,0.000000
95,228,-2947.145443,-0.000003
95,229,-2947.145397,0.000000
95,230,-2947.145397,0.000000
96,97,-2947.145384,0.000002
96,98,-2947.145375,0.000000
96,99,-2947.145444,0.000001
96,100,-2947.145701,0.000001
96,101,-2947.145357,0.000000
96,102,-2947.145357,-0.000000
96,103,-2947.145357,0.000000
96,104,-2947.145357,0.000000
96,105,-2947.145357,-0.000000
96,106,-2947.145357,0.000000
96,107,-2947.145357,0.000000
96,108,-2947.145376,0.000000
96,109,-2947.145358,0.000000
96,110,-2947.145357,-0.000000
96,111,-2947.145364,0.000000
96,112,-2947.145357,-0.000000
96,113,-2947.145357,0.000000
96,114,-2947.145357,-0.000000
96,115,-2947.145357,0.000000
96,116,-2947.145357,0.000000
96,117,-2947.145358,0.000000
96,118,-2947.145357,0.000000
96,119,-2947.145357,-0.000000
96,120,-2947.145357,0.000000
96,121,-2947.145358,0.000000
96,122,-2947.145359,0.000000
96,123,-2947.145360,0.000000
96,124,-2947.145359,0.000000
96,125,-2947.145357,0.000000
96,126,-2947.145357,-0.000000
96,127,-2947.145357,-0.000000
96,128,-2947.145380,0.000000
96,129,-2947.145358,-0.000000
96,130,-2947.145368,0.000000
96,131,-2947.145441,0.000000
96,132,-2947.145357,0.000000
96,133,-2947.145357,-0.000000
96,134,-2947.145357,0.000000
96,135,-2947.145361,0.000000
96,136,-2947.145413,0.000000
96,137,-2947.145361,0.000000
96,138,-2947.145360,0.000000
96,139,-2947.145357,-0.000000
96,140,-2947.145358,0.000000
96,141,-2947.145366,0.000000
96,142,-2947.145357,0.000000
96,143,-2947.145369,0.000000
96,144,-2947.145381,0.000000
96,145,-2947.145358,0.000000
96,146,-2947.145370,0.000000
96,147,-2947.145476,0.000000
96,148,-2947.145357,-0.000000
96,149,-2947.145358,0.000000
96,150,-2947.145360,0.000000
96,151,-2947.145357,-0.000000
96,152,-2947.145371,0.000000
96,153,-2947.145357,0.000000
96,154,-2947.145357,0.000000
96,155,-2947.145357,0.000000
96,156,-2947.145357,-0.000000
96,157,-2947.145357,-0.000000
96,158,-2947.145360,0.000000
96,159,-2947.145360,0.000000
96,160,-2947.145357,0.000000
96,161,-2947.145359,0.000000
96,162,-2947.145357,-0.000000
96,163,-2947.145359,0.000000
96,164,-2947.145357,0.000000
96,165,-2947.145358,-0.000000
96,166,-2947.145363,0.000000
96,167,-2947.145357,-0.000000
96,168,-2947.145357,0.000000
96,169,-2947.145357,-0.000000
96,170,-2947.145373,0.000000
96,171,-2947.145358,0.000000
96,172,-2947.145359,-0.000000
96,173,-2947.145634,0.000000
96,174,-2947.145363,0.000000
96,175,-2947.145395,0.000000
96,176,-2947.145383,0.000000
96,177,-2947.145361,0.000000
96,178,-2947.145431,0.000000
96,179,-2947.145358,0.000000
96,180,-2947.145413,0.000000
96,181,-2947.145366,0.000000
96,182,-2947.145358,-0.000000
96,183,-2947.145363,0.000000
96,184,-2947.145397,0.000000
96,185,-2947.145425,0.000000
96,186,-2947.145368,0.000000
96,187,-2947.145402,0.000000
96,188,-2947.145385,0.000000
96,189,-2947.145365,0.000000
96,190,-2947.145364,0.000000
96,191,-2947.145357,-0.000000
96,192,-2947.145358,0.000000
96,193,-2947.145358,0.000000
96,194,-2947.145358,0.000000
96,195,-2947.145363,0.000000
96,196,-2947.145357,0.000000
96,197,-2947.145358,0.000000
96,198,-2947.145357,-0.000000
96,199,-2947.145357,0.000000
96,200,-2947.145374,0.000000
96,201,-2947.145357,-0.000000
96,202,-2947.145362,0.000000
96,203,-2947.145358,0.000000
96,204,-2947.145357,0.000000
96,205,-2947.145358,0.000000
96,206,-2947.145357,0.000000
96,207,-2947.145357,0.000000
96,208,-2947.145358,0.000000
96,209,-2947.145357,-0.000000
96,210,-2947.145358,0.000000
96,211,-2947.145359,0.000000
96,212,-2947.145359,0.000000
96,213,-2947.145388,0.000000
96,214,-2947.145360,0.000000
96,215,-2947.145357,0.000000
96,216,-2947.145358,0.000000
96,217,-2947.145428,0.000000
96,218,-2947.145357,0.000000
96,219,-2947.145358,0.000000
96,220,-2947.145362,0.000000
96,221,-2947.145519,0.000000
96,222,-2947.145414,0.000000
96,223,-2947.145363,0.000000
96,224,-2947.145361,0.000000
96,225,-2947.145358,-0.000000
96,226,-2947.145357,0.000000
96,227,-2947.145359,0.000000
96,228,-2947.145400,0.000000
96,229,-2947.145357,0.000000
96,230,-2947.145358,-0.000000
97,98,-2947.145400,0.000000
97,99,-2947.145469,0.000001
97,100,-2947.145723,0.000005
97,101,-2947.145382,-0.000000
97,102,-2947.145382,0.000000
97,103,-2947.145382,0.000000
97,104,-2947.145382,0.000000
97,105,-2947.145382,0.000000
97,106,-2947.145383,-0.000000
97,107,-2947.145386,-0.000004
97,108,-2947.145436,-0.000035
97,109,-2947.145386,-0.000003
97,110,-2947.145382,0.000000
97,111,-2947.145389,0.000000
97,112,-2947.145382,0.000000
97,113,-2947.145382,-0.000000
97,114,-2947.145382,0.000000
97,115,-2947.145382,0.000000
97,116,-2947.145382,0.000000
97,117,-2947.145383,-0.000000
97,118,-2947.145382,-0.000000
97,119,-2947.145382,0.000000
97,120,-2947.145383,0.000000
97,121,-2947.145384,-0.000001
97,122,-2947.145384,0.000000
97,123,-2947.145388,-0.000003
97,124,-2947.145393,-0.000009
97,125,-2947.145382,0.000000
97,126,-2947.145382,0.000000
97,127,-2947.145382,0.000000
97,128,-2947.145428,-0.000023
97,129,-2947.145383,0.000000
97,130,-2947.145393,0.000000
97,131,-2947.145465,0.000002
97,132,-2947.145385,-0.000002
97,133,-2947.145382,0.000000
97,134,-2947.145382,0.000000
97,135,-2947.145386,0.000000
97,136,-2947.145478,-0.000039
97,137,-2947.145398,-0.000012
97,138,-2947.145385,0.000000
97,139,-2947.145382,0.000000
97,140,-2947.145383,0.000000
97,141,-2947.145404,-0.000012
97,142,-2947.145382,0.000000
97,143,-2947.145404,-0.000010
97,144,-2947.145406,0.000000
97,145,-2947.145383,0.000000
97,146,-2947.145395,0.000000
97,147,-2947.145540,-0.000039
97,148,-2947.145382,0.000000
97,149,-2947.145385,-0.000002
97,150,-2947.145385,0.000000
97,151,-2947.145382,0.000000
97,152,-2947.145396,0.000000
97,153,-2947.145382,0.000000
97,154,-2947.145382,0.000000
97,155,-2947.145383,-0.000001
97,156,-2947.145382,0.000000
97,157,-2947.145382,0.000000
97,158,-2947.145387,-0.000001
97,159,-2947.145385,-0.000000
97,160,-2947.145382,0.000000
97,161,-2947.145385,-0.000002
97,162,-2947.145382,0.000000
97,163,-2947.145386,-0.000002
97,164,-2947.145382,0.000000
97,165,-2947.145383,0.000000
97,166,-2947.145388,0.000000
97,167,-2947.145382,0.000000
97,168,-2947.145383,-0.000000
97,169,-2947.145382,0.000000
97,170,-2947.145399,-0.000001
97,171,-2947.145384,-0.000000
97,172,-2947.145384,0.000000
97,173,-2947.145658,0.000001
97,174,-2947.145389,-0.000001
97,175,-2947.145420,0.000000
97,176,-2947.145409,-0.000000
97,177,-2947.145386,0.000000
97,178,-2947.145456,0.000000
97,179,-2947.145385,-0.000002
97,180,-2947.145438,0.000000
97,181,-2947.145391,0.000000
97,182,-2947.145383,0.000000
97,183,-2947.145388,0.000000
97,184,-2947.145438,-0.000015
97,185,-2947.145460,-0.000010
97,186,-2947.145393,0.000000
97,187,-2947.145427,0.000000
97,188,-2947.145410,0.000000
97,189,-2947.145394,-0.000004
97,190,-2947.145389,0.000000
97,191,-2947.145383,0.000000
97,192,-2947.145383,0.000000
97,193,-2947.145383,0.000000
97,194,-2947.145383,-0.000001
97,195,-2947.145388,0.000000
97,196,-2947.145382,0.000000
97,197,-2947.145384,-0.000001
97,198,-2947.145383,0.000000
97,199,-2947.145383,-0.000000
97,200,-2947.145399,0.000000
97,201,-2947.145382,0.000000
97,202,-2947.145387,0.000000
97,203,-2947.145383,-0.000000
97,204,-2947.145384,-0.000002
97,205,-2947.145384,-0.000000
97,206,-2947.145383,0.000000
97,207,-2947.145382,0.000000
97,208,-2947.145383,0.000000
97,209,-2947.145382,0.000000
97,210,-2947.145383,0.000000
97,211,-2947.145385,-0.000000
97,212,-2947.145384,0.000000
97,213,-2947.145413,0.000000
97,214,-2947.145385,0.000000
97,215,-2947.145383,0.000000
97,216,-2947.145383,0.000000
97,217,-2947.145453,0.000000
97,218,-2947.145382,-0.000000
97,219,-2947.145383,0.000000
97,220,-2947.145387,0.000000
97,221,-2947.145544,0.000000
97,222,-2947.145439,0.000000
97,223,-2947.145388,0.000000
97,224,-2947.145386,-0.000000
97,225,-2947.145383,0.000000
97,226,-2947.145382,0.000000
97,227,-2947.145385,-0.000001
97,228,-2947.145425,0.000000
97,229,-2947.145382,0.000000
97,230,-2947.145383,0.000000
98,99,-2947.145574,-0.000114
98,100,-2947.145714,0.000003
98,101,-2947.145372,0.000000
98,102,-2947.145372,0.000000
98,103,-2947.145378,-0.000006
98,104,-2947.145372,0.000000
98,105,-2947.145372,0.000000
98,106,-2947.145372,0.000000
98,107,-2947.145372,0.000000
98,108,-2947.145391,0.000000
98,109,-2947.145372,0.000000
98,110,-2947.145372,0.000000
98,111,-2947.145378,0.000000
98,112,-2947.145372,0.000000
98,113,-2947.145372,0.000000
98,114,-2947.145372,0.000000
98,115,-2947.145372,0.000000
98,116,-2947.145372,0.000000
98,117,-2947.145372,0.000000
98,118,-2947.145372,0.000000
98,119,-2947.145372,0.000000
98,120,-2947.145372,-0.000000
98,121,-2947.145372,0.000000
98,122,-2947.145373,0.000000
98,123,-2947.145374,0.000000
98,124,-2947.145374,0.000000
98,125,-2947.145372,-0.000000
98,126,-2947.145372,0.000000
98,127,-2947.145372,0.000000
98,128,-2947.145395,0.000000
98,129,-2947.145372,0.000000
98,130,-2947.145384,-0.000001
98,131,-2947.145455,0.000001
98,132,-2947.145372,0.000000
98,133,-2947.145372,0.000000
98,134,-2947.145372,0.000000
98,135,-2947.145379,-0.000003
98,136,-2947.145428,0.000000
98,137,-2947.145376,0.000000
98,138,-2947.145375,-0.000000
98,139,-2947.145372,0.000000
98,140,-2947.145373,-0.000000
98,141,-2947.145381,0.000000
98,142,-2947.145372,0.000000
98,143,-2947.145384,0.000000
98,144,-2947.145395,0.000001
98,145,-2947.145372,0.000000
98,146,-2947.145385,-0.000000
98,147,-2947.145490,0.000000
98,148,-2947.145372,0.000000
98,149,-2947.145372,0.000000
98,150,-2947.145375,-0.000000
98,151,-2947.145372,0.000000
98,152,-2947.145385,0.000000
98,153,-2947.145372,0.000000
98,154,-2947.145372,-0.000000
98,155,-2947.145372,0.000000
98,156,-2947.145372,0.000000
98,157,-2947.145372,0.000000
98,158,-2947.145375,0.000000
98,159,-2947.145374,0.000000
98,160,-2947.145372,0.000000
98,161,-2947.145373,0.000000
98,162,-2947.145372,0.000000
98,163,-2947.145374,0.000000
98,164,-2947.145372,0.000000
98,165,-2947.145373,0.000000
98,166,-2947.145377,0.000000
98,167,-2947.145372,0.000000
98,168,-2947.145372,0.000000
98,169,-2947.145372,0.000000
98,170,-2947.145387,0.000000
98,171,-2947.145373,0.000000
98,172,-2947.145373,0.000000
98,173,-2947.145648,0.000000
98,174,-2947.145378,0.000000
98,175,-2947.145409,0.000000
98,176,-2947.145398,0.000000
98,177,-2947.145375,0.000000
98,178,-2947.145448,-0.000002
98,179,-2947.145373,0.000000
98,180,-2947.145427,-0.000000
98,181,-2947.145381,0.000000
98,182,-2947.145372,0.000000
98,183,-2947.145377,0.000000
98,184,-2947.145412,0.000000
98,185,-2947.145439,0.000000
98,186,-2947.145382,0.000000
98,187,-2947.145416,0.000000
98,188,-2947.145404,-0.000004
98,189,-2947.145379,0.000000
98,190,-2947.145379,0.000000
98,191,-2947.145372,0.000000
98,192,-2947.145372,0.000000
98,193,-2947.145373,-0.000000
98,194,-2947.145372,0.000000
98,195,-2947.145378,-0.000000
98,196,-2947.145372,0.000000
98,197,-2947.145372,0.000000
98,198,-2947.145372,0.000000
98,199,-2947.145372,0.000000
98,200,-2947.145388,0.000000
98,201,-2947.145372,0.000000
98,202,-2947.145377,-0.000000
98,203,-2947.145372,0.000000
98,204,-2947.145372,0.000000
98,205,-2947.145373,0.000000
98,206,-2947.145372,0.000000
98,207,-2947.145372,0.000000
98,208,-2947.145373,-0.000000
98,209,-2947.145372,0.000000
98,210,-2947.145373,0.000000
98,211,-2947.145374,0.000000
98,212,-2947.145373,0.000000
98,213,-2947.145403,0.000000
98,214,-2947.145375,0.000000
98,215,-2947.145372,0.000000
98,216,-2947.145373,0.000000
98,217,-2947.145442,0.000000
98,218,-2947.145372,0.000000
98,219,-2947.145372,-0.000000
98,220,-2947.145376,0.000000
98,221,-2947.145534,0.000000
98,222,-2947.145428,0.000000
98,223,-2947.145377,0.000000
98,224,-2947.145375,0.000000
98,225,-2947.145372,0.000000
98,226,-2947.145372,0.000000
98,227,-2947.145374,0.000000
98,228,-2947.145415,0.000000
98,229,-2947.145372,0.000000
98,230,-2947.145372,0.000000
99,100,-2947.145762,0.000026
99,101,-2947.145442,0.000000
99,102,-2947.145442,0.000000
99,103,-2947.145453,-0.000011
99,104,-2947.145442,0.000000
99,105,-2947.145442,0.000000
99,106,-2947.145442,0.000000
99,107,-2947.145442,0.000000
99,108,-2947.145461,0.000000
99,109,-2947.145443,0.000000
99,110,-2947.145442,0.000000
99,111,-2947.145449,0.000000
99,112,-2947.145442,0.000000
99,113,-2947.145442,0.000000
99,114,-2947.145442,0.000000
99,115,-2947.145442,0.000000
99,116,-2947.145442,0.000000
99,117,-2947.145443,0.000000
99,118,-2947.145442,0.000000
99,119,-2947.145442,0.000000
99,120,-2947.145442,0.000000
99,121,-2947.145443,0.000000
99,122,-2947.145444,0.000000
99,123,-2947.145445,0.000000
99,124,-2947.145444,0.000000
99,125,-2947.145442,0.000000
99,126,-2947.145442,0.000000
99,127,-2947.145442,0.000000
99,128,-2947.145465,0.000000
99,129,-2947.145443,-0.000000
99,130,-2947.145452,0.000001
99,131,-2947.145522,0.000004
99,132,-2947.145442,0.000000
99,133,-2947.145442,0.000000
99,134,-2947.145442,0.000000
99,135,-2947.145450,-0.000004
99,136,-2947.145498,0.000000
99,137,-2947.145446,0.000000
99,138,-2947.145445,0.000000
99,139,-2947.145442,0.000000
99,140,-2947.145444,-0.000001
99,141,-2947.145451,0.000000
99,142,-2947.145442,0.000000
99,143,-2947.145454,0.000000
99,144,-2947.145465,0.000001
99,145,-2947.145443,0.000000
99,146,-2947.145455,0.000000
99,147,-2947.145560,0.000001
99,148,-2947.145442,0.000000
99,149,-2947.145443,0.000000
99,150,-2947.145445,0.000000
99,151,-2947.145442,0.000000
99,152,-2947.145456,0.000000
99,153,-2947.145442,0.000000
99,154,-2947.145442,-0.000000
99,155,-2947.145442,0.000000
99,156,-2947.145442,0.000000
99,157,-2947.145442,0.000000
99,158,-2947.145445,0.000000
99,159,-2947.145445,0.000000
99,160,-2947.145442,-0.000000
99,161,-2947.145444,0.000000
99,162,-2947.145442,0.000000
99,163,-2947.145444,0.000000
99,164,-2947.145442,0.000000
99,165,-2947.145443,0.000000
99,166,-2947.145448,0.000000
99,167,-2947.145442,0.000000
99,168,-2947.145443,0.000000
99,169,-2947.145442,0.000000
99,170,-2947.145458,0.000000
99,171,-2947.145443,0.000000
99,172,-2947.145444,0.000000
99,173,-2947.145718,0.000001
99,174,-2947.145448,0.000000
99,175,-2947.145480,0.000000
99,176,-2947.145468,0.000000
99,177,-2947.145446,0.000000
99,178,-2947.145524,-0.000009
99,179,-2947.145444,0.000000
99,180,-2947.145498,0.000000
99,181,-2947.145450,0.000001
99,182,-2947.145443,0.000000
99,183,-2947.145448,-0.000000
99,184,-2947.145482,0.000000
99,185,-2947.145510,0.000000
99,186,-2947.145453,0.000000
99,187,-2947.145486,0.000001
99,188,-2947.145481,-0.000011
99,189,-2947.145450,0.000000
99,190,-2947.145449,0.000000
99,191,-2947.145443,0.000000
99,192,-2947.145443,0.000000
99,193,-2947.145444,-0.000001
99,194,-2947.145443,0.000000
99,195,-2947.145448,0.000000
99,196,-2947.145442,0.000000
99,197,-2947.145443,0.000000
99,198,-2947.145443,0.000000
99,199,-2947.145442,0.000000
99,200,-2947.145459,0.000000
99,201,-2947.145442,0.000000
99,202,-2947.145447,0.000000
99,203,-2947.145443,0.000000
99,204,-2947.145442,0.000000
99,205,-2947.145443,0.000000
99,206,-2947.145443,0.000000
99,207,-2947.145442,0.000000
99,208,-2947.145444,-0.000001
99,209,-2947.145442,0.000000
99,210,-2947.145443,0.000000
99,211,-2947.145444,0.000000
99,212,-2947.145444,0.000000
99,213,-2947.145473,0.000000
99,214,-2947.145445,0.000000
99,215,-2947.145442,0.000000
99,216,-2947.145443,0.000000
99,217,-2947.145512,0.000000
99,218,-2947.145442,0.000000
99,219,-2947.145443,0.000000
99,220,-2947.145447,0.000000
99,221,-2947.145604,0.000000
99,222,-2947.145498,0.000001
99,223,-2947.145448,0.000000
99,224,-2947.145446,0.000000
99,225,-2947.145443,0.000000
99,226,-2947.145442,0.000000
99,227,-2947.145444,0.000000
99,228,-2947.145485,0.000000
99,229,-2947.145442,0.000000
99,230,-2947.145442,0.000000
100,101,-2947.145700,0.000000
100,102,-2947.145700,0.000000
100,103,-2947.145700,0.000000
100,104,-2947.145700,0.000000
100,105,-2947.145700,0.000000
100,106,-2947.145700,0.000000
100,107,-2947.145700,0.000000
100,108,-2947.145718,0.000001
100,109,-2947.145700,0.000000
100,110,-2947.145700,0.000000
100,111,-2947.145707,-0.000001
100,112,-2947.145700,0.000000
100,113,-2947.145700,0.000000
100,114,-2947.145700,0.000000
100,115,-2947.145703,-0.000004
100,116,-2947.145700,0.000000
100,117,-2947.145700,0.000000
100,118,-2947.145700,0.000000
100,119,-2947.145700,0.000000
100,120,-2947.145700,0.000000
100,121,-2947.145700,0.000000
100,122,-2947.145704,-0.000002
100,123,-2947.145702,0.000000
100,124,-2947.145701,0.000000
100,125,-2947.145700,0.000000
100,126,-2947.145700,0.000000
100,127,-2947.145700,0.000000
100,128,-2947.145722,0.000001
100,129,-2947.145701,-0.000001
100,130,-2947.145707,0.000003
100,131,-2947.145805,-0.000021
100,132,-2947.145700,0.000000
100,133,-2947.145700,0.000000
100,134,-2947.145700,0.000000
100,135,-2947.145703,0.000001
100,136,-2947.145754,0.000001
100,137,-2947.145703,0.000000
100,138,-2947.145708,-0.000005
100,139,-2947.145700,0.000000
100,140,-2947.145700,0.000000
100,141,-2947.145708,0.000000
100,142,-2947.145700,0.000000
100,143,-2947.145711,0.000001
100,144,-2947.145734,-0.000011
100,145,-2947.145700,0.000000
100,146,-2947.145723,-0.000010
100,147,-2947.145815,0.000003
100,148,-2947.145700,0.000000
100,149,-2947.145700,-0.000000
100,150,-2947.145704,-0.000001
100,151,-2947.145700,0.000000
100,152,-2947.145713,0.000001
100,153,-2947.145700,-0.000000
100,154,-2947.145700,0.000000
100,155,-2947.145700,0.000000
100,156,-2947.145700,0.000000
100,157,-2947.145700,0.000000
100,158,-2947.145703,0.000000
100,159,-2947.145702,0.000000
100,160,-2947.145700,0.000000
100,161,-2947.145701,0.000000
100,162,-2947.145700,0.000000
100,163,-2947.145701,0.000000
100,164,-2947.145700,0.000000
100,165,-2947.145700,0.000000
100,166,-2947.145705,0.000000
100,167,-2947.145700,0.000000
100,168,-2947.145700,0.000000
100,169,-2947.145700,0.000000
100,170,-2947.145715,0.000001
100,171,-2947.145701,0.000000
100,172,-2947.145701,0.000000
100,173,-2947.145974,0.000002
100,174,-2947.145705,0.000000
100,175,-2947.145737,0.000001
100,176,-2947.145725,0.000001
100,177,-2947.145703,0.000000
100,178,-2947.145772,0.000001
100,179,-2947.145701,0.000000
100,180,-2947.145756,-0.000001
100,181,-2947.145708,0.000000
100,182,-2947.145700,0.000000
100,183,-2947.145705,0.000001
100,184,-2947.145739,0.000001
100,185,-2947.145766,0.000001
100,186,-2947.145710,0.000000
100,187,-2947.145748,-0.000004
100,188,-2947.145726,0.000001
100,189,-2947.145707,0.000000
100,190,-2947.145707,-0.000000
100,191,-2947.145700,0.000000
100,192,-2947.145700,0.000000
100,193,-2947.145701,0.000000
100,194,-2947.145700,0.000000
100,195,-2947.145706,-0.000001
100,196,-2947.145700,0.000000
100,197,-2947.145700,0.000000
100,198,-2947.145700,0.000000
100,199,-2947.145700,0.000000
100,200,-2947.145716,0.000000
100,201,-2947.145700,0.000000
100,202,-2947.145704,0.000000
100,203,-2947.145700,0.000000
100,204,-2947.145700,0.000000
100,205,-2947.145700,0.000000
100,206,-2947.145700,0.000000
100,207,-2947.145700,0.000000
100,208,-2947.145700,0.000000
100,209,-2947.145700,0.000000
100,210,-2947.145700,0.000000
100,211,-2947.145702,0.000000
100,212,-2947.145701,0.000000
100,213,-2947.145730,0.000001
100,214,-2947.145704,-0.000002
100,215,-2947.145700,0.000000
100,216,-2947.145700,0.000000
100,217,-2947.145773,-0.000003
100,218,-2947.145700,0.000000
100,219,-2947.145700,0.000000
100,220,-2947.145704,0.000000
100,221,-2947.145869,-0.000007
100,222,-2947.145754,0.000002
100,223,-2947.145705,0.000000
100,224,-2947.145703,0.000000
100,225,-2947.145700,0.000000
100,226,-2947.145700,0.000000
100,227,-2947.145702,0.000000
100,228,-2947.145755,-0.000013
100,229,-2947.145700,0.000000
100,230,-2947.145700,0.000000
101,102,-2947.145354,0.000000
101,103,-2947.145354,0.000000
101,104,-2947.145354,0.000000
101,105,-2947.145354,0.000000
101,106,-2947.145354,-0.000000
101,107,-2947.145354,-0.000000
101,108,-2947.145374,-0.000000
101,109,-2947.145355,-0.000000
101,110,-2947.145354,0.000000
101,111,-2947.145361,0.000000
101,112,-2947.145354,0.000000
101,113,-2947.145354,-0.000000
101,114,-2947.145354,0.000000
101,115,-2947.145354,0.000000
101,116,-2947.145354,0.000000
101,117,-2947.145354,0.000000
101,118,-2947.145354,-0.000000
101,119,-2947.145354,0.000000
101,120,-2947.145354,0.000000
101,121,-2947.145355,-0.000000
101,122,-2947.145356,0.000000
101,123,-2947.145357,-0.000000
101,124,-2947.145356,-0.000000
101,125,-2947.145354,0.000000
101,126,-2947.145354,0.000000
101,127,-2947.145354,0.000000
101,128,-2947.145378,-0.000001
101,129,-2947.145355,0.000000
101,130,-2947.145365,0.000000
101,131,-2947.145439,0.000000
101,132,-2947.145354,-0.000000
101,133,-2947.145354,0.000000
101,134,-2947.145354,0.000000
101,135,-2947.145358,0.000000
101,136,-2947.145412,-0.000001
101,137,-2947.145358,-0.000000
101,138,-2947.145357,0.000000
101,139,-2947.145354,0.000000
101,140,-2947.145355,0.000000
101,141,-2947.145364,-0.000001
101,142,-2947.145354,0.000000
101,143,-2947.145367,-0.000001
101,144,-2947.145378,0.000000
101,145,-2947.145354,0.000000
101,146,-2947.145367,0.000000
101,147,-2947.145476,-0.000003
101,148,-2947.145354,0.000000
101,149,-2947.145354,-0.000000
101,150,-2947.145357,0.000000
101,151,-2947.145354,0.000000
101,152,-2947.145368,-0.000000
101,153,-2947.145354,0.000000
101,154,-2947.145354,0.000000
101,155,-2947.145354,-0.000000
101,156,-2947.145354,0.000000
101,157,-2947.145354,0.000000
101,158,-2947.145357,-0.000000
101,159,-2947.145357,-0.000000
101,160,-2947.145354,0.000000
101,161,-2947.145356,-0.000000
101,162,-2947.145354,0.000000
101,163,-2947.145356,-0.000000
101,164,-2947.145354,0.000000
101,165,-2947.145355,0.000000
101,166,-2947.145360,0.000000
101,167,-2947.145354,0.000000
101,168,-2947.145354,-0.000000
101,169,-2947.145354,0.000000
101,170,-2947.145370,0.000000
101,171,-2947.145355,-0.000000
101,172,-2947.145356,0.000000
101,173,-2947.145631,0.000000
101,174,-2947.145360,0.000000
101,175,-2947.145392,0.000000
101,176,-2947.145381,-0.000000
101,177,-2947.145358,0.000000
101,178,-2947.145428,0.000000
101,179,-2947.145355,-0.000000
101,180,-2947.145410,0.000000
101,181,-2947.145363,0.000000
101,182,-2947.145355,0.000000
101,183,-2947.145360,0.000000
101,184,-2947.145395,-0.000000
101,185,-2947.145423,-0.000001
101,186,-2947.145364,0.000000
101,187,-2947.145399,0.000000
101,188,-2947.145382,0.000000
101,189,-2947.145362,-0.000000
101,190,-2947.145361,0.000000
101,191,-2947.145354,0.000000
101,192,-2947.145354,0.000000
101,193,-2947.145355,0.000000
101,194,-2947.145354,-0.000000
101,195,-2947.145360,0.000000
101,196,-2947.145354,0.000000
101,197,-2947.145355,-0.000000
101,198,-2947.145354,0.000000
101,199,-2947.145354,-0.000000
101,200,-2947.145371,0.000000
101,201,-2947.145354,0.000000
101,202,-2947.145359,0.000000
101,203,-2947.145355,-0.000000
101,204,-2947.145354,-0.000000
101,205,-2947.145355,-0.000000
101,206,-2947.145354,0.000000
101,207,-2947.145354,0.000000
101,208,-2947.145355,0.000000
101,209,-2947.145354,0.000000
101,210,-2947.145355,0.000000
101,211,-2947.145356,-0.000000
101,212,-2947.145356,0.000000
101,213,-2947.145385,-0.000000
101,214,-2947.145357,0.000000
101,215,-2947.145354,0.000000
101,216,-2947.145355,0.000000
101,217,-2947.145425,0.000000
101,218,-2947.145354,0.000000
101,219,-2947.145355,0.000000
101,220,-2947.145359,-0.000000
101,221,-2947.145516,0.000000
101,222,-2947.145411,0.000000
101,223,-2947.145360,0.000000
101,224,-2947.145358,-0.000000
101,225,-2947.145355,0.000000
101,226,-2947.145354,0.000000
101,227,-2947.145356,-0.000000
101,228,-2947.145397,0.000000
101,229,-2947.145354,-0.000000
101,230,-2947.145354,0.000000
102,103,-2947.145354,0.000000
102,104,-2947.145355,-0.000000
102,105,-2947.145354,-0.000000
102,106,-2947.145354,0.000000
102,107,-2947.145354,0.000000
102,108,-2947.145373,0.000000
102,109,-2947.145355,0.000000
102,110,-2947.145354,-0.000000
102,111,-2947.145361,0.000000
102,112,-2947.145354,-0.000000
102,113,-2947.145354,0.000000
102,114,-2947.145354,-0.000000
102,115,-2947.145354,0.000000
102,116,-2947.145354,-0.000000
102,117,-2947.145355,0.000000
102,118,-2947.145354,0.000000
102,119,-2947.145354,-0.000000
102,120,-2947.145354,0.000000
102,121,-2947.145355,0.000000
102,122,-2947.145356,0.000000
102,123,-2947.145357,0.000000
102,124,-2947.145356,0.000000
102,125,-2947.145354,0.000000
102,126,-2947.145354,-0.000000
102,127,-2947.145354,-0.000000
102,128,-2947.145377,0.000000
102,129,-2947.145355,0.000000
102,130,-2947.145365,0.000000
102,131,-2947.145439,0.000000
102,132,-2947.145354,0.000000
102,133,-2947.145354,-0.000000
102,134,-2947.145354,-0.000000
102,135,-2947.145358,0.000000
102,136,-2947.145410,0.000000
102,137,-2947.145358,0.000000
102,138,-2947.145357,0.000000
102,139,-2947.145354,-0.000000
102,140,-2947.145355,0.000000
102,141,-2947.145363,0.000000
102,142,-2947.145354,0.000000
102,143,-2947.145366,0.000000
102,144,-2947.145378,0.000000
102,145,-2947.145355,-0.000000
102,146,-2947.145367,0.000000
102,147,-2947.145473,0.000000
102,148,-2947.145354,-0.000000
102,149,-2947.145355,0.000000
102,150,-2947.145357,0.000000
102,151,-2947.145354,0.000000
102,152,-2947.145368,0.000000
102,153,-2947.145354,-0.000000
102,154,-2947.145354,0.000000
102,155,-2947.145354,0.000000
102,156,-2947.145354,-0.000000
102,157,-2947.145354,-0.000000
102,158,-2947.145357,0.000000
102,159,-2947.145357,0.000000
102,160,-2947.145354,0.000000
102,161,-2947.145356,0.000000
102,162,-2947.145354,-0.000000
102,163,-2947.145356,0.000000
102,164,-2947.145354,-0.000000
102,165,-2947.145355,-0.000000
102,166,-2947.145360,0.000000
102,167,-2947.145354,-0.000000
102,168,-2947.145354,0.000000
102,169,-2947.145354,-0.000000
102,170,-2947.145370,0.000000
102,171,-2947.145355,0.000000
102,172,-2947.145356,-0.000000
102,173,-2947.145631,0.000000
102,174,-2947.145360,0.000000
102,175,-2947.145392,-0.000000
102,176,-2947.145381,0.000000
102,177,-2947.145358,-0.000000
102,178,-2947.145428,0.000000
102,179,-2947.145356,0.000000
102,180,-2947.145410,0.000000
102,181,-2947.145363,0.000000
102,182,-2947.145355,-0.000000
102,183,-2947.145360,0.000000
102,184,-2947.145394,0.000000
102,185,-2947.145422,0.000000
102,186,-2947.145365,-0.000000
102,187,-2947.145399,0.000000
102,188,-2947.145382,0.000000
102,189,-2947.145362,0.000000
102,190,-2947.145361,0.000000
102,191,-2947.145355,-0.000000
102,192,-2947.145355,-0.000000
102,193,-2947.145355,0.000000
102,194,-2947.145355,0.000000
102,195,-2947.145360,0.000000
102,196,-2947.145354,0.000000
102,197,-2947.145355,0.000000
102,198,-2947.145355,-0.000000
102,199,-2947.145354,0.000000
102,200,-2947.145371,0.000000
102,201,-2947.145354,-0.000000
102,202,-2947.145359,0.000000
102,203,-2947.145355,0.000000
102,204,-2947.145354,0.000000
102,205,-2947.145355,0.000000
102,206,-2947.145355,-0.000000
102,207,-2947.145354,-0.000000
102,208,-2947.145355,0.000000
102,209,-2947.145354,-0.000000
102,210,-2947.145355,0.000000
102,211,-2947.145357,0.000000
102,212,-2947.145356,0.000000
102,213,-2947.145385,0.000000
102,214,-2947.145357,0.000000
102,215,-2947.145354,0.000000
102,216,-2947.145355,0.000000
102,217,-2947.145425,0.000000
102,218,-2947.145354,0.000000
102,219,-2947.145355,0.000000
102,220,-2947.145359,0.000000
102,221,-2947.145516,0.000000
102,222,-2947.145411,0.000000
102,223,-2947.145360,-0.000000
102,224,-2947.145358,0.000000
102,225,-2947.145355,-0.000000
102,226,-2947.145354,-0.000000
102,227,-2947.145356,0.000000
102,228,-2947.145397,0.000000
102,229,-2947.145354,0.000000
102,230,-2947.145354,0.000000
103,104,-2947.145354,0.000000
103,105,-2947.145354,0.000000
103,106,-2947.145354,0.000000
103,107,-2947.145354,0.000000
103,108,-2947.145374,0.000000
103,109,-2947.145355,0.000000
103,110,-2947.145354,0.000000
103,111,-2947.145361,0.000000
103,112,-2947.145354,0.000000
103,113,-2947.145354,0.000000
103,114,-2947.145354,0.000000
103,115,-2947.145354,0.000000
103,116,-2947.145354,0.000000
103,117,-2947.145355,0.000000
103,118,-2947.145354,0.000000
103,119,-2947.145354,0.000000
103,120,-2947.145354,-0.000000
103,121,-2947.145355,0.000000
103,122,-2947.145356,-0.000000
103,123,-2947.145357,0.000000
103,124,-2947.145356,0.000000
103,125,-2947.145354,-0.000000
103,126,-2947.145354,0.000000
103,127,-2947.145354,0.000000
103,128,-2947.145377,0.000000
103,129,-2947.145355,0.000000
103,130,-2947.145365,-0.000000
103,131,-2947.145439,0.000000
103,132,-2947.145354,0.000000
103,133,-2947.145354,0.000000
103,134,-2947.145354,0.000000
103,135,-2947.145358,-0.000000
103,136,-2947.145410,0.000000
103,137,-2947.145358,0.000000
103,138,-2947.145357,-0.000000
103,139,-2947.145354,0.000000
103,140,-2947.145355,-0.000000
103,141,-2947.145363,0.000000
103,142,-2947.145354,-0.000000
103,143,-2947.145366,0.000000
103,144,-2947.145378,0.000000
103,145,-2947.145355,0.000000
103,146,-2947.145367,0.000000
103,147,-2947.145473,0.000000
103,148,-2947.145354,0.000000
103,149,-2947.145355,0.000000
103,150,-2947.145357,-0.000000
103,151,-2947.145354,0.000000
103,152,-2947.145368,0.000000
103,153,-2947.145354,0.000000
103,154,-2947.145354,-0.000000
103,155,-2947.145354,0.000000
103,156,-2947.145354,0.000000
103,157,-2947.145354,0.000000
103,158,-2947.145357,0.000000
103,159,-2947.145357,0.000000
103,160,-2947.145354,-0.000000
103,161,-2947.145356,0.000000
103,162,-2947.145354,0.000000
103,163,-2947.145356,0.000000
103,164,-2947.145354,0.000000
103,165,-2947.145355,0.000000
103,166,-2947.145360,0.000000
103,167,-2947.145354,0.000000
103,168,-2947.145354,0.000000
103,169,-2947.145354,0.000000
103,170,-2947.145370,0.000000
103,171,-2947.145355,0.000000
103,172,-2947.145356,0.000000
103,173,-2947.145631,0.000000
103,174,-2947.145360,0.000000
103,175,-2947.145392,0.000000
103,176,-2947.145381,0.000000
103,177,-2947.145358,0.000000
103,178,-2947.145428,-0.000000
103,179,-2947.145356,0.000000
103,180,-2947.145410,0.000000
103,181,-2947.145363,0.000000
103,182,-2947.145355,0.000000
103,183,-2947.145360,-0.000000
103,184,-2947.145394,0.000000
103,185,-2947.145422,0.000000
103,186,-2947.145365,0.000000
103,187,-2947.145399,-0.000000
103,188,-2947.145383,-0.000001
103,189,-2947.145362,0.000000
103,190,-2947.145361,0.000000
103,191,-2947.145354,0.000000
103,192,-2947.145355,0.000000
103,193,-2947.145355,-0.000000
103,194,-2947.145355,0.000000
103,195,-2947.145360,0.000000
103,196,-2947.145354,0.000000
103,197,-2947.145355,0.000000
103,198,-2947.145355,0.000000
103,199,-2947.145354,0.000000
103,200,-2947.145371,-0.000000
103,201,-2947.145354,0.000000
103,202,-2947.145359,0.000000
103,203,-2947.145355,0.000000
103,204,-2947.145354,0.000000
103,205,-2947.145355,0.000000
103,206,-2947.145355,0.000000
103,207,-2947.145354,0.000000
103,208,-2947.145355,-0.000000
103,209,-2947.145354,0.000000
103,210,-2947.145355,0.000000
103,211,-2947.145357,0.000000
103,212,-2947.145356,0.000000
103,213,-2947.145385,0.000000
103,214,-2947.145357,0.000000
103,215,-2947.145354,0.000000
103,216,-2947.145355,-0.000000
103,217,-2947.145425,0.000000
103,218,-2947.145354,0.000000
103,219,-2947.145355,0.000000
103,220,-2947.145359,0.000000
103,221,-2947.145516,0.000000
103,222,-2947.145411,-0.000000
103,223,-2947.145360,0.000000
103,224,-2947.145358,0.000000
103,225,-2947.145355,0.000000
103,226,-2947.145354,0.000000
103,227,-2947.145356,0.000000
103,228,-2947.145397,0.000000
103,229,-2947.145354,0.000000
103,230,-2947.145354,0.000000
104,105,-2947.145354,-0.000000
104,106,-2947.145354,0.000000
104,107,-2947.145354,0.000000
104,108,-2947.145374,0.000000
104,109,-2947.145355,0.000000
104,110,-2947.145354,-0.000000
104,111,-2947.145361,0.000000
104,112,-2947.145354,-0.000000
104,113,-2947.145354,0.000000
104,114,-2947.145354,-0.000000
104,115,-2947.145354,0.000000
104,116,-2947.145354,-0.000000
104,117,-2947.145355,0.000000
104,118,-2947.145354,0.000000
104,119,-2947.145354,0.000000
104,120,-2947.145355,0.000000
104,121,-2947.145355,0.000000
104,122,-2947.145356,0.000000
104,123,-2947.145357,0.000000
104,124,-2947.145356,0.000000
104,125,-2947.145354,0.000000
104,126,-2947.145354,0.000000
104,127,-2947.145354,-0.000000
104,128,-2947.145377,0.000000
104,129,-2947.145355,0.000000
104,130,-2947.145365,0.000000
104,131,-2947.145439,0.000000
104,132,-2947.145354,0.000000
104,133,-2947.145354,-0.000000
104,134,-2947.145354,0.000000
104,135,-2947.145358,0.000000
104,136,-2947.145410,0.000000
104,137,-2947.145358,0.000000
104,138,-2947.145357,0.000000
104,139,-2947.145354,0.000000
104,140,-2947.145355,0.000000
104,141,-2947.145363,0.000000
104,142,-2947.145354,0.000000
104,143,-2947.145366,0.000000
104,144,-2947.145378,0.000000
104,145,-2947.145355,-0.000000
104,146,-2947.145367,0.000000
104,147,-2947.145473,0.000000
104,148,-2947.145354,-0.000000
104,149,-2947.145355,0.000000
104,150,-2947.145357,0.000000
104,151,-2947.145354,-0.000000
104,152,-2947.145368,0.000000
104,153,-2947.145354,-0.000000
104,154,-2947.145354,0.000000
104,155,-2947.145354,0.000000
104,156,-2947.145354,0.000000
104,157,-2947.145354,-0.000000
104,158,-2947.145357,0.000000
104,159,-2947.145357,0.000000
104,160,-2947.145354,0.000000
104,161,-2947.145356,0.000000
104,162,-2947.145354,-0.000000
104,163,-2947.145356,0.000000
104,164,-2947.145354,-0.000000
104,165,-2947.145355,-0.000000
104,166,-2947.145360,0.000000
104,167,-2947.145354,-0.000000
104,168,-2947.145355,0.000000
104,169,-2947.145354,-0.000000
104,170,-2947.145370,0.000000
104,171,-2947.145355,0.000000
104,172,-2947.145356,-0.000000
104,173,-2947.145631,0.000000
104,174,-2947.145360,0.000000
104,175,-2947.145392,-0.000000
104,176,-2947.145381,0.000000
104,177,-2947.145358,-0.000000
104,178,-2947.145428,0.000000
104,179,-2947.145356,0.000000
104,180,-2947.145410,0.000000
104,181,-2947.145363,0.000000
104,182,-2947.145355,-0.000000
104,183,-2947.145360,0.000000
104,184,-2947.145394,0.000000
104,185,-2947.145422,0.000000
104,186,-2947.145365,-0.000000
104,187,-2947.145399,0.000000
104,188,-2947.145382,0.000000
104,189,-2947.145362,0.000000
104,190,-2947.145361,0.000000
104,191,-2947.145355,-0.000000
104,192,-2947.145355,-0.000000
104,193,-2947.145355,0.000000
104,194,-2947.145355,0.000000
104,195,-2947.145360,0.000000
104,196,-2947.145354,0.000000
104,197,-2947.145355,0.000000
104,198,-2947.145355,-0.000000
104,199,-2947.145354,0.000000
104,200,-2947.145371,0.000000
104,201,-2947.145354,-0.000000
104,202,-2947.145359,0.000000
104,203,-2947.145355,0.000000
104,204,-2947.145355,0.000000
104,205,-2947.145355,0.000000
104,206,-2947.145355,-0.000000
104,207,-2947.145354,0.000000
104,208,-2947.145355,0.000000
104,209,-2947.145354,-0.000000
104,210,-2947.145355,0.000000
104,211,-2947.145357,0.000000
104,212,-2947.145356,-0.000000
104,213,-2947.145385,0.000000
104,214,-2947.145357,0.000000
104,215,-2947.145355,-0.000000
104,216,-2947.145355,0.000000
104,217,-2947.145425,0.000000
104,218,-2947.145354,0.000000
104,219,-2947.145355,0.000000
104,220,-2947.145359,0.000000
104,221,-2947.145516,0.000000
104,222,-2947.145411,0.000000
104,223,-2947.145360,-0.000000
104,224,-2947.145358,0.000000
104,225,-2947.145355,-0.000000
104,226,-2947.145354,-0.000000
104,227,-2947.145357,0.000000
104,228,-2947.145397,0.000000
104,229,-2947.145354,0.000000
104,230,-2947.145355,0.000000
105,106,-2947.145354,0.000000
105,107,-2947.145354,0.000000
105,108,-2947.145373,0.000000
105,109,-2947.145355,0.000000
105,110,-2947.145354,-0.000000
105,111,-2947.145361,0.000000
105,112,-2947.145354,-0.000000
105,113,-2947.145354,0.000000
105,114,-2947.145354,-0.000000
105,115,-2947.145354,0.000000
105,116,-2947.145354,-0.000000
105,117,-2947.145354,0.000000
105,118,-2947.145354,0.000000
105,119,-2947.145354,-0.000000
105,120,-2947.145354,0.000000
105,121,-2947.145355,0.000000
105,122,-2947.145356,0.000000
105,123,-2947.145357,0.000000
105,124,-2947.145356,0.000000
105,125,-2947.145354,0.000000
105,126,-2947.145354,-0.000000
105,127,-2947.145354,-0.000000
105,128,-2947.145377,0.000000
105,129,-2947.145354,0.000000
105,130,-2947.145365,0.000000
105,131,-2947.145438,0.000000
105,132,-2947.145354,0.000000
105,133,-2947.145354,-0.000000
105,134,-2947.145354,-0.000000
105,135,-2947.145358,0.000000
105,136,-2947.145410,0.000000
105,137,-2947.145358,0.000000
105,138,-2947.145357,0.000000
105,139,-2947.145354,-0.000000
105,140,-2947.145355,0.000000
105,141,-2947.145363,0.000000
105,142,-2947.145354,0.000000
105,143,-2947.145366,0.000000
105,144,-2947.145378,0.000000
105,145,-2947.145354,-0.000000
105,146,-2947.145367,0.000000
105,147,-2947.145473,0.000000
105,148,-2947.145354,-0.000000
105,149,-2947.145354,0.000000
105,150,-2947.145357,0.000000
105,151,-2947.145354,-0.000000
105,152,-2947.145368,0.000000
105,153,-2947.145354,-0.000000
105,154,-2947.145354,0.000000
105,155,-2947.145354,0.000000
105,156,-2947.145354,-0.000000
105,157,-2947.145354,-0.000000
105,158,-2947.145357,0.000000
105,159,-2947.145357,0.000000
105,160,-2947.145354,0.000000
105,161,-2947.145356,0.000000
105,162,-2947.145354,-0.000000
105,163,-2947.145356,0.000000
105,164,-2947.145354,-0.000000
105,165,-2947.145355,-0.000000
105,166,-2947.145360,0.000000
105,167,-2947.145354,-0.000000
105,168,-2947.145354,0.000000
105,169,-2947.145354,-0.000000
105,170,-2947.145370,0.000000
105,171,-2947.145355,0.000000
105,172,-2947.145356,-0.000000
105,173,-2947.145631,0.000000
105,174,-2947.145360,0.000000
105,175,-2947.145392,-0.000000
105,176,-2947.145380,0.000000
105,177,-2947.145358,-0.000000
105,178,-2947.145428,0.000000
105,179,-2947.145355,0.000000
105,180,-2947.145410,0.000000
105,181,-2947.145363,0.000000
105,182,-2947.145355,-0.000000
105,183,-2947.145360,0.000000
105,184,-2947.145394,0.000000
105,185,-2947.145422,0.000000
105,186,-2947.145365,-0.000000
105,187,-2947.145399,0.000000
105,188,-2947.145382,0.000000
105,189,-2947.145362,0.000000
105,190,-2947.145361,0.000000
105,191,-2947.145354,-0.000000
105,192,-2947.145354,-0.000000
105,193,-2947.145355,0.000000
105,194,-2947.145354,0.000000
105,195,-2947.145360,0.000000
105,196,-2947.145354,-0.000000
105,197,-2947.145355,0.000000
105,198,-2947.145354,-0.000000
105,199,-2947.145354,0.000000
105,200,-2947.145371,0.000000
105,201,-2947.145354,-0.000000
105,202,-2947.145359,0.000000
105,203,-2947.145355,0.000000
105,204,-2947.145354,0.000000
105,205,-2947.145355,0.000000
105,206,-2947.145354,-0.000000
105,207,-2947.145354,-0.000000
105,208,-2947.145355,0.000000
105,209,-2947.145354,-0.000000
105,210,-2947.145355,-0.000000
105,211,-2947.145356,0.000000
105,212,-2947.145356,-0.000000
105,213,-2947.145385,0.000000
105,214,-2947.145357,0.000000
105,215,-2947.145354,-0.000000
105,216,-2947.145355,0.000000
105,217,-2947.145425,0.000000
105,218,-2947.145354,0.000000
105,219,-2947.145355,0.000000
105,220,-2947.145359,0.000000
105,221,-2947.145516,0.000000
105,222,-2947.145410,0.000000
105,223,-2947.145360,-0.000000
105,224,-2947.145358,0.000000
105,225,-2947.145355,-0.000000
105,226,-2947.145354,-0.000000
105,227,-2947.145356,0.000000
105,228,-2947.145397,0.000000
105,229,-2947.145354,0.000000
105,230,-2947.145354,-0.000000
106,107,-2947.145354,-0.000000
106,108,-2947.145373,0.000000
106,109,-2947.145355,-0.000000
106,110,-2947.145354,0.000000
106,111,-2947.145361,0.000000
106,112,-2947.145354,0.000000
106,113,-2947.145354,-0.000000
106,114,-2947.145354,0.000000
106,115,-2947.145354,0.000000
106,116,-2947.145354,0.000000
106,117,-2947.145355,-0.000000
106,118,-2947.145354,-0.000000
106,119,-2947.145354,0.000000
106,120,-2947.145354,0.000000
106,121,-2947.145355,-0.000000
106,122,-2947.145356,0.000000
106,123,-2947.145357,-0.000000
106,124,-2947.145356,-0.000000
106,125,-2947.145354,0.000000
106,126,-2947.145354,0.000000
106,127,-2947.145354,0.000000
106,128,-2947.145377,-0.000000
106,129,-2947.145355,0.000000
106,130,-2947.145365,0.000000
106,131,-2947.145439,0.000000
106,132,-2947.145354,-0.000000
106,133,-2947.145354,0.000000
106,134,-2947.145354,0.000000
106,135,-2947.145358,0.000000
106,136,-2947.145411,-0.000000
106,137,-2947.145358,-0.000000
106,138,-2947.145357,0.000000
106,139,-2947.145354,0.000000
106,140,-2947.145355,0.000000
106,141,-2947.145363,-0.000000
106,142,-2947.145354,0.000000
106,143,-2947.145366,-0.000000
106,144,-2947.145378,0.000000
106,145,-2947.145355,0.000000
106,146,-2947.145367,0.000000
106,147,-2947.145475,-0.000002
106,148,-2947.145354,0.000000
106,149,-2947.145355,0.000000
106,150,-2947.145357,0.000000
106,151,-2947.145354,0.000000
106,152,-2947.145368,0.000000
106,153,-2947.145354,0.000000
106,154,-2947.145354,0.000000
106,155,-2947.145354,-0.000000
106,156,-2947.145354,0.000000
106,157,-2947.145354,0.000000
106,158,-2947.145357,-0.000000
106,159,-2947.145357,0.000000
106,160,-2947.145354,0.000000
106,161,-2947.145356,-0.000000
106,162,-2947.145354,0.000000
106,163,-2947.145356,-0.000000
106,164,-2947.145354,0.000000
106,165,-2947.145355,0.000000
106,166,-2947.145360,0.000000
106,167,-2947.145354,0.000000
106,168,-2947.145355,-0.000000
106,169,-2947.145354,0.000000
106,170,-2947.145370,0.000000
106,171,-2947.145355,-0.000000
106,172,-2947.145356,0.000000
106,173,-2947.145631,0.000000
106,174,-2947.145361,-0.000000
106,175,-2947.145392,0.000000
106,176,-2947.145381,-0.000000
106,177,-2947.145358,0.000000
106,178,-2947.145428,0.000000
106,179,-2947.145356,0.000000
106,180,-2947.145410,0.000000
106,181,-2947.145363,0.000000
106,182,-2947.145355,0.000000
106,183,-2947.145360,0.000000
106,184,-2947.145394,0.000000
106,185,-2947.145423,-0.000001
106,186,-2947.145365,0.000000
106,187,-2947.145399,0.000000
106,188,-2947.145382,0.000000
106,189,-2947.145362,-0.000000
106,190,-2947.145361,0.000000
106,191,-2947.145355,0.000000
106,192,-2947.145355,0.000000
106,193,-2947.145355,0.000000
106,194,-2947.145355,0.000000
106,195,-2947.145360,0.000000
106,196,-2947.145354,0.000000
106,197,-2947.145355,-0.000000
106,198,-2947.145355,0.000000
106,199,-2947.145354,-0.000000
106,200,-2947.145371,0.000000
106,201,-2947.145354,0.000000
106,202,-2947.145359,0.000000
106,203,-2947.145355,-0.000000
106,204,-2947.145355,-0.000000
106,205,-2947.145355,-0.000000
106,206,-2947.145355,0.000000
106,207,-2947.145354,0.000000
106,208,-2947.145355,0.000000
106,209,-2947.145354,0.000000
106,210,-2947.145355,0.000000
106,211,-2947.145357,-0.000000
106,212,-2947.145356,0.000000
106,213,-2947.145386,-0.000001
106,214,-2947.145357,0.000000
106,215,-2947.145354,0.000000
106,216,-2947.145355,0.000000
106,217,-2947.145425,0.000000
106,218,-2947.145354,-0.000000
106,219,-2947.145355,0.000000
106,220,-2947.145359,-0.000000
106,221,-2947.145516,0.000000
106,222,-2947.145411,0.000000
106,223,-2947.145360,0.000000
106,224,-2947.145358,-0.000000
106,225,-2947.145355,0.000000
106,226,-2947.145354,0.000000
106,227,-2947.145357,-0.000000
106,228,-2947.145397,0.000000
106,229,-2947.145354,-0.000000
106,230,-2947.145354,0.000000
107,108,-2947.145376,-0.000002
107,109,-2947.145355,-0.000000
107,110,-2947.145354,0.000000
107,111,-2947.145361,0.000000
107,112,-2947.145354,0.000000
107,113,-2947.145354,0.000000
107,114,-2947.145354,0.000000
107,115,-2947.145354,0.000000
107,116,-2947.145354,0.000000
107,117,-2947.145355,0.000000
107,118,-2947.145354,-0.000000
107,119,-2947.145354,0.000000
107,120,-2947.145354,0.000000
107,121,-2947.145355,-0.000000
107,122,-2947.145356,0.000000
107,123,-2947.145357,-0.000000
107,124,-2947.145357,-0.000001
107,125,-2947.145354,0.000000
107,126,-2947.145354,0.000000
107,127,-2947.145354,0.000000
107,128,-2947.145379,-0.000002
107,129,-2947.145355,0.000000
107,130,-2947.145365,0.000000
107,131,-2947.145439,0.000000
107,132,-2947.145355,-0.000000
107,133,-2947.145354,0.000000
107,134,-2947.145354,0.000000
107,135,-2947.145358,0.000000
107,136,-2947.145414,-0.000003
107,137,-2947.145359,-0.000001
107,138,-2947.145357,0.000000
107,139,-2947.145354,0.000000
107,140,-2947.145355,0.000000
107,141,-2947.145364,-0.000001
107,142,-2947.145354,0.000000
107,143,-2947.145367,-0.000001
107,144,-2947.145378,0.000000
107,145,-2947.145355,0.000000
107,146,-2947.145367,0.000000
107,147,-2947.145478,-0.000005
107,148,-2947.145354,0.000000
107,149,-2947.145355,-0.000000
107,150,-2947.145357,0.000000
107,151,-2947.145354,0.000000
107,152,-2947.145368,-0.000000
107,153,-2947.145354,0.000000
107,154,-2947.145354,0.000000
107,155,-2947.145354,-0.000000
107,156,-2947.145354,0.000000
107,157,-2947.145354,0.000000
107,158,-2947.145358,-0.000000
107,159,-2947.145357,-0.000000
107,160,-2947.145354,0.000000
107,161,-2947.145356,-0.000000
107,162,-2947.145354,0.000000
107,163,-2947.145356,-0.000000
107,164,-2947.145354,0.000000
107,165,-2947.145355,0.000000
107,166,-2947.145360,0.000000
107,167,-2947.145354,0.000000
107,168,-2947.145355,-0.000000
107,169,-2947.145354,0.000000
107,170,-2947.145370,0.000000
107,171,-2947.145355,-0.000000
107,172,-2947.145356,0.000000
107,173,-2947.145631,0.000000
107,174,-2947.145360,0.000000
107,175,-2947.145392,0.000000
107,176,-2947.145381,-0.000000
107,177,-2947.145358,0.000000
107,178,-2947.145428,0.000000
107,179,-2947.145356,-0.000000
107,180,-2947.145410,0.000000
107,181,-2947.145363,0.000000
107,182,-2947.145355,0.000000
107,183,-2947.145360,0.000000
107,184,-2947.145395,-0.000001
107,185,-2947.145424,-0.000002
107,186,-2947.145365,0.000000
107,187,-2947.145399,0.000000
107,188,-2947.145382,0.000000
107,189,-2947.145362,-0.000000
107,190,-2947.145361,0.000000
107,191,-2947.145355,0.000000
107,192,-2947.145355,0.000000
107,193,-2947.145355,0.000000
107,194,-2947.145355,-0.000000
107,195,-2947.145360,0.000000
107,196,-2947.145354,0.000000
107,197,-2947.145355,-0.000000
107,198,-2947.145355,0.000000
107,199,-2947.145354,-0.000000
107,200,-2947.145371,0.000000
107,201,-2947.145354,0.000000
107,202,-2947.145359,0.000000
107,203,-2947.145355,-0.000000
107,204,-2947.145355,-0.000000
107,205,-2947.145355,-0.000000
107,206,-2947.145355,0.000000
107,207,-2947.145354,0.000000
107,208,-2947.145355,0.000000
107,209,-2947.145354,0.000000
107,210,-2947.145355,0.000000
107,211,-2947.145357,-0.000000
107,212,-2947.145356,0.000000
107,213,-2947.145386,-0.000000
107,214,-2947.145357,0.000000
107,215,-2947.145354,0.000000
107,216,-2947.145355,0.000000
107,217,-2947.145425,0.000000
107,218,-2947.145354,0.000000
107,219,-2947.145355,0.000000
107,220,-2947.145359,-0.000000
107,221,-2947.145516,0.000000
107,222,-2947.145411,0.000000
107,223,-2947.145360,0.000000
107,224,-2947.145358,-0.000000
107,225,-2947.145355,0.000000
107,226,-2947.145354,0.000000
107,227,-2947.145357,-0.000000
107,228,-2947.145397,0.000000
107,229,-2947.145354,-0.000000
107,230,-2947.145355,0.000000
108,109,-2947.145383,-0.000008
108,110,-2947.145373,0.000000
108,111,-2947.145380,0.000001
108,112,-2947.145373,0.000000
108,113,-2947.145373,-0.000000
108,114,-2947.145373,0.000000
108,115,-2947.145374,0.000000
108,116,-2947.145373,0.000000
108,117,-2947.145377,-0.000003
108,118,-2947.145374,-0.000000
108,119,-2947.145373,0.000000
108,120,-2947.145374,0.000000
108,121,-2947.145379,-0.000005
108,122,-2947.145375,0.000000
108,123,-2947.145383,-0.000007
108,124,-2947.145382,-0.000006
108,125,-2947.145374,0.000000
108,126,-2947.145373,0.000000
108,127,-2947.145373,0.000000
108,128,-2947.145429,-0.000032
108,129,-2947.145374,0.000000
108,130,-2947.145384,0.000000
108,131,-2947.145457,0.000000
108,132,-2947.145375,-0.000001
108,133,-2947.145373,0.000000
108,134,-2947.145373,0.000000
108,135,-2947.145378,0.000000
108,136,-2947.145476,-0.000046
108,137,-2947.145382,-0.000005
108,138,-2947.145376,0.000000
108,139,-2947.145373,0.000000
108,140,-2947.145374,0.000000
108,141,-2947.145403,-0.000020
108,142,-2947.145374,0.000000
108,143,-2947.145404,-0.000018
108,144,-2947.145397,0.000000
108,145,-2947.145374,0.000000
108,146,-2947.145386,0.000000
108,147,-2947.145540,-0.000048
108,148,-2947.145373,0.000000
108,149,-2947.145377,-0.000003
108,150,-2947.145376,0.000000
108,151,-2947.145373,0.000000
108,152,-2947.145388,-0.000001
108,153,-2947.145374,0.000000
108,154,-2947.145373,0.000000
108,155,-2947.145375,-0.000001
108,156,-2947.145373,0.000000
108,157,-2947.145373,0.000000
108,158,-2947.145379,-0.000003
108,159,-2947.145378,-0.000002
108,160,-2947.145374,0.000000
108,161,-2947.145378,-0.000003
108,162,-2947.145373,0.000000
108,163,-2947.145378,-0.000002
108,164,-2947.145373,0.000000
108,165,-2947.145374,0.000000
108,166,-2947.145379,0.000000
108,167,-2947.145374,0.000000
108,168,-2947.145375,-0.000001
108,169,-2947.145373,0.000000
108,170,-2947.145389,0.000000
108,171,-2947.145377,-0.000002
108,172,-2947.145375,0.000000
108,173,-2947.145650,0.000000
108,174,-2947.145382,-0.000003
108,175,-2947.145411,0.000000
108,176,-2947.145402,-0.000003
108,177,-2947.145377,0.000000
108,178,-2947.145447,0.000000
108,179,-2947.145375,-0.000000
108,180,-2947.145429,0.000000
108,181,-2947.145382,0.000000
108,182,-2947.145374,0.000000
108,183,-2947.145379,0.000000
108,184,-2947.145434,-0.000020
108,185,-2947.145459,-0.000018
108,186,-2947.145384,0.000000
108,187,-2947.145418,0.000000
108,188,-2947.145401,0.000000
108,189,-2947.145383,-0.000002
108,190,-2947.145380,0.000000
108,191,-2947.145374,0.000000
108,192,-2947.145374,0.000000
108,193,-2947.145374,0.000000
108,194,-2947.145374,-0.000000
108,195,-2947.145379,0.000000
108,196,-2947.145373,0.000000
108,197,-2947.145375,-0.000001
108,198,-2947.145374,0.000000
108,199,-2947.145375,-0.000001
108,200,-2947.145390,0.000000
108,201,-2947.145373,0.000000
108,202,-2947.145378,0.000000
108,203,-2947.145374,0.000000
108,204,-2947.145375,-0.000001
108,205,-2947.145375,-0.000000
108,206,-2947.145374,0.000000
108,207,-2947.145373,0.000000
108,208,-2947.145374,0.000000
108,209,-2947.145373,0.000000
108,210,-2947.145375,0.000000
108,211,-2947.145376,-0.000000
108,212,-2947.145375,0.000000
108,213,-2947.145405,-0.000000
108,214,-2947.145376,0.000000
108,215,-2947.145374,0.000000
108,216,-2947.145374,0.000000
108,217,-2947.145444,0.000000
108,218,-2947.145374,-0.000000
108,219,-2947.145374,0.000000
108,220,-2947.145380,-0.000002
108,221,-2947.145535,0.000000
108,222,-2947.145430,0.000000
108,223,-2947.145379,0.000000
108,224,-2947.145377,-0.000000
108,225,-2947.145374,0.000000
108,226,-2947.145373,0.000000
108,227,-2947.145376,-0.000000
108,228,-2947.145417,0.000000
108,229,-2947.145374,-0.000000
108,230,-2947.145374,0.000000
109,110,-2947.145355,0.000000
109,111,-2947.145362,0.000000
109,112,-2947.145355,0.000000
109,113,-2947.145355,-0.000000
109,114,-2947.145355,0.000000
109,115,-2947.145355,0.000000
109,116,-2947.145355,0.000000
109,117,-2947.145356,-0.000001
109,118,-2947.145355,-0.000000
109,119,-2947.145355,0.000000
109,120,-2947.145355,0.000000
109,121,-2947.145357,-0.000001
109,122,-2947.145356,0.000000
109,123,-2947.145359,-0.000001
109,124,-2947.145358,-0.000001
109,125,-2947.145355,0.000000
109,126,-2947.145355,0.000000
109,127,-2947.145355,0.000000
109,128,-2947.145382,-0.000005
109,129,-2947.145355,0.000000
109,130,-2947.145366,0.000000
109,131,-2947.145439,0.000000
109,132,-2947.145355,-0.000000
109,133,-2947.145355,0.000000
109,134,-2947.145355,0.000000
109,135,-2947.145359,0.000000
109,136,-2947.145418,-0.000007
109,137,-2947.145359,-0.000001
109,138,-2947.145358,0.000000
109,139,-2947.145355,0.000000
109,140,-2947.145355,0.000000
109,141,-2947.145367,-0.000003
109,142,-2947.145355,0.000000
109,143,-2947.145370,-0.000003
109,144,-2947.145379,0.000000
109,145,-2947.145355,0.000000
109,146,-2947.145367,0.000000
109,147,-2947.145481,-0.000007
109,148,-2947.145355,0.000000
109,149,-2947.145356,-0.000001
109,150,-2947.145358,0.000000
109,151,-2947.145355,0.000000
109,152,-2947.145369,-0.000000
109,153,-2947.145355,0.000000
109,154,-2947.145355,0.000000
109,155,-2947.145355,-0.000000
109,156,-2947.145355,0.000000
109,157,-2947.145355,0.000000
109,158,-2947.145358,-0.000000
109,159,-2947.145358,-0.000000
109,160,-2947.145355,0.000000
109,161,-2947.145357,-0.000001
109,162,-2947.145355,0.000000
109,163,-2947.145357,-0.000000
109,164,-2947.145355,0.000000
109,165,-2947.145356,0.000000
109,166,-2947.145360,0.000000
109,167,-2947.145355,0.000000
109,168,-2947.145355,-0.000000
109,169,-2947.145355,0.000000
109,170,-2947.145370,0.000000
109,171,-2947.145356,-0.000001
109,172,-2947.145356,0.000000
109,173,-2947.145632,0.000000
109,174,-2947.145362,-0.000001
109,175,-2947.145393,0.000000
109,176,-2947.145381,-0.000000
109,177,-2947.145358,0.000000
109,178,-2947.145428,0.000000
109,179,-2947.145356,-0.000000
109,180,-2947.145410,0.000000
109,181,-2947.145364,0.000000
109,182,-2947.145356,0.000000
109,183,-2947.145360,0.000000
109,184,-2947.145399,-0.000004
109,185,-2947.145425,-0.000002
109,186,-2947.145365,0.000000
109,187,-2947.145399,0.000000
109,188,-2947.145382,0.000000
109,189,-2947.145362,-0.000000
109,190,-2947.145362,0.000000
109,191,-2947.145355,0.000000
109,192,-2947.145355,0.000000
109,193,-2947.145356,0.000000
109,194,-2947.145355,-0.000000
109,195,-2947.145361,0.000000
109,196,-2947.145355,0.000000
109,197,-2947.145356,-0.000000
109,198,-2947.145355,0.000000
109,199,-2947.145355,-0.000000
109,200,-2947.145371,0.000000
109,201,-2947.145355,0.000000
109,202,-2947.145360,0.000000
109,203,-2947.145355,-0.000000
109,204,-2947.145355,-0.000000
109,205,-2947.145356,-0.000000
109,206,-2947.145355,0.000000
109,207,-2947.145355,0.000000
109,208,-2947.145356,0.000000
109,209,-2947.145355,0.000000
109,210,-2947.145356,0.000000
109,211,-2947.145357,-0.000000
109,212,-2947.145356,0.000000
109,213,-2947.145386,-0.000000
109,214,-2947.145358,0.000000
109,215,-2947.145355,0.000000
109,216,-2947.145356,0.000000
109,217,-2947.145425,0.000000
109,218,-2947.145355,-0.000000
109,219,-2947.145355,0.000000
109,220,-2947.145360,-0.000001
109,221,-2947.145517,0.000000
109,222,-2947.145411,0.000000
109,223,-2947.145360,0.000000
109,224,-2947.145358,-0.000000
109,225,-2947.145356,0.000000
109,226,-2947.145355,0.000000
109,227,-2947.145357,-0.000000
109,228,-2947.145398,0.000000
109,229,-2947.145355,-0.000000
109,230,-2947.145355,0.000000
110,111,-2947.145361,0.000000
110,112,-2947.145354,-0.000000
110,113,-2947.145354,0.000000
110,114,-2947.145354,-0.000000
110,115,-2947.145354,0.000000
110,116,-2947.145354,-0.000000
110,117,-2947.145354,0.000000
110,118,-2947.145354,0.000000
110,119,-2947.145354,-0.000000
110,120,-2947.145354,0.000000
110,121,-2947.145355,0.000000
110,122,-2947.145356,0.000000
110,123,-2947.145357,0.000000
110,124,-2947.145356,0.000000
110,125,-2947.145354,0.000000
110,126,-2947.145354,-0.000000
110,127,-2947.145354,-0.000000
110,128,-2947.145377,0.000000
110,129,-2947.145354,0.000000
110,130,-2947.145365,0.000000
110,131,-2947.145438,0.000000
110,132,-2947.145354,0.000000
110,133,-2947.145354,-0.000000
110,134,-2947.145354,-0.000000
110,135,-2947.145358,0.000000
110,136,-2947.145410,0.000000
110,137,-2947.145358,0.000000
110,138,-2947.145357,0.000000
110,139,-2947.145354,-0.000000
110,140,-2947.145355,0.000000
110,141,-2947.145363,0.000000
110,142,-2947.145354,0.000000
110,143,-2947.145366,0.000000
110,144,-2947.145378,0.000000
110,145,-2947.145354,-0.000000
110,146,-2947.145367,0.000000
110,147,-2947.145473,0.000000
110,148,-2947.145354,-0.000000
110,149,-2947.145354,0.000000
110,150,-2947.145357,0.000000
110,151,-2947.145354,-0.000000
110,152,-2947.145368,0.000000
110,153,-2947.145354,-0.000000
110,154,-2947.145354,0.000000
110,155,-2947.145354,0.000000
110,156,-2947.145354,-0.000000
110,157,-2947.145354,-0.000000
110,158,-2947.145357,0.000000
110,159,-2947.145357,0.000000
110,160,-2947.145354,0.000000
110,161,-2947.145356,0.000000
110,162,-2947.145354,-0.000000
110,163,-2947.145356,0.000000
110,164,-2947.145354,-0.000000
110,165,-2947.145355,-0.000000
110,166,-2947.145360,0.000000
110,167,-2947.145354,0.000000
110,168,-2947.145354,0.000000
110,169,-2947.145354,-0.000000
110,170,-2947.145370,0.000000
110,171,-2947.145355,0.000000
110,172,-2947.145356,-0.000000
110,173,-2947.145631,0.000000
110,174,-2947.145360,0.000000
110,175,-2947.145392,-0.000000
110,176,-2947.145380,0.000000
110,177,-2947.145358,-0.000000
110,178,-2947.145428,0.000000
110,179,-2947.145355,0.000000
110,180,-2947.145410,0.000000
110,181,-2947.145363,0.000000
110,182,-2947.145355,-0.000000
110,183,-2947.145360,0.000000
110,184,-2947.145394,0.000000
110,185,-2947.145422,0.000000
110,186,-2947.145365,-0.000000
110,187,-2947.145399,0.000000
110,188,-2947.145382,0.000000
110,189,-2947.145362,0.000000
110,190,-2947.145361,0.000000
110,191,-2947.145354,-0.000000
110,192,-2947.145354,-0.000000
110,193,-2947.145355,0.000000
110,194,-2947.145354,0.000000
110,195,-2947.145360,0.000000
110,196,-2947.145354,-0.000000
110,197,-2947.145355,0.000000
110,198,-2947.145354,-0.000000
110,199,-2947.145354,0.000000
110,200,-2947.145371,0.000000
110,201,-2947.145354,-0.000000
110,202,-2947.145359,0.000000
110,203,-2947.145355,0.000000
110,204,-2947.145354,0.000000
110,205,-2947.145355,0.000000
110,206,-2947.145354,-0.000000
110,207,-2947.145354,-0.000000
110,208,-2947.145355,0.000000
110,209,-2947.145354,-0.000000
110,210,-2947.145355,0.000000
110,211,-2947.145356,0.000000
110,212,-2947.145356,-0.000000
110,213,-2947.145385,0.000000
110,214,-2947.145357,0.000000
110,215,-2947.145354,-0.000000
110,216,-2947.145355,0.000000
110,217,-2947.145425,0.000000
110,218,-2947.145354,0.000000
110,219,-2947.145355,0.000000
110,220,-2947.145359,0.000000
110,221,-2947.145516,0.000000
110,222,-2947.145410,0.000000
110,223,-2947.145360,-0.000000
110,224,-2947.145358,0.000000
110,225,-2947.145355,-0.000000
110,226,-2947.145354,-0.000000
110,227,-2947.145356,0.000000
110,228,-2947.145397,0.000000
110,229,-2947.145354,0.000000
110,230,-2947.145354,-0.000000
111,112,-2947.145361,0.000000
111,113,-2947.145361,0.000000
111,114,-2947.145361,0.000000
111,115,-2947.145361,-0.000000
111,116,-2947.145361,0.000000
111,117,-2947.145361,0.000000
111,118,-2947.145361,0.000000
111,119,-2947.145361,0.000000
111,120,-2947.145361,0.000000
111,121,-2947.145361,0.000000
111,122,-2947.145365,-0.000002
111,123,-2947.145363,0.000000
111,124,-2947.145363,0.000000
111,125,-2947.145361,0.000000
111,126,-2947.145361,0.000000
111,127,-2947.145361,0.000000
111,128,-2947.145384,0.000000
111,129,-2947.145362,-0.000001
111,130,-2947.145372,0.000000
111,131,-2947.145447,-0.000002
111,132,-2947.145361,0.000000
111,133,-2947.145361,0.000000
111,134,-2947.145361,0.000000
111,135,-2947.145365,0.000000
111,136,-2947.145417,0.000000
111,137,-2947.145365,0.000000
111,138,-2947.145364,0.000000
111,139,-2947.145361,0.000000
111,140,-2947.145362,0.000000
111,141,-2947.145370,0.000000
111,142,-2947.145361,0.000000
111,143,-2947.145373,0.000000
111,144,-2947.145390,-0.000005
111,145,-2947.145361,0.000000
111,146,-2947.145374,-0.000000
111,147,-2947.145480,0.000000
111,148,-2947.145361,0.000000
111,149,-2947.145361,0.000000
111,150,-2947.145364,-0.000000
111,151,-2947.145361,0.000000
111,152,-2947.145375,0.000000
111,153,-2947.145361,0.000000
111,154,-2947.145361,0.000000
111,155,-2947.145361,0.000000
111,156,-2947.145361,0.000000
111,157,-2947.145361,0.000000
111,158,-2947.145364,0.000000
111,159,-2947.145364,0.000000
111,160,-2947.145361,0.000000
111,161,-2947.145363,0.000000
111,162,-2947.145361,0.000000
111,163,-2947.145363,0.000000
111,164,-2947.145361,0.000000
111,165,-2947.145362,0.000000
111,166,-2947.145367,-0.000000
111,167,-2947.145361,0.000000
111,168,-2947.145361,0.000000
111,169,-2947.145361,0.000000
111,170,-2947.145377,0.000000
111,171,-2947.145362,0.000000
111,172,-2947.145363,0.000000
111,173,-2947.145640,-0.000003
111,174,-2947.145367,0.000000
111,175,-2947.145399,0.000000
111,176,-2947.145387,0.000000
111,177,-2947.145365,0.000000
111,178,-2947.145434,0.000000
111,179,-2947.145362,0.000000
111,180,-2947.145416,0.000000
111,181,-2947.145372,-0.000002
111,182,-2947.145362,0.000000
111,183,-2947.145366,0.000000
111,184,-2947.145401,0.000000
111,185,-2947.145429,0.000000
111,186,-2947.145371,0.000000
111,187,-2947.145406,0.000000
111,188,-2947.145389,0.000000
111,189,-2947.145368,0.000000
111,190,-2947.145369,-0.000001
111,191,-2947.145361,0.000000
111,192,-2947.145361,0.000000
111,193,-2947.145362,0.000000
111,194,-2947.145361,0.000000
111,195,-2947.145367,0.000000
111,196,-2947.145361,0.000000
111,197,-2947.145362,0.000000
111,198,-2947.145361,0.000000
111,199,-2947.145361,0.000000
111,200,-2947.145378,0.000000
111,201,-2947.145361,0.000000
111,202,-2947.145366,0.000000
111,203,-2947.145361,0.000000
111,204,-2947.145361,0.000000
111,205,-2947.145362,0.000000
111,206,-2947.145361,0.000000
111,207,-2947.145361,0.000000
111,208,-2947.145362,0.000000
111,209,-2947.145361,0.000000
111,210,-2947.145362,-0.000000
111,211,-2947.145363,0.000000
111,212,-2947.145363,0.000000
111,213,-2947.145392,0.000000
111,214,-2947.145364,-0.000000
111,215,-2947.145361,0.000000
111,216,-2947.145362,0.000000
111,217,-2947.145445,-0.000013
111,218,-2947.145361,0.000000
111,219,-2947.145362,0.000000
111,220,-2947.145366,0.000000
111,221,-2947.145536,-0.000013
111,222,-2947.145417,0.000000
111,223,-2947.145367,0.000000
111,224,-2947.145364,0.000000
111,225,-2947.145362,0.000000
111,226,-2947.145361,0.000000
111,227,-2947.145363,0.000000
111,228,-2947.145410,-0.000005
111,229,-2947.145361,0.000000
111,230,-2947.145361,0.000000
112,113,-2947.145354,0.000000
112,114,-2947.145354,-0.000000
112,115,-2947.145354,0.000000
112,116,-2947.145354,-0.000000
112,117,-2947.145354,0.000000
112,118,-2947.145354,0.000000
112,119,-2947.145354,-0.000000
112,120,-2947.145354,0.000000
112,121,-2947.145355,0.000000
112,122,-2947.145356,0.000000
112,123,-2947.145357,0.000000
112,124,-2947.145356,0.000000
112,125,-2947.145354,0.000000
112,126,-2947.145354,-0.000000
112,127,-2947.145354,-0.000000
112,128,-2947.145377,0.000000
112,129,-2947.145354,0.000000
112,130,-2947.145365,0.000000
112,131,-2947.145438,0.000000
112,132,-2947.145354,0.000000
112,133,-2947.145354,-0.000000
112,134,-2947.145354,-0.000000
112,135,-2947.145358,0.000000
112,136,-2947.145410,0.000000
112,137,-2947.145358,0.000000
112,138,-2947.145357,0.000000
112,139,-2947.145354,0.000000
112,140,-2947.145355,0.000000
112,141,-2947.145363,0.000000
112,142,-2947.145354,0.000000
112,143,-2947.145366,0.000000
112,144,-2947.145378,0.000000
112,145,-2947.145354,-0.000000
112,146,-2947.145367,0.000000
112,147,-2947.145473,0.000000
112,148,-2947.145354,-0.000000
112,149,-2947.145354,0.000000
112,150,-2947.145357,0.000000
112,151,-2947.145354,-0.000000
112,152,-2947.145368,0.000000
112,153,-2947.145354,-0.000000
112,154,-2947.145354,0.000000
112,155,-2947.145354,0.000000
112,156,-2947.145354,-0.000000
112,157,-2947.145354,-0.000000
112,158,-2947.145357,0.000000
112,159,-2947.145357,0.000000
112,160,-2947.145354,0.000000
112,161,-2947.145356,0.000000
112,162,-2947.145354,-0.000000
112,163,-2947.145356,0.000000
112,164,-2947.145354,-0.000000
112,165,-2947.145355,-0.000000
112,166,-2947.145360,0.000000
112,167,-2947.145354,-0.000000
112,168,-2947.145354,0.000000
112,169,-2947.145354,-0.000000
112,170,-2947.145370,0.000000
112,171,-2947.145355,0.000000
112,172,-2947.145356,-0.000000
112,173,-2947.145631,0.000000
112,174,-2947.145360,0.000000
112,175,-2947.145392,-0.000000
112,176,-2947.145380,0.000000
112,177,-2947.145358,0.000000
112,178,-2947.145428,0.000000
112,179,-2947.145355,0.000000
112,180,-2947.145410,0.000000
112,181,-2947.145363,0.000000
112,182,-2947.145355,-0.000000
112,183,-2947.145360,0.000000
112,184,-2947.145394,0.000000
112,185,-2947.145422,0.000000
112,186,-2947.145365,-0.000000
112,187,-2947.145399,0.000000
112,188,-2947.145382,0.000000
112,189,-2947.145362,0.000000
112,190,-2947.145361,0.000000
112,191,-2947.145354,-0.000000
112,192,-2947.145354,-0.000000
112,193,-2947.145355,0.000000
112,194,-2947.145354,0.000000
112,195,-2947.145360,0.000000
112,196,-2947.145354,-0.000000
112,197,-2947.145355,0.000000
112,198,-2947.145354,-0.000000
112,199,-2947.145354,0.000000
112,200,-2947.145371,0.000000
112,201,-2947.145354,0.000000
112,202,-2947.145359,0.000000
112,203,-2947.145355,0.000000
112,204,-2947.145354,0.000000
112,205,-2947.145355,0.000000
112,206,-2947.145354,-0.000000
112,207,-2947.145354,-0.000000
112,208,-2947.145355,0.000000
112,209,-2947.145354,-0.000000
112,210,-2947.145355,0.000000
112,211,-2947.145356,0.000000
112,212,-2947.145356,-0.000000
112,213,-2947.145385,0.000000
112,214,-2947.145357,0.000000
112,215,-2947.145354,-0.000000
112,216,-2947.145355,0.000000
112,217,-2947.145425,0.000000
112,218,-2947.145354,0.000000
112,219,-2947.145355,0.000000
112,220,-2947.145359,0.000000
112,221,-2947.145516,0.000000
112,222,-2947.145410,0.000000
112,223,-2947.145360,-0.000000
112,224,-2947.145358,0.000000
112,225,-2947.145355,-0.000000
112,226,-2947.145354,-0.000000
112,227,-2947.145356,0.000000
112,228,-2947.145397,0.000000
112,229,-2947.145354,0.000000
112,230,-2947.145354,-0.000000
113,114,-2947.145354,0.000000
113,115,-2947.145354,0.000000
113,116,-2947.145354,0.000000
113,117,-2947.145354,-0.000000
113,118,-2947.145354,-0.000000
113,119,-2947.145354,0.000000
113,120,-2947.145354,0.000000
113,121,-2947.145355,-0.000000
113,122,-2947.145356,0.000000
113,123,-2947.145357,-0.000000
113,124,-2947.145356,-0.000000
113,125,-2947.145354,0.000000
113,126,-2947.145354,0.000000
113,127,-2947.145354,0.000000
113,128,-2947.145377,-0.000000
113,129,-2947.145354,0.000000
113,130,-2947.145365,0.000000
113,131,-2947.145438,0.000000
113,132,-2947.145354,-0.000000
113,133,-2947.145354,0.000000
113,134,-2947.145354,0.000000
113,135,-2947.145358,0.000000
113,136,-2947.145410,-0.000000
113,137,-2947.145358,-0.000000
113,138,-2947.145357,0.000000
113,139,-2947.145354,0.000000
113,140,-2947.145355,0.000000
113,141,-2947.145363,-0.000000
113,142,-2947.145354,0.000000
113,143,-2947.145366,-0.000000
113,144,-2947.145378,0.000000
113,145,-2947.145354,0.000000
113,146,-2947.145367,0.000000
113,147,-2947.145473,0.000000
113,148,-2947.145354,0.000000
113,149,-2947.145354,-0.000000
113,150,-2947.145357,0.000000
113,151,-2947.145354,0.000000
113,152,-2947.145368,0.000000
113,153,-2947.145354,0.000000
113,154,-2947.145354,0.000000
113,155,-2947.145354,0.000000
113,156,-2947.145354,0.000000
113,157,-2947.145354,0.000000
113,158,-2947.145357,-0.000000
113,159,-2947.145357,-0.000000
113,160,-2947.145354,0.000000
113,161,-2947.145356,-0.000000
113,162,-2947.145354,0.000000
113,163,-2947.145356,-0.000000
113,164,-2947.145354,0.000000
113,165,-2947.145355,0.000000
113,166,-2947.145360,0.000000
113,167,-2947.145354,0.000000
113,168,-2947.145354,-0.000000
113,169,-2947.145354,0.000000
113,170,-2947.145370,-0.000000
113,171,-2947.145355,-0.000000
113,172,-2947.145356,0.000000
113,173,-2947.145631,0.000000
113,174,-2947.145360,-0.000000
113,175,-2947.145392,0.000000
113,176,-2947.145380,-0.000000
113,177,-2947.145358,0.000000
113,178,-2947.145428,0.000000
113,179,-2947.145355,-0.000000
113,180,-2947.145410,0.000000
113,181,-2947.145363,0.000000
113,182,-2947.145355,0.000000
113,183,-2947.145360,0.000000
113,184,-2947.145394,-0.000000
113,185,-2947.145422,-0.000000
113,186,-2947.145364,0.000000
113,187,-2947.145399,0.000000
113,188,-2947.145382,0.000000
113,189,-2947.145362,-0.000000
113,190,-2947.145361,0.000000
113,191,-2947.145354,0.000000
113,192,-2947.145354,0.000000
113,193,-2947.145355,0.000000
113,194,-2947.145354,-0.000000
113,195,-2947.145360,0.000000
113,196,-2947.145354,0.000000
113,197,-2947.145355,-0.000000
113,198,-2947.145354,0.000000
113,199,-2947.145354,-0.000000
113,200,-2947.145371,0.000000
113,201,-2947.145354,0.000000
113,202,-2947.145359,0.000000
113,203,-2947.145355,-0.000000
113,204,-2947.145354,-0.000000
113,205,-2947.145355,-0.000000
113,206,-2947.145354,0.000000
113,207,-2947.145354,0.000000
113,208,-2947.145355,0.000000
113,209,-2947.145354,0.000000
113,210,-2947.145355,0.000000
113,211,-2947.145356,-0.000000
113,212,-2947.145356,0.000000
113,213,-2947.145385,-0.000000
113,214,-2947.145357,0.000000
113,215,-2947.145354,0.000000
113,216,-2947.145355,0.000000
113,217,-2947.145425,0.000000
113,218,-2947.145354,-0.000000
113,219,-2947.145355,0.000000
113,220,-2947.145359,-0.000000
113,221,-2947.145516,0.000000
113,222,-2947.145410,0.000000
113,223,-2947.145360,0.000000
113,224,-2947.145358,-0.000000
113,225,-2947.145355,0.000000
113,226,-2947.145354,0.000000
113,227,-2947.145356,-0.000000
113,228,-2947.145397,0.000000
113,229,-2947.145354,-0.000000
113,230,-2947.145354,0.000000
114,115,-2947.145354,0.000000
114,116,-2947.145354,-0.000000
114,117,-2947.145354,0.000000
114,118,-2947.145354,0.000000
114,119,-2947.145354,-0.000000
114,120,-2947.145354,0.000000
114,121,-2947.145355,0.000000
114,122,-2947.145356,0.000000
114,123,-2947.145357,0.000000
114,124,-2947.145356,0.000000
114,125,-2947.145354,0.000000
114,126,-2947.145354,-0.000000
114,127,-2947.145354,-0.000000
114,128,-2947.145377,0.000000
114,129,-2947.145354,0.000000
114,130,-2947.145365,0.000000
114,131,-2947.145438,0.000000
114,132,-2947.145354,0.000000
114,133,-2947.145354,-0.000000
114,134,-2947.145354,-0.000000
114,135,-2947.145358,0.000000
114,136,-2947.145410,0.000000
114,137,-2947.145358,0.000000
114,138,-2947.145357,0.000000
114,139,-2947.145354,-0.000000
114,140,-2947.145355,0.000000
114,141,-2947.145363,0.000000
114,142,-2947.145354,0.000000
114,143,-2947.145366,0.000000
114,144,-2947.145378,0.000000
114,145,-2947.145354,-0.000000
114,146,-2947.145367,0.000000
114,147,-2947.145473,0.000000
114,148,-2947.145354,-0.000000
114,149,-2947.145354,0.000000
114,150,-2947.145357,0.000000
114,151,-2947.145354,-0.000000
114,152,-2947.145368,0.000000
114,153,-2947.145354,-0.000000
114,154,-2947.145354,0.000000
114,155,-2947.145354,0.000000
114,156,-2947.145354,-0.000000
114,157,-2947.145354,-0.000000
114,158,-2947.145357,0.000000
114,159,-2947.145357,0.000000
114,160,-2947.145354,0.000000
114,161,-2947.145356,0.000000
114,162,-2947.145354,-0.000000
114,163,-2947.145356,0.000000
114,164,-2947.145354,-0.000000
114,165,-2947.145355,-0.000000
114,166,-2947.145360,0.000000
114,167,-2947.145354,-0.000000
114,168,-2947.145354,0.000000
114,169,-2947.145354,-0.000000
114,170,-2947.145370,0.000000
114,171,-2947.145355,0.000000
114,172,-2947.145356,-0.000000
114,173,-2947.145631,0.000000
114,174,-2947.145360,0.000000
114,175,-2947.145392,-0.000000
114,176,-2947.145380,0.000000
114,177,-2947.145358,-0.000000
114,178,-2947.145428,0.000000
114,179,-2947.145355,0.000000
114,180,-2947.145410,0.000000
114,181,-2947.145363,0.000000
114,182,-2947.145355,-0.000000
114,183,-2947.145360,0.000000
114,184,-2947.145394,0.000000
114,185,-2947.145422,0.000000
114,186,-2947.145365,-0.000000
114,187,-2947.145399,0.000000
114,188,-2947.145382,0.000000
114,189,-2947.145362,0.000000
114,190,-2947.145361,0.000000
114,191,-2947.145354,-0.000000
114,192,-2947.145354,-0.000000
114,193,-2947.145355,0.000000
114,194,-2947.145354,0.000000
114,195,-2947.145360,0.000000
114,196,-2947.145354,-0.000000
114,197,-2947.145355,0.000000
114,198,-2947.145354,-0.000000
114,199,-2947.145354,0.000000
114,200,-2947.145371,0.000000
114,201,-2947.145354,-0.000000
114,202,-2947.145359,0.000000
114,203,-2947.145355,0.000000
114,204,-2947.145354,0.000000
114,205,-2947.145355,0.000000
114,206,-2947.145354,-0.000000
114,207,-2947.145354,-0.000000
114,208,-2947.145355,0.000000
114,209,-2947.145354,-0.000000
114,210,-2947.145355,0.000000
114,211,-2947.145356,0.000000
114,212,-2947.145356,-0.000000
114,213,-2947.145385,0.000000
114,214,-2947.145357,0.000000
114,215,-2947.145354,-0.000000
114,216,-2947.145355,0.000000
114,217,-2947.145425,0.000000
114,218,-2947.145354,0.000000
114,219,-2947.145355,0.000000
114,220,-2947.145359,0.000000
114,221,-2947.145516,0.000000
114,222,-2947.145410,0.000000
114,223,-2947.145360,0.000000
114,224,-2947.145358,0.000000
114,225,-2947.145355,-0.000000
114,226,-2947.145354,-0.000000
114,227,-2947.145356,0.000000
114,228,-2947.145397,0.000000
114,229,-2947.145354,0.000000
114,230,-2947.145354,-0.000000
115,116,-2947.145354,0.000000
115,117,-2947.145355,0.000000
115,118,-2947.145354,0.000000
115,119,-2947.145354,0.000000
115,120,-2947.145354,0.000000
115,121,-2947.145355,0.000000
115,122,-2947.145356,-0.000000
115,123,-2947.145357,0.000000
115,124,-2947.145356,0.000000
115,125,-2947.145354,0.000000
115,126,-2947.145354,0.000000
115,127,-2947.145354,0.000000
115,128,-2947.145377,-0.000000
115,129,-2947.145355,-0.000000
115,130,-2947.145365,0.000000
115,131,-2947.145443,-0.000004
115,132,-2947.145354,0.000000
115,133,-2947.145354,0.000000
115,134,-2947.145354,0.000000
115,135,-2947.145358,0.000000
115,136,-2947.145410,0.000000
115,137,-2947.145358,0.000000
115,138,-2947.145357,0.000000
115,139,-2947.145354,0.000000
115,140,-2947.145355,0.000000
115,141,-2947.145363,0.000000
115,142,-2947.145354,0.000000
115,143,-2947.145366,0.000000
115,144,-2947.145379,-0.000001
115,145,-2947.145355,0.000000
115,146,-2947.145367,-0.000000
115,147,-2947.145473,0.000000
115,148,-2947.145354,0.000000
115,149,-2947.145355,0.000000
115,150,-2947.145357,-0.000000
115,151,-2947.145354,0.000000
115,152,-2947.145368,0.000000
115,153,-2947.145354,0.000000
115,154,-2947.145354,0.000000
115,155,-2947.145354,0.000000
115,156,-2947.145354,0.000000
115,157,-2947.145354,0.000000
115,158,-2947.145357,0.000000
115,159,-2947.145357,0.000000
115,160,-2947.145354,0.000000
115,161,-2947.145356,0.000000
115,162,-2947.145354,0.000000
115,163,-2947.145356,0.000000
115,164,-2947.145354,0.000000
115,165,-2947.145355,0.000000
115,166,-2947.145360,-0.000000
115,167,-2947.145354,0.000000
115,168,-2947.145355,0.000000
115,169,-2947.145354,0.000000
115,170,-2947.145370,0.000000
115,171,-2947.145355,0.000000
115,172,-2947.145356,0.000000
115,173,-2947.145632,-0.000000
115,174,-2947.145360,0.000000
115,175,-2947.145392,0.000000
115,176,-2947.145381,0.000000
115,177,-2947.145358,0.000000
115,178,-2947.145428,0.000000
115,179,-2947.145356,0.000000
115,180,-2947.145410,-0.000000
115,181,-2947.145363,-0.000000
115,182,-2947.145355,0.000000
115,183,-2947.145360,0.000000
115,184,-2947.145394,0.000000
115,185,-2947.145422,0.000000
115,186,-2947.145365,0.000000
115,187,-2947.145399,-0.000000
115,188,-2947.145382,0.000000
115,189,-2947.145362,0.000000
115,190,-2947.145361,-0.000000
115,191,-2947.145355,0.000000
115,192,-2947.145355,0.000000
115,193,-2947.145355,0.000000
115,194,-2947.145355,0.000000
115,195,-2947.145360,-0.000000
115,196,-2947.145354,0.000000
115,197,-2947.145355,-0.000000
115,198,-2947.145355,0.000000
115,199,-2947.145354,0.000000
115,200,-2947.145371,-0.000000
115,201,-2947.145354,0.000000
115,202,-2947.145359,0.000000
115,203,-2947.145355,0.000000
115,204,-2947.145355,0.000000
115,205,-2947.145355,-0.000000
115,206,-2947.145355,0.000000
115,207,-2947.145354,0.000000
115,208,-2947.145355,0.000000
115,209,-2947.145354,0.000000
115,210,-2947.145355,0.000000
115,211,-2947.145357,0.000000
115,212,-2947.145356,0.000000
115,213,-2947.145385,0.000000
115,214,-2947.145357,-0.000000
115,215,-2947.145354,0.000000
115,216,-2947.145355,0.000000
115,217,-2947.145425,0.000000
115,218,-2947.145354,0.000000
115,219,-2947.145355,0.000000
115,220,-2947.145359,0.000000
115,221,-2947.145516,-0.000000
115,222,-2947.145411,0.000000
115,223,-2947.145360,0.000000
115,224,-2947.145358,0.000000
115,225,-2947.145355,0.000000
115,226,-2947.145354,0.000000
115,227,-2947.145357,0.000000
115,228,-2947.145397,-0.000000
115,229,-2947.145354,0.000000
115,230,-2947.145355,0.000000
116,117,-2947.145354,0.000000
116,118,-2947.145354,0.000000
116,119,-2947.145354,-0.000000
116,120,-2947.145354,0.000000
116,121,-2947.145355,0.000000
116,122,-2947.145356,0.000000
116,123,-2947.145357,0.000000
116,124,-2947.145356,0.000000
116,125,-2947.145354,0.000000
116,126,-2947.145354,-0.000000
116,127,-2947.145354,-0.000000
116,128,-2947.145377,0.000000
116,129,-2947.145354,0.000000
116,130,-2947.145365,0.000000
116,131,-2947.145438,0.000000
116,132,-2947.145354,0.000000
116,133,-2947.145354,-0.000000
116,134,-2947.145354,-0.000000
116,135,-2947.145358,0.000000
116,136,-2947.145410,0.000000
116,137,-2947.145358,0.000000
116,138,-2947.145357,0.000000
116,139,-2947.145354,-0.000000
116,140,-2947.145355,0.000000
116,141,-2947.145363,0.000000
116,142,-2947.145354,0.000000
116,143,-2947.145366,0.000000
116,144,-2947.145378,0.000000
116,145,-2947.145354,-0.000000
116,146,-2947.145367,0.000000
116,147,-2947.145473,0.000000
116,148,-2947.145354,-0.000000
116,149,-2947.145354,0.000000
116,150,-2947.145357,0.000000
116,151,-2947.145354,-0.000000
116,152,-2947.145368,0.000000
116,153,-2947.145354,-0.000000
116,154,-2947.145354,0.000000
116,155,-2947.145354,0.000000
116,156,-2947.145354,-0.000000
116,157,-2947.145354,-0.000000
116,158,-2947.145357,0.000000
116,159,-2947.145357,0.000000
116,160,-2947.145354,0.000000
116,161,-2947.145356,0.000000
116,162,-2947.145354,0.000000
116,163,-2947.145356,0.000000
116,164,-2947.145354,0.000000
116,165,-2947.145355,0.000000
116,166,-2947.145360,0.000000
116,167,-2947.145354,0.000000
116,168,-2947.145354,0.000000
116,169,-2947.145354,-0.000000
116,170,-2947.145370,0.000000
116,171,-2947.145355,0.000000
116,172,-2947.145356,-0.000000
116,173,-2947.145631,0.000000
116,174,-2947.145360,0.000000
116,175,-2947.145392,-0.000000
116,176,-2947.145380,0.000000
116,177,-2947.145358,-0.000000
116,178,-2947.145428,0.000000
116,179,-2947.145355,0.000000
116,180,-2947.145410,0.000000
116,181,-2947.145363,0.000000
116,182,-2947.145355,-0.000000
116,183,-2947.145360,0.000000
116,184,-2947.145394,0.000000
116,185,-2947.145422,0.000000
116,186,-2947.145365,-0.000000
116,187,-2947.145399,0.000000
116,188,-2947.145382,0.000000
116,189,-2947.145362,0.000000
116,190,-2947.145361,0.000000
116,191,-2947.145354,0.000000
116,192,-2947.145355,-0.000000
116,193,-2947.145355,0.000000
116,194,-2947.145354,0.000000
116,195,-2947.145360,0.000000
116,196,-2947.145354,0.000000
116,197,-2947.145355,0.000000
116,198,-2947.145354,-0.000000
116,199,-2947.145354,0.000000
116,200,-2947.145371,0.000000
116,201,-2947.145354,-0.000000
116,202,-2947.145359,0.000000
116,203,-2947.145355,0.000000
116,204,-2947.145354,0.000000
116,205,-2947.145355,0.000000
116,206,-2947.145354,-0.000000
116,207,-2947.145354,-0.000000
116,208,-2947.145355,0.000000
116,209,-2947.145354,0.000000
116,210,-2947.145355,0.000000
116,211,-2947.145356,0.000000
116,212,-2947.145356,-0.000000
116,213,-2947.145385,0.000000
116,214,-2947.145357,0.000000
116,215,-2947.145354,-0.000000
116,216,-2947.145355,0.000000
116,217,-2947.145425,0.000000
116,218,-2947.145354,0.000000
116,219,-2947.145355,0.000000
116,220,-2947.145359,0.000000
116,221,-2947.145516,0.000000
116,222,-2947.145410,0.000000
116,223,-2947.145360,-0.000000
116,224,-2947.145358,0.000000
116,225,-2947.145355,-0.000000
116,226,-2947.145354,-0.000000
116,227,-2947.145356,0.000000
116,228,-2947.145397,0.000000
116,229,-2947.145354,0.000000
116,230,-2947.145354,-0.000000
117,118,-2947.145354,-0.000000
117,119,-2947.145354,0.000000
117,120,-2947.145355,0.000000
117,121,-2947.145356,-0.000001
117,122,-2947.145356,0.000000
117,123,-2947.145357,-0.000000
117,124,-2947.145356,-0.000000
117,125,-2947.145355,0.000000
117,126,-2947.145354,0.000000
117,127,-2947.145354,0.000000
117,128,-2947.145379,-0.000002
117,129,-2947.145355,0.000000
117,130,-2947.145365,0.000000
117,131,-2947.145439,0.000000
117,132,-2947.145355,-0.000000
117,133,-2947.145354,0.000000
117,134,-2947.145354,0.000000
117,135,-2947.145359,0.000000
117,136,-2947.145412,-0.000001
117,137,-2947.145358,-0.000000
117,138,-2947.145358,0.000000
117,139,-2947.145354,0.000000
117,140,-2947.145355,0.000000
117,141,-2947.145364,-0.000001
117,142,-2947.145355,0.000000
117,143,-2947.145367,-0.000001
117,144,-2947.145378,0.000000
117,145,-2947.145355,0.000000
117,146,-2947.145367,0.000000
117,147,-2947.145474,-0.000000
117,148,-2947.145354,0.000000
117,149,-2947.145355,-0.000000
117,150,-2947.145357,0.000000
117,151,-2947.145354,0.000000
117,152,-2947.145368,0.000000
117,153,-2947.145355,0.000000
117,154,-2947.145354,0.000000
117,155,-2947.145355,-0.000000
117,156,-2947.145354,0.000000
117,157,-2947.145354,0.000000
117,158,-2947.145358,-0.000000
117,159,-2947.145357,0.000000
117,160,-2947.145355,0.000000
117,161,-2947.145356,-0.000000
117,162,-2947.145354,0.000000
117,163,-2947.145356,-0.000000
117,164,-2947.145355,0.000000
117,165,-2947.145355,0.000000
117,166,-2947.145360,0.000000
117,167,-2947.145355,0.000000
117,168,-2947.145355,-0.000000
117,169,-2947.145354,0.000000
117,170,-2947.145370,-0.000000
117,171,-2947.145356,-0.000000
117,172,-2947.145356,0.000000
117,173,-2947.145631,0.000000
117,174,-2947.145361,-0.000000
117,175,-2947.145392,0.000000
117,176,-2947.145381,-0.000000
117,177,-2947.145358,0.000000
117,178,-2947.145428,0.000000
117,179,-2947.145356,-0.000000
117,180,-2947.145410,0.000000
117,181,-2947.145363,0.000000
117,182,-2947.145355,0.000000
117,183,-2947.145360,0.000000
117,184,-2947.145395,-0.000000
117,185,-2947.145422,0.000000
117,186,-2947.145365,0.000000
117,187,-2947.145399,0.000000
117,188,-2947.145382,0.000000
117,189,-2947.145362,-0.000000
117,190,-2947.145361,0.000000
117,191,-2947.145355,0.000000
117,192,-2947.145355,0.000000
117,193,-2947.145355,0.000000
117,194,-2947.145355,0.000000
117,195,-2947.145360,0.000000
117,196,-2947.145354,0.000000
117,197,-2947.145355,-0.000000
117,198,-2947.145355,0.000000
117,199,-2947.145355,-0.000000
117,200,-2947.145371,0.000000
117,201,-2947.145354,0.000000
117,202,-2947.145359,0.000000
117,203,-2947.145355,-0.000000
117,204,-2947.145355,-0.000000
117,205,-2947.145356,-0.000000
117,206,-2947.145355,0.000000
117,207,-2947.145354,0.000000
117,208,-2947.145355,0.000000
117,209,-2947.145354,0.000000
117,210,-2947.145356,0.000000
117,211,-2947.145357,-0.000000
117,212,-2947.145356,0.000000
117,213,-2947.145386,-0.000001
117,214,-2947.145357,0.000000
117,215,-2947.145355,0.000000
117,216,-2947.145355,0.000000
117,217,-2947.145425,0.000000
117,218,-2947.145355,-0.000000
117,219,-2947.145355,0.000000
117,220,-2947.145360,-0.000001
117,221,-2947.145517,0.000000
117,222,-2947.145411,0.000000
117,223,-2947.145360,0.000000
117,224,-2947.145358,-0.000000
117,225,-2947.145355,0.000000
117,226,-2947.145354,0.000000
117,227,-2947.145357,-0.000000
117,228,-2947.145398,0.000000
117,229,-2947.145355,-0.000000
117,230,-2947.145355,0.000000
118,119,-2947.145354,0.000000
118,120,-2947.145354,0.000000
118,121,-2947.145355,-0.000000
118,122,-2947.145356,0.000000
118,123,-2947.145357,-0.000000
118,124,-2947.145356,-0.000000
118,125,-2947.145354,0.000000
118,126,-2947.145354,0.000000
118,127,-2947.145354,0.000000
118,128,-2947.145377,-0.000000
118,129,-2947.145355,0.000000
118,130,-2947.145365,0.000000
118,131,-2947.145439,0.000000
118,132,-2947.145354,0.000000
118,133,-2947.145354,0.000000
118,134,-2947.145354,0.000000
118,135,-2947.145358,0.000000
118,136,-2947.145411,-0.000000
118,137,-2947.145358,-0.000000
118,138,-2947.145357,0.000000
118,139,-2947.145354,0.000000
118,140,-2947.145355,0.000000
118,141,-2947.145363,-0.000000
118,142,-2947.145354,0.000000
118,143,-2947.145366,-0.000000
118,144,-2947.145378,0.000000
118,145,-2947.145354,0.000000
118,146,-2947.145367,0.000000
118,147,-2947.145473,0.000000
118,148,-2947.145354,0.000000
118,149,-2947.145354,-0.000000
118,150,-2947.145357,0.000000
118,151,-2947.145354,0.000000
118,152,-2947.145368,-0.000000
118,153,-2947.145354,0.000000
118,154,-2947.145354,0.000000
118,155,-2947.145354,-0.000000
118,156,-2947.145354,0.000000
118,157,-2947.145354,0.000000
118,158,-2947.145357,-0.000000
118,159,-2947.145357,0.000000
118,160,-2947.145354,0.000000
118,161,-2947.145356,-0.000000
118,162,-2947.145354,0.000000
118,163,-2947.145356,0.000000
118,164,-2947.145354,0.000000
118,165,-2947.145355,0.000000
118,166,-2947.145360,0.000000
118,167,-2947.145354,0.000000
118,168,-2947.145354,-0.000000
118,169,-2947.145354,0.000000
118,170,-2947.145370,-0.000000
118,171,-2947.145355,-0.000000
118,172,-2947.145356,0.000000
118,173,-2947.145631,0.000000
118,174,-2947.145360,-0.000000
118,175,-2947.145392,0.000000
118,176,-2947.145380,-0.000000
118,177,-2947.145358,0.000000
118,178,-2947.145428,0.000000
118,179,-2947.145355,-0.000000
118,180,-2947.145410,0.000000
118,181,-2947.145363,0.000000
118,182,-2947.145355,0.000000
118,183,-2947.145360,0.000000
118,184,-2947.145394,-0.000000
118,185,-2947.145422,-0.000000
118,186,-2947.145364,0.000000
118,187,-2947.145399,0.000000
118,188,-2947.145382,0.000000
118,189,-2947.145362,-0.000000
118,190,-2947.145361,0.000000
118,191,-2947.145354,0.000000
118,192,-2947.145355,0.000000
118,193,-2947.145355,0.000000
118,194,-2947.145354,-0.000000
118,195,-2947.145360,0.000000
118,196,-2947.145354,0.000000
118,197,-2947.145355,-0.000000
118,198,-2947.145354,0.000000
118,199,-2947.145354,-0.000000
118,200,-2947.145371,0.000000
118,201,-2947.145354,0.000000
118,202,-2947.145359,0.000000
118,203,-2947.145355,-0.000000
118,204,-2947.145354,-0.000000
118,205,-2947.145355,-0.000000
118,206,-2947.145354,0.000000
118,207,-2947.145354,0.000000
118,208,-2947.145355,0.000000
118,209,-2947.145354,0.000000
118,210,-2947.145355,0.000000
118,211,-2947.145356,-0.000000
118,212,-2947.145356,0.000000
118,213,-2947.145385,-0.000000
118,214,-2947.145357,0.000000
118,215,-2947.145354,0.000000
118,216,-2947.145355,0.000000
118,217,-2947.145425,0.000000
118,218,-2947.145354,-0.000000
118,219,-2947.145355,0.000000
118,220,-2947.145359,-0.000000
118,221,-2947.145516,0.000000
118,222,-2947.145411,0.000000
118,223,-2947.145360,0.000000
118,224,-2947.145358,-0.000000
118,225,-2947.145355,0.000000
118,226,-2947.145354,0.000000
118,227,-2947.145356,-0.000000
118,228,-2947.145397,0.000000
118,229,-2947.145354,0.000000
118,230,-2947.145354,0.000000
119,120,-2947.145354,0.000000
119,121,-2947.145355,0.000000
119,122,-2947.145356,0.000000
119,123,-2947.145357,0.000000
119,124,-2947.145356,0.000000
119,125,-2947.145354,0.000000
119,126,-2947.145354,-0.000000
119,127,-2947.145354,-0.000000
119,128,-2947.145377,0.000000
119,129,-2947.145355,0.000000
119,130,-2947.145365,0.000000
119,131,-2947.145439,0.000000
119,132,-2947.145354,0.000000
119,133,-2947.145354,-0.000000
119,134,-2947.145354,-0.000000
119,135,-2947.145358,0.000000
119,136,-2947.145410,0.000000
119,137,-2947.145358,0.000000
119,138,-2947.145357,0.000000
119,139,-2947.145354,0.000000
119,140,-2947.145355,0.000000
119,141,-2947.145363,0.000000
119,142,-2947.145354,0.000000
119,143,-2947.145366,0.000000
119,144,-2947.145378,0.000000
119,145,-2947.145355,-0.000000
119,146,-2947.145367,0.000000
119,147,-2947.145473,0.000000
119,148,-2947.145354,-0.000000
119,149,-2947.145354,0.000000
119,150,-2947.145357,0.000000
119,151,-2947.145354,-0.000000
119,152,-2947.145368,0.000000
119,153,-2947.145354,-0.000000
119,154,-2947.145354,0.000000
119,155,-2947.145354,0.000000
119,156,-2947.145354,-0.000000
119,157,-2947.145354,-0.000000
119,158,-2947.145357,0.000000
119,159,-2947.145357,0.000000
119,160,-2947.145354,0.000000
119,161,-2947.145356,0.000000
119,162,-2947.145354,-0.000000
119,163,-2947.145356,0.000000
119,164,-2947.145354,-0.000000
119,165,-2947.145355,-0.000000
119,166,-2947.145360,0.000000
119,167,-2947.145354,-0.000000
119,168,-2947.145354,0.000000
119,169,-2947.145354,-0.000000
119,170,-2947.145370,0.000000
119,171,-2947.145355,0.000000
119,172,-2947.145356,-0.000000
119,173,-2947.145631,0.000000
119,174,-2947.145360,0.000000
119,175,-2947.145393,-0.000001
119,176,-2947.145380,0.000000
119,177,-2947.145358,-0.000000
119,178,-2947.145428,0.000000
119,179,-2947.145355,0.000000
119,180,-2947.145410,0.000000
119,181,-2947.145363,0.000000
119,182,-2947.145355,-0.000000
119,183,-2947.145360,0.000000
119,184,-2947.145394,0.000000
119,185,-2947.145422,0.000000
119,186,-2947.145365,-0.000001
119,187,-2947.145399,0.000000
119,188,-2947.145382,0.000000
119,189,-2947.145362,0.000000
119,190,-2947.145361,0.000000
119,191,-2947.145355,-0.000000
119,192,-2947.145355,-0.000000
119,193,-2947.145355,0.000000
119,194,-2947.145355,0.000000
119,195,-2947.145360,0.000000
119,196,-2947.145354,-0.000000
119,197,-2947.145355,0.000000
119,198,-2947.145354,0.000000
119,199,-2947.145354,0.000000
119,200,-2947.145371,0.000000
119,201,-2947.145354,-0.000000
119,202,-2947.145359,0.000000
119,203,-2947.145355,0.000000
119,204,-2947.145354,0.000000
119,205,-2947.145355,0.000000
119,206,-2947.145355,-0.000000
119,207,-2947.145354,0.000000
119,208,-2947.145355,0.000000
119,209,-2947.145354,-0.000000
119,210,-2947.145355,0.000000
119,211,-2947.145356,0.000000
119,212,-2947.145356,-0.000000
119,213,-2947.145385,0.000000
119,214,-2947.145357,0.000000
119,215,-2947.145354,-0.000000
119,216,-2947.145355,0.000000
119,217,-2947.145425,0.000000
119,218,-2947.145354,0.000000
119,219,-2947.145355,0.000000
119,220,-2947.145359,0.000000
119,221,-2947.145516,0.000000
119,222,-2947.145411,0.000000
119,223,-2947.145360,-0.000000
119,224,-2947.145358,0.000000
119,225,-2947.145355,-0.000000
119,226,-2947.145354,-0.000000
119,227,-2947.145356,0.000000
119,228,-2947.145397,0.000000
119,229,-2947.145354,0.000000
119,230,-2947.145354,-0.000000
120,121,-2947.145355,0.000000
120,122,-2947.145356,0.000000
120,123,-2947.145357,0.000000
120,124,-2947.145356,0.000000
120,125,-2947.145355,-0.000000
120,126,-2947.145354,0.000000
120,127,-2947.145354,0.000000
120,128,-2947.145377,0.000000
120,129,-2947.145355,-0.000000
120,130,-2947.145369,-0.000004
120,131,-2947.145439,0.000000
120,132,-2947.145355,0.000000
120,133,-2947.145354,0.000000
120,134,-2947.145354,0.000000
120,135,-2947.145362,-0.000003
120,136,-2947.145411,0.000000
120,137,-2947.145358,0.000000
120,138,-2947.145357,0.000000
120,139,-2947.145354,0.000000
120,140,-2947.145355,-0.000000
120,141,-2947.145363,0.000000
120,142,-2947.145355,-0.000000
120,143,-2947.145366,0.000000
120,144,-2947.145378,0.000000
120,145,-2947.145355,0.000000
120,146,-2947.145367,0.000000
120,147,-2947.145473,0.000000
120,148,-2947.145354,0.000000
120,149,-2947.145355,0.000000
120,150,-2947.145357,0.000000
120,151,-2947.145354,0.000000
120,152,-2947.145368,0.000000
120,153,-2947.145354,0.000000
120,154,-2947.145354,-0.000000
120,155,-2947.145355,0.000000
120,156,-2947.145354,0.000000
120,157,-2947.145354,0.000000
120,158,-2947.145358,0.000000
120,159,-2947.145357,0.000000
120,160,-2947.145355,-0.000000
120,161,-2947.145356,0.000000
120,162,-2947.145354,0.000000
120,163,-2947.145356,0.000000
120,164,-2947.145354,0.000000
120,165,-2947.145355,0.000000
120,166,-2947.145360,0.000000
120,167,-2947.145355,0.000000
120,168,-2947.145355,0.000000
120,169,-2947.145354,0.000000
120,170,-2947.145370,0.000000
120,171,-2947.145355,0.000000
120,172,-2947.145356,0.000000
120,173,-2947.145631,0.000000
120,174,-2947.145360,0.000000
120,175,-2947.145392,0.000000
120,176,-2947.145381,0.000000
120,177,-2947.145358,0.000000
120,178,-2947.145430,-0.000001
120,179,-2947.145356,0.000000
120,180,-2947.145410,0.000000
120,181,-2947.145363,-0.000000
120,182,-2947.145355,0.000000
120,183,-2947.145360,0.000000
120,184,-2947.145395,0.000000
120,185,-2947.145422,0.000000
120,186,-2947.145365,0.000000
120,187,-2947.145399,0.000000
120,188,-2947.145382,-0.000000
120,189,-2947.145362,0.000000
120,190,-2947.145361,0.000000
120,191,-2947.145355,0.000000
120,192,-2947.145355,0.000000
120,193,-2947.145355,-0.000000
120,194,-2947.145355,0.000000
120,195,-2947.145360,0.000000
120,196,-2947.145354,0.000000
120,197,-2947.145355,0.000000
120,198,-2947.145355,0.000000
120,199,-2947.145355,0.000000
120,200,-2947.145371,0.000000
120,201,-2947.145354,0.000000
120,202,-2947.145360,-0.000001
120,203,-2947.145355,0.000000
120,204,-2947.145355,0.000000
120,205,-2947.145355,0.000000
120,206,-2947.145355,0.000000
120,207,-2947.145354,0.000000
120,208,-2947.145355,-0.000000
120,209,-2947.145354,0.000000
120,210,-2947.145355,0.000000
120,211,-2947.145357,0.000000
120,212,-2947.145356,0.000000
120,213,-2947.145385,0.000000
120,214,-2947.145357,0.000000
120,215,-2947.145355,0.000000
120,216,-2947.145355,0.000000
120,217,-2947.145425,0.000000
120,218,-2947.145354,0.000000
120,219,-2947.145355,-0.000000
120,220,-2947.145359,0.000000
120,221,-2947.145516,0.000000
120,222,-2947.145411,-0.000000
120,223,-2947.145360,0.000000
120,224,-2947.145358,0.000000
120,225,-2947.145355,0.000000
120,226,-2947.145354,0.000000
120,227,-2947.145357,0.000000
120,228,-2947.145397,0.000000
120,229,-2947.145355,0.000000
120,230,-2947.145355,0.000000
121,122,-2947.145356,0.000000
121,123,-2947.145358,-0.000001
121,124,-2947.145357,-0.000000
121,125,-2947.145355,0.000000
121,126,-2947.145355,0.000000
121,127,-2947.145355,0.000000
121,128,-2947.145381,-0.000003
121,129,-2947.145355,0.000000
121,130,-2947.145366,0.000000
121,131,-2947.145439,0.000000
121,132,-2947.145355,0.000000
121,133,-2947.145355,0.000000
121,134,-2947.145355,0.000000
121,135,-2947.145359,0.000000
121,136,-2947.145416,-0.000005
121,137,-2947.145359,-0.000000
121,138,-2947.145358,0.000000
121,139,-2947.145355,0.000000
121,140,-2947.145355,0.000000
121,141,-2947.145366,-0.000003
121,142,-2947.145355,0.000000
121,143,-2947.145370,-0.000003
121,144,-2947.145378,0.000000
121,145,-2947.145355,0.000000
121,146,-2947.145367,0.000000
121,147,-2947.145477,-0.000003
121,148,-2947.145355,0.000000
121,149,-2947.145355,-0.000000
121,150,-2947.145357,0.000000
121,151,-2947.145355,0.000000
121,152,-2947.145368,-0.000000
121,153,-2947.145355,0.000000
121,154,-2947.145355,0.000000
121,155,-2947.145355,-0.000000
121,156,-2947.145355,0.000000
121,157,-2947.145355,0.000000
121,158,-2947.145358,-0.000000
121,159,-2947.145357,-0.000000
121,160,-2947.145355,0.000000
121,161,-2947.145357,-0.000000
121,162,-2947.145355,0.000000
121,163,-2947.145357,-0.000000
121,164,-2947.145355,0.000000
121,165,-2947.145355,0.000000
121,166,-2947.145360,0.000000
121,167,-2947.145355,0.000000
121,168,-2947.145355,-0.000000
121,169,-2947.145355,0.000000
121,170,-2947.145370,0.000000
121,171,-2947.145356,-0.000000
121,172,-2947.145356,0.000000
121,173,-2947.145631,0.000000
121,174,-2947.145361,-0.000001
121,175,-2947.145392,0.000000
121,176,-2947.145381,0.000000
121,177,-2947.145358,0.000000
121,178,-2947.145428,0.000000
121,179,-2947.145356,-0.000000
121,180,-2947.145410,0.000000
121,181,-2947.145363,0.000000
121,182,-2947.145355,0.000000
121,183,-2947.145360,0.000000
121,184,-2947.145396,-0.000001
121,185,-2947.145422,-0.000000
121,186,-2947.145365,0.000000
121,187,-2947.145399,0.000000
121,188,-2947.145382,0.000000
121,189,-2947.145362,-0.000000
121,190,-2947.145362,0.000000
121,191,-2947.145355,0.000000
121,192,-2947.145355,0.000000
121,193,-2947.145356,0.000000
121,194,-2947.145355,-0.000000
121,195,-2947.145361,0.000000
121,196,-2947.145355,0.000000
121,197,-2947.145355,-0.000000
121,198,-2947.145355,0.000000
121,199,-2947.145355,-0.000000
121,200,-2947.145371,0.000000
121,201,-2947.145355,0.000000
121,202,-2947.145359,0.000000
121,203,-2947.145355,-0.000000
121,204,-2947.145355,-0.000000
121,205,-2947.145356,-0.000000
121,206,-2947.145355,0.000000
121,207,-2947.145355,0.000000
121,208,-2947.145355,0.000000
121,209,-2947.145355,0.000000
121,210,-2947.145356,0.000000
121,211,-2947.145357,-0.000000
121,212,-2947.145356,0.000000
121,213,-2947.145386,-0.000000
121,214,-2947.145357,0.000000
121,215,-2947.145355,0.000000
121,216,-2947.145356,0.000000
121,217,-2947.145425,0.000000
121,218,-2947.145355,-0.000000
121,219,-2947.145355,0.000000
121,220,-2947.145360,-0.000001
121,221,-2947.145517,0.000000
121,222,-2947.145411,0.000000
121,223,-2947.145360,0.000000
121,224,-2947.145358,-0.000000
121,225,-2947.145355,0.000000
121,226,-2947.145355,0.000000
121,227,-2947.145357,-0.000000
121,228,-2947.145398,0.000000
121,229,-2947.145355,-0.000000
121,230,-2947.145355,0.000000
122,123,-2947.145358,0.000000
122,124,-2947.145358,0.000000
122,125,-2947.145356,0.000000
122,126,-2947.145356,0.000000
122,127,-2947.145356,0.000000
122,128,-2947.145379,0.000000
122,129,-2947.145357,-0.000001
122,130,-2947.145367,0.000000
122,131,-2947.145452,-0.000012
122,132,-2947.145356,0.000000
122,133,-2947.145356,0.000000
122,134,-2947.145356,0.000000
122,135,-2947.145360,0.000000
122,136,-2947.145412,0.000000
122,137,-2947.145360,0.000000
122,138,-2947.145360,-0.000001
122,139,-2947.145356,0.000000
122,140,-2947.145357,0.000000
122,141,-2947.145365,0.000000
122,142,-2947.145356,0.000000
122,143,-2947.145368,0.000000
122,144,-2947.145380,-0.000000
122,145,-2947.145356,0.000000
122,146,-2947.145369,0.000000
122,147,-2947.145475,0.000000
122,148,-2947.145356,0.000000
122,149,-2947.145356,0.000000
122,150,-2947.145359,-0.000000
122,151,-2947.145356,0.000000
122,152,-2947.145369,0.000000
122,153,-2947.145356,0.000000
122,154,-2947.145356,0.000000
122,155,-2947.145356,0.000000
122,156,-2947.145356,0.000000
122,157,-2947.145356,0.000000
122,158,-2947.145359,0.000000
122,159,-2947.145358,0.000000
122,160,-2947.145356,0.000000
122,161,-2947.145357,0.000000
122,162,-2947.145356,0.000000
122,163,-2947.145358,0.000000
122,164,-2947.145356,0.000000
122,165,-2947.145357,0.000000
122,166,-2947.145362,-0.000000
122,167,-2947.145356,0.000000
122,168,-2947.145356,0.000000
122,169,-2947.145356,0.000000
122,170,-2947.145372,0.000000
122,171,-2947.145357,0.000000
122,172,-2947.145357,0.000000
122,173,-2947.145634,-0.000001
122,174,-2947.145362,0.000000
122,175,-2947.145394,0.000000
122,176,-2947.145382,0.000000
122,177,-2947.145359,0.000000
122,178,-2947.145429,0.000000
122,179,-2947.145357,0.000000
122,180,-2947.145412,-0.000000
122,181,-2947.145365,-0.000000
122,182,-2947.145357,0.000000
122,183,-2947.145361,0.000000
122,184,-2947.145396,0.000000
122,185,-2947.145423,0.000000
122,186,-2947.145366,0.000000
122,187,-2947.145401,-0.000000
122,188,-2947.145384,0.000000
122,189,-2947.145363,0.000000
122,190,-2947.145363,-0.000000
122,191,-2947.145356,0.000000
122,192,-2947.145356,0.000000
122,193,-2947.145357,0.000000
122,194,-2947.145356,0.000000
122,195,-2947.145362,-0.000000
122,196,-2947.145356,0.000000
122,197,-2947.145357,0.000000
122,198,-2947.145356,0.000000
122,199,-2947.145356,0.000000
122,200,-2947.145373,-0.000000
122,201,-2947.145356,0.000000
122,202,-2947.145361,0.000000
122,203,-2947.145356,0.000000
122,204,-2947.145356,0.000000
122,205,-2947.145357,0.000000
122,206,-2947.145356,0.000000
122,207,-2947.145356,0.000000
122,208,-2947.145357,0.000000
122,209,-2947.145356,0.000000
122,210,-2947.145357,-0.000000
122,211,-2947.145358,0.000000
122,212,-2947.145358,0.000000
122,213,-2947.145387,0.000000
122,214,-2947.145359,0.000000
122,215,-2947.145356,0.000000
122,216,-2947.145357,0.000000
122,217,-2947.145427,-0.000001
122,218,-2947.145356,0.000000
122,219,-2947.145357,0.000000
122,220,-2947.145361,0.000000
122,221,-2947.145518,0.000000
122,222,-2947.145412,0.000000
122,223,-2947.145361,0.000000
122,224,-2947.145359,0.000000
122,225,-2947.145357,0.000000
122,226,-2947.145356,0.000000
122,227,-2947.145358,0.000000
122,228,-2947.145399,-0.000000
122,229,-2947.145356,0.000000
122,230,-2947.145356,0.000000
123,124,-2947.145363,-0.000004
123,125,-2947.145357,0.000000
123,126,-2947.145357,0.000000
123,127,-2947.145357,0.000000
123,128,-2947.145390,-0.000010
123,129,-2947.145357,0.000000
123,130,-2947.145368,0.000000
123,131,-2947.145441,0.000000
123,132,-2947.145357,-0.000000
123,133,-2947.145357,0.000000
123,134,-2947.145357,0.000000
123,135,-2947.145361,0.000000
123,136,-2947.145426,-0.000013
123,137,-2947.145362,-0.000002
123,138,-2947.145360,0.000000
123,139,-2947.145357,0.000000
123,140,-2947.145357,0.000000
123,141,-2947.145371,-0.000005
123,142,-2947.145357,0.000000
123,143,-2947.145375,-0.000007
123,144,-2947.145380,0.000000
123,145,-2947.145357,0.000000
123,146,-2947.145369,0.000000
123,147,-2947.145497,-0.000021
123,148,-2947.145357,0.000000
123,149,-2947.145358,-0.000001
123,150,-2947.145359,0.000000
123,151,-2947.145357,0.000000
123,152,-2947.145370,-0.000000
123,153,-2947.145357,0.000000
123,154,-2947.145357,0.000000
123,155,-2947.145357,-0.000000
123,156,-2947.145357,0.000000
123,157,-2947.145357,0.000000
123,158,-2947.145361,-0.000001
123,159,-2947.145360,-0.000000
123,160,-2947.145357,0.000000
123,161,-2947.145358,-0.000000
123,162,-2947.145357,0.000000
123,163,-2947.145359,-0.000001
123,164,-2947.145357,0.000000
123,165,-2947.145357,0.000000
123,166,-2947.145362,0.000000
123,167,-2947.145357,0.000000
123,168,-2947.145357,-0.000000
123,169,-2947.145357,0.000000
123,170,-2947.145374,-0.000001
123,171,-2947.145358,-0.000001
123,172,-2947.145358,0.000000
123,173,-2947.145633,0.000000
123,174,-2947.145363,-0.000000
123,175,-2947.145394,0.000000
123,176,-2947.145383,-0.000000
123,177,-2947.145360,0.000000
123,178,-2947.145430,0.000000
123,179,-2947.145359,-0.000001
123,180,-2947.145412,0.000000
123,181,-2947.145365,0.000000
123,182,-2947.145357,0.000000
123,183,-2947.145362,0.000000
123,184,-2947.145402,-0.000006
123,185,-2947.145426,-0.000002
123,186,-2947.145367,0.000000
123,187,-2947.145401,0.000000
123,188,-2947.145384,0.000000
123,189,-2947.145365,-0.000000
123,190,-2947.145364,0.000000
123,191,-2947.145357,0.000000
123,192,-2947.145357,0.000000
123,193,-2947.145358,0.000000
123,194,-2947.145357,-0.000000
123,195,-2947.145363,0.000000
123,196,-2947.145357,0.000000
123,197,-2947.145358,-0.000001
123,198,-2947.145357,0.000000
123,199,-2947.145357,-0.000000
123,200,-2947.145373,0.000000
123,201,-2947.145357,0.000000
123,202,-2947.145361,0.000000
123,203,-2947.145357,-0.000000
123,204,-2947.145357,-0.000000
123,205,-2947.145358,0.000000
123,206,-2947.145357,0.000000
123,207,-2947.145357,0.000000
123,208,-2947.145357,0.000000
123,209,-2947.145357,0.000000
123,210,-2947.145358,0.000000
123,211,-2947.145359,-0.000000
123,212,-2947.145358,0.000000
123,213,-2947.145388,0.000000
123,214,-2947.145359,0.000000
123,215,-2947.145357,0.000000
123,216,-2947.145358,0.000000
123,217,-2947.145427,0.000000
123,218,-2947.145357,-0.000000
123,219,-2947.145357,0.000000
123,220,-2947.145361,-0.000000
123,221,-2947.145519,0.000000
123,222,-2947.145413,0.000000
123,223,-2947.145362,0.000000
123,224,-2947.145360,-0.000000
123,225,-2947.145357,0.000000
123,226,-2947.145357,0.000000
123,227,-2947.145360,-0.000001
123,228,-2947.145400,0.000000
123,229,-2947.145357,0.000000
123,230,-2947.145357,0.000000
124,125,-2947.145356,0.000000
124,126,-2947.145356,0.000000
124,127,-2947.145356,0.000000
124,128,-2947.145388,-0.000009
124,129,-2947.145357,0.000000
124,130,-2947.145367,0.000000
124,131,-2947.145441,0.000000
124,132,-2947.145357,-0.000001
124,133,-2947.145356,0.000000
124,134,-2947.145356,0.000000
124,135,-2947.145360,0.000000
124,136,-2947.145426,-0.000014
124,137,-2947.145364,-0.000004
124,138,-2947.145359,0.000000
124,139,-2947.145356,0.000000
124,140,-2947.145357,0.000000
124,141,-2947.145370,-0.000005
124,142,-2947.145356,0.000000
124,143,-2947.145374,-0.000005
124,144,-2947.145380,0.000000
124,145,-2947.145357,0.000000
124,146,-2947.145369,0.000000
124,147,-2947.145500,-0.000025
124,148,-2947.145356,0.000000
124,149,-2947.145358,-0.000001
124,150,-2947.145359,0.000000
124,151,-2947.145356,0.000000
124,152,-2947.145370,-0.000000
124,153,-2947.145356,0.000000
124,154,-2947.145356,0.000000
124,155,-2947.145357,-0.000000
124,156,-2947.145356,0.000000
124,157,-2947.145356,0.000000
124,158,-2947.145361,-0.000002
124,159,-2947.145359,-0.000001
124,160,-2947.145356,0.000000
124,161,-2947.145358,-0.000000
124,162,-2947.145356,0.000000
124,163,-2947.145359,-0.000001
124,164,-2947.145356,0.000000
124,165,-2947.145357,0.000000
124,166,-2947.145362,0.000000
124,167,-2947.145356,0.000000
124,168,-2947.145356,-0.000000
124,169,-2947.145356,0.000000
124,170,-2947.145373,-0.000001
124,171,-2947.145358,-0.000000
124,172,-2947.145358,0.000000
124,173,-2947.145633,0.000000
124,174,-2947.145363,-0.000000
124,175,-2947.145394,0.000000
124,176,-2947.145382,0.000000
124,177,-2947.145360,0.000000
124,178,-2947.145430,0.000000
124,179,-2947.145359,-0.000001
124,180,-2947.145412,0.000000
124,181,-2947.145365,0.000000
124,182,-2947.145357,0.000000
124,183,-2947.145362,0.000000
124,184,-2947.145404,-0.000008
124,185,-2947.145428,-0.000004
124,186,-2947.145367,0.000000
124,187,-2947.145401,0.000000
124,188,-2947.145384,0.000000
124,189,-2947.145365,-0.000002
124,190,-2947.145363,0.000000
124,191,-2947.145356,0.000000
124,192,-2947.145357,0.000000
124,193,-2947.145357,0.000000
124,194,-2947.145357,-0.000000
124,195,-2947.145362,0.000000
124,196,-2947.145356,0.000000
124,197,-2947.145357,-0.000000
124,198,-2947.145356,0.000000
124,199,-2947.145357,-0.000000
124,200,-2947.145373,0.000000
124,201,-2947.145356,0.000000
124,202,-2947.145361,0.000000
124,203,-2947.145357,-0.000000
124,204,-2947.145358,-0.000001
124,205,-2947.145357,-0.000000
124,206,-2947.145356,0.000000
124,207,-2947.145356,0.000000
124,208,-2947.145357,0.000000
124,209,-2947.145356,0.000000
124,210,-2947.145357,0.000000
124,211,-2947.145359,-0.000000
124,212,-2947.145358,0.000000
124,213,-2947.145388,-0.000001
124,214,-2947.145359,0.000000
124,215,-2947.145356,0.000000
124,216,-2947.145357,0.000000
124,217,-2947.145427,0.000000
124,218,-2947.145356,0.000000
124,219,-2947.145357,0.000000
124,220,-2947.145361,-0.000000
124,221,-2947.145518,0.000000
124,222,-2947.145413,0.000000
124,223,-2947.145362,0.000000
124,224,-2947.145360,-0.000001
124,225,-2947.145357,0.000000
124,226,-2947.145356,0.000000
124,227,-2947.145360,-0.000001
124,228,-2947.145399,0.000000
124,229,-2947.145356,-0.000000
124,230,-2947.145356,0.000000
125,126,-2947.145354,0.000000
125,127,-2947.145354,0.000000
125,128,-2947.145377,0.000000
125,129,-2947.145355,0.000000
125,130,-2947.145369,-0.000004
125,131,-2947.145439,0.000000
125,132,-2947.145354,0.000000
125,133,-2947.145354,0.000000
125,134,-2947.145354,0.000000
125,135,-2947.145360,-0.000001
125,136,-2947.145410,0.000000
125,137,-2947.145358,0.000000
125,138,-2947.145357,0.000000
125,139,-2947.145354,0.000000
125,140,-2947.145355,-0.000000
125,141,-2947.145363,0.000000
125,142,-2947.145354,-0.000000
125,143,-2947.145366,0.000000
125,144,-2947.145378,0.000000
125,145,-2947.145355,0.000000
125,146,-2947.145367,0.000000
125,147,-2947.145473,0.000000
125,148,-2947.145354,0.000000
125,149,-2947.145355,0.000000
125,150,-2947.145357,0.000000
125,151,-2947.145354,0.000000
125,152,-2947.145368,0.000000
125,153,-2947.145354,0.000000
125,154,-2947.145354,-0.000000
125,155,-2947.145354,0.000000
125,156,-2947.145354,0.000000
125,157,-2947.145354,0.000000
125,158,-2947.145357,0.000000
125,159,-2947.145357,0.000000
125,160,-2947.145354,-0.000000
125,161,-2947.145356,0.000000
125,162,-2947.145354,0.000000
125,163,-2947.145356,0.000000
125,164,-2947.145354,0.000000
125,165,-2947.145355,0.000000
125,166,-2947.145360,0.000000
125,167,-2947.145354,0.000000
125,168,-2947.145355,0.000000
125,169,-2947.145354,0.000000
125,170,-2947.145370,0.000000
125,171,-2947.145355,0.000000
125,172,-2947.145356,0.000000
125,173,-2947.145631,0.000000
125,174,-2947.145360,0.000000
125,175,-2947.145392,0.000000
125,176,-2947.145381,0.000000
125,177,-2947.145358,0.000000
125,178,-2947.145428,0.000000
125,179,-2947.145356,0.000000
125,180,-2947.145410,0.000000
125,181,-2947.145363,0.000000
125,182,-2947.145355,0.000000
125,183,-2947.145360,-0.000000
125,184,-2947.145394,0.000000
125,185,-2947.145422,0.000000
125,186,-2947.145365,0.000000
125,187,-2947.145399,0.000000
125,188,-2947.145382,-0.000000
125,189,-2947.145362,0.000000
125,190,-2947.145361,0.000000
125,191,-2947.145355,0.000000
125,192,-2947.145355,0.000000
125,193,-2947.145355,-0.000000
125,194,-2947.145355,0.000000
125,195,-2947.145360,0.000000
125,196,-2947.145354,0.000000
125,197,-2947.145355,0.000000
125,198,-2947.145355,0.000000
125,199,-2947.145354,0.000000
125,200,-2947.145371,0.000000
125,201,-2947.145354,0.000000
125,202,-2947.145359,-0.000000
125,203,-2947.145355,0.000000
125,204,-2947.145355,0.000000
125,205,-2947.145355,0.000000
125,206,-2947.145355,0.000000
125,207,-2947.145354,0.000000
125,208,-2947.145355,-0.000000
125,209,-2947.145354,0.000000
125,210,-2947.145355,0.000000
125,211,-2947.145357,0.000000
125,212,-2947.145356,0.000000
125,213,-2947.145385,0.000000
125,214,-2947.145357,0.000000
125,215,-2947.145354,0.000000
125,216,-2947.145355,-0.000000
125,217,-2947.145425,0.000000
125,218,-2947.145354,0.000000
125,219,-2947.145355,-0.000000
125,220,-2947.145359,0.000000
125,221,-2947.145516,0.000000
125,222,-2947.145411,-0.000000
125,223,-2947.145360,0.000000
125,224,-2947.145358,0.000000
125,225,-2947.145355,0.000000
125,226,-2947.145354,0.000000
125,227,-2947.145357,0.000000
125,228,-2947.145397,0.000000
125,229,-2947.145354,0.000000
125,230,-2947.145355,0.000000
126,127,-2947.145354,-0.000000
126,128,-2947.145377,0.000000
126,129,-2947.145355,0.000000
126,130,-2947.145365,0.000000
126,131,-2947.145439,0.000000
126,132,-2947.145354,0.000000
126,133,-2947.145354,-0.000000
126,134,-2947.145354,-0.000000
126,135,-2947.145358,0.000000
126,136,-2947.145410,0.000000
126,137,-2947.145358,0.000000
126,138,-2947.145357,0.000000
126,139,-2947.145354,-0.000000
126,140,-2947.145355,0.000000
126,141,-2947.145363,0.000000
126,142,-2947.145354,0.000000
126,143,-2947.145366,0.000000
126,144,-2947.145378,0.000000
126,145,-2947.145354,-0.000000
126,146,-2947.145367,0.000000
126,147,-2947.145473,0.000000
126,148,-2947.145354,-0.000000
126,149,-2947.145354,0.000000
126,150,-2947.145357,0.000000
126,151,-2947.145354,-0.000000
126,152,-2947.145368,0.000000
126,153,-2947.145354,-0.000000
126,154,-2947.145354,0.000000
126,155,-2947.145354,0.000000
126,156,-2947.145354,-0.000000
126,157,-2947.145354,-0.000000
126,158,-2947.145357,0.000000
126,159,-2947.145357,0.000000
126,160,-2947.145354,0.000000
126,161,-2947.145356,0.000000
126,162,-2947.145354,-0.000000
126,163,-2947.145356,0.000000
126,164,-2947.145354,-0.000000
126,165,-2947.145355,0.000000
126,166,-2947.145360,0.000000
126,167,-2947.145354,-0.000000
126,168,-2947.145354,0.000000
126,169,-2947.145354,-0.000000
126,170,-2947.145370,0.000000
126,171,-2947.145355,0.000000
126,172,-2947.145356,-0.000000
126,173,-2947.145631,0.000000
126,174,-2947.145360,0.000000
126,175,-2947.145392,-0.000000
126,176,-2947.145380,0.000000
126,177,-2947.145358,-0.000000
126,178,-2947.145428,0.000000
126,179,-2947.145355,0.000000
126,180,-2947.145410,0.000000
126,181,-2947.145363,0.000000
126,182,-2947.145355,-0.000000
126,183,-2947.145360,0.000000
126,184,-2947.145394,0.000000
126,185,-2947.145422,0.000000
126,186,-2947.145364,-0.000000
126,187,-2947.145399,0.000000
126,188,-2947.145382,0.000000
126,189,-2947.145362,0.000000
126,190,-2947.145361,0.000000
126,191,-2947.145354,-0.000000
126,192,-2947.145355,-0.000000
126,193,-2947.145355,0.000000
126,194,-2947.145354,0.000000
126,195,-2947.145360,0.000000
126,196,-2947.145354,-0.000000
126,197,-2947.145355,0.000000
126,198,-2947.145355,-0.000000
126,199,-2947.145354,0.000000
126,200,-2947.145371,0.000000
126,201,-2947.145354,0.000000
126,202,-2947.145359,0.000000
126,203,-2947.145355,0.000000
126,204,-2947.145354,0.000000
126,205,-2947.145355,0.000000
126,206,-2947.145354,-0.000000
126,207,-2947.145354,-0.000000
126,208,-2947.145355,0.000000
126,209,-2947.145354,-0.000000
126,210,-2947.145355,0.000000
126,211,-2947.145356,0.000000
126,212,-2947.145356,-0.000000
126,213,-2947.145385,0.000000
126,214,-2947.145357,0.000000
126,215,-2947.145354,-0.000000
126,216,-2947.145355,0.000000
126,217,-2947.145425,0.000000
126,218,-2947.145354,0.000000
126,219,-2947.145355,0.000000
126,220,-2947.145359,0.000000
126,221,-2947.145516,0.000000
126,222,-2947.145411,0.000000
126,223,-2947.145360,-0.000000
126,224,-2947.145358,0.000000
126,225,-2947.145355,-0.000000
126,226,-2947.145354,-0.000000
126,227,-2947.145356,0.000000
126,228,-2947.145397,0.000000
126,229,-2947.145354,0.000000
126,230,-2947.145354,-0.000000
127,128,-2947.145377,0.000000
127,129,-2947.145354,0.000000
127,130,-2947.145365,0.000000
127,131,-2947.145438,0.000000
127,132,-2947.145354,0.000000
127,133,-2947.145354,-0.000000
127,134,-2947.145354,-0.000000
127,135,-2947.145358,0.000000
127,136,-2947.145410,0.000000
127,137,-2947.145358,0.000000
127,138,-2947.145357,0.000000
127,139,-2947.145354,-0.000000
127,140,-2947.145355,0.000000
127,141,-2947.145363,0.000000
127,142,-2947.145354,0.000000
127,143,-2947.145366,0.000000
127,144,-2947.145378,0.000000
127,145,-2947.145354,-0.000000
127,146,-2947.145367,0.000000
127,147,-2947.145473,0.000000
127,148,-2947.145354,-0.000000
127,149,-2947.145354,0.000000
127,150,-2947.145357,0.000000
127,151,-2947.145354,-0.000000
127,152,-2947.145368,0.000000
127,153,-2947.145354,-0.000000
127,154,-2947.145354,0.000000
127,155,-2947.145354,0.000000
127,156,-2947.145354,-0.000000
127,157,-2947.145354,-0.000000
127,158,-2947.145357,0.000000
127,159,-2947.145357,0.000000
127,160,-2947.145354,0.000000
127,161,-2947.145356,0.000000
127,162,-2947.145354,-0.000000
127,163,-2947.145356,0.000000
127,164,-2947.145354,0.000000
127,165,-2947.145355,-0.000000
127,166,-2947.145360,0.000000
127,167,-2947.145354,-0.000000
127,168,-2947.145354,0.000000
127,169,-2947.145354,-0.000000
127,170,-2947.145370,0.000000
127,171,-2947.145355,0.000000
127,172,-2947.145356,-0.000000
127,173,-2947.145631,0.000000
127,174,-2947.145360,0.000000
127,175,-2947.145392,-0.000000
127,176,-2947.145380,0.000000
127,177,-2947.145358,-0.000000
127,178,-2947.145428,0.000000
127,179,-2947.145355,0.000000
127,180,-2947.145410,0.000000
127,181,-2947.145363,0.000000
127,182,-2947.145355,-0.000000
127,183,-2947.145360,0.000000
127,184,-2947.145394,0.000000
127,185,-2947.145422,0.000000
127,186,-2947.145364,-0.000000
127,187,-2947.145399,0.000000
127,188,-2947.145382,0.000000
127,189,-2947.145362,0.000000
127,190,-2947.145361,0.000000
127,191,-2947.145354,-0.000000
127,192,-2947.145354,-0.000000
127,193,-2947.145355,0.000000
127,194,-2947.145354,0.000000
127,195,-2947.145360,0.000000
127,196,-2947.145354,-0.000000
127,197,-2947.145355,0.000000
127,198,-2947.145354,-0.000000
127,199,-2947.145354,0.000000
127,200,-2947.145371,0.000000
127,201,-2947.145354,-0.000000
127,202,-2947.145359,0.000000
127,203,-2947.145355,0.000000
127,204,-2947.145354,0.000000
127,205,-2947.145355,0.000000
127,206,-2947.145354,-0.000000
127,207,-2947.145354,-0.000000
127,208,-2947.145355,0.000000
127,209,-2947.145354,-0.000000
127,210,-2947.145355,0.000000
127,211,-2947.145356,0.000000
127,212,-2947.145356,-0.000000
127,213,-2947.145385,0.000000
127,214,-2947.145357,0.000000
127,215,-2947.145354,-0.000000
127,216,-2947.145355,0.000000
127,217,-2947.145425,0.000000
127,218,-2947.145354,0.000000
127,219,-2947.145355,0.000000
127,220,-2947.145359,0.000000
127,221,-2947.145516,0.000000
127,222,-2947.145410,0.000000
127,223,-2947.145360,-0.000000
127,224,-2947.145358,0.000000
127,225,-2947.145355,-0.000000
127,226,-2947.145354,-0.000000
127,227,-2947.145356,0.000000
127,228,-2947.145397,0.000000
127,229,-2947.145354,0.000000
127,230,-2947.145354,-0.000000
128,129,-2947.145378,0.000000
128,130,-2947.145388,0.000000
128,131,-2947.145461,0.000000
128,132,-2947.145378,-0.000000
128,133,-2947.145377,0.000000
128,134,-2947.145377,0.000000
128,135,-2947.145381,0.000000
128,136,-2947.145517,-0.000084
128,137,-2947.145390,-0.000009
128,138,-2947.145380,0.000000
128,139,-2947.145377,0.000000
128,140,-2947.145378,0.000000
128,141,-2947.145414,-0.000027
128,142,-2947.145377,0.000000
128,143,-2947.145418,-0.000029
128,144,-2947.145401,0.000000
128,145,-2947.145377,0.000000
128,146,-2947.145390,0.000000
128,147,-2947.145593,-0.000097
128,148,-2947.145377,0.000000
128,149,-2947.145380,-0.000002
128,150,-2947.145380,0.000000
128,151,-2947.145377,0.000000
128,152,-2947.145391,-0.000000
128,153,-2947.145377,0.000000
128,154,-2947.145377,0.000000
128,155,-2947.145379,-0.000001
128,156,-2947.145377,0.000000
128,157,-2947.145377,0.000000
128,158,-2947.145383,-0.000003
128,159,-2947.145380,0.000000
128,160,-2947.145377,0.000000
128,161,-2947.145379,-0.000001
128,162,-2947.145377,0.000000
128,163,-2947.145381,-0.000002
128,164,-2947.145377,0.000000
128,165,-2947.145378,0.000000
128,166,-2947.145383,0.000000
128,167,-2947.145377,0.000000
128,168,-2947.145378,-0.000000
128,169,-2947.145377,0.000000
128,170,-2947.145397,-0.000004
128,171,-2947.145379,-0.000001
128,172,-2947.145379,0.000000
128,173,-2947.145653,0.000001
128,174,-2947.145384,-0.000001
128,175,-2947.145415,0.000000
128,176,-2947.145403,0.000000
128,177,-2947.145381,0.000000
128,178,-2947.145451,0.000000
128,179,-2947.145380,-0.000002
128,180,-2947.145433,0.000000
128,181,-2947.145386,0.000000
128,182,-2947.145378,0.000000
128,183,-2947.145383,0.000000
128,184,-2947.145436,-0.000019
128,185,-2947.145455,-0.000010
128,186,-2947.145387,0.000000
128,187,-2947.145422,0.000000
128,188,-2947.145405,0.000000
128,189,-2947.145388,-0.000003
128,190,-2947.145384,0.000000
128,191,-2947.145377,0.000000
128,192,-2947.145378,0.000000
128,193,-2947.145378,0.000000
128,194,-2947.145378,-0.000001
128,195,-2947.145383,0.000000
128,196,-2947.145377,0.000000
128,197,-2947.145379,-0.000001
128,198,-2947.145377,0.000000
128,199,-2947.145378,-0.000001
128,200,-2947.145394,0.000000
128,201,-2947.145377,0.000000
128,202,-2947.145382,0.000000
128,203,-2947.145378,-0.000001
128,204,-2947.145380,-0.000002
128,205,-2947.145378,-0.000000
128,206,-2947.145377,0.000000
128,207,-2947.145377,0.000000
128,208,-2947.145378,0.000000
128,209,-2947.145377,0.000000
128,210,-2947.145378,0.000000
128,211,-2947.145380,-0.000001
128,212,-2947.145379,0.000000
128,213,-2947.145410,-0.000001
128,214,-2947.145380,0.000000
128,215,-2947.145377,0.000000
128,216,-2947.145378,0.000000
128,217,-2947.145448,0.000000
128,218,-2947.145377,0.000000
128,219,-2947.145378,0.000000
128,220,-2947.145382,-0.000000
128,221,-2947.145539,0.000000
128,222,-2947.145433,0.000000
128,223,-2947.145383,0.000000
128,224,-2947.145381,-0.000001
128,225,-2947.145378,0.000000
128,226,-2947.145377,0.000000
128,227,-2947.145382,-0.000003
128,228,-2947.145420,0.000000
128,229,-2947.145377,0.000000
128,230,-2947.145377,0.000000
129,130,-2947.145366,0.000000
129,131,-2947.145445,-0.000006
129,132,-2947.145355,0.000000
129,133,-2947.145355,0.000000
129,134,-2947.145354,0.000000
129,135,-2947.145359,0.000000
129,136,-2947.145411,-0.000000
129,137,-2947.145359,0.000000
129,138,-2947.145358,-0.000000
129,139,-2947.145355,0.000000
129,140,-2947.145355,0.000000
129,141,-2947.145364,0.000000
129,142,-2947.145355,0.000000
129,143,-2947.145367,0.000000
129,144,-2947.145379,-0.000000
129,145,-2947.145355,0.000000
129,146,-2947.145367,-0.000000
129,147,-2947.145474,0.000000
129,148,-2947.145354,0.000000
129,149,-2947.145355,0.000000
129,150,-2947.145358,-0.000000
129,151,-2947.145354,0.000000
129,152,-2947.145368,0.000000
129,153,-2947.145355,0.000000
129,154,-2947.145355,0.000000
129,155,-2947.145355,0.000000
129,156,-2947.145354,0.000000
129,157,-2947.145354,0.000000
129,158,-2947.145358,0.000000
129,159,-2947.145357,0.000000
129,160,-2947.145355,0.000000
129,161,-2947.145356,0.000000
129,162,-2947.145355,0.000000
129,163,-2947.145356,0.000000
129,164,-2947.145355,0.000000
129,165,-2947.145355,0.000000
129,166,-2947.145360,-0.000000
129,167,-2947.145355,0.000000
129,168,-2947.145355,0.000000
129,169,-2947.145355,0.000000
129,170,-2947.145370,0.000000
129,171,-2947.145356,0.000000
129,172,-2947.145356,0.000000
129,173,-2947.145632,-0.000001
129,174,-2947.145361,0.000000
129,175,-2947.145392,0.000000
129,176,-2947.145381,0.000000
129,177,-2947.145358,0.000000
129,178,-2947.145428,0.000000
129,179,-2947.145356,0.000000
129,180,-2947.145410,-0.000000
129,181,-2947.145363,-0.000000
129,182,-2947.145355,0.000000
129,183,-2947.145360,-0.000000
129,184,-2947.145395,0.000000
129,185,-2947.145422,0.000000
129,186,-2947.145365,0.000000
129,187,-2947.145399,-0.000000
129,188,-2947.145382,0.000000
129,189,-2947.145362,0.000000
129,190,-2947.145362,0.000000
129,191,-2947.145355,0.000000
129,192,-2947.145355,0.000000
129,193,-2947.145356,0.000000
129,194,-2947.145355,0.000000
129,195,-2947.145361,-0.000000
129,196,-2947.145355,0.000000
129,197,-2947.145355,-0.000000
129,198,-2947.145355,0.000000
129,199,-2947.145355,0.000000
129,200,-2947.145371,-0.000000
129,201,-2947.145354,0.000000
129,202,-2947.145359,0.000000
129,203,-2947.145355,0.000000
129,204,-2947.145355,0.000000
129,205,-2947.145356,0.000000
129,206,-2947.145355,0.000000
129,207,-2947.145355,0.000000
129,208,-2947.145355,-0.000000
129,209,-2947.145354,-0.000000
129,210,-2947.145356,0.000000
129,211,-2947.145357,0.000000
129,212,-2947.145356,0.000000
129,213,-2947.145386,0.000000
129,214,-2947.145357,-0.000000
129,215,-2947.145355,0.000000
129,216,-2947.145356,0.000000
129,217,-2947.145425,-0.000000
129,218,-2947.145355,0.000000
129,219,-2947.145355,0.000000
129,220,-2947.145359,0.000000
129,221,-2947.145517,-0.000000
129,222,-2947.145411,-0.000000
129,223,-2947.145360,0.000000
129,224,-2947.145358,0.000000
129,225,-2947.145355,0.000000
129,226,-2947.145355,0.000000
129,227,-2947.145357,-0.000000
129,228,-2947.145398,-0.000000
129,229,-2947.145355,0.000000
129,230,-2947.145355,0.000000
130,131,-2947.145449,0.000001
130,132,-2947.145365,0.000000
130,133,-2947.145365,0.000000
130,134,-2947.145365,0.000000
130,135,-2947.145381,-0.000011
130,136,-2947.145421,0.000000
130,137,-2947.145369,0.000000
130,138,-2947.145368,0.000000
130,139,-2947.145365,0.000000
130,140,-2947.145368,-0.000002
130,141,-2947.145374,0.000000
130,142,-2947.145366,-0.000001
130,143,-2947.145377,0.000000
130,144,-2947.145389,0.000000
130,145,-2947.145365,0.000000
130,146,-2947.145378,0.000000
130,147,-2947.145484,0.000000
130,148,-2947.145365,0.000000
130,149,-2947.145365,0.000000
130,150,-2947.145368,0.000000
130,151,-2947.145365,0.000000
130,152,-2947.145379,0.000000
130,153,-2947.145365,0.000000
130,154,-2947.145366,-0.000001
130,155,-2947.145365,0.000000
130,156,-2947.145365,0.000000
130,157,-2947.145365,0.000000
130,158,-2947.145368,0.000000
130,159,-2947.145368,0.000000
130,160,-2947.145366,-0.000000
130,161,-2947.145367,0.000000
130,162,-2947.145365,0.000000
130,163,-2947.145367,0.000000
130,164,-2947.145365,0.000000
130,165,-2947.145366,0.000000
130,166,-2947.145371,0.000000
130,167,-2947.145365,0.000000
130,168,-2947.145365,0.000000
130,169,-2947.145365,0.000000
130,170,-2947.145381,0.000000
130,171,-2947.145366,0.000000
130,172,-2947.145367,0.000000
130,173,-2947.145642,0.000000
130,174,-2947.145371,0.000000
130,175,-2947.145403,0.000000
130,176,-2947.145391,0.000000
130,177,-2947.145369,0.000000
130,178,-2947.145439,-0.000000
130,179,-2947.145366,0.000000
130,180,-2947.145421,0.000000
130,181,-2947.145374,0.000000
130,182,-2947.145366,0.000000
130,183,-2947.145371,-0.000000
130,184,-2947.145405,0.000000
130,185,-2947.145433,0.000000
130,186,-2947.145375,0.000000
130,187,-2947.145410,0.000000
130,188,-2947.145395,-0.000002
130,189,-2947.145373,0.000000
130,190,-2947.145372,0.000000
130,191,-2947.145365,0.000000
130,192,-2947.145366,0.000000
130,193,-2947.145367,-0.000001
130,194,-2947.145366,0.000000
130,195,-2947.145371,0.000000
130,196,-2947.145365,0.000000
130,197,-2947.145366,0.000000
130,198,-2947.145365,0.000000
130,199,-2947.145365,0.000000
130,200,-2947.145382,0.000000
130,201,-2947.145365,0.000000
130,202,-2947.145373,-0.000003
130,203,-2947.145366,0.000000
130,204,-2947.145365,0.000000
130,205,-2947.145366,0.000000
130,206,-2947.145365,0.000000
130,207,-2947.145365,0.000000
130,208,-2947.145366,-0.000000
130,209,-2947.145365,0.000000
130,210,-2947.145366,0.000000
130,211,-2947.145367,0.000000
130,212,-2947.145367,0.000000
130,213,-2947.145396,0.000000
130,214,-2947.145368,0.000000
130,215,-2947.145365,0.000000
130,216,-2947.145366,-0.000000
130,217,-2947.145436,0.000000
130,218,-2947.145365,0.000000
130,219,-2947.145367,-0.000001
130,220,-2947.145370,0.000000
130,221,-2947.145527,0.000000
130,222,-2947.145425,-0.000004
130,223,-2947.145371,0.000000
130,224,-2947.145369,0.000000
130,225,-2947.145366,0.000000
130,226,-2947.145365,0.000000
130,227,-2947.145367,0.000000
130,228,-2947.145408,0.000000
130,229,-2947.145365,0.000000
130,230,-2947.145365,0.000000
131,132,-2947.145439,0.000000
131,133,-2947.145439,0.000000
131,134,-2947.145438,0.000000
131,135,-2947.145443,0.000000
131,136,-2947.145494,0.000000
131,137,-2947.145442,0.000000
131,138,-2947.145444,-0.000003
131,139,-2947.145439,0.000000
131,140,-2947.145439,0.000000
131,141,-2947.145447,0.000000
131,142,-2947.145439,0.000000
131,143,-2947.145450,0.000000
131,144,-2947.145463,-0.000000
131,145,-2947.145439,0.000000
131,146,-2947.145452,-0.000000
131,147,-2947.145557,0.000001
131,148,-2947.145438,0.000000
131,149,-2947.145439,0.000000
131,150,-2947.145442,-0.000001
131,151,-2947.145438,0.000000
131,152,-2947.145452,0.000000
131,153,-2947.145439,0.000000
131,154,-2947.145439,0.000000
131,155,-2947.145439,0.000000
131,156,-2947.145438,0.000000
131,157,-2947.145438,0.000000
131,158,-2947.145442,0.000000
131,159,-2947.145441,0.000000
131,160,-2947.145439,0.000000
131,161,-2947.145440,0.000000
131,162,-2947.145439,0.000000
131,163,-2947.145440,0.000000
131,164,-2947.145439,0.000000
131,165,-2947.145439,0.000000
131,166,-2947.145447,-0.000003
131,167,-2947.145439,0.000000
131,168,-2947.145439,0.000000
131,169,-2947.145439,0.000000
131,170,-2947.145454,0.000000
131,171,-2947.145440,0.000000
131,172,-2947.145440,0.000000
131,173,-2947.145715,0.000000
131,174,-2947.145445,0.000000
131,175,-2947.145476,0.000000
131,176,-2947.145465,0.000000
131,177,-2947.145442,0.000000
131,178,-2947.145512,0.000000
131,179,-2947.145440,0.000000
131,180,-2947.145494,-0.000000
131,181,-2947.145447,0.000001
131,182,-2947.145439,0.000000
131,183,-2947.145444,0.000000
131,184,-2947.145479,0.000000
131,185,-2947.145506,0.000000
131,186,-2947.145449,0.000000
131,187,-2947.145484,-0.000000
131,188,-2947.145466,0.000000
131,189,-2947.145446,0.000000
131,190,-2947.145446,-0.000000
131,191,-2947.145439,0.000000
131,192,-2947.145439,0.000000
131,193,-2947.145440,0.000000
131,194,-2947.145439,0.000000
131,195,-2947.145447,-0.000003
131,196,-2947.145439,0.000000
131,197,-2947.145439,0.000000
131,198,-2947.145439,0.000000
131,199,-2947.145439,0.000000
131,200,-2947.145456,-0.000001
131,201,-2947.145438,0.000000
131,202,-2947.145443,0.000000
131,203,-2947.145439,0.000000
131,204,-2947.145439,0.000000
131,205,-2947.145439,0.000000
131,206,-2947.145439,0.000000
131,207,-2947.145439,0.000000
131,208,-2947.145439,0.000000
131,209,-2947.145439,0.000000
131,210,-2947.145440,-0.000000
131,211,-2947.145441,0.000000
131,212,-2947.145440,0.000000
131,213,-2947.145469,0.000000
131,214,-2947.145441,0.000000
131,215,-2947.145439,0.000000
131,216,-2947.145440,0.000000
131,217,-2947.145510,-0.000001
131,218,-2947.145439,0.000000
131,219,-2947.145439,0.000000
131,220,-2947.145443,0.000000
131,221,-2947.145604,-0.000004
131,222,-2947.145495,0.000000
131,223,-2947.145444,0.000000
131,224,-2947.145442,0.000000
131,225,-2947.145439,0.000000
131,226,-2947.145439,0.000000
131,227,-2947.145441,0.000000
131,228,-2947.145501,-0.000019
131,229,-2947.145439,0.000000
131,230,-2947.145439,0.000000
132,133,-2947.145354,0.000000
132,134,-2947.145354,0.000000
132,135,-2947.145359,0.000000
132,136,-2947.145412,-0.000002
132,137,-2947.145360,-0.000001
132,138,-2947.145357,0.000000
132,139,-2947.145354,0.000000
132,140,-2947.145355,0.000000
132,141,-2947.145364,-0.000001
132,142,-2947.145354,0.000000
132,143,-2947.145367,-0.000000
132,144,-2947.145378,0.000000
132,145,-2947.145355,0.000000
132,146,-2947.145367,0.000000
132,147,-2947.145478,-0.000005
132,148,-2947.145354,0.000000
132,149,-2947.145355,-0.000000
132,150,-2947.145357,0.000000
132,151,-2947.145354,0.000000
132,152,-2947.145370,-0.000002
132,153,-2947.145354,0.000000
132,154,-2947.145354,0.000000
132,155,-2947.145355,-0.000000
132,156,-2947.145354,0.000000
132,157,-2947.145354,0.000000
132,158,-2947.145358,-0.000000
132,159,-2947.145357,-0.000000
132,160,-2947.145354,0.000000
132,161,-2947.145356,-0.000000
132,162,-2947.145354,0.000000
132,163,-2947.145357,-0.000001
132,164,-2947.145354,0.000000
132,165,-2947.145355,0.000000
132,166,-2947.145360,0.000000
132,167,-2947.145354,0.000000
132,168,-2947.145355,-0.000000
132,169,-2947.145354,0.000000
132,170,-2947.145370,0.000000
132,171,-2947.145355,-0.000000
132,172,-2947.145356,0.000000
132,173,-2947.145631,0.000000
132,174,-2947.145361,-0.000000
132,175,-2947.145392,0.000000
132,176,-2947.145381,-0.000001
132,177,-2947.145358,0.000000
132,178,-2947.145428,0.000000
132,179,-2947.145356,-0.000000
132,180,-2947.145410,0.000000
132,181,-2947.145363,0.000000
132,182,-2947.145355,0.000000
132,183,-2947.145360,0.000000
132,184,-2947.145398,-0.000003
132,185,-2947.145426,-0.000004
132,186,-2947.145365,0.000000
132,187,-2947.145399,0.000000
132,188,-2947.145382,0.000000
132,189,-2947.145362,-0.000000
132,190,-2947.145361,0.000000
132,191,-2947.145355,0.000000
132,192,-2947.145355,0.000000
132,193,-2947.145355,0.000000
132,194,-2947.145355,-0.000000
132,195,-2947.145360,0.000000
132,196,-2947.145354,0.000000
132,197,-2947.145355,-0.000000
132,198,-2947.145355,0.000000
132,199,-2947.145355,-0.000000
132,200,-2947.145371,0.000000
132,201,-2947.145354,0.000000
132,202,-2947.145359,0.000000
132,203,-2947.145355,-0.000000
132,204,-2947.145355,-0.000000
132,205,-2947.145355,-0.000000
132,206,-2947.145355,0.000000
132,207,-2947.145354,0.000000
132,208,-2947.145355,0.000000
132,209,-2947.145354,0.000000
132,210,-2947.145355,0.000000
132,211,-2947.145357,-0.000000
132,212,-2947.145356,0.000000
132,213,-2947.145386,-0.000001
132,214,-2947.145357,0.000000
132,215,-2947.145355,0.000000
132,216,-2947.145355,0.000000
132,217,-2947.145425,0.000000
132,218,-2947.145354,-0.000000
132,219,-2947.145355,0.000000
132,220,-2947.145359,0.000000
132,221,-2947.145516,0.000000
132,222,-2947.145411,0.000000
132,223,-2947.145360,0.000000
132,224,-2947.145358,-0.000000
132,225,-2947.145355,0.000000
132,226,-2947.145354,0.000000
132,227,-2947.145357,-0.000000
132,228,-2947.145397,0.000000
132,229,-2947.145355,-0.000000
132,230,-2947.145355,0.000000
133,134,-2947.145354,0.000000
133,135,-2947.145358,0.000000
133,136,-2947.145410,0.000000
133,137,-2947.145358,0.000000
133,138,-2947.145357,0.000000
133,139,-2947.145354,-0.000000
133,140,-2947.145355,0.000000
133,141,-2947.145363,0.000000
133,142,-2947.145354,0.000000
133,143,-2947.145366,0.000000
133,144,-2947.145378,0.000000
133,145,-2947.145355,-0.000000
133,146,-2947.145367,0.000000
133,147,-2947.145473,0.000000
133,148,-2947.145354,-0.000000
133,149,-2947.145354,0.000000
133,150,-2947.145357,0.000000
133,151,-2947.145354,-0.000000
133,152,-2947.145368,0.000000
133,153,-2947.145354,-0.000000
133,154,-2947.145354,0.000000
133,155,-2947.145354,0.000000
133,156,-2947.145354,-0.000000
133,157,-2947.145354,0.000000
133,158,-2947.145357,0.000000
133,159,-2947.145357,0.000000
133,160,-2947.145354,0.000000
133,161,-2947.145356,0.000000
133,162,-2947.145354,-0.000000
133,163,-2947.145356,0.000000
133,164,-2947.145354,-0.000000
133,165,-2947.145355,-0.000000
133,166,-2947.145360,0.000000
133,167,-2947.145354,-0.000000
133,168,-2947.145354,0.000000
133,169,-2947.145354,-0.000000
133,170,-2947.145370,0.000000
133,171,-2947.145355,0.000000
133,172,-2947.145356,-0.000000
133,173,-2947.145631,0.000000
133,174,-2947.145360,0.000000
133,175,-2947.145393,-0.000001
133,176,-2947.145380,0.000000
133,177,-2947.145358,-0.000000
133,178,-2947.145428,0.000000
133,179,-2947.145355,0.000000
133,180,-2947.145410,0.000000
133,181,-2947.145363,0.000000
133,182,-2947.145355,-0.000000
133,183,-2947.145360,0.000000
133,184,-2947.145394,0.000000
133,185,-2947.145422,0.000000
133,186,-2947.145365,-0.000001
133,187,-2947.145399,0.000000
133,188,-2947.145382,0.000000
133,189,-2947.145362,0.000000
133,190,-2947.145361,0.000000
133,191,-2947.145354,-0.000000
133,192,-2947.145355,-0.000000
133,193,-2947.145355,0.000000
133,194,-2947.145355,0.000000
133,195,-2947.145360,0.000000
133,196,-2947.145354,-0.000000
133,197,-2947.145355,0.000000
133,198,-2947.145354,-0.000000
133,199,-2947.145354,0.000000
133,200,-2947.145371,0.000000
133,201,-2947.145354,-0.000000
133,202,-2947.145359,0.000000
133,203,-2947.145355,0.000000
133,204,-2947.145354,0.000000
133,205,-2947.145355,0.000000
133,206,-2947.145355,-0.000000
133,207,-2947.145354,-0.000000
133,208,-2947.145355,0.000000
133,209,-2947.145354,-0.000000
133,210,-2947.145355,0.000000
133,211,-2947.145356,0.000000
133,212,-2947.145356,-0.000000
133,213,-2947.145385,0.000000
133,214,-2947.145357,0.000000
133,215,-2947.145354,-0.000000
133,216,-2947.145355,0.000000
133,217,-2947.145425,0.000000
133,218,-2947.145354,0.000000
133,219,-2947.145355,0.000000
133,220,-2947.145359,0.000000
133,221,-2947.145516,0.000000
133,222,-2947.145411,0.000000
133,223,-2947.145360,-0.000000
133,224,-2947.145358,0.000000
133,225,-2947.145355,-0.000000
133,226,-2947.145354,-0.000000
133,227,-2947.145356,0.000000
133,228,-2947.145397,0.000000
133,229,-2947.145354,0.000000
133,230,-2947.145354,-0.000000
134,135,-2947.145358,0.000000
134,136,-2947.145410,0.000000
134,137,-2947.145358,0.000000
134,138,-2947.145357,0.000000
134,139,-2947.145354,-0.000000
134,140,-2947.145355,0.000000
134,141,-2947.145363,0.000000
134,142,-2947.145354,0.000000
134,143,-2947.145366,0.000000
134,144,-2947.145378,0.000000
134,145,-2947.145354,-0.000000
134,146,-2947.145367,0.000000
134,147,-2947.145473,0.000000
134,148,-2947.145354,-0.000000
134,149,-2947.145354,0.000000
134,150,-2947.145357,0.000000
134,151,-2947.145354,-0.000000
134,152,-2947.145368,0.000000
134,153,-2947.145354,-0.000000
134,154,-2947.145354,0.000000
134,155,-2947.145354,0.000000
134,156,-2947.145354,-0.000000
134,157,-2947.145354,-0.000000
134,158,-2947.145357,0.000000
134,159,-2947.145357,0.000000
134,160,-2947.145354,0.000000
134,161,-2947.145356,0.000000
134,162,-2947.145354,-0.000000
134,163,-2947.145356,0.000000
134,164,-2947.145354,-0.000000
134,165,-2947.145355,-0.000000
134,166,-2947.145360,0.000000
134,167,-2947.145354,-0.000000
134,168,-2947.145354,0.000000
134,169,-2947.145354,-0.000000
134,170,-2947.145370,0.000000
134,171,-2947.145355,0.000000
134,172,-2947.145356,-0.000000
134,173,-2947.145631,0.000000
134,174,-2947.145360,0.000000
134,175,-2947.145392,-0.000000
134,176,-2947.145380,0.000000
134,177,-2947.145358,-0.000000
134,178,-2947.145428,0.000000
134,179,-2947.145355,0.000000
134,180,-2947.145410,0.000000
134,181,-2947.145363,0.000000
134,182,-2947.145355,-0.000000
134,183,-2947.145360,0.000000
134,184,-2947.145394,0.000000
134,185,-2947.145422,0.000000
134,186,-2947.145365,-0.000000
134,187,-2947.145399,0.000000
134,188,-2947.145382,0.000000
134,189,-2947.145362,0.000000
134,190,-2947.145361,0.000000
134,191,-2947.145354,-0.000000
134,192,-2947.145355,-0.000000
134,193,-2947.145355,0.000000
134,194,-2947.145354,0.000000
134,195,-2947.145360,0.000000
134,196,-2947.145354,-0.000000
134,197,-2947.145355,0.000000
134,198,-2947.145354,-0.000000
134,199,-2947.145354,0.000000
134,200,-2947.145371,0.000000
134,201,-2947.145354,-0.000000
134,202,-2947.145359,0.000000
134,203,-2947.145355,0.000000
134,204,-2947.145354,0.000000
134,205,-2947.145355,0.000000
134,206,-2947.145354,-0.000000
134,207,-2947.145354,-0.000000
134,208,-2947.145355,0.000000
134,209,-2947.145354,-0.000000
134,210,-2947.145355,0.000000
134,211,-2947.145356,0.000000
134,212,-2947.145356,-0.000000
134,213,-2947.145385,0.000000
134,214,-2947.145357,0.000000
134,215,-2947.145354,-0.000000
134,216,-2947.145355,0.000000
134,217,-2947.145425,0.000000
134,218,-2947.145354,0.000000
134,219,-2947.145355,0.000000
134,220,-2947.145359,0.000000
134,221,-2947.145516,0.000000
134,222,-2947.145410,0.000000
134,223,-2947.145360,-0.000000
134,224,-2947.145358,0.000000
134,225,-2947.145355,-0.000000
134,226,-2947.145354,-0.000000
134,227,-2947.145356,0.000000
134,228,-2947.145397,0.000000
134,229,-2947.145354,0.000000
134,230,-2947.145354,-0.000000
135,136,-2947.145415,0.000000
135,137,-2947.145362,0.000000
135,138,-2947.145361,0.000000
135,139,-2947.145358,0.000000
135,140,-2947.145359,0.000000
135,141,-2947.145367,0.000000
135,142,-2947.145359,-0.000001
135,143,-2947.145370,0.000000
135,144,-2947.145382,0.000000
135,145,-2947.145359,0.000000
135,146,-2947.145371,0.000000
135,147,-2947.145477,0.000000
135,148,-2947.145358,0.000000
135,149,-2947.145359,0.000000
135,150,-2947.145361,0.000000
135,151,-2947.145358,0.000000
135,152,-2947.145372,0.000000
135,153,-2947.145358,0.000000
135,154,-2947.145359,-0.000000
135,155,-2947.145358,0.000000
135,156,-2947.145358,0.000000
135,157,-2947.145358,0.000000
135,158,-2947.145362,0.000000
135,159,-2947.145361,0.000000
135,160,-2947.145359,-0.000001
135,161,-2947.145360,0.000000
135,162,-2947.145358,0.000000
135,163,-2947.145360,0.000000
135,164,-2947.145358,0.000000
135,165,-2947.145359,0.000000
135,166,-2947.145364,0.000000
135,167,-2947.145358,0.000000
135,168,-2947.145359,0.000000
135,169,-2947.145358,0.000000
135,170,-2947.145374,0.000000
135,171,-2947.145359,0.000000
135,172,-2947.145360,0.000000
135,173,-2947.145635,0.000000
135,174,-2947.145364,0.000000
135,175,-2947.145396,0.000000
135,176,-2947.145385,0.000000
135,177,-2947.145362,0.000000
135,178,-2947.145434,-0.000002
135,179,-2947.145360,0.000000
135,180,-2947.145414,0.000000
135,181,-2947.145367,0.000000
135,182,-2947.145359,0.000000
135,183,-2947.145364,0.000000
135,184,-2947.145398,0.000000
135,185,-2947.145426,0.000000
135,186,-2947.145369,0.000000
135,187,-2947.145403,0.000000
135,188,-2947.145386,0.000000
135,189,-2947.145366,0.000000
135,190,-2947.145365,0.000000
135,191,-2947.145359,0.000000
135,192,-2947.145359,0.000000
135,193,-2947.145359,-0.000000
135,194,-2947.145359,0.000000
135,195,-2947.145364,0.000000
135,196,-2947.145358,0.000000
135,197,-2947.145359,0.000000
135,198,-2947.145359,0.000000
135,199,-2947.145358,0.000000
135,200,-2947.145375,0.000000
135,201,-2947.145358,0.000000
135,202,-2947.145365,-0.000002
135,203,-2947.145359,0.000000
135,204,-2947.145359,0.000000
135,205,-2947.145359,0.000000
135,206,-2947.145359,0.000000
135,207,-2947.145358,0.000000
135,208,-2947.145359,-0.000000
135,209,-2947.145358,0.000000
135,210,-2947.145359,0.000000
135,211,-2947.145361,0.000000
135,212,-2947.145360,0.000000
135,213,-2947.145389,0.000000
135,214,-2947.145361,0.000000
135,215,-2947.145359,0.000000
135,216,-2947.145359,-0.000000
135,217,-2947.145429,0.000000
135,218,-2947.145358,0.000000
135,219,-2947.145360,-0.000001
135,220,-2947.145363,0.000000
135,221,-2947.145520,0.000000
135,222,-2947.145416,-0.000001
135,223,-2947.145364,0.000000
135,224,-2947.145362,0.000000
135,225,-2947.145359,0.000000
135,226,-2947.145358,0.000000
135,227,-2947.145361,0.000000
135,228,-2947.145401,0.000000
135,229,-2947.145359,0.000000
135,230,-2947.145359,0.000000
136,137,-2947.145437,-0.000022
136,138,-2947.145413,0.000000
136,139,-2947.145410,0.000000
136,140,-2947.145411,0.000000
136,141,-2947.145468,-0.000049
136,142,-2947.145410,0.000000
136,143,-2947.145474,-0.000052
136,144,-2947.145434,0.000000
136,145,-2947.145411,0.000000
136,146,-2947.145423,0.000000
136,147,-2947.145693,-0.000164
136,148,-2947.145410,0.000000
136,149,-2947.145415,-0.000005
136,150,-2947.145413,0.000000
136,151,-2947.145410,0.000000
136,152,-2947.145424,-0.000000
136,153,-2947.145410,0.000000
136,154,-2947.145410,0.000000
136,155,-2947.145413,-0.000003
136,156,-2947.145410,0.000000
136,157,-2947.145410,0.000000
136,158,-2947.145417,-0.000003
136,159,-2947.145413,-0.000000
136,160,-2947.145410,0.000000
136,161,-2947.145415,-0.000003
136,162,-2947.145410,0.000000
136,163,-2947.145416,-0.000003
136,164,-2947.145410,0.000000
136,165,-2947.145411,0.000000
136,166,-2947.145416,0.000000
136,167,-2947.145410,0.000000
136,168,-2947.145411,-0.000000
136,169,-2947.145410,0.000000
136,170,-2947.145431,-0.000005
136,171,-2947.145413,-0.000002
136,172,-2947.145412,0.000000
136,173,-2947.145686,0.000001
136,174,-2947.145418,-0.000001
136,175,-2947.145448,0.000000
136,176,-2947.145437,-0.000000
136,177,-2947.145414,0.000000
136,178,-2947.145484,0.000000
136,179,-2947.145416,-0.000004
136,180,-2947.145466,0.000000
136,181,-2947.145419,0.000000
136,182,-2947.145411,0.000000
136,183,-2947.145416,0.000000
136,184,-2947.145484,-0.000033
136,185,-2947.145494,-0.000016
136,186,-2947.145421,0.000000
136,187,-2947.145455,0.000000
136,188,-2947.145438,0.000000
136,189,-2947.145427,-0.000009
136,190,-2947.145417,0.000000
136,191,-2947.145411,0.000000
136,192,-2947.145411,0.000000
136,193,-2947.145411,0.000000
136,194,-2947.145413,-0.000002
136,195,-2947.145416,0.000000
136,196,-2947.145410,0.000000
136,197,-2947.145412,-0.000001
136,198,-2947.145411,0.000000
136,199,-2947.145412,-0.000002
136,200,-2947.145427,0.000000
136,201,-2947.145410,0.000000
136,202,-2947.145415,0.000000
136,203,-2947.145411,-0.000001
136,204,-2947.145415,-0.000004
136,205,-2947.145413,-0.000002
136,206,-2947.145411,0.000000
136,207,-2947.145410,0.000000
136,208,-2947.145411,0.000000
136,209,-2947.145410,0.000000
136,210,-2947.145411,-0.000000
136,211,-2947.145414,-0.000001
136,212,-2947.145412,0.000000
136,213,-2947.145447,-0.000005
136,214,-2947.145413,0.000000
136,215,-2947.145411,0.000000
136,216,-2947.145411,0.000000
136,217,-2947.145481,0.000000
136,218,-2947.145410,0.000000
136,219,-2947.145411,0.000000
136,220,-2947.145415,-0.000000
136,221,-2947.145572,0.000000
136,222,-2947.145467,0.000000
136,223,-2947.145416,0.000000
136,224,-2947.145415,-0.000002
136,225,-2947.145411,0.000000
136,226,-2947.145410,0.000000
136,227,-2947.145417,-0.000004
136,228,-2947.145453,0.000000
136,229,-2947.145411,-0.000000
136,230,-2947.145411,0.000000
137,138,-2947.145361,0.000000
137,139,-2947.145358,0.000000
137,140,-2947.145359,0.000000
137,141,-2947.145373,-0.000006
137,142,-2947.145358,0.000000
137,143,-2947.145376,-0.000006
137,144,-2947.145382,0.000000
137,145,-2947.145358,0.000000
137,146,-2947.145371,0.000000
137,147,-2947.145505,-0.000028
137,148,-2947.145358,0.000000
137,149,-2947.145360,-0.000002
137,150,-2947.145361,0.000000
137,151,-2947.145358,0.000000
137,152,-2947.145373,-0.000001
137,153,-2947.145358,0.000000
137,154,-2947.145358,0.000000
137,155,-2947.145359,-0.000001
137,156,-2947.145358,0.000000
137,157,-2947.145358,0.000000
137,158,-2947.145363,-0.000002
137,159,-2947.145362,-0.000001
137,160,-2947.145358,0.000000
137,161,-2947.145360,-0.000001
137,162,-2947.145358,0.000000
137,163,-2947.145363,-0.000003
137,164,-2947.145358,0.000000
137,165,-2947.145359,0.000000
137,166,-2947.145364,0.000000
137,167,-2947.145358,0.000000
137,168,-2947.145358,-0.000000
137,169,-2947.145358,0.000000
137,170,-2947.145376,-0.000003
137,171,-2947.145360,-0.000000
137,172,-2947.145360,0.000000
137,173,-2947.145635,0.000000
137,174,-2947.145366,-0.000002
137,175,-2947.145396,0.000000
137,176,-2947.145384,0.000000
137,177,-2947.145362,0.000000
137,178,-2947.145432,0.000000
137,179,-2947.145362,-0.000003
137,180,-2947.145413,0.000000
137,181,-2947.145367,0.000000
137,182,-2947.145359,0.000000
137,183,-2947.145364,0.000000
137,184,-2947.145413,-0.000015
137,185,-2947.145430,-0.000004
137,186,-2947.145368,0.000000
137,187,-2947.145403,0.000000
137,188,-2947.145386,0.000000
137,189,-2947.145370,-0.000005
137,190,-2947.145365,0.000000
137,191,-2947.145358,0.000000
137,192,-2947.145359,0.000000
137,193,-2947.145359,0.000000
137,194,-2947.145360,-0.000001
137,195,-2947.145364,0.000000
137,196,-2947.145358,0.000000
137,197,-2947.145360,-0.000001
137,198,-2947.145358,0.000000
137,199,-2947.145359,-0.000000
137,200,-2947.145375,0.000000
137,201,-2947.145358,0.000000
137,202,-2947.145363,0.000000
137,203,-2947.145359,-0.000000
137,204,-2947.145360,-0.000002
137,205,-2947.145360,-0.000001
137,206,-2947.145358,0.000000
137,207,-2947.145358,0.000000
137,208,-2947.145359,0.000000
137,209,-2947.145358,0.000000
137,210,-2947.145359,0.000000
137,211,-2947.145361,-0.000000
137,212,-2947.145360,0.000000
137,213,-2947.145390,-0.000001
137,214,-2947.145361,0.000000
137,215,-2947.145358,0.000000
137,216,-2947.145359,0.000000
137,217,-2947.145429,0.000000
137,218,-2947.145358,-0.000000
137,219,-2947.145359,0.000000
137,220,-2947.145363,-0.000000
137,221,-2947.145520,0.000000
137,222,-2947.145414,0.000000
137,223,-2947.145364,0.000000
137,224,-2947.145362,-0.000001
137,225,-2947.145359,0.000000
137,226,-2947.145358,0.000000
137,227,-2947.145362,-0.000001
137,228,-2947.145401,0.000000
137,229,-2947.145358,-0.000000
137,230,-2947.145358,0.000000
138,139,-2947.145357,0.000000
138,140,-2947.145358,0.000000
138,141,-2947.145366,0.000000
138,142,-2947.145357,0.000000
138,143,-2947.145369,0.000000
138,144,-2947.145384,-0.000003
138,145,-2947.145358,0.000000
138,146,-2947.145371,-0.000001
138,147,-2947.145476,0.000000
138,148,-2947.145357,0.000000
138,149,-2947.145358,0.000000
138,150,-2947.145360,0.000000
138,151,-2947.145357,0.000000
138,152,-2947.145371,0.000000
138,153,-2947.145357,0.000000
138,154,-2947.145357,0.000000
138,155,-2947.145357,0.000000
138,156,-2947.145357,0.000000
138,157,-2947.145357,0.000000
138,158,-2947.145360,0.000000
138,159,-2947.145360,0.000000
138,160,-2947.145357,0.000000
138,161,-2947.145359,0.000000
138,162,-2947.145357,0.000000
138,163,-2947.145359,0.000000
138,164,-2947.145357,0.000000
138,165,-2947.145358,0.000000
138,166,-2947.145364,-0.000001
138,167,-2947.145357,0.000000
138,168,-2947.145358,0.000000
138,169,-2947.145357,0.000000
138,170,-2947.145373,0.000000
138,171,-2947.145358,0.000000
138,172,-2947.145359,0.000000
138,173,-2947.145635,-0.000001
138,174,-2947.145363,0.000000
138,175,-2947.145395,0.000000
138,176,-2947.145384,0.000000
138,177,-2947.145361,0.000000
138,178,-2947.145431,0.000000
138,179,-2947.145359,0.000000
138,180,-2947.145413,-0.000000
138,181,-2947.145366,-0.000000
138,182,-2947.145358,0.000000
138,183,-2947.145363,0.000000
138,184,-2947.145397,0.000000
138,185,-2947.145425,0.000000
138,186,-2947.145368,0.000000
138,187,-2947.145403,-0.000001
138,188,-2947.145385,0.000000
138,189,-2947.145365,0.000000
138,190,-2947.145364,-0.000000
138,191,-2947.145358,0.000000
138,192,-2947.145358,0.000000
138,193,-2947.145358,0.000000
138,194,-2947.145358,0.000000
138,195,-2947.145363,-0.000000
138,196,-2947.145357,0.000000
138,197,-2947.145358,0.000000
138,198,-2947.145358,0.000000
138,199,-2947.145357,0.000000
138,200,-2947.145374,0.000000
138,201,-2947.145357,0.000000
138,202,-2947.145362,0.000000
138,203,-2947.145358,0.000000
138,204,-2947.145357,0.000000
138,205,-2947.145358,0.000000
138,206,-2947.145358,0.000000
138,207,-2947.145357,0.000000
138,208,-2947.145358,-0.000000
138,209,-2947.145357,0.000000
138,210,-2947.145358,-0.000000
138,211,-2947.145360,0.000000
138,212,-2947.145359,0.000000
138,213,-2947.145388,0.000000
138,214,-2947.145360,-0.000000
138,215,-2947.145357,0.000000
138,216,-2947.145358,0.000000
138,217,-2947.145428,-0.000000
138,218,-2947.145357,0.000000
138,219,-2947.145358,-0.000000
138,220,-2947.145362,0.000000
138,221,-2947.145523,-0.000004
138,222,-2947.145414,0.000000
138,223,-2947.145363,0.000000
138,224,-2947.145361,0.000000
138,225,-2947.145358,0.000000
138,226,-2947.145357,0.000000
138,227,-2947.145359,0.000000
138,228,-2947.145402,-0.000002
138,229,-2947.145357,0.000000
138,230,-2947.145358,0.000000
139,140,-2947.145355,0.000000
139,141,-2947.145363,0.000000
139,142,-2947.145354,0.000000
139,143,-2947.145366,0.000000
139,144,-2947.145378,0.000000
139,145,-2947.145355,-0.000000
139,146,-2947.145367,0.000000
139,147,-2947.145473,0.000000
139,148,-2947.145354,-0.000000
139,149,-2947.145354,0.000000
139,150,-2947.145357,0.000000
139,151,-2947.145354,-0.000000
139,152,-2947.145368,0.000000
139,153,-2947.145354,-0.000000
139,154,-2947.145354,0.000000
139,155,-2947.145354,0.000000
139,156,-2947.145354,-0.000000
139,157,-2947.145354,-0.000000
139,158,-2947.145357,0.000000
139,159,-2947.145357,0.000000
139,160,-2947.145354,0.000000
139,161,-2947.145356,0.000000
139,162,-2947.145354,-0.000000
139,163,-2947.145356,0.000000
139,164,-2947.145354,-0.000000
139,165,-2947.145355,-0.000000
139,166,-2947.145360,0.000000
139,167,-2947.145354,-0.000000
139,168,-2947.145354,0.000000
139,169,-2947.145354,-0.000000
139,170,-2947.145370,0.000000
139,171,-2947.145355,0.000000
139,172,-2947.145356,0.000000
139,173,-2947.145631,0.000000
139,174,-2947.145360,0.000000
139,175,-2947.145392,-0.000000
139,176,-2947.145380,0.000000
139,177,-2947.145358,-0.000000
139,178,-2947.145428,0.000000
139,179,-2947.145355,0.000000
139,180,-2947.145410,0.000000
139,181,-2947.145363,0.000000
139,182,-2947.145355,-0.000000
139,183,-2947.145360,0.000000
139,184,-2947.145394,0.000000
139,185,-2947.145422,0.000000
139,186,-2947.145365,-0.000000
139,187,-2947.145399,0.000000
139,188,-2947.145382,0.000000
139,189,-2947.145362,0.000000
139,190,-2947.145361,0.000000
139,191,-2947.145354,-0.000000
139,192,-2947.145355,-0.000000
139,193,-2947.145355,0.000000
139,194,-2947.145355,0.000000
139,195,-2947.145360,0.000000
139,196,-2947.145354,0.000000
139,197,-2947.145355,0.000000
139,198,-2947.145354,-0.000000
139,199,-2947.145354,0.000000
139,200,-2947.145371,0.000000
139,201,-2947.145354,-0.000000
139,202,-2947.145359,0.000000
139,203,-2947.145355,0.000000
139,204,-2947.145354,0.000000
139,205,-2947.145355,0.000000
139,206,-2947.145354,-0.000000
139,207,-2947.145354,-0.000000
139,208,-2947.145355,0.000000
139,209,-2947.145354,-0.000000
139,210,-2947.145355,0.000000
139,211,-2947.145356,0.000000
139,212,-2947.145356,-0.000000
139,213,-2947.145385,0.000000
139,214,-2947.145357,0.000000
139,215,-2947.145354,-0.000000
139,216,-2947.145355,0.000000
139,217,-2947.145425,0.000000
139,218,-2947.145354,0.000000
139,219,-2947.145355,0.000000
139,220,-2947.145359,0.000000
139,221,-2947.145516,0.000000
139,222,-2947.145411,0.000000
139,223,-2947.145360,-0.000000
139,224,-2947.145358,0.000000
139,225,-2947.145355,-0.000000
139,226,-2947.145354,-0.000000
139,227,-2947.145356,0.000000
139,228,-2947.145397,0.000000
139,229,-2947.145354,0.000000
139,230,-2947.145354,0.000000
140,141,-2947.145364,0.000000
140,142,-2947.145355,-0.000000
140,143,-2947.145367,0.000000
140,144,-2947.145379,0.000000
140,145,-2947.145355,0.000000
140,146,-2947.145368,0.000000
140,147,-2947.145474,0.000000
140,148,-2947.145355,0.000000
140,149,-2947.145355,0.000000
140,150,-2947.145358,0.000000
140,151,-2947.145355,0.000000
140,152,-2947.145368,0.000000
140,153,-2947.145355,0.000000
140,154,-2947.145355,-0.000000
140,155,-2947.145355,0.000000
140,156,-2947.145355,0.000000
140,157,-2947.145355,0.000000
140,158,-2947.145358,0.000000
140,159,-2947.145357,0.000000
140,160,-2947.145355,-0.000000
140,161,-2947.145356,0.000000
140,162,-2947.145355,0.000000
140,163,-2947.145357,0.000000
140,164,-2947.145355,0.000000
140,165,-2947.145356,0.000000
140,166,-2947.145360,0.000000
140,167,-2947.145355,0.000000
140,168,-2947.145355,0.000000
140,169,-2947.145355,0.000000
140,170,-2947.145371,0.000000
140,171,-2947.145356,0.000000
140,172,-2947.145356,0.000000
140,173,-2947.145632,0.000000
140,174,-2947.145361,0.000000
140,175,-2947.145393,0.000000
140,176,-2947.145381,0.000000
140,177,-2947.145358,0.000000
140,178,-2947.145429,-0.000001
140,179,-2947.145356,0.000000
140,180,-2947.145410,0.000000
140,181,-2947.145364,0.000000
140,182,-2947.145356,0.000000
140,183,-2947.145361,-0.000001
140,184,-2947.145395,0.000000
140,185,-2947.145422,0.000000
140,186,-2947.145365,0.000000
140,187,-2947.145399,0.000000
140,188,-2947.145386,-0.000003
140,189,-2947.145362,0.000000
140,190,-2947.145362,0.000000
140,191,-2947.145355,0.000000
140,192,-2947.145355,0.000000
140,193,-2947.145356,-0.000000
140,194,-2947.145355,0.000000
140,195,-2947.145361,0.000000
140,196,-2947.145355,0.000000
140,197,-2947.145356,0.000000
140,198,-2947.145355,0.000000
140,199,-2947.145355,0.000000
140,200,-2947.145371,0.000000
140,201,-2947.145355,0.000000
140,202,-2947.145360,-0.000001
140,203,-2947.145355,0.000000
140,204,-2947.145355,0.000000
140,205,-2947.145356,0.000000
140,206,-2947.145355,0.000000
140,207,-2947.145355,0.000000
140,208,-2947.145356,-0.000000
140,209,-2947.145355,0.000000
140,210,-2947.145356,0.000000
140,211,-2947.145357,0.000000
140,212,-2947.145357,0.000000
140,213,-2947.145386,0.000000
140,214,-2947.145358,0.000000
140,215,-2947.145355,0.000000
140,216,-2947.145356,-0.000000
140,217,-2947.145425,0.000000
140,218,-2947.145355,0.000000
140,219,-2947.145356,-0.000000
140,220,-2947.145360,0.000000
140,221,-2947.145517,0.000000
140,222,-2947.145413,-0.000002
140,223,-2947.145360,0.000000
140,224,-2947.145358,0.000000
140,225,-2947.145356,0.000000
140,226,-2947.145355,0.000000
140,227,-2947.145357,0.000000
140,228,-2947.145398,0.000000
140,229,-2947.145355,0.000000
140,230,-2947.145355,0.000000
141,142,-2947.145363,0.000000
141,143,-2947.145396,-0.000020
141,144,-2947.145387,0.000000
141,145,-2947.145364,0.000000
141,146,-2947.145376,0.000000
141,147,-2947.145540,-0.000057
141,148,-2947.145363,0.000000
141,149,-2947.145365,-0.000002
141,150,-2947.145366,0.000000
141,151,-2947.145363,0.000000
141,152,-2947.145377,-0.000000
141,153,-2947.145363,0.000000
141,154,-2947.145363,0.000000
141,155,-2947.145364,-0.000001
141,156,-2947.145363,0.000000
141,157,-2947.145363,0.000000
141,158,-2947.145367,-0.000001
141,159,-2947.145366,-0.000000
141,160,-2947.145363,0.000000
141,161,-2947.145367,-0.000002
141,162,-2947.145363,0.000000
141,163,-2947.145366,-0.000001
141,164,-2947.145363,0.000000
141,165,-2947.145364,0.000000
141,166,-2947.145369,0.000000
141,167,-2947.145363,0.000000
141,168,-2947.145364,-0.000000
141,169,-2947.145363,0.000000
141,170,-2947.145379,-0.000000
141,171,-2947.145365,-0.000001
141,172,-2947.145365,0.000000
141,173,-2947.145640,0.000000
141,174,-2947.145370,-0.000000
141,175,-2947.145401,0.000000
141,176,-2947.145391,-0.000001
141,177,-2947.145367,0.000000
141,178,-2947.145437,0.000000
141,179,-2947.145365,-0.000001
141,180,-2947.145419,0.000000
141,181,-2947.145372,0.000000
141,182,-2947.145364,0.000000
141,183,-2947.145369,0.000000
141,184,-2947.145412,-0.000009
141,185,-2947.145438,-0.000007
141,186,-2947.145374,0.000000
141,187,-2947.145408,0.000000
141,188,-2947.145391,0.000000
141,189,-2947.145373,-0.000002
141,190,-2947.145370,0.000000
141,191,-2947.145363,0.000000
141,192,-2947.145364,0.000000
141,193,-2947.145364,0.000000
141,194,-2947.145364,-0.000001
141,195,-2947.145369,0.000000
141,196,-2947.145363,0.000000
141,197,-2947.145364,-0.000000
141,198,-2947.145363,0.000000
141,199,-2947.145364,-0.000001
141,200,-2947.145380,0.000000
141,201,-2947.145363,0.000000
141,202,-2947.145368,0.000000
141,203,-2947.145364,-0.000000
141,204,-2947.145364,-0.000001
141,205,-2947.145365,-0.000001
141,206,-2947.145363,0.000000
141,207,-2947.145363,0.000000
141,208,-2947.145364,0.000000
141,209,-2947.145363,0.000000
141,210,-2947.145364,0.000000
141,211,-2947.145366,-0.000001
141,212,-2947.145365,0.000000
141,213,-2947.145397,-0.000003
141,214,-2947.145366,0.000000
141,215,-2947.145363,0.000000
141,216,-2947.145364,0.000000
141,217,-2947.145434,0.000000
141,218,-2947.145363,-0.000000
141,219,-2947.145364,0.000000
141,220,-2947.145368,-0.000000
141,221,-2947.145525,0.000000
141,222,-2947.145420,0.000000
141,223,-2947.145369,0.000000
141,224,-2947.145367,-0.000000
141,225,-2947.145364,0.000000
141,226,-2947.145363,0.000000
141,227,-2947.145366,-0.000001
141,228,-2947.145406,0.000000
141,229,-2947.145364,-0.000000
141,230,-2947.145363,0.000000
142,143,-2947.145366,0.000000
142,144,-2947.145378,0.000000
142,145,-2947.145355,0.000000
142,146,-2947.145367,0.000000
142,147,-2947.145473,0.000000
142,148,-2947.145354,0.000000
142,149,-2947.145355,0.000000
142,150,-2947.145357,0.000000
142,151,-2947.145354,0.000000
142,152,-2947.145368,0.000000
142,153,-2947.145354,0.000000
142,154,-2947.145354,-0.000000
142,155,-2947.145354,0.000000
142,156,-2947.145354,0.000000
142,157,-2947.145354,0.000000
142,158,-2947.145357,0.000000
142,159,-2947.145357,0.000000
142,160,-2947.145355,-0.000000
142,161,-2947.145356,0.000000
142,162,-2947.145354,0.000000
142,163,-2947.145356,0.000000
142,164,-2947.145354,0.000000
142,165,-2947.145355,0.000000
142,166,-2947.145360,0.000000
142,167,-2947.145354,0.000000
142,168,-2947.145355,0.000000
142,169,-2947.145354,0.000000
142,170,-2947.145370,0.000000
142,171,-2947.145355,0.000000
142,172,-2947.145356,0.000000
142,173,-2947.145631,0.000000
142,174,-2947.145360,0.000000
142,175,-2947.145392,0.000000
142,176,-2947.145381,0.000000
142,177,-2947.145358,0.000000
142,178,-2947.145431,-0.000003
142,179,-2947.145356,0.000000
142,180,-2947.145410,0.000000
142,181,-2947.145363,0.000000
142,182,-2947.145355,0.000000
142,183,-2947.145360,-0.000000
142,184,-2947.145394,0.000000
142,185,-2947.145422,0.000000
142,186,-2947.145365,0.000000
142,187,-2947.145399,0.000000
142,188,-2947.145383,-0.000001
142,189,-2947.145362,0.000000
142,190,-2947.145361,0.000000
142,191,-2947.145355,0.000000
142,192,-2947.145355,0.000000
142,193,-2947.145355,-0.000000
142,194,-2947.145355,0.000000
142,195,-2947.145360,0.000000
142,196,-2947.145354,0.000000
142,197,-2947.145355,0.000000
142,198,-2947.145355,0.000000
142,199,-2947.145354,0.000000
142,200,-2947.145371,0.000000
142,201,-2947.145354,0.000000
142,202,-2947.145360,-0.000001
142,203,-2947.145355,0.000000
142,204,-2947.145355,0.000000
142,205,-2947.145355,0.000000
142,206,-2947.145355,0.000000
142,207,-2947.145354,0.000000
142,208,-2947.145355,-0.000000
142,209,-2947.145354,0.000000
142,210,-2947.145355,0.000000
142,211,-2947.145357,0.000000
142,212,-2947.145356,0.000000
142,213,-2947.145385,0.000000
142,214,-2947.145357,0.000000
142,215,-2947.145354,0.000000
142,216,-2947.145355,-0.000000
142,217,-2947.145425,0.000000
142,218,-2947.145354,0.000000
142,219,-2947.145355,0.000000
142,220,-2947.145359,0.000000
142,221,-2947.145516,0.000000
142,222,-2947.145411,-0.000001
142,223,-2947.145360,0.000000
142,224,-2947.145358,0.000000
142,225,-2947.145355,0.000000
142,226,-2947.145354,0.000000
142,227,-2947.145357,0.000000
142,228,-2947.145397,0.000000
142,229,-2947.145354,0.000000
142,230,-2947.145355,0.000000
143,144,-2947.145390,0.000000
143,145,-2947.145367,0.000000
143,146,-2947.145379,0.000000
143,147,-2947.145558,-0.000073
143,148,-2947.145366,0.000000
143,149,-2947.145368,-0.000002
143,150,-2947.145369,0.000000
143,151,-2947.145366,0.000000
143,152,-2947.145381,-0.000001
143,153,-2947.145366,0.000000
143,154,-2947.145366,0.000000
143,155,-2947.145367,-0.000000
143,156,-2947.145366,0.000000
143,157,-2947.145366,0.000000
143,158,-2947.145370,-0.000001
143,159,-2947.145369,-0.000000
143,160,-2947.145366,0.000000
143,161,-2947.145370,-0.000003
143,162,-2947.145366,0.000000
143,163,-2947.145369,-0.000001
143,164,-2947.145366,0.000000
143,165,-2947.145367,0.000000
143,166,-2947.145372,0.000000
143,167,-2947.145366,0.000000
143,168,-2947.145366,-0.000000
143,169,-2947.145366,0.000000
143,170,-2947.145382,0.000000
143,171,-2947.145368,-0.000001
143,172,-2947.145368,0.000000
143,173,-2947.145643,0.000000
143,174,-2947.145372,-0.000000
143,175,-2947.145404,0.000000
143,176,-2947.145394,-0.000002
143,177,-2947.145370,0.000000
143,178,-2947.145440,0.000000
143,179,-2947.145369,-0.000002
143,180,-2947.145422,0.000000
143,181,-2947.145375,0.000000
143,182,-2947.145367,0.000000
143,183,-2947.145372,0.000000
143,184,-2947.145417,-0.000011
143,185,-2947.145442,-0.000008
143,186,-2947.145377,0.000000
143,187,-2947.145411,0.000000
143,188,-2947.145394,0.000000
143,189,-2947.145377,-0.000003
143,190,-2947.145373,0.000000
143,191,-2947.145366,0.000000
143,192,-2947.145367,0.000000
143,193,-2947.145367,0.000000
143,194,-2947.145367,-0.000001
143,195,-2947.145372,0.000000
143,196,-2947.145366,0.000000
143,197,-2947.145367,-0.000000
143,198,-2947.145366,0.000000
143,199,-2947.145367,-0.000001
143,200,-2947.145383,0.000000
143,201,-2947.145366,0.000000
143,202,-2947.145371,0.000000
143,203,-2947.145367,-0.000000
143,204,-2947.145367,-0.000001
143,205,-2947.145368,-0.000001
143,206,-2947.145366,0.000000
143,207,-2947.145366,0.000000
143,208,-2947.145367,0.000000
143,209,-2947.145366,0.000000
143,210,-2947.145367,0.000000
143,211,-2947.145369,-0.000001
143,212,-2947.145368,0.000000
143,213,-2947.145401,-0.000003
143,214,-2947.145369,0.000000
143,215,-2947.145366,0.000000
143,216,-2947.145367,0.000000
143,217,-2947.145437,0.000000
143,218,-2947.145366,-0.000000
143,219,-2947.145367,0.000000
143,220,-2947.145371,-0.000000
143,221,-2947.145528,0.000000
143,222,-2947.145423,0.000000
143,223,-2947.145372,0.000000
143,224,-2947.145370,-0.000000
143,225,-2947.145367,0.000000
143,226,-2947.145366,0.000000
143,227,-2947.145369,-0.000001
143,228,-2947.145409,0.000000
143,229,-2947.145367,-0.000000
143,230,-2947.145366,0.000000
144,145,-2947.145378,0.000000
144,146,-2947.145404,-0.000014
144,147,-2947.145497,0.000000
144,148,-2947.145378,0.000000
144,149,-2947.145378,0.000000
144,150,-2947.145387,-0.000007
144,151,-2947.145378,0.000000
144,152,-2947.145391,0.000000
144,153,-2947.145378,0.000000
144,154,-2947.145378,0.000000
144,155,-2947.145378,0.000000
144,156,-2947.145378,0.000000
144,157,-2947.145378,0.000000
144,158,-2947.145381,0.000000
144,159,-2947.145381,0.000000
144,160,-2947.145378,0.000000
144,161,-2947.145380,0.000000
144,162,-2947.145378,0.000000
144,163,-2947.145380,0.000000
144,164,-2947.145378,0.000000
144,165,-2947.145379,0.000000
144,166,-2947.145384,-0.000001
144,167,-2947.145378,0.000000
144,168,-2947.145378,0.000000
144,169,-2947.145378,0.000000
144,170,-2947.145394,0.000000
144,171,-2947.145379,0.000000
144,172,-2947.145380,0.000000
144,173,-2947.145708,-0.000053
144,174,-2947.145384,0.000000
144,175,-2947.145416,0.000000
144,176,-2947.145404,0.000000
144,177,-2947.145382,0.000000
144,178,-2947.145451,0.000000
144,179,-2947.145379,0.000000
144,180,-2947.145440,-0.000006
144,181,-2947.145388,-0.000001
144,182,-2947.145379,0.000000
144,183,-2947.145383,0.000000
144,184,-2947.145418,0.000000
144,185,-2947.145446,0.000000
144,186,-2947.145388,0.000000
144,187,-2947.145435,-0.000012
144,188,-2947.145406,0.000000
144,189,-2947.145385,0.000000
144,190,-2947.145387,-0.000002
144,191,-2947.145378,0.000000
144,192,-2947.145378,0.000000
144,193,-2947.145379,0.000000
144,194,-2947.145378,0.000000
144,195,-2947.145387,-0.000003
144,196,-2947.145378,0.000000
144,197,-2947.145379,0.000000
144,198,-2947.145378,0.000000
144,199,-2947.145378,0.000000
144,200,-2947.145395,-0.000000
144,201,-2947.145378,0.000000
144,202,-2947.145383,0.000000
144,203,-2947.145378,0.000000
144,204,-2947.145378,0.000000
144,205,-2947.145379,0.000000
144,206,-2947.145378,0.000000
144,207,-2947.145378,0.000000
144,208,-2947.145379,0.000000
144,209,-2947.145378,0.000000
144,210,-2947.145380,-0.000001
144,211,-2947.145380,0.000000
144,212,-2947.145380,0.000000
144,213,-2947.145409,0.000000
144,214,-2947.145382,-0.000002
144,215,-2947.145378,0.000000
144,216,-2947.145379,0.000000
144,217,-2947.145449,-0.000000
144,218,-2947.145378,0.000000
144,219,-2947.145379,0.000000
144,220,-2947.145383,0.000000
144,221,-2947.145548,-0.000008
144,222,-2947.145434,0.000000
144,223,-2947.145384,0.000000
144,224,-2947.145381,0.000000
144,225,-2947.145379,0.000000
144,226,-2947.145378,0.000000
144,227,-2947.145380,0.000000
144,228,-2947.145423,-0.000002
144,229,-2947.145378,0.000000
144,230,-2947.145378,0.000000
145,146,-2947.145367,0.000000
145,147,-2947.145473,0.000000
145,148,-2947.145354,0.000000
145,149,-2947.145355,0.000000
145,150,-2947.145357,0.000000
145,151,-2947.145354,-0.000000
145,152,-2947.145368,0.000000
145,153,-2947.145355,-0.000000
145,154,-2947.145354,0.000000
145,155,-2947.145355,0.000000
145,156,-2947.145354,-0.000000
145,157,-2947.145354,-0.000000
145,158,-2947.145358,0.000000
145,159,-2947.145357,0.000000
145,160,-2947.145355,0.000000
145,161,-2947.145356,0.000000
145,162,-2947.145354,-0.000000
145,163,-2947.145356,0.000000
145,164,-2947.145355,-0.000000
145,165,-2947.145356,-0.000001
145,166,-2947.145360,0.000000
145,167,-2947.145355,-0.000000
145,168,-2947.145355,0.000000
145,169,-2947.145355,-0.000000
145,170,-2947.145370,0.000000
145,171,-2947.145356,0.000000
145,172,-2947.145357,-0.000001
145,173,-2947.145631,0.000000
145,174,-2947.145361,0.000000
145,175,-2947.145398,-0.000006
145,176,-2947.145381,0.000000
145,177,-2947.145360,-0.000002
145,178,-2947.145428,0.000000
145,179,-2947.145356,0.000000
145,180,-2947.145410,0.000000
145,181,-2947.145363,0.000000
145,182,-2947.145356,-0.000000
145,183,-2947.145360,0.000000
145,184,-2947.145395,0.000000
145,185,-2947.145422,0.000000
145,186,-2947.145366,-0.000001
145,187,-2947.145399,0.000000
145,188,-2947.145382,0.000000
145,189,-2947.145362,0.000000
145,190,-2947.145361,0.000000
145,191,-2947.145355,-0.000001
145,192,-2947.145355,-0.000000
145,193,-2947.145355,0.000000
145,194,-2947.145355,0.000000
145,195,-2947.145360,0.000000
145,196,-2947.145354,-0.000000
145,197,-2947.145355,0.000000
145,198,-2947.145355,0.000000
145,199,-2947.145355,0.000000
145,200,-2947.145371,0.000000
145,201,-2947.145354,-0.000000
145,202,-2947.145359,0.000000
145,203,-2947.145355,0.000000
145,204,-2947.145355,0.000000
145,205,-2947.145355,0.000000
145,206,-2947.145355,-0.000000
145,207,-2947.145354,-0.000000
145,208,-2947.145355,0.000000
145,209,-2947.145354,-0.000000
145,210,-2947.145356,0.000000
145,211,-2947.145357,0.000000
145,212,-2947.145357,-0.000001
145,213,-2947.145386,0.000000
145,214,-2947.145357,0.000000
145,215,-2947.145355,-0.000000
145,216,-2947.145355,0.000000
145,217,-2947.145425,0.000000
145,218,-2947.145355,0.000000
145,219,-2947.145355,0.000000
145,220,-2947.145359,0.000000
145,221,-2947.145517,0.000000
145,222,-2947.145411,0.000000
145,223,-2947.145362,-0.000002
145,224,-2947.145358,0.000000
145,225,-2947.145356,-0.000001
145,226,-2947.145355,-0.000000
145,227,-2947.145357,0.000000
145,228,-2947.145398,0.000000
145,229,-2947.145355,0.000000
145,230,-2947.145355,-0.000000
146,147,-2947.145486,0.000000
146,148,-2947.145367,0.000000
146,149,-2947.145367,-0.000000
146,150,-2947.145373,-0.000003
146,151,-2947.145367,0.000000
146,152,-2947.145380,0.000000
146,153,-2947.145367,-0.000000
146,154,-2947.145367,0.000000
146,155,-2947.145367,0.000000
146,156,-2947.145367,0.000000
146,157,-2947.145367,0.000000
146,158,-2947.145370,0.000000
146,159,-2947.145369,0.000000
146,160,-2947.145367,0.000000
146,161,-2947.145368,0.000000
146,162,-2947.145367,0.000000
146,163,-2947.145369,0.000000
146,164,-2947.145367,0.000000
146,165,-2947.145368,0.000000
146,166,-2947.145373,-0.000000
146,167,-2947.145367,0.000000
146,168,-2947.145367,0.000000
146,169,-2947.145367,0.000000
146,170,-2947.145383,0.000000
146,171,-2947.145368,0.000000
146,172,-2947.145368,0.000000
146,173,-2947.145681,-0.000037
146,174,-2947.145373,0.000000
146,175,-2947.145405,0.000000
146,176,-2947.145393,0.000000
146,177,-2947.145370,0.000000
146,178,-2947.145440,0.000000
146,179,-2947.145368,0.000000
146,180,-2947.145428,-0.000006
146,181,-2947.145380,-0.000004
146,182,-2947.145368,0.000000
146,183,-2947.145372,0.000000
146,184,-2947.145407,0.000000
146,185,-2947.145434,0.000000
146,186,-2947.145377,0.000000
146,187,-2947.145417,-0.000006
146,188,-2947.145395,0.000000
146,189,-2947.145374,0.000000
146,190,-2947.145374,0.000000
146,191,-2947.145367,0.000000
146,192,-2947.145367,0.000000
146,193,-2947.145368,0.000000
146,194,-2947.145367,0.000000
146,195,-2947.145373,-0.000000
146,196,-2947.145367,0.000000
146,197,-2947.145368,0.000000
146,198,-2947.145367,0.000000
146,199,-2947.145367,0.000000
146,200,-2947.145387,-0.000003
146,201,-2947.145367,0.000000
146,202,-2947.145372,0.000000
146,203,-2947.145367,0.000000
146,204,-2947.145367,0.000000
146,205,-2947.145368,0.000000
146,206,-2947.145367,0.000000
146,207,-2947.145367,0.000000
146,208,-2947.145368,0.000000
146,209,-2947.145367,0.000000
146,210,-2947.145369,-0.000001
146,211,-2947.145369,0.000000
146,212,-2947.145369,0.000000
146,213,-2947.145398,0.000000
146,214,-2947.145372,-0.000002
146,215,-2947.145367,0.000000
146,216,-2947.145368,0.000000
146,217,-2947.145441,-0.000003
146,218,-2947.145367,0.000000
146,219,-2947.145368,0.000000
146,220,-2947.145372,0.000000
146,221,-2947.145529,0.000000
146,222,-2947.145423,0.000000
146,223,-2947.145372,0.000000
146,224,-2947.145370,0.000000
146,225,-2947.145368,0.000000
146,226,-2947.145367,0.000000
146,227,-2947.145369,0.000000
146,228,-2947.145410,-0.000000
146,229,-2947.145367,0.000000
146,230,-2947.145367,0.000000
147,148,-2947.145473,0.000000
147,149,-2947.145484,-0.000010
147,150,-2947.145476,0.000000
147,151,-2947.145473,0.000000
147,152,-2947.145487,-0.000000
147,153,-2947.145473,0.000000
147,154,-2947.145473,0.000000
147,155,-2947.145477,-0.000003
147,156,-2947.145473,0.000000
147,157,-2947.145473,0.000000
147,158,-2947.145484,-0.000007
147,159,-2947.145478,-0.000002
147,160,-2947.145473,0.000000
147,161,-2947.145482,-0.000008
147,162,-2947.145473,0.000000
147,163,-2947.145485,-0.000010
147,164,-2947.145473,0.000000
147,165,-2947.145474,0.000000
147,166,-2947.145479,0.000000
147,167,-2947.145473,0.000000
147,168,-2947.145474,-0.000000
147,169,-2947.145473,0.000000
147,170,-2947.145491,-0.000002
147,171,-2947.145476,-0.000001
147,172,-2947.145475,0.000000
147,173,-2947.145750,0.000000
147,174,-2947.145480,-0.000000
147,175,-2947.145511,0.000000
147,176,-2947.145510,-0.000010
147,177,-2947.145477,0.000000
147,178,-2947.145547,0.000000
147,179,-2947.145481,-0.000006
147,180,-2947.145528,0.000000
147,181,-2947.145482,0.000000
147,182,-2947.145474,0.000000
147,183,-2947.145479,0.000000
147,184,-2947.145582,-0.000068
147,185,-2947.145607,-0.000066
147,186,-2947.145484,0.000000
147,187,-2947.145518,0.000000
147,188,-2947.145501,0.000000
147,189,-2947.145492,-0.000011
147,190,-2947.145480,0.000000
147,191,-2947.145473,0.000000
147,192,-2947.145474,0.000000
147,193,-2947.145474,0.000000
147,194,-2947.145476,-0.000003
147,195,-2947.145479,0.000000
147,196,-2947.145473,0.000000
147,197,-2947.145476,-0.000002
147,198,-2947.145473,0.000000
147,199,-2947.145476,-0.000003
147,200,-2947.145490,0.000000
147,201,-2947.145473,0.000000
147,202,-2947.145478,0.000000
147,203,-2947.145475,-0.000001
147,204,-2947.145480,-0.000007
147,205,-2947.145478,-0.000004
147,206,-2947.145473,0.000000
147,207,-2947.145473,0.000000
147,208,-2947.145474,0.000000
147,209,-2947.145473,0.000000
147,210,-2947.145474,0.000000
147,211,-2947.145479,-0.000004
147,212,-2947.145475,0.000000
147,213,-2947.145527,-0.000023
147,214,-2947.145476,0.000000
147,215,-2947.145473,0.000000
147,216,-2947.145474,0.000000
147,217,-2947.145543,0.000000
147,218,-2947.145473,0.000000
147,219,-2947.145474,0.000000
147,220,-2947.145479,-0.000001
147,221,-2947.145634,0.000001
147,222,-2947.145529,0.000000
147,223,-2947.145479,0.000000
147,224,-2947.145479,-0.000002
147,225,-2947.145474,0.000000
147,226,-2947.145473,0.000000
147,227,-2947.145483,-0.000008
147,228,-2947.145516,0.000000
147,229,-2947.145474,-0.000000
147,230,-2947.145473,0.000000
148,149,-2947.145354,0.000000
148,150,-2947.145357,0.000000
148,151,-2947.145354,-0.000000
148,152,-2947.145368,0.000000
148,153,-2947.145354,-0.000000
148,154,-2947.145354,0.000000
148,155,-2947.145354,0.000000
148,156,-2947.145354,-0.000000
148,157,-2947.145354,-0.000000
148,158,-2947.145357,0.000000
148,159,-2947.145357,0.000000
148,160,-2947.145354,0.000000
148,161,-2947.145356,0.000000
148,162,-2947.145354,-0.000000
148,163,-2947.145356,0.000000
148,164,-2947.145354,-0.000000
148,165,-2947.145355,-0.000000
148,166,-2947.145360,0.000000
148,167,-2947.145354,-0.000000
148,168,-2947.145354,0.000000
148,169,-2947.145354,-0.000000
148,170,-2947.145370,0.000000
148,171,-2947.145355,0.000000
148,172,-2947.145356,-0.000000
148,173,-2947.145631,0.000000
148,174,-2947.145360,0.000000
148,175,-2947.145392,-0.000000
148,176,-2947.145380,0.000000
148,177,-2947.145358,-0.000000
148,178,-2947.145428,0.000000
148,179,-2947.145355,0.000000
148,180,-2947.145410,0.000000
148,181,-2947.145363,0.000000
148,182,-2947.145355,-0.000000
148,183,-2947.145360,0.000000
148,184,-2947.145394,0.000000
148,185,-2947.145422,0.000000
148,186,-2947.145365,-0.000000
148,187,-2947.145399,0.000000
148,188,-2947.145382,0.000000
148,189,-2947.145362,0.000000
148,190,-2947.145361,0.000000
148,191,-2947.145354,-0.000000
148,192,-2947.145354,-0.000000
148,193,-2947.145355,0.000000
148,194,-2947.145354,0.000000
148,195,-2947.145360,0.000000
148,196,-2947.145354,-0.000000
148,197,-2947.145355,0.000000
148,198,-2947.145354,-0.000000
148,199,-2947.145354,0.000000
148,200,-2947.145371,0.000000
148,201,-2947.145354,-0.000000
148,202,-2947.145359,0.000000
148,203,-2947.145355,0.000000
148,204,-2947.145354,0.000000
148,205,-2947.145355,0.000000
148,206,-2947.145354,-0.000000
148,207,-2947.145354,0.000000
148,208,-2947.145355,0.000000
148,209,-2947.145354,-0.000000
148,210,-2947.145355,0.000000
148,211,-2947.145356,0.000000
148,212,-2947.145356,-0.000000
148,213,-2947.145385,0.000000
148,214,-2947.145357,0.000000
148,215,-2947.145354,-0.000000
148,216,-2947.145355,0.000000
148,217,-2947.145425,0.000000
148,218,-2947.145354,0.000000
148,219,-2947.145355,0.000000
148,220,-2947.145359,0.000000
148,221,-2947.145516,0.000000
148,222,-2947.145410,0.000000
148,223,-2947.145360,-0.000000
148,224,-2947.145358,0.000000
148,225,-2947.145355,-0.000000
148,226,-2947.145354,-0.000000
148,227,-2947.145356,0.000000
148,228,-2947.145397,0.000000
148,229,-2947.145354,0.000000
148,230,-2947.145354,-0.000000
149,150,-2947.145357,0.000000
149,151,-2947.145354,0.000000
149,152,-2947.145370,-0.000002
149,153,-2947.145355,0.000000
149,154,-2947.145354,0.000000
149,155,-2947.145355,-0.000000
149,156,-2947.145354,0.000000
149,157,-2947.145354,0.000000
149,158,-2947.145359,-0.000001
149,159,-2947.145358,-0.000001
149,160,-2947.145355,0.000000
149,161,-2947.145357,-0.000001
149,162,-2947.145354,0.000000
149,163,-2947.145358,-0.000001
149,164,-2947.145355,0.000000
149,165,-2947.145355,0.000000
149,166,-2947.145360,0.000000
149,167,-2947.145355,0.000000
149,168,-2947.145355,-0.000000
149,169,-2947.145354,0.000000
149,170,-2947.145370,-0.000000
149,171,-2947.145356,-0.000000
149,172,-2947.145356,0.000000
149,173,-2947.145631,0.000000
149,174,-2947.145362,-0.000001
149,175,-2947.145392,0.000000
149,176,-2947.145381,-0.000000
149,177,-2947.145358,0.000000
149,178,-2947.145428,0.000000
149,179,-2947.145356,-0.000000
149,180,-2947.145410,0.000000
149,181,-2947.145363,0.000000
149,182,-2947.145355,0.000000
149,183,-2947.145360,0.000000
149,184,-2947.145403,-0.000008
149,185,-2947.145427,-0.000004
149,186,-2947.145365,0.000000
149,187,-2947.145399,-0.000000
149,188,-2947.145382,0.000000
149,189,-2947.145362,-0.000000
149,190,-2947.145361,0.000000
149,191,-2947.145355,0.000000
149,192,-2947.145355,0.000000
149,193,-2947.145355,0.000000
149,194,-2947.145355,-0.000000
149,195,-2947.145360,-0.000000
149,196,-2947.145354,0.000000
149,197,-2947.145356,-0.000001
149,198,-2947.145355,0.000000
149,199,-2947.145355,-0.000000
149,200,-2947.145371,0.000000
149,201,-2947.145354,0.000000
149,202,-2947.145359,0.000000
149,203,-2947.145355,-0.000000
149,204,-2947.145355,-0.000000
149,205,-2947.145356,-0.000000
149,206,-2947.145355,0.000000
149,207,-2947.145354,0.000000
149,208,-2947.145355,0.000000
149,209,-2947.145354,0.000000
149,210,-2947.145356,0.000000
149,211,-2947.145357,0.000000
149,212,-2947.145356,0.000000
149,213,-2947.145386,-0.000000
149,214,-2947.145357,0.000000
149,215,-2947.145355,0.000000
149,216,-2947.145355,0.000000
149,217,-2947.145425,0.000000
149,218,-2947.145355,-0.000000
149,219,-2947.145355,0.000000
149,220,-2947.145359,-0.000000
149,221,-2947.145517,0.000000
149,222,-2947.145411,0.000000
149,223,-2947.145360,0.000000
149,224,-2947.145358,-0.000000
149,225,-2947.145355,0.000000
149,226,-2947.145354,0.000000
149,227,-2947.145357,-0.000000
149,228,-2947.145398,0.000000
149,229,-2947.145355,-0.000000
149,230,-2947.145355,0.000000
150,151,-2947.145357,-0.000000
150,152,-2947.145371,0.000000
150,153,-2947.145357,0.000000
150,154,-2947.145357,0.000000
150,155,-2947.145357,0.000000
150,156,-2947.145357,0.000000
150,157,-2947.145357,0.000000
150,158,-2947.145360,0.000000
150,159,-2947.145360,0.000000
150,160,-2947.145357,0.000000
150,161,-2947.145359,0.000000
150,162,-2947.145357,0.000000
150,163,-2947.145359,0.000000
150,164,-2947.145357,0.000000
150,165,-2947.145358,0.000000
150,166,-2947.145363,-0.000000
150,167,-2947.145357,0.000000
150,168,-2947.145357,0.000000
150,169,-2947.145357,0.000000
150,170,-2947.145373,0.000000
150,171,-2947.145358,0.000000
150,172,-2947.145359,0.000000
150,173,-2947.145651,-0.000017
150,174,-2947.145363,0.000000
150,175,-2947.145395,0.000000
150,176,-2947.145383,0.000000
150,177,-2947.145361,0.000000
150,178,-2947.145431,0.000000
150,179,-2947.145358,0.000000
150,180,-2947.145417,-0.000005
150,181,-2947.145367,-0.000001
150,182,-2947.145358,0.000000
150,183,-2947.145362,0.000000
150,184,-2947.145397,0.000000
150,185,-2947.145425,0.000000
150,186,-2947.145367,0.000000
150,187,-2947.145404,-0.000003
150,188,-2947.145385,0.000000
150,189,-2947.145365,0.000000
150,190,-2947.145365,-0.000002
150,191,-2947.145357,0.000000
150,192,-2947.145357,0.000000
150,193,-2947.145358,0.000000
150,194,-2947.145357,0.000000
150,195,-2947.145364,-0.000001
150,196,-2947.145357,0.000000
150,197,-2947.145358,0.000000
150,198,-2947.145357,0.000000
150,199,-2947.145357,0.000000
150,200,-2947.145374,-0.000000
150,201,-2947.145357,0.000000
150,202,-2947.145362,-0.000000
150,203,-2947.145357,0.000000
150,204,-2947.145357,0.000000
150,205,-2947.145358,0.000000
150,206,-2947.145357,0.000000
150,207,-2947.145357,0.000000
150,208,-2947.145358,0.000000
150,209,-2947.145357,0.000000
150,210,-2947.145359,-0.000001
150,211,-2947.145359,0.000000
150,212,-2947.145359,0.000000
150,213,-2947.145388,0.000000
150,214,-2947.145361,-0.000001
150,215,-2947.145357,0.000000
150,216,-2947.145358,0.000000
150,217,-2947.145431,-0.000003
150,218,-2947.145357,0.000000
150,219,-2947.145358,0.000000
150,220,-2947.145362,0.000000
150,221,-2947.145519,0.000000
150,222,-2947.145413,0.000000
150,223,-2947.145363,0.000000
150,224,-2947.145360,0.000000
150,225,-2947.145358,0.000000
150,226,-2947.145357,0.000000
150,227,-2947.145359,0.000000
150,228,-2947.145400,-0.000000
150,229,-2947.145357,0.000000
150,230,-2947.145357,0.000000
151,152,-2947.145368,0.000000
151,153,-2947.145354,-0.000000
151,154,-2947.145354,0.000000
151,155,-2947.145354,0.000000
151,156,-2947.145354,-0.000000
151,157,-2947.145354,0.000000
151,158,-2947.145357,0.000000
151,159,-2947.145357,0.000000
151,160,-2947.145354,0.000000
151,161,-2947.145356,0.000000
151,162,-2947.145354,-0.000000
151,163,-2947.145356,0.000000
151,164,-2947.145354,-0.000000
151,165,-2947.145355,-0.000000
151,166,-2947.145360,0.000000
151,167,-2947.145354,-0.000000
151,168,-2947.145354,0.000000
151,169,-2947.145354,0.000000
151,170,-2947.145370,0.000000
151,171,-2947.145355,0.000000
151,172,-2947.145356,0.000000
151,173,-2947.145631,0.000000
151,174,-2947.145360,0.000000
151,175,-2947.145392,-0.000000
151,176,-2947.145380,0.000000
151,177,-2947.145358,-0.000000
151,178,-2947.145428,0.000000
151,179,-2947.145355,0.000000
151,180,-2947.145410,0.000000
151,181,-2947.145363,0.000000
151,182,-2947.145355,-0.000000
151,183,-2947.145360,0.000000
151,184,-2947.145394,0.000000
151,185,-2947.145422,0.000000
151,186,-2947.145364,0.000000
151,187,-2947.145399,0.000000
151,188,-2947.145382,0.000000
151,189,-2947.145362,0.000000
151,190,-2947.145361,0.000000
151,191,-2947.145354,-0.000000
151,192,-2947.145355,-0.000000
151,193,-2947.145355,0.000000
151,194,-2947.145354,0.000000
151,195,-2947.145360,0.000000
151,196,-2947.145354,-0.000000
151,197,-2947.145355,0.000000
151,198,-2947.145354,-0.000000
151,199,-2947.145354,0.000000
151,200,-2947.145371,0.000000
151,201,-2947.145354,-0.000000
151,202,-2947.145359,0.000000
151,203,-2947.145355,0.000000
151,204,-2947.145354,0.000000
151,205,-2947.145355,0.000000
151,206,-2947.145354,-0.000000
151,207,-2947.145354,-0.000000
151,208,-2947.145355,0.000000
151,209,-2947.145354,-0.000000
151,210,-2947.145355,0.000000
151,211,-2947.145356,0.000000
151,212,-2947.145356,-0.000000
151,213,-2947.145385,0.000000
151,214,-2947.145357,0.000000
151,215,-2947.145354,-0.000000
151,216,-2947.145355,0.000000
151,217,-2947.145425,0.000000
151,218,-2947.145354,0.000000
151,219,-2947.145355,0.000000
151,220,-2947.145359,0.000000
151,221,-2947.145516,0.000000
151,222,-2947.145410,0.000000
151,223,-2947.145360,-0.000000
151,224,-2947.145358,0.000000
151,225,-2947.145355,-0.000000
151,226,-2947.145354,-0.000000
151,227,-2947.145356,0.000000
151,228,-2947.145397,0.000000
151,229,-2947.145354,0.000000
151,230,-2947.145354,-0.000000
152,153,-2947.145368,0.000000
152,154,-2947.145368,0.000000
152,155,-2947.145370,-0.000002
152,156,-2947.145368,0.000000
152,157,-2947.145368,0.000000
152,158,-2947.145379,-0.000008
152,159,-2947.145380,-0.000010
152,160,-2947.145368,0.000000
152,161,-2947.145370,-0.000000
152,162,-2947.145368,0.000000
152,163,-2947.145377,-0.000007
152,164,-2947.145368,0.000000
152,165,-2947.145369,0.000000
152,166,-2947.145373,0.000000
152,167,-2947.145368,0.000000
152,168,-2947.145371,-0.000003
152,169,-2947.145368,0.000000
152,170,-2947.145384,-0.000001
152,171,-2947.145372,-0.000003
152,172,-2947.145369,0.000000
152,173,-2947.145644,0.000001
152,174,-2947.145384,-0.000010
152,175,-2947.145405,0.000000
152,176,-2947.145396,-0.000002
152,177,-2947.145371,0.000000
152,178,-2947.145441,0.000000
152,179,-2947.145369,0.000000
152,180,-2947.145423,0.000000
152,181,-2947.145377,0.000000
152,182,-2947.145369,0.000000
152,183,-2947.145373,0.000000
152,184,-2947.145427,-0.000019
152,185,-2947.145449,-0.000013
152,186,-2947.145378,0.000000
152,187,-2947.145412,0.000000
152,188,-2947.145395,0.000000
152,189,-2947.145376,-0.000001
152,190,-2947.145375,0.000000
152,191,-2947.145368,0.000000
152,192,-2947.145368,0.000000
152,193,-2947.145369,0.000000
152,194,-2947.145368,-0.000000
152,195,-2947.145374,0.000000
152,196,-2947.145368,0.000000
152,197,-2947.145369,-0.000001
152,198,-2947.145368,0.000000
152,199,-2947.145369,-0.000001
152,200,-2947.145384,0.000000
152,201,-2947.145368,0.000000
152,202,-2947.145373,0.000000
152,203,-2947.145368,-0.000000
152,204,-2947.145369,-0.000001
152,205,-2947.145369,0.000000
152,206,-2947.145368,0.000000
152,207,-2947.145368,0.000000
152,208,-2947.145369,0.000000
152,209,-2947.145368,0.000000
152,210,-2947.145369,0.000000
152,211,-2947.145370,0.000000
152,212,-2947.145369,0.000000
152,213,-2947.145400,-0.000002
152,214,-2947.145371,0.000000
152,215,-2947.145368,0.000000
152,216,-2947.145369,0.000000
152,217,-2947.145438,0.000000
152,218,-2947.145368,-0.000001
152,219,-2947.145369,0.000000
152,220,-2947.145374,-0.000001
152,221,-2947.145530,0.000000
152,222,-2947.145424,0.000000
152,223,-2947.145373,0.000000
152,224,-2947.145372,-0.000001
152,225,-2947.145369,0.000000
152,226,-2947.145368,0.000000
152,227,-2947.145370,-0.000000
152,228,-2947.145411,0.000000
152,229,-2947.145368,-0.000000
152,230,-2947.145368,0.000000
153,154,-2947.145354,0.000000
153,155,-2947.145354,0.000000
153,156,-2947.145354,-0.000000
153,157,-2947.145354,-0.000000
153,158,-2947.145357,0.000000
153,159,-2947.145357,0.000000
153,160,-2947.145354,0.000000
153,161,-2947.145356,0.000000
153,162,-2947.145354,-0.000000
153,163,-2947.145356,0.000000
153,164,-2947.145354,-0.000000
153,165,-2947.145355,-0.000000
153,166,-2947.145360,0.000000
153,167,-2947.145354,-0.000000
153,168,-2947.145354,0.000000
153,169,-2947.145354,-0.000000
153,170,-2947.145370,0.000000
153,171,-2947.145355,0.000000
153,172,-2947.145356,-0.000000
153,173,-2947.145631,0.000000
153,174,-2947.145360,0.000000
153,175,-2947.145393,-0.000001
153,176,-2947.145381,0.000000
153,177,-2947.145358,-0.000000
153,178,-2947.145428,0.000000
153,179,-2947.145356,0.000000
153,180,-2947.145410,0.000000
153,181,-2947.145363,0.000000
153,182,-2947.145355,-0.000000
153,183,-2947.145360,0.000000
153,184,-2947.145394,0.000000
153,185,-2947.145422,0.000000
153,186,-2947.145365,-0.000000
153,187,-2947.145399,0.000000
153,188,-2947.145382,0.000000
153,189,-2947.145362,0.000000
153,190,-2947.145361,0.000000
153,191,-2947.145354,-0.000000
153,192,-2947.145355,-0.000000
153,193,-2947.145355,0.000000
153,194,-2947.145355,0.000000
153,195,-2947.145360,0.000000
153,196,-2947.145354,-0.000000
153,197,-2947.145355,0.000000
153,198,-2947.145355,-0.000000
153,199,-2947.145354,0.000000
153,200,-2947.145371,0.000000
153,201,-2947.145354,-0.000000
153,202,-2947.145359,0.000000
153,203,-2947.145355,0.000000
153,204,-2947.145354,0.000000
153,205,-2947.145355,0.000000
153,206,-2947.145355,-0.000000
153,207,-2947.145354,-0.000000
153,208,-2947.145355,0.000000
153,209,-2947.145354,-0.000000
153,210,-2947.145355,0.000000
153,211,-2947.145357,0.000000
153,212,-2947.145356,-0.000000
153,213,-2947.145385,0.000000
153,214,-2947.145357,0.000000
153,215,-2947.145355,-0.000000
153,216,-2947.145355,0.000000
153,217,-2947.145425,0.000000
153,218,-2947.145354,0.000000
153,219,-2947.145355,0.000000
153,220,-2947.145359,0.000000
153,221,-2947.145516,0.000000
153,222,-2947.145411,0.000000
153,223,-2947.145360,-0.000000
153,224,-2947.145358,0.000000
153,225,-2947.145355,-0.000000
153,226,-2947.145354,-0.000000
153,227,-2947.145356,0.000000
153,228,-2947.145397,0.000000
153,229,-2947.145354,0.000000
153,230,-2947.145355,-0.000000
154,155,-2947.145354,0.000000
154,156,-2947.145354,0.000000
154,157,-2947.145354,0.000000
154,158,-2947.145357,0.000000
154,159,-2947.145357,0.000000
154,160,-2947.145354,-0.000000
154,161,-2947.145356,0.000000
154,162,-2947.145354,0.000000
154,163,-2947.145356,0.000000
154,164,-2947.145354,0.000000
154,165,-2947.145355,0.000000
154,166,-2947.145360,0.000000
154,167,-2947.145354,0.000000
154,168,-2947.145354,0.000000
154,169,-2947.145354,0.000000
154,170,-2947.145370,0.000000
154,171,-2947.145355,0.000000
154,172,-2947.145356,0.000000
154,173,-2947.145631,0.000000
154,174,-2947.145360,0.000000
154,175,-2947.145392,0.000000
154,176,-2947.145380,0.000000
154,177,-2947.145358,0.000000
154,178,-2947.145428,-0.000000
154,179,-2947.145355,0.000000
154,180,-2947.145410,0.000000
154,181,-2947.145363,0.000000
154,182,-2947.145355,0.000000
154,183,-2947.145360,-0.000000
154,184,-2947.145394,0.000000
154,185,-2947.145422,0.000000
154,186,-2947.145364,0.000000
154,187,-2947.145399,0.000000
154,188,-2947.145382,-0.000000
154,189,-2947.145362,0.000000
154,190,-2947.145361,0.000000
154,191,-2947.145354,0.000000
154,192,-2947.145354,0.000000
154,193,-2947.145355,-0.000000
154,194,-2947.145354,0.000000
154,195,-2947.145360,0.000000
154,196,-2947.145354,0.000000
154,197,-2947.145355,0.000000
154,198,-2947.145354,0.000000
154,199,-2947.145354,0.000000
154,200,-2947.145371,0.000000
154,201,-2947.145354,0.000000
154,202,-2947.145359,-0.000000
154,203,-2947.145355,0.000000
154,204,-2947.145354,0.000000
154,205,-2947.145355,0.000000
154,206,-2947.145354,0.000000
154,207,-2947.145354,0.000000
154,208,-2947.145355,-0.000000
154,209,-2947.145354,0.000000
154,210,-2947.145355,0.000000
154,211,-2947.145356,0.000000
154,212,-2947.145356,0.000000
154,213,-2947.145385,0.000000
154,214,-2947.145357,0.000000
154,215,-2947.145354,0.000000
154,216,-2947.145355,-0.000000
154,217,-2947.145425,0.000000
154,218,-2947.145354,0.000000
154,219,-2947.145355,-0.000000
154,220,-2947.145359,0.000000
154,221,-2947.145516,0.000000
154,222,-2947.145411,-0.000001
154,223,-2947.145360,0.000000
154,224,-2947.145358,0.000000
154,225,-2947.145355,0.000000
154,226,-2947.145354,0.000000
154,227,-2947.145356,0.000000
154,228,-2947.145397,0.000000
154,229,-2947.145354,0.000000
154,230,-2947.145354,0.000000
155,156,-2947.145354,0.000000
155,157,-2947.145354,0.000000
155,158,-2947.145359,-0.000002
155,159,-2947.145358,-0.000001
155,160,-2947.145354,0.000000
155,161,-2947.145356,0.000000
155,162,-2947.145354,0.000000
155,163,-2947.145357,-0.000001
155,164,-2947.145354,0.000000
155,165,-2947.145355,0.000000
155,166,-2947.145360,0.000000
155,167,-2947.145354,0.000000
155,168,-2947.145355,-0.000000
155,169,-2947.145354,0.000000
155,170,-2947.145371,-0.000001
155,171,-2947.145356,-0.000001
155,172,-2947.145356,0.000000
155,173,-2947.145631,0.000000
155,174,-2947.145362,-0.000002
155,175,-2947.145392,0.000000
155,176,-2947.145381,-0.000000
155,177,-2947.145358,0.000000
155,178,-2947.145428,0.000000
155,179,-2947.145356,-0.000000
155,180,-2947.145410,0.000000
155,181,-2947.145363,0.000000
155,182,-2947.145355,0.000000
155,183,-2947.145360,0.000000
155,184,-2947.145399,-0.000004
155,185,-2947.145423,-0.000001
155,186,-2947.145365,0.000000
155,187,-2947.145399,0.000000
155,188,-2947.145382,0.000000
155,189,-2947.145363,-0.000001
155,190,-2947.145361,0.000000
155,191,-2947.145355,0.000000
155,192,-2947.145355,0.000000
155,193,-2947.145355,0.000000
155,194,-2947.145355,-0.000000
155,195,-2947.145360,0.000000
155,196,-2947.145354,0.000000
155,197,-2947.145355,-0.000000
155,198,-2947.145355,0.000000
155,199,-2947.145355,-0.000000
155,200,-2947.145371,0.000000
155,201,-2947.145354,0.000000
155,202,-2947.145359,0.000000
155,203,-2947.145355,-0.000000
155,204,-2947.145355,-0.000000
155,205,-2947.145355,-0.000000
155,206,-2947.145355,0.000000
155,207,-2947.145354,0.000000
155,208,-2947.145355,0.000000
155,209,-2947.145354,0.000000
155,210,-2947.145355,0.000000
155,211,-2947.145357,-0.000000
155,212,-2947.145356,0.000000
155,213,-2947.145385,-0.000000
155,214,-2947.145357,0.000000
155,215,-2947.145354,0.000000
155,216,-2947.145355,0.000000
155,217,-2947.145425,0.000000
155,218,-2947.145354,-0.000000
155,219,-2947.145355,0.000000
155,220,-2947.145359,0.000000
155,221,-2947.145516,0.000000
155,222,-2947.145411,0.000000
155,223,-2947.145360,0.000000
155,224,-2947.145358,-0.000000
155,225,-2947.145355,0.000000
155,226,-2947.145354,0.000000
155,227,-2947.145357,-0.000000
155,228,-2947.145397,0.000000
155,229,-2947.145354,0.000000
155,230,-2947.145355,0.000000
156,157,-2947.145354,-0.000000
156,158,-2947.145357,0.000000
156,159,-2947.145357,0.000000
156,160,-2947.145354,0.000000
156,161,-2947.145356,0.000000
156,162,-2947.145354,0.000000
156,163,-2947.145356,0.000000
156,164,-2947.145354,-0.000000
156,165,-2947.145355,-0.000000
156,166,-2947.145360,0.000000
156,167,-2947.145354,-0.000000
156,168,-2947.145354,0.000000
156,169,-2947.145354,-0.000000
156,170,-2947.145370,0.000000
156,171,-2947.145355,0.000000
156,172,-2947.145356,-0.000000
156,173,-2947.145631,0.000000
156,174,-2947.145360,0.000000
156,175,-2947.145392,-0.000001
156,176,-2947.145380,0.000000
156,177,-2947.145358,-0.000000
156,178,-2947.145428,0.000000
156,179,-2947.145355,0.000000
156,180,-2947.145410,0.000000
156,181,-2947.145363,0.000000
156,182,-2947.145355,-0.000000
156,183,-2947.145360,0.000000
156,184,-2947.145394,0.000000
156,185,-2947.145422,0.000000
156,186,-2947.145365,-0.000000
156,187,-2947.145399,0.000000
156,188,-2947.145382,0.000000
156,189,-2947.145362,0.000000
156,190,-2947.145361,0.000000
156,191,-2947.145354,-0.000000
156,192,-2947.145354,-0.000000
156,193,-2947.145355,0.000000
156,194,-2947.145354,0.000000
156,195,-2947.145360,0.000000
156,196,-2947.145354,-0.000000
156,197,-2947.145355,0.000000
156,198,-2947.145354,-0.000000
156,199,-2947.145354,0.000000
156,200,-2947.145371,0.000000
156,201,-2947.145354,-0.000000
156,202,-2947.145359,0.000000
156,203,-2947.145355,0.000000
156,204,-2947.145354,0.000000
156,205,-2947.145355,0.000000
156,206,-2947.145354,-0.000000
156,207,-2947.145354,-0.000000
156,208,-2947.145355,0.000000
156,209,-2947.145354,-0.000000
156,210,-2947.145355,0.000000
156,211,-2947.145356,0.000000
156,212,-2947.145356,-0.000000
156,213,-2947.145385,0.000000
156,214,-2947.145357,0.000000
156,215,-2947.145354,-0.000000
156,216,-2947.145355,0.000000
156,217,-2947.145425,0.000000
156,218,-2947.145354,0.000000
156,219,-2947.145355,0.000000
156,220,-2947.145359,0.000000
156,221,-2947.145516,0.000000
156,222,-2947.145410,0.000000
156,223,-2947.145360,-0.000000
156,224,-2947.145358,0.000000
156,225,-2947.145355,-0.000000
156,226,-2947.145354,-0.000000
156,227,-2947.145356,0.000000
156,228,-2947.145397,0.000000
156,229,-2947.145354,0.000000
156,230,-2947.145354,-0.000000
157,158,-2947.145357,0.000000
157,159,-2947.145357,0.000000
157,160,-2947.145354,0.000000
157,161,-2947.145356,0.000000
157,162,-2947.145354,0.000000
157,163,-2947.145356,0.000000
157,164,-2947.145354,-0.000000
157,165,-2947.145355,-0.000000
157,166,-2947.145360,0.000000
157,167,-2947.145354,-0.000000
157,168,-2947.145354,0.000000
157,169,-2947.145354,-0.000000
157,170,-2947.145370,0.000000
157,171,-2947.145355,0.000000
157,172,-2947.145356,-0.000000
157,173,-2947.145631,0.000000
157,174,-2947.145360,0.000000
157,175,-2947.145392,-0.000000
157,176,-2947.145380,0.000000
157,177,-2947.145358,-0.000000
157,178,-2947.145428,0.000000
157,179,-2947.145355,0.000000
157,180,-2947.145410,0.000000
157,181,-2947.145363,0.000000
157,182,-2947.145355,-0.000000
157,183,-2947.145360,0.000000
157,184,-2947.145394,0.000000
157,185,-2947.145422,0.000000
157,186,-2947.145365,-0.000000
157,187,-2947.145399,0.000000
157,188,-2947.145382,0.000000
157,189,-2947.145362,0.000000
157,190,-2947.145361,0.000000
157,191,-2947.145354,-0.000000
157,192,-2947.145354,-0.000000
157,193,-2947.145355,0.000000
157,194,-2947.145354,0.000000
157,195,-2947.145360,0.000000
157,196,-2947.145354,0.000000
157,197,-2947.145355,0.000000
157,198,-2947.145354,-0.000000
157,199,-2947.145354,0.000000
157,200,-2947.145371,0.000000
157,201,-2947.145354,-0.000000
157,202,-2947.145359,0.000000
157,203,-2947.145355,0.000000
157,204,-2947.145354,0.000000
157,205,-2947.145355,0.000000
157,206,-2947.145354,-0.000000
157,207,-2947.145354,-0.000000
157,208,-2947.145355,0.000000
157,209,-2947.145354,-0.000000
157,210,-2947.145355,0.000000
157,211,-2947.145356,0.000000
157,212,-2947.145356,-0.000000
157,213,-2947.145385,0.000000
157,214,-2947.145357,0.000000
157,215,-2947.145354,0.000000
157,216,-2947.145355,0.000000
157,217,-2947.145425,0.000000
157,218,-2947.145354,0.000000
157,219,-2947.145355,0.000000
157,220,-2947.145359,0.000000
157,221,-2947.145516,0.000000
157,222,-2947.145410,0.000000
157,223,-2947.145360,-0.000000
157,224,-2947.145358,0.000000
157,225,-2947.145355,-0.000000
157,226,-2947.145354,-0.000000
157,227,-2947.145356,0.000000
157,228,-2947.145397,0.000000
157,229,-2947.145354,0.000000
157,230,-2947.145354,-0.000000
158,159,-2947.145365,-0.000005
158,160,-2947.145357,0.000000
158,161,-2947.145359,-0.000000
158,162,-2947.145357,0.000000
158,163,-2947.145363,-0.000004
158,164,-2947.145357,0.000000
158,165,-2947.145358,0.000000
158,166,-2947.145363,0.000000
158,167,-2947.145357,0.000000
158,168,-2947.145359,-0.000001
158,169,-2947.145357,0.000000
158,170,-2947.145378,-0.000005
158,171,-2947.145361,-0.000003
158,172,-2947.145359,0.000000
158,173,-2947.145634,0.000000
158,174,-2947.145369,-0.000006
158,175,-2947.145395,0.000000
158,176,-2947.145384,-0.000000
158,177,-2947.145361,0.000000
158,178,-2947.145431,0.000000
158,179,-2947.145360,-0.000001
158,180,-2947.145413,0.000000
158,181,-2947.145366,0.000000
158,182,-2947.145358,0.000000
158,183,-2947.145363,0.000000
158,184,-2947.145411,-0.000014
158,185,-2947.145429,-0.000004
158,186,-2947.145368,0.000000
158,187,-2947.145402,0.000000
158,188,-2947.145385,0.000000
158,189,-2947.145367,-0.000002
158,190,-2947.145364,0.000000
158,191,-2947.145358,0.000000
158,192,-2947.145358,0.000000
158,193,-2947.145358,0.000000
158,194,-2947.145358,-0.000001
158,195,-2947.145363,0.000000
158,196,-2947.145357,0.000000
158,197,-2947.145359,-0.000001
158,198,-2947.145358,0.000000
158,199,-2947.145359,-0.000001
158,200,-2947.145374,0.000000
158,201,-2947.145357,0.000000
158,202,-2947.145362,0.000000
158,203,-2947.145359,-0.000001
158,204,-2947.145359,-0.000001
158,205,-2947.145358,-0.000000
158,206,-2947.145358,0.000000
158,207,-2947.145357,0.000000
158,208,-2947.145358,0.000000
158,209,-2947.145357,0.000000
158,210,-2947.145358,0.000000
158,211,-2947.145360,-0.000000
158,212,-2947.145359,0.000000
158,213,-2947.145390,-0.000001
158,214,-2947.145360,0.000000
158,215,-2947.145358,0.000000
158,216,-2947.145358,0.000000
158,217,-2947.145428,0.000000
158,218,-2947.145357,-0.000000
158,219,-2947.145358,0.000000
158,220,-2947.145362,0.000000
158,221,-2947.145519,0.000000
158,222,-2947.145414,0.000000
158,223,-2947.145363,0.000000
158,224,-2947.145361,-0.000000
158,225,-2947.145358,0.000000
158,226,-2947.145357,0.000000
158,227,-2947.145360,-0.000001
158,228,-2947.145400,0.000000
158,229,-2947.145358,-0.000000
158,230,-2947.145358,0.000000
159,160,-2947.145357,0.000000
159,161,-2947.145359,-0.000000
159,162,-2947.145357,0.000000
159,163,-2947.145363,-0.000004
159,164,-2947.145357,0.000000
159,165,-2947.145358,0.000000
159,166,-2947.145362,0.000000
159,167,-2947.145357,0.000000
159,168,-2947.145359,-0.000002
159,169,-2947.145357,0.000000
159,170,-2947.145373,-0.000000
159,171,-2947.145360,-0.000002
159,172,-2947.145358,0.000000
159,173,-2947.145633,0.000000
159,174,-2947.145368,-0.000005
159,175,-2947.145394,0.000000
159,176,-2947.145384,-0.000001
159,177,-2947.145360,0.000000
159,178,-2947.145430,0.000000
159,179,-2947.145358,-0.000000
159,180,-2947.145412,0.000000
159,181,-2947.145366,0.000000
159,182,-2947.145358,0.000000
159,183,-2947.145362,0.000000
159,184,-2947.145407,-0.000010
159,185,-2947.145432,-0.000007
159,186,-2947.145367,0.000000
159,187,-2947.145401,0.000000
159,188,-2947.145384,0.000000
159,189,-2947.145366,-0.000002
159,190,-2947.145364,0.000000
159,191,-2947.145357,0.000000
159,192,-2947.145357,0.000000
159,193,-2947.145358,0.000000
159,194,-2947.145358,-0.000000
159,195,-2947.145363,0.000000
159,196,-2947.145357,0.000000
159,197,-2947.145358,-0.000000
159,198,-2947.145357,0.000000
159,199,-2947.145358,-0.000001
159,200,-2947.145373,0.000000
159,201,-2947.145357,0.000000
159,202,-2947.145362,0.000000
159,203,-2947.145357,-0.000000
159,204,-2947.145357,-0.000000
159,205,-2947.145358,-0.000000
159,206,-2947.145357,0.000000
159,207,-2947.145357,0.000000
159,208,-2947.145358,0.000000
159,209,-2947.145357,0.000000
159,210,-2947.145358,0.000000
159,211,-2947.145359,-0.000000
159,212,-2947.145358,0.000000
159,213,-2947.145389,-0.000002
159,214,-2947.145360,0.000000
159,215,-2947.145357,0.000000
159,216,-2947.145358,0.000000
159,217,-2947.145427,0.000000
159,218,-2947.145357,-0.000000
159,219,-2947.145358,0.000000
159,220,-2947.145363,-0.000001
159,221,-2947.145519,0.000000
159,222,-2947.145413,0.000000
159,223,-2947.145362,0.000000
159,224,-2947.145360,-0.000000
159,225,-2947.145358,0.000000
159,226,-2947.145357,0.000000
159,227,-2947.145359,0.000000
159,228,-2947.145400,0.000000
159,229,-2947.145357,-0.000000
159,230,-2947.145357,0.000000
160,161,-2947.145356,0.000000
160,162,-2947.145354,0.000000
160,163,-2947.145356,0.000000
160,164,-2947.145354,0.000000
160,165,-2947.145355,0.000000
160,166,-2947.145360,0.000000
160,167,-2947.145354,0.000000
160,168,-2947.145355,0.000000
160,169,-2947.145354,0.000000
160,170,-2947.145370,0.000000
160,171,-2947.145355,0.000000
160,172,-2947.145356,0.000000
160,173,-2947.145631,0.000000
160,174,-2947.145360,0.000000
160,175,-2947.145392,0.000000
160,176,-2947.145381,0.000000
160,177,-2947.145358,0.000000
160,178,-2947.145432,-0.000004
160,179,-2947.145356,0.000000
160,180,-2947.145410,0.000000
160,181,-2947.145363,0.000000
160,182,-2947.145355,0.000000
160,183,-2947.145360,-0.000000
160,184,-2947.145394,0.000000
160,185,-2947.145422,0.000000
160,186,-2947.145365,0.000000
160,187,-2947.145399,0.000000
160,188,-2947.145382,-0.000001
160,189,-2947.145362,0.000000
160,190,-2947.145361,0.000000
160,191,-2947.145355,0.000000
160,192,-2947.145355,0.000000
160,193,-2947.145355,-0.000000
160,194,-2947.145355,0.000000
160,195,-2947.145360,0.000000
160,196,-2947.145354,0.000000
160,197,-2947.145355,0.000000
160,198,-2947.145355,0.000000
160,199,-2947.145354,0.000000
160,200,-2947.145371,0.000000
160,201,-2947.145354,0.000000
160,202,-2947.145360,-0.000001
160,203,-2947.145355,0.000000
160,204,-2947.145354,0.000000
160,205,-2947.145355,0.000000
160,206,-2947.145355,0.000000
160,207,-2947.145354,0.000000
160,208,-2947.145355,-0.000000
160,209,-2947.145354,0.000000
160,210,-2947.145355,0.000000
160,211,-2947.145357,0.000000
160,212,-2947.145356,0.000000
160,213,-2947.145385,0.000000
160,214,-2947.145357,0.000000
160,215,-2947.145354,0.000000
160,216,-2947.145355,-0.000000
160,217,-2947.145425,0.000000
160,218,-2947.145354,0.000000
160,219,-2947.145355,0.000000
160,220,-2947.145359,0.000000
160,221,-2947.145516,0.000000
160,222,-2947.145411,-0.000001
160,223,-2947.145360,0.000000
160,224,-2947.145358,0.000000
160,225,-2947.145355,0.000000
160,226,-2947.145354,0.000000
160,227,-2947.145357,0.000000
160,228,-2947.145397,0.000000
160,229,-2947.145354,0.000000
160,230,-2947.145355,0.000000
161,162,-2947.145356,0.000000
161,163,-2947.145358,-0.000000
161,164,-2947.145356,0.000000
161,165,-2947.145357,0.000000
161,166,-2947.145361,0.000000
161,167,-2947.145356,0.000000
161,168,-2947.145356,-0.000000
161,169,-2947.145356,0.000000
161,170,-2947.145376,-0.000005
161,171,-2947.145357,0.000000
161,172,-2947.145357,0.000000
161,173,-2947.145633,0.000000
161,174,-2947.145362,0.000000
161,175,-2947.145394,0.000000
161,176,-2947.145391,-0.000009
161,177,-2947.145359,0.000000
161,178,-2947.145429,0.000000
161,179,-2947.145357,0.000000
161,180,-2947.145411,0.000000
161,181,-2947.145365,0.000000
161,182,-2947.145357,0.000000
161,183,-2947.145361,0.000000
161,184,-2947.145399,-0.000004
161,185,-2947.145435,-0.000011
161,186,-2947.145366,0.000000
161,187,-2947.145400,0.000000
161,188,-2947.145383,0.000000
161,189,-2947.145363,-0.000000
161,190,-2947.145363,0.000000
161,191,-2947.145356,0.000000
161,192,-2947.145356,0.000000
161,193,-2947.145357,0.000000
161,194,-2947.145356,-0.000000
161,195,-2947.145362,0.000000
161,196,-2947.145356,0.000000
161,197,-2947.145356,-0.000000
161,198,-2947.145356,0.000000
161,199,-2947.145356,-0.000000
161,200,-2947.145372,0.000000
161,201,-2947.145356,0.000000
161,202,-2947.145361,0.000000
161,203,-2947.145357,-0.000000
161,204,-2947.145356,-0.000000
161,205,-2947.145358,-0.000001
161,206,-2947.145356,0.000000
161,207,-2947.145356,0.000000
161,208,-2947.145357,0.000000
161,209,-2947.145356,0.000000
161,210,-2947.145357,0.000000
161,211,-2947.145358,-0.000000
161,212,-2947.145357,0.000000
161,213,-2947.145388,-0.000002
161,214,-2947.145359,0.000000
161,215,-2947.145356,0.000000
161,216,-2947.145357,0.000000
161,217,-2947.145426,0.000000
161,218,-2947.145356,-0.000000
161,219,-2947.145356,0.000000
161,220,-2947.145362,-0.000002
161,221,-2947.145518,0.000000
161,222,-2947.145412,0.000000
161,223,-2947.145361,0.000000
161,224,-2947.145360,-0.000001
161,225,-2947.145357,0.000000
161,226,-2947.145356,0.000000
161,227,-2947.145359,-0.000000
161,228,-2947.145399,0.000000
161,229,-2947.145357,-0.000001
161,230,-2947.145356,0.000000
162,163,-2947.145356,0.000000
162,164,-2947.145354,-0.000000
162,165,-2947.145355,-0.000000
162,166,-2947.145360,0.000000
162,167,-2947.145354,-0.000000
162,168,-2947.145354,0.000000
162,169,-2947.145354,-0.000000
162,170,-2947.145370,0.000000
162,171,-2947.145355,0.000000
162,172,-2947.145356,-0.000000
162,173,-2947.145631,0.000000
162,174,-2947.145360,0.000000
162,175,-2947.145392,-0.000000
162,176,-2947.145380,0.000000
162,177,-2947.145358,-0.000000
162,178,-2947.145428,0.000000
162,179,-2947.145355,0.000000
162,180,-2947.145410,0.000000
162,181,-2947.145363,0.000000
162,182,-2947.145355,0.000000
162,183,-2947.145360,0.000000
162,184,-2947.145394,0.000000
162,185,-2947.145422,0.000000
162,186,-2947.145365,-0.000000
162,187,-2947.145399,0.000000
162,188,-2947.145382,0.000000
162,189,-2947.145362,0.000000
162,190,-2947.145361,0.000000
162,191,-2947.145354,-0.000000
162,192,-2947.145355,-0.000000
162,193,-2947.145355,0.000000
162,194,-2947.145355,0.000000
162,195,-2947.145360,0.000000
162,196,-2947.145354,-0.000000
162,197,-2947.145355,0.000000
162,198,-2947.145354,-0.000000
162,199,-2947.145354,0.000000
162,200,-2947.145371,0.000000
162,201,-2947.145354,-0.000000
162,202,-2947.145359,0.000000
162,203,-2947.145355,0.000000
162,204,-2947.145354,0.000000
162,205,-2947.145355,0.000000
162,206,-2947.145354,-0.000000
162,207,-2947.145354,-0.000000
162,208,-2947.145355,0.000000
162,209,-2947.145354,-0.000000
162,210,-2947.145355,0.000000
162,211,-2947.145356,0.000000
162,212,-2947.145356,-0.000000
162,213,-2947.145385,0.000000
162,214,-2947.145357,0.000000
162,215,-2947.145354,-0.000000
162,216,-2947.145355,0.000000
162,217,-2947.145425,0.000000
162,218,-2947.145354,0.000000
162,219,-2947.145355,0.000000
162,220,-2947.145359,0.000000
162,221,-2947.145516,0.000000
162,222,-2947.145411,0.000000
162,223,-2947.145360,-0.000000
162,224,-2947.145358,0.000000
162,225,-2947.145355,-0.000000
162,226,-2947.145354,0.000000
162,227,-2947.145356,0.000000
162,228,-2947.145397,0.000000
162,229,-2947.145354,0.000000
162,230,-2947.145354,-0.000000
163,164,-2947.145356,0.000000
163,165,-2947.145357,0.000000
163,166,-2947.145362,0.000000
163,167,-2947.145356,0.000000
163,168,-2947.145357,-0.000001
163,169,-2947.145356,0.000000
163,170,-2947.145372,-0.000001
163,171,-2947.145359,-0.000001
163,172,-2947.145358,0.000000
163,173,-2947.145633,0.000000
163,174,-2947.145366,-0.000004
163,175,-2947.145394,0.000000
163,176,-2947.145383,-0.000001
163,177,-2947.145360,0.000000
163,178,-2947.145430,0.000000
163,179,-2947.145358,-0.000001
163,180,-2947.145412,0.000000
163,181,-2947.145365,0.000000
163,182,-2947.145357,0.000000
163,183,-2947.145362,0.000000
163,184,-2947.145412,-0.000015
163,185,-2947.145434,-0.000011
163,186,-2947.145366,0.000000
163,187,-2947.145401,0.000000
163,188,-2947.145384,0.000000
163,189,-2947.145366,-0.000003
163,190,-2947.145363,0.000000
163,191,-2947.145356,0.000000
163,192,-2947.145356,0.000000
163,193,-2947.145357,0.000000
163,194,-2947.145357,-0.000000
163,195,-2947.145362,0.000000
163,196,-2947.145356,0.000000
163,197,-2947.145357,-0.000000
163,198,-2947.145356,0.000000
163,199,-2947.145357,-0.000001
163,200,-2947.145373,0.000000
163,201,-2947.145356,0.000000
163,202,-2947.145361,0.000000
163,203,-2947.145357,-0.000000
163,204,-2947.145357,-0.000001
163,205,-2947.145357,-0.000000
163,206,-2947.145356,0.000000
163,207,-2947.145356,0.000000
163,208,-2947.145357,0.000000
163,209,-2947.145356,0.000000
163,210,-2947.145357,0.000000
163,211,-2947.145358,-0.000000
163,212,-2947.145358,0.000000
163,213,-2947.145387,-0.000000
163,214,-2947.145359,0.000000
163,215,-2947.145356,0.000000
163,216,-2947.145357,0.000000
163,217,-2947.145427,0.000000
163,218,-2947.145356,-0.000000
163,219,-2947.145357,0.000000
163,220,-2947.145361,-0.000000
163,221,-2947.145518,0.000000
163,222,-2947.145412,0.000000
163,223,-2947.145362,0.000000
163,224,-2947.145359,0.000000
163,225,-2947.145357,0.000000
163,226,-2947.145356,0.000000
163,227,-2947.145359,-0.000000
163,228,-2947.145399,0.000000
163,229,-2947.145356,-0.000000
163,230,-2947.145356,0.000000
164,165,-2947.145355,-0.000000
164,166,-2947.145360,0.000000
164,167,-2947.145354,-0.000000
164,168,-2947.145354,0.000000
164,169,-2947.145354,-0.000000
164,170,-2947.145370,0.000000
164,171,-2947.145355,0.000000
164,172,-2947.145356,-0.000000
164,173,-2947.145631,0.000000
164,174,-2947.145360,0.000000
164,175,-2947.145394,-0.000002
164,176,-2947.145380,0.000000
164,177,-2947.145358,-0.000000
164,178,-2947.145428,0.000000
164,179,-2947.145356,0.000000
164,180,-2947.145410,0.000000
164,181,-2947.145363,0.000000
164,182,-2947.145355,-0.000000
164,183,-2947.145360,0.000000
164,184,-2947.145394,0.000000
164,185,-2947.145422,0.000000
164,186,-2947.145365,-0.000001
164,187,-2947.145399,0.000000
164,188,-2947.145382,0.000000
164,189,-2947.145362,0.000000
164,190,-2947.145361,0.000000
164,191,-2947.145355,-0.000000
164,192,-2947.145355,-0.000000
164,193,-2947.145355,0.000000
164,194,-2947.145355,0.000000
164,195,-2947.145360,0.000000
164,196,-2947.145354,-0.000000
164,197,-2947.145355,0.000000
164,198,-2947.145355,-0.000000
164,199,-2947.145354,0.000000
164,200,-2947.145371,0.000000
164,201,-2947.145354,-0.000000
164,202,-2947.145359,0.000000
164,203,-2947.145355,0.000000
164,204,-2947.145354,0.000000
164,205,-2947.145355,0.000000
164,206,-2947.145355,-0.000000
164,207,-2947.145354,-0.000000
164,208,-2947.145355,0.000000
164,209,-2947.145354,-0.000000
164,210,-2947.145355,0.000000
164,211,-2947.145356,0.000000
164,212,-2947.145356,-0.000000
164,213,-2947.145385,0.000000
164,214,-2947.145357,0.000000
164,215,-2947.145355,-0.000000
164,216,-2947.145355,0.000000
164,217,-2947.145425,0.000000
164,218,-2947.145354,0.000000
164,219,-2947.145355,0.000000
164,220,-2947.145359,0.000000
164,221,-2947.145516,0.000000
164,222,-2947.145411,0.000000
164,223,-2947.145360,-0.000001
164,224,-2947.145358,0.000000
164,225,-2947.145355,-0.000000
164,226,-2947.145354,-0.000000
164,227,-2947.145356,0.000000
164,228,-2947.145397,0.000000
164,229,-2947.145354,0.000000
164,230,-2947.145354,-0.000000
165,166,-2947.145361,0.000000
165,167,-2947.145355,-0.000000
165,168,-2947.145355,0.000000
165,169,-2947.145355,-0.000000
165,170,-2947.145371,0.000000
165,171,-2947.145356,0.000000
165,172,-2947.145358,-0.000001
165,173,-2947.145632,0.000000
165,174,-2947.145361,0.000000
165,175,-2947.145405,-0.000012
165,176,-2947.145381,0.000000
165,177,-2947.145362,-0.000003
165,178,-2947.145429,0.000000
165,179,-2947.145356,0.000000
165,180,-2947.145410,0.000000
165,181,-2947.145364,0.000000
165,182,-2947.145357,-0.000001
165,183,-2947.145360,0.000000
165,184,-2947.145395,0.000000
165,185,-2947.145423,0.000000
165,186,-2947.145368,-0.000003
165,187,-2947.145400,0.000000
165,188,-2947.145383,0.000000
165,189,-2947.145362,0.000000
165,190,-2947.145362,0.000000
165,191,-2947.145356,-0.000001
165,192,-2947.145355,-0.000000
165,193,-2947.145356,0.000000
165,194,-2947.145355,0.000000
165,195,-2947.145361,0.000000
165,196,-2947.145355,-0.000000
165,197,-2947.145356,0.000000
165,198,-2947.145355,-0.000000
165,199,-2947.145355,0.000000
165,200,-2947.145372,0.000000
165,201,-2947.145355,-0.000000
165,202,-2947.145360,0.000000
165,203,-2947.145355,0.000000
165,204,-2947.145355,0.000000
165,205,-2947.145356,0.000000
165,206,-2947.145356,-0.000001
165,207,-2947.145355,-0.000000
165,208,-2947.145356,0.000000
165,209,-2947.145355,-0.000000
165,210,-2947.145356,0.000000
165,211,-2947.145357,0.000000
165,212,-2947.145358,-0.000001
165,213,-2947.145386,0.000000
165,214,-2947.145358,0.000000
165,215,-2947.145356,-0.000000
165,216,-2947.145356,0.000000
165,217,-2947.145426,0.000000
165,218,-2947.145355,0.000000
165,219,-2947.145356,0.000000
165,220,-2947.145360,0.000000
165,221,-2947.145517,0.000000
165,222,-2947.145411,0.000000
165,223,-2947.145363,-0.000003
165,224,-2947.145358,0.000000
165,225,-2947.145357,-0.000001
165,226,-2947.145355,-0.000000
165,227,-2947.145357,0.000000
165,228,-2947.145398,0.000000
165,229,-2947.145355,0.000000
165,230,-2947.145356,-0.000001
166,167,-2947.145360,0.000000
166,168,-2947.145360,0.000000
166,169,-2947.145360,0.000000
166,170,-2947.145375,0.000000
166,171,-2947.145361,0.000000
166,172,-2947.145361,0.000000
166,173,-2947.145683,-0.000046
166,174,-2947.145366,0.000000
166,175,-2947.145397,0.000000
166,176,-2947.145386,0.000000
166,177,-2947.145363,0.000000
166,178,-2947.145433,0.000000
166,179,-2947.145361,0.000000
166,180,-2947.145424,-0.000009
166,181,-2947.145369,-0.000000
166,182,-2947.145360,0.000000
166,183,-2947.145365,0.000000
166,184,-2947.145400,0.000000
166,185,-2947.145427,0.000000
166,186,-2947.145370,0.000000
166,187,-2947.145406,-0.000002
166,188,-2947.145387,0.000000
166,189,-2947.145367,0.000000
166,190,-2947.145367,-0.000000
166,191,-2947.145360,0.000000
166,192,-2947.145360,0.000000
166,193,-2947.145361,0.000000
166,194,-2947.145360,0.000000
166,195,-2947.145368,-0.000003
166,196,-2947.145360,0.000000
166,197,-2947.145360,0.000000
166,198,-2947.145360,0.000000
166,199,-2947.145360,0.000000
166,200,-2947.145379,-0.000002
166,201,-2947.145360,0.000000
166,202,-2947.145365,0.000000
166,203,-2947.145360,0.000000
166,204,-2947.145360,0.000000
166,205,-2947.145361,0.000000
166,206,-2947.145360,0.000000
166,207,-2947.145360,0.000000
166,208,-2947.145360,0.000000
166,209,-2947.145360,0.000000
166,210,-2947.145361,-0.000000
166,211,-2947.145362,0.000000
166,212,-2947.145361,0.000000
166,213,-2947.145391,0.000000
166,214,-2947.145363,-0.000001
166,215,-2947.145360,0.000000
166,216,-2947.145361,0.000000
166,217,-2947.145430,0.000000
166,218,-2947.145360,0.000000
166,219,-2947.145360,0.000000
166,220,-2947.145364,0.000000
166,221,-2947.145530,-0.000008
166,222,-2947.145416,0.000000
166,223,-2947.145365,0.000000
166,224,-2947.145363,0.000000
166,225,-2947.145360,0.000000
166,226,-2947.145360,0.000000
166,227,-2947.145362,0.000000
166,228,-2947.145403,-0.000000
166,229,-2947.145360,0.000000
166,230,-2947.145360,0.000000
167,168,-2947.145355,0.000000
167,169,-2947.145354,-0.000000
167,170,-2947.145370,0.000000
167,171,-2947.145355,0.000000
167,172,-2947.145356,-0.000000
167,173,-2947.145631,0.000000
167,174,-2947.145360,0.000000
167,175,-2947.145393,-0.000001
167,176,-2947.145381,0.000000
167,177,-2947.145358,-0.000000
167,178,-2947.145428,0.000000
167,179,-2947.145356,0.000000
167,180,-2947.145410,0.000000
167,181,-2947.145363,0.000000
167,182,-2947.145355,-0.000000
167,183,-2947.145360,0.000000
167,184,-2947.145394,0.000000
167,185,-2947.145422,0.000000
167,186,-2947.145365,0.000000
167,187,-2947.145399,0.000000
167,188,-2947.145382,0.000000
167,189,-2947.145362,0.000000
167,190,-2947.145361,0.000000
167,191,-2947.145355,-0.000000
167,192,-2947.145355,-0.000000
167,193,-2947.145355,0.000000
167,194,-2947.145355,0.000000
167,195,-2947.145360,0.000000
167,196,-2947.145354,0.000000
167,197,-2947.145355,0.000000
167,198,-2947.145355,-0.000000
167,199,-2947.145354,0.000000
167,200,-2947.145371,0.000000
167,201,-2947.145354,-0.000000
167,202,-2947.145359,0.000000
167,203,-2947.145355,0.000000
167,204,-2947.145355,0.000000
167,205,-2947.145355,0.000000
167,206,-2947.145355,-0.000000
167,207,-2947.145354,-0.000000
167,208,-2947.145355,0.000000
167,209,-2947.145354,-0.000000
167,210,-2947.145355,0.000000
167,211,-2947.145357,0.000000
167,212,-2947.145356,0.000000
167,213,-2947.145385,0.000000
167,214,-2947.145357,0.000000
167,215,-2947.145355,-0.000000
167,216,-2947.145355,0.000000
167,217,-2947.145425,0.000000
167,218,-2947.145354,0.000000
167,219,-2947.145355,0.000000
167,220,-2947.145359,0.000000
167,221,-2947.145516,0.000000
167,222,-2947.145411,0.000000
167,223,-2947.145360,-0.000000
167,224,-2947.145358,0.000000
167,225,-2947.145355,-0.000000
167,226,-2947.145354,-0.000000
167,227,-2947.145357,0.000000
167,228,-2947.145397,0.000000
167,229,-2947.145354,0.000000
167,230,-2947.145355,-0.000000
168,169,-2947.145354,0.000000
168,170,-2947.145370,-0.000000
168,171,-2947.145357,-0.000001
168,172,-2947.145356,0.000000
168,173,-2947.145631,0.000000
168,174,-2947.145363,-0.000002
168,175,-2947.145392,0.000000
168,176,-2947.145381,-0.000000
168,177,-2947.145358,0.000000
168,178,-2947.145428,0.000000
168,179,-2947.145356,-0.000000
168,180,-2947.145410,0.000000
168,181,-2947.145363,0.000000
168,182,-2947.145355,0.000000
168,183,-2947.145360,0.000000
168,184,-2947.145396,-0.000002
168,185,-2947.145423,-0.000001
168,186,-2947.145365,0.000000
168,187,-2947.145399,0.000000
168,188,-2947.145382,0.000000
168,189,-2947.145362,-0.000000
168,190,-2947.145361,0.000000
168,191,-2947.145355,0.000000
168,192,-2947.145355,0.000000
168,193,-2947.145355,0.000000
168,194,-2947.145355,-0.000000
168,195,-2947.145360,0.000000
168,196,-2947.145354,0.000000
168,197,-2947.145355,-0.000000
168,198,-2947.145355,0.000000
168,199,-2947.145355,-0.000000
168,200,-2947.145371,0.000000
168,201,-2947.145354,0.000000
168,202,-2947.145359,0.000000
168,203,-2947.145355,-0.000000
168,204,-2947.145355,-0.000000
168,205,-2947.145355,-0.000000
168,206,-2947.145355,0.000000
168,207,-2947.145354,0.000000
168,208,-2947.145355,0.000000
168,209,-2947.145354,0.000000
168,210,-2947.145355,0.000000
168,211,-2947.145357,-0.000000
168,212,-2947.145356,0.000000
168,213,-2947.145387,-0.000002
168,214,-2947.145357,0.000000
168,215,-2947.145355,0.000000
168,216,-2947.145355,0.000000
168,217,-2947.145425,0.000000
168,218,-2947.145355,-0.000000
168,219,-2947.145355,0.000000
168,220,-2947.145360,-0.000001
168,221,-2947.145517,0.000000
168,222,-2947.145411,0.000000
168,223,-2947.145360,0.000000
168,224,-2947.145358,-0.000000
168,225,-2947.145355,0.000000
168,226,-2947.145354,0.000000
168,227,-2947.145357,-0.000000
168,228,-2947.145398,0.000000
168,229,-2947.145355,-0.000000
168,230,-2947.145355,0.000000
169,170,-2947.145370,0.000000
169,171,-2947.145355,0.000000
169,172,-2947.145356,-0.000000
169,173,-2947.145631,0.000000
169,174,-2947.145360,0.000000
169,175,-2947.145392,-0.000000
169,176,-2947.145380,0.000000
169,177,-2947.145358,-0.000000
169,178,-2947.145428,0.000000
169,179,-2947.145355,0.000000
169,180,-2947.145410,0.000000
169,181,-2947.145363,0.000000
169,182,-2947.145355,-0.000000
169,183,-2947.145360,0.000000
169,184,-2947.145394,0.000000
169,185,-2947.145422,0.000000
169,186,-2947.145365,-0.000000
169,187,-2947.145399,0.000000
169,188,-2947.145382,0.000000
169,189,-2947.145362,0.000000
169,190,-2947.145361,0.000000
169,191,-2947.145354,-0.000000
169,192,-2947.145355,-0.000000
169,193,-2947.145355,0.000000
169,194,-2947.145355,0.000000
169,195,-2947.145360,0.000000
169,196,-2947.145354,-0.000000
169,197,-2947.145355,0.000000
169,198,-2947.145354,-0.000000
169,199,-2947.145354,0.000000
169,200,-2947.145371,0.000000
169,201,-2947.145354,-0.000000
169,202,-2947.145359,0.000000
169,203,-2947.145355,0.000000
169,204,-2947.145354,0.000000
169,205,-2947.145355,0.000000
169,206,-2947.145354,-0.000000
169,207,-2947.145354,-0.000000
169,208,-2947.145355,0.000000
169,209,-2947.145354,-0.000000
169,210,-2947.145355,0.000000
169,211,-2947.145356,0.000000
169,212,-2947.145356,-0.000000
169,213,-2947.145385,0.000000
169,214,-2947.145357,0.000000
169,215,-2947.145354,-0.000000
169,216,-2947.145355,0.000000
169,217,-2947.145425,0.000000
169,218,-2947.145354,0.000000
169,219,-2947.145355,0.000000
169,220,-2947.145359,0.000000
169,221,-2947.145516,0.000000
169,222,-2947.145411,0.000000
169,223,-2947.145360,-0.000000
169,224,-2947.145358,0.000000
169,225,-2947.145355,-0.000000
169,226,-2947.145354,-0.000000
169,227,-2947.145356,0.000000
169,228,-2947.145397,0.000000
169,229,-2947.145354,0.000000
169,230,-2947.145354,-0.000000
170,171,-2947.145373,-0.000002
170,172,-2947.145371,0.000000
170,173,-2947.145646,0.000000
170,174,-2947.145382,-0.000006
170,175,-2947.145407,0.000000
170,176,-2947.145428,-0.000032
170,177,-2947.145373,0.000000
170,178,-2947.145443,0.000000
170,179,-2947.145374,-0.000003
170,180,-2947.145425,0.000000
170,181,-2947.145379,0.000000
170,182,-2947.145371,0.000000
170,183,-2947.145375,0.000000
170,184,-2947.145414,-0.000004
170,185,-2947.145450,-0.000013
170,186,-2947.145380,0.000000
170,187,-2947.145414,0.000000
170,188,-2947.145398,0.000000
170,189,-2947.145379,-0.000002
170,190,-2947.145377,0.000000
170,191,-2947.145370,0.000000
170,192,-2947.145370,0.000000
170,193,-2947.145371,0.000000
170,194,-2947.145372,-0.000002
170,195,-2947.145376,0.000000
170,196,-2947.145370,0.000000
170,197,-2947.145373,-0.000002
170,198,-2947.145370,0.000000
170,199,-2947.145370,-0.000000
170,200,-2947.145386,0.000000
170,201,-2947.145370,0.000000
170,202,-2947.145375,0.000000
170,203,-2947.145373,-0.000002
170,204,-2947.145372,-0.000002
170,205,-2947.145373,-0.000002
170,206,-2947.145370,0.000000
170,207,-2947.145370,0.000000
170,208,-2947.145371,0.000000
170,209,-2947.145370,0.000000
170,210,-2947.145371,0.000000
170,211,-2947.145373,-0.000001
170,212,-2947.145371,0.000000
170,213,-2947.145402,-0.000002
170,214,-2947.145373,0.000000
170,215,-2947.145370,0.000000
170,216,-2947.145371,0.000000
170,217,-2947.145440,0.000000
170,218,-2947.145370,-0.000000
170,219,-2947.145371,0.000000
170,220,-2947.145380,-0.000005
170,221,-2947.145531,0.000000
170,222,-2947.145426,0.000000
170,223,-2947.145375,0.000000
170,224,-2947.145377,-0.000003
170,225,-2947.145371,0.000000
170,226,-2947.145370,0.000000
170,227,-2947.145377,-0.000005
170,228,-2947.145413,0.000000
170,229,-2947.145371,-0.000001
170,230,-2947.145370,0.000000
171,172,-2947.145357,0.000000
171,173,-2947.145632,0.000000
171,174,-2947.145366,-0.000005
171,175,-2947.145393,0.000000
171,176,-2947.145382,-0.000001
171,177,-2947.145359,0.000000
171,178,-2947.145429,0.000000
171,179,-2947.145357,-0.000000
171,180,-2947.145411,0.000000
171,181,-2947.145364,0.000000
171,182,-2947.145356,0.000000
171,183,-2947.145361,0.000000
171,184,-2947.145399,-0.000003
171,185,-2947.145423,-0.000000
171,186,-2947.145366,0.000000
171,187,-2947.145400,0.000000
171,188,-2947.145383,0.000000
171,189,-2947.145364,-0.000001
171,190,-2947.145362,0.000000
171,191,-2947.145356,0.000000
171,192,-2947.145356,0.000000
171,193,-2947.145356,0.000000
171,194,-2947.145356,-0.000001
171,195,-2947.145361,0.000000
171,196,-2947.145355,0.000000
171,197,-2947.145356,-0.000000
171,198,-2947.145356,0.000000
171,199,-2947.145356,-0.000001
171,200,-2947.145372,0.000000
171,201,-2947.145355,0.000000
171,202,-2947.145360,0.000000
171,203,-2947.145356,-0.000001
171,204,-2947.145356,-0.000000
171,205,-2947.145356,-0.000000
171,206,-2947.145356,0.000000
171,207,-2947.145355,0.000000
171,208,-2947.145356,0.000000
171,209,-2947.145355,0.000000
171,210,-2947.145356,0.000000
171,211,-2947.145358,-0.000000
171,212,-2947.145357,0.000000
171,213,-2947.145388,-0.000001
171,214,-2947.145358,0.000000
171,215,-2947.145355,0.000000
171,216,-2947.145356,0.000000
171,217,-2947.145426,0.000000
171,218,-2947.145355,-0.000000
171,219,-2947.145356,0.000000
171,220,-2947.145360,-0.000000
171,221,-2947.145517,0.000000
171,222,-2947.145412,0.000000
171,223,-2947.145361,0.000000
171,224,-2947.145359,-0.000000
171,225,-2947.145356,0.000000
171,226,-2947.145355,0.000000
171,227,-2947.145358,-0.000000
171,228,-2947.145398,0.000000
171,229,-2947.145355,-0.000000
171,230,-2947.145356,0.000000
172,173,-2947.145633,0.000000
172,174,-2947.145362,0.000000
172,175,-2947.145406,-0.000013
172,176,-2947.145382,0.000000
172,177,-2947.145363,-0.000004
172,178,-2947.145429,0.000000
172,179,-2947.145357,0.000000
172,180,-2947.145411,0.000000
172,181,-2947.145365,0.000000
172,182,-2947.145358,-0.000002
172,183,-2947.145361,0.000000
172,184,-2947.145396,0.000000
172,185,-2947.145423,0.000000
172,186,-2947.145374,-0.000008
172,187,-2947.145400,0.000000
172,188,-2947.145383,0.000000
172,189,-2947.145363,0.000000
172,190,-2947.145363,0.000000
172,191,-2947.145357,-0.000001
172,192,-2947.145357,-0.000001
172,193,-2947.145357,0.000000
172,194,-2947.145356,0.000000
172,195,-2947.145362,0.000000
172,196,-2947.145356,-0.000000
172,197,-2947.145356,0.000000
172,198,-2947.145356,-0.000000
172,199,-2947.145356,0.000000
172,200,-2947.145372,0.000000
172,201,-2947.145356,-0.000000
172,202,-2947.145361,0.000000
172,203,-2947.145356,0.000000
172,204,-2947.145356,0.000000
172,205,-2947.145357,0.000000
172,206,-2947.145357,-0.000001
172,207,-2947.145356,-0.000000
172,208,-2947.145357,0.000000
172,209,-2947.145356,-0.000000
172,210,-2947.145357,0.000000
172,211,-2947.145358,0.000000
172,212,-2947.145359,-0.000001
172,213,-2947.145387,0.000000
172,214,-2947.145359,0.000000
172,215,-2947.145356,-0.000000
172,216,-2947.145357,0.000000
172,217,-2947.145426,0.000000
172,218,-2947.145356,0.000000
172,219,-2947.145356,0.000000
172,220,-2947.145360,0.000000
172,221,-2947.145518,0.000000
172,222,-2947.145412,0.000000
172,223,-2947.145363,-0.000002
172,224,-2947.145359,0.000000
172,225,-2947.145357,-0.000001
172,226,-2947.145356,-0.000000
172,227,-2947.145358,0.000000
172,228,-2947.145399,0.000000
172,229,-2947.145356,0.000000
172,230,-2947.145356,-0.000000
173,174,-2947.145637,0.000000
173,175,-2947.145668,0.000000
173,176,-2947.145656,0.000001
173,177,-2947.145635,0.000000
173,178,-2947.145704,0.000001
173,179,-2947.145632,0.000000
173,180,-2947.145686,0.000001
173,181,-2947.145654,-0.000014
173,182,-2947.145632,0.000000
173,183,-2947.145636,0.000000
173,184,-2947.145669,0.000002
173,185,-2947.145695,0.000004
173,186,-2947.145641,0.000000
173,187,-2947.145677,-0.000001
173,188,-2947.145658,0.000000
173,189,-2947.145638,0.000000
173,190,-2947.145653,-0.000015
173,191,-2947.145631,0.000000
173,192,-2947.145631,0.000000
173,193,-2947.145632,0.000000
173,194,-2947.145631,0.000000
173,195,-2947.145637,-0.000000
173,196,-2947.145631,0.000000
173,197,-2947.145632,0.000000
173,198,-2947.145631,0.000000
173,199,-2947.145631,0.000000
173,200,-2947.145648,-0.000000
173,201,-2947.145631,0.000000
173,202,-2947.145636,0.000000
173,203,-2947.145631,0.000000
173,204,-2947.145631,0.000000
173,205,-2947.145632,0.000000
173,206,-2947.145631,0.000000
173,207,-2947.145631,0.000000
173,208,-2947.145632,0.000000
173,209,-2947.145631,0.000000
173,210,-2947.145633,-0.000001
173,211,-2947.145633,0.000000
173,212,-2947.145633,0.000000
173,213,-2947.145662,0.000000
173,214,-2947.145673,-0.000039
173,215,-2947.145631,0.000000
173,216,-2947.145632,0.000000
173,217,-2947.145740,-0.000038
173,218,-2947.145631,0.000000
173,219,-2947.145632,0.000000
173,220,-2947.145636,0.000000
173,221,-2947.145881,-0.000088
173,222,-2947.145687,0.000000
173,223,-2947.145636,0.000000
173,224,-2947.145634,0.000000
173,225,-2947.145632,0.000000
173,226,-2947.145631,0.000000
173,227,-2947.145633,0.000000
173,228,-2947.145677,-0.000003
173,229,-2947.145631,0.000000
173,230,-2947.145631,0.000000
174,175,-2947.145398,0.000000
174,176,-2947.145389,-0.000002
174,177,-2947.145364,0.000000
174,178,-2947.145434,0.000000
174,179,-2947.145362,-0.000001
174,180,-2947.145415,0.000000
174,181,-2947.145369,0.000000
174,182,-2947.145361,0.000000
174,183,-2947.145366,0.000000
174,184,-2947.145415,-0.000015
174,185,-2947.145428,-0.000000
174,186,-2947.145371,0.000000
174,187,-2947.145405,0.000000
174,188,-2947.145388,0.000000
174,189,-2947.145370,-0.000002
174,190,-2947.145367,0.000000
174,191,-2947.145360,0.000000
174,192,-2947.145361,0.000000
174,193,-2947.145361,0.000000
174,194,-2947.145362,-0.000001
174,195,-2947.145366,0.000000
174,196,-2947.145360,0.000000
174,197,-2947.145362,-0.000001
174,198,-2947.145360,0.000000
174,199,-2947.145362,-0.000001
174,200,-2947.145377,0.000000
174,201,-2947.145360,0.000000
174,202,-2947.145365,0.000000
174,203,-2947.145361,-0.000000
174,204,-2947.145361,-0.000001
174,205,-2947.145361,-0.000000
174,206,-2947.145360,0.000000
174,207,-2947.145360,0.000000
174,208,-2947.145361,0.000000
174,209,-2947.145360,0.000000
174,210,-2947.145361,0.000000
174,211,-2947.145362,0.000000
174,212,-2947.145362,0.000000
174,213,-2947.145398,-0.000007
174,214,-2947.145363,0.000000
174,215,-2947.145360,0.000000
174,216,-2947.145361,0.000000
174,217,-2947.145431,0.000000
174,218,-2947.145361,-0.000001
174,219,-2947.145361,0.000000
174,220,-2947.145366,-0.000001
174,221,-2947.145522,0.000000
174,222,-2947.145417,0.000000
174,223,-2947.145366,0.000000
174,224,-2947.145364,-0.000000
174,225,-2947.145361,0.000000
174,226,-2947.145360,0.000000
174,227,-2947.145362,-0.000000
174,228,-2947.145403,0.000000
174,229,-2947.145360,0.000000
174,230,-2947.145360,0.000000
175,176,-2947.145418,0.000000
175,177,-2947.145422,-0.000027
175,178,-2947.145464,0.000001
175,179,-2947.145393,0.000000
175,180,-2947.145447,0.000000
175,181,-2947.145401,0.000000
175,182,-2947.145404,-0.000012
175,183,-2947.145397,0.000000
175,184,-2947.145432,0.000000
175,185,-2947.145459,0.000000
175,186,-2947.145432,-0.000029
175,187,-2947.145436,0.000000
175,188,-2947.145419,0.000001
175,189,-2947.145399,0.000000
175,190,-2947.145399,0.000000
175,191,-2947.145399,-0.000007
175,192,-2947.145394,-0.000001
175,193,-2947.145393,0.000000
175,194,-2947.145392,0.000000
175,195,-2947.145398,0.000000
175,196,-2947.145393,-0.000001
175,197,-2947.145393,0.000000
175,198,-2947.145392,-0.000000
175,199,-2947.145392,0.000000
175,200,-2947.145408,0.000000
175,201,-2947.145392,-0.000000
175,202,-2947.145397,0.000000
175,203,-2947.145392,0.000000
175,204,-2947.145392,0.000000
175,205,-2947.145393,0.000000
175,206,-2947.145399,-0.000007
175,207,-2947.145392,-0.000000
175,208,-2947.145393,0.000000
175,209,-2947.145392,-0.000001
175,210,-2947.145393,0.000000
175,211,-2947.145394,0.000000
175,212,-2947.145404,-0.000011
175,213,-2947.145423,0.000000
175,214,-2947.145395,0.000000
175,215,-2947.145394,-0.000002
175,216,-2947.145393,0.000000
175,217,-2947.145462,0.000000
175,218,-2947.145392,0.000000
175,219,-2947.145393,0.000000
175,220,-2947.145397,0.000000
175,221,-2947.145554,0.000000
175,222,-2947.145448,0.000001
175,223,-2947.145414,-0.000017
175,224,-2947.145395,0.000000
175,225,-2947.145399,-0.000007
175,226,-2947.145393,-0.000002
175,227,-2947.145394,0.000000
175,228,-2947.145435,0.000000
175,229,-2947.145392,0.000000
175,230,-2947.145396,-0.000004
176,177,-2947.145384,0.000000
176,178,-2947.145454,0.000000
176,179,-2947.145383,-0.000001
176,180,-2947.145435,0.000001
176,181,-2947.145389,0.000000
176,182,-2947.145381,0.000000
176,183,-2947.145386,0.000000
176,184,-2947.145425,-0.000004
176,185,-2947.145519,-0.000071
176,186,-2947.145391,0.000000
176,187,-2947.145425,0.000000
176,188,-2947.145408,0.000000
176,189,-2947.145388,0.000000
176,190,-2947.145387,0.000000
176,191,-2947.145381,0.000000
176,192,-2947.145381,0.000000
176,193,-2947.145381,0.000000
176,194,-2947.145382,-0.000001
176,195,-2947.145386,0.000000
176,196,-2947.145380,0.000000
176,197,-2947.145382,-0.000001
176,198,-2947.145381,0.000000
176,199,-2947.145381,0.000000
176,200,-2947.145397,0.000000
176,201,-2947.145380,0.000000
176,202,-2947.145385,0.000000
176,203,-2947.145383,-0.000002
176,204,-2947.145381,-0.000000
176,205,-2947.145385,-0.000004
176,206,-2947.145381,0.000000
176,207,-2947.145380,0.000000
176,208,-2947.145381,0.000000
176,209,-2947.145380,0.000000
176,210,-2947.145382,0.000000
176,211,-2947.145383,-0.000001
176,212,-2947.145382,0.000000
176,213,-2947.145415,-0.000003
176,214,-2947.145383,0.000000
176,215,-2947.145381,0.000000
176,216,-2947.145381,0.000000
176,217,-2947.145451,0.000000
176,218,-2947.145381,-0.000000
176,219,-2947.145381,0.000000
176,220,-2947.145390,-0.000005
176,221,-2947.145542,0.000000
176,222,-2947.145437,0.000000
176,223,-2947.145386,0.000000
176,224,-2947.145389,-0.000005
176,225,-2947.145381,0.000000
176,226,-2947.145380,0.000000
176,227,-2947.145385,-0.000002
176,228,-2947.145423,0.000000
176,229,-2947.145382,-0.000002
176,230,-2947.145381,0.000000
177,178,-2947.145431,0.000000
177,179,-2947.145359,0.000000
177,180,-2947.145413,0.000000
177,181,-2947.145367,0.000000
177,182,-2947.145362,-0.000003
177,183,-2947.145363,0.000000
177,184,-2947.145398,0.000000
177,185,-2947.145425,0.000000
177,186,-2947.145377,-0.000009
177,187,-2947.145402,0.000000
177,188,-2947.145385,0.000000
177,189,-2947.145365,0.000000
177,190,-2947.145365,0.000000
177,191,-2947.145360,-0.000001
177,192,-2947.145359,-0.000001
177,193,-2947.145359,0.000000
177,194,-2947.145358,0.000000
177,195,-2947.145364,0.000000
177,196,-2947.145358,-0.000000
177,197,-2947.145358,0.000000
177,198,-2947.145358,-0.000000
177,199,-2947.145358,0.000000
177,200,-2947.145374,0.000000
177,201,-2947.145358,-0.000000
177,202,-2947.145363,0.000000
177,203,-2947.145358,0.000000
177,204,-2947.145358,0.000000
177,205,-2947.145359,0.000000
177,206,-2947.145360,-0.000002
177,207,-2947.145358,-0.000000
177,208,-2947.145359,0.000000
177,209,-2947.145358,-0.000000
177,210,-2947.145359,0.000000
177,211,-2947.145360,0.000000
177,212,-2947.145363,-0.000004
177,213,-2947.145389,0.000000
177,214,-2947.145361,0.000000
177,215,-2947.145358,-0.000000
177,216,-2947.145359,0.000000
177,217,-2947.145428,0.000000
177,218,-2947.145358,0.000000
177,219,-2947.145358,0.000000
177,220,-2947.145362,0.000000
177,221,-2947.145520,0.000000
177,222,-2947.145414,0.000000
177,223,-2947.145368,-0.000004
177,224,-2947.145361,0.000000
177,225,-2947.145360,-0.000002
177,226,-2947.145358,-0.000000
177,227,-2947.145360,0.000000
177,228,-2947.145401,0.000000
177,229,-2947.145358,0.000000
177,230,-2947.145359,-0.000001
178,179,-2947.145429,0.000000
178,180,-2947.145483,0.000001
178,181,-2947.145436,0.000000
178,182,-2947.145428,0.000000
178,183,-2947.145440,-0.000006
178,184,-2947.145468,0.000000
178,185,-2947.145495,0.000000
178,186,-2947.145437,0.000001
178,187,-2947.145472,0.000000
178,188,-2947.145519,-0.000064
178,189,-2947.145435,0.000000
178,190,-2947.145435,0.000000
178,191,-2947.145428,0.000000
178,192,-2947.145428,0.000000
178,193,-2947.145434,-0.000005
178,194,-2947.145428,0.000000
178,195,-2947.145434,0.000000
178,196,-2947.145428,0.000000
178,197,-2947.145428,0.000000
178,198,-2947.145428,0.000000
178,199,-2947.145428,0.000000
178,200,-2947.145444,0.000000
178,201,-2947.145428,0.000000
178,202,-2947.145456,-0.000023
178,203,-2947.145428,0.000000
178,204,-2947.145428,0.000000
178,205,-2947.145429,0.000000
178,206,-2947.145428,0.000000
178,207,-2947.145428,0.000000
178,208,-2947.145431,-0.000003
178,209,-2947.145428,0.000000
178,210,-2947.145429,0.000000
178,211,-2947.145430,0.000000
178,212,-2947.145429,0.000000
178,213,-2947.145459,0.000000
178,214,-2947.145431,0.000000
178,215,-2947.145428,0.000000
178,216,-2947.145433,-0.000005
178,217,-2947.145498,0.000000
178,218,-2947.145428,0.000000
178,219,-2947.145429,-0.000000
178,220,-2947.145432,0.000000
178,221,-2947.145590,0.000000
178,222,-2947.145561,-0.000077
178,223,-2947.145433,0.000000
178,224,-2947.145431,0.000000
178,225,-2947.145429,0.000000
178,226,-2947.145428,0.000000
178,227,-2947.145430,0.000000
178,228,-2947.145471,0.000000
178,229,-2947.145428,0.000000
178,230,-2947.145428,0.000000
179,180,-2947.145411,0.000000
179,181,-2947.145364,0.000000
179,182,-2947.145356,0.000000
179,183,-2947.145361,0.000000
179,184,-2947.145401,-0.000006
179,185,-2947.145423,0.000000
179,186,-2947.145366,0.000000
179,187,-2947.145400,0.000000
179,188,-2947.145383,0.000000
179,189,-2947.145366,-0.000003
179,190,-2947.145362,0.000000
179,191,-2947.145356,0.000000
179,192,-2947.145356,0.000000
179,193,-2947.145356,0.000000
179,194,-2947.145357,-0.000001
179,195,-2947.145361,0.000000
179,196,-2947.145355,0.000000
179,197,-2947.145357,-0.000000
179,198,-2947.145356,0.000000
179,199,-2947.145356,-0.000000
179,200,-2947.145372,0.000000
179,201,-2947.145355,0.000000
179,202,-2947.145360,0.000000
179,203,-2947.145356,-0.000000
179,204,-2947.145356,-0.000001
179,205,-2947.145357,-0.000000
179,206,-2947.145356,0.000000
179,207,-2947.145355,0.000000
179,208,-2947.145356,0.000000
179,209,-2947.145355,0.000000
179,210,-2947.145357,0.000000
179,211,-2947.145358,-0.000000
179,212,-2947.145357,0.000000
179,213,-2947.145387,0.000000
179,214,-2947.145358,0.000000
179,215,-2947.145356,0.000000
179,216,-2947.145356,0.000000
179,217,-2947.145426,0.000000
179,218,-2947.145356,-0.000000
179,219,-2947.145356,0.000000
179,220,-2947.145360,-0.000000
179,221,-2947.145518,0.000000
179,222,-2947.145412,0.000000
179,223,-2947.145361,0.000000
179,224,-2947.145360,-0.000001
179,225,-2947.145356,0.000000
179,226,-2947.145355,0.000000
179,227,-2947.145358,-0.000001
179,228,-2947.145399,0.000000
179,229,-2947.145356,0.000000
179,230,-2947.145356,0.000000
180,181,-2947.145419,-0.000000
180,182,-2947.145410,0.000000
180,183,-2947.145415,0.000000
180,184,-2947.145449,0.000001
180,185,-2947.145476,0.000001
180,186,-2947.145420,0.000000
180,187,-2947.145525,-0.000070
180,188,-2947.145437,0.000000
180,189,-2947.145417,0.000000
180,190,-2947.145417,-0.000000
180,191,-2947.145410,0.000000
180,192,-2947.145410,0.000000
180,193,-2947.145411,0.000000
180,194,-2947.145410,0.000000
180,195,-2947.145425,-0.000010
180,196,-2947.145410,0.000000
180,197,-2947.145410,0.000000
180,198,-2947.145410,0.000000
180,199,-2947.145410,0.000000
180,200,-2947.145434,-0.000008
180,201,-2947.145410,0.000000
180,202,-2947.145414,0.000000
180,203,-2947.145410,0.000000
180,204,-2947.145410,0.000000
180,205,-2947.145411,0.000000
180,206,-2947.145410,0.000000
180,207,-2947.145410,0.000000
180,208,-2947.145410,0.000000
180,209,-2947.145410,0.000000
180,210,-2947.145416,-0.000005
180,211,-2947.145412,0.000000
180,212,-2947.145411,0.000000
180,213,-2947.145441,0.000000
180,214,-2947.145414,-0.000001
180,215,-2947.145410,0.000000
180,216,-2947.145411,0.000000
180,217,-2947.145506,-0.000026
180,218,-2947.145410,0.000000
180,219,-2947.145410,0.000000
180,220,-2947.145414,0.000000
180,221,-2947.145588,-0.000017
180,222,-2947.145466,0.000000
180,223,-2947.145415,0.000000
180,224,-2947.145413,0.000000
180,225,-2947.145410,0.000000
180,226,-2947.145410,0.000000
180,227,-2947.145412,0.000000
180,228,-2947.145469,-0.000016
180,229,-2947.145410,0.000000
180,230,-2947.145410,0.000000
181,182,-2947.145364,0.000000
181,183,-2947.145368,0.000000
181,184,-2947.145403,0.000000
181,185,-2947.145430,0.000000
181,186,-2947.145373,0.000000
181,187,-2947.145407,0.000000
181,188,-2947.145390,0.000000
181,189,-2947.145370,0.000000
181,190,-2947.145373,-0.000004
181,191,-2947.145363,0.000000
181,192,-2947.145363,0.000000
181,193,-2947.145364,0.000000
181,194,-2947.145363,0.000000
181,195,-2947.145369,0.000000
181,196,-2947.145363,0.000000
181,197,-2947.145364,0.000000
181,198,-2947.145363,0.000000
181,199,-2947.145363,0.000000
181,200,-2947.145380,-0.000000
181,201,-2947.145363,0.000000
181,202,-2947.145368,0.000000
181,203,-2947.145363,0.000000
181,204,-2947.145363,0.000000
181,205,-2947.145364,0.000000
181,206,-2947.145363,0.000000
181,207,-2947.145363,0.000000
181,208,-2947.145364,0.000000
181,209,-2947.145363,0.000000
181,210,-2947.145365,-0.000001
181,211,-2947.145365,0.000000
181,212,-2947.145365,0.000000
181,213,-2947.145394,0.000000
181,214,-2947.145370,-0.000004
181,215,-2947.145363,0.000000
181,216,-2947.145364,0.000000
181,217,-2947.145445,-0.000012
181,218,-2947.145363,0.000000
181,219,-2947.145364,0.000000
181,220,-2947.145368,0.000000
181,221,-2947.145533,-0.000008
181,222,-2947.145419,0.000000
181,223,-2947.145368,0.000000
181,224,-2947.145366,0.000000
181,225,-2947.145364,0.000000
181,226,-2947.145363,0.000000
181,227,-2947.145365,0.000000
181,228,-2947.145406,-0.000000
181,229,-2947.145363,0.000000
181,230,-2947.145363,0.000000
182,183,-2947.145360,0.000000
182,184,-2947.145395,0.000000
182,185,-2947.145423,0.000000
182,186,-2947.145371,-0.000006
182,187,-2947.145400,0.000000
182,188,-2947.145383,0.000000
182,189,-2947.145362,0.000000
182,190,-2947.145362,0.000000
182,191,-2947.145356,-0.000001
182,192,-2947.145356,-0.000000
182,193,-2947.145356,0.000000
182,194,-2947.145355,0.000000
182,195,-2947.145361,0.000000
182,196,-2947.145355,-0.000000
182,197,-2947.145356,0.000000
182,198,-2947.145355,-0.000000
182,199,-2947.145355,0.000000
182,200,-2947.145372,0.000000
182,201,-2947.145355,-0.000000
182,202,-2947.145360,0.000000
182,203,-2947.145355,0.000000
182,204,-2947.145355,0.000000
182,205,-2947.145356,0.000000
182,206,-2947.145356,-0.000001
182,207,-2947.145355,-0.000000
182,208,-2947.145356,0.000000
182,209,-2947.145355,-0.000000
182,210,-2947.145356,0.000000
182,211,-2947.145357,0.000000
182,212,-2947.145358,-0.000001
182,213,-2947.145386,0.000000
182,214,-2947.145358,0.000000
182,215,-2947.145355,-0.000000
182,216,-2947.145356,0.000000
182,217,-2947.145426,0.000000
182,218,-2947.145355,0.000000
182,219,-2947.145356,0.000000
182,220,-2947.145360,0.000000
182,221,-2947.145517,0.000000
182,222,-2947.145411,0.000000
182,223,-2947.145362,-0.000001
182,224,-2947.145358,0.000000
182,225,-2947.145356,-0.000001
182,226,-2947.145355,-0.000000
182,227,-2947.145357,0.000000
182,228,-2947.145398,0.000000
182,229,-2947.145355,0.000000
182,230,-2947.145356,-0.000000
183,184,-2947.145400,0.000000
183,185,-2947.145427,0.000000
183,186,-2947.145370,0.000000
183,187,-2947.145404,0.000000
183,188,-2947.145389,-0.000002
183,189,-2947.145367,0.000000
183,190,-2947.145367,0.000000
183,191,-2947.145360,0.000000
183,192,-2947.145360,0.000000
183,193,-2947.145364,-0.000003
183,194,-2947.145360,0.000000
183,195,-2947.145366,0.000000
183,196,-2947.145360,0.000000
183,197,-2947.145360,0.000000
183,198,-2947.145360,0.000000
183,199,-2947.145360,0.000000
183,200,-2947.145376,0.000000
183,201,-2947.145360,0.000000
183,202,-2947.145365,-0.000000
183,203,-2947.145360,0.000000
183,204,-2947.145360,0.000000
183,205,-2947.145361,0.000000
183,206,-2947.145360,0.000000
183,207,-2947.145360,0.000000
183,208,-2947.145361,-0.000001
183,209,-2947.145360,0.000000
183,210,-2947.145361,0.000000
183,211,-2947.145362,0.000000
183,212,-2947.145361,0.000000
183,213,-2947.145391,0.000000
183,214,-2947.145362,0.000000
183,215,-2947.145360,0.000000
183,216,-2947.145361,-0.000001
183,217,-2947.145430,0.000000
183,218,-2947.145360,0.000000
183,219,-2947.145361,-0.000001
183,220,-2947.145364,0.000000
183,221,-2947.145522,0.000000
183,222,-2947.145422,-0.000006
183,223,-2947.145365,0.000000
183,224,-2947.145363,0.000000
183,225,-2947.145360,0.000000
183,226,-2947.145360,0.000000
183,227,-2947.145362,0.000000
183,228,-2947.145403,0.000000
183,229,-2947.145360,0.000000
183,230,-2947.145360,0.000000
184,185,-2947.145521,-0.000059
184,186,-2947.145405,0.000000
184,187,-2947.145439,0.000000
184,188,-2947.145422,0.000000
184,189,-2947.145407,-0.000005
184,190,-2947.145401,0.000000
184,191,-2947.145395,0.000000
184,192,-2947.145395,0.000000
184,193,-2947.145395,0.000000
184,194,-2947.145396,-0.000001
184,195,-2947.145400,0.000000
184,196,-2947.145394,0.000000
184,197,-2947.145400,-0.000005
184,198,-2947.145395,0.000000
184,199,-2947.145398,-0.000003
184,200,-2947.145411,0.000000
184,201,-2947.145394,0.000000
184,202,-2947.145399,0.000000
184,203,-2947.145395,-0.000000
184,204,-2947.145399,-0.000005
184,205,-2947.145396,-0.000001
184,206,-2947.145395,0.000000
184,207,-2947.145394,0.000000
184,208,-2947.145395,0.000000
184,209,-2947.145394,0.000000
184,210,-2947.145395,0.000000
184,211,-2947.145397,-0.000000
184,212,-2947.145396,0.000000
184,213,-2947.145426,-0.000000
184,214,-2947.145397,0.000000
184,215,-2947.145395,0.000000
184,216,-2947.145395,0.000000
184,217,-2947.145465,0.000000
184,218,-2947.145395,-0.000001
184,219,-2947.145395,0.000000
184,220,-2947.145400,-0.000001
184,221,-2947.145556,0.000000
184,222,-2947.145451,0.000000
184,223,-2947.145400,0.000000
184,224,-2947.145399,-0.000001
184,225,-2947.145395,0.000000
184,226,-2947.145394,0.000000
184,227,-2947.145398,-0.000001
184,228,-2947.145437,0.000000
184,229,-2947.145395,-0.000000
184,230,-2947.145395,0.000000
185,186,-2947.145432,0.000000
185,187,-2947.145466,0.000000
185,188,-2947.145449,0.000000
185,189,-2947.145431,-0.000002
185,190,-2947.145429,0.000000
185,191,-2947.145422,0.000000
185,192,-2947.145422,0.000000
185,193,-2947.145423,0.000000
185,194,-2947.145423,-0.000001
185,195,-2947.145428,0.000000
185,196,-2947.145422,0.000000
185,197,-2947.145423,-0.000000
185,198,-2947.145422,0.000000
185,199,-2947.145423,-0.000001
185,200,-2947.145438,0.000000
185,201,-2947.145422,0.000000
185,202,-2947.145427,0.000000
185,203,-2947.145423,-0.000001
185,204,-2947.145424,-0.000001
185,205,-2947.145426,-0.000003
185,206,-2947.145422,0.000000
185,207,-2947.145422,0.000000
185,208,-2947.145423,0.000000
185,209,-2947.145422,0.000000
185,210,-2947.145423,0.000000
185,211,-2947.145426,-0.000002
185,212,-2947.145423,0.000000
185,213,-2947.145454,-0.000001
185,214,-2947.145425,0.000000
185,215,-2947.145422,0.000000
185,216,-2947.145423,0.000000
185,217,-2947.145492,0.000000
185,218,-2947.145422,-0.000001
185,219,-2947.145423,0.000000
185,220,-2947.145431,-0.000004
185,221,-2947.145583,0.000000
185,222,-2947.145478,0.000000
185,223,-2947.145427,0.000000
185,224,-2947.145430,-0.000005
185,225,-2947.145423,0.000000
185,226,-2947.145422,0.000000
185,227,-2947.145424,-0.000000
185,228,-2947.145465,0.000000
185,229,-2947.145423,-0.000001
185,230,-2947.145422,0.000000
186,187,-2947.145409,0.000000
186,188,-2947.145392,0.000000
186,189,-2947.145372,0.000000
186,190,-2947.145371,0.000000
186,191,-2947.145367,-0.000002
186,192,-2947.145367,-0.000002
186,193,-2947.145365,0.000000
186,194,-2947.145365,0.000000
186,195,-2947.145370,0.000000
186,196,-2947.145365,-0.000000
186,197,-2947.145365,0.000000
186,198,-2947.145365,-0.000000
186,199,-2947.145365,0.000000
186,200,-2947.145381,0.000000
186,201,-2947.145365,-0.000000
186,202,-2947.145369,0.000000
186,203,-2947.145365,0.000000
186,204,-2947.145365,0.000000
186,205,-2947.145365,0.000000
186,206,-2947.145368,-0.000003
186,207,-2947.145364,0.000000
186,208,-2947.145365,0.000000
186,209,-2947.145365,-0.000000
186,210,-2947.145366,0.000000
186,211,-2947.145367,0.000000
186,212,-2947.145368,-0.000002
186,213,-2947.145396,0.000000
186,214,-2947.145367,0.000000
186,215,-2947.145365,-0.000000
186,216,-2947.145366,0.000000
186,217,-2947.145435,0.000000
186,218,-2947.145365,0.000000
186,219,-2947.145365,0.000000
186,220,-2947.145369,0.000000
186,221,-2947.145527,0.000000
186,222,-2947.145421,0.000000
186,223,-2947.145372,-0.000002
186,224,-2947.145368,0.000000
186,225,-2947.145367,-0.000002
186,226,-2947.145365,-0.000000
186,227,-2947.145367,0.000000
186,228,-2947.145408,0.000000
186,229,-2947.145365,0.000000
186,230,-2947.145366,-0.000001
187,188,-2947.145426,0.000001
187,189,-2947.145406,0.000000
187,190,-2947.145406,-0.000000
187,191,-2947.145399,0.000000
187,192,-2947.145399,0.000000
187,193,-2947.145400,0.000000
187,194,-2947.145399,0.000000
187,195,-2947.145420,-0.000015
187,196,-2947.145399,0.000000
187,197,-2947.145399,0.000000
187,198,-2947.145399,0.000000
187,199,-2947.145399,0.000000
187,200,-2947.145422,-0.000007
187,201,-2947.145399,0.000000
187,202,-2947.145404,0.000000
187,203,-2947.145399,0.000000
187,204,-2947.145399,0.000000
187,205,-2947.145400,0.000000
187,206,-2947.145399,0.000000
187,207,-2947.145399,0.000000
187,208,-2947.145400,0.000000
187,209,-2947.145399,0.000000
187,210,-2947.145406,-0.000006
187,211,-2947.145401,0.000000
187,212,-2947.145400,0.000000
187,213,-2947.145430,0.000000
187,214,-2947.145402,-0.000000
187,215,-2947.145399,0.000000
187,216,-2947.145400,0.000000
187,217,-2947.145499,-0.000030
187,218,-2947.145399,0.000000
187,219,-2947.145399,0.000000
187,220,-2947.145403,0.000000
187,221,-2947.145591,-0.000030
187,222,-2947.145455,0.000000
187,223,-2947.145404,0.000000
187,224,-2947.145402,0.000000
187,225,-2947.145400,0.000000
187,226,-2947.145399,0.000000
187,227,-2947.145401,0.000000
187,228,-2947.145457,-0.000015
187,229,-2947.145399,0.000000
187,230,-2947.145399,0.000000
188,189,-2947.145389,0.000000
188,190,-2947.145389,0.000000
188,191,-2947.145382,0.000000
188,192,-2947.145382,0.000000
188,193,-2947.145390,-0.000007
188,194,-2947.145382,0.000000
188,195,-2947.145388,0.000000
188,196,-2947.145382,0.000000
188,197,-2947.145383,0.000000
188,198,-2947.145382,0.000000
188,199,-2947.145382,0.000000
188,200,-2947.145398,0.000000
188,201,-2947.145382,0.000000
188,202,-2947.145402,-0.000015
188,203,-2947.145382,0.000000
188,204,-2947.145382,0.000000
188,205,-2947.145383,0.000000
188,206,-2947.145382,0.000000
188,207,-2947.145382,0.000000
188,208,-2947.145384,-0.000001
188,209,-2947.145382,0.000000
188,210,-2947.145383,0.000000
188,211,-2947.145384,0.000000
188,212,-2947.145384,0.000000
188,213,-2947.145413,0.000000
188,214,-2947.145385,0.000000
188,215,-2947.145382,0.000000
188,216,-2947.145386,-0.000003
188,217,-2947.145452,0.000000
188,218,-2947.145382,0.000000
188,219,-2947.145383,-0.000001
188,220,-2947.145387,0.000000
188,221,-2947.145544,0.000000
188,222,-2947.145505,-0.000067
188,223,-2947.145387,0.000000
188,224,-2947.145385,0.000000
188,225,-2947.145383,0.000000
188,226,-2947.145382,0.000000
188,227,-2947.145384,0.000000
188,228,-2947.145425,0.000000
188,229,-2947.145382,0.000000
188,230,-2947.145382,0.000000
189,190,-2947.145368,0.000000
189,191,-2947.145362,0.000000
189,192,-2947.145362,0.000000
189,193,-2947.145363,0.000000
189,194,-2947.145363,-0.000001
189,195,-2947.145368,0.000000
189,196,-2947.145362,0.000000
189,197,-2947.145363,-0.000000
189,198,-2947.145362,0.000000
189,199,-2947.145362,-0.000000
189,200,-2947.145378,0.000000
189,201,-2947.145362,0.000000
189,202,-2947.145367,0.000000
189,203,-2947.145362,-0.000000
189,204,-2947.145363,-0.000001
189,205,-2947.145363,-0.000001
189,206,-2947.145362,0.000000
189,207,-2947.145362,0.000000
189,208,-2947.145362,0.000000
189,209,-2947.145362,0.000000
189,210,-2947.145363,0.000000
189,211,-2947.145365,-0.000001
189,212,-2947.145363,0.000000
189,213,-2947.145394,-0.000001
189,214,-2947.145365,0.000000
189,215,-2947.145362,0.000000
189,216,-2947.145363,0.000000
189,217,-2947.145432,0.000000
189,218,-2947.145362,0.000000
189,219,-2947.145362,0.000000
189,220,-2947.145366,0.000000
189,221,-2947.145524,0.000000
189,222,-2947.145418,0.000000
189,223,-2947.145367,0.000000
189,224,-2947.145368,-0.000003
189,225,-2947.145362,0.000000
189,226,-2947.145362,0.000000
189,227,-2947.145365,-0.000001
189,228,-2947.145405,0.000000
189,229,-2947.145362,-0.000000
189,230,-2947.145362,0.000000
190,191,-2947.145361,0.000000
190,192,-2947.145361,0.000000
190,193,-2947.145362,0.000000
190,194,-2947.145361,0.000000
190,195,-2947.145367,-0.000000
190,196,-2947.145361,0.000000
190,197,-2947.145362,0.000000
190,198,-2947.145361,0.000000
190,199,-2947.145361,0.000000
190,200,-2947.145383,-0.000006
190,201,-2947.145361,0.000000
190,202,-2947.145366,0.000000
190,203,-2947.145362,0.000000
190,204,-2947.145361,0.000000
190,205,-2947.145362,0.000000
190,206,-2947.145361,0.000000
190,207,-2947.145361,0.000000
190,208,-2947.145362,0.000000
190,209,-2947.145361,0.000000
190,210,-2947.145362,-0.000000
190,211,-2947.145363,0.000000
190,212,-2947.145363,0.000000
190,213,-2947.145392,0.000000
190,214,-2947.145366,-0.000002
190,215,-2947.145361,0.000000
190,216,-2947.145362,0.000000
190,217,-2947.145437,-0.000005
190,218,-2947.145361,0.000000
190,219,-2947.145362,0.000000
190,220,-2947.145366,0.000000
190,221,-2947.145530,-0.000007
190,222,-2947.145417,0.000000
190,223,-2947.145367,0.000000
190,224,-2947.145365,0.000000
190,225,-2947.145362,0.000000
190,226,-2947.145361,0.000000
190,227,-2947.145363,0.000000
190,228,-2947.145404,0.000000
190,229,-2947.145361,0.000000
190,230,-2947.145361,0.000000
191,192,-2947.145355,-0.000000
191,193,-2947.145355,0.000000
191,194,-2947.145355,0.000000
191,195,-2947.145360,0.000000
191,196,-2947.145354,-0.000000
191,197,-2947.145355,0.000000
191,198,-2947.145355,-0.000000
191,199,-2947.145355,0.000000
191,200,-2947.145371,0.000000
191,201,-2947.145354,-0.000000
191,202,-2947.145359,0.000000
191,203,-2947.145355,0.000000
191,204,-2947.145355,0.000000
191,205,-2947.145355,0.000000
191,206,-2947.145355,-0.000000
191,207,-2947.145354,0.000000
191,208,-2947.145355,0.000000
191,209,-2947.145354,-0.000000
191,210,-2947.145356,0.000000
191,211,-2947.145357,0.000000
191,212,-2947.145357,-0.000001
191,213,-2947.145386,0.000000
191,214,-2947.145357,0.000000
191,215,-2947.145355,-0.000001
191,216,-2947.145355,0.000000
191,217,-2947.145425,0.000000
191,218,-2947.145354,0.000000
191,219,-2947.145355,0.000000
191,220,-2947.145359,0.000000
191,221,-2947.145517,0.000000
191,222,-2947.145411,0.000000
191,223,-2947.145362,-0.000002
191,224,-2947.145358,0.000000
191,225,-2947.145356,-0.000001
191,226,-2947.145355,-0.000000
191,227,-2947.145357,0.000000
191,228,-2947.145398,0.000000
191,229,-2947.145355,0.000000
191,230,-2947.145355,-0.000000
192,193,-2947.145356,0.000000
192,194,-2947.145355,0.000000
192,195,-2947.145361,0.000000
192,196,-2947.145355,-0.000000
192,197,-2947.145355,0.000000
192,198,-2947.145355,-0.000001
192,199,-2947.145355,0.000000
192,200,-2947.145371,0.000000
192,201,-2947.145354,-0.000000
192,202,-2947.145359,0.000000
192,203,-2947.145355,0.000000
192,204,-2947.145355,0.000000
192,205,-2947.145356,0.000000
192,206,-2947.145355,-0.000000
192,207,-2947.145355,-0.000000
192,208,-2947.145355,0.000000
192,209,-2947.145355,-0.000000
192,210,-2947.145356,0.000000
192,211,-2947.145357,0.000000
192,212,-2947.145357,-0.000001
192,213,-2947.145386,0.000000
192,214,-2947.145357,0.000000
192,215,-2947.145355,-0.000000
192,216,-2947.145356,0.000000
192,217,-2947.145425,0.000000
192,218,-2947.145355,0.000000
192,219,-2947.145355,0.000000
192,220,-2947.145359,0.000000
192,221,-2947.145517,0.000000
192,222,-2947.145411,0.000000
192,223,-2947.145360,-0.000000
192,224,-2947.145358,0.000000
192,225,-2947.145355,-0.000000
192,226,-2947.145355,-0.000000
192,227,-2947.145357,0.000000
192,228,-2947.145398,0.000000
192,229,-2947.145355,0.000000
192,230,-2947.145355,-0.000000
193,194,-2947.145355,0.000000
193,195,-2947.145361,0.000000
193,196,-2947.145355,0.000000
193,197,-2947.145356,0.000000
193,198,-2947.145355,0.000000
193,199,-2947.145355,0.000000
193,200,-2947.145372,0.000000
193,201,-2947.145355,0.000000
193,202,-2947.145362,-0.000002
193,203,-2947.145356,0.000000
193,204,-2947.145355,0.000000
193,205,-2947.145356,0.000000
193,206,-2947.145355,0.000000
193,207,-2947.145355,0.000000
193,208,-2947.145356,-0.000000
193,209,-2947.145355,0.000000
193,210,-2947.145356,0.000000
193,211,-2947.145357,0.000000
193,212,-2947.145357,0.000000
193,213,-2947.145386,0.000000
193,214,-2947.145358,0.000000
193,215,-2947.145355,0.000000
193,216,-2947.145356,0.000000
193,217,-2947.145426,0.000000
193,218,-2947.145355,0.000000
193,219,-2947.145356,-0.000000
193,220,-2947.145360,0.000000
193,221,-2947.145517,0.000000
193,222,-2947.145422,-0.000010
193,223,-2947.145361,0.000000
193,224,-2947.145359,0.000000
193,225,-2947.145356,0.000000
193,226,-2947.145355,0.000000
193,227,-2947.145357,0.000000
193,228,-2947.145398,0.000000
193,229,-2947.145355,0.000000
193,230,-2947.145355,0.000000
194,195,-2947.145360,0.000000
194,196,-2947.145354,0.000000
194,197,-2947.145355,-0.000000
194,198,-2947.145355,0.000000
194,199,-2947.145355,-0.000000
194,200,-2947.145371,0.000000
194,201,-2947.145354,0.000000
194,202,-2947.145359,0.000000
194,203,-2947.145355,-0.000000
194,204,-2947.145355,-0.000000
194,205,-2947.145356,-0.000000
194,206,-2947.145355,0.000000
194,207,-2947.145354,0.000000
194,208,-2947.145355,0.000000
194,209,-2947.145354,0.000000
194,210,-2947.145356,0.000000
194,211,-2947.145358,-0.000001
194,212,-2947.145356,0.000000
194,213,-2947.145386,-0.000000
194,214,-2947.145357,0.000000
194,215,-2947.145355,0.000000
194,216,-2947.145356,0.000000
194,217,-2947.145425,0.000000
194,218,-2947.145355,-0.000000
194,219,-2947.145355,0.000000
194,220,-2947.145359,-0.000000
194,221,-2947.145517,0.000000
194,222,-2947.145411,0.000000
194,223,-2947.145360,0.000000
194,224,-2947.145359,-0.000001
194,225,-2947.145355,0.000000
194,226,-2947.145354,0.000000
194,227,-2947.145357,-0.000000
194,228,-2947.145398,0.000000
194,229,-2947.145355,-0.000000
194,230,-2947.145355,0.000000
195,196,-2947.145360,0.000000
195,197,-2947.145361,0.000000
195,198,-2947.145360,0.000000
195,199,-2947.145360,0.000000
195,200,-2947.145380,-0.000003
195,201,-2947.145360,0.000000
195,202,-2947.145365,0.000000
195,203,-2947.145361,0.000000
195,204,-2947.145360,0.000000
195,205,-2947.145361,0.000000
195,206,-2947.145360,0.000000
195,207,-2947.145360,0.000000
195,208,-2947.145361,0.000000
195,209,-2947.145360,0.000000
195,210,-2947.145363,-0.000002
195,211,-2947.145362,0.000000
195,212,-2947.145362,0.000000
195,213,-2947.145391,0.000000
195,214,-2947.145363,0.000000
195,215,-2947.145360,0.000000
195,216,-2947.145361,0.000000
195,217,-2947.145436,-0.000005
195,218,-2947.145360,0.000000
195,219,-2947.145361,0.000000
195,220,-2947.145365,0.000000
195,221,-2947.145534,-0.000012
195,222,-2947.145416,0.000000
195,223,-2947.145366,0.000000
195,224,-2947.145364,0.000000
195,225,-2947.145361,0.000000
195,226,-2947.145360,0.000000
195,227,-2947.145362,0.000000
195,228,-2947.145405,-0.000002
195,229,-2947.145360,0.000000
195,230,-2947.145360,0.000000
196,197,-2947.145355,0.000000
196,198,-2947.145354,-0.000000
196,199,-2947.145354,0.000000
196,200,-2947.145371,0.000000
196,201,-2947.145354,-0.000000
196,202,-2947.145359,0.000000
196,203,-2947.145355,0.000000
196,204,-2947.145354,0.000000
196,205,-2947.145355,0.000000
196,206,-2947.145355,-0.000000
196,207,-2947.145354,-0.000000
196,208,-2947.145355,0.000000
196,209,-2947.145354,-0.000000
196,210,-2947.145355,0.000000
196,211,-2947.145356,0.000000
196,212,-2947.145356,-0.000000
196,213,-2947.145385,0.000000
196,214,-2947.145357,0.000000
196,215,-2947.145354,-0.000000
196,216,-2947.145355,0.000000
196,217,-2947.145425,0.000000
196,218,-2947.145354,0.000000
196,219,-2947.145355,0.000000
196,220,-2947.145359,0.000000
196,221,-2947.145516,0.000000
196,222,-2947.145410,0.000000
196,223,-2947.145360,-0.000000
196,224,-2947.145358,0.000000
196,225,-2947.145355,-0.000000
196,226,-2947.145354,-0.000000
196,227,-2947.145356,0.000000
196,228,-2947.145397,0.000000
196,229,-2947.145354,0.000000
196,230,-2947.145354,-0.000000
197,198,-2947.145355,0.000000
197,199,-2947.145355,-0.000000
197,200,-2947.145371,0.000000
197,201,-2947.145355,0.000000
197,202,-2947.145360,0.000000
197,203,-2947.145355,-0.000000
197,204,-2947.145355,-0.000000
197,205,-2947.145356,-0.000000
197,206,-2947.145355,0.000000
197,207,-2947.145355,0.000000
197,208,-2947.145356,0.000000
197,209,-2947.145355,0.000000
197,210,-2947.145356,0.000000
197,211,-2947.145357,-0.000000
197,212,-2947.145357,0.000000
197,213,-2947.145386,-0.000000
197,214,-2947.145358,0.000000
197,215,-2947.145355,0.000000
197,216,-2947.145356,0.000000
197,217,-2947.145425,0.000000
197,218,-2947.145355,-0.000000
197,219,-2947.145356,0.000000
197,220,-2947.145360,-0.000000
197,221,-2947.145517,0.000000
197,222,-2947.145411,0.000000
197,223,-2947.145360,0.000000
197,224,-2947.145358,0.000000
197,225,-2947.145356,0.000000
197,226,-2947.145355,0.000000
197,227,-2947.145357,-0.000000
197,228,-2947.145398,0.000000
197,229,-2947.145355,-0.000000
197,230,-2947.145355,0.000000
198,199,-2947.145355,0.000000
198,200,-2947.145371,0.000000
198,201,-2947.145354,0.000000
198,202,-2947.145359,0.000000
198,203,-2947.145355,0.000000
198,204,-2947.145355,0.000000
198,205,-2947.145355,0.000000
198,206,-2947.145355,-0.000000
198,207,-2947.145355,-0.000000
198,208,-2947.145355,0.000000
198,209,-2947.145354,0.000000
198,210,-2947.145356,0.000000
198,211,-2947.145357,0.000000
198,212,-2947.145357,-0.000001
198,213,-2947.145386,0.000000
198,214,-2947.145357,0.000000
198,215,-2947.145355,-0.000000
198,216,-2947.145355,0.000000
198,217,-2947.145425,0.000000
198,218,-2947.145354,0.000000
198,219,-2947.145355,0.000000
198,220,-2947.145359,0.000000
198,221,-2947.145517,0.000000
198,222,-2947.145411,0.000000
198,223,-2947.145360,0.000000
198,224,-2947.145358,0.000000
198,225,-2947.145355,-0.000000
198,226,-2947.145354,-0.000000
198,227,-2947.145357,0.000000
198,228,-2947.145398,0.000000
198,229,-2947.145355,0.000000
198,230,-2947.145355,-0.000000
199,200,-2947.145371,0.000000
199,201,-2947.145354,0.000000
199,202,-2947.145359,0.000000
199,203,-2947.145355,-0.000000
199,204,-2947.145355,-0.000000
199,205,-2947.145355,-0.000000
199,206,-2947.145355,0.000000
199,207,-2947.145354,0.000000
199,208,-2947.145355,0.000000
199,209,-2947.145354,0.000000
199,210,-2947.145355,0.000000
199,211,-2947.145357,-0.000000
199,212,-2947.145356,0.000000
199,213,-2947.145385,-0.000000
199,214,-2947.145357,0.000000
199,215,-2947.145355,0.000000
199,216,-2947.145355,0.000000
199,217,-2947.145425,0.000000
199,218,-2947.145354,-0.000000
199,219,-2947.145355,0.000000
199,220,-2947.145359,-0.000000
199,221,-2947.145516,0.000000
199,222,-2947.145411,0.000000
199,223,-2947.145360,0.000000
199,224,-2947.145358,0.000000
199,225,-2947.145355,0.000000
199,226,-2947.145354,0.000000
199,227,-2947.145357,-0.000000
199,228,-2947.145397,0.000000
199,229,-2947.145355,-0.000000
199,230,-2947.145355,0.000000
200,201,-2947.145371,0.000000
200,202,-2947.145376,0.000000
200,203,-2947.145371,0.000000
200,204,-2947.145371,0.000000
200,205,-2947.145372,0.000000
200,206,-2947.145371,0.000000
200,207,-2947.145371,0.000000
200,208,-2947.145371,0.000000
200,209,-2947.145371,0.000000
200,210,-2947.145373,-0.000001
200,211,-2947.145373,0.000000
200,212,-2947.145372,0.000000
200,213,-2947.145402,0.000000
200,214,-2947.145374,0.000000
200,215,-2947.145371,0.000000
200,216,-2947.145372,0.000000
200,217,-2947.145445,-0.000003
200,218,-2947.145371,0.000000
200,219,-2947.145371,0.000000
200,220,-2947.145375,0.000000
200,221,-2947.145537,-0.000004
200,222,-2947.145427,0.000000
200,223,-2947.145376,0.000000
200,224,-2947.145374,0.000000
200,225,-2947.145372,0.000000
200,226,-2947.145371,0.000000
200,227,-2947.145373,0.000000
200,228,-2947.145415,-0.000001
200,229,-2947.145371,0.000000
200,230,-2947.145371,0.000000
201,202,-2947.145359,0.000000
201,203,-2947.145355,0.000000
201,204,-2947.145354,0.000000
201,205,-2947.145355,0.000000
201,206,-2947.145354,-0.000000
201,207,-2947.145354,-0.000000
201,208,-2947.145355,0.000000
201,209,-2947.145354,-0.000000
201,210,-2947.145355,0.000000
201,211,-2947.145356,0.000000
201,212,-2947.145356,-0.000000
201,213,-2947.145385,0.000000
201,214,-2947.145357,0.000000
201,215,-2947.145354,-0.000000
201,216,-2947.145355,0.000000
201,217,-2947.145425,0.000000
201,218,-2947.145354,0.000000
201,219,-2947.145355,0.000000
201,220,-2947.145359,0.000000
201,221,-2947.145516,0.000000
201,222,-2947.145410,0.000000
201,223,-2947.145360,-0.000000
201,224,-2947.145358,0.000000
201,225,-2947.145355,-0.000000
201,226,-2947.145354,-0.000000
201,227,-2947.145356,0.000000
201,228,-2947.145397,0.000000
201,229,-2947.145354,0.000000
201,230,-2947.145354,-0.000000
202,203,-2947.145359,0.000000
202,204,-2947.145359,0.000000
202,205,-2947.145360,0.000000
202,206,-2947.145359,0.000000
202,207,-2947.145359,0.000000
202,208,-2947.145362,-0.000002
202,209,-2947.145359,0.000000
202,210,-2947.145360,0.000000
202,211,-2947.145361,0.000000
202,212,-2947.145361,0.000000
202,213,-2947.145390,0.000000
202,214,-2947.145362,0.000000
202,215,-2947.145359,0.000000
202,216,-2947.145361,-0.000001
202,217,-2947.145429,0.000000
202,218,-2947.145359,0.000000
202,219,-2947.145360,-0.000000
202,220,-2947.145364,0.000000
202,221,-2947.145521,0.000000
202,222,-2947.145444,-0.000028
202,223,-2947.145365,0.000000
202,224,-2947.145362,0.000000
202,225,-2947.145360,0.000000
202,226,-2947.145359,0.000000
202,227,-2947.145361,0.000000
202,228,-2947.145402,0.000000
202,229,-2947.145359,0.000000
202,230,-2947.145359,0.000000
203,204,-2947.145355,-0.000000
203,205,-2947.145356,-0.000000
203,206,-2947.145355,0.000000
203,207,-2947.145355,0.000000
203,208,-2947.145355,0.000000
203,209,-2947.145355,0.000000
203,210,-2947.145356,0.000000
203,211,-2947.145358,-0.000001
203,212,-2947.145356,0.000000
203,213,-2947.145386,-0.000000
203,214,-2947.145357,0.000000
203,215,-2947.145355,0.000000
203,216,-2947.145356,0.000000
203,217,-2947.145425,0.000000
203,218,-2947.145355,-0.000000
203,219,-2947.145355,0.000000
203,220,-2947.145360,-0.000001
203,221,-2947.145517,0.000000
203,222,-2947.145411,0.000000
203,223,-2947.145360,0.000000
203,224,-2947.145359,-0.000001
203,225,-2947.145355,0.000000
203,226,-2947.145355,0.000000
203,227,-2947.145358,-0.000001
203,228,-2947.145398,0.000000
203,229,-2947.145355,-0.000000
203,230,-2947.145355,0.000000
204,205,-2947.145355,-0.000000
204,206,-2947.145355,0.000000
204,207,-2947.145354,0.000000
204,208,-2947.145355,0.000000
204,209,-2947.145354,0.000000
204,210,-2947.145355,0.000000
204,211,-2947.145357,-0.000000
204,212,-2947.145356,0.000000
204,213,-2947.145386,-0.000000
204,214,-2947.145357,0.000000
204,215,-2947.145355,0.000000
204,216,-2947.145355,0.000000
204,217,-2947.145425,0.000000
204,218,-2947.145354,0.000000
204,219,-2947.145355,0.000000
204,220,-2947.145359,-0.000000
204,221,-2947.145516,0.000000
204,222,-2947.145411,0.000000
204,223,-2947.145360,0.000000
204,224,-2947.145358,-0.000000
204,225,-2947.145355,0.000000
204,226,-2947.145354,0.000000
204,227,-2947.145358,-0.000001
204,228,-2947.145398,0.000000
204,229,-2947.145355,-0.000000
204,230,-2947.145355,0.000000
205,206,-2947.145355,0.000000
205,207,-2947.145355,0.000000
205,208,-2947.145356,0.000000
205,209,-2947.145355,0.000000
205,210,-2947.145356,0.000000
205,211,-2947.145358,-0.000000
205,212,-2947.145357,0.000000
205,213,-2947.145390,-0.000004
205,214,-2947.145358,0.000000
205,215,-2947.145355,0.000000
205,216,-2947.145356,0.000000
205,217,-2947.145426,0.000000
205,218,-2947.145355,-0.000000
205,219,-2947.145356,0.000000
205,220,-2947.145360,-0.000000
205,221,-2947.145517,0.000000
205,222,-2947.145412,0.000000
205,223,-2947.145361,0.000000
205,224,-2947.145359,0.000000
205,225,-2947.145356,0.000000
205,226,-2947.145355,0.000000
205,227,-2947.145357,-0.000000
205,228,-2947.145398,0.000000
205,229,-2947.145356,-0.000001
205,230,-2947.145355,0.000000
206,207,-2947.145354,-0.000000
206,208,-2947.145355,0.000000
206,209,-2947.145354,-0.000000
206,210,-2947.145356,0.000000
206,211,-2947.145357,0.000000
206,212,-2947.145357,-0.000001
206,213,-2947.145386,0.000000
206,214,-2947.145357,0.000000
206,215,-2947.145355,-0.000000
206,216,-2947.145355,0.000000
206,217,-2947.145425,0.000000
206,218,-2947.145354,0.000000
206,219,-2947.145355,0.000000
206,220,-2947.145359,0.000000
206,221,-2947.145517,0.000000
206,222,-2947.145411,0.000000
206,223,-2947.145361,-0.000001
206,224,-2947.145358,0.000000
206,225,-2947.145356,-0.000001
206,226,-2947.145355,-0.000000
206,227,-2947.145357,0.000000
206,228,-2947.145398,0.000000
206,229,-2947.145355,0.000000
206,230,-2947.145355,-0.000000
207,208,-2947.145355,0.000000
207,209,-2947.145354,-0.000000
207,210,-2947.145355,0.000000
207,211,-2947.145356,0.000000
207,212,-2947.145356,-0.000000
207,213,-2947.145385,0.000000
207,214,-2947.145357,0.000000
207,215,-2947.145354,-0.000000
207,216,-2947.145355,0.000000
207,217,-2947.145425,0.000000
207,218,-2947.145354,0.000000
207,219,-2947.145355,0.000000
207,220,-2947.145359,0.000000
207,221,-2947.145516,0.000000
207,222,-2947.145411,0.000000
207,223,-2947.145360,-0.000000
207,224,-2947.145358,0.000000
207,225,-2947.145355,-0.000000
207,226,-2947.145354,-0.000000
207,227,-2947.145356,0.000000
207,228,-2947.145397,0.000000
207,229,-2947.145354,0.000000
207,230,-2947.145354,-0.000000
208,209,-2947.145355,0.000000
208,210,-2947.145356,0.000000
208,211,-2947.145357,0.000000
208,212,-2947.145357,0.000000
208,213,-2947.145386,0.000000
208,214,-2947.145358,0.000000
208,215,-2947.145355,0.000000
208,216,-2947.145356,-0.000001
208,217,-2947.145426,0.000000
208,218,-2947.145355,0.000000
208,219,-2947.145356,-0.000001
208,220,-2947.145360,0.000000
208,221,-2947.145517,0.000000
208,222,-2947.145414,-0.000003
208,223,-2947.145360,0.000000
208,224,-2947.145358,0.000000
208,225,-2947.145356,0.000000
208,226,-2947.145355,0.000000
208,227,-2947.145357,0.000000
208,228,-2947.145398,0.000000
208,229,-2947.145355,0.000000
208,230,-2947.145355,0.000000
209,210,-2947.145355,0.000000
209,211,-2947.145356,0.000000
209,212,-2947.145356,-0.000000
209,213,-2947.145385,0.000000
209,214,-2947.145357,0.000000
209,215,-2947.145354,-0.000000
209,216,-2947.145355,0.000000
209,217,-2947.145425,0.000000
209,218,-2947.145354,0.000000
209,219,-2947.145355,0.000000
209,220,-2947.145359,0.000000
209,221,-2947.145516,0.000000
209,222,-2947.145410,0.000000
209,223,-2947.145360,-0.000000
209,224,-2947.145358,0.000000
209,225,-2947.145355,-0.000000
209,226,-2947.145354,-0.000000
209,227,-2947.145356,0.000000
209,228,-2947.145397,0.000000
209,229,-2947.145354,0.000000
209,230,-2947.145354,-0.000000
210,211,-2947.145358,0.000000
210,212,-2947.145357,0.000000
210,213,-2947.145386,0.000000
210,214,-2947.145359,-0.000001
210,215,-2947.145355,0.000000
210,216,-2947.145356,0.000000
210,217,-2947.145433,-0.000007
210,218,-2947.145355,0.000000
210,219,-2947.145356,0.000000
210,220,-2947.145360,0.000000
210,221,-2947.145520,-0.000003
210,222,-2947.145412,0.000000
210,223,-2947.145361,0.000000
210,224,-2947.145359,0.000000
210,225,-2947.145356,0.000000
210,226,-2947.145355,0.000000
210,227,-2947.145357,0.000000
210,228,-2947.145400,-0.000001
210,229,-2947.145355,0.000000
210,230,-2947.145355,0.000000
211,212,-2947.145358,0.000000
211,213,-2947.145392,-0.000005
211,214,-2947.145359,0.000000
211,215,-2947.145357,0.000000
211,216,-2947.145357,0.000000
211,217,-2947.145427,0.000000
211,218,-2947.145357,-0.000000
211,219,-2947.145357,0.000000
211,220,-2947.145363,-0.000002
211,221,-2947.145518,0.000000
211,222,-2947.145413,0.000000
211,223,-2947.145362,0.000000
211,224,-2947.145363,-0.000003
211,225,-2947.145357,0.000000
211,226,-2947.145356,0.000000
211,227,-2947.145360,-0.000001
211,228,-2947.145400,0.000000
211,229,-2947.145357,-0.000000
211,230,-2947.145357,0.000000
212,213,-2947.145387,0.000000
212,214,-2947.145359,0.000000
212,215,-2947.145356,-0.000000
212,216,-2947.145357,0.000000
212,217,-2947.145426,0.000000
212,218,-2947.145356,0.000000
212,219,-2947.145357,0.000000
212,220,-2947.145360,0.000000
212,221,-2947.145518,0.000000
212,222,-2947.145412,0.000000
212,223,-2947.145364,-0.000003
212,224,-2947.145359,0.000000
212,225,-2947.145357,-0.000000
212,226,-2947.145356,-0.000000
212,227,-2947.145358,0.000000
212,228,-2947.145399,0.000000
212,229,-2947.145356,0.000000
212,230,-2947.145357,-0.000001
213,214,-2947.145388,0.000000
213,215,-2947.145385,0.000000
213,216,-2947.145386,0.000000
213,217,-2947.145455,0.000000
213,218,-2947.145386,-0.000000
213,219,-2947.145386,0.000000
213,220,-2947.145397,-0.000007
213,221,-2947.145547,0.000000
213,222,-2947.145442,0.000000
213,223,-2947.145391,0.000000
213,224,-2947.145391,-0.000003
213,225,-2947.145386,0.000000
213,226,-2947.145385,0.000000
213,227,-2947.145390,-0.000002
213,228,-2947.145428,0.000000
213,229,-2947.145386,-0.000001
213,230,-2947.145386,0.000000
214,215,-2947.145357,0.000000
214,216,-2947.145358,0.000000
214,217,-2947.145444,-0.000016
214,218,-2947.145357,0.000000
214,219,-2947.145358,0.000000
214,220,-2947.145362,0.000000
214,221,-2947.145531,-0.000012
214,222,-2947.145413,0.000000
214,223,-2947.145363,0.000000
214,224,-2947.145360,0.000000
214,225,-2947.145358,0.000000
214,226,-2947.145357,0.000000
214,227,-2947.145359,0.000000
214,228,-2947.145403,-0.000003
214,229,-2947.145357,0.000000
214,230,-2947.145357,0.000000
215,216,-2947.145355,0.000000
215,217,-2947.145425,0.000000
215,218,-2947.145354,0.000000
215,219,-2947.145355,0.000000
215,220,-2947.145359,0.000000
215,221,-2947.145516,0.000000
215,222,-2947.145411,0.000000
215,223,-2947.145362,-0.000002
215,224,-2947.145358,0.000000
215,225,-2947.145356,-0.000001
215,226,-2947.145354,-0.000000
215,227,-2947.145357,0.000000
215,228,-2947.145397,0.000000
215,229,-2947.145355,0.000000
215,230,-2947.145355,-0.000000
216,217,-2947.145426,0.000000
216,218,-2947.145355,0.000000
216,219,-2947.145357,-0.000001
216,220,-2947.145360,0.000000
216,221,-2947.145517,0.000000
216,222,-2947.145416,-0.000004
216,223,-2947.145361,0.000000
216,224,-2947.145359,0.000000
216,225,-2947.145356,0.000000
216,226,-2947.145355,0.000000
216,227,-2947.145357,0.000000
216,228,-2947.145398,0.000000
216,229,-2947.145355,0.000000
216,230,-2947.145355,0.000000
217,218,-2947.145425,0.000000
217,219,-2947.145426,0.000000
217,220,-2947.145429,0.000000
217,221,-2947.145618,-0.000031
217,222,-2947.145481,0.000000
217,223,-2947.145430,0.000000
217,224,-2947.145428,0.000000
217,225,-2947.145426,0.000000
217,226,-2947.145425,0.000000
217,227,-2947.145427,0.000000
217,228,-2947.145544,-0.000076
217,229,-2947.145425,0.000000
217,230,-2947.145425,0.000000
218,219,-2947.145355,0.000000
218,220,-2947.145360,-0.000001
218,221,-2947.145516,0.000000
218,222,-2947.145411,0.000000
218,223,-2947.145360,0.000000
218,224,-2947.145358,-0.000000
218,225,-2947.145355,0.000000
218,226,-2947.145354,0.000000
218,227,-2947.145357,-0.000000
218,228,-2947.145397,0.000000
218,229,-2947.145355,-0.000000
218,230,-2947.145354,0.000000
219,220,-2947.145360,0.000000
219,221,-2947.145517,0.000000
219,222,-2947.145412,-0.000000
219,223,-2947.145360,0.000000
219,224,-2947.145358,0.000000
219,225,-2947.145356,0.000000
219,226,-2947.145355,0.000000
219,227,-2947.145357,0.000000
219,228,-2947.145398,0.000000
219,229,-2947.145355,0.000000
219,230,-2947.145355,0.000000
220,221,-2947.145521,0.000000
220,222,-2947.145415,0.000000
220,223,-2947.145364,0.000000
220,224,-2947.145367,-0.000005
220,225,-2947.145360,0.000000
220,226,-2947.145359,0.000000
220,227,-2947.145366,-0.000005
220,228,-2947.145402,0.000000
220,229,-2947.145360,-0.000000
220,230,-2947.145359,0.000000
221,222,-2947.145572,0.000001
221,223,-2947.145522,0.000000
221,224,-2947.145520,0.000000
221,225,-2947.145517,0.000000
221,226,-2947.145516,0.000000
221,227,-2947.145518,0.000000
221,228,-2947.145593,-0.000033
221,229,-2947.145516,0.000000
221,230,-2947.145517,0.000000
222,223,-2947.145416,0.000000
222,224,-2947.145414,0.000000
222,225,-2947.145411,0.000000
222,226,-2947.145411,0.000000
222,227,-2947.145413,0.000000
222,228,-2947.145454,0.000000
222,229,-2947.145411,0.000000
222,230,-2947.145411,0.000000
223,224,-2947.145363,0.000000
223,225,-2947.145364,-0.000003
223,226,-2947.145360,-0.000001
223,227,-2947.145362,0.000000
223,228,-2947.145403,0.000000
223,229,-2947.145360,0.000000
223,230,-2947.145361,-0.000001
224,225,-2947.145358,0.000000
224,226,-2947.145358,0.000000
224,227,-2947.145363,-0.000003
224,228,-2947.145401,0.000000
224,229,-2947.145358,-0.000000
224,230,-2947.145358,0.000000
225,226,-2947.145355,-0.000000
225,227,-2947.145357,0.000000
225,228,-2947.145398,0.000000
225,229,-2947.145355,0.000000
225,230,-2947.145355,-0.000000
226,227,-2947.145356,0.000000
226,228,-2947.145397,0.000000
226,229,-2947.145354,0.000000
226,230,-2947.145354,-0.000000
227,228,-2947.145400,0.000000
227,229,-2947.145357,-0.000000
227,230,-2947.145357,0.000000
228,229,-2947.145397,0.000000
228,230,-2947.145398,0.000000
229,230,-2947.145355,0.000000
