This binary contains symmetries: 2u1pg su2u1pg 
DMRG version 3.1.1
Temporary storage enabled in ./tmp//storage_temp_9d90797f6927/
The hamiltonian will contain 10009 terms
MPO Bond 0: 96/35
MPO Bond 1: 102/38
MPO Bond 2: 116/45
MPO Bond 3: 138/56
MPO Bond 4: 168/71
MPO Bond 5: 206/90
MPO Bond 6: 252/113
MPO Bond 7: 306/140
MPO Bond 8: 368/171
MPO Bond 9: 414/194
MPO Bond 10: 10/3
MPO Bond 11: 1/0
Right end: <12,0,0>
MPS initialization has finished...
Expecting 0 states to orthogonalize to.
Boundaries are partially initialized...
Boundaries are fully initialized...
Done init_left_right
TSMPOTensor: 1x102,  102 operators, 102 tags
TSMPOTensor: 96x116,  391 operators, 288 tags
TSMPOTensor: 102x138,  655 operators, 522 tags
TSMPOTensor: 116x168,  953 operators, 786 tags
TSMPOTensor: 138x206,  1255 operators, 1002 tags
TSMPOTensor: 168x252,  1509 operators, 1070 tags
TSMPOTensor: 206x306,  1687 operators, 1232 tags
TSMPOTensor: 252x368,  1789 operators, 1254 tags
TSMPOTensor: 306x414,  1685 operators, 1110 tags
TSMPOTensor: 368x10,  975 operators, 746 tags
TSMPOTensor: 414x1,  414 operators, 220 tags
Total number of tags: 8332

Sweep 0, optimizing sites 0 and 1
JCD used 10 iterations.
Time elapsed in JCD: 0.00558154
Energy 1 -74.1294950683445
Sum: 4 -> 3
Time elapsed in TRUNC: 5.9421e-05
Propagating t with norm 1
Memory usage : 11819256 395068 
Sweep has been running for 0.0065998 seconds.

Sweep 0, optimizing sites 1 and 2
JCD used 10 iterations.
Time elapsed in JCD: 0.028033
Energy 1 -74.9297900396368
Sum: 12 -> 10
Time elapsed in TRUNC: 7.2071e-05
Propagating t with norm 1
Memory usage : 11819256 395068 
Sweep has been running for 0.0356222 seconds.

Sweep 0, optimizing sites 2 and 3
JCD used 10 iterations.
Time elapsed in JCD: 0.11003
Energy 1 -75.8146137719548
Sum: 40 -> 35
Time elapsed in TRUNC: 0.000152681
Propagating t with norm 1
Memory usage : 11819256 395332 
Sweep has been running for 0.148198 seconds.

Sweep 0, optimizing sites 3 and 4
JCD used 10 iterations.
Time elapsed in JCD: 0.317397
Energy 1 -76.8883085662513
Sum: 133 -> 121
Time elapsed in TRUNC: 0.000372983
Propagating t with norm 1
Memory usage : 11819256 397180 
Sweep has been running for 0.475993 seconds.

Sweep 0, optimizing sites 4 and 5
JCD used 10 iterations.
Time elapsed in JCD: 1.07767
Energy 1 -77.4384127715069
Sum: 260 -> 129
Time elapsed in TRUNC: 0.000896426
Propagating t with norm 0.999952
Memory usage : 11819256 413044 
Sweep has been running for 1.57685 seconds.

Sweep 0, optimizing sites 5 and 6
JCD used 10 iterations.
Time elapsed in JCD: 1.22154
Energy 1 -77.9999113365639
Sum: 310 -> 129
Time elapsed in TRUNC: 0.00101412
Propagating t with norm 0.999993
Memory usage : 11819256 413044 
Sweep has been running for 2.82797 seconds.

Sweep 0, optimizing sites 6 and 7
JCD used 10 iterations.
Time elapsed in JCD: 0.967275
Energy 1 -78.0119161517694
Sum: 201 -> 129
Time elapsed in TRUNC: 0.000586874
Propagating t with norm 1
Memory usage : 11819256 413044 
Sweep has been running for 3.82775 seconds.

Sweep 0, optimizing sites 7 and 8
JCD used 10 iterations.
Time elapsed in JCD: 0.72489
Energy 1 -78.0132798154378
Sum: 120 -> 108
Time elapsed in TRUNC: 0.000368873
Propagating t with norm 1
Memory usage : 11819256 413044 
Sweep has been running for 4.59331 seconds.

Sweep 0, optimizing sites 8 and 9
JCD used 10 iterations.
Time elapsed in JCD: 0.310291
Energy 1 -78.0134173692913
Sum: 40 -> 35
Time elapsed in TRUNC: 0.000150601
Propagating t with norm 1
Memory usage : 11819256 413044 
Sweep has been running for 4.92666 seconds.

Sweep 0, optimizing sites 9 and 10
JCD used 5 iterations.
Time elapsed in JCD: 0.0295879
Energy 1 -78.0134173693817
Sum: 12 -> 10
Time elapsed in TRUNC: 7.6241e-05
Propagating t with norm 1
Memory usage : 11819256 413044 
Sweep has been running for 4.96171 seconds.

Sweep 0, optimizing sites 10 and 11
JCD used 1 iterations.
Time elapsed in JCD: 0.00162711
Energy 1 -78.0134173685684
Sum: 4 -> 3
Time elapsed in TRUNC: 3.5491e-05
Propagating t with norm 1
Memory usage : 11819256 413044 
Sweep has been running for 4.9647 seconds.

Sweep 0, optimizing sites 10 and 11
JCD used 1 iterations.
Time elapsed in JCD: 0.000895656
Energy -1 -78.0134173685684
Sum: 4 -> 3
Time elapsed in TRUNC: 3.823e-05
Propagating t with norm 1
Memory usage : 11819256 413044 
Sweep has been running for 4.97025 seconds.

Sweep 0, optimizing sites 9 and 10
JCD used 1 iterations.
Time elapsed in JCD: 0.00544724
Energy -1 -78.0134173685684
Sum: 12 -> 10
Time elapsed in TRUNC: 7.736e-05
Propagating t with norm 1
Memory usage : 11819256 413044 
Sweep has been running for 4.9803 seconds.

Sweep 0, optimizing sites 8 and 9
JCD used 7 iterations.
Time elapsed in JCD: 0.216452
Energy -1 -78.0134173703787
Sum: 40 -> 35
Time elapsed in TRUNC: 0.000156851
Propagating t with norm 1
Memory usage : 11819256 413044 
Sweep has been running for 5.20478 seconds.

Sweep 0, optimizing sites 7 and 8
JCD used 10 iterations.
Time elapsed in JCD: 0.781299
Energy -1 -78.0134183742241
Sum: 139 -> 126
Time elapsed in TRUNC: 0.000464163
Propagating t with norm 1
Memory usage : 11819256 413044 
Sweep has been running for 6.00467 seconds.

Sweep 0, optimizing sites 6 and 7
JCD used 10 iterations.
Time elapsed in JCD: 1.45031
Energy -1 -78.0134874232634
Sum: 262 -> 129
Time elapsed in TRUNC: 0.00138553
Propagating t with norm 1
Memory usage : 11819256 420092 
Sweep has been running for 7.485 seconds.

Sweep 0, optimizing sites 5 and 6
JCD used 10 iterations.
Time elapsed in JCD: 1.70781
Energy -1 -78.0168833071086
Sum: 359 -> 129
Time elapsed in TRUNC: 0.00327354
Propagating t with norm 0.999997
Memory usage : 11819256 421928 
Sweep has been running for 9.2308 seconds.

Sweep 0, optimizing sites 4 and 5
JCD used 10 iterations.
Time elapsed in JCD: 0.600897
Energy -1 -78.0178059820914
Sum: 145 -> 129
Time elapsed in TRUNC: 0.000840486
Propagating t with norm 1
Memory usage : 11819256 419624 
Sweep has been running for 9.86206 seconds.

Sweep 0, optimizing sites 3 and 4
JCD used 10 iterations.
Time elapsed in JCD: 0.256175
Energy -1 -78.0178080788903
Sum: 90 -> 83
Time elapsed in TRUNC: 0.000359982
Propagating t with norm 1
Memory usage : 11819256 419624 
Sweep has been running for 10.1348 seconds.

Sweep 0, optimizing sites 2 and 3
JCD used 1 iterations.
Time elapsed in JCD: 0.0104969
Energy -1 -78.0178080806786
Sum: 38 -> 34
Time elapsed in TRUNC: 0.000332152
Propagating t with norm 1
Memory usage : 11819256 419624 
Sweep has been running for 10.1523 seconds.

Sweep 0, optimizing sites 1 and 2
JCD used 1 iterations.
Time elapsed in JCD: 0.00372954
Energy -1 -78.0178080806785
Sum: 12 -> 10
Time elapsed in TRUNC: 0.000143321
Propagating t with norm 1
Memory usage : 11819256 419624 
Sweep has been running for 10.1595 seconds.

Sweep 0, optimizing sites 0 and 1
JCD used 1 iterations.
Time elapsed in JCD: 0.000597864
Energy -1 -78.0178080806785
Sum: 4 -> 3
Time elapsed in TRUNC: 3.0721e-05
Propagating t with norm 1
Memory usage : 11819256 419624 
Sweep has been running for 10.1611 seconds.

Sweep 1, optimizing sites 0 and 1
JCD used 1 iterations.
Time elapsed in JCD: 0.0011525
Energy 1 -78.0178080806785
Sum: 4 -> 3
Time elapsed in TRUNC: 5.794e-05
Propagating t with norm 1
Memory usage : 11819256 419624 
Sweep has been running for 0.00224684 seconds.

Sweep 1, optimizing sites 1 and 2
JCD used 1 iterations.
Time elapsed in JCD: 0.00342187
Energy 1 -78.0178080806785
Sum: 12 -> 10
Time elapsed in TRUNC: 7.6691e-05
Propagating t with norm 1
Memory usage : 11819256 419624 
Sweep has been running for 0.00700048 seconds.

Sweep 1, optimizing sites 2 and 3
JCD used 1 iterations.
Time elapsed in JCD: 0.0116504
Energy 1 -78.0178080806786
Sum: 38 -> 34
Time elapsed in TRUNC: 0.000147911
Propagating t with norm 1
Memory usage : 11819256 419624 
Sweep has been running for 0.0229698 seconds.

Sweep 1, optimizing sites 3 and 4
JCD used 1 iterations.
Time elapsed in JCD: 0.0282029
Energy 1 -78.0178080806785
Sum: 90 -> 83
Time elapsed in TRUNC: 0.000374603
Propagating t with norm 1
Memory usage : 11819256 419624 
Sweep has been running for 0.0596707 seconds.

Sweep 1, optimizing sites 4 and 5
JCD used 9 iterations.
Time elapsed in JCD: 0.529069
Energy 1 -78.0178080809132
Sum: 145 -> 129
Time elapsed in TRUNC: 0.000854286
Propagating t with norm 1
Memory usage : 11819256 419624 
Sweep has been running for 0.613135 seconds.

Sweep 1, optimizing sites 5 and 6
JCD used 10 iterations.
Time elapsed in JCD: 2.21091
Energy 1 -78.0180176278471
Sum: 498 -> 129
Time elapsed in TRUNC: 0.00684462
Propagating t with norm 0.999988
Memory usage : 11819256 441856 
Sweep has been running for 2.87782 seconds.

Sweep 1, optimizing sites 6 and 7
JCD used 10 iterations.
Time elapsed in JCD: 0.765008
Energy 1 -78.0179527898147
Sum: 150 -> 129
Time elapsed in TRUNC: 0.000905606
Propagating t with norm 1
Memory usage : 11819256 419624 
Sweep has been running for 3.68835 seconds.

Sweep 1, optimizing sites 7 and 8
JCD used 4 iterations.
Time elapsed in JCD: 0.211327
Energy 1 -78.0179527904948
Sum: 91 -> 84
Time elapsed in TRUNC: 0.000450713
Propagating t with norm 1
Memory usage : 11819256 419624 
Sweep has been running for 3.93923 seconds.

Sweep 1, optimizing sites 8 and 9
JCD used 1 iterations.
Time elapsed in JCD: 0.0248668
Energy 1 -78.017952790884
Sum: 38 -> 34
Time elapsed in TRUNC: 0.000153541
Propagating t with norm 1
Memory usage : 11819256 419624 
Sweep has been running for 3.98257 seconds.

Sweep 1, optimizing sites 9 and 10
JCD used 1 iterations.
Time elapsed in JCD: 0.00747623
Energy 1 -78.017952790884
Sum: 12 -> 10
Time elapsed in TRUNC: 8.164e-05
Propagating t with norm 1
Memory usage : 11819256 419624 
Sweep has been running for 3.99547 seconds.

Sweep 1, optimizing sites 10 and 11
JCD used 1 iterations.
Time elapsed in JCD: 0.00216555
Energy 1 -78.0179527908841
Sum: 4 -> 3
Time elapsed in TRUNC: 3.5961e-05
Propagating t with norm 1
Memory usage : 11819256 419624 
Sweep has been running for 3.99925 seconds.

Sweep 1, optimizing sites 10 and 11
JCD used 1 iterations.
Time elapsed in JCD: 0.000895906
Energy -1 -78.0179527908841
Sum: 4 -> 3
Time elapsed in TRUNC: 3.265e-05
Propagating t with norm 1
Memory usage : 11819256 419624 
Sweep has been running for 4.00676 seconds.

Sweep 1, optimizing sites 9 and 10
JCD used 1 iterations.
Time elapsed in JCD: 0.00586057
Energy -1 -78.017952790884
Sum: 12 -> 10
Time elapsed in TRUNC: 8.0481e-05
Propagating t with norm 1
Memory usage : 11819256 419624 
Sweep has been running for 4.01758 seconds.

Sweep 1, optimizing sites 8 and 9
JCD used 1 iterations.
Time elapsed in JCD: 0.0252996
Energy -1 -78.017952790884
Sum: 38 -> 34
Time elapsed in TRUNC: 0.000141631
Propagating t with norm 1
Memory usage : 11819256 419624 
Sweep has been running for 4.05004 seconds.

Sweep 1, optimizing sites 7 and 8
JCD used 1 iterations.
Time elapsed in JCD: 0.0516978
Energy -1 -78.017952790884
Sum: 91 -> 84
Time elapsed in TRUNC: 0.000374353
Propagating t with norm 1
Memory usage : 11819256 419624 
Sweep has been running for 4.11446 seconds.

Sweep 1, optimizing sites 6 and 7
JCD used 4 iterations.
Time elapsed in JCD: 0.303574
Energy -1 -78.017952793869
Sum: 150 -> 129
Time elapsed in TRUNC: 0.00101369
Propagating t with norm 1
Memory usage : 11819256 419624 
Sweep has been running for 4.44466 seconds.

Sweep 1, optimizing sites 5 and 6
JCD used 10 iterations.
Time elapsed in JCD: 2.23553
Energy -1 -78.0180214570194
Sum: 511 -> 129
Time elapsed in TRUNC: 0.00723597
Propagating t with norm 0.999988
Memory usage : 11819256 413036 
Sweep has been running for 6.71925 seconds.

Sweep 1, optimizing sites 4 and 5
JCD used 10 iterations.
Time elapsed in JCD: 0.612286
Energy -1 -78.0179536062414
Sum: 150 -> 129
Time elapsed in TRUNC: 0.00132105
Propagating t with norm 1
Memory usage : 11819256 413036 
Sweep has been running for 7.36899 seconds.

Sweep 1, optimizing sites 3 and 4
JCD used 5 iterations.
Time elapsed in JCD: 0.137806
Energy -1 -78.0179536097647
Sum: 91 -> 84
Time elapsed in TRUNC: 0.000379162
Propagating t with norm 1
Memory usage : 11819256 413036 
Sweep has been running for 7.52351 seconds.

Sweep 1, optimizing sites 2 and 3
JCD used 1 iterations.
Time elapsed in JCD: 0.0133651
Energy -1 -78.0179536088502
Sum: 38 -> 34
Time elapsed in TRUNC: 0.000150961
Propagating t with norm 1
Memory usage : 11819256 413036 
Sweep has been running for 7.54426 seconds.

Sweep 1, optimizing sites 1 and 2
JCD used 1 iterations.
Time elapsed in JCD: 0.00358025
Energy -1 -78.0179536088503
Sum: 12 -> 10
Time elapsed in TRUNC: 8.0341e-05
Propagating t with norm 1
Memory usage : 11819256 413036 
Sweep has been running for 7.55076 seconds.

Sweep 1, optimizing sites 0 and 1
JCD used 1 iterations.
Time elapsed in JCD: 0.000591034
Energy -1 -78.0179536088502
Sum: 4 -> 3
Time elapsed in TRUNC: 3.0331e-05
Propagating t with norm 1
Memory usage : 11819256 413036 
Sweep has been running for 7.55273 seconds.

Sweep 2, optimizing sites 0 and 1
JCD used 1 iterations.
Time elapsed in JCD: 0.00119544
Energy 1 -78.0179536088502
Sum: 4 -> 3
Time elapsed in TRUNC: 4.908e-05
Propagating t with norm 1
Memory usage : 11819256 413036 
Sweep has been running for 0.00250217 seconds.

Sweep 2, optimizing sites 1 and 2
JCD used 1 iterations.
Time elapsed in JCD: 0.00345501
Energy 1 -78.0179536088503
Sum: 12 -> 10
Time elapsed in TRUNC: 0.000102221
Propagating t with norm 1
Memory usage : 11819256 413036 
Sweep has been running for 0.00750506 seconds.

Sweep 2, optimizing sites 2 and 3
JCD used 1 iterations.
Time elapsed in JCD: 0.0118717
Energy 1 -78.0179536088502
Sum: 38 -> 34
Time elapsed in TRUNC: 0.000159231
Propagating t with norm 1
Memory usage : 11819256 413036 
Sweep has been running for 0.0225268 seconds.

Sweep 2, optimizing sites 3 and 4
JCD used 1 iterations.
Time elapsed in JCD: 0.0267009
Energy 1 -78.0179536088503
Sum: 91 -> 84
Time elapsed in TRUNC: 0.000381953
Propagating t with norm 1
Memory usage : 11819256 413036 
Sweep has been running for 0.0570973 seconds.

Sweep 2, optimizing sites 4 and 5
JCD used 4 iterations.
Time elapsed in JCD: 0.24181
Energy 1 -78.0179536071794
Sum: 150 -> 129
Time elapsed in TRUNC: 0.000937116
Propagating t with norm 1
Memory usage : 11819256 413740 
Sweep has been running for 0.321264 seconds.

Sweep 2, optimizing sites 5 and 6
JCD used 10 iterations.
Time elapsed in JCD: 2.1737
Energy 1 -78.0180213606055
Sum: 513 -> 129
Time elapsed in TRUNC: 0.00738884
Propagating t with norm 0.999988
Memory usage : 11819256 438520 
Sweep has been running for 2.54437 seconds.

Sweep 2, optimizing sites 6 and 7
JCD used 10 iterations.
Time elapsed in JCD: 0.760725
Energy 1 -78.0179538911702
Sum: 150 -> 129
Time elapsed in TRUNC: 0.000952407
Propagating t with norm 1
Memory usage : 11819256 438520 
Sweep has been running for 3.35167 seconds.

Sweep 2, optimizing sites 7 and 8
JCD used 4 iterations.
Time elapsed in JCD: 0.196559
Energy 1 -78.0179538962284
Sum: 91 -> 84
Time elapsed in TRUNC: 0.000373673
Propagating t with norm 1
Memory usage : 11819256 413036 
Sweep has been running for 3.58375 seconds.

Sweep 2, optimizing sites 8 and 9
JCD used 1 iterations.
Time elapsed in JCD: 0.024801
Energy 1 -78.0179538916419
Sum: 38 -> 34
Time elapsed in TRUNC: 0.000139441
Propagating t with norm 1
Memory usage : 11819256 413036 
Sweep has been running for 3.62556 seconds.

Sweep 2, optimizing sites 9 and 10
JCD used 1 iterations.
Time elapsed in JCD: 0.0065956
Energy 1 -78.0179538916419
Sum: 12 -> 10
Time elapsed in TRUNC: 8.745e-05
Propagating t with norm 1
Memory usage : 11819256 413036 
Sweep has been running for 3.63758 seconds.

Sweep 2, optimizing sites 10 and 11
JCD used 1 iterations.
Time elapsed in JCD: 0.00137086
Energy 1 -78.0179538916419
Sum: 4 -> 3
Time elapsed in TRUNC: 3.1881e-05
Propagating t with norm 1
Memory usage : 11819256 413036 
Sweep has been running for 3.64124 seconds.

Sweep 2, optimizing sites 10 and 11
JCD used 1 iterations.
Time elapsed in JCD: 0.00153649
Energy -1 -78.0179538916419
Sum: 4 -> 3
Time elapsed in TRUNC: 3.4951e-05
Propagating t with norm 1
Memory usage : 11819256 413036 
Sweep has been running for 3.64727 seconds.

Sweep 2, optimizing sites 9 and 10
JCD used 1 iterations.
Time elapsed in JCD: 0.00597678
Energy -1 -78.0179538916419
Sum: 12 -> 10
Time elapsed in TRUNC: 9.111e-05
Propagating t with norm 1
Memory usage : 11819256 413036 
Sweep has been running for 3.65866 seconds.

Sweep 2, optimizing sites 8 and 9
JCD used 1 iterations.
Time elapsed in JCD: 0.0247066
Energy -1 -78.0179538916419
Sum: 38 -> 34
Time elapsed in TRUNC: 0.000135001
Propagating t with norm 1
Memory usage : 11819256 413036 
Sweep has been running for 3.69118 seconds.

Sweep 2, optimizing sites 7 and 8
JCD used 1 iterations.
Time elapsed in JCD: 0.0537482
Energy -1 -78.0179538916419
Sum: 91 -> 84
Time elapsed in TRUNC: 0.000377082
Propagating t with norm 1
Memory usage : 11819256 413036 
Sweep has been running for 3.75806 seconds.

Sweep 2, optimizing sites 6 and 7
JCD used 3 iterations.
Time elapsed in JCD: 0.225808
Energy -1 -78.0179538933186
Sum: 150 -> 129
Time elapsed in TRUNC: 0.000903436
Propagating t with norm 1
Memory usage : 11819256 414920 
Sweep has been running for 4.0116 seconds.

Sweep 2, optimizing sites 5 and 6
JCD used 10 iterations.
Time elapsed in JCD: 2.0912
Energy -1 -78.018021786019
Sum: 510 -> 129
Time elapsed in TRUNC: 0.00713352
Propagating t with norm 0.999988
Memory usage : 11819256 441716 
Sweep has been running for 6.14105 seconds.

Sweep 2, optimizing sites 4 and 5
JCD used 10 iterations.
Time elapsed in JCD: 0.572326
Energy -1 -78.0179537138941
Sum: 150 -> 129
Time elapsed in TRUNC: 0.000919527
Propagating t with norm 1
Memory usage : 11819256 412992 
Sweep has been running for 6.74313 seconds.

Sweep 2, optimizing sites 3 and 4
JCD used 3 iterations.
Time elapsed in JCD: 0.0769439
Energy -1 -78.0179537177921
Sum: 91 -> 84
Time elapsed in TRUNC: 0.000373572
Propagating t with norm 1
Memory usage : 11819256 412992 
Sweep has been running for 6.83629 seconds.

Sweep 2, optimizing sites 2 and 3
JCD used 1 iterations.
Time elapsed in JCD: 0.0127237
Energy -1 -78.0179537151602
Sum: 38 -> 34
Time elapsed in TRUNC: 0.000151401
Propagating t with norm 1
Memory usage : 11819256 412992 
Sweep has been running for 6.85617 seconds.

Sweep 2, optimizing sites 1 and 2
JCD used 1 iterations.
Time elapsed in JCD: 0.00333608
Energy -1 -78.0179537151602
Sum: 12 -> 10
Time elapsed in TRUNC: 0.000153401
Propagating t with norm 1
Memory usage : 11819256 412992 
Sweep has been running for 6.86319 seconds.

Sweep 2, optimizing sites 0 and 1
JCD used 1 iterations.
Time elapsed in JCD: 0.000831186
Energy -1 -78.0179537151602
Sum: 4 -> 3
Time elapsed in TRUNC: 3.12e-05
Propagating t with norm 1
Memory usage : 11819256 412992 
Sweep has been running for 6.86525 seconds.

Sweep 3, optimizing sites 0 and 1
JCD used 1 iterations.
Time elapsed in JCD: 0.000896286
Energy 1 -78.0179537151602
Sum: 4 -> 3
Time elapsed in TRUNC: 0.000230611
Propagating t with norm 1
Memory usage : 11819256 412992 
Sweep has been running for 0.00176566 seconds.

Sweep 3, optimizing sites 1 and 2
JCD used 1 iterations.
Time elapsed in JCD: 0.00345685
Energy 1 -78.0179537151602
Sum: 12 -> 10
Time elapsed in TRUNC: 8.5651e-05
Propagating t with norm 1
Memory usage : 11819256 412992 
Sweep has been running for 0.00633506 seconds.

Sweep 3, optimizing sites 2 and 3
JCD used 1 iterations.
Time elapsed in JCD: 0.0110638
Energy 1 -78.0179537151602
Sum: 38 -> 34
Time elapsed in TRUNC: 0.000149141
Propagating t with norm 1
Memory usage : 11819256 412992 
Sweep has been running for 0.0205835 seconds.

Sweep 3, optimizing sites 3 and 4
JCD used 1 iterations.
Time elapsed in JCD: 0.0275245
Energy 1 -78.0179537151601
Sum: 91 -> 84
Time elapsed in TRUNC: 0.000569314
Propagating t with norm 1
Memory usage : 11819256 412992 
Sweep has been running for 0.0562502 seconds.

Sweep 3, optimizing sites 4 and 5
JCD used 4 iterations.
Time elapsed in JCD: 0.235971
Energy 1 -78.0179537168321
Sum: 150 -> 129
Time elapsed in TRUNC: 0.00108444
Propagating t with norm 1
Memory usage : 11819256 413160 
Sweep has been running for 0.314732 seconds.

Sweep 3, optimizing sites 5 and 6
JCD used 10 iterations.
Time elapsed in JCD: 2.14856
Energy 1 -78.018021794688
Sum: 510 -> 129
Time elapsed in TRUNC: 0.00720385
Propagating t with norm 0.999988
Memory usage : 11819256 412992 
Sweep has been running for 2.51255 seconds.

Sweep 3, optimizing sites 6 and 7
JCD used 10 iterations.
Time elapsed in JCD: 0.776793
Energy 1 -78.0179539121866
Sum: 150 -> 129
Time elapsed in TRUNC: 0.000914826
Propagating t with norm 1
Memory usage : 11819256 416716 
Sweep has been running for 3.33938 seconds.

Sweep 3, optimizing sites 7 and 8
JCD used 3 iterations.
Time elapsed in JCD: 0.155702
Energy 1 -78.0179539087502
Sum: 91 -> 84
Time elapsed in TRUNC: 0.000376462
Propagating t with norm 1
Memory usage : 11819256 416716 
Sweep has been running for 3.52934 seconds.

Sweep 3, optimizing sites 8 and 9
JCD used 1 iterations.
Time elapsed in JCD: 0.0271934
Energy 1 -78.0179539121259
Sum: 38 -> 34
Time elapsed in TRUNC: 0.000137821
Propagating t with norm 1
Memory usage : 11819256 414776 
Sweep has been running for 3.57469 seconds.

Sweep 3, optimizing sites 9 and 10
JCD used 1 iterations.
Time elapsed in JCD: 0.00771399
Energy 1 -78.0179539121259
Sum: 12 -> 10
Time elapsed in TRUNC: 8.498e-05
Propagating t with norm 1
Memory usage : 11819256 414776 
Sweep has been running for 3.58888 seconds.

Sweep 3, optimizing sites 10 and 11
JCD used 1 iterations.
Time elapsed in JCD: 0.00141041
Energy 1 -78.017953912126
Sum: 4 -> 3
Time elapsed in TRUNC: 3.178e-05
Propagating t with norm 1
Memory usage : 11819256 414776 
Sweep has been running for 3.59198 seconds.

Sweep 3, optimizing sites 10 and 11
JCD used 1 iterations.
Time elapsed in JCD: 0.0016394
Energy -1 -78.017953912126
Sum: 4 -> 3
Time elapsed in TRUNC: 3.571e-05
Propagating t with norm 1
Memory usage : 11819256 414776 
Sweep has been running for 3.59811 seconds.

Sweep 3, optimizing sites 9 and 10
JCD used 1 iterations.
Time elapsed in JCD: 0.00650781
Energy -1 -78.0179539121259
Sum: 12 -> 10
Time elapsed in TRUNC: 7.67e-05
Propagating t with norm 1
Memory usage : 11819256 414776 
Sweep has been running for 3.60968 seconds.

Sweep 3, optimizing sites 8 and 9
JCD used 1 iterations.
Time elapsed in JCD: 0.0249724
Energy -1 -78.0179539121259
Sum: 38 -> 34
Time elapsed in TRUNC: 0.000137611
Propagating t with norm 1
Memory usage : 11819256 414776 
Sweep has been running for 3.643 seconds.

Sweep 3, optimizing sites 7 and 8
JCD used 1 iterations.
Time elapsed in JCD: 0.05404
Energy -1 -78.017953912126
Sum: 91 -> 84
Time elapsed in TRUNC: 0.000378102
Propagating t with norm 1
Memory usage : 11819256 414776 
Sweep has been running for 3.71 seconds.

Sweep 3, optimizing sites 6 and 7
JCD used 3 iterations.
Time elapsed in JCD: 0.236251
Energy -1 -78.0179539097174
Sum: 150 -> 129
Time elapsed in TRUNC: 0.00101098
Propagating t with norm 1
Memory usage : 11819256 414920 
Sweep has been running for 3.97355 seconds.

Sweep 3, optimizing sites 5 and 6
JCD used 10 iterations.
Time elapsed in JCD: 2.13593
Energy -1 -78.0180217345387
Sum: 510 -> 129
Time elapsed in TRUNC: 0.00702653
Propagating t with norm 0.999988
Memory usage : 11819256 436756 
Sweep has been running for 6.14664 seconds.

Sweep 3, optimizing sites 4 and 5
JCD used 10 iterations.
Time elapsed in JCD: 0.586497
Energy -1 -78.0179537250417
Sum: 150 -> 129
Time elapsed in TRUNC: 0.000937107
Propagating t with norm 1
Memory usage : 11819256 414720 
Sweep has been running for 6.76405 seconds.

Sweep 3, optimizing sites 3 and 4
JCD used 3 iterations.
Time elapsed in JCD: 0.0777112
Energy -1 -78.0179537198075
Sum: 91 -> 84
Time elapsed in TRUNC: 0.000380593
Propagating t with norm 1
Memory usage : 11819256 414720 
Sweep has been running for 6.85807 seconds.

Sweep 3, optimizing sites 2 and 3
JCD used 1 iterations.
Time elapsed in JCD: 0.0135261
Energy -1 -78.0179537227558
Sum: 38 -> 34
Time elapsed in TRUNC: 0.000151621
Propagating t with norm 1
Memory usage : 11819256 414720 
Sweep has been running for 6.87891 seconds.

Sweep 3, optimizing sites 1 and 2
JCD used 1 iterations.
Time elapsed in JCD: 0.00348774
Energy -1 -78.0179537227558
Sum: 12 -> 10
Time elapsed in TRUNC: 7.2261e-05
Propagating t with norm 1
Memory usage : 11819256 414720 
Sweep has been running for 6.88549 seconds.

Sweep 3, optimizing sites 0 and 1
JCD used 1 iterations.
Time elapsed in JCD: 0.000562494
Energy -1 -78.0179537227557
Sum: 4 -> 3
Time elapsed in TRUNC: 3.069e-05
Propagating t with norm 1
Memory usage : 11819256 414720 
Sweep has been running for 6.88733 seconds.
Right end: <6,6,0>
Measuring Nup
Measuring Ndown
Measuring Nupdown
Measuring dm_up
 measuring in 2u1 version of tagged_nrank 
Measuring dm_down
 measuring in 2u1 version of tagged_nrank 
Measuring nupnup
 measuring in 2u1 version of tagged_nrank 
Measuring nupndown
 measuring in 2u1 version of tagged_nrank 
Measuring ndownnup
 measuring in 2u1 version of tagged_nrank 
Measuring ndownndown
 measuring in 2u1 version of tagged_nrank 
Measuring doccdocc
 measuring in 2u1 version of tagged_nrank 
Measuring transfer_up_while_down
 measuring in 2u1 version of tagged_nrank 
Measuring transfer_down_while_up
 measuring in 2u1 version of tagged_nrank 
Measuring transfer_up_while_down_at_2
 measuring in 2u1 version of tagged_nrank 
Measuring transfer_up_while_down_at_1
 measuring in 2u1 version of tagged_nrank 
Measuring transfer_down_while_up_at_2
 measuring in 2u1 version of tagged_nrank 
Measuring transfer_down_while_up_at_1
 measuring in 2u1 version of tagged_nrank 
Measuring transfer_pair
 measuring in 2u1 version of tagged_nrank 
Measuring spinflip
 measuring in 2u1 version of tagged_nrank 
Measuring nupdocc
 measuring in 2u1 version of tagged_nrank 
Measuring ndowndocc
 measuring in 2u1 version of tagged_nrank 
Measuring doccnup
 measuring in 2u1 version of tagged_nrank 
Measuring doccndown
 measuring in 2u1 version of tagged_nrank 
Measuring splus_sminus
 measuring in 2u1 version of tagged_nrank 
This binary contains symmetries: 2u1pg su2u1pg 
DMRG version 3.1.1
Temporary storage enabled in ./tmp//storage_temp_9631f60d077e/
The hamiltonian will contain 10027 terms
MPO Bond 0: 96/35
MPO Bond 1: 102/38
MPO Bond 2: 116/45
MPO Bond 3: 138/56
MPO Bond 4: 168/71
MPO Bond 5: 206/90
MPO Bond 6: 252/113
MPO Bond 7: 306/140
MPO Bond 8: 368/171
MPO Bond 9: 438/206
MPO Bond 10: 10/3
MPO Bond 11: 1/0
Right end: <12,0,0>
MPS initialization has finished...
Expecting 0 states to orthogonalize to.
Boundaries are partially initialized...
Boundaries are fully initialized...
Done init_left_right
TSMPOTensor: 1x102,  102 operators, 102 tags
TSMPOTensor: 96x116,  391 operators, 292 tags
TSMPOTensor: 102x138,  643 operators, 490 tags
TSMPOTensor: 116x168,  949 operators, 728 tags
TSMPOTensor: 138x206,  1237 operators, 934 tags
TSMPOTensor: 168x252,  1481 operators, 1140 tags
TSMPOTensor: 206x306,  1685 operators, 1208 tags
TSMPOTensor: 252x368,  1779 operators, 1286 tags
TSMPOTensor: 306x438,  1735 operators, 1184 tags
TSMPOTensor: 368x10,  989 operators, 824 tags
TSMPOTensor: 438x1,  438 operators, 242 tags
Total number of tags: 8430

Sweep 0, optimizing sites 0 and 1
JCD used 10 iterations.
Time elapsed in JCD: 0.0054428
Energy 1 -74.3586914737934
Sum: 4 -> 3
Time elapsed in TRUNC: 4.362e-05
Propagating t with norm 1
Memory usage : 11819256 412332 
Sweep has been running for 0.00646129 seconds.

Sweep 0, optimizing sites 1 and 2
JCD used 10 iterations.
Time elapsed in JCD: 0.0275384
Energy 1 -74.5667170090999
Sum: 12 -> 10
Time elapsed in TRUNC: 7.2541e-05
Propagating t with norm 1
Memory usage : 11819256 412332 
Sweep has been running for 0.0349981 seconds.

Sweep 0, optimizing sites 2 and 3
JCD used 10 iterations.
Time elapsed in JCD: 0.10741
Energy 1 -75.0622669890122
Sum: 40 -> 35
Time elapsed in TRUNC: 0.000153831
Propagating t with norm 1
Memory usage : 11819256 412332 
Sweep has been running for 0.17181 seconds.

Sweep 0, optimizing sites 3 and 4
JCD used 10 iterations.
Time elapsed in JCD: 0.309463
Energy 1 -75.5191080593121
Sum: 133 -> 121
Time elapsed in TRUNC: 0.000355742
Propagating t with norm 1
Memory usage : 11819256 412332 
Sweep has been running for 0.491122 seconds.

Sweep 0, optimizing sites 4 and 5
JCD used 10 iterations.
Time elapsed in JCD: 1.03223
Energy 1 -76.3538741255034
Sum: 260 -> 243
Time elapsed in TRUNC: 0.00105927
Propagating t with norm 1
Memory usage : 11819256 414484 
Sweep has been running for 1.56392 seconds.

Sweep 0, optimizing sites 5 and 6
JCD used 10 iterations.
Time elapsed in JCD: 1.86093
Energy 1 -76.7084623712093
Sum: 372 -> 350
Time elapsed in TRUNC: 0.00133957
Propagating t with norm 1
Memory usage : 11819256 430544 
Sweep has been running for 3.52689 seconds.

Sweep 0, optimizing sites 6 and 7
JCD used 10 iterations.
Time elapsed in JCD: 1.83291
Energy 1 -76.8852818463945
Sum: 236 -> 219
Time elapsed in TRUNC: 0.000986647
Propagating t with norm 1
Memory usage : 11819256 435296 
Sweep has been running for 5.47468 seconds.

Sweep 0, optimizing sites 7 and 8
JCD used 10 iterations.
Time elapsed in JCD: 0.960053
Energy 1 -77.421038452294
Sum: 120 -> 108
Time elapsed in TRUNC: 0.000469293
Propagating t with norm 1
Memory usage : 11819256 435296 
Sweep has been running for 6.49202 seconds.

Sweep 0, optimizing sites 8 and 9
JCD used 10 iterations.
Time elapsed in JCD: 0.314365
Energy 1 -77.6307492635398
Sum: 40 -> 35
Time elapsed in TRUNC: 0.000161451
Propagating t with norm 1
Memory usage : 11819256 435296 
Sweep has been running for 6.8292 seconds.

Sweep 0, optimizing sites 9 and 10
JCD used 10 iterations.
Time elapsed in JCD: 0.0528148
Energy 1 -77.9120346777794
Sum: 12 -> 10
Time elapsed in TRUNC: 7.973e-05
Propagating t with norm 1
Memory usage : 11819256 435296 
Sweep has been running for 6.8881 seconds.

Sweep 0, optimizing sites 10 and 11
JCD used 10 iterations.
Time elapsed in JCD: 0.0117197
Energy 1 -77.9144731861767
Sum: 4 -> 3
Time elapsed in TRUNC: 3.3571e-05
Propagating t with norm 1
Memory usage : 11819256 435296 
Sweep has been running for 6.90115 seconds.

Sweep 0, optimizing sites 10 and 11
JCD used 10 iterations.
Time elapsed in JCD: 0.0107306
Energy -1 -77.9144732188899
Sum: 4 -> 3
Time elapsed in TRUNC: 3.7291e-05
Propagating t with norm 1
Memory usage : 11819256 435296 
Sweep has been running for 6.91737 seconds.

Sweep 0, optimizing sites 9 and 10
JCD used 10 iterations.
Time elapsed in JCD: 0.0488515
Energy -1 -77.9148737338266
Sum: 12 -> 10
Time elapsed in TRUNC: 7.788e-05
Propagating t with norm 1
Memory usage : 11819256 435296 
Sweep has been running for 6.97084 seconds.

Sweep 0, optimizing sites 8 and 9
JCD used 10 iterations.
Time elapsed in JCD: 0.313762
Energy -1 -77.9226643025059
Sum: 40 -> 35
Time elapsed in TRUNC: 0.000152831
Propagating t with norm 1
Memory usage : 11819256 435296 
Sweep has been running for 7.29207 seconds.

Sweep 0, optimizing sites 7 and 8
JCD used 10 iterations.
Time elapsed in JCD: 1.08833
Energy -1 -77.9295383225702
Sum: 140 -> 126
Time elapsed in TRUNC: 0.000663995
Propagating t with norm 1
Memory usage : 11819256 435296 
Sweep has been running for 8.40038 seconds.

Sweep 0, optimizing sites 6 and 7
JCD used 10 iterations.
Time elapsed in JCD: 3.46137
Energy -1 -77.9404445038211
Sum: 499 -> 462
Time elapsed in TRUNC: 0.0045793
Propagating t with norm 1
Memory usage : 11819256 459972 
Sweep has been running for 12.0174 seconds.

Sweep 0, optimizing sites 5 and 6
JCD used 10 iterations.
Time elapsed in JCD: 11.1908
Energy -1 -77.9509299793652
Sum: 972 -> 501
Time elapsed in TRUNC: 0.0157468
Propagating t with norm 1
Memory usage : 11819256 548760 
Sweep has been running for 23.7379 seconds.

Sweep 0, optimizing sites 4 and 5
JCD used 10 iterations.
Time elapsed in JCD: 5.90619
Energy -1 -78.0138058563881
Sum: 484 -> 447
Time elapsed in TRUNC: 0.00746228
Propagating t with norm 1
Memory usage : 11819256 548760 
Sweep has been running for 30.0918 seconds.

Sweep 0, optimizing sites 3 and 4
JCD used 10 iterations.
Time elapsed in JCD: 1.24251
Energy -1 -78.0180283179796
Sum: 140 -> 126
Time elapsed in TRUNC: 0.00105943
Propagating t with norm 1
Memory usage : 11819256 548760 
Sweep has been running for 31.4179 seconds.

Sweep 0, optimizing sites 2 and 3
JCD used 10 iterations.
Time elapsed in JCD: 0.158617
Energy -1 -78.0180342447428
Sum: 40 -> 35
Time elapsed in TRUNC: 0.000363343
Propagating t with norm 1
Memory usage : 11819256 548760 
Sweep has been running for 31.5877 seconds.

Sweep 0, optimizing sites 1 and 2
JCD used 10 iterations.
Time elapsed in JCD: 0.0329065
Energy -1 -78.0180342549291
Sum: 12 -> 10
Time elapsed in TRUNC: 9.7501e-05
Propagating t with norm 1
Memory usage : 11819256 548760 
Sweep has been running for 31.6238 seconds.

Sweep 0, optimizing sites 0 and 1
JCD used 1 iterations.
Time elapsed in JCD: 0.00122564
Energy -1 -78.0180342596387
Sum: 4 -> 3
Time elapsed in TRUNC: 3.406e-05
Propagating t with norm 1
Memory usage : 11819256 548760 
Sweep has been running for 31.6263 seconds.

Sweep 1, optimizing sites 0 and 1
JCD used 1 iterations.
Time elapsed in JCD: 0.00101489
Energy 1 -78.0180342596387
Sum: 4 -> 3
Time elapsed in TRUNC: 5.604e-05
Propagating t with norm 1
Memory usage : 11819256 548760 
Sweep has been running for 0.00188703 seconds.

Sweep 1, optimizing sites 1 and 2
JCD used 3 iterations.
Time elapsed in JCD: 0.010628
Energy 1 -78.0180342598493
Sum: 12 -> 10
Time elapsed in TRUNC: 7.9381e-05
Propagating t with norm 1
Memory usage : 11819256 548760 
Sweep has been running for 0.013896 seconds.

Sweep 1, optimizing sites 2 and 3
JCD used 10 iterations.
Time elapsed in JCD: 0.151078
Energy 1 -78.0180342666755
Sum: 40 -> 35
Time elapsed in TRUNC: 0.000353153
Propagating t with norm 1
Memory usage : 11819256 548760 
Sweep has been running for 0.168929 seconds.

Sweep 1, optimizing sites 3 and 4
JCD used 10 iterations.
Time elapsed in JCD: 1.2629
Energy 1 -78.0180344930548
Sum: 140 -> 126
Time elapsed in TRUNC: 0.000917216
Propagating t with norm 1
Memory usage : 11819256 548760 
Sweep has been running for 1.44661 seconds.

Sweep 1, optimizing sites 4 and 5
JCD used 10 iterations.
Time elapsed in JCD: 6.23045
Energy 1 -78.0180350114975
Sum: 504 -> 462
Time elapsed in TRUNC: 0.00708749
Propagating t with norm 1
Memory usage : 11819256 548760 
Sweep has been running for 7.82273 seconds.

Sweep 1, optimizing sites 5 and 6
JCD used 10 iterations.
Time elapsed in JCD: 30.7202
Energy 1 -78.0180353520327
Sum: 1848 -> 501
Time elapsed in TRUNC: 0.0824332
Propagating t with norm 1
Memory usage : 11819256 657996 
Sweep has been running for 39.4015 seconds.

Sweep 1, optimizing sites 6 and 7
JCD used 9 iterations.
Time elapsed in JCD: 7.39404
Energy 1 -78.0180353510696
Sum: 504 -> 462
Time elapsed in TRUNC: 0.00798422
Propagating t with norm 1
Memory usage : 11819256 553984 
Sweep has been running for 47.739 seconds.

Sweep 1, optimizing sites 7 and 8
JCD used 1 iterations.
Time elapsed in JCD: 0.279099
Energy 1 -78.0180353544923
Sum: 140 -> 126
Time elapsed in TRUNC: 0.000991017
Propagating t with norm 1
Memory usage : 11819256 553984 
Sweep has been running for 48.2464 seconds.

Sweep 1, optimizing sites 8 and 9
JCD used 1 iterations.
Time elapsed in JCD: 0.0392516
Energy 1 -78.0180353544924
Sum: 40 -> 35
Time elapsed in TRUNC: 0.000194752
Propagating t with norm 1
Memory usage : 11819256 553984 
Sweep has been running for 48.3131 seconds.

Sweep 1, optimizing sites 9 and 10
JCD used 1 iterations.
Time elapsed in JCD: 0.00948816
Energy 1 -78.0180353544924
Sum: 12 -> 10
Time elapsed in TRUNC: 9.065e-05
Propagating t with norm 1
Memory usage : 11819256 553984 
Sweep has been running for 48.329 seconds.

Sweep 1, optimizing sites 10 and 11
JCD used 1 iterations.
Time elapsed in JCD: 0.00127628
Energy 1 -78.0180353544924
Sum: 4 -> 3
Time elapsed in TRUNC: 3.172e-05
Propagating t with norm 1
Memory usage : 11819256 553984 
Sweep has been running for 48.3318 seconds.

Sweep 1, optimizing sites 10 and 11
JCD used 1 iterations.
Time elapsed in JCD: 0.00102917
Energy -1 -78.0180353544924
Sum: 4 -> 3
Time elapsed in TRUNC: 3.316e-05
Propagating t with norm 1
Memory usage : 11819256 553984 
Sweep has been running for 48.3383 seconds.

Sweep 1, optimizing sites 9 and 10
JCD used 1 iterations.
Time elapsed in JCD: 0.00638719
Energy -1 -78.0180353544924
Sum: 12 -> 10
Time elapsed in TRUNC: 8.4171e-05
Propagating t with norm 1
Memory usage : 11819256 553984 
Sweep has been running for 48.3495 seconds.

Sweep 1, optimizing sites 8 and 9
JCD used 1 iterations.
Time elapsed in JCD: 0.0364634
Energy -1 -78.0180353544924
Sum: 40 -> 35
Time elapsed in TRUNC: 0.000159782
Propagating t with norm 1
Memory usage : 11819256 553984 
Sweep has been running for 48.3941 seconds.

Sweep 1, optimizing sites 7 and 8
JCD used 1 iterations.
Time elapsed in JCD: 0.269719
Energy -1 -78.0180353544921
Sum: 140 -> 126
Time elapsed in TRUNC: 0.00102534
Propagating t with norm 1
Memory usage : 11819256 553984 
Sweep has been running for 48.6914 seconds.

Sweep 1, optimizing sites 6 and 7
JCD used 1 iterations.
Time elapsed in JCD: 0.844237
Energy -1 -78.0180353544909
Sum: 504 -> 462
Time elapsed in TRUNC: 0.00838655
Propagating t with norm 1
Memory usage : 11819256 553984 
Sweep has been running for 49.7059 seconds.

Sweep 1, optimizing sites 5 and 6
JCD used 5 iterations.
Time elapsed in JCD: 15.6096
Energy -1 -78.0180353572583
Sum: 1848 -> 501
Time elapsed in TRUNC: 0.0833152
Propagating t with norm 1
Memory usage : 11819256 552916 
Sweep has been running for 65.9593 seconds.

Sweep 1, optimizing sites 4 and 5
JCD used 3 iterations.
Time elapsed in JCD: 1.97589
Energy -1 -78.0180353559712
Sum: 504 -> 462
Time elapsed in TRUNC: 0.00805099
Propagating t with norm 1
Memory usage : 11819256 552916 
Sweep has been running for 68.4343 seconds.

Sweep 1, optimizing sites 3 and 4
JCD used 1 iterations.
Time elapsed in JCD: 0.134872
Energy -1 -78.0180353544923
Sum: 140 -> 126
Time elapsed in TRUNC: 0.000937616
Propagating t with norm 1
Memory usage : 11819256 552916 
Sweep has been running for 68.6601 seconds.

Sweep 1, optimizing sites 2 and 3
JCD used 1 iterations.
Time elapsed in JCD: 0.0189996
Energy -1 -78.0180353544923
Sum: 40 -> 35
Time elapsed in TRUNC: 0.000180071
Propagating t with norm 1
Memory usage : 11819256 552916 
Sweep has been running for 68.6893 seconds.

Sweep 1, optimizing sites 1 and 2
JCD used 1 iterations.
Time elapsed in JCD: 0.00311481
Energy -1 -78.0180353544923
Sum: 12 -> 10
Time elapsed in TRUNC: 0.000112681
Propagating t with norm 1
Memory usage : 11819256 552916 
Sweep has been running for 68.6962 seconds.

Sweep 1, optimizing sites 0 and 1
JCD used 1 iterations.
Time elapsed in JCD: 0.000682615
Energy -1 -78.0180353544923
Sum: 4 -> 3
Time elapsed in TRUNC: 3.293e-05
Propagating t with norm 1
Memory usage : 11819256 552916 
Sweep has been running for 68.6979 seconds.

Sweep 2, optimizing sites 0 and 1
JCD used 1 iterations.
Time elapsed in JCD: 0.000666735
Energy 1 -78.0180353544923
Sum: 4 -> 3
Time elapsed in TRUNC: 3.734e-05
Propagating t with norm 1
Memory usage : 11819256 552916 
Sweep has been running for 0.00137549 seconds.

Sweep 2, optimizing sites 1 and 2
JCD used 1 iterations.
Time elapsed in JCD: 0.003895
Energy 1 -78.0180353544923
Sum: 12 -> 10
Time elapsed in TRUNC: 0.000107281
Propagating t with norm 1
Memory usage : 11819256 552916 
Sweep has been running for 0.00859587 seconds.

Sweep 2, optimizing sites 2 and 3
JCD used 1 iterations.
Time elapsed in JCD: 0.0169229
Energy 1 -78.0180353544924
Sum: 40 -> 35
Time elapsed in TRUNC: 0.000186151
Propagating t with norm 1
Memory usage : 11819256 552916 
Sweep has been running for 0.0291433 seconds.

Sweep 2, optimizing sites 3 and 4
JCD used 1 iterations.
Time elapsed in JCD: 0.143428
Energy 1 -78.0180353544923
Sum: 140 -> 126
Time elapsed in TRUNC: 0.00113493
Propagating t with norm 1
Memory usage : 11819256 552916 
Sweep has been running for 0.191456 seconds.

Sweep 2, optimizing sites 4 and 5
JCD used 1 iterations.
Time elapsed in JCD: 0.671831
Energy 1 -78.0180353544926
Sum: 504 -> 462
Time elapsed in TRUNC: 0.007925
Propagating t with norm 1
Memory usage : 11819256 552916 
Sweep has been running for 1.01747 seconds.

Sweep 2, optimizing sites 5 and 6
JCD used 5 iterations.
Time elapsed in JCD: 15.7274
Energy 1 -78.0180353562365
Sum: 1848 -> 501
Time elapsed in TRUNC: 0.0824469
Propagating t with norm 1
Memory usage : 11819256 552916 
Sweep has been running for 17.5943 seconds.

Sweep 2, optimizing sites 6 and 7
JCD used 3 iterations.
Time elapsed in JCD: 2.43785
Energy 1 -78.0180353561487
Sum: 504 -> 462
Time elapsed in TRUNC: 0.00805764
Propagating t with norm 1
Memory usage : 11819256 554960 
Sweep has been running for 20.9764 seconds.

Sweep 2, optimizing sites 7 and 8
JCD used 1 iterations.
Time elapsed in JCD: 0.286052
Energy 1 -78.0180353544926
Sum: 140 -> 126
Time elapsed in TRUNC: 0.000980107
Propagating t with norm 1
Memory usage : 11819256 554960 
Sweep has been running for 21.4929 seconds.

Sweep 2, optimizing sites 8 and 9
JCD used 1 iterations.
Time elapsed in JCD: 0.0393968
Energy 1 -78.0180353544929
Sum: 40 -> 35
Time elapsed in TRUNC: 0.000175082
Propagating t with norm 1
Memory usage : 11819256 554960 
Sweep has been running for 21.5573 seconds.

Sweep 2, optimizing sites 9 and 10
JCD used 1 iterations.
Time elapsed in JCD: 0.00847558
Energy 1 -78.0180353544929
Sum: 12 -> 10
Time elapsed in TRUNC: 0.00010033
Propagating t with norm 1
Memory usage : 11819256 554960 
Sweep has been running for 21.5718 seconds.

Sweep 2, optimizing sites 10 and 11
JCD used 1 iterations.
Time elapsed in JCD: 0.00162562
Energy 1 -78.0180353544928
Sum: 4 -> 3
Time elapsed in TRUNC: 6.892e-05
Propagating t with norm 1
Memory usage : 11819256 554960 
Sweep has been running for 21.5756 seconds.

Sweep 2, optimizing sites 10 and 11
JCD used 1 iterations.
Time elapsed in JCD: 0.000962167
Energy -1 -78.0180353544928
Sum: 4 -> 3
Time elapsed in TRUNC: 3.276e-05
Propagating t with norm 1
Memory usage : 11819256 554960 
Sweep has been running for 21.582 seconds.

Sweep 2, optimizing sites 9 and 10
JCD used 1 iterations.
Time elapsed in JCD: 0.00594146
Energy -1 -78.0180353544929
Sum: 12 -> 10
Time elapsed in TRUNC: 8.205e-05
Propagating t with norm 1
Memory usage : 11819256 554960 
Sweep has been running for 21.5929 seconds.

Sweep 2, optimizing sites 8 and 9
JCD used 1 iterations.
Time elapsed in JCD: 0.0349561
Energy -1 -78.0180353544929
Sum: 40 -> 35
Time elapsed in TRUNC: 0.000164402
Propagating t with norm 1
Memory usage : 11819256 554960 
Sweep has been running for 21.6358 seconds.

Sweep 2, optimizing sites 7 and 8
JCD used 1 iterations.
Time elapsed in JCD: 0.286804
Energy -1 -78.0180353544927
Sum: 140 -> 126
Time elapsed in TRUNC: 0.00116293
Propagating t with norm 1
Memory usage : 11819256 554960 
Sweep has been running for 21.9504 seconds.

Sweep 2, optimizing sites 6 and 7
JCD used 1 iterations.
Time elapsed in JCD: 0.853726
Energy -1 -78.0180353544915
Sum: 504 -> 462
Time elapsed in TRUNC: 0.00838721
Propagating t with norm 1
Memory usage : 11819256 554960 
Sweep has been running for 22.9775 seconds.

Sweep 2, optimizing sites 5 and 6
JCD used 5 iterations.
Time elapsed in JCD: 15.9135
Energy -1 -78.0180353502084
Sum: 1848 -> 501
Time elapsed in TRUNC: 0.0842376
Propagating t with norm 1
Memory usage : 11819256 553384 
Sweep has been running for 39.5522 seconds.

Sweep 2, optimizing sites 4 and 5
JCD used 3 iterations.
Time elapsed in JCD: 1.98143
Energy -1 -78.018035355465
Sum: 504 -> 462
Time elapsed in TRUNC: 0.00730023
Propagating t with norm 1
Memory usage : 11819256 553384 
Sweep has been running for 42.0516 seconds.

Sweep 2, optimizing sites 3 and 4
JCD used 1 iterations.
Time elapsed in JCD: 0.140423
Energy -1 -78.0180353544927
Sum: 140 -> 126
Time elapsed in TRUNC: 0.00103074
Propagating t with norm 1
Memory usage : 11819256 553384 
Sweep has been running for 42.2848 seconds.

Sweep 2, optimizing sites 2 and 3
JCD used 1 iterations.
Time elapsed in JCD: 0.0200243
Energy -1 -78.0180353544926
Sum: 40 -> 35
Time elapsed in TRUNC: 0.000202561
Propagating t with norm 1
Memory usage : 11819256 553384 
Sweep has been running for 42.3148 seconds.

Sweep 2, optimizing sites 1 and 2
JCD used 1 iterations.
Time elapsed in JCD: 0.00530095
Energy -1 -78.0180353544927
Sum: 12 -> 10
Time elapsed in TRUNC: 8.6481e-05
Propagating t with norm 1
Memory usage : 11819256 553384 
Sweep has been running for 42.3233 seconds.

Sweep 2, optimizing sites 0 and 1
JCD used 1 iterations.
Time elapsed in JCD: 0.00125676
Energy -1 -78.0180353544927
Sum: 4 -> 3
Time elapsed in TRUNC: 3.1361e-05
Propagating t with norm 1
Memory usage : 11819256 553384 
Sweep has been running for 42.3257 seconds.

Sweep 3, optimizing sites 0 and 1
JCD used 1 iterations.
Time elapsed in JCD: 0.000858965
Energy 1 -78.0180353544927
Sum: 4 -> 3
Time elapsed in TRUNC: 3.991e-05
Propagating t with norm 1
Memory usage : 11819256 554408 
Sweep has been running for 0.00169556 seconds.

Sweep 3, optimizing sites 1 and 2
JCD used 1 iterations.
Time elapsed in JCD: 0.00343385
Energy 1 -78.0180353544927
Sum: 12 -> 10
Time elapsed in TRUNC: 9.4481e-05
Propagating t with norm 1
Memory usage : 11819256 554408 
Sweep has been running for 0.00671159 seconds.

Sweep 3, optimizing sites 2 and 3
JCD used 1 iterations.
Time elapsed in JCD: 0.016995
Energy 1 -78.0180353544927
Sum: 40 -> 35
Time elapsed in TRUNC: 0.000193222
Propagating t with norm 1
Memory usage : 11819256 554408 
Sweep has been running for 0.0278511 seconds.

Sweep 3, optimizing sites 3 and 4
JCD used 1 iterations.
Time elapsed in JCD: 0.140567
Energy 1 -78.0180353544927
Sum: 140 -> 126
Time elapsed in TRUNC: 0.000986337
Propagating t with norm 1
Memory usage : 11819256 554408 
Sweep has been running for 0.187009 seconds.

Sweep 3, optimizing sites 4 and 5
JCD used 1 iterations.
Time elapsed in JCD: 0.673791
Energy 1 -78.018035354493
Sum: 504 -> 462
Time elapsed in TRUNC: 0.00797452
Propagating t with norm 1
Memory usage : 11819256 554408 
Sweep has been running for 1.00961 seconds.

Sweep 3, optimizing sites 5 and 6
JCD used 5 iterations.
Time elapsed in JCD: 15.6139
Energy 1 -78.018035351889
Sum: 1848 -> 501
Time elapsed in TRUNC: 0.0830567
Propagating t with norm 1
Memory usage : 11819256 739904 
Sweep has been running for 17.4849 seconds.

Sweep 3, optimizing sites 6 and 7
JCD used 3 iterations.
Time elapsed in JCD: 2.48254
Energy 1 -78.0180353543475
Sum: 504 -> 462
Time elapsed in TRUNC: 0.00818609
Propagating t with norm 1
Memory usage : 11819256 739904 
Sweep has been running for 20.9089 seconds.

Sweep 3, optimizing sites 7 and 8
JCD used 1 iterations.
Time elapsed in JCD: 0.273448
Energy 1 -78.0180353544923
Sum: 140 -> 126
Time elapsed in TRUNC: 0.00101254
Propagating t with norm 1
Memory usage : 11819256 739904 
Sweep has been running for 21.4163 seconds.

Sweep 3, optimizing sites 8 and 9
JCD used 1 iterations.
Time elapsed in JCD: 0.0431567
Energy 1 -78.0180353544926
Sum: 40 -> 35
Time elapsed in TRUNC: 0.000181372
Propagating t with norm 1
Memory usage : 11819256 739904 
Sweep has been running for 21.4874 seconds.

Sweep 3, optimizing sites 9 and 10
JCD used 1 iterations.
Time elapsed in JCD: 0.00882746
Energy 1 -78.0180353544926
Sum: 12 -> 10
Time elapsed in TRUNC: 9.112e-05
Propagating t with norm 1
Memory usage : 11819256 739904 
Sweep has been running for 21.5026 seconds.

Sweep 3, optimizing sites 10 and 11
JCD used 1 iterations.
Time elapsed in JCD: 0.00190685
Energy 1 -78.0180353544926
Sum: 4 -> 3
Time elapsed in TRUNC: 6.175e-05
Propagating t with norm 1
Memory usage : 11819256 739904 
Sweep has been running for 21.5065 seconds.

Sweep 3, optimizing sites 10 and 11
JCD used 1 iterations.
Time elapsed in JCD: 0.00114207
Energy -1 -78.0180353544926
Sum: 4 -> 3
Time elapsed in TRUNC: 4.245e-05
Propagating t with norm 1
Memory usage : 11819256 739904 
Sweep has been running for 21.5134 seconds.

Sweep 3, optimizing sites 9 and 10
JCD used 1 iterations.
Time elapsed in JCD: 0.00652635
Energy -1 -78.0180353544926
Sum: 12 -> 10
Time elapsed in TRUNC: 9.0331e-05
Propagating t with norm 1
Memory usage : 11819256 739904 
Sweep has been running for 21.5249 seconds.

Sweep 3, optimizing sites 8 and 9
JCD used 1 iterations.
Time elapsed in JCD: 0.0351607
Energy -1 -78.0180353544926
Sum: 40 -> 35
Time elapsed in TRUNC: 0.000176101
Propagating t with norm 1
Memory usage : 11819256 739904 
Sweep has been running for 21.5684 seconds.

Sweep 3, optimizing sites 7 and 8
JCD used 1 iterations.
Time elapsed in JCD: 0.277588
Energy -1 -78.0180353544924
Sum: 140 -> 126
Time elapsed in TRUNC: 0.00106757
Propagating t with norm 1
Memory usage : 11819256 553384 
Sweep has been running for 21.8811 seconds.

Sweep 3, optimizing sites 6 and 7
JCD used 1 iterations.
Time elapsed in JCD: 0.849757
Energy -1 -78.0180353544912
Sum: 504 -> 462
Time elapsed in TRUNC: 0.0088499
Propagating t with norm 1
Memory usage : 11819256 553384 
Sweep has been running for 22.9078 seconds.

Sweep 3, optimizing sites 5 and 6
JCD used 5 iterations.
Time elapsed in JCD: 15.6343
Energy -1 -78.0180353565699
Sum: 1848 -> 501
Time elapsed in TRUNC: 0.0834419
Propagating t with norm 1
Memory usage : 11819256 646156 
Sweep has been running for 39.1921 seconds.

Sweep 3, optimizing sites 4 and 5
JCD used 3 iterations.
Time elapsed in JCD: 2.07489
Energy -1 -78.018035355422
Sum: 504 -> 462
Time elapsed in TRUNC: 0.00725589
Propagating t with norm 1
Memory usage : 11819256 646156 
Sweep has been running for 41.773 seconds.

Sweep 3, optimizing sites 3 and 4
JCD used 1 iterations.
Time elapsed in JCD: 0.140361
Energy -1 -78.0180353544926
Sum: 140 -> 126
Time elapsed in TRUNC: 0.000923856
Propagating t with norm 1
Memory usage : 11819256 646156 
Sweep has been running for 42.0055 seconds.

Sweep 3, optimizing sites 2 and 3
JCD used 1 iterations.
Time elapsed in JCD: 0.0193218
Energy -1 -78.0180353544926
Sum: 40 -> 35
Time elapsed in TRUNC: 0.000370863
Propagating t with norm 1
Memory usage : 11819256 646156 
Sweep has been running for 42.035 seconds.

Sweep 3, optimizing sites 1 and 2
JCD used 1 iterations.
Time elapsed in JCD: 0.00776995
Energy -1 -78.0180353544925
Sum: 12 -> 10
Time elapsed in TRUNC: 0.000165361
Propagating t with norm 1
Memory usage : 11819256 646156 
Sweep has been running for 42.0476 seconds.

Sweep 3, optimizing sites 0 and 1
JCD used 1 iterations.
Time elapsed in JCD: 0.00119861
Energy -1 -78.0180353544926
Sum: 4 -> 3
Time elapsed in TRUNC: 3.327e-05
Propagating t with norm 1
Memory usage : 11819256 646156 
Sweep has been running for 42.0504 seconds.
Measuring oneptdm
 measuring in su2 version of tagged_nrank 
Measuring twoptdm
 measuring in su2 version of tagged_nrank 
The hamiltonian will contain 10027 terms
MPO Bond 0: 96/35
MPO Bond 1: 102/38
MPO Bond 2: 116/45
MPO Bond 3: 138/56
MPO Bond 4: 168/71
MPO Bond 5: 206/90
MPO Bond 6: 252/113
MPO Bond 7: 306/140
MPO Bond 8: 368/171
MPO Bond 9: 438/206
MPO Bond 10: 10/3
MPO Bond 11: 1/0
This binary contains symmetries: 2u1pg su2u1pg 
DMRG version 3.1.1
Temporary storage enabled in ./tmp//storage_temp_03f2a716ee0c/
Will start again at site -1 in sweep 4
Loading checkpoint from /public/home/xzzeng/work/HQC/Ethene/autoCAS/autocas_project/final/autocas_project.checkpoint_state.0.h5
Parameters:
               Sites: 12
           Electrons: 12
                Spin: 0
               Irrep: 0
The hamiltonian will contain 10027 terms
MPO Bond 0: 96/35
MPO Bond 1: 102/38
MPO Bond 2: 116/45
MPO Bond 3: 138/56
MPO Bond 4: 168/71
MPO Bond 5: 206/90
MPO Bond 6: 252/113
MPO Bond 7: 306/140
MPO Bond 8: 368/171
MPO Bond 9: 438/206
MPO Bond 10: 10/3
MPO Bond 11: 1/0
MPS initialization has finished...
Expecting 0 states to orthogonalize to.
Boundaries are partially initialized...
Boundaries are fully initialized...
Done init_left_right
TSMPOTensor: 1x102,  102 operators, 102 tags
TSMPOTensor: 96x116,  391 operators, 292 tags
TSMPOTensor: 102x138,  643 operators, 490 tags
TSMPOTensor: 116x168,  949 operators, 728 tags
TSMPOTensor: 138x206,  1237 operators, 934 tags
TSMPOTensor: 168x252,  1481 operators, 1140 tags
TSMPOTensor: 206x306,  1685 operators, 1208 tags
TSMPOTensor: 252x368,  1779 operators, 1286 tags
TSMPOTensor: 306x438,  1735 operators, 1184 tags
TSMPOTensor: 368x10,  989 operators, 824 tags
TSMPOTensor: 438x1,  438 operators, 242 tags
Total number of tags: 8430

Sweep 4, optimizing sites 0 and 1
JCD used 1 iterations.
Time elapsed in JCD: 0.000955896
Energy 1 -78.0180353544927
Sum: 4 -> 3
Time elapsed in TRUNC: 4.176e-05
Propagating t with norm 1
Memory usage : 11819256 646156 
Sweep has been running for 0.00185781 seconds.

Sweep 4, optimizing sites 1 and 2
JCD used 1 iterations.
Time elapsed in JCD: 0.00407889
Energy 1 -78.0180353544926
Sum: 12 -> 10
Time elapsed in TRUNC: 6.875e-05
Propagating t with norm 1
Memory usage : 11819256 646156 
Sweep has been running for 0.00705927 seconds.

Sweep 4, optimizing sites 2 and 3
JCD used 1 iterations.
Time elapsed in JCD: 0.0149749
Energy 1 -78.0180353544926
Sum: 40 -> 35
Time elapsed in TRUNC: 0.000164542
Propagating t with norm 1
Memory usage : 11819256 646156 
Sweep has been running for 0.0248322 seconds.

Sweep 4, optimizing sites 3 and 4
JCD used 1 iterations.
Time elapsed in JCD: 0.128129
Energy 1 -78.0180353544927
Sum: 140 -> 126
Time elapsed in TRUNC: 0.000919486
Propagating t with norm 1
Memory usage : 11819256 646156 
Sweep has been running for 0.16762 seconds.

Sweep 4, optimizing sites 4 and 5
JCD used 1 iterations.
Time elapsed in JCD: 0.672695
Energy 1 -78.018035354493
Sum: 504 -> 462
Time elapsed in TRUNC: 0.00751121
Propagating t with norm 1
Memory usage : 11819256 646156 
Sweep has been running for 0.984267 seconds.

Sweep 4, optimizing sites 5 and 6
JCD used 5 iterations.
Time elapsed in JCD: 15.3319
Energy 1 -78.018035354389
Sum: 1848 -> 501
Time elapsed in TRUNC: 0.0817303
Propagating t with norm 1
Memory usage : 11819256 742632 
Sweep has been running for 17.1748 seconds.

Sweep 4, optimizing sites 6 and 7
JCD used 3 iterations.
Time elapsed in JCD: 2.40013
Energy 1 -78.0180353541547
Sum: 504 -> 462
Time elapsed in TRUNC: 0.00839497
Propagating t with norm 1
Memory usage : 11819256 716916 
Sweep has been running for 20.4928 seconds.

Sweep 4, optimizing sites 7 and 8
JCD used 1 iterations.
Time elapsed in JCD: 0.267788
Energy 1 -78.0180353544924
Sum: 140 -> 126
Time elapsed in TRUNC: 0.00126815
Propagating t with norm 1
Memory usage : 11819256 716916 
Sweep has been running for 20.9895 seconds.

Sweep 4, optimizing sites 8 and 9
JCD used 1 iterations.
Time elapsed in JCD: 0.0408908
Energy 1 -78.0180353544927
Sum: 40 -> 35
Time elapsed in TRUNC: 0.000171481
Propagating t with norm 1
Memory usage : 11819256 716916 
Sweep has been running for 21.0547 seconds.

Sweep 4, optimizing sites 9 and 10
JCD used 1 iterations.
Time elapsed in JCD: 0.00882774
Energy 1 -78.0180353544926
Sum: 12 -> 10
Time elapsed in TRUNC: 9.217e-05
Propagating t with norm 1
Memory usage : 11819256 716916 
Sweep has been running for 21.0791 seconds.

Sweep 4, optimizing sites 10 and 11
JCD used 1 iterations.
Time elapsed in JCD: 0.00105006
Energy 1 -78.0180353544926
Sum: 4 -> 3
Time elapsed in TRUNC: 3.224e-05
Propagating t with norm 1
Memory usage : 11819256 716916 
Sweep has been running for 21.0828 seconds.

Sweep 4, optimizing sites 10 and 11
JCD used 1 iterations.
Time elapsed in JCD: 0.000930456
Energy -1 -78.0180353544926
Sum: 4 -> 3
Time elapsed in TRUNC: 3.2241e-05
Propagating t with norm 1
Memory usage : 11819256 716916 
Sweep has been running for 21.0919 seconds.

Sweep 4, optimizing sites 9 and 10
JCD used 1 iterations.
Time elapsed in JCD: 0.00559326
Energy -1 -78.0180353544926
Sum: 12 -> 10
Time elapsed in TRUNC: 7.9251e-05
Propagating t with norm 1
Memory usage : 11819256 716916 
Sweep has been running for 21.1022 seconds.

Sweep 4, optimizing sites 8 and 9
JCD used 1 iterations.
Time elapsed in JCD: 0.036406
Energy -1 -78.0180353544927
Sum: 40 -> 35
Time elapsed in TRUNC: 0.000154572
Propagating t with norm 1
Memory usage : 11819256 716916 
Sweep has been running for 21.1466 seconds.

Sweep 4, optimizing sites 7 and 8
JCD used 1 iterations.
Time elapsed in JCD: 0.273493
Energy -1 -78.0180353544924
Sum: 140 -> 126
Time elapsed in TRUNC: 0.00101266
Propagating t with norm 1
Memory usage : 11819256 716916 
Sweep has been running for 21.4468 seconds.

Sweep 4, optimizing sites 6 and 7
JCD used 1 iterations.
Time elapsed in JCD: 0.824958
Energy -1 -78.0180353544911
Sum: 504 -> 462
Time elapsed in TRUNC: 0.00815384
Propagating t with norm 1
Memory usage : 11819256 716916 
Sweep has been running for 22.4401 seconds.

Sweep 4, optimizing sites 5 and 6
JCD used 5 iterations.
Time elapsed in JCD: 15.303
Energy -1 -78.018035356811
Sum: 1848 -> 501
Time elapsed in TRUNC: 0.0819355
Propagating t with norm 1
Memory usage : 11819256 716280 
Sweep has been running for 38.3868 seconds.

Sweep 4, optimizing sites 4 and 5
JCD used 3 iterations.
Time elapsed in JCD: 1.92035
Energy -1 -78.0180353552966
Sum: 504 -> 462
Time elapsed in TRUNC: 0.00740237
Propagating t with norm 1
Memory usage : 11819256 716280 
Sweep has been running for 40.8117 seconds.

Sweep 4, optimizing sites 3 and 4
JCD used 1 iterations.
Time elapsed in JCD: 0.134288
Energy -1 -78.0180353544925
Sum: 140 -> 126
Time elapsed in TRUNC: 0.000923816
Propagating t with norm 1
Memory usage : 11819256 716280 
Sweep has been running for 41.0346 seconds.

Sweep 4, optimizing sites 2 and 3
JCD used 1 iterations.
Time elapsed in JCD: 0.0189227
Energy -1 -78.0180353544925
Sum: 40 -> 35
Time elapsed in TRUNC: 0.000175871
Propagating t with norm 1
Memory usage : 11819256 716280 
Sweep has been running for 41.0631 seconds.

Sweep 4, optimizing sites 1 and 2
JCD used 1 iterations.
Time elapsed in JCD: 0.00461738
Energy -1 -78.0180353544925
Sum: 12 -> 10
Time elapsed in TRUNC: 7.718e-05
Propagating t with norm 1
Memory usage : 11819256 716280 
Sweep has been running for 41.0705 seconds.

Sweep 4, optimizing sites 0 and 1
JCD used 1 iterations.
Time elapsed in JCD: 0.00108983
Energy -1 -78.0180353544925
Sum: 4 -> 3
Time elapsed in TRUNC: 6.644e-05
Propagating t with norm 1
Memory usage : 11819256 716280 
Sweep has been running for 41.0729 seconds.
Measuring oneptdm
 measuring in su2 version of tagged_nrank 
Measuring twoptdm
 measuring in su2 version of tagged_nrank 
The hamiltonian will contain 10453 terms
MPO Bond 0: 96/35
MPO Bond 1: 102/38
MPO Bond 2: 116/45
MPO Bond 3: 138/56
MPO Bond 4: 168/71
MPO Bond 5: 206/90
MPO Bond 6: 252/113
MPO Bond 7: 306/140
MPO Bond 8: 368/171
MPO Bond 9: 438/206
MPO Bond 10: 10/3
MPO Bond 11: 1/0
This binary contains symmetries: 2u1pg su2u1pg 
DMRG version 3.1.1
Temporary storage enabled in ./tmp//storage_temp_c09a1add61e6/
Will start again at site -1 in sweep 5
Loading checkpoint from /public/home/xzzeng/work/HQC/Ethene/autoCAS/autocas_project/final/autocas_project.checkpoint_state.0.h5
Parameters:
               Sites: 12
           Electrons: 12
                Spin: 0
               Irrep: 0
The hamiltonian will contain 10453 terms
MPO Bond 0: 96/35
MPO Bond 1: 102/38
MPO Bond 2: 116/45
MPO Bond 3: 138/56
MPO Bond 4: 168/71
MPO Bond 5: 206/90
MPO Bond 6: 252/113
MPO Bond 7: 306/140
MPO Bond 8: 368/171
MPO Bond 9: 438/206
MPO Bond 10: 10/3
MPO Bond 11: 1/0
MPS initialization has finished...
Expecting 0 states to orthogonalize to.
Boundaries are partially initialized...
Boundaries are fully initialized...
Done init_left_right
TSMPOTensor: 1x102,  102 operators, 102 tags
TSMPOTensor: 96x116,  391 operators, 294 tags
TSMPOTensor: 102x138,  655 operators, 532 tags
TSMPOTensor: 116x168,  955 operators, 792 tags
TSMPOTensor: 138x206,  1255 operators, 1040 tags
TSMPOTensor: 168x252,  1519 operators, 1240 tags
TSMPOTensor: 206x306,  1711 operators, 1356 tags
TSMPOTensor: 252x368,  1795 operators, 1352 tags
TSMPOTensor: 306x438,  1735 operators, 1192 tags
TSMPOTensor: 368x10,  989 operators, 824 tags
TSMPOTensor: 438x1,  438 operators, 242 tags
Total number of tags: 8966

Sweep 5, optimizing sites 0 and 1
JCD used 10 iterations.
Time elapsed in JCD: 0.00509705
Energy 1 -78.0820618553502
Sum: 4 -> 3
Time elapsed in TRUNC: 4.074e-05
Propagating t with norm 1
Memory usage : 11819256 651696 
Sweep has been running for 0.00631179 seconds.

Sweep 5, optimizing sites 1 and 2
JCD used 10 iterations.
Time elapsed in JCD: 0.0287063
Energy 1 -78.0841317640439
Sum: 12 -> 10
Time elapsed in TRUNC: 6.585e-05
Propagating t with norm 1
Memory usage : 11819256 651696 
Sweep has been running for 0.0362094 seconds.

Sweep 5, optimizing sites 2 and 3
JCD used 10 iterations.
Time elapsed in JCD: 0.145137
Energy 1 -78.0914473606811
Sum: 40 -> 35
Time elapsed in TRUNC: 0.000157621
Propagating t with norm 1
Memory usage : 11819256 651696 
Sweep has been running for 0.184115 seconds.

Sweep 5, optimizing sites 3 and 4
JCD used 10 iterations.
Time elapsed in JCD: 1.30103
Energy 1 -78.1010327149228
Sum: 140 -> 126
Time elapsed in TRUNC: 0.000884196
Propagating t with norm 1
Memory usage : 11819256 651696 
Sweep has been running for 1.50061 seconds.

Sweep 5, optimizing sites 4 and 5
JCD used 10 iterations.
Time elapsed in JCD: 6.64668
Energy 1 -78.1026691190421
Sum: 504 -> 462
Time elapsed in TRUNC: 0.00723285
Propagating t with norm 1
Memory usage : 11819256 651696 
Sweep has been running for 8.2881 seconds.

Sweep 5, optimizing sites 5 and 6
JCD used 10 iterations.
Time elapsed in JCD: 30.7457
Energy 1 -78.1027291378974
Sum: 1848 -> 501
Time elapsed in TRUNC: 0.0838021
Propagating t with norm 1
Memory usage : 11819256 818192 
Sweep has been running for 39.9137 seconds.

Sweep 5, optimizing sites 6 and 7
JCD used 10 iterations.
Time elapsed in JCD: 8.40223
Energy 1 -78.1027291325062
Sum: 504 -> 462
Time elapsed in TRUNC: 0.0082961
Propagating t with norm 1
Memory usage : 11819256 818192 
Sweep has been running for 49.2759 seconds.

Sweep 5, optimizing sites 7 and 8
JCD used 3 iterations.
Time elapsed in JCD: 0.79455
Energy 1 -78.1027291315243
Sum: 140 -> 126
Time elapsed in TRUNC: 0.000989647
Propagating t with norm 1
Memory usage : 11819256 818192 
Sweep has been running for 50.2957 seconds.

Sweep 5, optimizing sites 8 and 9
JCD used 1 iterations.
Time elapsed in JCD: 0.0398936
Energy 1 -78.102729134391
Sum: 40 -> 35
Time elapsed in TRUNC: 0.000172051
Propagating t with norm 1
Memory usage : 11819256 818192 
Sweep has been running for 50.3604 seconds.

Sweep 5, optimizing sites 9 and 10
JCD used 1 iterations.
Time elapsed in JCD: 0.00682926
Energy 1 -78.1027291343909
Sum: 12 -> 10
Time elapsed in TRUNC: 8.213e-05
Propagating t with norm 1
Memory usage : 11819256 818192 
Sweep has been running for 50.3726 seconds.

Sweep 5, optimizing sites 10 and 11
JCD used 1 iterations.
Time elapsed in JCD: 0.00170908
Energy 1 -78.102729134391
Sum: 4 -> 3
Time elapsed in TRUNC: 3.4101e-05
Propagating t with norm 1
Memory usage : 11819256 818192 
Sweep has been running for 50.3758 seconds.

Sweep 5, optimizing sites 10 and 11
JCD used 1 iterations.
Time elapsed in JCD: 0.000941826
Energy -1 -78.102729134391
Sum: 4 -> 3
Time elapsed in TRUNC: 3.3401e-05
Propagating t with norm 1
Memory usage : 11819256 818192 
Sweep has been running for 50.3821 seconds.

Sweep 5, optimizing sites 9 and 10
JCD used 1 iterations.
Time elapsed in JCD: 0.00600222
Energy -1 -78.1027291343909
Sum: 12 -> 10
Time elapsed in TRUNC: 8.0311e-05
Propagating t with norm 1
Memory usage : 11819256 818192 
Sweep has been running for 50.3928 seconds.

Sweep 5, optimizing sites 8 and 9
JCD used 1 iterations.
Time elapsed in JCD: 0.0368599
Energy -1 -78.102729134391
Sum: 40 -> 35
Time elapsed in TRUNC: 0.000325172
Propagating t with norm 1
Memory usage : 11819256 818192 
Sweep has been running for 50.4381 seconds.

Sweep 5, optimizing sites 7 and 8
JCD used 1 iterations.
Time elapsed in JCD: 0.275183
Energy -1 -78.1027291343908
Sum: 140 -> 126
Time elapsed in TRUNC: 0.000991496
Propagating t with norm 1
Memory usage : 11819256 794696 
Sweep has been running for 50.7381 seconds.

Sweep 5, optimizing sites 6 and 7
JCD used 2 iterations.
Time elapsed in JCD: 1.73395
Energy -1 -78.1027291339786
Sum: 504 -> 462
Time elapsed in TRUNC: 0.0086675
Propagating t with norm 1
Memory usage : 11819256 794696 
Sweep has been running for 52.6433 seconds.

Sweep 5, optimizing sites 5 and 6
JCD used 8 iterations.
Time elapsed in JCD: 24.9077
Energy -1 -78.102729137706
Sum: 1848 -> 501
Time elapsed in TRUNC: 0.0849331
Propagating t with norm 1
Memory usage : 11819256 794696 
Sweep has been running for 78.2363 seconds.

Sweep 5, optimizing sites 4 and 5
JCD used 5 iterations.
Time elapsed in JCD: 3.37426
Energy -1 -78.1027291340575
Sum: 504 -> 462
Time elapsed in TRUNC: 0.00740661
Propagating t with norm 1
Memory usage : 11819256 794696 
Sweep has been running for 82.1372 seconds.

Sweep 5, optimizing sites 3 and 4
JCD used 1 iterations.
Time elapsed in JCD: 0.137385
Energy -1 -78.1027291344211
Sum: 140 -> 126
Time elapsed in TRUNC: 0.000948356
Propagating t with norm 1
Memory usage : 11819256 794696 
Sweep has been running for 82.3717 seconds.

Sweep 5, optimizing sites 2 and 3
JCD used 1 iterations.
Time elapsed in JCD: 0.0223892
Energy -1 -78.1027291344213
Sum: 40 -> 35
Time elapsed in TRUNC: 0.000191611
Propagating t with norm 1
Memory usage : 11819256 794696 
Sweep has been running for 82.4044 seconds.

Sweep 5, optimizing sites 1 and 2
JCD used 1 iterations.
Time elapsed in JCD: 0.00676298
Energy -1 -78.1027291344213
Sum: 12 -> 10
Time elapsed in TRUNC: 8.028e-05
Propagating t with norm 1
Memory usage : 11819256 794696 
Sweep has been running for 82.4147 seconds.

Sweep 5, optimizing sites 0 and 1
JCD used 1 iterations.
Time elapsed in JCD: 0.00161796
Energy -1 -78.1027291344213
Sum: 4 -> 3
Time elapsed in TRUNC: 4.132e-05
Propagating t with norm 1
Memory usage : 11819256 794696 
Sweep has been running for 82.4178 seconds.

Sweep 6, optimizing sites 0 and 1
JCD used 1 iterations.
Time elapsed in JCD: 0.00104783
Energy 1 -78.1027291344213
Sum: 4 -> 3
Time elapsed in TRUNC: 4.9491e-05
Propagating t with norm 1
Memory usage : 11819256 718876 
Sweep has been running for 0.00196208 seconds.

Sweep 6, optimizing sites 1 and 2
JCD used 1 iterations.
Time elapsed in JCD: 0.0033114
Energy 1 -78.1027291344213
Sum: 12 -> 10
Time elapsed in TRUNC: 0.000104411
Propagating t with norm 1
Memory usage : 11819256 718876 
Sweep has been running for 0.00703437 seconds.

Sweep 6, optimizing sites 2 and 3
JCD used 1 iterations.
Time elapsed in JCD: 0.0166217
Energy 1 -78.1027291344213
Sum: 40 -> 35
Time elapsed in TRUNC: 0.000171141
Propagating t with norm 1
Memory usage : 11819256 718876 
Sweep has been running for 0.0271355 seconds.

Sweep 6, optimizing sites 3 and 4
JCD used 1 iterations.
Time elapsed in JCD: 0.132399
Energy 1 -78.1027291344212
Sum: 140 -> 126
Time elapsed in TRUNC: 0.000969387
Propagating t with norm 1
Memory usage : 11819256 718876 
Sweep has been running for 0.175832 seconds.

Sweep 6, optimizing sites 4 and 5
JCD used 1 iterations.
Time elapsed in JCD: 0.685599
Energy 1 -78.1027291344217
Sum: 504 -> 462
Time elapsed in TRUNC: 0.00787204
Propagating t with norm 1
Memory usage : 11819256 718876 
Sweep has been running for 1.01655 seconds.

Sweep 6, optimizing sites 5 and 6
JCD used 7 iterations.
Time elapsed in JCD: 22.2459
Energy 1 -78.1027291371509
Sum: 1848 -> 501
Time elapsed in TRUNC: 0.0835265
Propagating t with norm 1
Memory usage : 11819256 689432 
Sweep has been running for 24.1464 seconds.

Sweep 6, optimizing sites 6 and 7
JCD used 5 iterations.
Time elapsed in JCD: 4.24923
Energy 1 -78.1027291335616
Sum: 504 -> 462
Time elapsed in TRUNC: 0.00828437
Propagating t with norm 1
Memory usage : 11819256 689432 
Sweep has been running for 29.3432 seconds.

Sweep 6, optimizing sites 7 and 8
JCD used 1 iterations.
Time elapsed in JCD: 0.278559
Energy 1 -78.1027291344354
Sum: 140 -> 126
Time elapsed in TRUNC: 0.000972347
Propagating t with norm 1
Memory usage : 11819256 689432 
Sweep has been running for 29.8435 seconds.

Sweep 6, optimizing sites 8 and 9
JCD used 1 iterations.
Time elapsed in JCD: 0.0446441
Energy 1 -78.1027291344356
Sum: 40 -> 35
Time elapsed in TRUNC: 0.000177451
Propagating t with norm 1
Memory usage : 11819256 689432 
Sweep has been running for 29.9129 seconds.

Sweep 6, optimizing sites 9 and 10
JCD used 1 iterations.
Time elapsed in JCD: 0.011561
Energy 1 -78.1027291344355
Sum: 12 -> 10
Time elapsed in TRUNC: 0.00010595
Propagating t with norm 1
Memory usage : 11819256 689432 
Sweep has been running for 29.9308 seconds.

Sweep 6, optimizing sites 10 and 11
JCD used 1 iterations.
Time elapsed in JCD: 0.00150235
Energy 1 -78.1027291344355
Sum: 4 -> 3
Time elapsed in TRUNC: 3.2511e-05
Propagating t with norm 1
Memory usage : 11819256 689432 
Sweep has been running for 29.9337 seconds.

Sweep 6, optimizing sites 10 and 11
JCD used 1 iterations.
Time elapsed in JCD: 0.00222173
Energy -1 -78.1027291344355
Sum: 4 -> 3
Time elapsed in TRUNC: 3.376e-05
Propagating t with norm 1
Memory usage : 11819256 689432 
Sweep has been running for 29.9416 seconds.

Sweep 6, optimizing sites 9 and 10
JCD used 1 iterations.
Time elapsed in JCD: 0.00627215
Energy -1 -78.1027291344355
Sum: 12 -> 10
Time elapsed in TRUNC: 8.0341e-05
Propagating t with norm 1
Memory usage : 11819256 689432 
Sweep has been running for 29.9533 seconds.

Sweep 6, optimizing sites 8 and 9
JCD used 1 iterations.
Time elapsed in JCD: 0.0344361
Energy -1 -78.1027291344356
Sum: 40 -> 35
Time elapsed in TRUNC: 0.000161661
Propagating t with norm 1
Memory usage : 11819256 689432 
Sweep has been running for 29.9959 seconds.

Sweep 6, optimizing sites 7 and 8
JCD used 1 iterations.
Time elapsed in JCD: 0.269367
Energy -1 -78.1027291344354
Sum: 140 -> 126
Time elapsed in TRUNC: 0.00130203
Propagating t with norm 1
Memory usage : 11819256 689432 
Sweep has been running for 30.2907 seconds.

Sweep 6, optimizing sites 6 and 7
JCD used 1 iterations.
Time elapsed in JCD: 0.857031
Energy -1 -78.1027291344347
Sum: 504 -> 462
Time elapsed in TRUNC: 0.0085973
Propagating t with norm 1
Memory usage : 11819256 689432 
Sweep has been running for 31.3177 seconds.

Sweep 6, optimizing sites 5 and 6
JCD used 7 iterations.
Time elapsed in JCD: 22.1541
Energy -1 -78.1027291381197
Sum: 1848 -> 501
Time elapsed in TRUNC: 0.0830358
Propagating t with norm 1
Memory usage : 11819256 830544 
Sweep has been running for 54.1621 seconds.

Sweep 6, optimizing sites 4 and 5
JCD used 5 iterations.
Time elapsed in JCD: 3.51521
Energy -1 -78.1027291323304
Sum: 504 -> 462
Time elapsed in TRUNC: 0.00740859
Propagating t with norm 1
Memory usage : 11819256 830544 
Sweep has been running for 58.1831 seconds.

Sweep 6, optimizing sites 3 and 4
JCD used 1 iterations.
Time elapsed in JCD: 0.13845
Energy -1 -78.1027291344212
Sum: 140 -> 126
Time elapsed in TRUNC: 0.00114249
Propagating t with norm 1
Memory usage : 11819256 830544 
Sweep has been running for 58.4107 seconds.

Sweep 6, optimizing sites 2 and 3
JCD used 1 iterations.
Time elapsed in JCD: 0.0256315
Energy -1 -78.1027291344212
Sum: 40 -> 35
Time elapsed in TRUNC: 0.000188912
Propagating t with norm 1
Memory usage : 11819256 689392 
Sweep has been running for 58.4466 seconds.

Sweep 6, optimizing sites 1 and 2
JCD used 1 iterations.
Time elapsed in JCD: 0.00489607
Energy -1 -78.1027291344213
Sum: 12 -> 10
Time elapsed in TRUNC: 9.0261e-05
Propagating t with norm 1
Memory usage : 11819256 689392 
Sweep has been running for 58.4544 seconds.

Sweep 6, optimizing sites 0 and 1
JCD used 1 iterations.
Time elapsed in JCD: 0.000814185
Energy -1 -78.1027291344213
Sum: 4 -> 3
Time elapsed in TRUNC: 3.112e-05
Propagating t with norm 1
Memory usage : 11819256 689392 
Sweep has been running for 58.4565 seconds.
Measuring oneptdm
 measuring in su2 version of tagged_nrank 
Measuring twoptdm
 measuring in su2 version of tagged_nrank 
The hamiltonian will contain 10449 terms
MPO Bond 0: 96/35
MPO Bond 1: 102/38
MPO Bond 2: 116/45
MPO Bond 3: 138/56
MPO Bond 4: 168/71
MPO Bond 5: 206/90
MPO Bond 6: 252/113
MPO Bond 7: 306/140
MPO Bond 8: 368/171
MPO Bond 9: 438/206
MPO Bond 10: 10/3
MPO Bond 11: 1/0
This binary contains symmetries: 2u1pg su2u1pg 
DMRG version 3.1.1
Temporary storage enabled in ./tmp//storage_temp_41eeb3a66dac/
Will start again at site -1 in sweep 7
Loading checkpoint from /public/home/xzzeng/work/HQC/Ethene/autoCAS/autocas_project/final/autocas_project.checkpoint_state.0.h5
Parameters:
               Sites: 12
           Electrons: 12
                Spin: 0
               Irrep: 0
The hamiltonian will contain 10449 terms
MPO Bond 0: 96/35
MPO Bond 1: 102/38
MPO Bond 2: 116/45
MPO Bond 3: 138/56
MPO Bond 4: 168/71
MPO Bond 5: 206/90
MPO Bond 6: 252/113
MPO Bond 7: 306/140
MPO Bond 8: 368/171
MPO Bond 9: 438/206
MPO Bond 10: 10/3
MPO Bond 11: 1/0
MPS initialization has finished...
Expecting 0 states to orthogonalize to.
Boundaries are partially initialized...
Boundaries are fully initialized...
Done init_left_right
TSMPOTensor: 1x102,  102 operators, 102 tags
TSMPOTensor: 96x116,  391 operators, 294 tags
TSMPOTensor: 102x138,  655 operators, 532 tags
TSMPOTensor: 116x168,  955 operators, 792 tags
TSMPOTensor: 138x206,  1255 operators, 1040 tags
TSMPOTensor: 168x252,  1519 operators, 1240 tags
TSMPOTensor: 206x306,  1711 operators, 1356 tags
TSMPOTensor: 252x368,  1795 operators, 1352 tags
TSMPOTensor: 306x438,  1735 operators, 1192 tags
TSMPOTensor: 368x10,  989 operators, 824 tags
TSMPOTensor: 438x1,  438 operators, 242 tags
Total number of tags: 8966

Sweep 7, optimizing sites 0 and 1
JCD used 8 iterations.
Time elapsed in JCD: 0.00404287
Energy 1 -78.1161102271483
Sum: 4 -> 3
Time elapsed in TRUNC: 3.986e-05
Propagating t with norm 1
Memory usage : 11819256 677408 
Sweep has been running for 0.0180997 seconds.

Sweep 7, optimizing sites 1 and 2
JCD used 10 iterations.
Time elapsed in JCD: 0.0284806
Energy 1 -78.1161855732291
Sum: 12 -> 10
Time elapsed in TRUNC: 6.67e-05
Propagating t with norm 1
Memory usage : 11819256 677408 
Sweep has been running for 0.0476942 seconds.

Sweep 7, optimizing sites 2 and 3
JCD used 10 iterations.
Time elapsed in JCD: 0.148282
Energy 1 -78.1164088903675
Sum: 40 -> 35
Time elapsed in TRUNC: 0.000159191
Propagating t with norm 1
Memory usage : 11819256 677408 
Sweep has been running for 0.198703 seconds.

Sweep 7, optimizing sites 3 and 4
JCD used 10 iterations.
Time elapsed in JCD: 1.25241
Energy 1 -78.1166222155034
Sum: 140 -> 126
Time elapsed in TRUNC: 0.000867406
Propagating t with norm 1
Memory usage : 11819256 677408 
Sweep has been running for 1.46613 seconds.

Sweep 7, optimizing sites 4 and 5
JCD used 10 iterations.
Time elapsed in JCD: 6.8213
Energy 1 -78.1166607400132
Sum: 504 -> 462
Time elapsed in TRUNC: 0.00761138
Propagating t with norm 1
Memory usage : 11819256 677408 
Sweep has been running for 8.4324 seconds.

Sweep 7, optimizing sites 5 and 6
JCD used 10 iterations.
Time elapsed in JCD: 31.4471
Energy 1 -78.1166616814389
Sum: 1848 -> 501
Time elapsed in TRUNC: 0.0825866
Propagating t with norm 1
Memory usage : 11819256 827796 
Sweep has been running for 40.737 seconds.

Sweep 7, optimizing sites 6 and 7
JCD used 8 iterations.
Time elapsed in JCD: 6.62087
Energy 1 -78.1166616768392
Sum: 504 -> 462
Time elapsed in TRUNC: 0.00807233
Propagating t with norm 1
Memory usage : 11819256 827796 
Sweep has been running for 48.2925 seconds.

Sweep 7, optimizing sites 7 and 8
JCD used 1 iterations.
Time elapsed in JCD: 0.269655
Energy 1 -78.1166616746218
Sum: 140 -> 126
Time elapsed in TRUNC: 0.000941737
Propagating t with norm 1
Memory usage : 11819256 827796 
Sweep has been running for 48.7818 seconds.

Sweep 7, optimizing sites 8 and 9
JCD used 1 iterations.
Time elapsed in JCD: 0.0353726
Energy 1 -78.1166616746221
Sum: 40 -> 35
Time elapsed in TRUNC: 0.000166071
Propagating t with norm 1
Memory usage : 11819256 827796 
Sweep has been running for 48.8409 seconds.

Sweep 7, optimizing sites 9 and 10
JCD used 1 iterations.
Time elapsed in JCD: 0.00666931
Energy 1 -78.1166616746221
Sum: 12 -> 10
Time elapsed in TRUNC: 8.9581e-05
Propagating t with norm 1
Memory usage : 11819256 827796 
Sweep has been running for 48.8529 seconds.

Sweep 7, optimizing sites 10 and 11
JCD used 1 iterations.
Time elapsed in JCD: 0.00106533
Energy 1 -78.1166616746221
Sum: 4 -> 3
Time elapsed in TRUNC: 3.1761e-05
Propagating t with norm 1
Memory usage : 11819256 827796 
Sweep has been running for 48.8554 seconds.

Sweep 7, optimizing sites 10 and 11
JCD used 1 iterations.
Time elapsed in JCD: 0.000940397
Energy -1 -78.1166616746221
Sum: 4 -> 3
Time elapsed in TRUNC: 3.153e-05
Propagating t with norm 1
Memory usage : 11819256 827796 
Sweep has been running for 48.8617 seconds.

Sweep 7, optimizing sites 9 and 10
JCD used 1 iterations.
Time elapsed in JCD: 0.00537315
Energy -1 -78.1166616746221
Sum: 12 -> 10
Time elapsed in TRUNC: 7.497e-05
Propagating t with norm 1
Memory usage : 11819256 827796 
Sweep has been running for 48.8716 seconds.

Sweep 7, optimizing sites 8 and 9
JCD used 1 iterations.
Time elapsed in JCD: 0.0337036
Energy -1 -78.1166616746221
Sum: 40 -> 35
Time elapsed in TRUNC: 0.000165461
Propagating t with norm 1
Memory usage : 11819256 827796 
Sweep has been running for 48.9129 seconds.

Sweep 7, optimizing sites 7 and 8
JCD used 1 iterations.
Time elapsed in JCD: 0.263514
Energy -1 -78.1166616746219
Sum: 140 -> 126
Time elapsed in TRUNC: 0.000978886
Propagating t with norm 1
Memory usage : 11819256 827796 
Sweep has been running for 49.1991 seconds.

Sweep 7, optimizing sites 6 and 7
JCD used 1 iterations.
Time elapsed in JCD: 0.841712
Energy -1 -78.1166616746209
Sum: 504 -> 462
Time elapsed in TRUNC: 0.00835532
Propagating t with norm 1
Memory usage : 11819256 827796 
Sweep has been running for 50.209 seconds.

Sweep 7, optimizing sites 5 and 6
JCD used 7 iterations.
Time elapsed in JCD: 21.804
Energy -1 -78.1166616775614
Sum: 1848 -> 501
Time elapsed in TRUNC: 0.0825183
Propagating t with norm 1
Memory usage : 11819256 827796 
Sweep has been running for 72.6757 seconds.

Sweep 7, optimizing sites 4 and 5
JCD used 5 iterations.
Time elapsed in JCD: 3.4527
Energy -1 -78.1166616739233
Sum: 504 -> 462
Time elapsed in TRUNC: 0.00766746
Propagating t with norm 1
Memory usage : 11819256 827796 
Sweep has been running for 76.6347 seconds.

Sweep 7, optimizing sites 3 and 4
JCD used 1 iterations.
Time elapsed in JCD: 0.135041
Energy -1 -78.1166616746123
Sum: 140 -> 126
Time elapsed in TRUNC: 0.000927486
Propagating t with norm 1
Memory usage : 11819256 827796 
Sweep has been running for 76.8615 seconds.

Sweep 7, optimizing sites 2 and 3
JCD used 1 iterations.
Time elapsed in JCD: 0.0195185
Energy -1 -78.1166616746122
Sum: 40 -> 35
Time elapsed in TRUNC: 0.000186361
Propagating t with norm 1
Memory usage : 11819256 827796 
Sweep has been running for 76.8916 seconds.

Sweep 7, optimizing sites 1 and 2
JCD used 1 iterations.
Time elapsed in JCD: 0.00588515
Energy -1 -78.1166616746122
Sum: 12 -> 10
Time elapsed in TRUNC: 8.2561e-05
Propagating t with norm 1
Memory usage : 11819256 827796 
Sweep has been running for 76.9004 seconds.

Sweep 7, optimizing sites 0 and 1
JCD used 1 iterations.
Time elapsed in JCD: 0.000799935
Energy -1 -78.1166616746122
Sum: 4 -> 3
Time elapsed in TRUNC: 4.2021e-05
Propagating t with norm 1
Memory usage : 11819256 827796 
Sweep has been running for 76.9034 seconds.

Sweep 8, optimizing sites 0 and 1
JCD used 1 iterations.
Time elapsed in JCD: 0.00113236
Energy 1 -78.1166616746122
Sum: 4 -> 3
Time elapsed in TRUNC: 7.904e-05
Propagating t with norm 1
Memory usage : 11819256 827796 
Sweep has been running for 0.00201878 seconds.

Sweep 8, optimizing sites 1 and 2
JCD used 1 iterations.
Time elapsed in JCD: 0.00344204
Energy 1 -78.1166616746122
Sum: 12 -> 10
Time elapsed in TRUNC: 8.7651e-05
Propagating t with norm 1
Memory usage : 11819256 827796 
Sweep has been running for 0.00669687 seconds.

Sweep 8, optimizing sites 2 and 3
JCD used 1 iterations.
Time elapsed in JCD: 0.0157962
Energy 1 -78.1166616746122
Sum: 40 -> 35
Time elapsed in TRUNC: 0.000173071
Propagating t with norm 1
Memory usage : 11819256 827796 
Sweep has been running for 0.0263826 seconds.

Sweep 8, optimizing sites 3 and 4
JCD used 1 iterations.
Time elapsed in JCD: 0.137633
Energy 1 -78.1166616746124
Sum: 140 -> 126
Time elapsed in TRUNC: 0.000953367
Propagating t with norm 1
Memory usage : 11819256 827796 
Sweep has been running for 0.181619 seconds.

Sweep 8, optimizing sites 4 and 5
JCD used 1 iterations.
Time elapsed in JCD: 0.691575
Energy 1 -78.1166616746126
Sum: 504 -> 462
Time elapsed in TRUNC: 0.00745984
Propagating t with norm 1
Memory usage : 11819256 827796 
Sweep has been running for 1.02539 seconds.

Sweep 8, optimizing sites 5 and 6
JCD used 7 iterations.
Time elapsed in JCD: 22.2788
Energy 1 -78.1166616760314
Sum: 1848 -> 501
Time elapsed in TRUNC: 0.0840268
Propagating t with norm 1
Memory usage : 11819256 828580 
Sweep has been running for 24.1958 seconds.

Sweep 8, optimizing sites 6 and 7
JCD used 5 iterations.
Time elapsed in JCD: 4.30757
Energy 1 -78.1166616758159
Sum: 504 -> 462
Time elapsed in TRUNC: 0.00836277
Propagating t with norm 1
Memory usage : 11819256 828580 
Sweep has been running for 29.4425 seconds.

Sweep 8, optimizing sites 7 and 8
JCD used 1 iterations.
Time elapsed in JCD: 0.274289
Energy 1 -78.116661674622
Sum: 140 -> 126
Time elapsed in TRUNC: 0.00117581
Propagating t with norm 1
Memory usage : 11819256 828580 
Sweep has been running for 29.9462 seconds.

Sweep 8, optimizing sites 8 and 9
JCD used 1 iterations.
Time elapsed in JCD: 0.0382103
Energy 1 -78.1166616746223
Sum: 40 -> 35
Time elapsed in TRUNC: 0.000178901
Propagating t with norm 1
Memory usage : 11819256 828580 
Sweep has been running for 30.0094 seconds.

Sweep 8, optimizing sites 9 and 10
JCD used 1 iterations.
Time elapsed in JCD: 0.00904571
Energy 1 -78.1166616746222
Sum: 12 -> 10
Time elapsed in TRUNC: 8.9231e-05
Propagating t with norm 1
Memory usage : 11819256 828580 
Sweep has been running for 30.0244 seconds.

Sweep 8, optimizing sites 10 and 11
JCD used 1 iterations.
Time elapsed in JCD: 0.00186013
Energy 1 -78.1166616746222
Sum: 4 -> 3
Time elapsed in TRUNC: 3.422e-05
Propagating t with norm 1
Memory usage : 11819256 828580 
Sweep has been running for 30.028 seconds.

Sweep 8, optimizing sites 10 and 11
JCD used 1 iterations.
Time elapsed in JCD: 0.00124285
Energy -1 -78.1166616746222
Sum: 4 -> 3
Time elapsed in TRUNC: 3.4211e-05
Propagating t with norm 1
Memory usage : 11819256 828580 
Sweep has been running for 30.038 seconds.

Sweep 8, optimizing sites 9 and 10
JCD used 1 iterations.
Time elapsed in JCD: 0.00570742
Energy -1 -78.1166616746222
Sum: 12 -> 10
Time elapsed in TRUNC: 8.095e-05
Propagating t with norm 1
Memory usage : 11819256 828580 
Sweep has been running for 30.0486 seconds.

Sweep 8, optimizing sites 8 and 9
JCD used 1 iterations.
Time elapsed in JCD: 0.0342705
Energy -1 -78.1166616746223
Sum: 40 -> 35
Time elapsed in TRUNC: 0.000158301
Propagating t with norm 1
Memory usage : 11819256 828580 
Sweep has been running for 30.0908 seconds.

Sweep 8, optimizing sites 7 and 8
JCD used 1 iterations.
Time elapsed in JCD: 0.269554
Energy -1 -78.116661674622
Sum: 140 -> 126
Time elapsed in TRUNC: 0.00101342
Propagating t with norm 1
Memory usage : 11819256 828580 
Sweep has been running for 30.3864 seconds.

Sweep 8, optimizing sites 6 and 7
JCD used 1 iterations.
Time elapsed in JCD: 0.870156
Energy -1 -78.1166616746212
Sum: 504 -> 462
Time elapsed in TRUNC: 0.00882063
Propagating t with norm 1
Memory usage : 11819256 828580 
Sweep has been running for 31.4337 seconds.

Sweep 8, optimizing sites 5 and 6
JCD used 7 iterations.
Time elapsed in JCD: 22.2101
Energy -1 -78.116661677281
Sum: 1848 -> 501
Time elapsed in TRUNC: 0.0834013
Propagating t with norm 1
Memory usage : 11819256 827796 
Sweep has been running for 54.3176 seconds.

Sweep 8, optimizing sites 4 and 5
JCD used 5 iterations.
Time elapsed in JCD: 3.46495
Energy -1 -78.116661672942
Sum: 504 -> 462
Time elapsed in TRUNC: 0.00732462
Propagating t with norm 1
Memory usage : 11819256 827796 
Sweep has been running for 58.3063 seconds.

Sweep 8, optimizing sites 3 and 4
JCD used 1 iterations.
Time elapsed in JCD: 0.144261
Energy -1 -78.1166616746123
Sum: 140 -> 126
Time elapsed in TRUNC: 0.000959546
Propagating t with norm 1
Memory usage : 11819256 827796 
Sweep has been running for 58.5448 seconds.

Sweep 8, optimizing sites 2 and 3
JCD used 1 iterations.
Time elapsed in JCD: 0.0199168
Energy -1 -78.1166616746123
Sum: 40 -> 35
Time elapsed in TRUNC: 0.000192192
Propagating t with norm 1
Memory usage : 11819256 827796 
Sweep has been running for 58.5751 seconds.

Sweep 8, optimizing sites 1 and 2
JCD used 1 iterations.
Time elapsed in JCD: 0.00593118
Energy -1 -78.1166616746123
Sum: 12 -> 10
Time elapsed in TRUNC: 8.9021e-05
Propagating t with norm 1
Memory usage : 11819256 827796 
Sweep has been running for 58.5843 seconds.

Sweep 8, optimizing sites 0 and 1
JCD used 1 iterations.
Time elapsed in JCD: 0.000637945
Energy -1 -78.1166616746123
Sum: 4 -> 3
Time elapsed in TRUNC: 3.353e-05
Propagating t with norm 1
Memory usage : 11819256 827796 
Sweep has been running for 58.5871 seconds.

Sweep 9, optimizing sites 0 and 1
JCD used 1 iterations.
Time elapsed in JCD: 0.00101119
Energy 1 -78.1166616746123
Sum: 4 -> 3
Time elapsed in TRUNC: 4.2271e-05
Propagating t with norm 1
Memory usage : 11819256 797184 
Sweep has been running for 0.0020477 seconds.

Sweep 9, optimizing sites 1 and 2
JCD used 1 iterations.
Time elapsed in JCD: 0.00413805
Energy 1 -78.1166616746123
Sum: 12 -> 10
Time elapsed in TRUNC: 8.503e-05
Propagating t with norm 1
Memory usage : 11819256 797184 
Sweep has been running for 0.00752573 seconds.

Sweep 9, optimizing sites 2 and 3
JCD used 1 iterations.
Time elapsed in JCD: 0.0161274
Energy 1 -78.1166616746123
Sum: 40 -> 35
Time elapsed in TRUNC: 0.000171301
Propagating t with norm 1
Memory usage : 11819256 797184 
Sweep has been running for 0.0274148 seconds.

Sweep 9, optimizing sites 3 and 4
JCD used 1 iterations.
Time elapsed in JCD: 0.141156
Energy 1 -78.1166616746123
Sum: 140 -> 126
Time elapsed in TRUNC: 0.000978907
Propagating t with norm 1
Memory usage : 11819256 797184 
Sweep has been running for 0.184898 seconds.

Sweep 9, optimizing sites 4 and 5
JCD used 1 iterations.
Time elapsed in JCD: 0.693338
Energy 1 -78.1166616746126
Sum: 504 -> 462
Time elapsed in TRUNC: 0.00749131
Propagating t with norm 1
Memory usage : 11819256 797184 
Sweep has been running for 1.0258 seconds.

Sweep 9, optimizing sites 5 and 6
JCD used 7 iterations.
Time elapsed in JCD: 22.1658
Energy 1 -78.1166616817763
Sum: 1848 -> 501
Time elapsed in TRUNC: 0.0830379
Propagating t with norm 1
Memory usage : 11819256 797184 
Sweep has been running for 24.0769 seconds.

Sweep 9, optimizing sites 6 and 7
JCD used 5 iterations.
Time elapsed in JCD: 4.27693
Energy 1 -78.1166616732767
Sum: 504 -> 462
Time elapsed in TRUNC: 0.00889736
Propagating t with norm 1
Memory usage : 11819256 797184 
Sweep has been running for 29.2886 seconds.

Sweep 9, optimizing sites 7 and 8
JCD used 1 iterations.
Time elapsed in JCD: 0.271095
Energy 1 -78.116661674622
Sum: 140 -> 126
Time elapsed in TRUNC: 0.00117631
Propagating t with norm 1
Memory usage : 11819256 797184 
Sweep has been running for 29.7925 seconds.

Sweep 9, optimizing sites 8 and 9
JCD used 1 iterations.
Time elapsed in JCD: 0.0460997
Energy 1 -78.1166616746223
Sum: 40 -> 35
Time elapsed in TRUNC: 0.000184171
Propagating t with norm 1
Memory usage : 11819256 797184 
Sweep has been running for 29.8647 seconds.

Sweep 9, optimizing sites 9 and 10
JCD used 1 iterations.
Time elapsed in JCD: 0.00988821
Energy 1 -78.1166616746223
Sum: 12 -> 10
Time elapsed in TRUNC: 8.3541e-05
Propagating t with norm 1
Memory usage : 11819256 797184 
Sweep has been running for 29.8809 seconds.

Sweep 9, optimizing sites 10 and 11
JCD used 1 iterations.
Time elapsed in JCD: 0.00182057
Energy 1 -78.1166616746223
Sum: 4 -> 3
Time elapsed in TRUNC: 7.2261e-05
Propagating t with norm 1
Memory usage : 11819256 797184 
Sweep has been running for 29.8847 seconds.

Sweep 9, optimizing sites 10 and 11
JCD used 1 iterations.
Time elapsed in JCD: 0.000944386
Energy -1 -78.1166616746223
Sum: 4 -> 3
Time elapsed in TRUNC: 3.1941e-05
Propagating t with norm 1
Memory usage : 11819256 797184 
Sweep has been running for 29.8911 seconds.

Sweep 9, optimizing sites 9 and 10
JCD used 1 iterations.
Time elapsed in JCD: 0.00524475
Energy -1 -78.1166616746223
Sum: 12 -> 10
Time elapsed in TRUNC: 8.1791e-05
Propagating t with norm 1
Memory usage : 11819256 797184 
Sweep has been running for 29.9013 seconds.

Sweep 9, optimizing sites 8 and 9
JCD used 1 iterations.
Time elapsed in JCD: 0.0335244
Energy -1 -78.1166616746223
Sum: 40 -> 35
Time elapsed in TRUNC: 0.000158231
Propagating t with norm 1
Memory usage : 11819256 797184 
Sweep has been running for 29.9433 seconds.

Sweep 9, optimizing sites 7 and 8
JCD used 1 iterations.
Time elapsed in JCD: 0.273629
Energy -1 -78.116661674622
Sum: 140 -> 126
Time elapsed in TRUNC: 0.00101437
Propagating t with norm 1
Memory usage : 11819256 797184 
Sweep has been running for 30.2411 seconds.

Sweep 9, optimizing sites 6 and 7
JCD used 1 iterations.
Time elapsed in JCD: 0.874277
Energy -1 -78.1166616746211
Sum: 504 -> 462
Time elapsed in TRUNC: 0.00885749
Propagating t with norm 1
Memory usage : 11819256 797184 
Sweep has been running for 31.2913 seconds.

Sweep 9, optimizing sites 5 and 6
JCD used 7 iterations.
Time elapsed in JCD: 21.9805
Energy -1 -78.1166616794189
Sum: 1848 -> 501
Time elapsed in TRUNC: 0.0832062
Propagating t with norm 1
Memory usage : 11819256 831268 
Sweep has been running for 53.9546 seconds.

Sweep 9, optimizing sites 4 and 5
JCD used 5 iterations.
Time elapsed in JCD: 3.52338
Energy -1 -78.1166616729956
Sum: 504 -> 462
Time elapsed in TRUNC: 0.0076773
Propagating t with norm 1
Memory usage : 11819256 831268 
Sweep has been running for 58.0024 seconds.

Sweep 9, optimizing sites 3 and 4
JCD used 1 iterations.
Time elapsed in JCD: 0.149992
Energy -1 -78.1166616746121
Sum: 140 -> 126
Time elapsed in TRUNC: 0.00108987
Propagating t with norm 1
Memory usage : 11819256 831268 
Sweep has been running for 58.2516 seconds.

Sweep 9, optimizing sites 2 and 3
JCD used 1 iterations.
Time elapsed in JCD: 0.0192462
Energy -1 -78.1166616746122
Sum: 40 -> 35
Time elapsed in TRUNC: 0.000363093
Propagating t with norm 1
Memory usage : 11819256 831268 
Sweep has been running for 58.2818 seconds.

Sweep 9, optimizing sites 1 and 2
JCD used 1 iterations.
Time elapsed in JCD: 0.00652607
Energy -1 -78.1166616746122
Sum: 12 -> 10
Time elapsed in TRUNC: 8.72e-05
Propagating t with norm 1
Memory usage : 11819256 831268 
Sweep has been running for 58.2917 seconds.

Sweep 9, optimizing sites 0 and 1
JCD used 1 iterations.
Time elapsed in JCD: 0.000819936
Energy -1 -78.1166616746122
Sum: 4 -> 3
Time elapsed in TRUNC: 3.036e-05
Propagating t with norm 1
Memory usage : 11819256 831268 
Sweep has been running for 58.2936 seconds.

Sweep 10, optimizing sites 0 and 1
JCD used 1 iterations.
Time elapsed in JCD: 0.000996567
Energy 1 -78.1166616746122
Sum: 4 -> 3
Time elapsed in TRUNC: 5.478e-05
Propagating t with norm 1
Memory usage : 11819256 831268 
Sweep has been running for 0.00200081 seconds.

Sweep 10, optimizing sites 1 and 2
JCD used 1 iterations.
Time elapsed in JCD: 0.00322081
Energy 1 -78.1166616746122
Sum: 12 -> 10
Time elapsed in TRUNC: 0.000116551
Propagating t with norm 1
Memory usage : 11819256 831268 
Sweep has been running for 0.00730265 seconds.

Sweep 10, optimizing sites 2 and 3
JCD used 1 iterations.
Time elapsed in JCD: 0.0169926
Energy 1 -78.1166616746122
Sum: 40 -> 35
Time elapsed in TRUNC: 0.000355842
Propagating t with norm 1
Memory usage : 11819256 831268 
Sweep has been running for 0.0284684 seconds.

Sweep 10, optimizing sites 3 and 4
JCD used 1 iterations.
Time elapsed in JCD: 0.137944
Energy 1 -78.1166616746121
Sum: 140 -> 126
Time elapsed in TRUNC: 0.000993667
Propagating t with norm 1
Memory usage : 11819256 831268 
Sweep has been running for 0.183555 seconds.

Sweep 10, optimizing sites 4 and 5
JCD used 1 iterations.
Time elapsed in JCD: 0.702817
Energy 1 -78.1166616746124
Sum: 504 -> 462
Time elapsed in TRUNC: 0.00784139
Propagating t with norm 1
Memory usage : 11819256 831268 
Sweep has been running for 1.03691 seconds.

Sweep 10, optimizing sites 5 and 6
JCD used 7 iterations.
Time elapsed in JCD: 21.8334
Energy 1 -78.1166616757706
Sum: 1848 -> 501
Time elapsed in TRUNC: 0.0826127
Propagating t with norm 1
Memory usage : 11819256 799020 
Sweep has been running for 23.7347 seconds.

Sweep 10, optimizing sites 6 and 7
JCD used 5 iterations.
Time elapsed in JCD: 4.16507
Energy 1 -78.1166616733575
Sum: 504 -> 462
Time elapsed in TRUNC: 0.00822988
Propagating t with norm 1
Memory usage : 11819256 799020 
Sweep has been running for 28.8346 seconds.

Sweep 10, optimizing sites 7 and 8
JCD used 1 iterations.
Time elapsed in JCD: 0.267259
Energy 1 -78.1166616746219
Sum: 140 -> 126
Time elapsed in TRUNC: 0.000976576
Propagating t with norm 1
Memory usage : 11819256 799020 
Sweep has been running for 29.3294 seconds.

Sweep 10, optimizing sites 8 and 9
JCD used 1 iterations.
Time elapsed in JCD: 0.0358093
Energy 1 -78.1166616746222
Sum: 40 -> 35
Time elapsed in TRUNC: 0.000176801
Propagating t with norm 1
Memory usage : 11819256 799020 
Sweep has been running for 29.3906 seconds.

Sweep 10, optimizing sites 9 and 10
JCD used 1 iterations.
Time elapsed in JCD: 0.00765235
Energy 1 -78.1166616746223
Sum: 12 -> 10
Time elapsed in TRUNC: 0.000114471
Propagating t with norm 1
Memory usage : 11819256 799020 
Sweep has been running for 29.4042 seconds.

Sweep 10, optimizing sites 10 and 11
JCD used 1 iterations.
Time elapsed in JCD: 0.0010758
Energy 1 -78.1166616746222
Sum: 4 -> 3
Time elapsed in TRUNC: 3.479e-05
Propagating t with norm 1
Memory usage : 11819256 799020 
Sweep has been running for 29.4094 seconds.

Sweep 10, optimizing sites 10 and 11
JCD used 1 iterations.
Time elapsed in JCD: 0.000996107
Energy -1 -78.1166616746222
Sum: 4 -> 3
Time elapsed in TRUNC: 3.9531e-05
Propagating t with norm 1
Memory usage : 11819256 799020 
Sweep has been running for 29.416 seconds.

Sweep 10, optimizing sites 9 and 10
JCD used 1 iterations.
Time elapsed in JCD: 0.00567355
Energy -1 -78.1166616746223
Sum: 12 -> 10
Time elapsed in TRUNC: 8.607e-05
Propagating t with norm 1
Memory usage : 11819256 799020 
Sweep has been running for 29.4267 seconds.

Sweep 10, optimizing sites 8 and 9
JCD used 1 iterations.
Time elapsed in JCD: 0.0350504
Energy -1 -78.1166616746222
Sum: 40 -> 35
Time elapsed in TRUNC: 0.000182781
Propagating t with norm 1
Memory usage : 11819256 799020 
Sweep has been running for 29.4703 seconds.

Sweep 10, optimizing sites 7 and 8
JCD used 1 iterations.
Time elapsed in JCD: 0.282646
Energy -1 -78.116661674622
Sum: 140 -> 126
Time elapsed in TRUNC: 0.00102508
Propagating t with norm 1
Memory usage : 11819256 799020 
Sweep has been running for 29.7783 seconds.

Sweep 10, optimizing sites 6 and 7
JCD used 1 iterations.
Time elapsed in JCD: 0.868185
Energy -1 -78.1166616746212
Sum: 504 -> 462
Time elapsed in TRUNC: 0.00899456
Propagating t with norm 1
Memory usage : 11819256 799020 
Sweep has been running for 30.8221 seconds.

Sweep 10, optimizing sites 5 and 6
JCD used 7 iterations.
Time elapsed in JCD: 22.0436
Energy -1 -78.1166616794926
Sum: 1848 -> 501
Time elapsed in TRUNC: 0.0830138
Propagating t with norm 1
Memory usage : 11819256 797184 
Sweep has been running for 53.5236 seconds.

Sweep 10, optimizing sites 4 and 5
JCD used 5 iterations.
Time elapsed in JCD: 3.31252
Energy -1 -78.1166616729976
Sum: 504 -> 462
Time elapsed in TRUNC: 0.00741057
Propagating t with norm 1
Memory usage : 11819256 797184 
Sweep has been running for 57.3379 seconds.

Sweep 10, optimizing sites 3 and 4
JCD used 1 iterations.
Time elapsed in JCD: 0.135034
Energy -1 -78.1166616746122
Sum: 140 -> 126
Time elapsed in TRUNC: 0.000933296
Propagating t with norm 1
Memory usage : 11819256 797184 
Sweep has been running for 57.5612 seconds.

Sweep 10, optimizing sites 2 and 3
JCD used 1 iterations.
Time elapsed in JCD: 0.0213543
Energy -1 -78.1166616746123
Sum: 40 -> 35
Time elapsed in TRUNC: 0.000197551
Propagating t with norm 1
Memory usage : 11819256 797184 
Sweep has been running for 57.5926 seconds.

Sweep 10, optimizing sites 1 and 2
JCD used 1 iterations.
Time elapsed in JCD: 0.00514008
Energy -1 -78.1166616746123
Sum: 12 -> 10
Time elapsed in TRUNC: 0.000108671
Propagating t with norm 1
Memory usage : 11819256 797184 
Sweep has been running for 57.6008 seconds.

Sweep 10, optimizing sites 0 and 1
JCD used 1 iterations.
Time elapsed in JCD: 0.000667224
Energy -1 -78.1166616746123
Sum: 4 -> 3
Time elapsed in TRUNC: 3.14e-05
Propagating t with norm 1
Memory usage : 11819256 797184 
Sweep has been running for 57.6031 seconds.

Sweep 11, optimizing sites 0 and 1
JCD used 1 iterations.
Time elapsed in JCD: 0.000961367
Energy 1 -78.1166616746123
Sum: 4 -> 3
Time elapsed in TRUNC: 5.006e-05
Propagating t with norm 1
Memory usage : 11819256 797184 
Sweep has been running for 0.00193987 seconds.

Sweep 11, optimizing sites 1 and 2
JCD used 1 iterations.
Time elapsed in JCD: 0.00419051
Energy 1 -78.1166616746123
Sum: 12 -> 10
Time elapsed in TRUNC: 9.0171e-05
Propagating t with norm 1
Memory usage : 11819256 797184 
Sweep has been running for 0.00799231 seconds.

Sweep 11, optimizing sites 2 and 3
JCD used 1 iterations.
Time elapsed in JCD: 0.016807
Energy 1 -78.1166616746123
Sum: 40 -> 35
Time elapsed in TRUNC: 0.000182952
Propagating t with norm 1
Memory usage : 11819256 797184 
Sweep has been running for 0.0286024 seconds.

Sweep 11, optimizing sites 3 and 4
JCD used 1 iterations.
Time elapsed in JCD: 0.137726
Energy 1 -78.1166616746121
Sum: 140 -> 126
Time elapsed in TRUNC: 0.00100965
Propagating t with norm 1
Memory usage : 11819256 797184 
Sweep has been running for 0.184371 seconds.

Sweep 11, optimizing sites 4 and 5
JCD used 1 iterations.
Time elapsed in JCD: 0.680321
Energy 1 -78.1166616746125
Sum: 504 -> 462
Time elapsed in TRUNC: 0.00761116
Propagating t with norm 1
Memory usage : 11819256 797184 
Sweep has been running for 1.01481 seconds.

Sweep 11, optimizing sites 5 and 6
JCD used 7 iterations.
Time elapsed in JCD: 21.826
Energy 1 -78.1166616757859
Sum: 1848 -> 501
Time elapsed in TRUNC: 0.0836584
Propagating t with norm 1
Memory usage : 11819256 797180 
Sweep has been running for 23.7311 seconds.

Sweep 11, optimizing sites 6 and 7
JCD used 5 iterations.
Time elapsed in JCD: 4.30489
Energy 1 -78.11666167336
Sum: 504 -> 462
Time elapsed in TRUNC: 0.00822086
Propagating t with norm 1
Memory usage : 11819256 797180 
Sweep has been running for 28.9755 seconds.

Sweep 11, optimizing sites 7 and 8
JCD used 1 iterations.
Time elapsed in JCD: 0.275352
Energy 1 -78.1166616746219
Sum: 140 -> 126
Time elapsed in TRUNC: 0.000988787
Propagating t with norm 1
Memory usage : 11819256 797180 
Sweep has been running for 29.4825 seconds.

Sweep 11, optimizing sites 8 and 9
JCD used 1 iterations.
Time elapsed in JCD: 0.0413228
Energy 1 -78.1166616746222
Sum: 40 -> 35
Time elapsed in TRUNC: 0.000177972
Propagating t with norm 1
Memory usage : 11819256 797180 
Sweep has been running for 29.549 seconds.

Sweep 11, optimizing sites 9 and 10
JCD used 1 iterations.
Time elapsed in JCD: 0.00843217
Energy 1 -78.1166616746223
Sum: 12 -> 10
Time elapsed in TRUNC: 9.7891e-05
Propagating t with norm 1
Memory usage : 11819256 797180 
Sweep has been running for 29.5634 seconds.

Sweep 11, optimizing sites 10 and 11
JCD used 1 iterations.
Time elapsed in JCD: 0.00191724
Energy 1 -78.1166616746222
Sum: 4 -> 3
Time elapsed in TRUNC: 8.3931e-05
Propagating t with norm 1
Memory usage : 11819256 797180 
Sweep has been running for 29.5679 seconds.

Sweep 11, optimizing sites 10 and 11
JCD used 1 iterations.
Time elapsed in JCD: 0.000969986
Energy -1 -78.1166616746222
Sum: 4 -> 3
Time elapsed in TRUNC: 3.2141e-05
Propagating t with norm 1
Memory usage : 11819256 797180 
Sweep has been running for 29.5743 seconds.

Sweep 11, optimizing sites 9 and 10
JCD used 1 iterations.
Time elapsed in JCD: 0.00522067
Energy -1 -78.1166616746223
Sum: 12 -> 10
Time elapsed in TRUNC: 9.7641e-05
Propagating t with norm 1
Memory usage : 11819256 797180 
Sweep has been running for 29.5844 seconds.

Sweep 11, optimizing sites 8 and 9
JCD used 1 iterations.
Time elapsed in JCD: 0.0352089
Energy -1 -78.1166616746222
Sum: 40 -> 35
Time elapsed in TRUNC: 0.000161261
Propagating t with norm 1
Memory usage : 11819256 797180 
Sweep has been running for 29.6276 seconds.

Sweep 11, optimizing sites 7 and 8
JCD used 1 iterations.
Time elapsed in JCD: 0.275761
Energy -1 -78.1166616746219
Sum: 140 -> 126
Time elapsed in TRUNC: 0.00102017
Propagating t with norm 1
Memory usage : 11819256 797180 
Sweep has been running for 29.9272 seconds.

Sweep 11, optimizing sites 6 and 7
JCD used 1 iterations.
Time elapsed in JCD: 0.859243
Energy -1 -78.1166616746212
Sum: 504 -> 462
Time elapsed in TRUNC: 0.00848974
Propagating t with norm 1
Memory usage : 11819256 797180 
Sweep has been running for 30.9571 seconds.

Sweep 11, optimizing sites 5 and 6
JCD used 7 iterations.
Time elapsed in JCD: 22.3074
Energy -1 -78.116661679495
Sum: 1848 -> 501
Time elapsed in TRUNC: 0.0833616
Propagating t with norm 1
Memory usage : 11819256 797180 
Sweep has been running for 53.9561 seconds.

Sweep 11, optimizing sites 4 and 5
JCD used 5 iterations.
Time elapsed in JCD: 3.53685
Energy -1 -78.1166616729978
Sum: 504 -> 462
Time elapsed in TRUNC: 0.00743355
Propagating t with norm 1
Memory usage : 11819256 797180 
Sweep has been running for 57.9972 seconds.

Sweep 11, optimizing sites 3 and 4
JCD used 1 iterations.
Time elapsed in JCD: 0.140513
Energy -1 -78.1166616746121
Sum: 140 -> 126
Time elapsed in TRUNC: 0.000980557
Propagating t with norm 1
Memory usage : 11819256 797180 
Sweep has been running for 58.2273 seconds.

Sweep 11, optimizing sites 2 and 3
JCD used 1 iterations.
Time elapsed in JCD: 0.0217217
Energy -1 -78.1166616746122
Sum: 40 -> 35
Time elapsed in TRUNC: 0.000195591
Propagating t with norm 1
Memory usage : 11819256 797180 
Sweep has been running for 58.2593 seconds.

Sweep 11, optimizing sites 1 and 2
JCD used 1 iterations.
Time elapsed in JCD: 0.00577899
Energy -1 -78.1166616746123
Sum: 12 -> 10
Time elapsed in TRUNC: 9.2771e-05
Propagating t with norm 1
Memory usage : 11819256 797180 
Sweep has been running for 58.2682 seconds.

Sweep 11, optimizing sites 0 and 1
JCD used 1 iterations.
Time elapsed in JCD: 0.000992446
Energy -1 -78.1166616746123
Sum: 4 -> 3
Time elapsed in TRUNC: 3.126e-05
Propagating t with norm 1
Memory usage : 11819256 797180 
Sweep has been running for 58.2707 seconds.
Measuring oneptdm
 measuring in su2 version of tagged_nrank 
Measuring twoptdm
 measuring in su2 version of tagged_nrank 
The hamiltonian will contain 10453 terms
MPO Bond 0: 96/35
MPO Bond 1: 102/38
MPO Bond 2: 116/45
MPO Bond 3: 138/56
MPO Bond 4: 168/71
MPO Bond 5: 206/90
MPO Bond 6: 252/113
MPO Bond 7: 306/140
MPO Bond 8: 368/171
MPO Bond 9: 438/206
MPO Bond 10: 10/3
MPO Bond 11: 1/0
This binary contains symmetries: 2u1pg su2u1pg 
DMRG version 3.1.1
Temporary storage enabled in ./tmp//storage_temp_5a9722f40de2/
Will start again at site -1 in sweep 12
Loading checkpoint from /public/home/xzzeng/work/HQC/Ethene/autoCAS/autocas_project/final/autocas_project.checkpoint_state.0.h5
Parameters:
               Sites: 12
           Electrons: 12
                Spin: 0
               Irrep: 0
The hamiltonian will contain 10453 terms
MPO Bond 0: 96/35
MPO Bond 1: 102/38
MPO Bond 2: 116/45
MPO Bond 3: 138/56
MPO Bond 4: 168/71
MPO Bond 5: 206/90
MPO Bond 6: 252/113
MPO Bond 7: 306/140
MPO Bond 8: 368/171
MPO Bond 9: 438/206
MPO Bond 10: 10/3
MPO Bond 11: 1/0
MPS initialization has finished...
Expecting 0 states to orthogonalize to.
Boundaries are partially initialized...
Boundaries are fully initialized...
Done init_left_right
TSMPOTensor: 1x102,  102 operators, 102 tags
TSMPOTensor: 96x116,  391 operators, 294 tags
TSMPOTensor: 102x138,  655 operators, 532 tags
TSMPOTensor: 116x168,  955 operators, 792 tags
TSMPOTensor: 138x206,  1255 operators, 1040 tags
TSMPOTensor: 168x252,  1519 operators, 1240 tags
TSMPOTensor: 206x306,  1711 operators, 1356 tags
TSMPOTensor: 252x368,  1795 operators, 1352 tags
TSMPOTensor: 306x438,  1735 operators, 1192 tags
TSMPOTensor: 368x10,  989 operators, 824 tags
TSMPOTensor: 438x1,  438 operators, 242 tags
Total number of tags: 8966

Sweep 12, optimizing sites 0 and 1
JCD used 7 iterations.
Time elapsed in JCD: 0.00354388
Energy 1 -78.1192095545917
Sum: 4 -> 3
Time elapsed in TRUNC: 4.223e-05
Propagating t with norm 1
Memory usage : 11819256 797180 
Sweep has been running for 0.004812 seconds.

Sweep 12, optimizing sites 1 and 2
JCD used 10 iterations.
Time elapsed in JCD: 0.0292074
Energy 1 -78.119228215364
Sum: 12 -> 10
Time elapsed in TRUNC: 6.723e-05
Propagating t with norm 1
Memory usage : 11819256 797180 
Sweep has been running for 0.0350168 seconds.

Sweep 12, optimizing sites 2 and 3
JCD used 10 iterations.
Time elapsed in JCD: 0.148709
Energy 1 -78.1192551712615
Sum: 40 -> 35
Time elapsed in TRUNC: 0.000158071
Propagating t with norm 1
Memory usage : 11819256 797180 
Sweep has been running for 0.186736 seconds.

Sweep 12, optimizing sites 3 and 4
JCD used 10 iterations.
Time elapsed in JCD: 1.27557
Energy 1 -78.119282430981
Sum: 140 -> 126
Time elapsed in TRUNC: 0.000868296
Propagating t with norm 1
Memory usage : 11819256 797180 
Sweep has been running for 1.47766 seconds.

Sweep 12, optimizing sites 4 and 5
JCD used 10 iterations.
Time elapsed in JCD: 6.47659
Energy 1 -78.1192856908283
Sum: 504 -> 462
Time elapsed in TRUNC: 0.00725445
Propagating t with norm 1
Memory usage : 11819256 797180 
Sweep has been running for 8.0967 seconds.

Sweep 12, optimizing sites 5 and 6
JCD used 10 iterations.
Time elapsed in JCD: 30.6794
Energy 1 -78.1192858693783
Sum: 1848 -> 501
Time elapsed in TRUNC: 0.0834176
Propagating t with norm 1
Memory usage : 11819256 839576 
Sweep has been running for 39.6602 seconds.

Sweep 12, optimizing sites 6 and 7
JCD used 7 iterations.
Time elapsed in JCD: 5.92579
Energy 1 -78.1192858627585
Sum: 504 -> 462
Time elapsed in TRUNC: 0.00810085
Propagating t with norm 1
Memory usage : 11819256 839576 
Sweep has been running for 46.5202 seconds.

Sweep 12, optimizing sites 7 and 8
JCD used 1 iterations.
Time elapsed in JCD: 0.267345
Energy 1 -78.1192858623845
Sum: 140 -> 126
Time elapsed in TRUNC: 0.000945637
Propagating t with norm 1
Memory usage : 11819256 839576 
Sweep has been running for 47.0091 seconds.

Sweep 12, optimizing sites 8 and 9
JCD used 1 iterations.
Time elapsed in JCD: 0.0445159
Energy 1 -78.1192858623847
Sum: 40 -> 35
Time elapsed in TRUNC: 0.000176991
Propagating t with norm 1
Memory usage : 11819256 839576 
Sweep has been running for 47.0783 seconds.

Sweep 12, optimizing sites 9 and 10
JCD used 1 iterations.
Time elapsed in JCD: 0.0116559
Energy 1 -78.1192858623847
Sum: 12 -> 10
Time elapsed in TRUNC: 8.68e-05
Propagating t with norm 1
Memory usage : 11819256 839576 
Sweep has been running for 47.0958 seconds.

Sweep 12, optimizing sites 10 and 11
JCD used 1 iterations.
Time elapsed in JCD: 0.00155275
Energy 1 -78.1192858623847
Sum: 4 -> 3
Time elapsed in TRUNC: 3.263e-05
Propagating t with norm 1
Memory usage : 11819256 839576 
Sweep has been running for 47.0993 seconds.

Sweep 12, optimizing sites 10 and 11
JCD used 1 iterations.
Time elapsed in JCD: 0.000945406
Energy -1 -78.1192858623847
Sum: 4 -> 3
Time elapsed in TRUNC: 3.3531e-05
Propagating t with norm 1
Memory usage : 11819256 839576 
Sweep has been running for 47.1057 seconds.

Sweep 12, optimizing sites 9 and 10
JCD used 1 iterations.
Time elapsed in JCD: 0.00549312
Energy -1 -78.1192858623847
Sum: 12 -> 10
Time elapsed in TRUNC: 8.1461e-05
Propagating t with norm 1
Memory usage : 11819256 839576 
Sweep has been running for 47.1159 seconds.

Sweep 12, optimizing sites 8 and 9
JCD used 1 iterations.
Time elapsed in JCD: 0.0342495
Energy -1 -78.1192858623847
Sum: 40 -> 35
Time elapsed in TRUNC: 0.000158151
Propagating t with norm 1
Memory usage : 11819256 839576 
Sweep has been running for 47.1586 seconds.

Sweep 12, optimizing sites 7 and 8
JCD used 1 iterations.
Time elapsed in JCD: 0.265456
Energy -1 -78.1192858623847
Sum: 140 -> 126
Time elapsed in TRUNC: 0.00100796
Propagating t with norm 1
Memory usage : 11819256 839576 
Sweep has been running for 47.4483 seconds.

Sweep 12, optimizing sites 6 and 7
JCD used 1 iterations.
Time elapsed in JCD: 0.842297
Energy -1 -78.1192858623835
Sum: 504 -> 462
Time elapsed in TRUNC: 0.00856124
Propagating t with norm 1
Memory usage : 11819256 839576 
Sweep has been running for 48.454 seconds.

Sweep 12, optimizing sites 5 and 6
JCD used 7 iterations.
Time elapsed in JCD: 21.6054
Energy -1 -78.119285865885
Sum: 1848 -> 501
Time elapsed in TRUNC: 0.0826764
Propagating t with norm 1
Memory usage : 11819256 839576 
Sweep has been running for 70.7357 seconds.

Sweep 12, optimizing sites 4 and 5
JCD used 5 iterations.
Time elapsed in JCD: 3.30512
Energy -1 -78.1192858624471
Sum: 504 -> 462
Time elapsed in TRUNC: 0.0073907
Propagating t with norm 1
Memory usage : 11819256 839576 
Sweep has been running for 74.5406 seconds.

Sweep 12, optimizing sites 3 and 4
JCD used 1 iterations.
Time elapsed in JCD: 0.138554
Energy -1 -78.119285862377
Sum: 140 -> 126
Time elapsed in TRUNC: 0.000937786
Propagating t with norm 1
Memory usage : 11819256 839576 
Sweep has been running for 74.7685 seconds.

Sweep 12, optimizing sites 2 and 3
JCD used 1 iterations.
Time elapsed in JCD: 0.0234118
Energy -1 -78.1192858623769
Sum: 40 -> 35
Time elapsed in TRUNC: 0.000190041
Propagating t with norm 1
Memory usage : 11819256 839576 
Sweep has been running for 74.802 seconds.

Sweep 12, optimizing sites 1 and 2
JCD used 1 iterations.
Time elapsed in JCD: 0.00613776
Energy -1 -78.119285862377
Sum: 12 -> 10
Time elapsed in TRUNC: 7.5691e-05
Propagating t with norm 1
Memory usage : 11819256 839576 
Sweep has been running for 74.8112 seconds.

Sweep 12, optimizing sites 0 and 1
JCD used 1 iterations.
Time elapsed in JCD: 0.000742935
Energy -1 -78.119285862377
Sum: 4 -> 3
Time elapsed in TRUNC: 3.684e-05
Propagating t with norm 1
Memory usage : 11819256 839576 
Sweep has been running for 74.8131 seconds.

Sweep 13, optimizing sites 0 and 1
JCD used 1 iterations.
Time elapsed in JCD: 0.00108073
Energy 1 -78.119285862377
Sum: 4 -> 3
Time elapsed in TRUNC: 6.1951e-05
Propagating t with norm 1
Memory usage : 11819256 839576 
Sweep has been running for 0.00218521 seconds.

Sweep 13, optimizing sites 1 and 2
JCD used 1 iterations.
Time elapsed in JCD: 0.00381383
Energy 1 -78.119285862377
Sum: 12 -> 10
Time elapsed in TRUNC: 9.135e-05
Propagating t with norm 1
Memory usage : 11819256 839576 
Sweep has been running for 0.00728915 seconds.

Sweep 13, optimizing sites 2 and 3
JCD used 1 iterations.
Time elapsed in JCD: 0.0166411
Energy 1 -78.1192858623769
Sum: 40 -> 35
Time elapsed in TRUNC: 0.000171371
Propagating t with norm 1
Memory usage : 11819256 839576 
Sweep has been running for 0.0274659 seconds.

Sweep 13, optimizing sites 3 and 4
JCD used 1 iterations.
Time elapsed in JCD: 0.132649
Energy 1 -78.1192858623769
Sum: 140 -> 126
Time elapsed in TRUNC: 0.0010034
Propagating t with norm 1
Memory usage : 11819256 839576 
Sweep has been running for 0.177554 seconds.

Sweep 13, optimizing sites 4 and 5
JCD used 1 iterations.
Time elapsed in JCD: 0.674401
Energy 1 -78.1192858623773
Sum: 504 -> 462
Time elapsed in TRUNC: 0.00754792
Propagating t with norm 1
Memory usage : 11819256 839576 
Sweep has been running for 1.00084 seconds.

Sweep 13, optimizing sites 5 and 6
JCD used 7 iterations.
Time elapsed in JCD: 21.5405
Energy 1 -78.1192858677277
Sum: 1848 -> 501
Time elapsed in TRUNC: 0.0825801
Propagating t with norm 1
Memory usage : 11819256 839576 
Sweep has been running for 23.3994 seconds.

Sweep 13, optimizing sites 6 and 7
JCD used 5 iterations.
Time elapsed in JCD: 4.19675
Energy 1 -78.1192858607303
Sum: 504 -> 462
Time elapsed in TRUNC: 0.00824455
Propagating t with norm 1
Memory usage : 11819256 839576 
Sweep has been running for 28.5359 seconds.

Sweep 13, optimizing sites 7 and 8
JCD used 1 iterations.
Time elapsed in JCD: 0.271146
Energy 1 -78.1192858623847
Sum: 140 -> 126
Time elapsed in TRUNC: 0.000981647
Propagating t with norm 1
Memory usage : 11819256 839576 
Sweep has been running for 29.0341 seconds.

Sweep 13, optimizing sites 8 and 9
JCD used 1 iterations.
Time elapsed in JCD: 0.0415857
Energy 1 -78.1192858623848
Sum: 40 -> 35
Time elapsed in TRUNC: 0.000183782
Propagating t with norm 1
Memory usage : 11819256 839576 
Sweep has been running for 29.1032 seconds.

Sweep 13, optimizing sites 9 and 10
JCD used 1 iterations.
Time elapsed in JCD: 0.0086412
Energy 1 -78.1192858623848
Sum: 12 -> 10
Time elapsed in TRUNC: 8.993e-05
Propagating t with norm 1
Memory usage : 11819256 839576 
Sweep has been running for 29.1186 seconds.

Sweep 13, optimizing sites 10 and 11
JCD used 1 iterations.
Time elapsed in JCD: 0.00138483
Energy 1 -78.1192858623848
Sum: 4 -> 3
Time elapsed in TRUNC: 3.288e-05
Propagating t with norm 1
Memory usage : 11819256 839576 
Sweep has been running for 29.1215 seconds.

Sweep 13, optimizing sites 10 and 11
JCD used 1 iterations.
Time elapsed in JCD: 0.00107897
Energy -1 -78.1192858623848
Sum: 4 -> 3
Time elapsed in TRUNC: 3.187e-05
Propagating t with norm 1
Memory usage : 11819256 839576 
Sweep has been running for 29.1282 seconds.

Sweep 13, optimizing sites 9 and 10
JCD used 1 iterations.
Time elapsed in JCD: 0.00597904
Energy -1 -78.1192858623848
Sum: 12 -> 10
Time elapsed in TRUNC: 8.3661e-05
Propagating t with norm 1
Memory usage : 11819256 839576 
Sweep has been running for 29.1393 seconds.

Sweep 13, optimizing sites 8 and 9
JCD used 1 iterations.
Time elapsed in JCD: 0.0380548
Energy -1 -78.1192858623848
Sum: 40 -> 35
Time elapsed in TRUNC: 0.000186691
Propagating t with norm 1
Memory usage : 11819256 839576 
Sweep has been running for 29.187 seconds.

Sweep 13, optimizing sites 7 and 8
JCD used 1 iterations.
Time elapsed in JCD: 0.268503
Energy -1 -78.1192858623847
Sum: 140 -> 126
Time elapsed in TRUNC: 0.00106402
Propagating t with norm 1
Memory usage : 11819256 839576 
Sweep has been running for 29.4792 seconds.

Sweep 13, optimizing sites 6 and 7
JCD used 1 iterations.
Time elapsed in JCD: 0.85707
Energy -1 -78.1192858623838
Sum: 504 -> 462
Time elapsed in TRUNC: 0.00843908
Propagating t with norm 1
Memory usage : 11819256 839576 
Sweep has been running for 30.5006 seconds.

Sweep 13, optimizing sites 5 and 6
JCD used 7 iterations.
Time elapsed in JCD: 21.2807
Energy -1 -78.1192858640422
Sum: 1848 -> 501
Time elapsed in TRUNC: 0.0822238
Propagating t with norm 1
Memory usage : 11819256 839576 
Sweep has been running for 52.4451 seconds.

Sweep 13, optimizing sites 4 and 5
JCD used 5 iterations.
Time elapsed in JCD: 3.33187
Energy -1 -78.1192858604009
Sum: 504 -> 462
Time elapsed in TRUNC: 0.00747665
Propagating t with norm 1
Memory usage : 11819256 839576 
Sweep has been running for 56.2853 seconds.

Sweep 13, optimizing sites 3 and 4
JCD used 1 iterations.
Time elapsed in JCD: 0.135214
Energy -1 -78.1192858623771
Sum: 140 -> 126
Time elapsed in TRUNC: 0.000954456
Propagating t with norm 1
Memory usage : 11819256 839576 
Sweep has been running for 56.5098 seconds.

Sweep 13, optimizing sites 2 and 3
JCD used 1 iterations.
Time elapsed in JCD: 0.0190095
Energy -1 -78.119285862377
Sum: 40 -> 35
Time elapsed in TRUNC: 0.000183971
Propagating t with norm 1
Memory usage : 11819256 839576 
Sweep has been running for 56.5387 seconds.

Sweep 13, optimizing sites 1 and 2
JCD used 1 iterations.
Time elapsed in JCD: 0.0036798
Energy -1 -78.119285862377
Sum: 12 -> 10
Time elapsed in TRUNC: 0.000222382
Propagating t with norm 1
Memory usage : 11819256 839576 
Sweep has been running for 56.5461 seconds.

Sweep 13, optimizing sites 0 and 1
JCD used 1 iterations.
Time elapsed in JCD: 0.00119478
Energy -1 -78.1192858623771
Sum: 4 -> 3
Time elapsed in TRUNC: 6.5381e-05
Propagating t with norm 1
Memory usage : 11819256 839576 
Sweep has been running for 56.549 seconds.

Sweep 14, optimizing sites 0 and 1
JCD used 1 iterations.
Time elapsed in JCD: 0.00107076
Energy 1 -78.1192858623771
Sum: 4 -> 3
Time elapsed in TRUNC: 6.7831e-05
Propagating t with norm 1
Memory usage : 11819256 839576 
Sweep has been running for 0.00213387 seconds.

Sweep 14, optimizing sites 1 and 2
JCD used 1 iterations.
Time elapsed in JCD: 0.00355175
Energy 1 -78.119285862377
Sum: 12 -> 10
Time elapsed in TRUNC: 8.912e-05
Propagating t with norm 1
Memory usage : 11819256 839576 
Sweep has been running for 0.00724873 seconds.

Sweep 14, optimizing sites 2 and 3
JCD used 1 iterations.
Time elapsed in JCD: 0.0163016
Energy 1 -78.119285862377
Sum: 40 -> 35
Time elapsed in TRUNC: 0.000176121
Propagating t with norm 1
Memory usage : 11819256 839576 
Sweep has been running for 0.0270215 seconds.

Sweep 14, optimizing sites 3 and 4
JCD used 1 iterations.
Time elapsed in JCD: 0.13377
Energy 1 -78.119285862377
Sum: 140 -> 126
Time elapsed in TRUNC: 0.000988086
Propagating t with norm 1
Memory usage : 11819256 839576 
Sweep has been running for 0.176369 seconds.

Sweep 14, optimizing sites 4 and 5
JCD used 1 iterations.
Time elapsed in JCD: 0.677187
Energy 1 -78.1192858623772
Sum: 504 -> 462
Time elapsed in TRUNC: 0.0076174
Propagating t with norm 1
Memory usage : 11819256 839576 
Sweep has been running for 1.00029 seconds.

Sweep 14, optimizing sites 5 and 6
JCD used 7 iterations.
Time elapsed in JCD: 21.5421
Energy 1 -78.1192858624447
Sum: 1848 -> 501
Time elapsed in TRUNC: 0.0830795
Propagating t with norm 1
Memory usage : 11819256 839572 
Sweep has been running for 23.422 seconds.

Sweep 14, optimizing sites 6 and 7
JCD used 5 iterations.
Time elapsed in JCD: 4.28123
Energy 1 -78.1192858619666
Sum: 504 -> 462
Time elapsed in TRUNC: 0.00857725
Propagating t with norm 1
Memory usage : 11819256 839572 
Sweep has been running for 28.6509 seconds.

Sweep 14, optimizing sites 7 and 8
JCD used 1 iterations.
Time elapsed in JCD: 0.28742
Energy 1 -78.1192858623847
Sum: 140 -> 126
Time elapsed in TRUNC: 0.000988147
Propagating t with norm 1
Memory usage : 11819256 839572 
Sweep has been running for 29.1745 seconds.

Sweep 14, optimizing sites 8 and 9
JCD used 1 iterations.
Time elapsed in JCD: 0.0396712
Energy 1 -78.1192858623848
Sum: 40 -> 35
Time elapsed in TRUNC: 0.000175001
Propagating t with norm 1
Memory usage : 11819256 839572 
Sweep has been running for 29.241 seconds.

Sweep 14, optimizing sites 9 and 10
JCD used 1 iterations.
Time elapsed in JCD: 0.00842696
Energy 1 -78.1192858623847
Sum: 12 -> 10
Time elapsed in TRUNC: 9.1181e-05
Propagating t with norm 1
Memory usage : 11819256 839572 
Sweep has been running for 29.2562 seconds.

Sweep 14, optimizing sites 10 and 11
JCD used 1 iterations.
Time elapsed in JCD: 0.00166138
Energy 1 -78.1192858623848
Sum: 4 -> 3
Time elapsed in TRUNC: 3.419e-05
Propagating t with norm 1
Memory usage : 11819256 839572 
Sweep has been running for 29.2597 seconds.

Sweep 14, optimizing sites 10 and 11
JCD used 1 iterations.
Time elapsed in JCD: 0.0011098
Energy -1 -78.1192858623848
Sum: 4 -> 3
Time elapsed in TRUNC: 3.1521e-05
Propagating t with norm 1
Memory usage : 11819256 839572 
Sweep has been running for 29.2663 seconds.

Sweep 14, optimizing sites 9 and 10
JCD used 1 iterations.
Time elapsed in JCD: 0.00500935
Energy -1 -78.1192858623847
Sum: 12 -> 10
Time elapsed in TRUNC: 7.68e-05
Propagating t with norm 1
Memory usage : 11819256 839572 
Sweep has been running for 29.2761 seconds.

Sweep 14, optimizing sites 8 and 9
JCD used 1 iterations.
Time elapsed in JCD: 0.0364106
Energy -1 -78.1192858623848
Sum: 40 -> 35
Time elapsed in TRUNC: 0.000159281
Propagating t with norm 1
Memory usage : 11819256 839572 
Sweep has been running for 29.3207 seconds.

Sweep 14, optimizing sites 7 and 8
JCD used 1 iterations.
Time elapsed in JCD: 0.280861
Energy -1 -78.1192858623847
Sum: 140 -> 126
Time elapsed in TRUNC: 0.00112143
Propagating t with norm 1
Memory usage : 11819256 839572 
Sweep has been running for 29.6266 seconds.

Sweep 14, optimizing sites 6 and 7
JCD used 1 iterations.
Time elapsed in JCD: 0.869747
Energy -1 -78.1192858623836
Sum: 504 -> 462
Time elapsed in TRUNC: 0.00870415
Propagating t with norm 1
Memory usage : 11819256 839572 
Sweep has been running for 30.6667 seconds.

Sweep 14, optimizing sites 5 and 6
JCD used 7 iterations.
Time elapsed in JCD: 22.0443
Energy -1 -78.1192858638871
Sum: 1848 -> 501
Time elapsed in TRUNC: 0.0837529
Propagating t with norm 1
Memory usage : 11819256 839572 
Sweep has been running for 53.3971 seconds.

Sweep 14, optimizing sites 4 and 5
JCD used 5 iterations.
Time elapsed in JCD: 3.39015
Energy -1 -78.1192858603876
Sum: 504 -> 462
Time elapsed in TRUNC: 0.00766933
Propagating t with norm 1
Memory usage : 11819256 839572 
Sweep has been running for 57.3086 seconds.

Sweep 14, optimizing sites 3 and 4
JCD used 1 iterations.
Time elapsed in JCD: 0.144724
Energy -1 -78.1192858623771
Sum: 140 -> 126
Time elapsed in TRUNC: 0.00114591
Propagating t with norm 1
Memory usage : 11819256 839572 
Sweep has been running for 57.551 seconds.

Sweep 14, optimizing sites 2 and 3
JCD used 1 iterations.
Time elapsed in JCD: 0.0197294
Energy -1 -78.1192858623771
Sum: 40 -> 35
Time elapsed in TRUNC: 0.000180571
Propagating t with norm 1
Memory usage : 11819256 839572 
Sweep has been running for 57.5813 seconds.

Sweep 14, optimizing sites 1 and 2
JCD used 1 iterations.
Time elapsed in JCD: 0.00558634
Energy -1 -78.1192858623771
Sum: 12 -> 10
Time elapsed in TRUNC: 0.000103581
Propagating t with norm 1
Memory usage : 11819256 839572 
Sweep has been running for 57.5898 seconds.

Sweep 14, optimizing sites 0 and 1
JCD used 1 iterations.
Time elapsed in JCD: 0.000610384
Energy -1 -78.1192858623771
Sum: 4 -> 3
Time elapsed in TRUNC: 3.081e-05
Propagating t with norm 1
Memory usage : 11819256 839572 
Sweep has been running for 57.5917 seconds.

Sweep 15, optimizing sites 0 and 1
JCD used 1 iterations.
Time elapsed in JCD: 0.00157185
Energy 1 -78.1192858623771
Sum: 4 -> 3
Time elapsed in TRUNC: 0.000113381
Propagating t with norm 1
Memory usage : 11819256 839572 
Sweep has been running for 0.00273854 seconds.

Sweep 15, optimizing sites 1 and 2
JCD used 1 iterations.
Time elapsed in JCD: 0.00383267
Energy 1 -78.1192858623771
Sum: 12 -> 10
Time elapsed in TRUNC: 9.6761e-05
Propagating t with norm 1
Memory usage : 11819256 839572 
Sweep has been running for 0.00827712 seconds.

Sweep 15, optimizing sites 2 and 3
JCD used 1 iterations.
Time elapsed in JCD: 0.016916
Energy 1 -78.1192858623771
Sum: 40 -> 35
Time elapsed in TRUNC: 0.000184541
Propagating t with norm 1
Memory usage : 11819256 839572 
Sweep has been running for 0.0292462 seconds.

Sweep 15, optimizing sites 3 and 4
JCD used 1 iterations.
Time elapsed in JCD: 0.149625
Energy 1 -78.1192858623771
Sum: 140 -> 126
Time elapsed in TRUNC: 0.00121492
Propagating t with norm 1
Memory usage : 11819256 839572 
Sweep has been running for 0.199189 seconds.

Sweep 15, optimizing sites 4 and 5
JCD used 1 iterations.
Time elapsed in JCD: 0.785402
Energy 1 -78.1192858623772
Sum: 504 -> 462
Time elapsed in TRUNC: 0.00815138
Propagating t with norm 1
Memory usage : 11819256 839572 
Sweep has been running for 1.14818 seconds.

Sweep 15, optimizing sites 5 and 6
JCD used 7 iterations.
Time elapsed in JCD: 21.704
Energy 1 -78.119285862686
Sum: 1848 -> 501
Time elapsed in TRUNC: 0.087283
Propagating t with norm 1
Memory usage : 11819256 839572 
Sweep has been running for 23.7314 seconds.

Sweep 15, optimizing sites 6 and 7
JCD used 5 iterations.
Time elapsed in JCD: 4.20319
Energy 1 -78.119285861996
Sum: 504 -> 462
Time elapsed in TRUNC: 0.00825296
Propagating t with norm 1
Memory usage : 11819256 839572 
Sweep has been running for 28.877 seconds.

Sweep 15, optimizing sites 7 and 8
JCD used 1 iterations.
Time elapsed in JCD: 0.283125
Energy 1 -78.1192858623847
Sum: 140 -> 126
Time elapsed in TRUNC: 0.00105165
Propagating t with norm 1
Memory usage : 11819256 839572 
Sweep has been running for 29.4 seconds.

Sweep 15, optimizing sites 8 and 9
JCD used 1 iterations.
Time elapsed in JCD: 0.0423907
Energy 1 -78.1192858623847
Sum: 40 -> 35
Time elapsed in TRUNC: 0.000176472
Propagating t with norm 1
Memory usage : 11819256 839572 
Sweep has been running for 29.4691 seconds.

Sweep 15, optimizing sites 9 and 10
JCD used 1 iterations.
Time elapsed in JCD: 0.00834883
Energy 1 -78.1192858623848
Sum: 12 -> 10
Time elapsed in TRUNC: 8.2701e-05
Propagating t with norm 1
Memory usage : 11819256 839572 
Sweep has been running for 29.4835 seconds.

Sweep 15, optimizing sites 10 and 11
JCD used 1 iterations.
Time elapsed in JCD: 0.00137777
Energy 1 -78.1192858623847
Sum: 4 -> 3
Time elapsed in TRUNC: 7.6041e-05
Propagating t with norm 1
Memory usage : 11819256 839572 
Sweep has been running for 29.4868 seconds.

Sweep 15, optimizing sites 10 and 11
JCD used 1 iterations.
Time elapsed in JCD: 0.000964967
Energy -1 -78.1192858623847
Sum: 4 -> 3
Time elapsed in TRUNC: 3.176e-05
Propagating t with norm 1
Memory usage : 11819256 839572 
Sweep has been running for 29.493 seconds.

Sweep 15, optimizing sites 9 and 10
JCD used 1 iterations.
Time elapsed in JCD: 0.00499649
Energy -1 -78.1192858623848
Sum: 12 -> 10
Time elapsed in TRUNC: 7.8101e-05
Propagating t with norm 1
Memory usage : 11819256 839572 
Sweep has been running for 29.5028 seconds.

Sweep 15, optimizing sites 8 and 9
JCD used 1 iterations.
Time elapsed in JCD: 0.0351732
Energy -1 -78.1192858623847
Sum: 40 -> 35
Time elapsed in TRUNC: 0.000162881
Propagating t with norm 1
Memory usage : 11819256 839572 
Sweep has been running for 29.5463 seconds.

Sweep 15, optimizing sites 7 and 8
JCD used 1 iterations.
Time elapsed in JCD: 0.273091
Energy -1 -78.1192858623847
Sum: 140 -> 126
Time elapsed in TRUNC: 0.00102156
Propagating t with norm 1
Memory usage : 11819256 839572 
Sweep has been running for 29.8437 seconds.

Sweep 15, optimizing sites 6 and 7
JCD used 1 iterations.
Time elapsed in JCD: 0.854675
Energy -1 -78.1192858623836
Sum: 504 -> 462
Time elapsed in TRUNC: 0.00845557
Propagating t with norm 1
Memory usage : 11819256 839572 
Sweep has been running for 30.8699 seconds.

Sweep 15, optimizing sites 5 and 6
JCD used 7 iterations.
Time elapsed in JCD: 21.3367
Energy -1 -78.1192858638721
Sum: 1848 -> 501
Time elapsed in TRUNC: 0.0824637
Propagating t with norm 1
Memory usage : 11819256 839776 
Sweep has been running for 52.873 seconds.

Sweep 15, optimizing sites 4 and 5
JCD used 5 iterations.
Time elapsed in JCD: 3.30132
Energy -1 -78.1192858603874
Sum: 504 -> 462
Time elapsed in TRUNC: 0.00739356
Propagating t with norm 1
Memory usage : 11819256 839776 
Sweep has been running for 56.6788 seconds.

Sweep 15, optimizing sites 3 and 4
JCD used 1 iterations.
Time elapsed in JCD: 0.134848
Energy -1 -78.1192858623771
Sum: 140 -> 126
Time elapsed in TRUNC: 0.000939047
Propagating t with norm 1
Memory usage : 11819256 839776 
Sweep has been running for 56.9028 seconds.

Sweep 15, optimizing sites 2 and 3
JCD used 1 iterations.
Time elapsed in JCD: 0.0196382
Energy -1 -78.1192858623771
Sum: 40 -> 35
Time elapsed in TRUNC: 0.000182911
Propagating t with norm 1
Memory usage : 11819256 839776 
Sweep has been running for 56.9323 seconds.

Sweep 15, optimizing sites 1 and 2
JCD used 1 iterations.
Time elapsed in JCD: 0.00497564
Energy -1 -78.119285862377
Sum: 12 -> 10
Time elapsed in TRUNC: 8.5981e-05
Propagating t with norm 1
Memory usage : 11819256 839776 
Sweep has been running for 56.9402 seconds.

Sweep 15, optimizing sites 0 and 1
JCD used 1 iterations.
Time elapsed in JCD: 0.000615664
Energy -1 -78.119285862377
Sum: 4 -> 3
Time elapsed in TRUNC: 3.909e-05
Propagating t with norm 1
Memory usage : 11819256 839776 
Sweep has been running for 56.9423 seconds.
Measuring oneptdm
 measuring in su2 version of tagged_nrank 
Measuring twoptdm
 measuring in su2 version of tagged_nrank 
The hamiltonian will contain 10453 terms
MPO Bond 0: 96/35
MPO Bond 1: 102/38
MPO Bond 2: 116/45
MPO Bond 3: 138/56
MPO Bond 4: 168/71
MPO Bond 5: 206/90
MPO Bond 6: 252/113
MPO Bond 7: 306/140
MPO Bond 8: 368/171
MPO Bond 9: 438/206
MPO Bond 10: 10/3
MPO Bond 11: 1/0
This binary contains symmetries: 2u1pg su2u1pg 
DMRG version 3.1.1
Temporary storage enabled in ./tmp//storage_temp_b0c8e13bc99f/
Will start again at site -1 in sweep 16
Loading checkpoint from /public/home/xzzeng/work/HQC/Ethene/autoCAS/autocas_project/final/autocas_project.checkpoint_state.0.h5
Parameters:
               Sites: 12
           Electrons: 12
                Spin: 0
               Irrep: 0
The hamiltonian will contain 10453 terms
MPO Bond 0: 96/35
MPO Bond 1: 102/38
MPO Bond 2: 116/45
MPO Bond 3: 138/56
MPO Bond 4: 168/71
MPO Bond 5: 206/90
MPO Bond 6: 252/113
MPO Bond 7: 306/140
MPO Bond 8: 368/171
MPO Bond 9: 438/206
MPO Bond 10: 10/3
MPO Bond 11: 1/0
MPS initialization has finished...
Expecting 0 states to orthogonalize to.
Boundaries are partially initialized...
Boundaries are fully initialized...
Done init_left_right
TSMPOTensor: 1x102,  102 operators, 102 tags
TSMPOTensor: 96x116,  391 operators, 294 tags
TSMPOTensor: 102x138,  655 operators, 532 tags
TSMPOTensor: 116x168,  955 operators, 792 tags
TSMPOTensor: 138x206,  1255 operators, 1040 tags
TSMPOTensor: 168x252,  1519 operators, 1240 tags
TSMPOTensor: 206x306,  1711 operators, 1356 tags
TSMPOTensor: 252x368,  1795 operators, 1352 tags
TSMPOTensor: 306x438,  1735 operators, 1192 tags
TSMPOTensor: 368x10,  989 operators, 824 tags
TSMPOTensor: 438x1,  438 operators, 242 tags
Total number of tags: 8966

Sweep 16, optimizing sites 0 and 1
JCD used 7 iterations.
Time elapsed in JCD: 0.00402608
Energy 1 -78.1198654153906
Sum: 4 -> 3
Time elapsed in TRUNC: 3.994e-05
Propagating t with norm 1
Memory usage : 11819256 839776 
Sweep has been running for 0.0174242 seconds.

Sweep 16, optimizing sites 1 and 2
JCD used 10 iterations.
Time elapsed in JCD: 0.0289869
Energy 1 -78.119869796852
Sum: 12 -> 10
Time elapsed in TRUNC: 6.604e-05
Propagating t with norm 1
Memory usage : 11819256 839776 
Sweep has been running for 0.0477078 seconds.

Sweep 16, optimizing sites 2 and 3
JCD used 10 iterations.
Time elapsed in JCD: 0.148038
Energy 1 -78.1198739513474
Sum: 40 -> 35
Time elapsed in TRUNC: 0.000159262
Propagating t with norm 1
Memory usage : 11819256 839776 
Sweep has been running for 0.198943 seconds.

Sweep 16, optimizing sites 3 and 4
JCD used 10 iterations.
Time elapsed in JCD: 1.30231
Energy 1 -78.1198792757713
Sum: 140 -> 126
Time elapsed in TRUNC: 0.00101897
Propagating t with norm 1
Memory usage : 11819256 839776 
Sweep has been running for 1.5164 seconds.

Sweep 16, optimizing sites 4 and 5
JCD used 10 iterations.
Time elapsed in JCD: 6.7679
Energy 1 -78.1198799959205
Sum: 504 -> 462
Time elapsed in TRUNC: 0.00725966
Propagating t with norm 1
Memory usage : 11819256 839776 
Sweep has been running for 8.42694 seconds.

Sweep 16, optimizing sites 5 and 6
JCD used 10 iterations.
Time elapsed in JCD: 30.4726
Energy 1 -78.1198800370776
Sum: 1848 -> 501
Time elapsed in TRUNC: 0.0834596
Propagating t with norm 1
Memory usage : 11819256 838940 
Sweep has been running for 39.7578 seconds.

Sweep 16, optimizing sites 6 and 7
JCD used 6 iterations.
Time elapsed in JCD: 4.97787
Energy 1 -78.1198800351191
Sum: 504 -> 462
Time elapsed in TRUNC: 0.00840568
Propagating t with norm 1
Memory usage : 11819256 838940 
Sweep has been running for 45.6789 seconds.

Sweep 16, optimizing sites 7 and 8
JCD used 1 iterations.
Time elapsed in JCD: 0.269178
Energy 1 -78.1198800343184
Sum: 140 -> 126
Time elapsed in TRUNC: 0.000969447
Propagating t with norm 1
Memory usage : 11819256 838940 
Sweep has been running for 46.1774 seconds.

Sweep 16, optimizing sites 8 and 9
JCD used 1 iterations.
Time elapsed in JCD: 0.0395459
Energy 1 -78.1198800343186
Sum: 40 -> 35
Time elapsed in TRUNC: 0.000172172
Propagating t with norm 1
Memory usage : 11819256 838940 
Sweep has been running for 46.242 seconds.

Sweep 16, optimizing sites 9 and 10
JCD used 1 iterations.
Time elapsed in JCD: 0.0072044
Energy 1 -78.1198800343186
Sum: 12 -> 10
Time elapsed in TRUNC: 8.4331e-05
Propagating t with norm 1
Memory usage : 11819256 838940 
Sweep has been running for 46.2547 seconds.

Sweep 16, optimizing sites 10 and 11
JCD used 1 iterations.
Time elapsed in JCD: 0.00120579
Energy 1 -78.1198800343186
Sum: 4 -> 3
Time elapsed in TRUNC: 3.21e-05
Propagating t with norm 1
Memory usage : 11819256 838940 
Sweep has been running for 46.2571 seconds.

Sweep 16, optimizing sites 10 and 11
JCD used 1 iterations.
Time elapsed in JCD: 0.00148504
Energy -1 -78.1198800343186
Sum: 4 -> 3
Time elapsed in TRUNC: 3.4481e-05
Propagating t with norm 1
Memory usage : 11819256 838940 
Sweep has been running for 46.2641 seconds.

Sweep 16, optimizing sites 9 and 10
JCD used 1 iterations.
Time elapsed in JCD: 0.00556845
Energy -1 -78.1198800343186
Sum: 12 -> 10
Time elapsed in TRUNC: 8.235e-05
Propagating t with norm 1
Memory usage : 11819256 838940 
Sweep has been running for 46.2758 seconds.

Sweep 16, optimizing sites 8 and 9
JCD used 1 iterations.
Time elapsed in JCD: 0.035525
Energy -1 -78.1198800343187
Sum: 40 -> 35
Time elapsed in TRUNC: 0.000159292
Propagating t with norm 1
Memory usage : 11819256 838940 
Sweep has been running for 46.3198 seconds.

Sweep 16, optimizing sites 7 and 8
JCD used 1 iterations.
Time elapsed in JCD: 0.275507
Energy -1 -78.1198800343185
Sum: 140 -> 126
Time elapsed in TRUNC: 0.00118196
Propagating t with norm 1
Memory usage : 11819256 838940 
Sweep has been running for 46.622 seconds.

Sweep 16, optimizing sites 6 and 7
JCD used 1 iterations.
Time elapsed in JCD: 0.858606
Energy -1 -78.1198800343176
Sum: 504 -> 462
Time elapsed in TRUNC: 0.00856811
Propagating t with norm 1
Memory usage : 11819256 838940 
Sweep has been running for 47.6513 seconds.

Sweep 16, optimizing sites 5 and 6
JCD used 7 iterations.
Time elapsed in JCD: 21.8383
Energy -1 -78.1198800370341
Sum: 1848 -> 501
Time elapsed in TRUNC: 0.0842316
Propagating t with norm 1
Memory usage : 11819256 838692 
Sweep has been running for 70.1731 seconds.

Sweep 16, optimizing sites 4 and 5
JCD used 5 iterations.
Time elapsed in JCD: 3.43552
Energy -1 -78.1198800369761
Sum: 504 -> 462
Time elapsed in TRUNC: 0.00738172
Propagating t with norm 1
Memory usage : 11819256 838692 
Sweep has been running for 74.1173 seconds.

Sweep 16, optimizing sites 3 and 4
JCD used 1 iterations.
Time elapsed in JCD: 0.133945
Energy -1 -78.1198800343111
Sum: 140 -> 126
Time elapsed in TRUNC: 0.00105479
Propagating t with norm 1
Memory usage : 11819256 838692 
Sweep has been running for 74.3402 seconds.

Sweep 16, optimizing sites 2 and 3
JCD used 1 iterations.
Time elapsed in JCD: 0.0211357
Energy -1 -78.1198800343111
Sum: 40 -> 35
Time elapsed in TRUNC: 0.000188282
Propagating t with norm 1
Memory usage : 11819256 838692 
Sweep has been running for 74.3712 seconds.

Sweep 16, optimizing sites 1 and 2
JCD used 1 iterations.
Time elapsed in JCD: 0.00429417
Energy -1 -78.1198800343111
Sum: 12 -> 10
Time elapsed in TRUNC: 0.000151181
Propagating t with norm 1
Memory usage : 11819256 838692 
Sweep has been running for 74.3792 seconds.

Sweep 16, optimizing sites 0 and 1
JCD used 1 iterations.
Time elapsed in JCD: 0.000641324
Energy -1 -78.1198800343111
Sum: 4 -> 3
Time elapsed in TRUNC: 3.963e-05
Propagating t with norm 1
Memory usage : 11819256 838692 
Sweep has been running for 74.3809 seconds.

Sweep 17, optimizing sites 0 and 1
JCD used 1 iterations.
Time elapsed in JCD: 0.000906126
Energy 1 -78.1198800343111
Sum: 4 -> 3
Time elapsed in TRUNC: 5.001e-05
Propagating t with norm 1
Memory usage : 11819256 838692 
Sweep has been running for 0.00174947 seconds.

Sweep 17, optimizing sites 1 and 2
JCD used 1 iterations.
Time elapsed in JCD: 0.00385904
Energy 1 -78.1198800343111
Sum: 12 -> 10
Time elapsed in TRUNC: 0.000282912
Propagating t with norm 1
Memory usage : 11819256 838692 
Sweep has been running for 0.00719259 seconds.

Sweep 17, optimizing sites 2 and 3
JCD used 1 iterations.
Time elapsed in JCD: 0.017442
Energy 1 -78.1198800343111
Sum: 40 -> 35
Time elapsed in TRUNC: 0.000169122
Propagating t with norm 1
Memory usage : 11819256 838692 
Sweep has been running for 0.0287522 seconds.

Sweep 17, optimizing sites 3 and 4
JCD used 1 iterations.
Time elapsed in JCD: 0.139824
Energy 1 -78.1198800343111
Sum: 140 -> 126
Time elapsed in TRUNC: 0.000985286
Propagating t with norm 1
Memory usage : 11819256 838692 
Sweep has been running for 0.184926 seconds.

Sweep 17, optimizing sites 4 and 5
JCD used 1 iterations.
Time elapsed in JCD: 0.690108
Energy 1 -78.1198800343113
Sum: 504 -> 462
Time elapsed in TRUNC: 0.0079115
Propagating t with norm 1
Memory usage : 11819256 838692 
Sweep has been running for 1.02917 seconds.

Sweep 17, optimizing sites 5 and 6
JCD used 7 iterations.
Time elapsed in JCD: 21.865
Energy 1 -78.1198800374348
Sum: 1848 -> 501
Time elapsed in TRUNC: 0.085176
Propagating t with norm 1
Memory usage : 11819256 838484 
Sweep has been running for 23.7748 seconds.

Sweep 17, optimizing sites 6 and 7
JCD used 5 iterations.
Time elapsed in JCD: 4.22258
Energy 1 -78.1198800343176
Sum: 504 -> 462
Time elapsed in TRUNC: 0.00837323
Propagating t with norm 1
Memory usage : 11819256 838484 
Sweep has been running for 28.9503 seconds.

Sweep 17, optimizing sites 7 and 8
JCD used 1 iterations.
Time elapsed in JCD: 0.282769
Energy 1 -78.1198800343186
Sum: 140 -> 126
Time elapsed in TRUNC: 0.000986187
Propagating t with norm 1
Memory usage : 11819256 838484 
Sweep has been running for 29.4584 seconds.

Sweep 17, optimizing sites 8 and 9
JCD used 1 iterations.
Time elapsed in JCD: 0.0390525
Energy 1 -78.1198800343186
Sum: 40 -> 35
Time elapsed in TRUNC: 0.000175761
Propagating t with norm 1
Memory usage : 11819256 838484 
Sweep has been running for 29.5224 seconds.

Sweep 17, optimizing sites 9 and 10
JCD used 1 iterations.
Time elapsed in JCD: 0.00590493
Energy 1 -78.1198800343185
Sum: 12 -> 10
Time elapsed in TRUNC: 9.0641e-05
Propagating t with norm 1
Memory usage : 11819256 838484 
Sweep has been running for 29.5357 seconds.

Sweep 17, optimizing sites 10 and 11
JCD used 1 iterations.
Time elapsed in JCD: 0.00136438
Energy 1 -78.1198800343185
Sum: 4 -> 3
Time elapsed in TRUNC: 3.351e-05
Propagating t with norm 1
Memory usage : 11819256 838484 
Sweep has been running for 29.5385 seconds.

Sweep 17, optimizing sites 10 and 11
JCD used 1 iterations.
Time elapsed in JCD: 0.000957316
Energy -1 -78.1198800343185
Sum: 4 -> 3
Time elapsed in TRUNC: 3.193e-05
Propagating t with norm 1
Memory usage : 11819256 838484 
Sweep has been running for 29.5475 seconds.

Sweep 17, optimizing sites 9 and 10
JCD used 1 iterations.
Time elapsed in JCD: 0.00501782
Energy -1 -78.1198800343185
Sum: 12 -> 10
Time elapsed in TRUNC: 8.3181e-05
Propagating t with norm 1
Memory usage : 11819256 838484 
Sweep has been running for 29.5573 seconds.

Sweep 17, optimizing sites 8 and 9
JCD used 1 iterations.
Time elapsed in JCD: 0.0341315
Energy -1 -78.1198800343186
Sum: 40 -> 35
Time elapsed in TRUNC: 0.000178301
Propagating t with norm 1
Memory usage : 11819256 838484 
Sweep has been running for 29.5995 seconds.

Sweep 17, optimizing sites 7 and 8
JCD used 1 iterations.
Time elapsed in JCD: 0.275552
Energy -1 -78.1198800343185
Sum: 140 -> 126
Time elapsed in TRUNC: 0.00111031
Propagating t with norm 1
Memory usage : 11819256 838484 
Sweep has been running for 29.9013 seconds.

Sweep 17, optimizing sites 6 and 7
JCD used 1 iterations.
Time elapsed in JCD: 0.867423
Energy -1 -78.1198800343176
Sum: 504 -> 462
Time elapsed in TRUNC: 0.00877429
Propagating t with norm 1
Memory usage : 11819256 838484 
Sweep has been running for 30.9409 seconds.

Sweep 17, optimizing sites 5 and 6
JCD used 7 iterations.
Time elapsed in JCD: 21.5168
Energy -1 -78.1198800377877
Sum: 1848 -> 501
Time elapsed in TRUNC: 0.0838855
Propagating t with norm 1
Memory usage : 11819256 838484 
Sweep has been running for 53.1332 seconds.

Sweep 17, optimizing sites 4 and 5
JCD used 5 iterations.
Time elapsed in JCD: 3.33357
Energy -1 -78.1198800316137
Sum: 504 -> 462
Time elapsed in TRUNC: 0.00739347
Propagating t with norm 1
Memory usage : 11819256 838484 
Sweep has been running for 56.9752 seconds.

Sweep 17, optimizing sites 3 and 4
JCD used 1 iterations.
Time elapsed in JCD: 0.138514
Energy -1 -78.119880034311
Sum: 140 -> 126
Time elapsed in TRUNC: 0.000937796
Propagating t with norm 1
Memory usage : 11819256 838484 
Sweep has been running for 57.2027 seconds.

Sweep 17, optimizing sites 2 and 3
JCD used 1 iterations.
Time elapsed in JCD: 0.0193176
Energy -1 -78.119880034311
Sum: 40 -> 35
Time elapsed in TRUNC: 0.000179612
Propagating t with norm 1
Memory usage : 11819256 838484 
Sweep has been running for 57.232 seconds.

Sweep 17, optimizing sites 1 and 2
JCD used 1 iterations.
Time elapsed in JCD: 0.00623153
Energy -1 -78.1198800343111
Sum: 12 -> 10
Time elapsed in TRUNC: 8.9071e-05
Propagating t with norm 1
Memory usage : 11819256 838484 
Sweep has been running for 57.2413 seconds.

Sweep 17, optimizing sites 0 and 1
JCD used 1 iterations.
Time elapsed in JCD: 0.000645824
Energy -1 -78.1198800343111
Sum: 4 -> 3
Time elapsed in TRUNC: 3.071e-05
Propagating t with norm 1
Memory usage : 11819256 838484 
Sweep has been running for 57.2431 seconds.
Measuring oneptdm
 measuring in su2 version of tagged_nrank 
Measuring twoptdm
 measuring in su2 version of tagged_nrank 
The hamiltonian will contain 10445 terms
MPO Bond 0: 96/35
MPO Bond 1: 102/38
MPO Bond 2: 116/45
MPO Bond 3: 138/56
MPO Bond 4: 168/71
MPO Bond 5: 206/90
MPO Bond 6: 252/113
MPO Bond 7: 306/140
MPO Bond 8: 368/171
MPO Bond 9: 438/206
MPO Bond 10: 10/3
MPO Bond 11: 1/0
This binary contains symmetries: 2u1pg su2u1pg 
DMRG version 3.1.1
Temporary storage enabled in ./tmp//storage_temp_b820d520d1de/
Will start again at site -1 in sweep 18
Loading checkpoint from /public/home/xzzeng/work/HQC/Ethene/autoCAS/autocas_project/final/autocas_project.checkpoint_state.0.h5
Parameters:
               Sites: 12
           Electrons: 12
                Spin: 0
               Irrep: 0
The hamiltonian will contain 10445 terms
MPO Bond 0: 96/35
MPO Bond 1: 102/38
MPO Bond 2: 116/45
MPO Bond 3: 138/56
MPO Bond 4: 168/71
MPO Bond 5: 206/90
MPO Bond 6: 252/113
MPO Bond 7: 306/140
MPO Bond 8: 368/171
MPO Bond 9: 438/206
MPO Bond 10: 10/3
MPO Bond 11: 1/0
MPS initialization has finished...
Expecting 0 states to orthogonalize to.
Boundaries are partially initialized...
Boundaries are fully initialized...
Done init_left_right
TSMPOTensor: 1x102,  102 operators, 102 tags
TSMPOTensor: 96x116,  391 operators, 292 tags
TSMPOTensor: 102x138,  655 operators, 530 tags
TSMPOTensor: 116x168,  955 operators, 792 tags
TSMPOTensor: 138x206,  1255 operators, 1040 tags
TSMPOTensor: 168x252,  1519 operators, 1240 tags
TSMPOTensor: 206x306,  1711 operators, 1356 tags
TSMPOTensor: 252x368,  1795 operators, 1352 tags
TSMPOTensor: 306x438,  1735 operators, 1192 tags
TSMPOTensor: 368x10,  989 operators, 824 tags
TSMPOTensor: 438x1,  438 operators, 242 tags
Total number of tags: 8962

Sweep 18, optimizing sites 0 and 1
JCD used 7 iterations.
Time elapsed in JCD: 0.00370758
Energy 1 -78.1200692102891
Sum: 4 -> 3
Time elapsed in TRUNC: 4.371e-05
Propagating t with norm 1
Memory usage : 11819256 771868 
Sweep has been running for 0.0048385 seconds.

Sweep 18, optimizing sites 1 and 2
JCD used 10 iterations.
Time elapsed in JCD: 0.0273563
Energy 1 -78.1200729860441
Sum: 12 -> 10
Time elapsed in TRUNC: 6.67e-05
Propagating t with norm 1
Memory usage : 11819256 771868 
Sweep has been running for 0.0331977 seconds.

Sweep 18, optimizing sites 2 and 3
JCD used 10 iterations.
Time elapsed in JCD: 0.14296
Energy 1 -78.1200760698534
Sum: 40 -> 35
Time elapsed in TRUNC: 0.000154201
Propagating t with norm 1
Memory usage : 11819256 771868 
Sweep has been running for 0.178967 seconds.

Sweep 18, optimizing sites 3 and 4
JCD used 10 iterations.
Time elapsed in JCD: 1.28009
Energy 1 -78.1200805182242
Sum: 140 -> 126
Time elapsed in TRUNC: 0.000931317
Propagating t with norm 1
Memory usage : 11819256 771868 
Sweep has been running for 1.47444 seconds.

Sweep 18, optimizing sites 4 and 5
JCD used 10 iterations.
Time elapsed in JCD: 6.60568
Energy 1 -78.1200811780132
Sum: 504 -> 462
Time elapsed in TRUNC: 0.00727715
Propagating t with norm 1
Memory usage : 11819256 771868 
Sweep has been running for 8.22536 seconds.

Sweep 18, optimizing sites 5 and 6
JCD used 10 iterations.
Time elapsed in JCD: 30.8772
Energy 1 -78.120081218536
Sum: 1848 -> 501
Time elapsed in TRUNC: 0.0829674
Propagating t with norm 1
Memory usage : 11819256 834932 
Sweep has been running for 39.9639 seconds.

Sweep 18, optimizing sites 6 and 7
JCD used 6 iterations.
Time elapsed in JCD: 5.02052
Energy 1 -78.1200812124223
Sum: 504 -> 462
Time elapsed in TRUNC: 0.00812661
Propagating t with norm 1
Memory usage : 11819256 834932 
Sweep has been running for 45.9241 seconds.

Sweep 18, optimizing sites 7 and 8
JCD used 1 iterations.
Time elapsed in JCD: 0.272692
Energy 1 -78.1200812130596
Sum: 140 -> 126
Time elapsed in TRUNC: 0.00119752
Propagating t with norm 1
Memory usage : 11819256 834932 
Sweep has been running for 46.4267 seconds.

Sweep 18, optimizing sites 8 and 9
JCD used 1 iterations.
Time elapsed in JCD: 0.0472212
Energy 1 -78.1200812130598
Sum: 40 -> 35
Time elapsed in TRUNC: 0.000176051
Propagating t with norm 1
Memory usage : 11819256 834932 
Sweep has been running for 46.5009 seconds.

Sweep 18, optimizing sites 9 and 10
JCD used 1 iterations.
Time elapsed in JCD: 0.00868618
Energy 1 -78.1200812130598
Sum: 12 -> 10
Time elapsed in TRUNC: 9.1241e-05
Propagating t with norm 1
Memory usage : 11819256 834932 
Sweep has been running for 46.5164 seconds.

Sweep 18, optimizing sites 10 and 11
JCD used 1 iterations.
Time elapsed in JCD: 0.0018117
Energy 1 -78.1200812130598
Sum: 4 -> 3
Time elapsed in TRUNC: 3.607e-05
Propagating t with norm 1
Memory usage : 11819256 834932 
Sweep has been running for 46.5199 seconds.

Sweep 18, optimizing sites 10 and 11
JCD used 1 iterations.
Time elapsed in JCD: 0.00115145
Energy -1 -78.1200812130598
Sum: 4 -> 3
Time elapsed in TRUNC: 5.065e-05
Propagating t with norm 1
Memory usage : 11819256 834932 
Sweep has been running for 46.5297 seconds.

Sweep 18, optimizing sites 9 and 10
JCD used 1 iterations.
Time elapsed in JCD: 0.00583926
Energy -1 -78.1200812130598
Sum: 12 -> 10
Time elapsed in TRUNC: 9.4911e-05
Propagating t with norm 1
Memory usage : 11819256 834932 
Sweep has been running for 46.5402 seconds.

Sweep 18, optimizing sites 8 and 9
JCD used 1 iterations.
Time elapsed in JCD: 0.0347113
Energy -1 -78.1200812130598
Sum: 40 -> 35
Time elapsed in TRUNC: 0.000156841
Propagating t with norm 1
Memory usage : 11819256 834932 
Sweep has been running for 46.5825 seconds.

Sweep 18, optimizing sites 7 and 8
JCD used 1 iterations.
Time elapsed in JCD: 0.274533
Energy -1 -78.1200812130597
Sum: 140 -> 126
Time elapsed in TRUNC: 0.00115028
Propagating t with norm 1
Memory usage : 11819256 834932 
Sweep has been running for 46.8826 seconds.

Sweep 18, optimizing sites 6 and 7
JCD used 1 iterations.
Time elapsed in JCD: 0.857336
Energy -1 -78.1200812130589
Sum: 504 -> 462
Time elapsed in TRUNC: 0.00833794
Propagating t with norm 1
Memory usage : 11819256 834932 
Sweep has been running for 47.9071 seconds.

Sweep 18, optimizing sites 5 and 6
JCD used 7 iterations.
Time elapsed in JCD: 22.2879
Energy -1 -78.1200812129426
Sum: 1848 -> 501
Time elapsed in TRUNC: 0.0830608
Propagating t with norm 1
Memory usage : 11819256 834360 
Sweep has been running for 70.8601 seconds.

Sweep 18, optimizing sites 4 and 5
JCD used 4 iterations.
Time elapsed in JCD: 2.72276
Energy -1 -78.1200812090497
Sum: 504 -> 462
Time elapsed in TRUNC: 0.00770275
Propagating t with norm 1
Memory usage : 11819256 834360 
Sweep has been running for 74.0938 seconds.

Sweep 18, optimizing sites 3 and 4
JCD used 1 iterations.
Time elapsed in JCD: 0.135498
Energy -1 -78.1200812130531
Sum: 140 -> 126
Time elapsed in TRUNC: 0.000971567
Propagating t with norm 1
Memory usage : 11819256 834360 
Sweep has been running for 74.3192 seconds.

Sweep 18, optimizing sites 2 and 3
JCD used 1 iterations.
Time elapsed in JCD: 0.021567
Energy -1 -78.120081213053
Sum: 40 -> 35
Time elapsed in TRUNC: 0.000195382
Propagating t with norm 1
Memory usage : 11819256 834360 
Sweep has been running for 74.3507 seconds.

Sweep 18, optimizing sites 1 and 2
JCD used 1 iterations.
Time elapsed in JCD: 0.00424096
Energy -1 -78.120081213053
Sum: 12 -> 10
Time elapsed in TRUNC: 0.000151971
Propagating t with norm 1
Memory usage : 11819256 834360 
Sweep has been running for 74.36 seconds.

Sweep 18, optimizing sites 0 and 1
JCD used 1 iterations.
Time elapsed in JCD: 0.000684115
Energy -1 -78.120081213053
Sum: 4 -> 3
Time elapsed in TRUNC: 3.341e-05
Propagating t with norm 1
Memory usage : 11819256 834360 
Sweep has been running for 74.3619 seconds.

Sweep 19, optimizing sites 0 and 1
JCD used 1 iterations.
Time elapsed in JCD: 0.00133119
Energy 1 -78.1200812130531
Sum: 4 -> 3
Time elapsed in TRUNC: 6.9341e-05
Propagating t with norm 1
Memory usage : 11819256 834360 
Sweep has been running for 0.00226168 seconds.

Sweep 19, optimizing sites 1 and 2
JCD used 1 iterations.
Time elapsed in JCD: 0.0042219
Energy 1 -78.120081213053
Sum: 12 -> 10
Time elapsed in TRUNC: 8.7501e-05
Propagating t with norm 1
Memory usage : 11819256 834360 
Sweep has been running for 0.00780538 seconds.

Sweep 19, optimizing sites 2 and 3
JCD used 1 iterations.
Time elapsed in JCD: 0.0173768
Energy 1 -78.1200812130531
Sum: 40 -> 35
Time elapsed in TRUNC: 0.000175181
Propagating t with norm 1
Memory usage : 11819256 834360 
Sweep has been running for 0.0288656 seconds.

Sweep 19, optimizing sites 3 and 4
JCD used 1 iterations.
Time elapsed in JCD: 0.136373
Energy 1 -78.1200812130531
Sum: 140 -> 126
Time elapsed in TRUNC: 0.000967977
Propagating t with norm 1
Memory usage : 11819256 834360 
Sweep has been running for 0.181496 seconds.

Sweep 19, optimizing sites 4 and 5
JCD used 1 iterations.
Time elapsed in JCD: 0.699484
Energy 1 -78.1200812130533
Sum: 504 -> 462
Time elapsed in TRUNC: 0.00755553
Propagating t with norm 1
Memory usage : 11819256 834360 
Sweep has been running for 1.0322 seconds.

Sweep 19, optimizing sites 5 and 6
JCD used 7 iterations.
Time elapsed in JCD: 22.1678
Energy 1 -78.1200812179048
Sum: 1848 -> 501
Time elapsed in TRUNC: 0.0846733
Propagating t with norm 1
Memory usage : 11819256 834360 
Sweep has been running for 24.0943 seconds.

Sweep 19, optimizing sites 6 and 7
JCD used 5 iterations.
Time elapsed in JCD: 4.27053
Energy 1 -78.120081210366
Sum: 504 -> 462
Time elapsed in TRUNC: 0.00824407
Propagating t with norm 1
Memory usage : 11819256 834360 
Sweep has been running for 29.3224 seconds.

Sweep 19, optimizing sites 7 and 8
JCD used 1 iterations.
Time elapsed in JCD: 0.288375
Energy 1 -78.1200812130595
Sum: 140 -> 126
Time elapsed in TRUNC: 0.0011001
Propagating t with norm 1
Memory usage : 11819256 834360 
Sweep has been running for 29.8427 seconds.

Sweep 19, optimizing sites 8 and 9
JCD used 1 iterations.
Time elapsed in JCD: 0.0444841
Energy 1 -78.1200812130597
Sum: 40 -> 35
Time elapsed in TRUNC: 0.000182901
Propagating t with norm 1
Memory usage : 11819256 834360 
Sweep has been running for 29.9135 seconds.

Sweep 19, optimizing sites 9 and 10
JCD used 1 iterations.
Time elapsed in JCD: 0.0119174
Energy 1 -78.1200812130597
Sum: 12 -> 10
Time elapsed in TRUNC: 9.0851e-05
Propagating t with norm 1
Memory usage : 11819256 834360 
Sweep has been running for 29.9326 seconds.

Sweep 19, optimizing sites 10 and 11
JCD used 1 iterations.
Time elapsed in JCD: 0.00235012
Energy 1 -78.1200812130597
Sum: 4 -> 3
Time elapsed in TRUNC: 3.422e-05
Propagating t with norm 1
Memory usage : 11819256 834360 
Sweep has been running for 29.9367 seconds.

Sweep 19, optimizing sites 10 and 11
JCD used 1 iterations.
Time elapsed in JCD: 0.00137672
Energy -1 -78.1200812130597
Sum: 4 -> 3
Time elapsed in TRUNC: 5.2191e-05
Propagating t with norm 1
Memory usage : 11819256 834360 
Sweep has been running for 29.9435 seconds.

Sweep 19, optimizing sites 9 and 10
JCD used 1 iterations.
Time elapsed in JCD: 0.00562113
Energy -1 -78.1200812130597
Sum: 12 -> 10
Time elapsed in TRUNC: 7.7411e-05
Propagating t with norm 1
Memory usage : 11819256 834360 
Sweep has been running for 29.9541 seconds.

Sweep 19, optimizing sites 8 and 9
JCD used 1 iterations.
Time elapsed in JCD: 0.0354595
Energy -1 -78.1200812130597
Sum: 40 -> 35
Time elapsed in TRUNC: 0.000366882
Propagating t with norm 1
Memory usage : 11819256 834360 
Sweep has been running for 29.9991 seconds.

Sweep 19, optimizing sites 7 and 8
JCD used 1 iterations.
Time elapsed in JCD: 0.277261
Energy -1 -78.1200812130594
Sum: 140 -> 126
Time elapsed in TRUNC: 0.00104728
Propagating t with norm 1
Memory usage : 11819256 834360 
Sweep has been running for 30.3009 seconds.

Sweep 19, optimizing sites 6 and 7
JCD used 1 iterations.
Time elapsed in JCD: 0.859282
Energy -1 -78.1200812130587
Sum: 504 -> 462
Time elapsed in TRUNC: 0.0085171
Propagating t with norm 1
Memory usage : 11819256 834360 
Sweep has been running for 31.3272 seconds.

Sweep 19, optimizing sites 5 and 6
JCD used 7 iterations.
Time elapsed in JCD: 21.8126
Energy -1 -78.1200812131302
Sum: 1848 -> 501
Time elapsed in TRUNC: 0.0846758
Propagating t with norm 1
Memory usage : 11819256 834356 
Sweep has been running for 53.8223 seconds.

Sweep 19, optimizing sites 4 and 5
JCD used 4 iterations.
Time elapsed in JCD: 2.77188
Energy -1 -78.1200812177892
Sum: 504 -> 462
Time elapsed in TRUNC: 0.00796021
Propagating t with norm 1
Memory usage : 11819256 834356 
Sweep has been running for 57.1083 seconds.

Sweep 19, optimizing sites 3 and 4
JCD used 1 iterations.
Time elapsed in JCD: 0.14104
Energy -1 -78.1200812130529
Sum: 140 -> 126
Time elapsed in TRUNC: 0.00116878
Propagating t with norm 1
Memory usage : 11819256 834356 
Sweep has been running for 57.3408 seconds.

Sweep 19, optimizing sites 2 and 3
JCD used 1 iterations.
Time elapsed in JCD: 0.0179574
Energy -1 -78.120081213053
Sum: 40 -> 35
Time elapsed in TRUNC: 0.000189331
Propagating t with norm 1
Memory usage : 11819256 834356 
Sweep has been running for 57.3689 seconds.

Sweep 19, optimizing sites 1 and 2
JCD used 1 iterations.
Time elapsed in JCD: 0.00462278
Energy -1 -78.120081213053
Sum: 12 -> 10
Time elapsed in TRUNC: 9.5131e-05
Propagating t with norm 1
Memory usage : 11819256 834356 
Sweep has been running for 57.3765 seconds.

Sweep 19, optimizing sites 0 and 1
JCD used 1 iterations.
Time elapsed in JCD: 0.000699444
Energy -1 -78.120081213053
Sum: 4 -> 3
Time elapsed in TRUNC: 3.1701e-05
Propagating t with norm 1
Memory usage : 11819256 834356 
Sweep has been running for 57.3784 seconds.
Measuring oneptdm
 measuring in su2 version of tagged_nrank 
Measuring twoptdm
 measuring in su2 version of tagged_nrank 
The hamiltonian will contain 10453 terms
MPO Bond 0: 96/35
MPO Bond 1: 102/38
MPO Bond 2: 116/45
MPO Bond 3: 138/56
MPO Bond 4: 168/71
MPO Bond 5: 206/90
MPO Bond 6: 252/113
MPO Bond 7: 306/140
MPO Bond 8: 368/171
MPO Bond 9: 438/206
MPO Bond 10: 10/3
MPO Bond 11: 1/0
This binary contains symmetries: 2u1pg su2u1pg 
DMRG version 3.1.1
Temporary storage enabled in ./tmp//storage_temp_1b8a14f08ed2/
Will start again at site -1 in sweep 20
Loading checkpoint from /public/home/xzzeng/work/HQC/Ethene/autoCAS/autocas_project/final/autocas_project.checkpoint_state.0.h5
Parameters:
               Sites: 12
           Electrons: 12
                Spin: 0
               Irrep: 0
The hamiltonian will contain 10453 terms
MPO Bond 0: 96/35
MPO Bond 1: 102/38
MPO Bond 2: 116/45
MPO Bond 3: 138/56
MPO Bond 4: 168/71
MPO Bond 5: 206/90
MPO Bond 6: 252/113
MPO Bond 7: 306/140
MPO Bond 8: 368/171
MPO Bond 9: 438/206
MPO Bond 10: 10/3
MPO Bond 11: 1/0
MPS initialization has finished...
Expecting 0 states to orthogonalize to.
Boundaries are partially initialized...
Boundaries are fully initialized...
Done init_left_right
TSMPOTensor: 1x102,  102 operators, 102 tags
TSMPOTensor: 96x116,  391 operators, 294 tags
TSMPOTensor: 102x138,  655 operators, 532 tags
TSMPOTensor: 116x168,  955 operators, 792 tags
TSMPOTensor: 138x206,  1255 operators, 1040 tags
TSMPOTensor: 168x252,  1519 operators, 1240 tags
TSMPOTensor: 206x306,  1711 operators, 1356 tags
TSMPOTensor: 252x368,  1795 operators, 1352 tags
TSMPOTensor: 306x438,  1735 operators, 1192 tags
TSMPOTensor: 368x10,  989 operators, 824 tags
TSMPOTensor: 438x1,  438 operators, 242 tags
Total number of tags: 8966

Sweep 20, optimizing sites 0 and 1
JCD used 6 iterations.
Time elapsed in JCD: 0.00378711
Energy 1 -78.1201217549196
Sum: 4 -> 3
Time elapsed in TRUNC: 4.292e-05
Propagating t with norm 1
Memory usage : 11819256 834356 
Sweep has been running for 0.0228645 seconds.

Sweep 20, optimizing sites 1 and 2
JCD used 10 iterations.
Time elapsed in JCD: 0.0289776
Energy 1 -78.1201220910264
Sum: 12 -> 10
Time elapsed in TRUNC: 6.6741e-05
Propagating t with norm 1
Memory usage : 11819256 834356 
Sweep has been running for 0.0532504 seconds.

Sweep 20, optimizing sites 2 and 3
JCD used 10 iterations.
Time elapsed in JCD: 0.149763
Energy 1 -78.1201239219889
Sum: 40 -> 35
Time elapsed in TRUNC: 0.000333502
Propagating t with norm 1
Memory usage : 11819256 834356 
Sweep has been running for 0.206313 seconds.

Sweep 20, optimizing sites 3 and 4
JCD used 10 iterations.
Time elapsed in JCD: 1.30036
Energy 1 -78.1201254923147
Sum: 140 -> 126
Time elapsed in TRUNC: 0.000878506
Propagating t with norm 1
Memory usage : 11819256 834356 
Sweep has been running for 1.52191 seconds.

Sweep 20, optimizing sites 4 and 5
JCD used 10 iterations.
Time elapsed in JCD: 6.69266
Energy 1 -78.1201257496902
Sum: 504 -> 462
Time elapsed in TRUNC: 0.00746589
Propagating t with norm 1
Memory usage : 11819256 834356 
Sweep has been running for 8.37646 seconds.

Sweep 20, optimizing sites 5 and 6
JCD used 10 iterations.
Time elapsed in JCD: 31.7091
Energy 1 -78.1201257649237
Sum: 1848 -> 501
Time elapsed in TRUNC: 0.0841133
Propagating t with norm 1
Memory usage : 11819256 835004 
Sweep has been running for 40.9533 seconds.

Sweep 20, optimizing sites 6 and 7
JCD used 5 iterations.
Time elapsed in JCD: 4.18145
Energy 1 -78.1201257621762
Sum: 504 -> 462
Time elapsed in TRUNC: 0.0080958
Propagating t with norm 1
Memory usage : 11819256 835004 
Sweep has been running for 46.0888 seconds.

Sweep 20, optimizing sites 7 and 8
JCD used 1 iterations.
Time elapsed in JCD: 0.283167
Energy 1 -78.1201257632694
Sum: 140 -> 126
Time elapsed in TRUNC: 0.000967327
Propagating t with norm 1
Memory usage : 11819256 835004 
Sweep has been running for 46.6023 seconds.

Sweep 20, optimizing sites 8 and 9
JCD used 1 iterations.
Time elapsed in JCD: 0.0425058
Energy 1 -78.1201257632696
Sum: 40 -> 35
Time elapsed in TRUNC: 0.000188592
Propagating t with norm 1
Memory usage : 11819256 835004 
Sweep has been running for 46.6698 seconds.

Sweep 20, optimizing sites 9 and 10
JCD used 1 iterations.
Time elapsed in JCD: 0.010917
Energy 1 -78.1201257632696
Sum: 12 -> 10
Time elapsed in TRUNC: 8.935e-05
Propagating t with norm 1
Memory usage : 11819256 835004 
Sweep has been running for 46.6865 seconds.

Sweep 20, optimizing sites 10 and 11
JCD used 1 iterations.
Time elapsed in JCD: 0.00245493
Energy 1 -78.1201257632696
Sum: 4 -> 3
Time elapsed in TRUNC: 3.487e-05
Propagating t with norm 1
Memory usage : 11819256 835004 
Sweep has been running for 46.6906 seconds.

Sweep 20, optimizing sites 10 and 11
JCD used 1 iterations.
Time elapsed in JCD: 0.000939517
Energy -1 -78.1201257632696
Sum: 4 -> 3
Time elapsed in TRUNC: 3.23e-05
Propagating t with norm 1
Memory usage : 11819256 835004 
Sweep has been running for 46.697 seconds.

Sweep 20, optimizing sites 9 and 10
JCD used 1 iterations.
Time elapsed in JCD: 0.00612627
Energy -1 -78.1201257632696
Sum: 12 -> 10
Time elapsed in TRUNC: 8.1411e-05
Propagating t with norm 1
Memory usage : 11819256 835004 
Sweep has been running for 46.7082 seconds.

Sweep 20, optimizing sites 8 and 9
JCD used 1 iterations.
Time elapsed in JCD: 0.0353682
Energy -1 -78.1201257632696
Sum: 40 -> 35
Time elapsed in TRUNC: 0.000153371
Propagating t with norm 1
Memory usage : 11819256 835004 
Sweep has been running for 46.7514 seconds.

Sweep 20, optimizing sites 7 and 8
JCD used 1 iterations.
Time elapsed in JCD: 0.274984
Energy -1 -78.1201257632693
Sum: 140 -> 126
Time elapsed in TRUNC: 0.000980876
Propagating t with norm 1
Memory usage : 11819256 835004 
Sweep has been running for 47.0506 seconds.

Sweep 20, optimizing sites 6 and 7
JCD used 1 iterations.
Time elapsed in JCD: 0.883833
Energy -1 -78.1201257632687
Sum: 504 -> 462
Time elapsed in TRUNC: 0.00870048
Propagating t with norm 1
Memory usage : 11819256 835004 
Sweep has been running for 48.1122 seconds.

Sweep 20, optimizing sites 5 and 6
JCD used 7 iterations.
Time elapsed in JCD: 21.9627
Energy -1 -78.1201257670225
Sum: 1848 -> 501
Time elapsed in TRUNC: 0.084507
Propagating t with norm 1
Memory usage : 11819256 834356 
Sweep has been running for 70.7601 seconds.

Sweep 20, optimizing sites 4 and 5
JCD used 5 iterations.
Time elapsed in JCD: 3.46121
Energy -1 -78.1201257659843
Sum: 504 -> 462
Time elapsed in TRUNC: 0.00756341
Propagating t with norm 1
Memory usage : 11819256 834356 
Sweep has been running for 74.7391 seconds.

Sweep 20, optimizing sites 3 and 4
JCD used 1 iterations.
Time elapsed in JCD: 0.146278
Energy -1 -78.1201257632624
Sum: 140 -> 126
Time elapsed in TRUNC: 0.00109801
Propagating t with norm 1
Memory usage : 11819256 834356 
Sweep has been running for 74.9851 seconds.

Sweep 20, optimizing sites 2 and 3
JCD used 1 iterations.
Time elapsed in JCD: 0.0212915
Energy -1 -78.1201257632624
Sum: 40 -> 35
Time elapsed in TRUNC: 0.000195981
Propagating t with norm 1
Memory usage : 11819256 834356 
Sweep has been running for 75.0162 seconds.

Sweep 20, optimizing sites 1 and 2
JCD used 1 iterations.
Time elapsed in JCD: 0.00343923
Energy -1 -78.1201257632624
Sum: 12 -> 10
Time elapsed in TRUNC: 0.000155231
Propagating t with norm 1
Memory usage : 11819256 834356 
Sweep has been running for 75.0238 seconds.

Sweep 20, optimizing sites 0 and 1
JCD used 1 iterations.
Time elapsed in JCD: 0.000642645
Energy -1 -78.1201257632624
Sum: 4 -> 3
Time elapsed in TRUNC: 3.953e-05
Propagating t with norm 1
Memory usage : 11819256 834356 
Sweep has been running for 75.0256 seconds.

Sweep 21, optimizing sites 0 and 1
JCD used 1 iterations.
Time elapsed in JCD: 0.00102144
Energy 1 -78.1201257632624
Sum: 4 -> 3
Time elapsed in TRUNC: 5.419e-05
Propagating t with norm 1
Memory usage : 11819256 834356 
Sweep has been running for 0.00193031 seconds.

Sweep 21, optimizing sites 1 and 2
JCD used 1 iterations.
Time elapsed in JCD: 0.00353593
Energy 1 -78.1201257632624
Sum: 12 -> 10
Time elapsed in TRUNC: 8.9221e-05
Propagating t with norm 1
Memory usage : 11819256 834356 
Sweep has been running for 0.00677057 seconds.

Sweep 21, optimizing sites 2 and 3
JCD used 1 iterations.
Time elapsed in JCD: 0.0155923
Energy 1 -78.1201257632623
Sum: 40 -> 35
Time elapsed in TRUNC: 0.000168992
Propagating t with norm 1
Memory usage : 11819256 834356 
Sweep has been running for 0.0257445 seconds.

Sweep 21, optimizing sites 3 and 4
JCD used 1 iterations.
Time elapsed in JCD: 0.140119
Energy 1 -78.1201257632623
Sum: 140 -> 126
Time elapsed in TRUNC: 0.000974266
Propagating t with norm 1
Memory usage : 11819256 834356 
Sweep has been running for 0.181858 seconds.

Sweep 21, optimizing sites 4 and 5
JCD used 1 iterations.
Time elapsed in JCD: 0.703481
Energy 1 -78.1201257632624
Sum: 504 -> 462
Time elapsed in TRUNC: 0.00815033
Propagating t with norm 1
Memory usage : 11819256 834356 
Sweep has been running for 1.03467 seconds.

Sweep 21, optimizing sites 5 and 6
JCD used 7 iterations.
Time elapsed in JCD: 22.1609
Energy 1 -78.1201257659404
Sum: 1848 -> 501
Time elapsed in TRUNC: 0.0841491
Propagating t with norm 1
Memory usage : 11819256 834356 
Sweep has been running for 24.0749 seconds.

Sweep 21, optimizing sites 6 and 7
JCD used 5 iterations.
Time elapsed in JCD: 4.26163
Energy 1 -78.1201257655128
Sum: 504 -> 462
Time elapsed in TRUNC: 0.00819094
Propagating t with norm 1
Memory usage : 11819256 834356 
Sweep has been running for 29.2895 seconds.

Sweep 21, optimizing sites 7 and 8
JCD used 1 iterations.
Time elapsed in JCD: 0.285469
Energy 1 -78.1201257632692
Sum: 140 -> 126
Time elapsed in TRUNC: 0.00124543
Propagating t with norm 1
Memory usage : 11819256 834356 
Sweep has been running for 29.8163 seconds.

Sweep 21, optimizing sites 8 and 9
JCD used 1 iterations.
Time elapsed in JCD: 0.0373724
Energy 1 -78.1201257632695
Sum: 40 -> 35
Time elapsed in TRUNC: 0.000184071
Propagating t with norm 1
Memory usage : 11819256 834356 
Sweep has been running for 29.8811 seconds.

Sweep 21, optimizing sites 9 and 10
JCD used 1 iterations.
Time elapsed in JCD: 0.00809978
Energy 1 -78.1201257632694
Sum: 12 -> 10
Time elapsed in TRUNC: 9.6081e-05
Propagating t with norm 1
Memory usage : 11819256 834356 
Sweep has been running for 29.8952 seconds.

Sweep 21, optimizing sites 10 and 11
JCD used 1 iterations.
Time elapsed in JCD: 0.00143632
Energy 1 -78.1201257632695
Sum: 4 -> 3
Time elapsed in TRUNC: 8.816e-05
Propagating t with norm 1
Memory usage : 11819256 834356 
Sweep has been running for 29.8999 seconds.

Sweep 21, optimizing sites 10 and 11
JCD used 1 iterations.
Time elapsed in JCD: 0.00113976
Energy -1 -78.1201257632695
Sum: 4 -> 3
Time elapsed in TRUNC: 4.2981e-05
Propagating t with norm 1
Memory usage : 11819256 834356 
Sweep has been running for 29.9065 seconds.

Sweep 21, optimizing sites 9 and 10
JCD used 1 iterations.
Time elapsed in JCD: 0.00620862
Energy -1 -78.1201257632694
Sum: 12 -> 10
Time elapsed in TRUNC: 9.9911e-05
Propagating t with norm 1
Memory usage : 11819256 834356 
Sweep has been running for 29.9177 seconds.

Sweep 21, optimizing sites 8 and 9
JCD used 1 iterations.
Time elapsed in JCD: 0.0372543
Energy -1 -78.1201257632695
Sum: 40 -> 35
Time elapsed in TRUNC: 0.000160381
Propagating t with norm 1
Memory usage : 11819256 834356 
Sweep has been running for 29.9629 seconds.

Sweep 21, optimizing sites 7 and 8
JCD used 1 iterations.
Time elapsed in JCD: 0.268236
Energy -1 -78.1201257632693
Sum: 140 -> 126
Time elapsed in TRUNC: 0.00102151
Propagating t with norm 1
Memory usage : 11819256 834356 
Sweep has been running for 30.2548 seconds.

Sweep 21, optimizing sites 6 and 7
JCD used 1 iterations.
Time elapsed in JCD: 0.865738
Energy -1 -78.1201257632686
Sum: 504 -> 462
Time elapsed in TRUNC: 0.00904511
Propagating t with norm 1
Memory usage : 11819256 834356 
Sweep has been running for 31.292 seconds.

Sweep 21, optimizing sites 5 and 6
JCD used 7 iterations.
Time elapsed in JCD: 21.9551
Energy -1 -78.1201257654519
Sum: 1848 -> 501
Time elapsed in TRUNC: 0.0831485
Propagating t with norm 1
Memory usage : 11819256 845920 
Sweep has been running for 53.9255 seconds.

Sweep 21, optimizing sites 4 and 5
JCD used 5 iterations.
Time elapsed in JCD: 3.45286
Energy -1 -78.1201257624587
Sum: 504 -> 462
Time elapsed in TRUNC: 0.00785901
Propagating t with norm 1
Memory usage : 11819256 834356 
Sweep has been running for 57.9007 seconds.

Sweep 21, optimizing sites 3 and 4
JCD used 1 iterations.
Time elapsed in JCD: 0.138405
Energy -1 -78.1201257632623
Sum: 140 -> 126
Time elapsed in TRUNC: 0.000939607
Propagating t with norm 1
Memory usage : 11819256 834356 
Sweep has been running for 58.1314 seconds.

Sweep 21, optimizing sites 2 and 3
JCD used 1 iterations.
Time elapsed in JCD: 0.0223583
Energy -1 -78.1201257632624
Sum: 40 -> 35
Time elapsed in TRUNC: 0.000194461
Propagating t with norm 1
Memory usage : 11819256 834356 
Sweep has been running for 58.1644 seconds.

Sweep 21, optimizing sites 1 and 2
JCD used 1 iterations.
Time elapsed in JCD: 0.00466666
Energy -1 -78.1201257632624
Sum: 12 -> 10
Time elapsed in TRUNC: 8.6461e-05
Propagating t with norm 1
Memory usage : 11819256 834356 
Sweep has been running for 58.1722 seconds.

Sweep 21, optimizing sites 0 and 1
JCD used 1 iterations.
Time elapsed in JCD: 0.000782635
Energy -1 -78.1201257632624
Sum: 4 -> 3
Time elapsed in TRUNC: 3.0911e-05
Propagating t with norm 1
Memory usage : 11819256 834356 
Sweep has been running for 58.1747 seconds.

Sweep 22, optimizing sites 0 and 1
JCD used 1 iterations.
Time elapsed in JCD: 0.000872556
Energy 1 -78.1201257632624
Sum: 4 -> 3
Time elapsed in TRUNC: 3.983e-05
Propagating t with norm 1
Memory usage : 11819256 834356 
Sweep has been running for 0.0016246 seconds.

Sweep 22, optimizing sites 1 and 2
JCD used 1 iterations.
Time elapsed in JCD: 0.00404374
Energy 1 -78.1201257632624
Sum: 12 -> 10
Time elapsed in TRUNC: 8.697e-05
Propagating t with norm 1
Memory usage : 11819256 834356 
Sweep has been running for 0.00728238 seconds.

Sweep 22, optimizing sites 2 and 3
JCD used 1 iterations.
Time elapsed in JCD: 0.0175632
Energy 1 -78.1201257632624
Sum: 40 -> 35
Time elapsed in TRUNC: 0.000173881
Propagating t with norm 1
Memory usage : 11819256 834356 
Sweep has been running for 0.0289281 seconds.

Sweep 22, optimizing sites 3 and 4
JCD used 1 iterations.
Time elapsed in JCD: 0.140337
Energy 1 -78.1201257632624
Sum: 140 -> 126
Time elapsed in TRUNC: 0.000994057
Propagating t with norm 1
Memory usage : 11819256 834356 
Sweep has been running for 0.18578 seconds.

Sweep 22, optimizing sites 4 and 5
JCD used 1 iterations.
Time elapsed in JCD: 0.700544
Energy 1 -78.1201257632624
Sum: 504 -> 462
Time elapsed in TRUNC: 0.00770542
Propagating t with norm 1
Memory usage : 11819256 834356 
Sweep has been running for 1.04111 seconds.

Sweep 22, optimizing sites 5 and 6
JCD used 7 iterations.
Time elapsed in JCD: 21.9183
Energy 1 -78.120125767579
Sum: 1848 -> 501
Time elapsed in TRUNC: 0.0826825
Propagating t with norm 1
Memory usage : 11819256 834564 
Sweep has been running for 23.819 seconds.

Sweep 22, optimizing sites 6 and 7
JCD used 5 iterations.
Time elapsed in JCD: 4.34919
Energy 1 -78.1201257650276
Sum: 504 -> 462
Time elapsed in TRUNC: 0.00817786
Propagating t with norm 1
Memory usage : 11819256 834564 
Sweep has been running for 29.1284 seconds.

Sweep 22, optimizing sites 7 and 8
JCD used 1 iterations.
Time elapsed in JCD: 0.279347
Energy 1 -78.1201257632693
Sum: 140 -> 126
Time elapsed in TRUNC: 0.00118172
Propagating t with norm 1
Memory usage : 11819256 834564 
Sweep has been running for 29.6578 seconds.

Sweep 22, optimizing sites 8 and 9
JCD used 1 iterations.
Time elapsed in JCD: 0.0425164
Energy 1 -78.1201257632696
Sum: 40 -> 35
Time elapsed in TRUNC: 0.000192212
Propagating t with norm 1
Memory usage : 11819256 834564 
Sweep has been running for 29.7287 seconds.

Sweep 22, optimizing sites 9 and 10
JCD used 1 iterations.
Time elapsed in JCD: 0.0107988
Energy 1 -78.1201257632696
Sum: 12 -> 10
Time elapsed in TRUNC: 8.9001e-05
Propagating t with norm 1
Memory usage : 11819256 834564 
Sweep has been running for 29.7464 seconds.

Sweep 22, optimizing sites 10 and 11
JCD used 1 iterations.
Time elapsed in JCD: 0.00183976
Energy 1 -78.1201257632696
Sum: 4 -> 3
Time elapsed in TRUNC: 6.3991e-05
Propagating t with norm 1
Memory usage : 11819256 834564 
Sweep has been running for 29.7504 seconds.

Sweep 22, optimizing sites 10 and 11
JCD used 1 iterations.
Time elapsed in JCD: 0.00127454
Energy -1 -78.1201257632696
Sum: 4 -> 3
Time elapsed in TRUNC: 5.4831e-05
Propagating t with norm 1
Memory usage : 11819256 834564 
Sweep has been running for 29.7573 seconds.

Sweep 22, optimizing sites 9 and 10
JCD used 1 iterations.
Time elapsed in JCD: 0.00589796
Energy -1 -78.1201257632696
Sum: 12 -> 10
Time elapsed in TRUNC: 8.237e-05
Propagating t with norm 1
Memory usage : 11819256 834564 
Sweep has been running for 29.7681 seconds.

Sweep 22, optimizing sites 8 and 9
JCD used 1 iterations.
Time elapsed in JCD: 0.0338946
Energy -1 -78.1201257632696
Sum: 40 -> 35
Time elapsed in TRUNC: 0.000164541
Propagating t with norm 1
Memory usage : 11819256 834564 
Sweep has been running for 29.8099 seconds.

Sweep 22, optimizing sites 7 and 8
JCD used 1 iterations.
Time elapsed in JCD: 0.277801
Energy -1 -78.1201257632693
Sum: 140 -> 126
Time elapsed in TRUNC: 0.00131954
Propagating t with norm 1
Memory usage : 11819256 834564 
Sweep has been running for 30.1124 seconds.

Sweep 22, optimizing sites 6 and 7
JCD used 1 iterations.
Time elapsed in JCD: 0.874941
Energy -1 -78.1201257632687
Sum: 504 -> 462
Time elapsed in TRUNC: 0.00841552
Propagating t with norm 1
Memory usage : 11819256 834564 
Sweep has been running for 31.1533 seconds.

Sweep 22, optimizing sites 5 and 6
JCD used 7 iterations.
Time elapsed in JCD: 22.0593
Energy -1 -78.1201257670844
Sum: 1848 -> 501
Time elapsed in TRUNC: 0.0848881
Propagating t with norm 1
Memory usage : 11819256 834356 
Sweep has been running for 53.9005 seconds.

Sweep 22, optimizing sites 4 and 5
JCD used 5 iterations.
Time elapsed in JCD: 3.42841
Energy -1 -78.1201257626025
Sum: 504 -> 462
Time elapsed in TRUNC: 0.0073752
Propagating t with norm 1
Memory usage : 11819256 834356 
Sweep has been running for 57.8415 seconds.

Sweep 22, optimizing sites 3 and 4
JCD used 1 iterations.
Time elapsed in JCD: 0.139672
Energy -1 -78.1201257632624
Sum: 140 -> 126
Time elapsed in TRUNC: 0.000948817
Propagating t with norm 1
Memory usage : 11819256 834356 
Sweep has been running for 58.0705 seconds.

Sweep 22, optimizing sites 2 and 3
JCD used 1 iterations.
Time elapsed in JCD: 0.0205422
Energy -1 -78.1201257632624
Sum: 40 -> 35
Time elapsed in TRUNC: 0.000188132
Propagating t with norm 1
Memory usage : 11819256 834356 
Sweep has been running for 58.101 seconds.

Sweep 22, optimizing sites 1 and 2
JCD used 1 iterations.
Time elapsed in JCD: 0.00542456
Energy -1 -78.1201257632625
Sum: 12 -> 10
Time elapsed in TRUNC: 0.000101801
Propagating t with norm 1
Memory usage : 11819256 834356 
Sweep has been running for 58.11 seconds.

Sweep 22, optimizing sites 0 and 1
JCD used 1 iterations.
Time elapsed in JCD: 0.000598804
Energy -1 -78.1201257632625
Sum: 4 -> 3
Time elapsed in TRUNC: 3.121e-05
Propagating t with norm 1
Memory usage : 11819256 834356 
Sweep has been running for 58.1122 seconds.

Sweep 23, optimizing sites 0 and 1
JCD used 1 iterations.
Time elapsed in JCD: 0.000906127
Energy 1 -78.1201257632625
Sum: 4 -> 3
Time elapsed in TRUNC: 3.945e-05
Propagating t with norm 1
Memory usage : 11819256 834356 
Sweep has been running for 0.00186041 seconds.

Sweep 23, optimizing sites 1 and 2
JCD used 1 iterations.
Time elapsed in JCD: 0.00375725
Energy 1 -78.1201257632625
Sum: 12 -> 10
Time elapsed in TRUNC: 7.9911e-05
Propagating t with norm 1
Memory usage : 11819256 834356 
Sweep has been running for 0.00707924 seconds.

Sweep 23, optimizing sites 2 and 3
JCD used 1 iterations.
Time elapsed in JCD: 0.0165441
Energy 1 -78.1201257632624
Sum: 40 -> 35
Time elapsed in TRUNC: 0.000185102
Propagating t with norm 1
Memory usage : 11819256 834356 
Sweep has been running for 0.0269596 seconds.

Sweep 23, optimizing sites 3 and 4
JCD used 1 iterations.
Time elapsed in JCD: 0.136551
Energy 1 -78.1201257632623
Sum: 140 -> 126
Time elapsed in TRUNC: 0.000983107
Propagating t with norm 1
Memory usage : 11819256 834356 
Sweep has been running for 0.180115 seconds.

Sweep 23, optimizing sites 4 and 5
JCD used 1 iterations.
Time elapsed in JCD: 0.684615
Energy 1 -78.1201257632626
Sum: 504 -> 462
Time elapsed in TRUNC: 0.00757568
Propagating t with norm 1
Memory usage : 11819256 834356 
Sweep has been running for 1.0168 seconds.

Sweep 23, optimizing sites 5 and 6
JCD used 7 iterations.
Time elapsed in JCD: 21.8236
Energy 1 -78.1201257673717
Sum: 1848 -> 501
Time elapsed in TRUNC: 0.0836332
Propagating t with norm 1
Memory usage : 11819256 834816 
Sweep has been running for 23.721 seconds.

Sweep 23, optimizing sites 6 and 7
JCD used 5 iterations.
Time elapsed in JCD: 4.28478
Energy 1 -78.1201257650016
Sum: 504 -> 462
Time elapsed in TRUNC: 0.00855731
Propagating t with norm 1
Memory usage : 11819256 834816 
Sweep has been running for 28.964 seconds.

Sweep 23, optimizing sites 7 and 8
JCD used 1 iterations.
Time elapsed in JCD: 0.282638
Energy 1 -78.1201257632693
Sum: 140 -> 126
Time elapsed in TRUNC: 0.0010462
Propagating t with norm 1
Memory usage : 11819256 834816 
Sweep has been running for 29.4795 seconds.

Sweep 23, optimizing sites 8 and 9
JCD used 1 iterations.
Time elapsed in JCD: 0.044091
Energy 1 -78.1201257632696
Sum: 40 -> 35
Time elapsed in TRUNC: 0.000204392
Propagating t with norm 1
Memory usage : 11819256 834816 
Sweep has been running for 29.5505 seconds.

Sweep 23, optimizing sites 9 and 10
JCD used 1 iterations.
Time elapsed in JCD: 0.00916915
Energy 1 -78.1201257632695
Sum: 12 -> 10
Time elapsed in TRUNC: 0.000118461
Propagating t with norm 1
Memory usage : 11819256 834816 
Sweep has been running for 29.5662 seconds.

Sweep 23, optimizing sites 10 and 11
JCD used 1 iterations.
Time elapsed in JCD: 0.0018495
Energy 1 -78.1201257632695
Sum: 4 -> 3
Time elapsed in TRUNC: 0.000249292
Propagating t with norm 1
Memory usage : 11819256 834816 
Sweep has been running for 29.5709 seconds.

Sweep 23, optimizing sites 10 and 11
JCD used 1 iterations.
Time elapsed in JCD: 0.000971857
Energy -1 -78.1201257632695
Sum: 4 -> 3
Time elapsed in TRUNC: 3.263e-05
Propagating t with norm 1
Memory usage : 11819256 834816 
Sweep has been running for 29.5773 seconds.

Sweep 23, optimizing sites 9 and 10
JCD used 1 iterations.
Time elapsed in JCD: 0.00557627
Energy -1 -78.1201257632695
Sum: 12 -> 10
Time elapsed in TRUNC: 8.1791e-05
Propagating t with norm 1
Memory usage : 11819256 834816 
Sweep has been running for 29.5879 seconds.

Sweep 23, optimizing sites 8 and 9
JCD used 1 iterations.
Time elapsed in JCD: 0.0382636
Energy -1 -78.1201257632696
Sum: 40 -> 35
Time elapsed in TRUNC: 0.000321002
Propagating t with norm 1
Memory usage : 11819256 834816 
Sweep has been running for 29.635 seconds.

Sweep 23, optimizing sites 7 and 8
JCD used 1 iterations.
Time elapsed in JCD: 0.283699
Energy -1 -78.1201257632693
Sum: 140 -> 126
Time elapsed in TRUNC: 0.00102231
Propagating t with norm 1
Memory usage : 11819256 834816 
Sweep has been running for 29.945 seconds.

Sweep 23, optimizing sites 6 and 7
JCD used 1 iterations.
Time elapsed in JCD: 0.873268
Energy -1 -78.1201257632688
Sum: 504 -> 462
Time elapsed in TRUNC: 0.00870764
Propagating t with norm 1
Memory usage : 11819256 834816 
Sweep has been running for 30.9931 seconds.

Sweep 23, optimizing sites 5 and 6
JCD used 7 iterations.
Time elapsed in JCD: 22.2409
Energy -1 -78.12012576715
Sum: 1848 -> 501
Time elapsed in TRUNC: 0.0829757
Propagating t with norm 1
Memory usage : 11819256 834356 
Sweep has been running for 53.9275 seconds.

Sweep 23, optimizing sites 4 and 5
JCD used 5 iterations.
Time elapsed in JCD: 3.50045
Energy -1 -78.1201257626085
Sum: 504 -> 462
Time elapsed in TRUNC: 0.00771396
Propagating t with norm 1
Memory usage : 11819256 834356 
Sweep has been running for 57.9461 seconds.

Sweep 23, optimizing sites 3 and 4
JCD used 1 iterations.
Time elapsed in JCD: 0.148189
Energy -1 -78.1201257632623
Sum: 140 -> 126
Time elapsed in TRUNC: 0.00117716
Propagating t with norm 1
Memory usage : 11819256 834356 
Sweep has been running for 58.1914 seconds.

Sweep 23, optimizing sites 2 and 3
JCD used 1 iterations.
Time elapsed in JCD: 0.0233482
Energy -1 -78.1201257632624
Sum: 40 -> 35
Time elapsed in TRUNC: 0.000382873
Propagating t with norm 1
Memory usage : 11819256 834356 
Sweep has been running for 58.226 seconds.

Sweep 23, optimizing sites 1 and 2
JCD used 1 iterations.
Time elapsed in JCD: 0.00626149
Energy -1 -78.1201257632625
Sum: 12 -> 10
Time elapsed in TRUNC: 9.3071e-05
Propagating t with norm 1
Memory usage : 11819256 834356 
Sweep has been running for 58.2359 seconds.

Sweep 23, optimizing sites 0 and 1
JCD used 1 iterations.
Time elapsed in JCD: 0.000851906
Energy -1 -78.1201257632625
Sum: 4 -> 3
Time elapsed in TRUNC: 3.078e-05
Propagating t with norm 1
Memory usage : 11819256 834356 
Sweep has been running for 58.2386 seconds.
Measuring oneptdm
 measuring in su2 version of tagged_nrank 
Measuring twoptdm
 measuring in su2 version of tagged_nrank 
The hamiltonian will contain 10451 terms
MPO Bond 0: 96/35
MPO Bond 1: 102/38
MPO Bond 2: 116/45
MPO Bond 3: 138/56
MPO Bond 4: 168/71
MPO Bond 5: 206/90
MPO Bond 6: 252/113
MPO Bond 7: 306/140
MPO Bond 8: 368/171
MPO Bond 9: 438/206
MPO Bond 10: 10/3
MPO Bond 11: 1/0
This binary contains symmetries: 2u1pg su2u1pg 
DMRG version 3.1.1
Temporary storage enabled in ./tmp//storage_temp_a367ad59c080/
Will start again at site -1 in sweep 24
Loading checkpoint from /public/home/xzzeng/work/HQC/Ethene/autoCAS/autocas_project/final/autocas_project.checkpoint_state.0.h5
Parameters:
               Sites: 12
           Electrons: 12
                Spin: 0
               Irrep: 0
The hamiltonian will contain 10451 terms
MPO Bond 0: 96/35
MPO Bond 1: 102/38
MPO Bond 2: 116/45
MPO Bond 3: 138/56
MPO Bond 4: 168/71
MPO Bond 5: 206/90
MPO Bond 6: 252/113
MPO Bond 7: 306/140
MPO Bond 8: 368/171
MPO Bond 9: 438/206
MPO Bond 10: 10/3
MPO Bond 11: 1/0
MPS initialization has finished...
Expecting 0 states to orthogonalize to.
Boundaries are partially initialized...
Boundaries are fully initialized...
Done init_left_right
TSMPOTensor: 1x102,  102 operators, 102 tags
TSMPOTensor: 96x116,  391 operators, 294 tags
TSMPOTensor: 102x138,  655 operators, 532 tags
TSMPOTensor: 116x168,  955 operators, 792 tags
TSMPOTensor: 138x206,  1255 operators, 1040 tags
TSMPOTensor: 168x252,  1519 operators, 1240 tags
TSMPOTensor: 206x306,  1711 operators, 1356 tags
TSMPOTensor: 252x368,  1795 operators, 1352 tags
TSMPOTensor: 306x438,  1735 operators, 1192 tags
TSMPOTensor: 368x10,  989 operators, 824 tags
TSMPOTensor: 438x1,  438 operators, 242 tags
Total number of tags: 8966

Sweep 24, optimizing sites 0 and 1
JCD used 7 iterations.
Time elapsed in JCD: 0.00354125
Energy 1 -78.1201415043359
Sum: 4 -> 3
Time elapsed in TRUNC: 4.346e-05
Propagating t with norm 1
Memory usage : 11819256 834356 
Sweep has been running for 0.00443534 seconds.

Sweep 24, optimizing sites 1 and 2
JCD used 10 iterations.
Time elapsed in JCD: 0.0286093
Energy 1 -78.1201420616186
Sum: 12 -> 10
Time elapsed in TRUNC: 6.871e-05
Propagating t with norm 1
Memory usage : 11819256 834356 
Sweep has been running for 0.0421106 seconds.

Sweep 24, optimizing sites 2 and 3
JCD used 10 iterations.
Time elapsed in JCD: 0.149734
Energy 1 -78.1201449883648
Sum: 40 -> 35
Time elapsed in TRUNC: 0.000159641
Propagating t with norm 1
Memory usage : 11819256 834356 
Sweep has been running for 0.195228 seconds.

Sweep 24, optimizing sites 3 and 4
JCD used 10 iterations.
Time elapsed in JCD: 1.30909
Energy 1 -78.1201478523822
Sum: 140 -> 126
Time elapsed in TRUNC: 0.000877636
Propagating t with norm 1
Memory usage : 11819256 834356 
Sweep has been running for 1.51791 seconds.

Sweep 24, optimizing sites 4 and 5
JCD used 10 iterations.
Time elapsed in JCD: 6.6746
Energy 1 -78.120148225566
Sum: 504 -> 462
Time elapsed in TRUNC: 0.00729977
Propagating t with norm 1
Memory usage : 11819256 834356 
Sweep has been running for 8.33687 seconds.

Sweep 24, optimizing sites 5 and 6
JCD used 10 iterations.
Time elapsed in JCD: 30.8845
Energy 1 -78.1201482476498
Sum: 1848 -> 501
Time elapsed in TRUNC: 0.082192
Propagating t with norm 1
Memory usage : 11819256 834012 
Sweep has been running for 40.0821 seconds.

Sweep 24, optimizing sites 6 and 7
JCD used 5 iterations.
Time elapsed in JCD: 4.21947
Energy 1 -78.1201482448244
Sum: 504 -> 462
Time elapsed in TRUNC: 0.00816098
Propagating t with norm 1
Memory usage : 11819256 834012 
Sweep has been running for 45.2428 seconds.

Sweep 24, optimizing sites 7 and 8
JCD used 1 iterations.
Time elapsed in JCD: 0.270257
Energy 1 -78.1201482462099
Sum: 140 -> 126
Time elapsed in TRUNC: 0.000956956
Propagating t with norm 1
Memory usage : 11819256 834012 
Sweep has been running for 45.7425 seconds.

Sweep 24, optimizing sites 8 and 9
JCD used 1 iterations.
Time elapsed in JCD: 0.0369057
Energy 1 -78.1201482462102
Sum: 40 -> 35
Time elapsed in TRUNC: 0.000178011
Propagating t with norm 1
Memory usage : 11819256 834012 
Sweep has been running for 45.8053 seconds.

Sweep 24, optimizing sites 9 and 10
JCD used 1 iterations.
Time elapsed in JCD: 0.00758888
Energy 1 -78.1201482462102
Sum: 12 -> 10
Time elapsed in TRUNC: 8.0651e-05
Propagating t with norm 1
Memory usage : 11819256 834012 
Sweep has been running for 45.8188 seconds.

Sweep 24, optimizing sites 10 and 11
JCD used 1 iterations.
Time elapsed in JCD: 0.00161086
Energy 1 -78.1201482462102
Sum: 4 -> 3
Time elapsed in TRUNC: 3.287e-05
Propagating t with norm 1
Memory usage : 11819256 834012 
Sweep has been running for 45.8218 seconds.

Sweep 24, optimizing sites 10 and 11
JCD used 1 iterations.
Time elapsed in JCD: 0.0011317
Energy -1 -78.1201482462102
Sum: 4 -> 3
Time elapsed in TRUNC: 5.356e-05
Propagating t with norm 1
Memory usage : 11819256 834012 
Sweep has been running for 45.8284 seconds.

Sweep 24, optimizing sites 9 and 10
JCD used 1 iterations.
Time elapsed in JCD: 0.00541351
Energy -1 -78.1201482462102
Sum: 12 -> 10
Time elapsed in TRUNC: 7.456e-05
Propagating t with norm 1
Memory usage : 11819256 834012 
Sweep has been running for 45.8384 seconds.

Sweep 24, optimizing sites 8 and 9
JCD used 1 iterations.
Time elapsed in JCD: 0.0334555
Energy -1 -78.1201482462103
Sum: 40 -> 35
Time elapsed in TRUNC: 0.000155431
Propagating t with norm 1
Memory usage : 11819256 834012 
Sweep has been running for 45.8792 seconds.

Sweep 24, optimizing sites 7 and 8
JCD used 1 iterations.
Time elapsed in JCD: 0.276367
Energy -1 -78.12014824621
Sum: 140 -> 126
Time elapsed in TRUNC: 0.000996157
Propagating t with norm 1
Memory usage : 11819256 834012 
Sweep has been running for 46.1784 seconds.

Sweep 24, optimizing sites 6 and 7
JCD used 1 iterations.
Time elapsed in JCD: 0.854949
Energy -1 -78.1201482462092
Sum: 504 -> 462
Time elapsed in TRUNC: 0.00896337
Propagating t with norm 1
Memory usage : 11819256 834012 
Sweep has been running for 47.2028 seconds.

Sweep 24, optimizing sites 5 and 6
JCD used 7 iterations.
Time elapsed in JCD: 21.9847
Energy -1 -78.1201482507688
Sum: 1848 -> 501
Time elapsed in TRUNC: 0.0821331
Propagating t with norm 1
Memory usage : 11819256 834012 
Sweep has been running for 69.8672 seconds.

Sweep 24, optimizing sites 4 and 5
JCD used 5 iterations.
Time elapsed in JCD: 3.46856
Energy -1 -78.120148246757
Sum: 504 -> 462
Time elapsed in TRUNC: 0.00733157
Propagating t with norm 1
Memory usage : 11819256 834012 
Sweep has been running for 73.8523 seconds.

Sweep 24, optimizing sites 3 and 4
JCD used 1 iterations.
Time elapsed in JCD: 0.148221
Energy -1 -78.1201482462029
Sum: 140 -> 126
Time elapsed in TRUNC: 0.00131891
Propagating t with norm 1
Memory usage : 11819256 834012 
Sweep has been running for 74.0956 seconds.

Sweep 24, optimizing sites 2 and 3
JCD used 1 iterations.
Time elapsed in JCD: 0.0209018
Energy -1 -78.120148246203
Sum: 40 -> 35
Time elapsed in TRUNC: 0.000369353
Propagating t with norm 1
Memory usage : 11819256 834012 
Sweep has been running for 74.1267 seconds.

Sweep 24, optimizing sites 1 and 2
JCD used 1 iterations.
Time elapsed in JCD: 0.0057427
Energy -1 -78.120148246203
Sum: 12 -> 10
Time elapsed in TRUNC: 8.252e-05
Propagating t with norm 1
Memory usage : 11819256 834012 
Sweep has been running for 74.1354 seconds.

Sweep 24, optimizing sites 0 and 1
JCD used 1 iterations.
Time elapsed in JCD: 0.00116969
Energy -1 -78.1201482462029
Sum: 4 -> 3
Time elapsed in TRUNC: 5.197e-05
Propagating t with norm 1
Memory usage : 11819256 834012 
Sweep has been running for 74.138 seconds.

Sweep 25, optimizing sites 0 and 1
JCD used 1 iterations.
Time elapsed in JCD: 0.00113247
Energy 1 -78.1201482462029
Sum: 4 -> 3
Time elapsed in TRUNC: 5.668e-05
Propagating t with norm 1
Memory usage : 11819256 772052 
Sweep has been running for 0.00199865 seconds.

Sweep 25, optimizing sites 1 and 2
JCD used 1 iterations.
Time elapsed in JCD: 0.00326549
Energy 1 -78.120148246203
Sum: 12 -> 10
Time elapsed in TRUNC: 8.758e-05
Propagating t with norm 1
Memory usage : 11819256 772052 
Sweep has been running for 0.0069109 seconds.

Sweep 25, optimizing sites 2 and 3
JCD used 1 iterations.
Time elapsed in JCD: 0.0173222
Energy 1 -78.120148246203
Sum: 40 -> 35
Time elapsed in TRUNC: 0.000169411
Propagating t with norm 1
Memory usage : 11819256 772052 
Sweep has been running for 0.0279747 seconds.

Sweep 25, optimizing sites 3 and 4
JCD used 1 iterations.
Time elapsed in JCD: 0.139224
Energy 1 -78.1201482462028
Sum: 140 -> 126
Time elapsed in TRUNC: 0.000986176
Propagating t with norm 1
Memory usage : 11819256 772052 
Sweep has been running for 0.18467 seconds.

Sweep 25, optimizing sites 4 and 5
JCD used 1 iterations.
Time elapsed in JCD: 0.717239
Energy 1 -78.1201482462033
Sum: 504 -> 462
Time elapsed in TRUNC: 0.00764575
Propagating t with norm 1
Memory usage : 11819256 772052 
Sweep has been running for 1.06022 seconds.

Sweep 25, optimizing sites 5 and 6
JCD used 7 iterations.
Time elapsed in JCD: 22.0316
Energy 1 -78.1201482488152
Sum: 1848 -> 501
Time elapsed in TRUNC: 0.0838689
Propagating t with norm 1
Memory usage : 11819256 772052 
Sweep has been running for 23.9699 seconds.

Sweep 25, optimizing sites 6 and 7
JCD used 5 iterations.
Time elapsed in JCD: 4.29093
Energy 1 -78.1201482491481
Sum: 504 -> 462
Time elapsed in TRUNC: 0.00837189
Propagating t with norm 1
Memory usage : 11819256 772052 
Sweep has been running for 29.2218 seconds.

Sweep 25, optimizing sites 7 and 8
JCD used 1 iterations.
Time elapsed in JCD: 0.276466
Energy 1 -78.1201482462101
Sum: 140 -> 126
Time elapsed in TRUNC: 0.000974436
Propagating t with norm 1
Memory usage : 11819256 772052 
Sweep has been running for 29.7339 seconds.

Sweep 25, optimizing sites 8 and 9
JCD used 1 iterations.
Time elapsed in JCD: 0.0434708
Energy 1 -78.1201482462103
Sum: 40 -> 35
Time elapsed in TRUNC: 0.000192561
Propagating t with norm 1
Memory usage : 11819256 772052 
Sweep has been running for 29.8029 seconds.

Sweep 25, optimizing sites 9 and 10
JCD used 1 iterations.
Time elapsed in JCD: 0.00955828
Energy 1 -78.1201482462102
Sum: 12 -> 10
Time elapsed in TRUNC: 8.845e-05
Propagating t with norm 1
Memory usage : 11819256 772052 
Sweep has been running for 29.8186 seconds.

Sweep 25, optimizing sites 10 and 11
JCD used 1 iterations.
Time elapsed in JCD: 0.00123893
Energy 1 -78.1201482462103
Sum: 4 -> 3
Time elapsed in TRUNC: 3.233e-05
Propagating t with norm 1
Memory usage : 11819256 772052 
Sweep has been running for 29.823 seconds.

Sweep 25, optimizing sites 10 and 11
JCD used 1 iterations.
Time elapsed in JCD: 0.00125016
Energy -1 -78.1201482462103
Sum: 4 -> 3
Time elapsed in TRUNC: 3.4181e-05
Propagating t with norm 1
Memory usage : 11819256 772052 
Sweep has been running for 29.8297 seconds.

Sweep 25, optimizing sites 9 and 10
JCD used 1 iterations.
Time elapsed in JCD: 0.00538467
Energy -1 -78.1201482462102
Sum: 12 -> 10
Time elapsed in TRUNC: 7.468e-05
Propagating t with norm 1
Memory usage : 11819256 772052 
Sweep has been running for 29.8401 seconds.

Sweep 25, optimizing sites 8 and 9
JCD used 1 iterations.
Time elapsed in JCD: 0.0346598
Energy -1 -78.1201482462103
Sum: 40 -> 35
Time elapsed in TRUNC: 0.000163601
Propagating t with norm 1
Memory usage : 11819256 772052 
Sweep has been running for 29.8827 seconds.

Sweep 25, optimizing sites 7 and 8
JCD used 1 iterations.
Time elapsed in JCD: 0.280766
Energy -1 -78.1201482462101
Sum: 140 -> 126
Time elapsed in TRUNC: 0.00101498
Propagating t with norm 1
Memory usage : 11819256 772052 
Sweep has been running for 30.1911 seconds.

Sweep 25, optimizing sites 6 and 7
JCD used 1 iterations.
Time elapsed in JCD: 0.870762
Energy -1 -78.1201482462094
Sum: 504 -> 462
Time elapsed in TRUNC: 0.00944272
Propagating t with norm 1
Memory usage : 11819256 772052 
Sweep has been running for 31.2361 seconds.

Sweep 25, optimizing sites 5 and 6
JCD used 7 iterations.
Time elapsed in JCD: 21.9155
Energy -1 -78.1201482506627
Sum: 1848 -> 501
Time elapsed in TRUNC: 0.0840315
Propagating t with norm 1
Memory usage : 11819256 771984 
Sweep has been running for 53.8426 seconds.

Sweep 25, optimizing sites 4 and 5
JCD used 5 iterations.
Time elapsed in JCD: 3.43854
Energy -1 -78.1201482480463
Sum: 504 -> 462
Time elapsed in TRUNC: 0.00737753
Propagating t with norm 1
Memory usage : 11819256 771984 
Sweep has been running for 57.7954 seconds.

Sweep 25, optimizing sites 3 and 4
JCD used 1 iterations.
Time elapsed in JCD: 0.142831
Energy -1 -78.1201482462029
Sum: 140 -> 126
Time elapsed in TRUNC: 0.000962956
Propagating t with norm 1
Memory usage : 11819256 771984 
Sweep has been running for 58.0319 seconds.

Sweep 25, optimizing sites 2 and 3
JCD used 1 iterations.
Time elapsed in JCD: 0.0215646
Energy -1 -78.1201482462029
Sum: 40 -> 35
Time elapsed in TRUNC: 0.000197661
Propagating t with norm 1
Memory usage : 11819256 771984 
Sweep has been running for 58.0645 seconds.

Sweep 25, optimizing sites 1 and 2
JCD used 1 iterations.
Time elapsed in JCD: 0.00402803
Energy -1 -78.1201482462029
Sum: 12 -> 10
Time elapsed in TRUNC: 0.000234081
Propagating t with norm 1
Memory usage : 11819256 771984 
Sweep has been running for 58.0729 seconds.

Sweep 25, optimizing sites 0 and 1
JCD used 1 iterations.
Time elapsed in JCD: 0.000625554
Energy -1 -78.1201482462029
Sum: 4 -> 3
Time elapsed in TRUNC: 3.1631e-05
Propagating t with norm 1
Memory usage : 11819256 771984 
Sweep has been running for 58.0747 seconds.
Measuring oneptdm
 measuring in su2 version of tagged_nrank 
Measuring twoptdm
 measuring in su2 version of tagged_nrank 
The hamiltonian will contain 10449 terms
MPO Bond 0: 96/35
MPO Bond 1: 102/38
MPO Bond 2: 116/45
MPO Bond 3: 138/56
MPO Bond 4: 168/71
MPO Bond 5: 206/90
MPO Bond 6: 252/113
MPO Bond 7: 306/140
MPO Bond 8: 368/171
MPO Bond 9: 438/206
MPO Bond 10: 10/3
MPO Bond 11: 1/0
This binary contains symmetries: 2u1pg su2u1pg 
DMRG version 3.1.1
Temporary storage enabled in ./tmp//storage_temp_555a2af7fbab/
Will start again at site -1 in sweep 26
Loading checkpoint from /public/home/xzzeng/work/HQC/Ethene/autoCAS/autocas_project/final/autocas_project.checkpoint_state.0.h5
Parameters:
               Sites: 12
           Electrons: 12
                Spin: 0
               Irrep: 0
The hamiltonian will contain 10449 terms
MPO Bond 0: 96/35
MPO Bond 1: 102/38
MPO Bond 2: 116/45
MPO Bond 3: 138/56
MPO Bond 4: 168/71
MPO Bond 5: 206/90
MPO Bond 6: 252/113
MPO Bond 7: 306/140
MPO Bond 8: 368/171
MPO Bond 9: 438/206
MPO Bond 10: 10/3
MPO Bond 11: 1/0
MPS initialization has finished...
Expecting 0 states to orthogonalize to.
Boundaries are partially initialized...
Boundaries are fully initialized...
Done init_left_right
TSMPOTensor: 1x102,  102 operators, 102 tags
TSMPOTensor: 96x116,  391 operators, 294 tags
TSMPOTensor: 102x138,  655 operators, 532 tags
TSMPOTensor: 116x168,  955 operators, 792 tags
TSMPOTensor: 138x206,  1255 operators, 1040 tags
TSMPOTensor: 168x252,  1519 operators, 1240 tags
TSMPOTensor: 206x306,  1711 operators, 1356 tags
TSMPOTensor: 252x368,  1795 operators, 1352 tags
TSMPOTensor: 306x438,  1735 operators, 1192 tags
TSMPOTensor: 368x10,  989 operators, 824 tags
TSMPOTensor: 438x1,  438 operators, 242 tags
Total number of tags: 8966

Sweep 26, optimizing sites 0 and 1
JCD used 7 iterations.
Time elapsed in JCD: 0.00334413
Energy 1 -78.1201592544441
Sum: 4 -> 3
Time elapsed in TRUNC: 4.215e-05
Propagating t with norm 1
Memory usage : 11819256 835576 
Sweep has been running for 0.00423248 seconds.

Sweep 26, optimizing sites 1 and 2
JCD used 10 iterations.
Time elapsed in JCD: 0.028361
Energy 1 -78.1201596545016
Sum: 12 -> 10
Time elapsed in TRUNC: 6.714e-05
Propagating t with norm 1
Memory usage : 11819256 835576 
Sweep has been running for 0.0335848 seconds.

Sweep 26, optimizing sites 2 and 3
JCD used 10 iterations.
Time elapsed in JCD: 0.14615
Energy 1 -78.120160852719
Sum: 40 -> 35
Time elapsed in TRUNC: 0.000164461
Propagating t with norm 1
Memory usage : 11819256 835576 
Sweep has been running for 0.182887 seconds.

Sweep 26, optimizing sites 3 and 4
JCD used 10 iterations.
Time elapsed in JCD: 1.28188
Energy 1 -78.1201621316277
Sum: 140 -> 126
Time elapsed in TRUNC: 0.000888747
Propagating t with norm 1
Memory usage : 11819256 835576 
Sweep has been running for 1.47894 seconds.

Sweep 26, optimizing sites 4 and 5
JCD used 10 iterations.
Time elapsed in JCD: 6.69422
Energy 1 -78.1201622957579
Sum: 504 -> 462
Time elapsed in TRUNC: 0.00719698
Propagating t with norm 1
Memory usage : 11819256 835576 
Sweep has been running for 8.31726 seconds.

Sweep 26, optimizing sites 5 and 6
JCD used 10 iterations.
Time elapsed in JCD: 31.2009
Energy 1 -78.1201623082095
Sum: 1848 -> 501
Time elapsed in TRUNC: 0.0835721
Propagating t with norm 1
Memory usage : 11819256 882912 
Sweep has been running for 40.3699 seconds.

Sweep 26, optimizing sites 6 and 7
JCD used 5 iterations.
Time elapsed in JCD: 4.15674
Energy 1 -78.1201622999755
Sum: 504 -> 462
Time elapsed in TRUNC: 0.00810553
Propagating t with norm 1
Memory usage : 11819256 882912 
Sweep has been running for 45.4505 seconds.

Sweep 26, optimizing sites 7 and 8
JCD used 1 iterations.
Time elapsed in JCD: 0.263331
Energy 1 -78.1201623028655
Sum: 140 -> 126
Time elapsed in TRUNC: 0.000980707
Propagating t with norm 1
Memory usage : 11819256 882912 
Sweep has been running for 45.9368 seconds.

Sweep 26, optimizing sites 8 and 9
JCD used 1 iterations.
Time elapsed in JCD: 0.0377895
Energy 1 -78.1201623028658
Sum: 40 -> 35
Time elapsed in TRUNC: 0.000183561
Propagating t with norm 1
Memory usage : 11819256 882912 
Sweep has been running for 45.999 seconds.

Sweep 26, optimizing sites 9 and 10
JCD used 1 iterations.
Time elapsed in JCD: 0.0067202
Energy 1 -78.1201623028658
Sum: 12 -> 10
Time elapsed in TRUNC: 8.406e-05
Propagating t with norm 1
Memory usage : 11819256 882912 
Sweep has been running for 46.0111 seconds.

Sweep 26, optimizing sites 10 and 11
JCD used 1 iterations.
Time elapsed in JCD: 0.00107466
Energy 1 -78.1201623028658
Sum: 4 -> 3
Time elapsed in TRUNC: 5.2721e-05
Propagating t with norm 1
Memory usage : 11819256 882912 
Sweep has been running for 46.0147 seconds.

Sweep 26, optimizing sites 10 and 11
JCD used 1 iterations.
Time elapsed in JCD: 0.000958137
Energy -1 -78.1201623028658
Sum: 4 -> 3
Time elapsed in TRUNC: 5.256e-05
Propagating t with norm 1
Memory usage : 11819256 882912 
Sweep has been running for 46.023 seconds.

Sweep 26, optimizing sites 9 and 10
JCD used 1 iterations.
Time elapsed in JCD: 0.00585923
Energy -1 -78.1201623028657
Sum: 12 -> 10
Time elapsed in TRUNC: 8.5071e-05
Propagating t with norm 1
Memory usage : 11819256 882912 
Sweep has been running for 46.0336 seconds.

Sweep 26, optimizing sites 8 and 9
JCD used 1 iterations.
Time elapsed in JCD: 0.0351048
Energy -1 -78.1201623028657
Sum: 40 -> 35
Time elapsed in TRUNC: 0.000186432
Propagating t with norm 1
Memory usage : 11819256 882912 
Sweep has been running for 46.0767 seconds.

Sweep 26, optimizing sites 7 and 8
JCD used 1 iterations.
Time elapsed in JCD: 0.272538
Energy -1 -78.1201623028655
Sum: 140 -> 126
Time elapsed in TRUNC: 0.00119915
Propagating t with norm 1
Memory usage : 11819256 882912 
Sweep has been running for 46.3746 seconds.

Sweep 26, optimizing sites 6 and 7
JCD used 1 iterations.
Time elapsed in JCD: 0.874707
Energy -1 -78.1201623028648
Sum: 504 -> 462
Time elapsed in TRUNC: 0.00877805
Propagating t with norm 1
Memory usage : 11819256 882912 
Sweep has been running for 47.4284 seconds.

Sweep 26, optimizing sites 5 and 6
JCD used 7 iterations.
Time elapsed in JCD: 21.9914
Energy -1 -78.1201623063667
Sum: 1848 -> 501
Time elapsed in TRUNC: 0.0823369
Propagating t with norm 1
Memory usage : 11819256 882912 
Sweep has been running for 70.0811 seconds.

Sweep 26, optimizing sites 4 and 5
JCD used 5 iterations.
Time elapsed in JCD: 3.47344
Energy -1 -78.1201623038823
Sum: 504 -> 462
Time elapsed in TRUNC: 0.00767135
Propagating t with norm 1
Memory usage : 11819256 882912 
Sweep has been running for 74.0734 seconds.

Sweep 26, optimizing sites 3 and 4
JCD used 1 iterations.
Time elapsed in JCD: 0.133074
Energy -1 -78.1201623028581
Sum: 140 -> 126
Time elapsed in TRUNC: 0.000957366
Propagating t with norm 1
Memory usage : 11819256 882912 
Sweep has been running for 74.297 seconds.

Sweep 26, optimizing sites 2 and 3
JCD used 1 iterations.
Time elapsed in JCD: 0.019055
Energy -1 -78.1201623028581
Sum: 40 -> 35
Time elapsed in TRUNC: 0.000188831
Propagating t with norm 1
Memory usage : 11819256 882912 
Sweep has been running for 74.3261 seconds.

Sweep 26, optimizing sites 1 and 2
JCD used 1 iterations.
Time elapsed in JCD: 0.00496254
Energy -1 -78.1201623028582
Sum: 12 -> 10
Time elapsed in TRUNC: 0.000203422
Propagating t with norm 1
Memory usage : 11819256 882912 
Sweep has been running for 74.3343 seconds.

Sweep 26, optimizing sites 0 and 1
JCD used 1 iterations.
Time elapsed in JCD: 0.000642394
Energy -1 -78.1201623028582
Sum: 4 -> 3
Time elapsed in TRUNC: 3.3041e-05
Propagating t with norm 1
Memory usage : 11819256 882912 
Sweep has been running for 74.3371 seconds.

Sweep 27, optimizing sites 0 and 1
JCD used 1 iterations.
Time elapsed in JCD: 0.000962647
Energy 1 -78.1201623028582
Sum: 4 -> 3
Time elapsed in TRUNC: 4.7081e-05
Propagating t with norm 1
Memory usage : 11819256 882912 
Sweep has been running for 0.00171516 seconds.

Sweep 27, optimizing sites 1 and 2
JCD used 1 iterations.
Time elapsed in JCD: 0.00354632
Energy 1 -78.1201623028582
Sum: 12 -> 10
Time elapsed in TRUNC: 8.6231e-05
Propagating t with norm 1
Memory usage : 11819256 882912 
Sweep has been running for 0.00696702 seconds.

Sweep 27, optimizing sites 2 and 3
JCD used 1 iterations.
Time elapsed in JCD: 0.0163861
Energy 1 -78.1201623028582
Sum: 40 -> 35
Time elapsed in TRUNC: 0.000175671
Propagating t with norm 1
Memory usage : 11819256 882912 
Sweep has been running for 0.0268603 seconds.

Sweep 27, optimizing sites 3 and 4
JCD used 1 iterations.
Time elapsed in JCD: 0.134822
Energy 1 -78.1201623028581
Sum: 140 -> 126
Time elapsed in TRUNC: 0.00107425
Propagating t with norm 1
Memory usage : 11819256 882912 
Sweep has been running for 0.179912 seconds.

Sweep 27, optimizing sites 4 and 5
JCD used 1 iterations.
Time elapsed in JCD: 0.703804
Energy 1 -78.1201623028583
Sum: 504 -> 462
Time elapsed in TRUNC: 0.00791228
Propagating t with norm 1
Memory usage : 11819256 882912 
Sweep has been running for 1.04052 seconds.

Sweep 27, optimizing sites 5 and 6
JCD used 7 iterations.
Time elapsed in JCD: 22.0003
Energy 1 -78.1201623085796
Sum: 1848 -> 501
Time elapsed in TRUNC: 0.0835673
Propagating t with norm 1
Memory usage : 11819256 883124 
Sweep has been running for 23.926 seconds.

Sweep 27, optimizing sites 6 and 7
JCD used 5 iterations.
Time elapsed in JCD: 4.25864
Energy 1 -78.12016230134
Sum: 504 -> 462
Time elapsed in TRUNC: 0.00833283
Propagating t with norm 1
Memory usage : 11819256 883124 
Sweep has been running for 29.1294 seconds.

Sweep 27, optimizing sites 7 and 8
JCD used 1 iterations.
Time elapsed in JCD: 0.279431
Energy 1 -78.1201623028655
Sum: 140 -> 126
Time elapsed in TRUNC: 0.000991717
Propagating t with norm 1
Memory usage : 11819256 883124 
Sweep has been running for 29.6314 seconds.

Sweep 27, optimizing sites 8 and 9
JCD used 1 iterations.
Time elapsed in JCD: 0.03777
Energy 1 -78.1201623028658
Sum: 40 -> 35
Time elapsed in TRUNC: 0.000190332
Propagating t with norm 1
Memory usage : 11819256 883124 
Sweep has been running for 29.6939 seconds.

Sweep 27, optimizing sites 9 and 10
JCD used 1 iterations.
Time elapsed in JCD: 0.00932313
Energy 1 -78.1201623028658
Sum: 12 -> 10
Time elapsed in TRUNC: 9.9141e-05
Propagating t with norm 1
Memory usage : 11819256 883124 
Sweep has been running for 29.7094 seconds.

Sweep 27, optimizing sites 10 and 11
JCD used 1 iterations.
Time elapsed in JCD: 0.00143562
Energy 1 -78.1201623028658
Sum: 4 -> 3
Time elapsed in TRUNC: 3.9521e-05
Propagating t with norm 1
Memory usage : 11819256 883124 
Sweep has been running for 29.7136 seconds.

Sweep 27, optimizing sites 10 and 11
JCD used 1 iterations.
Time elapsed in JCD: 0.00119564
Energy -1 -78.1201623028658
Sum: 4 -> 3
Time elapsed in TRUNC: 4.889e-05
Propagating t with norm 1
Memory usage : 11819256 883124 
Sweep has been running for 29.7201 seconds.

Sweep 27, optimizing sites 9 and 10
JCD used 1 iterations.
Time elapsed in JCD: 0.00564965
Energy -1 -78.1201623028658
Sum: 12 -> 10
Time elapsed in TRUNC: 9.5901e-05
Propagating t with norm 1
Memory usage : 11819256 883124 
Sweep has been running for 29.7305 seconds.

Sweep 27, optimizing sites 8 and 9
JCD used 1 iterations.
Time elapsed in JCD: 0.0343069
Energy -1 -78.1201623028658
Sum: 40 -> 35
Time elapsed in TRUNC: 0.000184342
Propagating t with norm 1
Memory usage : 11819256 883124 
Sweep has been running for 29.7732 seconds.

Sweep 27, optimizing sites 7 and 8
JCD used 1 iterations.
Time elapsed in JCD: 0.268547
Energy -1 -78.1201623028655
Sum: 140 -> 126
Time elapsed in TRUNC: 0.0012156
Propagating t with norm 1
Memory usage : 11819256 883124 
Sweep has been running for 30.0665 seconds.

Sweep 27, optimizing sites 6 and 7
JCD used 1 iterations.
Time elapsed in JCD: 0.842866
Energy -1 -78.1201623028645
Sum: 504 -> 462
Time elapsed in TRUNC: 0.00898557
Propagating t with norm 1
Memory usage : 11819256 883124 
Sweep has been running for 31.0768 seconds.

Sweep 27, optimizing sites 5 and 6
JCD used 7 iterations.
Time elapsed in JCD: 21.7942
Energy -1 -78.1201623095773
Sum: 1848 -> 501
Time elapsed in TRUNC: 0.0839789
Propagating t with norm 1
Memory usage : 11819256 882912 
Sweep has been running for 53.5563 seconds.

Sweep 27, optimizing sites 4 and 5
JCD used 5 iterations.
Time elapsed in JCD: 3.40407
Energy -1 -78.1201623043026
Sum: 504 -> 462
Time elapsed in TRUNC: 0.0077323
Propagating t with norm 1
Memory usage : 11819256 882912 
Sweep has been running for 57.4749 seconds.

Sweep 27, optimizing sites 3 and 4
JCD used 1 iterations.
Time elapsed in JCD: 0.138477
Energy -1 -78.1201623028582
Sum: 140 -> 126
Time elapsed in TRUNC: 0.00133099
Propagating t with norm 1
Memory usage : 11819256 882912 
Sweep has been running for 57.705 seconds.

Sweep 27, optimizing sites 2 and 3
JCD used 1 iterations.
Time elapsed in JCD: 0.0189314
Energy -1 -78.1201623028582
Sum: 40 -> 35
Time elapsed in TRUNC: 0.000181981
Propagating t with norm 1
Memory usage : 11819256 882912 
Sweep has been running for 57.7343 seconds.

Sweep 27, optimizing sites 1 and 2
JCD used 1 iterations.
Time elapsed in JCD: 0.00396141
Energy -1 -78.1201623028583
Sum: 12 -> 10
Time elapsed in TRUNC: 0.000268262
Propagating t with norm 1
Memory usage : 11819256 882912 
Sweep has been running for 57.742 seconds.

Sweep 27, optimizing sites 0 and 1
JCD used 1 iterations.
Time elapsed in JCD: 0.000587964
Energy -1 -78.1201623028582
Sum: 4 -> 3
Time elapsed in TRUNC: 3.0661e-05
Propagating t with norm 1
Memory usage : 11819256 882912 
Sweep has been running for 57.7443 seconds.

Sweep 28, optimizing sites 0 and 1
JCD used 1 iterations.
Time elapsed in JCD: 0.000912827
Energy 1 -78.1201623028582
Sum: 4 -> 3
Time elapsed in TRUNC: 5.45e-05
Propagating t with norm 1
Memory usage : 11819256 882912 
Sweep has been running for 0.00181802 seconds.

Sweep 28, optimizing sites 1 and 2
JCD used 1 iterations.
Time elapsed in JCD: 0.00335657
Energy 1 -78.1201623028583
Sum: 12 -> 10
Time elapsed in TRUNC: 8.846e-05
Propagating t with norm 1
Memory usage : 11819256 882912 
Sweep has been running for 0.00699412 seconds.

Sweep 28, optimizing sites 2 and 3
JCD used 1 iterations.
Time elapsed in JCD: 0.0153437
Energy 1 -78.1201623028582
Sum: 40 -> 35
Time elapsed in TRUNC: 0.000164701
Propagating t with norm 1
Memory usage : 11819256 882912 
Sweep has been running for 0.0256452 seconds.

Sweep 28, optimizing sites 3 and 4
JCD used 1 iterations.
Time elapsed in JCD: 0.141772
Energy 1 -78.1201623028583
Sum: 140 -> 126
Time elapsed in TRUNC: 0.000983686
Propagating t with norm 1
Memory usage : 11819256 882912 
Sweep has been running for 0.18392 seconds.

Sweep 28, optimizing sites 4 and 5
JCD used 1 iterations.
Time elapsed in JCD: 0.681546
Energy 1 -78.1201623028585
Sum: 504 -> 462
Time elapsed in TRUNC: 0.00841082
Propagating t with norm 1
Memory usage : 11819256 882912 
Sweep has been running for 1.01535 seconds.

Sweep 28, optimizing sites 5 and 6
JCD used 7 iterations.
Time elapsed in JCD: 21.8527
Energy 1 -78.1201623081431
Sum: 1848 -> 501
Time elapsed in TRUNC: 0.0831754
Propagating t with norm 1
Memory usage : 11819256 883584 
Sweep has been running for 23.7464 seconds.

Sweep 28, optimizing sites 6 and 7
JCD used 5 iterations.
Time elapsed in JCD: 4.34048
Energy 1 -78.1201623011204
Sum: 504 -> 462
Time elapsed in TRUNC: 0.00818522
Propagating t with norm 1
Memory usage : 11819256 883584 
Sweep has been running for 29.0442 seconds.

Sweep 28, optimizing sites 7 and 8
JCD used 1 iterations.
Time elapsed in JCD: 0.279449
Energy 1 -78.1201623028656
Sum: 140 -> 126
Time elapsed in TRUNC: 0.000979637
Propagating t with norm 1
Memory usage : 11819256 883584 
Sweep has been running for 29.556 seconds.

Sweep 28, optimizing sites 8 and 9
JCD used 1 iterations.
Time elapsed in JCD: 0.0421422
Energy 1 -78.1201623028658
Sum: 40 -> 35
Time elapsed in TRUNC: 0.000184232
Propagating t with norm 1
Memory usage : 11819256 883584 
Sweep has been running for 29.623 seconds.

Sweep 28, optimizing sites 9 and 10
JCD used 1 iterations.
Time elapsed in JCD: 0.00826694
Energy 1 -78.1201623028658
Sum: 12 -> 10
Time elapsed in TRUNC: 0.0001054
Propagating t with norm 1
Memory usage : 11819256 883584 
Sweep has been running for 29.6371 seconds.

Sweep 28, optimizing sites 10 and 11
JCD used 1 iterations.
Time elapsed in JCD: 0.00182358
Energy 1 -78.1201623028658
Sum: 4 -> 3
Time elapsed in TRUNC: 3.572e-05
Propagating t with norm 1
Memory usage : 11819256 883584 
Sweep has been running for 29.6409 seconds.

Sweep 28, optimizing sites 10 and 11
JCD used 1 iterations.
Time elapsed in JCD: 0.00102522
Energy -1 -78.1201623028658
Sum: 4 -> 3
Time elapsed in TRUNC: 3.2381e-05
Propagating t with norm 1
Memory usage : 11819256 883584 
Sweep has been running for 29.6475 seconds.

Sweep 28, optimizing sites 9 and 10
JCD used 1 iterations.
Time elapsed in JCD: 0.00584857
Energy -1 -78.1201623028658
Sum: 12 -> 10
Time elapsed in TRUNC: 7.7811e-05
Propagating t with norm 1
Memory usage : 11819256 883584 
Sweep has been running for 29.6583 seconds.

Sweep 28, optimizing sites 8 and 9
JCD used 1 iterations.
Time elapsed in JCD: 0.0352641
Energy -1 -78.1201623028658
Sum: 40 -> 35
Time elapsed in TRUNC: 0.000326412
Propagating t with norm 1
Memory usage : 11819256 883584 
Sweep has been running for 29.7023 seconds.

Sweep 28, optimizing sites 7 and 8
JCD used 1 iterations.
Time elapsed in JCD: 0.286355
Energy -1 -78.1201623028655
Sum: 140 -> 126
Time elapsed in TRUNC: 0.00120579
Propagating t with norm 1
Memory usage : 11819256 883584 
Sweep has been running for 30.0148 seconds.

Sweep 28, optimizing sites 6 and 7
JCD used 1 iterations.
Time elapsed in JCD: 0.877231
Energy -1 -78.1201623028648
Sum: 504 -> 462
Time elapsed in TRUNC: 0.00894685
Propagating t with norm 1
Memory usage : 11819256 883584 
Sweep has been running for 31.0663 seconds.

Sweep 28, optimizing sites 5 and 6
JCD used 7 iterations.
Time elapsed in JCD: 21.797
Energy -1 -78.1201623028637
Sum: 1848 -> 501
Time elapsed in TRUNC: 0.0838183
Propagating t with norm 1
Memory usage : 11819256 882912 
Sweep has been running for 53.5465 seconds.

Sweep 28, optimizing sites 4 and 5
JCD used 5 iterations.
Time elapsed in JCD: 3.41343
Energy -1 -78.1201623043575
Sum: 504 -> 462
Time elapsed in TRUNC: 0.00743802
Propagating t with norm 1
Memory usage : 11819256 882912 
Sweep has been running for 57.4838 seconds.

Sweep 28, optimizing sites 3 and 4
JCD used 1 iterations.
Time elapsed in JCD: 0.147541
Energy -1 -78.1201623028582
Sum: 140 -> 126
Time elapsed in TRUNC: 0.000994527
Propagating t with norm 1
Memory usage : 11819256 882912 
Sweep has been running for 57.7299 seconds.

Sweep 28, optimizing sites 2 and 3
JCD used 1 iterations.
Time elapsed in JCD: 0.0206058
Energy -1 -78.1201623028582
Sum: 40 -> 35
Time elapsed in TRUNC: 0.000191461
Propagating t with norm 1
Memory usage : 11819256 882912 
Sweep has been running for 57.7608 seconds.

Sweep 28, optimizing sites 1 and 2
JCD used 1 iterations.
Time elapsed in JCD: 0.00473879
Energy -1 -78.1201623028582
Sum: 12 -> 10
Time elapsed in TRUNC: 0.000286092
Propagating t with norm 1
Memory usage : 11819256 882912 
Sweep has been running for 57.7688 seconds.

Sweep 28, optimizing sites 0 and 1
JCD used 1 iterations.
Time elapsed in JCD: 0.000777865
Energy -1 -78.1201623028582
Sum: 4 -> 3
Time elapsed in TRUNC: 3.14e-05
Propagating t with norm 1
Memory usage : 11819256 882912 
Sweep has been running for 57.7709 seconds.

Sweep 29, optimizing sites 0 and 1
JCD used 1 iterations.
Time elapsed in JCD: 0.000896696
Energy 1 -78.1201623028582
Sum: 4 -> 3
Time elapsed in TRUNC: 5.8171e-05
Propagating t with norm 1
Memory usage : 11819256 882912 
Sweep has been running for 0.00186176 seconds.

Sweep 29, optimizing sites 1 and 2
JCD used 1 iterations.
Time elapsed in JCD: 0.00341722
Energy 1 -78.1201623028582
Sum: 12 -> 10
Time elapsed in TRUNC: 9.639e-05
Propagating t with norm 1
Memory usage : 11819256 882912 
Sweep has been running for 0.00710654 seconds.

Sweep 29, optimizing sites 2 and 3
JCD used 1 iterations.
Time elapsed in JCD: 0.0164798
Energy 1 -78.1201623028583
Sum: 40 -> 35
Time elapsed in TRUNC: 0.000190381
Propagating t with norm 1
Memory usage : 11819256 882912 
Sweep has been running for 0.0277916 seconds.

Sweep 29, optimizing sites 3 and 4
JCD used 1 iterations.
Time elapsed in JCD: 0.145156
Energy 1 -78.1201623028582
Sum: 140 -> 126
Time elapsed in TRUNC: 0.00102582
Propagating t with norm 1
Memory usage : 11819256 882912 
Sweep has been running for 0.190948 seconds.

Sweep 29, optimizing sites 4 and 5
JCD used 1 iterations.
Time elapsed in JCD: 0.701977
Energy 1 -78.1201623028585
Sum: 504 -> 462
Time elapsed in TRUNC: 0.00850818
Propagating t with norm 1
Memory usage : 11819256 882912 
Sweep has been running for 1.05285 seconds.

Sweep 29, optimizing sites 5 and 6
JCD used 7 iterations.
Time elapsed in JCD: 22.0472
Energy 1 -78.120162307991
Sum: 1848 -> 501
Time elapsed in TRUNC: 0.0828767
Propagating t with norm 1
Memory usage : 11819256 882912 
Sweep has been running for 24.0023 seconds.

Sweep 29, optimizing sites 6 and 7
JCD used 5 iterations.
Time elapsed in JCD: 4.3033
Energy 1 -78.1201623011011
Sum: 504 -> 462
Time elapsed in TRUNC: 0.00842579
Propagating t with norm 1
Memory usage : 11819256 882912 
Sweep has been running for 29.2715 seconds.

Sweep 29, optimizing sites 7 and 8
JCD used 1 iterations.
Time elapsed in JCD: 0.278319
Energy 1 -78.1201623028655
Sum: 140 -> 126
Time elapsed in TRUNC: 0.00100229
Propagating t with norm 1
Memory usage : 11819256 882912 
Sweep has been running for 29.7833 seconds.

Sweep 29, optimizing sites 8 and 9
JCD used 1 iterations.
Time elapsed in JCD: 0.0374374
Energy 1 -78.1201623028659
Sum: 40 -> 35
Time elapsed in TRUNC: 0.000191342
Propagating t with norm 1
Memory usage : 11819256 882912 
Sweep has been running for 29.8462 seconds.

Sweep 29, optimizing sites 9 and 10
JCD used 1 iterations.
Time elapsed in JCD: 0.00634425
Energy 1 -78.1201623028658
Sum: 12 -> 10
Time elapsed in TRUNC: 8.644e-05
Propagating t with norm 1
Memory usage : 11819256 882912 
Sweep has been running for 29.8588 seconds.

Sweep 29, optimizing sites 10 and 11
JCD used 1 iterations.
Time elapsed in JCD: 0.00169648
Energy 1 -78.1201623028657
Sum: 4 -> 3
Time elapsed in TRUNC: 3.609e-05
Propagating t with norm 1
Memory usage : 11819256 882912 
Sweep has been running for 29.8623 seconds.

Sweep 29, optimizing sites 10 and 11
JCD used 1 iterations.
Time elapsed in JCD: 0.00100021
Energy -1 -78.1201623028657
Sum: 4 -> 3
Time elapsed in TRUNC: 3.2571e-05
Propagating t with norm 1
Memory usage : 11819256 882912 
Sweep has been running for 29.8687 seconds.

Sweep 29, optimizing sites 9 and 10
JCD used 1 iterations.
Time elapsed in JCD: 0.00732998
Energy -1 -78.1201623028658
Sum: 12 -> 10
Time elapsed in TRUNC: 9.3811e-05
Propagating t with norm 1
Memory usage : 11819256 882912 
Sweep has been running for 29.881 seconds.

Sweep 29, optimizing sites 8 and 9
JCD used 1 iterations.
Time elapsed in JCD: 0.0357583
Energy -1 -78.1201623028658
Sum: 40 -> 35
Time elapsed in TRUNC: 0.000168691
Propagating t with norm 1
Memory usage : 11819256 882912 
Sweep has been running for 29.925 seconds.

Sweep 29, optimizing sites 7 and 8
JCD used 1 iterations.
Time elapsed in JCD: 0.28386
Energy -1 -78.1201623028655
Sum: 140 -> 126
Time elapsed in TRUNC: 0.00103041
Propagating t with norm 1
Memory usage : 11819256 882912 
Sweep has been running for 30.2351 seconds.

Sweep 29, optimizing sites 6 and 7
JCD used 1 iterations.
Time elapsed in JCD: 0.872734
Energy -1 -78.1201623028648
Sum: 504 -> 462
Time elapsed in TRUNC: 0.00891893
Propagating t with norm 1
Memory usage : 11819256 882912 
Sweep has been running for 31.2782 seconds.

Sweep 29, optimizing sites 5 and 6
JCD used 7 iterations.
Time elapsed in JCD: 21.815
Energy -1 -78.1201623028816
Sum: 1848 -> 501
Time elapsed in TRUNC: 0.083295
Propagating t with norm 1
Memory usage : 11819256 882892 
Sweep has been running for 53.7755 seconds.

Sweep 29, optimizing sites 4 and 5
JCD used 5 iterations.
Time elapsed in JCD: 3.40841
Energy -1 -78.1201623043601
Sum: 504 -> 462
Time elapsed in TRUNC: 0.00741443
Propagating t with norm 1
Memory usage : 11819256 882892 
Sweep has been running for 57.7057 seconds.

Sweep 29, optimizing sites 3 and 4
JCD used 1 iterations.
Time elapsed in JCD: 0.142901
Energy -1 -78.1201623028582
Sum: 140 -> 126
Time elapsed in TRUNC: 0.000951516
Propagating t with norm 1
Memory usage : 11819256 882892 
Sweep has been running for 57.9436 seconds.

Sweep 29, optimizing sites 2 and 3
JCD used 1 iterations.
Time elapsed in JCD: 0.024327
Energy -1 -78.1201623028583
Sum: 40 -> 35
Time elapsed in TRUNC: 0.000197801
Propagating t with norm 1
Memory usage : 11819256 882892 
Sweep has been running for 57.9783 seconds.

Sweep 29, optimizing sites 1 and 2
JCD used 1 iterations.
Time elapsed in JCD: 0.00366029
Energy -1 -78.1201623028583
Sum: 12 -> 10
Time elapsed in TRUNC: 8.9241e-05
Propagating t with norm 1
Memory usage : 11819256 882892 
Sweep has been running for 57.9849 seconds.

Sweep 29, optimizing sites 0 and 1
JCD used 1 iterations.
Time elapsed in JCD: 0.000821935
Energy -1 -78.1201623028583
Sum: 4 -> 3
Time elapsed in TRUNC: 3.048e-05
Propagating t with norm 1
Memory usage : 11819256 882892 
Sweep has been running for 57.9875 seconds.
Measuring oneptdm
 measuring in su2 version of tagged_nrank 
Measuring twoptdm
 measuring in su2 version of tagged_nrank 
The hamiltonian will contain 10447 terms
MPO Bond 0: 96/35
MPO Bond 1: 102/38
MPO Bond 2: 116/45
MPO Bond 3: 138/56
MPO Bond 4: 168/71
MPO Bond 5: 206/90
MPO Bond 6: 252/113
MPO Bond 7: 306/140
MPO Bond 8: 368/171
MPO Bond 9: 438/206
MPO Bond 10: 10/3
MPO Bond 11: 1/0
This binary contains symmetries: 2u1pg su2u1pg 
DMRG version 3.1.1
Temporary storage enabled in ./tmp//storage_temp_2e130bc1e6f1/
Will start again at site -1 in sweep 30
Loading checkpoint from /public/home/xzzeng/work/HQC/Ethene/autoCAS/autocas_project/final/autocas_project.checkpoint_state.0.h5
Parameters:
               Sites: 12
           Electrons: 12
                Spin: 0
               Irrep: 0
The hamiltonian will contain 10447 terms
MPO Bond 0: 96/35
MPO Bond 1: 102/38
MPO Bond 2: 116/45
MPO Bond 3: 138/56
MPO Bond 4: 168/71
MPO Bond 5: 206/90
MPO Bond 6: 252/113
MPO Bond 7: 306/140
MPO Bond 8: 368/171
MPO Bond 9: 438/206
MPO Bond 10: 10/3
MPO Bond 11: 1/0
MPS initialization has finished...
Expecting 0 states to orthogonalize to.
Boundaries are partially initialized...
Boundaries are fully initialized...
Done init_left_right
TSMPOTensor: 1x102,  102 operators, 102 tags
TSMPOTensor: 96x116,  391 operators, 294 tags
TSMPOTensor: 102x138,  655 operators, 530 tags
TSMPOTensor: 116x168,  955 operators, 792 tags
TSMPOTensor: 138x206,  1255 operators, 1040 tags
TSMPOTensor: 168x252,  1519 operators, 1240 tags
TSMPOTensor: 206x306,  1711 operators, 1356 tags
TSMPOTensor: 252x368,  1795 operators, 1352 tags
TSMPOTensor: 306x438,  1735 operators, 1192 tags
TSMPOTensor: 368x10,  989 operators, 824 tags
TSMPOTensor: 438x1,  438 operators, 242 tags
Total number of tags: 8964

Sweep 30, optimizing sites 0 and 1
JCD used 6 iterations.
Time elapsed in JCD: 0.00340329
Energy 1 -78.1201636200667
Sum: 4 -> 3
Time elapsed in TRUNC: 4.5151e-05
Propagating t with norm 1
Memory usage : 11819256 865388 
Sweep has been running for 0.00446698 seconds.

Sweep 30, optimizing sites 1 and 2
JCD used 10 iterations.
Time elapsed in JCD: 0.0288562
Energy 1 -78.1201637808168
Sum: 12 -> 10
Time elapsed in TRUNC: 6.7091e-05
Propagating t with norm 1
Memory usage : 11819256 865388 
Sweep has been running for 0.034496 seconds.

Sweep 30, optimizing sites 2 and 3
JCD used 10 iterations.
Time elapsed in JCD: 0.147167
Energy 1 -78.120164268329
Sum: 40 -> 35
Time elapsed in TRUNC: 0.000159921
Propagating t with norm 1
Memory usage : 11819256 865388 
Sweep has been running for 0.184895 seconds.

Sweep 30, optimizing sites 3 and 4
JCD used 10 iterations.
Time elapsed in JCD: 1.27416
Energy 1 -78.1201647726016
Sum: 140 -> 126
Time elapsed in TRUNC: 0.000887246
Propagating t with norm 1
Memory usage : 11819256 865388 
Sweep has been running for 1.47445 seconds.

Sweep 30, optimizing sites 4 and 5
JCD used 10 iterations.
Time elapsed in JCD: 6.66324
Energy 1 -78.1201648322805
Sum: 504 -> 462
Time elapsed in TRUNC: 0.00720204
Propagating t with norm 1
Memory usage : 11819256 865388 
Sweep has been running for 8.283 seconds.

Sweep 30, optimizing sites 5 and 6
JCD used 10 iterations.
Time elapsed in JCD: 30.9288
Energy 1 -78.1201648383199
Sum: 1848 -> 501
Time elapsed in TRUNC: 0.0831718
Propagating t with norm 1
Memory usage : 11819256 902980 
Sweep has been running for 40.0905 seconds.

Sweep 30, optimizing sites 6 and 7
JCD used 5 iterations.
Time elapsed in JCD: 4.15477
Energy 1 -78.1201648345187
Sum: 504 -> 462
Time elapsed in TRUNC: 0.00811592
Propagating t with norm 1
Memory usage : 11819256 902980 
Sweep has been running for 45.1889 seconds.

Sweep 30, optimizing sites 7 and 8
JCD used 1 iterations.
Time elapsed in JCD: 0.273305
Energy 1 -78.1201648340809
Sum: 140 -> 126
Time elapsed in TRUNC: 0.00107459
Propagating t with norm 1
Memory usage : 11819256 876760 
Sweep has been running for 45.7009 seconds.

Sweep 30, optimizing sites 8 and 9
JCD used 1 iterations.
Time elapsed in JCD: 0.0362175
Energy 1 -78.120164834081
Sum: 40 -> 35
Time elapsed in TRUNC: 0.000181362
Propagating t with norm 1
Memory usage : 11819256 876760 
Sweep has been running for 45.7626 seconds.

Sweep 30, optimizing sites 9 and 10
JCD used 1 iterations.
Time elapsed in JCD: 0.00716892
Energy 1 -78.1201648340811
Sum: 12 -> 10
Time elapsed in TRUNC: 0.000101171
Propagating t with norm 1
Memory usage : 11819256 876760 
Sweep has been running for 45.7755 seconds.

Sweep 30, optimizing sites 10 and 11
JCD used 1 iterations.
Time elapsed in JCD: 0.00157054
Energy 1 -78.120164834081
Sum: 4 -> 3
Time elapsed in TRUNC: 3.3621e-05
Propagating t with norm 1
Memory usage : 11819256 876760 
Sweep has been running for 45.779 seconds.

Sweep 30, optimizing sites 10 and 11
JCD used 1 iterations.
Time elapsed in JCD: 0.000985626
Energy -1 -78.120164834081
Sum: 4 -> 3
Time elapsed in TRUNC: 3.2711e-05
Propagating t with norm 1
Memory usage : 11819256 876760 
Sweep has been running for 45.7853 seconds.

Sweep 30, optimizing sites 9 and 10
JCD used 1 iterations.
Time elapsed in JCD: 0.00645229
Energy -1 -78.1201648340811
Sum: 12 -> 10
Time elapsed in TRUNC: 8.342e-05
Propagating t with norm 1
Memory usage : 11819256 876760 
Sweep has been running for 45.7965 seconds.

Sweep 30, optimizing sites 8 and 9
JCD used 1 iterations.
Time elapsed in JCD: 0.038493
Energy -1 -78.120164834081
Sum: 40 -> 35
Time elapsed in TRUNC: 0.000164271
Propagating t with norm 1
Memory usage : 11819256 876760 
Sweep has been running for 45.8436 seconds.

Sweep 30, optimizing sites 7 and 8
JCD used 1 iterations.
Time elapsed in JCD: 0.268585
Energy -1 -78.1201648340809
Sum: 140 -> 126
Time elapsed in TRUNC: 0.000999507
Propagating t with norm 1
Memory usage : 11819256 876760 
Sweep has been running for 46.1349 seconds.

Sweep 30, optimizing sites 6 and 7
JCD used 1 iterations.
Time elapsed in JCD: 0.861613
Energy -1 -78.12016483408
Sum: 504 -> 462
Time elapsed in TRUNC: 0.00843596
Propagating t with norm 1
Memory usage : 11819256 876760 
Sweep has been running for 47.1632 seconds.

Sweep 30, optimizing sites 5 and 6
JCD used 7 iterations.
Time elapsed in JCD: 21.8799
Energy -1 -78.1201648395294
Sum: 1848 -> 501
Time elapsed in TRUNC: 0.0835774
Propagating t with norm 1
Memory usage : 11819256 876760 
Sweep has been running for 69.7256 seconds.

Sweep 30, optimizing sites 4 and 5
JCD used 5 iterations.
Time elapsed in JCD: 3.34905
Energy -1 -78.1201648343021
Sum: 504 -> 462
Time elapsed in TRUNC: 0.00818125
Propagating t with norm 1
Memory usage : 11819256 876760 
Sweep has been running for 73.5953 seconds.

Sweep 30, optimizing sites 3 and 4
JCD used 1 iterations.
Time elapsed in JCD: 0.138513
Energy -1 -78.1201648340733
Sum: 140 -> 126
Time elapsed in TRUNC: 0.000943316
Propagating t with norm 1
Memory usage : 11819256 876760 
Sweep has been running for 73.8272 seconds.

Sweep 30, optimizing sites 2 and 3
JCD used 1 iterations.
Time elapsed in JCD: 0.018923
Energy -1 -78.1201648340733
Sum: 40 -> 35
Time elapsed in TRUNC: 0.000189782
Propagating t with norm 1
Memory usage : 11819256 876760 
Sweep has been running for 73.8567 seconds.

Sweep 30, optimizing sites 1 and 2
JCD used 1 iterations.
Time elapsed in JCD: 0.00489914
Energy -1 -78.1201648340733
Sum: 12 -> 10
Time elapsed in TRUNC: 7.798e-05
Propagating t with norm 1
Memory usage : 11819256 876760 
Sweep has been running for 73.8647 seconds.

Sweep 30, optimizing sites 0 and 1
JCD used 1 iterations.
Time elapsed in JCD: 0.000788725
Energy -1 -78.1201648340733
Sum: 4 -> 3
Time elapsed in TRUNC: 3.121e-05
Propagating t with norm 1
Memory usage : 11819256 876760 
Sweep has been running for 73.8666 seconds.

Sweep 31, optimizing sites 0 and 1
JCD used 1 iterations.
Time elapsed in JCD: 0.000970287
Energy 1 -78.1201648340733
Sum: 4 -> 3
Time elapsed in TRUNC: 9.6291e-05
Propagating t with norm 1
Memory usage : 11819256 876760 
Sweep has been running for 0.00189649 seconds.

Sweep 31, optimizing sites 1 and 2
JCD used 1 iterations.
Time elapsed in JCD: 0.0035502
Energy 1 -78.1201648340733
Sum: 12 -> 10
Time elapsed in TRUNC: 9.079e-05
Propagating t with norm 1
Memory usage : 11819256 876760 
Sweep has been running for 0.00698091 seconds.

Sweep 31, optimizing sites 2 and 3
JCD used 1 iterations.
Time elapsed in JCD: 0.0157078
Energy 1 -78.1201648340733
Sum: 40 -> 35
Time elapsed in TRUNC: 0.000175341
Propagating t with norm 1
Memory usage : 11819256 876760 
Sweep has been running for 0.0264118 seconds.

Sweep 31, optimizing sites 3 and 4
JCD used 1 iterations.
Time elapsed in JCD: 0.137716
Energy 1 -78.1201648340733
Sum: 140 -> 126
Time elapsed in TRUNC: 0.000975947
Propagating t with norm 1
Memory usage : 11819256 876760 
Sweep has been running for 0.1809 seconds.

Sweep 31, optimizing sites 4 and 5
JCD used 1 iterations.
Time elapsed in JCD: 0.707783
Energy 1 -78.1201648340736
Sum: 504 -> 462
Time elapsed in TRUNC: 0.00767715
Propagating t with norm 1
Memory usage : 11819256 876760 
Sweep has been running for 1.04287 seconds.

Sweep 31, optimizing sites 5 and 6
JCD used 7 iterations.
Time elapsed in JCD: 22.1194
Energy 1 -78.1201648374385
Sum: 1848 -> 501
Time elapsed in TRUNC: 0.0846955
Propagating t with norm 1
Memory usage : 11819256 876760 
Sweep has been running for 24.0383 seconds.

Sweep 31, optimizing sites 6 and 7
JCD used 5 iterations.
Time elapsed in JCD: 4.28814
Energy 1 -78.1201648324979
Sum: 504 -> 462
Time elapsed in TRUNC: 0.00870935
Propagating t with norm 1
Memory usage : 11819256 876760 
Sweep has been running for 29.2898 seconds.

Sweep 31, optimizing sites 7 and 8
JCD used 1 iterations.
Time elapsed in JCD: 0.274051
Energy 1 -78.1201648340809
Sum: 140 -> 126
Time elapsed in TRUNC: 0.00119395
Propagating t with norm 1
Memory usage : 11819256 876760 
Sweep has been running for 29.809 seconds.

Sweep 31, optimizing sites 8 and 9
JCD used 1 iterations.
Time elapsed in JCD: 0.0398843
Energy 1 -78.1201648340812
Sum: 40 -> 35
Time elapsed in TRUNC: 0.000182832
Propagating t with norm 1
Memory usage : 11819256 876760 
Sweep has been running for 29.8746 seconds.

Sweep 31, optimizing sites 9 and 10
JCD used 1 iterations.
Time elapsed in JCD: 0.00887218
Energy 1 -78.1201648340811
Sum: 12 -> 10
Time elapsed in TRUNC: 9.0571e-05
Propagating t with norm 1
Memory usage : 11819256 876760 
Sweep has been running for 29.8897 seconds.

Sweep 31, optimizing sites 10 and 11
JCD used 1 iterations.
Time elapsed in JCD: 0.0018239
Energy 1 -78.1201648340812
Sum: 4 -> 3
Time elapsed in TRUNC: 3.3801e-05
Propagating t with norm 1
Memory usage : 11819256 876760 
Sweep has been running for 29.8932 seconds.

Sweep 31, optimizing sites 10 and 11
JCD used 1 iterations.
Time elapsed in JCD: 0.0010652
Energy -1 -78.1201648340812
Sum: 4 -> 3
Time elapsed in TRUNC: 3.238e-05
Propagating t with norm 1
Memory usage : 11819256 876760 
Sweep has been running for 29.8997 seconds.

Sweep 31, optimizing sites 9 and 10
JCD used 1 iterations.
Time elapsed in JCD: 0.0062152
Energy -1 -78.1201648340811
Sum: 12 -> 10
Time elapsed in TRUNC: 7.3421e-05
Propagating t with norm 1
Memory usage : 11819256 876760 
Sweep has been running for 29.911 seconds.

Sweep 31, optimizing sites 8 and 9
JCD used 1 iterations.
Time elapsed in JCD: 0.0357416
Energy -1 -78.1201648340812
Sum: 40 -> 35
Time elapsed in TRUNC: 0.000157571
Propagating t with norm 1
Memory usage : 11819256 876760 
Sweep has been running for 29.9549 seconds.

Sweep 31, optimizing sites 7 and 8
JCD used 1 iterations.
Time elapsed in JCD: 0.271469
Energy -1 -78.120164834081
Sum: 140 -> 126
Time elapsed in TRUNC: 0.00100097
Propagating t with norm 1
Memory usage : 11819256 876760 
Sweep has been running for 30.2508 seconds.

Sweep 31, optimizing sites 6 and 7
JCD used 1 iterations.
Time elapsed in JCD: 0.850065
Energy -1 -78.12016483408
Sum: 504 -> 462
Time elapsed in TRUNC: 0.00859728
Propagating t with norm 1
Memory usage : 11819256 876760 
Sweep has been running for 31.2688 seconds.

Sweep 31, optimizing sites 5 and 6
JCD used 7 iterations.
Time elapsed in JCD: 22.1886
Energy -1 -78.1201648345574
Sum: 1848 -> 501
Time elapsed in TRUNC: 0.0834155
Propagating t with norm 1
Memory usage : 11819256 878224 
Sweep has been running for 54.1374 seconds.

Sweep 31, optimizing sites 4 and 5
JCD used 5 iterations.
Time elapsed in JCD: 3.49313
Energy -1 -78.120164834837
Sum: 504 -> 462
Time elapsed in TRUNC: 0.00743336
Propagating t with norm 1
Memory usage : 11819256 878224 
Sweep has been running for 58.1471 seconds.

Sweep 31, optimizing sites 3 and 4
JCD used 1 iterations.
Time elapsed in JCD: 0.141921
Energy -1 -78.1201648340733
Sum: 140 -> 126
Time elapsed in TRUNC: 0.00100585
Propagating t with norm 1
Memory usage : 11819256 878224 
Sweep has been running for 58.384 seconds.

Sweep 31, optimizing sites 2 and 3
JCD used 1 iterations.
Time elapsed in JCD: 0.0195575
Energy -1 -78.1201648340733
Sum: 40 -> 35
Time elapsed in TRUNC: 0.000193012
Propagating t with norm 1
Memory usage : 11819256 878224 
Sweep has been running for 58.4138 seconds.

Sweep 31, optimizing sites 1 and 2
JCD used 1 iterations.
Time elapsed in JCD: 0.00583264
Energy -1 -78.1201648340733
Sum: 12 -> 10
Time elapsed in TRUNC: 0.000284332
Propagating t with norm 1
Memory usage : 11819256 878224 
Sweep has been running for 58.4232 seconds.

Sweep 31, optimizing sites 0 and 1
JCD used 1 iterations.
Time elapsed in JCD: 0.000864396
Energy -1 -78.1201648340733
Sum: 4 -> 3
Time elapsed in TRUNC: 3.152e-05
Propagating t with norm 1
Memory usage : 11819256 878224 
Sweep has been running for 58.426 seconds.

Sweep 32, optimizing sites 0 and 1
JCD used 1 iterations.
Time elapsed in JCD: 0.00105348
Energy 1 -78.1201648340733
Sum: 4 -> 3
Time elapsed in TRUNC: 5.535e-05
Propagating t with norm 1
Memory usage : 11819256 878224 
Sweep has been running for 0.00211301 seconds.

Sweep 32, optimizing sites 1 and 2
JCD used 1 iterations.
Time elapsed in JCD: 0.00346488
Energy 1 -78.1201648340733
Sum: 12 -> 10
Time elapsed in TRUNC: 0.000114661
Propagating t with norm 1
Memory usage : 11819256 878224 
Sweep has been running for 0.007362 seconds.

Sweep 32, optimizing sites 2 and 3
JCD used 1 iterations.
Time elapsed in JCD: 0.0159082
Energy 1 -78.1201648340733
Sum: 40 -> 35
Time elapsed in TRUNC: 0.000171111
Propagating t with norm 1
Memory usage : 11819256 878224 
Sweep has been running for 0.0266562 seconds.

Sweep 32, optimizing sites 3 and 4
JCD used 1 iterations.
Time elapsed in JCD: 0.139946
Energy 1 -78.1201648340733
Sum: 140 -> 126
Time elapsed in TRUNC: 0.000986567
Propagating t with norm 1
Memory usage : 11819256 878224 
Sweep has been running for 0.183178 seconds.

Sweep 32, optimizing sites 4 and 5
JCD used 1 iterations.
Time elapsed in JCD: 0.695857
Energy 1 -78.1201648340736
Sum: 504 -> 462
Time elapsed in TRUNC: 0.00767779
Propagating t with norm 1
Memory usage : 11819256 878224 
Sweep has been running for 1.0323 seconds.

Sweep 32, optimizing sites 5 and 6
JCD used 7 iterations.
Time elapsed in JCD: 22.6255
Energy 1 -78.1201648350999
Sum: 1848 -> 501
Time elapsed in TRUNC: 0.0831617
Propagating t with norm 1
Memory usage : 11819256 876760 
Sweep has been running for 24.5433 seconds.

Sweep 32, optimizing sites 6 and 7
JCD used 5 iterations.
Time elapsed in JCD: 4.29021
Energy 1 -78.1201648322179
Sum: 504 -> 462
Time elapsed in TRUNC: 0.00865018
Propagating t with norm 1
Memory usage : 11819256 876760 
Sweep has been running for 29.7937 seconds.

Sweep 32, optimizing sites 7 and 8
JCD used 1 iterations.
Time elapsed in JCD: 0.27445
Energy 1 -78.120164834081
Sum: 140 -> 126
Time elapsed in TRUNC: 0.00100959
Propagating t with norm 1
Memory usage : 11819256 876760 
Sweep has been running for 30.3023 seconds.

Sweep 32, optimizing sites 8 and 9
JCD used 1 iterations.
Time elapsed in JCD: 0.0403499
Energy 1 -78.1201648340811
Sum: 40 -> 35
Time elapsed in TRUNC: 0.000185291
Propagating t with norm 1
Memory usage : 11819256 876760 
Sweep has been running for 30.3685 seconds.

Sweep 32, optimizing sites 9 and 10
JCD used 1 iterations.
Time elapsed in JCD: 0.00992299
Energy 1 -78.120164834081
Sum: 12 -> 10
Time elapsed in TRUNC: 0.000103541
Propagating t with norm 1
Memory usage : 11819256 876760 
Sweep has been running for 30.3847 seconds.

Sweep 32, optimizing sites 10 and 11
JCD used 1 iterations.
Time elapsed in JCD: 0.00136529
Energy 1 -78.1201648340811
Sum: 4 -> 3
Time elapsed in TRUNC: 0.000181401
Propagating t with norm 1
Memory usage : 11819256 876760 
Sweep has been running for 30.3889 seconds.

Sweep 32, optimizing sites 10 and 11
JCD used 1 iterations.
Time elapsed in JCD: 0.00101761
Energy -1 -78.1201648340811
Sum: 4 -> 3
Time elapsed in TRUNC: 3.25e-05
Propagating t with norm 1
Memory usage : 11819256 876760 
Sweep has been running for 30.3954 seconds.

Sweep 32, optimizing sites 9 and 10
JCD used 1 iterations.
Time elapsed in JCD: 0.00502998
Energy -1 -78.120164834081
Sum: 12 -> 10
Time elapsed in TRUNC: 8.5531e-05
Propagating t with norm 1
Memory usage : 11819256 876760 
Sweep has been running for 30.4054 seconds.

Sweep 32, optimizing sites 8 and 9
JCD used 1 iterations.
Time elapsed in JCD: 0.0358541
Energy -1 -78.1201648340811
Sum: 40 -> 35
Time elapsed in TRUNC: 0.000161411
Propagating t with norm 1
Memory usage : 11819256 876760 
Sweep has been running for 30.4499 seconds.

Sweep 32, optimizing sites 7 and 8
JCD used 1 iterations.
Time elapsed in JCD: 0.278832
Energy -1 -78.120164834081
Sum: 140 -> 126
Time elapsed in TRUNC: 0.00118936
Propagating t with norm 1
Memory usage : 11819256 876760 
Sweep has been running for 30.7548 seconds.

Sweep 32, optimizing sites 6 and 7
JCD used 1 iterations.
Time elapsed in JCD: 0.867139
Energy -1 -78.12016483408
Sum: 504 -> 462
Time elapsed in TRUNC: 0.00882709
Propagating t with norm 1
Memory usage : 11819256 876760 
Sweep has been running for 31.7964 seconds.

Sweep 32, optimizing sites 5 and 6
JCD used 7 iterations.
Time elapsed in JCD: 21.932
Energy -1 -78.1201648349325
Sum: 1848 -> 501
Time elapsed in TRUNC: 0.0832841
Propagating t with norm 1
Memory usage : 11819256 876760 
Sweep has been running for 54.4151 seconds.

Sweep 32, optimizing sites 4 and 5
JCD used 5 iterations.
Time elapsed in JCD: 3.35958
Energy -1 -78.1201648348788
Sum: 504 -> 462
Time elapsed in TRUNC: 0.00770106
Propagating t with norm 1
Memory usage : 11819256 876760 
Sweep has been running for 58.2838 seconds.

Sweep 32, optimizing sites 3 and 4
JCD used 1 iterations.
Time elapsed in JCD: 0.136658
Energy -1 -78.1201648340732
Sum: 140 -> 126
Time elapsed in TRUNC: 0.000962846
Propagating t with norm 1
Memory usage : 11819256 876760 
Sweep has been running for 58.5092 seconds.

Sweep 32, optimizing sites 2 and 3
JCD used 1 iterations.
Time elapsed in JCD: 0.0212484
Energy -1 -78.1201648340733
Sum: 40 -> 35
Time elapsed in TRUNC: 0.000197151
Propagating t with norm 1
Memory usage : 11819256 876760 
Sweep has been running for 58.5411 seconds.

Sweep 32, optimizing sites 1 and 2
JCD used 1 iterations.
Time elapsed in JCD: 0.00562075
Energy -1 -78.1201648340733
Sum: 12 -> 10
Time elapsed in TRUNC: 9.6511e-05
Propagating t with norm 1
Memory usage : 11819256 876760 
Sweep has been running for 58.5496 seconds.

Sweep 32, optimizing sites 0 and 1
JCD used 1 iterations.
Time elapsed in JCD: 0.000872866
Energy -1 -78.1201648340733
Sum: 4 -> 3
Time elapsed in TRUNC: 3.0531e-05
Propagating t with norm 1
Memory usage : 11819256 876760 
Sweep has been running for 58.5518 seconds.

Sweep 33, optimizing sites 0 and 1
JCD used 1 iterations.
Time elapsed in JCD: 0.000892536
Energy 1 -78.1201648340733
Sum: 4 -> 3
Time elapsed in TRUNC: 5.735e-05
Propagating t with norm 1
Memory usage : 11819256 876760 
Sweep has been running for 0.00187916 seconds.

Sweep 33, optimizing sites 1 and 2
JCD used 1 iterations.
Time elapsed in JCD: 0.0034533
Energy 1 -78.1201648340733
Sum: 12 -> 10
Time elapsed in TRUNC: 9.3111e-05
Propagating t with norm 1
Memory usage : 11819256 876760 
Sweep has been running for 0.00679233 seconds.

Sweep 33, optimizing sites 2 and 3
JCD used 1 iterations.
Time elapsed in JCD: 0.0169719
Energy 1 -78.1201648340733
Sum: 40 -> 35
Time elapsed in TRUNC: 0.000176911
Propagating t with norm 1
Memory usage : 11819256 876760 
Sweep has been running for 0.0273171 seconds.

Sweep 33, optimizing sites 3 and 4
JCD used 1 iterations.
Time elapsed in JCD: 0.141879
Energy 1 -78.1201648340732
Sum: 140 -> 126
Time elapsed in TRUNC: 0.00100885
Propagating t with norm 1
Memory usage : 11819256 876760 
Sweep has been running for 0.187034 seconds.

Sweep 33, optimizing sites 4 and 5
JCD used 1 iterations.
Time elapsed in JCD: 0.731023
Energy 1 -78.1201648340735
Sum: 504 -> 462
Time elapsed in TRUNC: 0.00786346
Propagating t with norm 1
Memory usage : 11819256 876760 
Sweep has been running for 1.07673 seconds.

Sweep 33, optimizing sites 5 and 6
JCD used 7 iterations.
Time elapsed in JCD: 22.2603
Energy 1 -78.1201648349666
Sum: 1848 -> 501
Time elapsed in TRUNC: 0.0840175
Propagating t with norm 1
Memory usage : 11819256 876760 
Sweep has been running for 24.2351 seconds.

Sweep 33, optimizing sites 6 and 7
JCD used 5 iterations.
Time elapsed in JCD: 4.36165
Energy 1 -78.1201648322013
Sum: 504 -> 462
Time elapsed in TRUNC: 0.00818675
Propagating t with norm 1
Memory usage : 11819256 876760 
Sweep has been running for 29.5503 seconds.

Sweep 33, optimizing sites 7 and 8
JCD used 1 iterations.
Time elapsed in JCD: 0.288349
Energy 1 -78.120164834081
Sum: 140 -> 126
Time elapsed in TRUNC: 0.00102802
Propagating t with norm 1
Memory usage : 11819256 876760 
Sweep has been running for 30.0815 seconds.

Sweep 33, optimizing sites 8 and 9
JCD used 1 iterations.
Time elapsed in JCD: 0.0444828
Energy 1 -78.1201648340811
Sum: 40 -> 35
Time elapsed in TRUNC: 0.000192871
Propagating t with norm 1
Memory usage : 11819256 876760 
Sweep has been running for 30.1528 seconds.

Sweep 33, optimizing sites 9 and 10
JCD used 1 iterations.
Time elapsed in JCD: 0.00938017
Energy 1 -78.1201648340812
Sum: 12 -> 10
Time elapsed in TRUNC: 9.7281e-05
Propagating t with norm 1
Memory usage : 11819256 876760 
Sweep has been running for 30.1684 seconds.

Sweep 33, optimizing sites 10 and 11
JCD used 1 iterations.
Time elapsed in JCD: 0.00111322
Energy 1 -78.1201648340812
Sum: 4 -> 3
Time elapsed in TRUNC: 3.4321e-05
Propagating t with norm 1
Memory usage : 11819256 876760 
Sweep has been running for 30.1724 seconds.

Sweep 33, optimizing sites 10 and 11
JCD used 1 iterations.
Time elapsed in JCD: 0.000973197
Energy -1 -78.1201648340812
Sum: 4 -> 3
Time elapsed in TRUNC: 3.4261e-05
Propagating t with norm 1
Memory usage : 11819256 876760 
Sweep has been running for 30.182 seconds.

Sweep 33, optimizing sites 9 and 10
JCD used 1 iterations.
Time elapsed in JCD: 0.00524023
Energy -1 -78.1201648340812
Sum: 12 -> 10
Time elapsed in TRUNC: 8.8311e-05
Propagating t with norm 1
Memory usage : 11819256 876760 
Sweep has been running for 30.1922 seconds.

Sweep 33, optimizing sites 8 and 9
JCD used 1 iterations.
Time elapsed in JCD: 0.0346956
Energy -1 -78.1201648340811
Sum: 40 -> 35
Time elapsed in TRUNC: 0.000206532
Propagating t with norm 1
Memory usage : 11819256 876760 
Sweep has been running for 30.2359 seconds.

Sweep 33, optimizing sites 7 and 8
JCD used 1 iterations.
Time elapsed in JCD: 0.279391
Energy -1 -78.120164834081
Sum: 140 -> 126
Time elapsed in TRUNC: 0.00116969
Propagating t with norm 1
Memory usage : 11819256 876760 
Sweep has been running for 30.5407 seconds.

Sweep 33, optimizing sites 6 and 7
JCD used 1 iterations.
Time elapsed in JCD: 0.869665
Energy -1 -78.1201648340801
Sum: 504 -> 462
Time elapsed in TRUNC: 0.0088263
Propagating t with norm 1
Memory usage : 11819256 876760 
Sweep has been running for 31.5843 seconds.

Sweep 33, optimizing sites 5 and 6
JCD used 7 iterations.
Time elapsed in JCD: 21.9924
Energy -1 -78.1201648349469
Sum: 1848 -> 501
Time elapsed in TRUNC: 0.0844272
Propagating t with norm 1
Memory usage : 11819256 876760 
Sweep has been running for 54.2586 seconds.

Sweep 33, optimizing sites 4 and 5
JCD used 5 iterations.
Time elapsed in JCD: 3.41001
Energy -1 -78.1201648348809
Sum: 504 -> 462
Time elapsed in TRUNC: 0.00738931
Propagating t with norm 1
Memory usage : 11819256 876760 
Sweep has been running for 58.1785 seconds.

Sweep 33, optimizing sites 3 and 4
JCD used 1 iterations.
Time elapsed in JCD: 0.145016
Energy -1 -78.1201648340733
Sum: 140 -> 126
Time elapsed in TRUNC: 0.000952177
Propagating t with norm 1
Memory usage : 11819256 876760 
Sweep has been running for 58.4141 seconds.

Sweep 33, optimizing sites 2 and 3
JCD used 1 iterations.
Time elapsed in JCD: 0.0242262
Energy -1 -78.1201648340734
Sum: 40 -> 35
Time elapsed in TRUNC: 0.000193401
Propagating t with norm 1
Memory usage : 11819256 876760 
Sweep has been running for 58.4502 seconds.

Sweep 33, optimizing sites 1 and 2
JCD used 1 iterations.
Time elapsed in JCD: 0.00388049
Energy -1 -78.1201648340734
Sum: 12 -> 10
Time elapsed in TRUNC: 0.000170432
Propagating t with norm 1
Memory usage : 11819256 876760 
Sweep has been running for 58.459 seconds.

Sweep 33, optimizing sites 0 and 1
JCD used 1 iterations.
Time elapsed in JCD: 0.000829916
Energy -1 -78.1201648340734
Sum: 4 -> 3
Time elapsed in TRUNC: 3.106e-05
Propagating t with norm 1
Memory usage : 11819256 876760 
Sweep has been running for 58.4612 seconds.
Measuring oneptdm
 measuring in su2 version of tagged_nrank 
Measuring twoptdm
 measuring in su2 version of tagged_nrank 
The hamiltonian will contain 10453 terms
MPO Bond 0: 96/35
MPO Bond 1: 102/38
MPO Bond 2: 116/45
MPO Bond 3: 138/56
MPO Bond 4: 168/71
MPO Bond 5: 206/90
MPO Bond 6: 252/113
MPO Bond 7: 306/140
MPO Bond 8: 368/171
MPO Bond 9: 438/206
MPO Bond 10: 10/3
MPO Bond 11: 1/0
This binary contains symmetries: 2u1pg su2u1pg 
DMRG version 3.1.1
Temporary storage enabled in ./tmp//storage_temp_e76ff4374c82/
Will start again at site -1 in sweep 34
Loading checkpoint from /public/home/xzzeng/work/HQC/Ethene/autoCAS/autocas_project/final/autocas_project.checkpoint_state.0.h5
Parameters:
               Sites: 12
           Electrons: 12
                Spin: 0
               Irrep: 0
The hamiltonian will contain 10453 terms
MPO Bond 0: 96/35
MPO Bond 1: 102/38
MPO Bond 2: 116/45
MPO Bond 3: 138/56
MPO Bond 4: 168/71
MPO Bond 5: 206/90
MPO Bond 6: 252/113
MPO Bond 7: 306/140
MPO Bond 8: 368/171
MPO Bond 9: 438/206
MPO Bond 10: 10/3
MPO Bond 11: 1/0
MPS initialization has finished...
Expecting 0 states to orthogonalize to.
Boundaries are partially initialized...
Boundaries are fully initialized...
Done init_left_right
TSMPOTensor: 1x102,  102 operators, 102 tags
TSMPOTensor: 96x116,  391 operators, 294 tags
TSMPOTensor: 102x138,  655 operators, 532 tags
TSMPOTensor: 116x168,  955 operators, 792 tags
TSMPOTensor: 138x206,  1255 operators, 1040 tags
TSMPOTensor: 168x252,  1519 operators, 1240 tags
TSMPOTensor: 206x306,  1711 operators, 1356 tags
TSMPOTensor: 252x368,  1795 operators, 1352 tags
TSMPOTensor: 306x438,  1735 operators, 1192 tags
TSMPOTensor: 368x10,  989 operators, 824 tags
TSMPOTensor: 438x1,  438 operators, 242 tags
Total number of tags: 8966

Sweep 34, optimizing sites 0 and 1
JCD used 5 iterations.
Time elapsed in JCD: 0.00249755
Energy 1 -78.1201655560787
Sum: 4 -> 3
Time elapsed in TRUNC: 4.308e-05
Propagating t with norm 1
Memory usage : 11819256 876760 
Sweep has been running for 0.00338258 seconds.

Sweep 34, optimizing sites 1 and 2
JCD used 8 iterations.
Time elapsed in JCD: 0.022465
Energy 1 -78.1201655568968
Sum: 12 -> 10
Time elapsed in TRUNC: 6.765e-05
Propagating t with norm 1
Memory usage : 11819256 876760 
Sweep has been running for 0.0268364 seconds.

Sweep 34, optimizing sites 2 and 3
JCD used 10 iterations.
Time elapsed in JCD: 0.144864
Energy 1 -78.1201655999733
Sum: 40 -> 35
Time elapsed in TRUNC: 0.000159191
Propagating t with norm 1
Memory usage : 11819256 865044 
Sweep has been running for 0.175165 seconds.

Sweep 34, optimizing sites 3 and 4
JCD used 10 iterations.
Time elapsed in JCD: 1.3078
Energy 1 -78.1201656240774
Sum: 140 -> 126
Time elapsed in TRUNC: 0.00101325
Propagating t with norm 1
Memory usage : 11819256 865044 
Sweep has been running for 1.50024 seconds.

Sweep 34, optimizing sites 4 and 5
JCD used 10 iterations.
Time elapsed in JCD: 6.93413
Energy 1 -78.120165620804
Sum: 504 -> 462
Time elapsed in TRUNC: 0.00739113
Propagating t with norm 1
Memory usage : 11819256 865044 
Sweep has been running for 8.58383 seconds.

Sweep 34, optimizing sites 5 and 6
JCD used 8 iterations.
Time elapsed in JCD: 25.5678
Energy 1 -78.1201656246002
Sum: 1848 -> 501
Time elapsed in TRUNC: 0.0838273
Propagating t with norm 1
Memory usage : 11819256 902268 
Sweep has been running for 35.0373 seconds.

Sweep 34, optimizing sites 6 and 7
JCD used 5 iterations.
Time elapsed in JCD: 4.20653
Energy 1 -78.120165622107
Sum: 504 -> 462
Time elapsed in TRUNC: 0.00811809
Propagating t with norm 1
Memory usage : 11819256 902268 
Sweep has been running for 40.1882 seconds.

Sweep 34, optimizing sites 7 and 8
JCD used 1 iterations.
Time elapsed in JCD: 0.287426
Energy 1 -78.1201656237774
Sum: 140 -> 126
Time elapsed in TRUNC: 0.000959087
Propagating t with norm 1
Memory usage : 11819256 902268 
Sweep has been running for 40.7109 seconds.

Sweep 34, optimizing sites 8 and 9
JCD used 1 iterations.
Time elapsed in JCD: 0.0387177
Energy 1 -78.1201656237774
Sum: 40 -> 35
Time elapsed in TRUNC: 0.000185791
Propagating t with norm 1
Memory usage : 11819256 878576 
Sweep has been running for 40.7738 seconds.

Sweep 34, optimizing sites 9 and 10
JCD used 1 iterations.
Time elapsed in JCD: 0.00858909
Energy 1 -78.1201656237774
Sum: 12 -> 10
Time elapsed in TRUNC: 8.1371e-05
Propagating t with norm 1
Memory usage : 11819256 878576 
Sweep has been running for 40.7879 seconds.

Sweep 34, optimizing sites 10 and 11
JCD used 1 iterations.
Time elapsed in JCD: 0.00137388
Energy 1 -78.1201656237774
Sum: 4 -> 3
Time elapsed in TRUNC: 3.2081e-05
Propagating t with norm 1
Memory usage : 11819256 878576 
Sweep has been running for 40.7906 seconds.

Sweep 34, optimizing sites 10 and 11
JCD used 1 iterations.
Time elapsed in JCD: 0.00130804
Energy -1 -78.1201656237774
Sum: 4 -> 3
Time elapsed in TRUNC: 0.000240701
Propagating t with norm 1
Memory usage : 11819256 878576 
Sweep has been running for 40.7976 seconds.

Sweep 34, optimizing sites 9 and 10
JCD used 1 iterations.
Time elapsed in JCD: 0.00661669
Energy -1 -78.1201656237774
Sum: 12 -> 10
Time elapsed in TRUNC: 9.342e-05
Propagating t with norm 1
Memory usage : 11819256 878576 
Sweep has been running for 40.8093 seconds.

Sweep 34, optimizing sites 8 and 9
JCD used 1 iterations.
Time elapsed in JCD: 0.0364091
Energy -1 -78.1201656237775
Sum: 40 -> 35
Time elapsed in TRUNC: 0.000157931
Propagating t with norm 1
Memory usage : 11819256 878576 
Sweep has been running for 40.8538 seconds.

Sweep 34, optimizing sites 7 and 8
JCD used 1 iterations.
Time elapsed in JCD: 0.269208
Energy -1 -78.1201656237772
Sum: 140 -> 126
Time elapsed in TRUNC: 0.00138152
Propagating t with norm 1
Memory usage : 11819256 878576 
Sweep has been running for 41.1495 seconds.

Sweep 34, optimizing sites 6 and 7
JCD used 1 iterations.
Time elapsed in JCD: 0.883021
Energy -1 -78.1201656237764
Sum: 504 -> 462
Time elapsed in TRUNC: 0.00846702
Propagating t with norm 1
Memory usage : 11819256 878576 
Sweep has been running for 42.2063 seconds.

Sweep 34, optimizing sites 5 and 6
JCD used 7 iterations.
Time elapsed in JCD: 21.725
Energy -1 -78.1201656257725
Sum: 1848 -> 501
Time elapsed in TRUNC: 0.0831711
Propagating t with norm 1
Memory usage : 11819256 875644 
Sweep has been running for 64.6082 seconds.

Sweep 34, optimizing sites 4 and 5
JCD used 5 iterations.
Time elapsed in JCD: 3.42142
Energy -1 -78.1201656226011
Sum: 504 -> 462
Time elapsed in TRUNC: 0.00781583
Propagating t with norm 1
Memory usage : 11819256 875644 
Sweep has been running for 68.5428 seconds.

Sweep 34, optimizing sites 3 and 4
JCD used 1 iterations.
Time elapsed in JCD: 0.137191
Energy -1 -78.1201656237696
Sum: 140 -> 126
Time elapsed in TRUNC: 0.000935867
Propagating t with norm 1
Memory usage : 11819256 875644 
Sweep has been running for 68.7708 seconds.

Sweep 34, optimizing sites 2 and 3
JCD used 1 iterations.
Time elapsed in JCD: 0.0206293
Energy -1 -78.1201656237698
Sum: 40 -> 35
Time elapsed in TRUNC: 0.000199102
Propagating t with norm 1
Memory usage : 11819256 875644 
Sweep has been running for 68.8011 seconds.

Sweep 34, optimizing sites 1 and 2
JCD used 1 iterations.
Time elapsed in JCD: 0.00485254
Energy -1 -78.1201656237697
Sum: 12 -> 10
Time elapsed in TRUNC: 0.000240151
Propagating t with norm 1
Memory usage : 11819256 875644 
Sweep has been running for 68.8104 seconds.

Sweep 34, optimizing sites 0 and 1
JCD used 1 iterations.
Time elapsed in JCD: 0.000660125
Energy -1 -78.1201656237697
Sum: 4 -> 3
Time elapsed in TRUNC: 3.106e-05
Propagating t with norm 1
Memory usage : 11819256 875644 
Sweep has been running for 68.8122 seconds.

Sweep 35, optimizing sites 0 and 1
JCD used 1 iterations.
Time elapsed in JCD: 0.000770615
Energy 1 -78.1201656237697
Sum: 4 -> 3
Time elapsed in TRUNC: 4.3181e-05
Propagating t with norm 1
Memory usage : 11819256 875644 
Sweep has been running for 0.00157335 seconds.

Sweep 35, optimizing sites 1 and 2
JCD used 1 iterations.
Time elapsed in JCD: 0.00481622
Energy 1 -78.1201656237697
Sum: 12 -> 10
Time elapsed in TRUNC: 0.000134831
Propagating t with norm 1
Memory usage : 11819256 875644 
Sweep has been running for 0.00843192 seconds.

Sweep 35, optimizing sites 2 and 3
JCD used 1 iterations.
Time elapsed in JCD: 0.0175179
Energy 1 -78.1201656237698
Sum: 40 -> 35
Time elapsed in TRUNC: 0.000178241
Propagating t with norm 1
Memory usage : 11819256 875644 
Sweep has been running for 0.029581 seconds.

Sweep 35, optimizing sites 3 and 4
JCD used 1 iterations.
Time elapsed in JCD: 0.137285
Energy 1 -78.1201656237697
Sum: 140 -> 126
Time elapsed in TRUNC: 0.000999716
Propagating t with norm 1
Memory usage : 11819256 875644 
Sweep has been running for 0.184049 seconds.

Sweep 35, optimizing sites 4 and 5
JCD used 1 iterations.
Time elapsed in JCD: 0.690256
Energy 1 -78.12016562377
Sum: 504 -> 462
Time elapsed in TRUNC: 0.0075155
Propagating t with norm 1
Memory usage : 11819256 875644 
Sweep has been running for 1.02115 seconds.

Sweep 35, optimizing sites 5 and 6
JCD used 7 iterations.
Time elapsed in JCD: 22.0795
Energy 1 -78.1201656268973
Sum: 1848 -> 501
Time elapsed in TRUNC: 0.0847567
Propagating t with norm 1
Memory usage : 11819256 868948 
Sweep has been running for 23.9793 seconds.

Sweep 35, optimizing sites 6 and 7
JCD used 5 iterations.
Time elapsed in JCD: 4.29579
Energy 1 -78.1201656245329
Sum: 504 -> 462
Time elapsed in TRUNC: 0.008379
Propagating t with norm 1
Memory usage : 11819256 868948 
Sweep has been running for 29.2389 seconds.

Sweep 35, optimizing sites 7 and 8
JCD used 1 iterations.
Time elapsed in JCD: 0.296798
Energy 1 -78.1201656237772
Sum: 140 -> 126
Time elapsed in TRUNC: 0.00120076
Propagating t with norm 1
Memory usage : 11819256 868948 
Sweep has been running for 29.7872 seconds.

Sweep 35, optimizing sites 8 and 9
JCD used 1 iterations.
Time elapsed in JCD: 0.0460254
Energy 1 -78.1201656237774
Sum: 40 -> 35
Time elapsed in TRUNC: 0.000184181
Propagating t with norm 1
Memory usage : 11819256 868948 
Sweep has been running for 29.8624 seconds.

Sweep 35, optimizing sites 9 and 10
JCD used 1 iterations.
Time elapsed in JCD: 0.0103462
Energy 1 -78.1201656237774
Sum: 12 -> 10
Time elapsed in TRUNC: 9.9641e-05
Propagating t with norm 1
Memory usage : 11819256 868948 
Sweep has been running for 29.8799 seconds.

Sweep 35, optimizing sites 10 and 11
JCD used 1 iterations.
Time elapsed in JCD: 0.00226633
Energy 1 -78.1201656237774
Sum: 4 -> 3
Time elapsed in TRUNC: 3.489e-05
Propagating t with norm 1
Memory usage : 11819256 868948 
Sweep has been running for 29.8843 seconds.

Sweep 35, optimizing sites 10 and 11
JCD used 1 iterations.
Time elapsed in JCD: 0.0010885
Energy -1 -78.1201656237774
Sum: 4 -> 3
Time elapsed in TRUNC: 4.2291e-05
Propagating t with norm 1
Memory usage : 11819256 868948 
Sweep has been running for 29.891 seconds.

Sweep 35, optimizing sites 9 and 10
JCD used 1 iterations.
Time elapsed in JCD: 0.00553763
Energy -1 -78.1201656237774
Sum: 12 -> 10
Time elapsed in TRUNC: 8.4441e-05
Propagating t with norm 1
Memory usage : 11819256 868948 
Sweep has been running for 29.9016 seconds.

Sweep 35, optimizing sites 8 and 9
JCD used 1 iterations.
Time elapsed in JCD: 0.0378723
Energy -1 -78.1201656237774
Sum: 40 -> 35
Time elapsed in TRUNC: 0.000191081
Propagating t with norm 1
Memory usage : 11819256 868948 
Sweep has been running for 29.9483 seconds.

Sweep 35, optimizing sites 7 and 8
JCD used 1 iterations.
Time elapsed in JCD: 0.276408
Energy -1 -78.1201656237772
Sum: 140 -> 126
Time elapsed in TRUNC: 0.00103496
Propagating t with norm 1
Memory usage : 11819256 868948 
Sweep has been running for 30.251 seconds.

Sweep 35, optimizing sites 6 and 7
JCD used 1 iterations.
Time elapsed in JCD: 0.880165
Energy -1 -78.1201656237766
Sum: 504 -> 462
Time elapsed in TRUNC: 0.00841267
Propagating t with norm 1
Memory usage : 11819256 868948 
Sweep has been running for 31.3008 seconds.

Sweep 35, optimizing sites 5 and 6
JCD used 7 iterations.
Time elapsed in JCD: 22.7
Energy -1 -78.1201656244774
Sum: 1848 -> 501
Time elapsed in TRUNC: 0.0850975
Propagating t with norm 1
Memory usage : 11819256 868948 
Sweep has been running for 54.7232 seconds.

Sweep 35, optimizing sites 4 and 5
JCD used 5 iterations.
Time elapsed in JCD: 3.58592
Energy -1 -78.120165622024
Sum: 504 -> 462
Time elapsed in TRUNC: 0.00771145
Propagating t with norm 1
Memory usage : 11819256 868948 
Sweep has been running for 58.8474 seconds.

Sweep 35, optimizing sites 3 and 4
JCD used 1 iterations.
Time elapsed in JCD: 0.151043
Energy -1 -78.1201656237697
Sum: 140 -> 126
Time elapsed in TRUNC: 0.00114314
Propagating t with norm 1
Memory usage : 11819256 868948 
Sweep has been running for 59.0966 seconds.

Sweep 35, optimizing sites 2 and 3
JCD used 1 iterations.
Time elapsed in JCD: 0.0258074
Energy -1 -78.1201656237698
Sum: 40 -> 35
Time elapsed in TRUNC: 0.000380463
Propagating t with norm 1
Memory usage : 11819256 868948 
Sweep has been running for 59.1347 seconds.

Sweep 35, optimizing sites 1 and 2
JCD used 1 iterations.
Time elapsed in JCD: 0.00708589
Energy -1 -78.1201656237697
Sum: 12 -> 10
Time elapsed in TRUNC: 9.862e-05
Propagating t with norm 1
Memory usage : 11819256 868948 
Sweep has been running for 59.1454 seconds.

Sweep 35, optimizing sites 0 and 1
JCD used 1 iterations.
Time elapsed in JCD: 0.000725265
Energy -1 -78.1201656237697
Sum: 4 -> 3
Time elapsed in TRUNC: 0.000213592
Propagating t with norm 1
Memory usage : 11819256 868948 
Sweep has been running for 59.1483 seconds.

Sweep 36, optimizing sites 0 and 1
JCD used 1 iterations.
Time elapsed in JCD: 0.00126541
Energy 1 -78.1201656237697
Sum: 4 -> 3
Time elapsed in TRUNC: 7.0251e-05
Propagating t with norm 1
Memory usage : 11819256 868948 
Sweep has been running for 0.00236881 seconds.

Sweep 36, optimizing sites 1 and 2
JCD used 1 iterations.
Time elapsed in JCD: 0.00367076
Energy 1 -78.1201656237697
Sum: 12 -> 10
Time elapsed in TRUNC: 0.000113621
Propagating t with norm 1
Memory usage : 11819256 868948 
Sweep has been running for 0.00767709 seconds.

Sweep 36, optimizing sites 2 and 3
JCD used 1 iterations.
Time elapsed in JCD: 0.0177462
Energy 1 -78.1201656237698
Sum: 40 -> 35
Time elapsed in TRUNC: 0.000174361
Propagating t with norm 1
Memory usage : 11819256 868948 
Sweep has been running for 0.0294529 seconds.

Sweep 36, optimizing sites 3 and 4
JCD used 1 iterations.
Time elapsed in JCD: 0.139643
Energy 1 -78.1201656237697
Sum: 140 -> 126
Time elapsed in TRUNC: 0.0010174
Propagating t with norm 1
Memory usage : 11819256 868948 
Sweep has been running for 0.186675 seconds.

Sweep 36, optimizing sites 4 and 5
JCD used 1 iterations.
Time elapsed in JCD: 0.744771
Energy 1 -78.1201656237699
Sum: 504 -> 462
Time elapsed in TRUNC: 0.0077933
Propagating t with norm 1
Memory usage : 11819256 868948 
Sweep has been running for 1.08564 seconds.

Sweep 36, optimizing sites 5 and 6
JCD used 7 iterations.
Time elapsed in JCD: 22.7623
Energy 1 -78.1201656256909
Sum: 1848 -> 501
Time elapsed in TRUNC: 0.0843802
Propagating t with norm 1
Memory usage : 11819256 868948 
Sweep has been running for 24.7309 seconds.

Sweep 36, optimizing sites 6 and 7
JCD used 5 iterations.
Time elapsed in JCD: 4.27104
Energy 1 -78.1201656244237
Sum: 504 -> 462
Time elapsed in TRUNC: 0.00877363
Propagating t with norm 1
Memory usage : 11819256 868948 
Sweep has been running for 29.9567 seconds.

Sweep 36, optimizing sites 7 and 8
JCD used 1 iterations.
Time elapsed in JCD: 0.277252
Energy 1 -78.1201656237773
Sum: 140 -> 126
Time elapsed in TRUNC: 0.000984967
Propagating t with norm 1
Memory usage : 11819256 868948 
Sweep has been running for 30.4653 seconds.

Sweep 36, optimizing sites 8 and 9
JCD used 1 iterations.
Time elapsed in JCD: 0.0390328
Energy 1 -78.1201656237775
Sum: 40 -> 35
Time elapsed in TRUNC: 0.000187852
Propagating t with norm 1
Memory usage : 11819256 868948 
Sweep has been running for 30.5306 seconds.

Sweep 36, optimizing sites 9 and 10
JCD used 1 iterations.
Time elapsed in JCD: 0.00962358
Energy 1 -78.1201656237774
Sum: 12 -> 10
Time elapsed in TRUNC: 9.2271e-05
Propagating t with norm 1
Memory usage : 11819256 868948 
Sweep has been running for 30.5468 seconds.

Sweep 36, optimizing sites 10 and 11
JCD used 1 iterations.
Time elapsed in JCD: 0.0021091
Energy 1 -78.1201656237774
Sum: 4 -> 3
Time elapsed in TRUNC: 0.00010165
Propagating t with norm 1
Memory usage : 11819256 868948 
Sweep has been running for 30.5513 seconds.

Sweep 36, optimizing sites 10 and 11
JCD used 1 iterations.
Time elapsed in JCD: 0.00100321
Energy -1 -78.1201656237775
Sum: 4 -> 3
Time elapsed in TRUNC: 3.238e-05
Propagating t with norm 1
Memory usage : 11819256 868948 
Sweep has been running for 30.5604 seconds.

Sweep 36, optimizing sites 9 and 10
JCD used 1 iterations.
Time elapsed in JCD: 0.00611167
Energy -1 -78.1201656237774
Sum: 12 -> 10
Time elapsed in TRUNC: 8.5811e-05
Propagating t with norm 1
Memory usage : 11819256 868948 
Sweep has been running for 30.5715 seconds.

Sweep 36, optimizing sites 8 and 9
JCD used 1 iterations.
Time elapsed in JCD: 0.0377065
Energy -1 -78.1201656237775
Sum: 40 -> 35
Time elapsed in TRUNC: 0.000162231
Propagating t with norm 1
Memory usage : 11819256 868948 
Sweep has been running for 30.6178 seconds.

Sweep 36, optimizing sites 7 and 8
JCD used 1 iterations.
Time elapsed in JCD: 0.284459
Energy -1 -78.1201656237773
Sum: 140 -> 126
Time elapsed in TRUNC: 0.00120786
Propagating t with norm 1
Memory usage : 11819256 868948 
Sweep has been running for 30.9281 seconds.

Sweep 36, optimizing sites 6 and 7
JCD used 1 iterations.
Time elapsed in JCD: 0.866262
Energy -1 -78.1201656237766
Sum: 504 -> 462
Time elapsed in TRUNC: 0.00869599
Propagating t with norm 1
Memory usage : 11819256 868948 
Sweep has been running for 31.9608 seconds.

Sweep 36, optimizing sites 5 and 6
JCD used 7 iterations.
Time elapsed in JCD: 22.3534
Energy -1 -78.1201656245681
Sum: 1848 -> 501
Time elapsed in TRUNC: 0.0837748
Propagating t with norm 1
Memory usage : 11819256 868916 
Sweep has been running for 54.9857 seconds.

Sweep 36, optimizing sites 4 and 5
JCD used 5 iterations.
Time elapsed in JCD: 3.45394
Energy -1 -78.1201656220391
Sum: 504 -> 462
Time elapsed in TRUNC: 0.00773058
Propagating t with norm 1
Memory usage : 11819256 868916 
Sweep has been running for 58.9566 seconds.

Sweep 36, optimizing sites 3 and 4
JCD used 1 iterations.
Time elapsed in JCD: 0.139073
Energy -1 -78.1201656237697
Sum: 140 -> 126
Time elapsed in TRUNC: 0.00108127
Propagating t with norm 1
Memory usage : 11819256 868916 
Sweep has been running for 59.1942 seconds.

Sweep 36, optimizing sites 2 and 3
JCD used 1 iterations.
Time elapsed in JCD: 0.0234399
Energy -1 -78.1201656237697
Sum: 40 -> 35
Time elapsed in TRUNC: 0.000192121
Propagating t with norm 1
Memory usage : 11819256 868916 
Sweep has been running for 59.2276 seconds.

Sweep 36, optimizing sites 1 and 2
JCD used 1 iterations.
Time elapsed in JCD: 0.00697245
Energy -1 -78.1201656237697
Sum: 12 -> 10
Time elapsed in TRUNC: 8.9841e-05
Propagating t with norm 1
Memory usage : 11819256 868916 
Sweep has been running for 59.2377 seconds.

Sweep 36, optimizing sites 0 and 1
JCD used 1 iterations.
Time elapsed in JCD: 0.000695315
Energy -1 -78.1201656237697
Sum: 4 -> 3
Time elapsed in TRUNC: 3.106e-05
Propagating t with norm 1
Memory usage : 11819256 868916 
Sweep has been running for 59.2402 seconds.

Sweep 37, optimizing sites 0 and 1
JCD used 1 iterations.
Time elapsed in JCD: 0.000753655
Energy 1 -78.1201656237697
Sum: 4 -> 3
Time elapsed in TRUNC: 4.34e-05
Propagating t with norm 1
Memory usage : 11819256 868916 
Sweep has been running for 0.00152844 seconds.

Sweep 37, optimizing sites 1 and 2
JCD used 1 iterations.
Time elapsed in JCD: 0.00312842
Energy 1 -78.1201656237697
Sum: 12 -> 10
Time elapsed in TRUNC: 7.9411e-05
Propagating t with norm 1
Memory usage : 11819256 868916 
Sweep has been running for 0.00584111 seconds.

Sweep 37, optimizing sites 2 and 3
JCD used 1 iterations.
Time elapsed in JCD: 0.0174859
Energy 1 -78.1201656237697
Sum: 40 -> 35
Time elapsed in TRUNC: 0.000169331
Propagating t with norm 1
Memory usage : 11819256 868916 
Sweep has been running for 0.0278555 seconds.

Sweep 37, optimizing sites 3 and 4
JCD used 1 iterations.
Time elapsed in JCD: 0.143558
Energy 1 -78.1201656237697
Sum: 140 -> 126
Time elapsed in TRUNC: 0.00116636
Propagating t with norm 1
Memory usage : 11819256 868916 
Sweep has been running for 0.190442 seconds.

Sweep 37, optimizing sites 4 and 5
JCD used 1 iterations.
Time elapsed in JCD: 0.697269
Energy 1 -78.1201656237698
Sum: 504 -> 462
Time elapsed in TRUNC: 0.00758898
Propagating t with norm 1
Memory usage : 11819256 868916 
Sweep has been running for 1.03799 seconds.

Sweep 37, optimizing sites 5 and 6
JCD used 7 iterations.
Time elapsed in JCD: 22.3932
Energy 1 -78.1201656256426
Sum: 1848 -> 501
Time elapsed in TRUNC: 0.0833837
Propagating t with norm 1
Memory usage : 11819256 868916 
Sweep has been running for 24.2993 seconds.

Sweep 37, optimizing sites 6 and 7
JCD used 5 iterations.
Time elapsed in JCD: 4.2866
Energy 1 -78.1201656244173
Sum: 504 -> 462
Time elapsed in TRUNC: 0.00835187
Propagating t with norm 1
Memory usage : 11819256 868916 
Sweep has been running for 29.5308 seconds.

Sweep 37, optimizing sites 7 and 8
JCD used 1 iterations.
Time elapsed in JCD: 0.285512
Energy 1 -78.1201656237773
Sum: 140 -> 126
Time elapsed in TRUNC: 0.00100746
Propagating t with norm 1
Memory usage : 11819256 868916 
Sweep has been running for 30.0546 seconds.

Sweep 37, optimizing sites 8 and 9
JCD used 1 iterations.
Time elapsed in JCD: 0.0455216
Energy 1 -78.1201656237774
Sum: 40 -> 35
Time elapsed in TRUNC: 0.000199802
Propagating t with norm 1
Memory usage : 11819256 868916 
Sweep has been running for 30.1308 seconds.

Sweep 37, optimizing sites 9 and 10
JCD used 1 iterations.
Time elapsed in JCD: 0.009172
Energy 1 -78.1201656237774
Sum: 12 -> 10
Time elapsed in TRUNC: 0.000106961
Propagating t with norm 1
Memory usage : 11819256 868916 
Sweep has been running for 30.1465 seconds.

Sweep 37, optimizing sites 10 and 11
JCD used 1 iterations.
Time elapsed in JCD: 0.00128292
Energy 1 -78.1201656237774
Sum: 4 -> 3
Time elapsed in TRUNC: 3.208e-05
Propagating t with norm 1
Memory usage : 11819256 868916 
Sweep has been running for 30.1504 seconds.

Sweep 37, optimizing sites 10 and 11
JCD used 1 iterations.
Time elapsed in JCD: 0.00140709
Energy -1 -78.1201656237774
Sum: 4 -> 3
Time elapsed in TRUNC: 5.8781e-05
Propagating t with norm 1
Memory usage : 11819256 868916 
Sweep has been running for 30.1575 seconds.

Sweep 37, optimizing sites 9 and 10
JCD used 1 iterations.
Time elapsed in JCD: 0.00644585
Energy -1 -78.1201656237774
Sum: 12 -> 10
Time elapsed in TRUNC: 8.661e-05
Propagating t with norm 1
Memory usage : 11819256 868916 
Sweep has been running for 30.169 seconds.

Sweep 37, optimizing sites 8 and 9
JCD used 1 iterations.
Time elapsed in JCD: 0.0351842
Energy -1 -78.1201656237774
Sum: 40 -> 35
Time elapsed in TRUNC: 0.000163621
Propagating t with norm 1
Memory usage : 11819256 868916 
Sweep has been running for 30.2124 seconds.

Sweep 37, optimizing sites 7 and 8
JCD used 1 iterations.
Time elapsed in JCD: 0.281703
Energy -1 -78.1201656237773
Sum: 140 -> 126
Time elapsed in TRUNC: 0.00122216
Propagating t with norm 1
Memory usage : 11819256 868916 
Sweep has been running for 30.5221 seconds.

Sweep 37, optimizing sites 6 and 7
JCD used 1 iterations.
Time elapsed in JCD: 0.881384
Energy -1 -78.1201656237765
Sum: 504 -> 462
Time elapsed in TRUNC: 0.00913425
Propagating t with norm 1
Memory usage : 11819256 868916 
Sweep has been running for 31.5847 seconds.

Sweep 37, optimizing sites 5 and 6
JCD used 7 iterations.
Time elapsed in JCD: 22.4503
Energy -1 -78.1201656245718
Sum: 1848 -> 501
Time elapsed in TRUNC: 0.084069
Propagating t with norm 1
Memory usage : 11819256 868684 
Sweep has been running for 54.7297 seconds.

Sweep 37, optimizing sites 4 and 5
JCD used 5 iterations.
Time elapsed in JCD: 3.48878
Energy -1 -78.1201656220398
Sum: 504 -> 462
Time elapsed in TRUNC: 0.00752568
Propagating t with norm 1
Memory usage : 11819256 868684 
Sweep has been running for 58.7362 seconds.

Sweep 37, optimizing sites 3 and 4
JCD used 1 iterations.
Time elapsed in JCD: 0.140148
Energy -1 -78.1201656237696
Sum: 140 -> 126
Time elapsed in TRUNC: 0.000976116
Propagating t with norm 1
Memory usage : 11819256 868684 
Sweep has been running for 58.9692 seconds.

Sweep 37, optimizing sites 2 and 3
JCD used 1 iterations.
Time elapsed in JCD: 0.0231841
Energy -1 -78.1201656237696
Sum: 40 -> 35
Time elapsed in TRUNC: 0.000199182
Propagating t with norm 1
Memory usage : 11819256 868684 
Sweep has been running for 59.0035 seconds.

Sweep 37, optimizing sites 1 and 2
JCD used 1 iterations.
Time elapsed in JCD: 0.00562478
Energy -1 -78.1201656237696
Sum: 12 -> 10
Time elapsed in TRUNC: 8.7731e-05
Propagating t with norm 1
Memory usage : 11819256 868684 
Sweep has been running for 59.0123 seconds.

Sweep 37, optimizing sites 0 and 1
JCD used 1 iterations.
Time elapsed in JCD: 0.00120954
Energy -1 -78.1201656237696
Sum: 4 -> 3
Time elapsed in TRUNC: 3.1691e-05
Propagating t with norm 1
Memory usage : 11819256 868684 
Sweep has been running for 59.0147 seconds.
Measuring oneptdm
 measuring in su2 version of tagged_nrank 
Measuring twoptdm
 measuring in su2 version of tagged_nrank 
The hamiltonian will contain 10453 terms
MPO Bond 0: 96/35
MPO Bond 1: 102/38
MPO Bond 2: 116/45
MPO Bond 3: 138/56
MPO Bond 4: 168/71
MPO Bond 5: 206/90
MPO Bond 6: 252/113
MPO Bond 7: 306/140
MPO Bond 8: 368/171
MPO Bond 9: 438/206
MPO Bond 10: 10/3
MPO Bond 11: 1/0
This binary contains symmetries: 2u1pg su2u1pg 
DMRG version 3.1.1
Temporary storage enabled in ./tmp//storage_temp_432e8be3850b/
Will start again at site -1 in sweep 38
Loading checkpoint from /public/home/xzzeng/work/HQC/Ethene/autoCAS/autocas_project/final/autocas_project.checkpoint_state.0.h5
Parameters:
               Sites: 12
           Electrons: 12
                Spin: 0
               Irrep: 0
The hamiltonian will contain 10453 terms
MPO Bond 0: 96/35
MPO Bond 1: 102/38
MPO Bond 2: 116/45
MPO Bond 3: 138/56
MPO Bond 4: 168/71
MPO Bond 5: 206/90
MPO Bond 6: 252/113
MPO Bond 7: 306/140
MPO Bond 8: 368/171
MPO Bond 9: 438/206
MPO Bond 10: 10/3
MPO Bond 11: 1/0
MPS initialization has finished...
Expecting 0 states to orthogonalize to.
Boundaries are partially initialized...
Boundaries are fully initialized...
Done init_left_right
TSMPOTensor: 1x102,  102 operators, 102 tags
TSMPOTensor: 96x116,  391 operators, 294 tags
TSMPOTensor: 102x138,  655 operators, 532 tags
TSMPOTensor: 116x168,  955 operators, 792 tags
TSMPOTensor: 138x206,  1255 operators, 1040 tags
TSMPOTensor: 168x252,  1519 operators, 1240 tags
TSMPOTensor: 206x306,  1711 operators, 1356 tags
TSMPOTensor: 252x368,  1795 operators, 1352 tags
TSMPOTensor: 306x438,  1735 operators, 1192 tags
TSMPOTensor: 368x10,  989 operators, 824 tags
TSMPOTensor: 438x1,  438 operators, 242 tags
Total number of tags: 8966

Sweep 38, optimizing sites 0 and 1
JCD used 5 iterations.
Time elapsed in JCD: 0.00274269
Energy 1 -78.1201656979244
Sum: 4 -> 3
Time elapsed in TRUNC: 4.497e-05
Propagating t with norm 1
Memory usage : 11819256 868684 
Sweep has been running for 0.00383175 seconds.

Sweep 38, optimizing sites 1 and 2
JCD used 8 iterations.
Time elapsed in JCD: 0.0231518
Energy 1 -78.120165701155
Sum: 12 -> 10
Time elapsed in TRUNC: 7.237e-05
Propagating t with norm 1
Memory usage : 11819256 868684 
Sweep has been running for 0.0280005 seconds.

Sweep 38, optimizing sites 2 and 3
JCD used 9 iterations.
Time elapsed in JCD: 0.130682
Energy 1 -78.1201657131188
Sum: 40 -> 35
Time elapsed in TRUNC: 0.000155741
Propagating t with norm 1
Memory usage : 11819256 868684 
Sweep has been running for 0.161406 seconds.

Sweep 38, optimizing sites 3 and 4
JCD used 10 iterations.
Time elapsed in JCD: 1.28468
Energy 1 -78.1201657138504
Sum: 140 -> 126
Time elapsed in TRUNC: 0.000871786
Propagating t with norm 1
Memory usage : 11819256 868684 
Sweep has been running for 1.46279 seconds.

Sweep 38, optimizing sites 4 and 5
JCD used 9 iterations.
Time elapsed in JCD: 6.03439
Energy 1 -78.1201657174937
Sum: 504 -> 462
Time elapsed in TRUNC: 0.00755804
Propagating t with norm 1
Memory usage : 11819256 868684 
Sweep has been running for 7.64069 seconds.

Sweep 38, optimizing sites 5 and 6
JCD used 8 iterations.
Time elapsed in JCD: 24.9139
Energy 1 -78.1201657200428
Sum: 1848 -> 501
Time elapsed in TRUNC: 0.0838296
Propagating t with norm 1
Memory usage : 11819256 892104 
Sweep has been running for 33.4292 seconds.

Sweep 38, optimizing sites 6 and 7
JCD used 5 iterations.
Time elapsed in JCD: 4.13113
Energy 1 -78.120165716252
Sum: 504 -> 462
Time elapsed in TRUNC: 0.00808105
Propagating t with norm 1
Memory usage : 11819256 892104 
Sweep has been running for 38.4913 seconds.

Sweep 38, optimizing sites 7 and 8
JCD used 1 iterations.
Time elapsed in JCD: 0.271218
Energy 1 -78.1201657176249
Sum: 140 -> 126
Time elapsed in TRUNC: 0.000978667
Propagating t with norm 1
Memory usage : 11819256 867172 
Sweep has been running for 38.9843 seconds.

Sweep 38, optimizing sites 8 and 9
JCD used 1 iterations.
Time elapsed in JCD: 0.0376256
Energy 1 -78.1201657176251
Sum: 40 -> 35
Time elapsed in TRUNC: 0.000177692
Propagating t with norm 1
Memory usage : 11819256 867172 
Sweep has been running for 39.046 seconds.

Sweep 38, optimizing sites 9 and 10
JCD used 1 iterations.
Time elapsed in JCD: 0.00664781
Energy 1 -78.1201657176251
Sum: 12 -> 10
Time elapsed in TRUNC: 8.605e-05
Propagating t with norm 1
Memory usage : 11819256 867172 
Sweep has been running for 39.0579 seconds.

Sweep 38, optimizing sites 10 and 11
JCD used 1 iterations.
Time elapsed in JCD: 0.0010429
Energy 1 -78.1201657176251
Sum: 4 -> 3
Time elapsed in TRUNC: 3.396e-05
Propagating t with norm 1
Memory usage : 11819256 867172 
Sweep has been running for 39.0601 seconds.

Sweep 38, optimizing sites 10 and 11
JCD used 1 iterations.
Time elapsed in JCD: 0.00122681
Energy -1 -78.1201657176251
Sum: 4 -> 3
Time elapsed in TRUNC: 3.279e-05
Propagating t with norm 1
Memory usage : 11819256 867172 
Sweep has been running for 39.0664 seconds.

Sweep 38, optimizing sites 9 and 10
JCD used 1 iterations.
Time elapsed in JCD: 0.00533381
Energy -1 -78.1201657176251
Sum: 12 -> 10
Time elapsed in TRUNC: 7.703e-05
Propagating t with norm 1
Memory usage : 11819256 867172 
Sweep has been running for 39.0764 seconds.

Sweep 38, optimizing sites 8 and 9
JCD used 1 iterations.
Time elapsed in JCD: 0.0327689
Energy -1 -78.1201657176251
Sum: 40 -> 35
Time elapsed in TRUNC: 0.000152711
Propagating t with norm 1
Memory usage : 11819256 867172 
Sweep has been running for 39.117 seconds.

Sweep 38, optimizing sites 7 and 8
JCD used 1 iterations.
Time elapsed in JCD: 0.263443
Energy -1 -78.1201657176249
Sum: 140 -> 126
Time elapsed in TRUNC: 0.00116205
Propagating t with norm 1
Memory usage : 11819256 867172 
Sweep has been running for 39.4062 seconds.

Sweep 38, optimizing sites 6 and 7
JCD used 1 iterations.
Time elapsed in JCD: 0.844355
Energy -1 -78.1201657176241
Sum: 504 -> 462
Time elapsed in TRUNC: 0.00856601
Propagating t with norm 1
Memory usage : 11819256 867172 
Sweep has been running for 40.4225 seconds.

Sweep 38, optimizing sites 5 and 6
JCD used 7 iterations.
Time elapsed in JCD: 21.5739
Energy -1 -78.1201657208398
Sum: 1848 -> 501
Time elapsed in TRUNC: 0.0842186
Propagating t with norm 1
Memory usage : 11819256 866940 
Sweep has been running for 62.6813 seconds.

Sweep 38, optimizing sites 4 and 5
JCD used 5 iterations.
Time elapsed in JCD: 3.36899
Energy -1 -78.1201657150167
Sum: 504 -> 462
Time elapsed in TRUNC: 0.00749011
Propagating t with norm 1
Memory usage : 11819256 866940 
Sweep has been running for 66.573 seconds.

Sweep 38, optimizing sites 3 and 4
JCD used 1 iterations.
Time elapsed in JCD: 0.143066
Energy -1 -78.1201657176172
Sum: 140 -> 126
Time elapsed in TRUNC: 0.00112334
Propagating t with norm 1
Memory usage : 11819256 866940 
Sweep has been running for 66.808 seconds.

Sweep 38, optimizing sites 2 and 3
JCD used 1 iterations.
Time elapsed in JCD: 0.0190101
Energy -1 -78.1201657176173
Sum: 40 -> 35
Time elapsed in TRUNC: 0.000181731
Propagating t with norm 1
Memory usage : 11819256 866940 
Sweep has been running for 66.8371 seconds.

Sweep 38, optimizing sites 1 and 2
JCD used 1 iterations.
Time elapsed in JCD: 0.00657827
Energy -1 -78.1201657176172
Sum: 12 -> 10
Time elapsed in TRUNC: 7.541e-05
Propagating t with norm 1
Memory usage : 11819256 866940 
Sweep has been running for 66.8471 seconds.

Sweep 38, optimizing sites 0 and 1
JCD used 1 iterations.
Time elapsed in JCD: 0.000852696
Energy -1 -78.1201657176172
Sum: 4 -> 3
Time elapsed in TRUNC: 3.247e-05
Propagating t with norm 1
Memory usage : 11819256 866940 
Sweep has been running for 66.8496 seconds.

Sweep 39, optimizing sites 0 and 1
JCD used 1 iterations.
Time elapsed in JCD: 0.00114489
Energy 1 -78.1201657176172
Sum: 4 -> 3
Time elapsed in TRUNC: 5.589e-05
Propagating t with norm 1
Memory usage : 11819256 866940 
Sweep has been running for 0.00207273 seconds.

Sweep 39, optimizing sites 1 and 2
JCD used 1 iterations.
Time elapsed in JCD: 0.00359794
Energy 1 -78.1201657176172
Sum: 12 -> 10
Time elapsed in TRUNC: 8.703e-05
Propagating t with norm 1
Memory usage : 11819256 866940 
Sweep has been running for 0.00691068 seconds.

Sweep 39, optimizing sites 2 and 3
JCD used 1 iterations.
Time elapsed in JCD: 0.0160598
Energy 1 -78.1201657176173
Sum: 40 -> 35
Time elapsed in TRUNC: 0.000163711
Propagating t with norm 1
Memory usage : 11819256 866940 
Sweep has been running for 0.026622 seconds.

Sweep 39, optimizing sites 3 and 4
JCD used 1 iterations.
Time elapsed in JCD: 0.130142
Energy 1 -78.1201657176172
Sum: 140 -> 126
Time elapsed in TRUNC: 0.000973046
Propagating t with norm 1
Memory usage : 11819256 866940 
Sweep has been running for 0.174709 seconds.

Sweep 39, optimizing sites 4 and 5
JCD used 1 iterations.
Time elapsed in JCD: 0.675311
Energy 1 -78.1201657176176
Sum: 504 -> 462
Time elapsed in TRUNC: 0.00746726
Propagating t with norm 1
Memory usage : 11819256 866940 
Sweep has been running for 0.998003 seconds.

Sweep 39, optimizing sites 5 and 6
JCD used 7 iterations.
Time elapsed in JCD: 21.6954
Energy 1 -78.1201657221382
Sum: 1848 -> 501
Time elapsed in TRUNC: 0.0837732
Propagating t with norm 1
Memory usage : 11819256 866940 
Sweep has been running for 23.5659 seconds.

Sweep 39, optimizing sites 6 and 7
JCD used 5 iterations.
Time elapsed in JCD: 4.21767
Energy 1 -78.1201657163346
Sum: 504 -> 462
Time elapsed in TRUNC: 0.00813818
Propagating t with norm 1
Memory usage : 11819256 866940 
Sweep has been running for 28.7452 seconds.

Sweep 39, optimizing sites 7 and 8
JCD used 1 iterations.
Time elapsed in JCD: 0.287918
Energy 1 -78.1201657176247
Sum: 140 -> 126
Time elapsed in TRUNC: 0.00115128
Propagating t with norm 1
Memory usage : 11819256 866940 
Sweep has been running for 29.2733 seconds.

Sweep 39, optimizing sites 8 and 9
JCD used 1 iterations.
Time elapsed in JCD: 0.0436104
Energy 1 -78.1201657176249
Sum: 40 -> 35
Time elapsed in TRUNC: 0.000188781
Propagating t with norm 1
Memory usage : 11819256 866940 
Sweep has been running for 29.3443 seconds.

Sweep 39, optimizing sites 9 and 10
JCD used 1 iterations.
Time elapsed in JCD: 0.00790725
Energy 1 -78.1201657176249
Sum: 12 -> 10
Time elapsed in TRUNC: 9.2211e-05
Propagating t with norm 1
Memory usage : 11819256 866940 
Sweep has been running for 29.359 seconds.

Sweep 39, optimizing sites 10 and 11
JCD used 1 iterations.
Time elapsed in JCD: 0.00148461
Energy 1 -78.120165717625
Sum: 4 -> 3
Time elapsed in TRUNC: 7.3681e-05
Propagating t with norm 1
Memory usage : 11819256 866940 
Sweep has been running for 29.3631 seconds.

Sweep 39, optimizing sites 10 and 11
JCD used 1 iterations.
Time elapsed in JCD: 0.0012078
Energy -1 -78.120165717625
Sum: 4 -> 3
Time elapsed in TRUNC: 3.2421e-05
Propagating t with norm 1
Memory usage : 11819256 866940 
Sweep has been running for 29.3702 seconds.

Sweep 39, optimizing sites 9 and 10
JCD used 1 iterations.
Time elapsed in JCD: 0.00621342
Energy -1 -78.1201657176249
Sum: 12 -> 10
Time elapsed in TRUNC: 7.8921e-05
Propagating t with norm 1
Memory usage : 11819256 866940 
Sweep has been running for 29.3815 seconds.

Sweep 39, optimizing sites 8 and 9
JCD used 1 iterations.
Time elapsed in JCD: 0.0369367
Energy -1 -78.120165717625
Sum: 40 -> 35
Time elapsed in TRUNC: 0.000153471
Propagating t with norm 1
Memory usage : 11819256 866940 
Sweep has been running for 29.4266 seconds.

Sweep 39, optimizing sites 7 and 8
JCD used 1 iterations.
Time elapsed in JCD: 0.282859
Energy -1 -78.1201657176248
Sum: 140 -> 126
Time elapsed in TRUNC: 0.00100695
Propagating t with norm 1
Memory usage : 11819256 866940 
Sweep has been running for 29.734 seconds.

Sweep 39, optimizing sites 6 and 7
JCD used 1 iterations.
Time elapsed in JCD: 0.86632
Energy -1 -78.1201657176239
Sum: 504 -> 462
Time elapsed in TRUNC: 0.00885505
Propagating t with norm 1
Memory usage : 11819256 866940 
Sweep has been running for 30.7783 seconds.

Sweep 39, optimizing sites 5 and 6
JCD used 7 iterations.
Time elapsed in JCD: 22.0383
Energy -1 -78.1201657235574
Sum: 1848 -> 501
Time elapsed in TRUNC: 0.0832442
Propagating t with norm 1
Memory usage : 11819256 866940 
Sweep has been running for 53.4975 seconds.

Sweep 39, optimizing sites 4 and 5
JCD used 5 iterations.
Time elapsed in JCD: 3.3768
Energy -1 -78.1201657203264
Sum: 504 -> 462
Time elapsed in TRUNC: 0.00732875
Propagating t with norm 1
Memory usage : 11819256 866940 
Sweep has been running for 57.3892 seconds.

Sweep 39, optimizing sites 3 and 4
JCD used 1 iterations.
Time elapsed in JCD: 0.136118
Energy -1 -78.1201657176172
Sum: 140 -> 126
Time elapsed in TRUNC: 0.0012908
Propagating t with norm 1
Memory usage : 11819256 866940 
Sweep has been running for 57.6197 seconds.

Sweep 39, optimizing sites 2 and 3
JCD used 1 iterations.
Time elapsed in JCD: 0.0211384
Energy -1 -78.1201657176173
Sum: 40 -> 35
Time elapsed in TRUNC: 0.000194582
Propagating t with norm 1
Memory usage : 11819256 866940 
Sweep has been running for 57.6506 seconds.

Sweep 39, optimizing sites 1 and 2
JCD used 1 iterations.
Time elapsed in JCD: 0.00568012
Energy -1 -78.1201657176173
Sum: 12 -> 10
Time elapsed in TRUNC: 8.6821e-05
Propagating t with norm 1
Memory usage : 11819256 866940 
Sweep has been running for 57.6595 seconds.

Sweep 39, optimizing sites 0 and 1
JCD used 1 iterations.
Time elapsed in JCD: 0.000585054
Energy -1 -78.1201657176173
Sum: 4 -> 3
Time elapsed in TRUNC: 3.0821e-05
Propagating t with norm 1
Memory usage : 11819256 866940 
Sweep has been running for 57.6617 seconds.

Sweep 40, optimizing sites 0 and 1
JCD used 1 iterations.
Time elapsed in JCD: 0.000904166
Energy 1 -78.1201657176173
Sum: 4 -> 3
Time elapsed in TRUNC: 4.581e-05
Propagating t with norm 1
Memory usage : 11819256 866940 
Sweep has been running for 0.00163498 seconds.

Sweep 40, optimizing sites 1 and 2
JCD used 1 iterations.
Time elapsed in JCD: 0.00388668
Energy 1 -78.1201657176173
Sum: 12 -> 10
Time elapsed in TRUNC: 8.1881e-05
Propagating t with norm 1
Memory usage : 11819256 866940 
Sweep has been running for 0.00722489 seconds.

Sweep 40, optimizing sites 2 and 3
JCD used 1 iterations.
Time elapsed in JCD: 0.0160016
Energy 1 -78.1201657176173
Sum: 40 -> 35
Time elapsed in TRUNC: 0.000163811
Propagating t with norm 1
Memory usage : 11819256 866940 
Sweep has been running for 0.0262881 seconds.

Sweep 40, optimizing sites 3 and 4
JCD used 1 iterations.
Time elapsed in JCD: 0.130276
Energy 1 -78.1201657176173
Sum: 140 -> 126
Time elapsed in TRUNC: 0.00130653
Propagating t with norm 1
Memory usage : 11819256 866940 
Sweep has been running for 0.175064 seconds.

Sweep 40, optimizing sites 4 and 5
JCD used 1 iterations.
Time elapsed in JCD: 0.692765
Energy 1 -78.1201657176176
Sum: 504 -> 462
Time elapsed in TRUNC: 0.00819339
Propagating t with norm 1
Memory usage : 11819256 866940 
Sweep has been running for 1.02236 seconds.

Sweep 40, optimizing sites 5 and 6
JCD used 7 iterations.
Time elapsed in JCD: 21.8312
Energy 1 -78.1201657208019
Sum: 1848 -> 501
Time elapsed in TRUNC: 0.0831767
Propagating t with norm 1
Memory usage : 11819256 866940 
Sweep has been running for 23.7269 seconds.

Sweep 40, optimizing sites 6 and 7
JCD used 5 iterations.
Time elapsed in JCD: 4.14979
Energy 1 -78.1201657162511
Sum: 504 -> 462
Time elapsed in TRUNC: 0.00823163
Propagating t with norm 1
Memory usage : 11819256 866940 
Sweep has been running for 28.8264 seconds.

Sweep 40, optimizing sites 7 and 8
JCD used 1 iterations.
Time elapsed in JCD: 0.269865
Energy 1 -78.120165717625
Sum: 140 -> 126
Time elapsed in TRUNC: 0.000989127
Propagating t with norm 1
Memory usage : 11819256 866940 
Sweep has been running for 29.325 seconds.

Sweep 40, optimizing sites 8 and 9
JCD used 1 iterations.
Time elapsed in JCD: 0.0377095
Energy 1 -78.120165717625
Sum: 40 -> 35
Time elapsed in TRUNC: 0.000176681
Propagating t with norm 1
Memory usage : 11819256 866940 
Sweep has been running for 29.3878 seconds.

Sweep 40, optimizing sites 9 and 10
JCD used 1 iterations.
Time elapsed in JCD: 0.00880769
Energy 1 -78.120165717625
Sum: 12 -> 10
Time elapsed in TRUNC: 8.633e-05
Propagating t with norm 1
Memory usage : 11819256 866940 
Sweep has been running for 29.4027 seconds.

Sweep 40, optimizing sites 10 and 11
JCD used 1 iterations.
Time elapsed in JCD: 0.00109779
Energy 1 -78.120165717625
Sum: 4 -> 3
Time elapsed in TRUNC: 6.717e-05
Propagating t with norm 1
Memory usage : 11819256 866940 
Sweep has been running for 29.4061 seconds.

Sweep 40, optimizing sites 10 and 11
JCD used 1 iterations.
Time elapsed in JCD: 0.00118924
Energy -1 -78.120165717625
Sum: 4 -> 3
Time elapsed in TRUNC: 4.15e-05
Propagating t with norm 1
Memory usage : 11819256 866940 
Sweep has been running for 29.4127 seconds.

Sweep 40, optimizing sites 9 and 10
JCD used 1 iterations.
Time elapsed in JCD: 0.00547317
Energy -1 -78.120165717625
Sum: 12 -> 10
Time elapsed in TRUNC: 7.739e-05
Propagating t with norm 1
Memory usage : 11819256 866940 
Sweep has been running for 29.4231 seconds.

Sweep 40, optimizing sites 8 and 9
JCD used 1 iterations.
Time elapsed in JCD: 0.0349119
Energy -1 -78.120165717625
Sum: 40 -> 35
Time elapsed in TRUNC: 0.000156651
Propagating t with norm 1
Memory usage : 11819256 866940 
Sweep has been running for 29.4658 seconds.

Sweep 40, optimizing sites 7 and 8
JCD used 1 iterations.
Time elapsed in JCD: 0.270961
Energy -1 -78.1201657176249
Sum: 140 -> 126
Time elapsed in TRUNC: 0.00132948
Propagating t with norm 1
Memory usage : 11819256 866940 
Sweep has been running for 29.7641 seconds.

Sweep 40, optimizing sites 6 and 7
JCD used 1 iterations.
Time elapsed in JCD: 0.847611
Energy -1 -78.1201657176241
Sum: 504 -> 462
Time elapsed in TRUNC: 0.00854771
Propagating t with norm 1
Memory usage : 11819256 866940 
Sweep has been running for 30.7772 seconds.

Sweep 40, optimizing sites 5 and 6
JCD used 7 iterations.
Time elapsed in JCD: 21.4031
Energy -1 -78.1201657236174
Sum: 1848 -> 501
Time elapsed in TRUNC: 0.0837494
Propagating t with norm 1
Memory usage : 11819256 866940 
Sweep has been running for 52.8504 seconds.

Sweep 40, optimizing sites 4 and 5
JCD used 5 iterations.
Time elapsed in JCD: 3.26136
Energy -1 -78.1201657203356
Sum: 504 -> 462
Time elapsed in TRUNC: 0.00732767
Propagating t with norm 1
Memory usage : 11819256 866940 
Sweep has been running for 56.6086 seconds.

Sweep 40, optimizing sites 3 and 4
JCD used 1 iterations.
Time elapsed in JCD: 0.135975
Energy -1 -78.1201657176173
Sum: 140 -> 126
Time elapsed in TRUNC: 0.000964007
Propagating t with norm 1
Memory usage : 11819256 866940 
Sweep has been running for 56.8324 seconds.

Sweep 40, optimizing sites 2 and 3
JCD used 1 iterations.
Time elapsed in JCD: 0.021649
Energy -1 -78.1201657176173
Sum: 40 -> 35
Time elapsed in TRUNC: 0.000194611
Propagating t with norm 1
Memory usage : 11819256 866940 
Sweep has been running for 56.8644 seconds.

Sweep 40, optimizing sites 1 and 2
JCD used 1 iterations.
Time elapsed in JCD: 0.00369181
Energy -1 -78.1201657176173
Sum: 12 -> 10
Time elapsed in TRUNC: 0.000306682
Propagating t with norm 1
Memory usage : 11819256 866940 
Sweep has been running for 56.8723 seconds.

Sweep 40, optimizing sites 0 and 1
JCD used 1 iterations.
Time elapsed in JCD: 0.000616604
Energy -1 -78.1201657176173
Sum: 4 -> 3
Time elapsed in TRUNC: 3.1161e-05
Propagating t with norm 1
Memory usage : 11819256 866940 
Sweep has been running for 56.8741 seconds.
Measuring oneptdm
 measuring in su2 version of tagged_nrank 
Measuring twoptdm
 measuring in su2 version of tagged_nrank 
The hamiltonian will contain 10449 terms
MPO Bond 0: 96/35
MPO Bond 1: 102/38
MPO Bond 2: 116/45
MPO Bond 3: 138/56
MPO Bond 4: 168/71
MPO Bond 5: 206/90
MPO Bond 6: 252/113
MPO Bond 7: 306/140
MPO Bond 8: 368/171
MPO Bond 9: 438/206
MPO Bond 10: 10/3
MPO Bond 11: 1/0
This binary contains symmetries: 2u1pg su2u1pg 
DMRG version 3.1.1
Temporary storage enabled in ./tmp//storage_temp_43c1df579150/
Will start again at site -1 in sweep 41
Loading checkpoint from /public/home/xzzeng/work/HQC/Ethene/autoCAS/autocas_project/final/autocas_project.checkpoint_state.0.h5
Parameters:
               Sites: 12
           Electrons: 12
                Spin: 0
               Irrep: 0
The hamiltonian will contain 10449 terms
MPO Bond 0: 96/35
MPO Bond 1: 102/38
MPO Bond 2: 116/45
MPO Bond 3: 138/56
MPO Bond 4: 168/71
MPO Bond 5: 206/90
MPO Bond 6: 252/113
MPO Bond 7: 306/140
MPO Bond 8: 368/171
MPO Bond 9: 438/206
MPO Bond 10: 10/3
MPO Bond 11: 1/0
MPS initialization has finished...
Expecting 0 states to orthogonalize to.
Boundaries are partially initialized...
Boundaries are fully initialized...
Done init_left_right
TSMPOTensor: 1x102,  102 operators, 102 tags
TSMPOTensor: 96x116,  391 operators, 294 tags
TSMPOTensor: 102x138,  655 operators, 530 tags
TSMPOTensor: 116x168,  955 operators, 790 tags
TSMPOTensor: 138x206,  1255 operators, 1040 tags
TSMPOTensor: 168x252,  1519 operators, 1240 tags
TSMPOTensor: 206x306,  1711 operators, 1356 tags
TSMPOTensor: 252x368,  1795 operators, 1352 tags
TSMPOTensor: 306x438,  1735 operators, 1192 tags
TSMPOTensor: 368x10,  989 operators, 824 tags
TSMPOTensor: 438x1,  438 operators, 242 tags
Total number of tags: 8962

Sweep 41, optimizing sites 0 and 1
JCD used 5 iterations.
Time elapsed in JCD: 0.00263893
Energy 1 -78.120165743653
Sum: 4 -> 3
Time elapsed in TRUNC: 0.000235992
Propagating t with norm 1
Memory usage : 11819256 866940 
Sweep has been running for 0.00388345 seconds.

Sweep 41, optimizing sites 1 and 2
JCD used 7 iterations.
Time elapsed in JCD: 0.0204957
Energy 1 -78.1201657492381
Sum: 12 -> 10
Time elapsed in TRUNC: 6.6391e-05
Propagating t with norm 1
Memory usage : 11819256 866940 
Sweep has been running for 0.0253845 seconds.

Sweep 41, optimizing sites 2 and 3
JCD used 7 iterations.
Time elapsed in JCD: 0.101932
Energy 1 -78.1201657492077
Sum: 40 -> 35
Time elapsed in TRUNC: 0.000155532
Propagating t with norm 1
Memory usage : 11819256 866940 
Sweep has been running for 0.130072 seconds.

Sweep 41, optimizing sites 3 and 4
JCD used 9 iterations.
Time elapsed in JCD: 1.17646
Energy 1 -78.1201657492094
Sum: 140 -> 126
Time elapsed in TRUNC: 0.000871706
Propagating t with norm 1
Memory usage : 11819256 866940 
Sweep has been running for 1.32217 seconds.

Sweep 41, optimizing sites 4 and 5
JCD used 7 iterations.
Time elapsed in JCD: 4.57204
Energy 1 -78.1201657506055
Sum: 504 -> 462
Time elapsed in TRUNC: 0.00747273
Propagating t with norm 1
Memory usage : 11819256 866940 
Sweep has been running for 6.04079 seconds.

Sweep 41, optimizing sites 5 and 6
JCD used 7 iterations.
Time elapsed in JCD: 21.514
Energy 1 -78.120165753385
Sum: 1848 -> 501
Time elapsed in TRUNC: 0.0842054
Propagating t with norm 1
Memory usage : 11819256 893516 
Sweep has been running for 28.4169 seconds.

Sweep 41, optimizing sites 6 and 7
JCD used 5 iterations.
Time elapsed in JCD: 4.11442
Energy 1 -78.12016574644
Sum: 504 -> 462
Time elapsed in TRUNC: 0.00817556
Propagating t with norm 1
Memory usage : 11819256 893516 
Sweep has been running for 33.4849 seconds.

Sweep 41, optimizing sites 7 and 8
JCD used 1 iterations.
Time elapsed in JCD: 0.277179
Energy 1 -78.1201657494531
Sum: 140 -> 126
Time elapsed in TRUNC: 0.000958847
Propagating t with norm 1
Memory usage : 11819256 869264 
Sweep has been running for 33.9897 seconds.

Sweep 41, optimizing sites 8 and 9
JCD used 1 iterations.
Time elapsed in JCD: 0.040267
Energy 1 -78.1201657494533
Sum: 40 -> 35
Time elapsed in TRUNC: 0.000179881
Propagating t with norm 1
Memory usage : 11819256 865044 
Sweep has been running for 34.0562 seconds.

Sweep 41, optimizing sites 9 and 10
JCD used 1 iterations.
Time elapsed in JCD: 0.00649128
Energy 1 -78.1201657494533
Sum: 12 -> 10
Time elapsed in TRUNC: 8.3701e-05
Propagating t with norm 1
Memory usage : 11819256 865044 
Sweep has been running for 34.0688 seconds.

Sweep 41, optimizing sites 10 and 11
JCD used 1 iterations.
Time elapsed in JCD: 0.00111447
Energy 1 -78.1201657494533
Sum: 4 -> 3
Time elapsed in TRUNC: 3.203e-05
Propagating t with norm 1
Memory usage : 11819256 865044 
Sweep has been running for 34.0712 seconds.

Sweep 41, optimizing sites 10 and 11
JCD used 1 iterations.
Time elapsed in JCD: 0.000910966
Energy -1 -78.1201657494533
Sum: 4 -> 3
Time elapsed in TRUNC: 3.1151e-05
Propagating t with norm 1
Memory usage : 11819256 865044 
Sweep has been running for 34.0775 seconds.

Sweep 41, optimizing sites 9 and 10
JCD used 1 iterations.
Time elapsed in JCD: 0.00570475
Energy -1 -78.1201657494533
Sum: 12 -> 10
Time elapsed in TRUNC: 7.4391e-05
Propagating t with norm 1
Memory usage : 11819256 865044 
Sweep has been running for 34.0879 seconds.

Sweep 41, optimizing sites 8 and 9
JCD used 1 iterations.
Time elapsed in JCD: 0.0340753
Energy -1 -78.1201657494533
Sum: 40 -> 35
Time elapsed in TRUNC: 0.000153971
Propagating t with norm 1
Memory usage : 11819256 865044 
Sweep has been running for 34.1296 seconds.

Sweep 41, optimizing sites 7 and 8
JCD used 1 iterations.
Time elapsed in JCD: 0.277369
Energy -1 -78.1201657494531
Sum: 140 -> 126
Time elapsed in TRUNC: 0.000970237
Propagating t with norm 1
Memory usage : 11819256 865044 
Sweep has been running for 34.4314 seconds.

Sweep 41, optimizing sites 6 and 7
JCD used 1 iterations.
Time elapsed in JCD: 0.854725
Energy -1 -78.120165749452
Sum: 504 -> 462
Time elapsed in TRUNC: 0.00849317
Propagating t with norm 1
Memory usage : 11819256 865044 
Sweep has been running for 35.4584 seconds.

Sweep 41, optimizing sites 5 and 6
JCD used 7 iterations.
Time elapsed in JCD: 21.6895
Energy -1 -78.1201657550726
Sum: 1848 -> 501
Time elapsed in TRUNC: 0.083039
Propagating t with norm 1
Memory usage : 11819256 900440 
Sweep has been running for 57.8146 seconds.

Sweep 41, optimizing sites 4 and 5
JCD used 5 iterations.
Time elapsed in JCD: 3.33271
Energy -1 -78.1201657504952
Sum: 504 -> 462
Time elapsed in TRUNC: 0.00760814
Propagating t with norm 1
Memory usage : 11819256 900440 
Sweep has been running for 61.6588 seconds.

Sweep 41, optimizing sites 3 and 4
JCD used 1 iterations.
Time elapsed in JCD: 0.1381
Energy -1 -78.1201657494453
Sum: 140 -> 126
Time elapsed in TRUNC: 0.000901337
Propagating t with norm 1
Memory usage : 11819256 865044 
Sweep has been running for 61.8887 seconds.

Sweep 41, optimizing sites 2 and 3
JCD used 1 iterations.
Time elapsed in JCD: 0.0230737
Energy -1 -78.1201657494454
Sum: 40 -> 35
Time elapsed in TRUNC: 0.000188621
Propagating t with norm 1
Memory usage : 11819256 865044 
Sweep has been running for 61.9211 seconds.

Sweep 41, optimizing sites 1 and 2
JCD used 1 iterations.
Time elapsed in JCD: 0.00481394
Energy -1 -78.1201657494454
Sum: 12 -> 10
Time elapsed in TRUNC: 7.6771e-05
Propagating t with norm 1
Memory usage : 11819256 865044 
Sweep has been running for 61.9289 seconds.

Sweep 41, optimizing sites 0 and 1
JCD used 1 iterations.
Time elapsed in JCD: 0.000699425
Energy -1 -78.1201657494454
Sum: 4 -> 3
Time elapsed in TRUNC: 7.2161e-05
Propagating t with norm 1
Memory usage : 11819256 865044 
Sweep has been running for 61.9311 seconds.

Sweep 42, optimizing sites 0 and 1
JCD used 1 iterations.
Time elapsed in JCD: 0.0011169
Energy 1 -78.1201657494454
Sum: 4 -> 3
Time elapsed in TRUNC: 7.5511e-05
Propagating t with norm 1
Memory usage : 11819256 865044 
Sweep has been running for 0.00200374 seconds.

Sweep 42, optimizing sites 1 and 2
JCD used 1 iterations.
Time elapsed in JCD: 0.00327271
Energy 1 -78.1201657494454
Sum: 12 -> 10
Time elapsed in TRUNC: 7.781e-05
Propagating t with norm 1
Memory usage : 11819256 865044 
Sweep has been running for 0.00637123 seconds.

Sweep 42, optimizing sites 2 and 3
JCD used 1 iterations.
Time elapsed in JCD: 0.0150834
Energy 1 -78.1201657494454
Sum: 40 -> 35
Time elapsed in TRUNC: 0.000161481
Propagating t with norm 1
Memory usage : 11819256 865044 
Sweep has been running for 0.0245424 seconds.

Sweep 42, optimizing sites 3 and 4
JCD used 1 iterations.
Time elapsed in JCD: 0.136076
Energy 1 -78.1201657494454
Sum: 140 -> 126
Time elapsed in TRUNC: 0.000958457
Propagating t with norm 1
Memory usage : 11819256 865044 
Sweep has been running for 0.176007 seconds.

Sweep 42, optimizing sites 4 and 5
JCD used 1 iterations.
Time elapsed in JCD: 0.690747
Energy 1 -78.1201657494457
Sum: 504 -> 462
Time elapsed in TRUNC: 0.00795307
Propagating t with norm 1
Memory usage : 11819256 865044 
Sweep has been running for 1.02223 seconds.

Sweep 42, optimizing sites 5 and 6
JCD used 7 iterations.
Time elapsed in JCD: 21.4168
Energy 1 -78.1201657535977
Sum: 1848 -> 501
Time elapsed in TRUNC: 0.0825481
Propagating t with norm 1
Memory usage : 11819256 865044 
Sweep has been running for 23.3189 seconds.

Sweep 42, optimizing sites 6 and 7
JCD used 5 iterations.
Time elapsed in JCD: 4.21791
Energy 1 -78.1201657464455
Sum: 504 -> 462
Time elapsed in TRUNC: 0.00836851
Propagating t with norm 1
Memory usage : 11819256 865044 
Sweep has been running for 28.4845 seconds.

Sweep 42, optimizing sites 7 and 8
JCD used 1 iterations.
Time elapsed in JCD: 0.268006
Energy 1 -78.1201657494531
Sum: 140 -> 126
Time elapsed in TRUNC: 0.00117738
Propagating t with norm 1
Memory usage : 11819256 865044 
Sweep has been running for 28.9843 seconds.

Sweep 42, optimizing sites 8 and 9
JCD used 1 iterations.
Time elapsed in JCD: 0.0405511
Energy 1 -78.1201657494534
Sum: 40 -> 35
Time elapsed in TRUNC: 0.000180201
Propagating t with norm 1
Memory usage : 11819256 865044 
Sweep has been running for 29.0505 seconds.

Sweep 42, optimizing sites 9 and 10
JCD used 1 iterations.
Time elapsed in JCD: 0.00955552
Energy 1 -78.1201657494533
Sum: 12 -> 10
Time elapsed in TRUNC: 0.000101171
Propagating t with norm 1
Memory usage : 11819256 865044 
Sweep has been running for 29.0669 seconds.

Sweep 42, optimizing sites 10 and 11
JCD used 1 iterations.
Time elapsed in JCD: 0.00201525
Energy 1 -78.1201657494533
Sum: 4 -> 3
Time elapsed in TRUNC: 3.648e-05
Propagating t with norm 1
Memory usage : 11819256 865044 
Sweep has been running for 29.0708 seconds.

Sweep 42, optimizing sites 10 and 11
JCD used 1 iterations.
Time elapsed in JCD: 0.00108663
Energy -1 -78.1201657494533
Sum: 4 -> 3
Time elapsed in TRUNC: 3.199e-05
Propagating t with norm 1
Memory usage : 11819256 865044 
Sweep has been running for 29.0774 seconds.

Sweep 42, optimizing sites 9 and 10
JCD used 1 iterations.
Time elapsed in JCD: 0.00580464
Energy -1 -78.1201657494534
Sum: 12 -> 10
Time elapsed in TRUNC: 8.368e-05
Propagating t with norm 1
Memory usage : 11819256 865044 
Sweep has been running for 29.0881 seconds.

Sweep 42, optimizing sites 8 and 9
JCD used 1 iterations.
Time elapsed in JCD: 0.035572
Energy -1 -78.1201657494534
Sum: 40 -> 35
Time elapsed in TRUNC: 0.000167901
Propagating t with norm 1
Memory usage : 11819256 865044 
Sweep has been running for 29.1316 seconds.

Sweep 42, optimizing sites 7 and 8
JCD used 1 iterations.
Time elapsed in JCD: 0.274405
Energy -1 -78.1201657494532
Sum: 140 -> 126
Time elapsed in TRUNC: 0.00102534
Propagating t with norm 1
Memory usage : 11819256 865044 
Sweep has been running for 29.4314 seconds.

Sweep 42, optimizing sites 6 and 7
JCD used 1 iterations.
Time elapsed in JCD: 0.852447
Energy -1 -78.1201657494522
Sum: 504 -> 462
Time elapsed in TRUNC: 0.00878729
Propagating t with norm 1
Memory usage : 11819256 865044 
Sweep has been running for 30.4506 seconds.

Sweep 42, optimizing sites 5 and 6
JCD used 7 iterations.
Time elapsed in JCD: 21.8928
Energy -1 -78.1201657549032
Sum: 1848 -> 501
Time elapsed in TRUNC: 0.0835049
Propagating t with norm 1
Memory usage : 11819256 865044 
Sweep has been running for 53.0312 seconds.

Sweep 42, optimizing sites 4 and 5
JCD used 5 iterations.
Time elapsed in JCD: 3.47184
Energy -1 -78.1201657506265
Sum: 504 -> 462
Time elapsed in TRUNC: 0.00791915
Propagating t with norm 1
Memory usage : 11819256 865044 
Sweep has been running for 57.0219 seconds.

Sweep 42, optimizing sites 3 and 4
JCD used 1 iterations.
Time elapsed in JCD: 0.136773
Energy -1 -78.1201657494455
Sum: 140 -> 126
Time elapsed in TRUNC: 0.000948227
Propagating t with norm 1
Memory usage : 11819256 865044 
Sweep has been running for 57.2475 seconds.

Sweep 42, optimizing sites 2 and 3
JCD used 1 iterations.
Time elapsed in JCD: 0.021527
Energy -1 -78.1201657494455
Sum: 40 -> 35
Time elapsed in TRUNC: 0.000197261
Propagating t with norm 1
Memory usage : 11819256 865044 
Sweep has been running for 57.2788 seconds.

Sweep 42, optimizing sites 1 and 2
JCD used 1 iterations.
Time elapsed in JCD: 0.0058486
Energy -1 -78.1201657494455
Sum: 12 -> 10
Time elapsed in TRUNC: 9.66e-05
Propagating t with norm 1
Memory usage : 11819256 865044 
Sweep has been running for 57.2876 seconds.

Sweep 42, optimizing sites 0 and 1
JCD used 1 iterations.
Time elapsed in JCD: 0.000644725
Energy -1 -78.1201657494455
Sum: 4 -> 3
Time elapsed in TRUNC: 3.54e-05
Propagating t with norm 1
Memory usage : 11819256 865044 
Sweep has been running for 57.2899 seconds.
Measuring oneptdm
 measuring in su2 version of tagged_nrank 
Measuring twoptdm
 measuring in su2 version of tagged_nrank 
The hamiltonian will contain 10453 terms
MPO Bond 0: 96/35
MPO Bond 1: 102/38
MPO Bond 2: 116/45
MPO Bond 3: 138/56
MPO Bond 4: 168/71
MPO Bond 5: 206/90
MPO Bond 6: 252/113
MPO Bond 7: 306/140
MPO Bond 8: 368/171
MPO Bond 9: 438/206
MPO Bond 10: 10/3
MPO Bond 11: 1/0
This binary contains symmetries: 2u1pg su2u1pg 
DMRG version 3.1.1
Temporary storage enabled in ./tmp//storage_temp_ebb881c0f577/
Will start again at site -1 in sweep 43
Loading checkpoint from /public/home/xzzeng/work/HQC/Ethene/autoCAS/autocas_project/final/autocas_project.checkpoint_state.0.h5
Parameters:
               Sites: 12
           Electrons: 12
                Spin: 0
               Irrep: 0
The hamiltonian will contain 10453 terms
MPO Bond 0: 96/35
MPO Bond 1: 102/38
MPO Bond 2: 116/45
MPO Bond 3: 138/56
MPO Bond 4: 168/71
MPO Bond 5: 206/90
MPO Bond 6: 252/113
MPO Bond 7: 306/140
MPO Bond 8: 368/171
MPO Bond 9: 438/206
MPO Bond 10: 10/3
MPO Bond 11: 1/0
MPS initialization has finished...
Expecting 0 states to orthogonalize to.
Boundaries are partially initialized...
Boundaries are fully initialized...
Done init_left_right
TSMPOTensor: 1x102,  102 operators, 102 tags
TSMPOTensor: 96x116,  391 operators, 294 tags
TSMPOTensor: 102x138,  655 operators, 532 tags
TSMPOTensor: 116x168,  955 operators, 792 tags
TSMPOTensor: 138x206,  1255 operators, 1040 tags
TSMPOTensor: 168x252,  1519 operators, 1240 tags
TSMPOTensor: 206x306,  1711 operators, 1356 tags
TSMPOTensor: 252x368,  1795 operators, 1352 tags
TSMPOTensor: 306x438,  1735 operators, 1192 tags
TSMPOTensor: 368x10,  989 operators, 824 tags
TSMPOTensor: 438x1,  438 operators, 242 tags
Total number of tags: 8966

Sweep 43, optimizing sites 0 and 1
JCD used 4 iterations.
Time elapsed in JCD: 0.00212932
Energy 1 -78.1201657545944
Sum: 4 -> 3
Time elapsed in TRUNC: 4.396e-05
Propagating t with norm 1
Memory usage : 11819256 865044 
Sweep has been running for 0.00302573 seconds.

Sweep 43, optimizing sites 1 and 2
JCD used 7 iterations.
Time elapsed in JCD: 0.0202945
Energy 1 -78.1201657544681
Sum: 12 -> 10
Time elapsed in TRUNC: 6.686e-05
Propagating t with norm 1
Memory usage : 11819256 865044 
Sweep has been running for 0.0244992 seconds.

Sweep 43, optimizing sites 2 and 3
JCD used 7 iterations.
Time elapsed in JCD: 0.104074
Energy 1 -78.1201657571398
Sum: 40 -> 35
Time elapsed in TRUNC: 0.000344942
Propagating t with norm 1
Memory usage : 11819256 865044 
Sweep has been running for 0.13209 seconds.

Sweep 43, optimizing sites 3 and 4
JCD used 8 iterations.
Time elapsed in JCD: 1.02453
Energy 1 -78.1201657615437
Sum: 140 -> 126
Time elapsed in TRUNC: 0.000864376
Propagating t with norm 1
Memory usage : 11819256 865044 
Sweep has been running for 1.17144 seconds.

Sweep 43, optimizing sites 4 and 5
JCD used 7 iterations.
Time elapsed in JCD: 4.64974
Energy 1 -78.120165754786
Sum: 504 -> 462
Time elapsed in TRUNC: 0.00720805
Propagating t with norm 1
Memory usage : 11819256 865044 
Sweep has been running for 5.96702 seconds.

Sweep 43, optimizing sites 5 and 6
JCD used 7 iterations.
Time elapsed in JCD: 21.6549
Energy 1 -78.1201657587922
Sum: 1848 -> 501
Time elapsed in TRUNC: 0.0823482
Propagating t with norm 1
Memory usage : 11819256 865044 
Sweep has been running for 28.4791 seconds.

Sweep 43, optimizing sites 6 and 7
JCD used 5 iterations.
Time elapsed in JCD: 4.17329
Energy 1 -78.1201657599323
Sum: 504 -> 462
Time elapsed in TRUNC: 0.00800083
Propagating t with norm 1
Memory usage : 11819256 865044 
Sweep has been running for 33.5996 seconds.

Sweep 43, optimizing sites 7 and 8
JCD used 1 iterations.
Time elapsed in JCD: 0.27149
Energy 1 -78.1201657573986
Sum: 140 -> 126
Time elapsed in TRUNC: 0.000967467
Propagating t with norm 1
Memory usage : 11819256 865044 
Sweep has been running for 34.0911 seconds.

Sweep 43, optimizing sites 8 and 9
JCD used 1 iterations.
Time elapsed in JCD: 0.0345992
Energy 1 -78.1201657573989
Sum: 40 -> 35
Time elapsed in TRUNC: 0.000174502
Propagating t with norm 1
Memory usage : 11819256 865044 
Sweep has been running for 34.151 seconds.

Sweep 43, optimizing sites 9 and 10
JCD used 1 iterations.
Time elapsed in JCD: 0.00841775
Energy 1 -78.1201657573989
Sum: 12 -> 10
Time elapsed in TRUNC: 7.9131e-05
Propagating t with norm 1
Memory usage : 11819256 865044 
Sweep has been running for 34.1648 seconds.

Sweep 43, optimizing sites 10 and 11
JCD used 1 iterations.
Time elapsed in JCD: 0.00146199
Energy 1 -78.1201657573989
Sum: 4 -> 3
Time elapsed in TRUNC: 7.695e-05
Propagating t with norm 1
Memory usage : 11819256 865044 
Sweep has been running for 34.1695 seconds.

Sweep 43, optimizing sites 10 and 11
JCD used 1 iterations.
Time elapsed in JCD: 0.00103006
Energy -1 -78.1201657573989
Sum: 4 -> 3
Time elapsed in TRUNC: 5.6181e-05
Propagating t with norm 1
Memory usage : 11819256 865044 
Sweep has been running for 34.1796 seconds.

Sweep 43, optimizing sites 9 and 10
JCD used 1 iterations.
Time elapsed in JCD: 0.00601718
Energy -1 -78.1201657573989
Sum: 12 -> 10
Time elapsed in TRUNC: 8.249e-05
Propagating t with norm 1
Memory usage : 11819256 865044 
Sweep has been running for 34.1903 seconds.

Sweep 43, optimizing sites 8 and 9
JCD used 1 iterations.
Time elapsed in JCD: 0.0330016
Energy -1 -78.120165757399
Sum: 40 -> 35
Time elapsed in TRUNC: 0.000155361
Propagating t with norm 1
Memory usage : 11819256 865044 
Sweep has been running for 34.2312 seconds.

Sweep 43, optimizing sites 7 and 8
JCD used 1 iterations.
Time elapsed in JCD: 0.26211
Energy -1 -78.1201657573987
Sum: 140 -> 126
Time elapsed in TRUNC: 0.000980247
Propagating t with norm 1
Memory usage : 11819256 865044 
Sweep has been running for 34.5187 seconds.

Sweep 43, optimizing sites 6 and 7
JCD used 1 iterations.
Time elapsed in JCD: 0.849962
Energy -1 -78.1201657573977
Sum: 504 -> 462
Time elapsed in TRUNC: 0.0087915
Propagating t with norm 1
Memory usage : 11819256 865044 
Sweep has been running for 35.537 seconds.

Sweep 43, optimizing sites 5 and 6
JCD used 7 iterations.
Time elapsed in JCD: 21.6109
Energy -1 -78.1201657623896
Sum: 1848 -> 501
Time elapsed in TRUNC: 0.0836352
Propagating t with norm 1
Memory usage : 11819256 865044 
Sweep has been running for 57.8272 seconds.

Sweep 43, optimizing sites 4 and 5
JCD used 5 iterations.
Time elapsed in JCD: 3.44453
Energy -1 -78.1201657560611
Sum: 504 -> 462
Time elapsed in TRUNC: 0.00767736
Propagating t with norm 1
Memory usage : 11819256 865044 
Sweep has been running for 61.805 seconds.

Sweep 43, optimizing sites 3 and 4
JCD used 1 iterations.
Time elapsed in JCD: 0.141628
Energy -1 -78.120165757391
Sum: 140 -> 126
Time elapsed in TRUNC: 0.00113774
Propagating t with norm 1
Memory usage : 11819256 865044 
Sweep has been running for 62.0356 seconds.

Sweep 43, optimizing sites 2 and 3
JCD used 1 iterations.
Time elapsed in JCD: 0.0223403
Energy -1 -78.1201657573911
Sum: 40 -> 35
Time elapsed in TRUNC: 0.000188941
Propagating t with norm 1
Memory usage : 11819256 865044 
Sweep has been running for 62.0675 seconds.

Sweep 43, optimizing sites 1 and 2
JCD used 1 iterations.
Time elapsed in JCD: 0.00530967
Energy -1 -78.1201657573911
Sum: 12 -> 10
Time elapsed in TRUNC: 0.000169051
Propagating t with norm 1
Memory usage : 11819256 865044 
Sweep has been running for 62.0766 seconds.

Sweep 43, optimizing sites 0 and 1
JCD used 1 iterations.
Time elapsed in JCD: 0.00111142
Energy -1 -78.1201657573911
Sum: 4 -> 3
Time elapsed in TRUNC: 9.4191e-05
Propagating t with norm 1
Memory usage : 11819256 865044 
Sweep has been running for 62.0795 seconds.

Sweep 44, optimizing sites 0 and 1
JCD used 1 iterations.
Time elapsed in JCD: 0.000976777
Energy 1 -78.1201657573911
Sum: 4 -> 3
Time elapsed in TRUNC: 6.6961e-05
Propagating t with norm 1
Memory usage : 11819256 865044 
Sweep has been running for 0.00183239 seconds.

Sweep 44, optimizing sites 1 and 2
JCD used 1 iterations.
Time elapsed in JCD: 0.00360195
Energy 1 -78.1201657573911
Sum: 12 -> 10
Time elapsed in TRUNC: 7.6731e-05
Propagating t with norm 1
Memory usage : 11819256 865044 
Sweep has been running for 0.00674569 seconds.

Sweep 44, optimizing sites 2 and 3
JCD used 1 iterations.
Time elapsed in JCD: 0.015195
Energy 1 -78.1201657573912
Sum: 40 -> 35
Time elapsed in TRUNC: 0.000171071
Propagating t with norm 1
Memory usage : 11819256 865044 
Sweep has been running for 0.0265868 seconds.

Sweep 44, optimizing sites 3 and 4
JCD used 1 iterations.
Time elapsed in JCD: 0.133615
Energy 1 -78.120165757391
Sum: 140 -> 126
Time elapsed in TRUNC: 0.000973456
Propagating t with norm 1
Memory usage : 11819256 865044 
Sweep has been running for 0.17646 seconds.

Sweep 44, optimizing sites 4 and 5
JCD used 1 iterations.
Time elapsed in JCD: 0.691042
Energy 1 -78.1201657573912
Sum: 504 -> 462
Time elapsed in TRUNC: 0.00747606
Propagating t with norm 1
Memory usage : 11819256 865044 
Sweep has been running for 1.01507 seconds.

Sweep 44, optimizing sites 5 and 6
JCD used 7 iterations.
Time elapsed in JCD: 21.9389
Energy 1 -78.1201657599201
Sum: 1848 -> 501
Time elapsed in TRUNC: 0.0832373
Propagating t with norm 1
Memory usage : 11819256 887232 
Sweep has been running for 23.8265 seconds.

Sweep 44, optimizing sites 6 and 7
JCD used 5 iterations.
Time elapsed in JCD: 4.28951
Energy 1 -78.120165758157
Sum: 504 -> 462
Time elapsed in TRUNC: 0.00856763
Propagating t with norm 1
Memory usage : 11819256 887232 
Sweep has been running for 29.0631 seconds.

Sweep 44, optimizing sites 7 and 8
JCD used 1 iterations.
Time elapsed in JCD: 0.26774
Energy 1 -78.1201657573988
Sum: 140 -> 126
Time elapsed in TRUNC: 0.000961016
Propagating t with norm 1
Memory usage : 11819256 887232 
Sweep has been running for 29.5568 seconds.

Sweep 44, optimizing sites 8 and 9
JCD used 1 iterations.
Time elapsed in JCD: 0.0451611
Energy 1 -78.1201657573991
Sum: 40 -> 35
Time elapsed in TRUNC: 0.000188662
Propagating t with norm 1
Memory usage : 11819256 865044 
Sweep has been running for 29.6283 seconds.

Sweep 44, optimizing sites 9 and 10
JCD used 1 iterations.
Time elapsed in JCD: 0.00847697
Energy 1 -78.120165757399
Sum: 12 -> 10
Time elapsed in TRUNC: 0.000309002
Propagating t with norm 1
Memory usage : 11819256 865044 
Sweep has been running for 29.6434 seconds.

Sweep 44, optimizing sites 10 and 11
JCD used 1 iterations.
Time elapsed in JCD: 0.00222878
Energy 1 -78.120165757399
Sum: 4 -> 3
Time elapsed in TRUNC: 3.577e-05
Propagating t with norm 1
Memory usage : 11819256 865044 
Sweep has been running for 29.6474 seconds.

Sweep 44, optimizing sites 10 and 11
JCD used 1 iterations.
Time elapsed in JCD: 0.000925926
Energy -1 -78.120165757399
Sum: 4 -> 3
Time elapsed in TRUNC: 3.0661e-05
Propagating t with norm 1
Memory usage : 11819256 865044 
Sweep has been running for 29.6573 seconds.

Sweep 44, optimizing sites 9 and 10
JCD used 1 iterations.
Time elapsed in JCD: 0.00635099
Energy -1 -78.120165757399
Sum: 12 -> 10
Time elapsed in TRUNC: 8.1801e-05
Propagating t with norm 1
Memory usage : 11819256 865044 
Sweep has been running for 29.6687 seconds.

Sweep 44, optimizing sites 8 and 9
JCD used 1 iterations.
Time elapsed in JCD: 0.0339598
Energy -1 -78.120165757399
Sum: 40 -> 35
Time elapsed in TRUNC: 0.000159281
Propagating t with norm 1
Memory usage : 11819256 865044 
Sweep has been running for 29.7107 seconds.

Sweep 44, optimizing sites 7 and 8
JCD used 1 iterations.
Time elapsed in JCD: 0.26613
Energy -1 -78.1201657573988
Sum: 140 -> 126
Time elapsed in TRUNC: 0.0010095
Propagating t with norm 1
Memory usage : 11819256 865044 
Sweep has been running for 30.0019 seconds.

Sweep 44, optimizing sites 6 and 7
JCD used 1 iterations.
Time elapsed in JCD: 0.832287
Energy -1 -78.120165757398
Sum: 504 -> 462
Time elapsed in TRUNC: 0.00890825
Propagating t with norm 1
Memory usage : 11819256 865044 
Sweep has been running for 31.0009 seconds.

Sweep 44, optimizing sites 5 and 6
JCD used 7 iterations.
Time elapsed in JCD: 22.111
Energy -1 -78.1201657597674
Sum: 1848 -> 501
Time elapsed in TRUNC: 0.0847911
Propagating t with norm 1
Memory usage : 11819256 865044 
Sweep has been running for 53.7949 seconds.

Sweep 44, optimizing sites 4 and 5
JCD used 5 iterations.
Time elapsed in JCD: 3.39341
Energy -1 -78.1201657560366
Sum: 504 -> 462
Time elapsed in TRUNC: 0.00794517
Propagating t with norm 1
Memory usage : 11819256 865044 
Sweep has been running for 57.7055 seconds.

Sweep 44, optimizing sites 3 and 4
JCD used 1 iterations.
Time elapsed in JCD: 0.139732
Energy -1 -78.1201657573911
Sum: 140 -> 126
Time elapsed in TRUNC: 0.000941247
Propagating t with norm 1
Memory usage : 11819256 865044 
Sweep has been running for 57.9402 seconds.

Sweep 44, optimizing sites 2 and 3
JCD used 1 iterations.
Time elapsed in JCD: 0.0204205
Energy -1 -78.1201657573912
Sum: 40 -> 35
Time elapsed in TRUNC: 0.000374593
Propagating t with norm 1
Memory usage : 11819256 865044 
Sweep has been running for 57.9715 seconds.

Sweep 44, optimizing sites 1 and 2
JCD used 1 iterations.
Time elapsed in JCD: 0.00643878
Energy -1 -78.1201657573912
Sum: 12 -> 10
Time elapsed in TRUNC: 0.000276342
Propagating t with norm 1
Memory usage : 11819256 865044 
Sweep has been running for 57.9815 seconds.

Sweep 44, optimizing sites 0 and 1
JCD used 1 iterations.
Time elapsed in JCD: 0.000945527
Energy -1 -78.1201657573912
Sum: 4 -> 3
Time elapsed in TRUNC: 3.06e-05
Propagating t with norm 1
Memory usage : 11819256 865044 
Sweep has been running for 57.9838 seconds.

Sweep 45, optimizing sites 0 and 1
JCD used 1 iterations.
Time elapsed in JCD: 0.000968617
Energy 1 -78.1201657573912
Sum: 4 -> 3
Time elapsed in TRUNC: 5.755e-05
Propagating t with norm 1
Memory usage : 11819256 865044 
Sweep has been running for 0.00194816 seconds.

Sweep 45, optimizing sites 1 and 2
JCD used 1 iterations.
Time elapsed in JCD: 0.0039928
Energy 1 -78.1201657573912
Sum: 12 -> 10
Time elapsed in TRUNC: 0.000241672
Propagating t with norm 1
Memory usage : 11819256 865044 
Sweep has been running for 0.00852069 seconds.

Sweep 45, optimizing sites 2 and 3
JCD used 1 iterations.
Time elapsed in JCD: 0.0169424
Energy 1 -78.1201657573912
Sum: 40 -> 35
Time elapsed in TRUNC: 0.000181951
Propagating t with norm 1
Memory usage : 11819256 865044 
Sweep has been running for 0.0296309 seconds.

Sweep 45, optimizing sites 3 and 4
JCD used 1 iterations.
Time elapsed in JCD: 0.138275
Energy 1 -78.1201657573911
Sum: 140 -> 126
Time elapsed in TRUNC: 0.00114949
Propagating t with norm 1
Memory usage : 11819256 865044 
Sweep has been running for 0.185656 seconds.

Sweep 45, optimizing sites 4 and 5
JCD used 1 iterations.
Time elapsed in JCD: 0.695795
Energy 1 -78.1201657573913
Sum: 504 -> 462
Time elapsed in TRUNC: 0.00752255
Propagating t with norm 1
Memory usage : 11819256 865044 
Sweep has been running for 1.02945 seconds.

Sweep 45, optimizing sites 5 and 6
JCD used 7 iterations.
Time elapsed in JCD: 22.0408
Energy 1 -78.1201657602663
Sum: 1848 -> 501
Time elapsed in TRUNC: 0.084006
Propagating t with norm 1
Memory usage : 11819256 866172 
Sweep has been running for 23.9547 seconds.

Sweep 45, optimizing sites 6 and 7
JCD used 5 iterations.
Time elapsed in JCD: 4.29684
Energy 1 -78.1201657581794
Sum: 504 -> 462
Time elapsed in TRUNC: 0.00833201
Propagating t with norm 1
Memory usage : 11819256 866172 
Sweep has been running for 29.2061 seconds.

Sweep 45, optimizing sites 7 and 8
JCD used 1 iterations.
Time elapsed in JCD: 0.284347
Energy 1 -78.1201657573987
Sum: 140 -> 126
Time elapsed in TRUNC: 0.000974027
Propagating t with norm 1
Memory usage : 11819256 866172 
Sweep has been running for 29.7301 seconds.

Sweep 45, optimizing sites 8 and 9
JCD used 1 iterations.
Time elapsed in JCD: 0.0387296
Energy 1 -78.1201657573989
Sum: 40 -> 35
Time elapsed in TRUNC: 0.000177731
Propagating t with norm 1
Memory usage : 11819256 866172 
Sweep has been running for 29.7961 seconds.

Sweep 45, optimizing sites 9 and 10
JCD used 1 iterations.
Time elapsed in JCD: 0.0109373
Energy 1 -78.1201657573989
Sum: 12 -> 10
Time elapsed in TRUNC: 0.000116231
Propagating t with norm 1
Memory usage : 11819256 866172 
Sweep has been running for 29.8143 seconds.

Sweep 45, optimizing sites 10 and 11
JCD used 1 iterations.
Time elapsed in JCD: 0.0017054
Energy 1 -78.1201657573989
Sum: 4 -> 3
Time elapsed in TRUNC: 3.729e-05
Propagating t with norm 1
Memory usage : 11819256 866172 
Sweep has been running for 29.8176 seconds.

Sweep 45, optimizing sites 10 and 11
JCD used 1 iterations.
Time elapsed in JCD: 0.000963077
Energy -1 -78.1201657573989
Sum: 4 -> 3
Time elapsed in TRUNC: 3.1121e-05
Propagating t with norm 1
Memory usage : 11819256 866172 
Sweep has been running for 29.8241 seconds.

Sweep 45, optimizing sites 9 and 10
JCD used 1 iterations.
Time elapsed in JCD: 0.00585252
Energy -1 -78.1201657573989
Sum: 12 -> 10
Time elapsed in TRUNC: 8.4051e-05
Propagating t with norm 1
Memory usage : 11819256 866172 
Sweep has been running for 29.8358 seconds.

Sweep 45, optimizing sites 8 and 9
JCD used 1 iterations.
Time elapsed in JCD: 0.036172
Energy -1 -78.1201657573989
Sum: 40 -> 35
Time elapsed in TRUNC: 0.000201772
Propagating t with norm 1
Memory usage : 11819256 866172 
Sweep has been running for 29.8815 seconds.

Sweep 45, optimizing sites 7 and 8
JCD used 1 iterations.
Time elapsed in JCD: 0.275613
Energy -1 -78.1201657573988
Sum: 140 -> 126
Time elapsed in TRUNC: 0.000994367
Propagating t with norm 1
Memory usage : 11819256 866172 
Sweep has been running for 30.1799 seconds.

Sweep 45, optimizing sites 6 and 7
JCD used 1 iterations.
Time elapsed in JCD: 0.849136
Energy -1 -78.120165757398
Sum: 504 -> 462
Time elapsed in TRUNC: 0.00877614
Propagating t with norm 1
Memory usage : 11819256 866172 
Sweep has been running for 31.2002 seconds.

Sweep 45, optimizing sites 5 and 6
JCD used 7 iterations.
Time elapsed in JCD: 22.1609
Energy -1 -78.1201657597443
Sum: 1848 -> 501
Time elapsed in TRUNC: 0.0843625
Propagating t with norm 1
Memory usage : 11819256 865044 
Sweep has been running for 54.056 seconds.

Sweep 45, optimizing sites 4 and 5
JCD used 5 iterations.
Time elapsed in JCD: 3.43496
Energy -1 -78.1201657560334
Sum: 504 -> 462
Time elapsed in TRUNC: 0.00747233
Propagating t with norm 1
Memory usage : 11819256 865044 
Sweep has been running for 58.0091 seconds.

Sweep 45, optimizing sites 3 and 4
JCD used 1 iterations.
Time elapsed in JCD: 0.139782
Energy -1 -78.1201657573911
Sum: 140 -> 126
Time elapsed in TRUNC: 0.000954787
Propagating t with norm 1
Memory usage : 11819256 865044 
Sweep has been running for 58.2451 seconds.

Sweep 45, optimizing sites 2 and 3
JCD used 1 iterations.
Time elapsed in JCD: 0.0222781
Energy -1 -78.1201657573912
Sum: 40 -> 35
Time elapsed in TRUNC: 0.000192251
Propagating t with norm 1
Memory usage : 11819256 865044 
Sweep has been running for 58.2784 seconds.

Sweep 45, optimizing sites 1 and 2
JCD used 1 iterations.
Time elapsed in JCD: 0.00505973
Energy -1 -78.1201657573913
Sum: 12 -> 10
Time elapsed in TRUNC: 8.1681e-05
Propagating t with norm 1
Memory usage : 11819256 865044 
Sweep has been running for 58.2867 seconds.

Sweep 45, optimizing sites 0 and 1
JCD used 1 iterations.
Time elapsed in JCD: 0.00137751
Energy -1 -78.1201657573913
Sum: 4 -> 3
Time elapsed in TRUNC: 3.132e-05
Propagating t with norm 1
Memory usage : 11819256 865044 
Sweep has been running for 58.2894 seconds.
Measuring oneptdm
 measuring in su2 version of tagged_nrank 
Measuring twoptdm
 measuring in su2 version of tagged_nrank 
The hamiltonian will contain 10453 terms
MPO Bond 0: 96/35
MPO Bond 1: 102/38
MPO Bond 2: 116/45
MPO Bond 3: 138/56
MPO Bond 4: 168/71
MPO Bond 5: 206/90
MPO Bond 6: 252/113
MPO Bond 7: 306/140
MPO Bond 8: 368/171
MPO Bond 9: 438/206
MPO Bond 10: 10/3
MPO Bond 11: 1/0
This binary contains symmetries: 2u1pg su2u1pg 
DMRG version 3.1.1
Temporary storage enabled in ./tmp//storage_temp_48b25fd8333a/
Will start again at site -1 in sweep 46
Loading checkpoint from /public/home/xzzeng/work/HQC/Ethene/autoCAS/autocas_project/final/autocas_project.checkpoint_state.0.h5
Parameters:
               Sites: 12
           Electrons: 12
                Spin: 0
               Irrep: 0
The hamiltonian will contain 10453 terms
MPO Bond 0: 96/35
MPO Bond 1: 102/38
MPO Bond 2: 116/45
MPO Bond 3: 138/56
MPO Bond 4: 168/71
MPO Bond 5: 206/90
MPO Bond 6: 252/113
MPO Bond 7: 306/140
MPO Bond 8: 368/171
MPO Bond 9: 438/206
MPO Bond 10: 10/3
MPO Bond 11: 1/0
MPS initialization has finished...
Expecting 0 states to orthogonalize to.
Boundaries are partially initialized...
Boundaries are fully initialized...
Done init_left_right
TSMPOTensor: 1x102,  102 operators, 102 tags
TSMPOTensor: 96x116,  391 operators, 294 tags
TSMPOTensor: 102x138,  655 operators, 532 tags
TSMPOTensor: 116x168,  955 operators, 792 tags
TSMPOTensor: 138x206,  1255 operators, 1040 tags
TSMPOTensor: 168x252,  1519 operators, 1240 tags
TSMPOTensor: 206x306,  1711 operators, 1356 tags
TSMPOTensor: 252x368,  1795 operators, 1352 tags
TSMPOTensor: 306x438,  1735 operators, 1192 tags
TSMPOTensor: 368x10,  989 operators, 824 tags
TSMPOTensor: 438x1,  438 operators, 242 tags
Total number of tags: 8966

Sweep 46, optimizing sites 0 and 1
JCD used 2 iterations.
Time elapsed in JCD: 0.00132195
Energy 1 -78.1201657606817
Sum: 4 -> 3
Time elapsed in TRUNC: 6.0211e-05
Propagating t with norm 1
Memory usage : 11819256 865044 
Sweep has been running for 0.0022375 seconds.

Sweep 46, optimizing sites 1 and 2
JCD used 4 iterations.
Time elapsed in JCD: 0.0120935
Energy 1 -78.1201657541006
Sum: 12 -> 10
Time elapsed in TRUNC: 6.6531e-05
Propagating t with norm 1
Memory usage : 11819256 865044 
Sweep has been running for 0.0153215 seconds.

Sweep 46, optimizing sites 2 and 3
JCD used 5 iterations.
Time elapsed in JCD: 0.0730448
Energy 1 -78.1201657571573
Sum: 40 -> 35
Time elapsed in TRUNC: 0.000157101
Propagating t with norm 1
Memory usage : 11819256 865044 
Sweep has been running for 0.0911275 seconds.

Sweep 46, optimizing sites 3 and 4
JCD used 5 iterations.
Time elapsed in JCD: 0.612235
Energy 1 -78.1201657612228
Sum: 140 -> 126
Time elapsed in TRUNC: 0.000888926
Propagating t with norm 1
Memory usage : 11819256 865044 
Sweep has been running for 0.717421 seconds.

Sweep 46, optimizing sites 4 and 5
JCD used 5 iterations.
Time elapsed in JCD: 3.19124
Energy 1 -78.1201657581529
Sum: 504 -> 462
Time elapsed in TRUNC: 0.00725816
Propagating t with norm 1
Memory usage : 11819256 865044 
Sweep has been running for 4.05038 seconds.

Sweep 46, optimizing sites 5 and 6
JCD used 7 iterations.
Time elapsed in JCD: 21.2905
Energy 1 -78.1201657581498
Sum: 1848 -> 501
Time elapsed in TRUNC: 0.0839738
Propagating t with norm 1
Memory usage : 11819256 878580 
Sweep has been running for 26.2093 seconds.

Sweep 46, optimizing sites 6 and 7
JCD used 5 iterations.
Time elapsed in JCD: 4.14339
Energy 1 -78.1201657558203
Sum: 504 -> 462
Time elapsed in TRUNC: 0.00824931
Propagating t with norm 1
Memory usage : 11819256 878580 
Sweep has been running for 31.3013 seconds.

Sweep 46, optimizing sites 7 and 8
JCD used 1 iterations.
Time elapsed in JCD: 0.276027
Energy 1 -78.120165757876
Sum: 140 -> 126
Time elapsed in TRUNC: 0.00117408
Propagating t with norm 1
Memory usage : 11819256 865044 
Sweep has been running for 31.8142 seconds.

Sweep 46, optimizing sites 8 and 9
JCD used 1 iterations.
Time elapsed in JCD: 0.0380601
Energy 1 -78.1201657578761
Sum: 40 -> 35
Time elapsed in TRUNC: 0.000171771
Propagating t with norm 1
Memory usage : 11819256 865044 
Sweep has been running for 31.8773 seconds.

Sweep 46, optimizing sites 9 and 10
JCD used 1 iterations.
Time elapsed in JCD: 0.00745178
Energy 1 -78.1201657578762
Sum: 12 -> 10
Time elapsed in TRUNC: 8.5821e-05
Propagating t with norm 1
Memory usage : 11819256 865044 
Sweep has been running for 31.891 seconds.

Sweep 46, optimizing sites 10 and 11
JCD used 1 iterations.
Time elapsed in JCD: 0.00106425
Energy 1 -78.1201657578762
Sum: 4 -> 3
Time elapsed in TRUNC: 4.279e-05
Propagating t with norm 1
Memory usage : 11819256 865044 
Sweep has been running for 31.8933 seconds.

Sweep 46, optimizing sites 10 and 11
JCD used 1 iterations.
Time elapsed in JCD: 0.00132855
Energy -1 -78.1201657578762
Sum: 4 -> 3
Time elapsed in TRUNC: 3.4331e-05
Propagating t with norm 1
Memory usage : 11819256 865044 
Sweep has been running for 31.9001 seconds.

Sweep 46, optimizing sites 9 and 10
JCD used 1 iterations.
Time elapsed in JCD: 0.00573099
Energy -1 -78.1201657578762
Sum: 12 -> 10
Time elapsed in TRUNC: 8.28e-05
Propagating t with norm 1
Memory usage : 11819256 865044 
Sweep has been running for 31.9106 seconds.

Sweep 46, optimizing sites 8 and 9
JCD used 1 iterations.
Time elapsed in JCD: 0.0340496
Energy -1 -78.1201657578762
Sum: 40 -> 35
Time elapsed in TRUNC: 0.000155051
Propagating t with norm 1
Memory usage : 11819256 865044 
Sweep has been running for 31.9524 seconds.

Sweep 46, optimizing sites 7 and 8
JCD used 1 iterations.
Time elapsed in JCD: 0.261879
Energy -1 -78.120165757876
Sum: 140 -> 126
Time elapsed in TRUNC: 0.000998216
Propagating t with norm 1
Memory usage : 11819256 865044 
Sweep has been running for 32.2377 seconds.

Sweep 46, optimizing sites 6 and 7
JCD used 1 iterations.
Time elapsed in JCD: 0.85408
Energy -1 -78.1201657578751
Sum: 504 -> 462
Time elapsed in TRUNC: 0.00898238
Propagating t with norm 1
Memory usage : 11819256 865044 
Sweep has been running for 33.2659 seconds.

Sweep 46, optimizing sites 5 and 6
JCD used 7 iterations.
Time elapsed in JCD: 21.5659
Energy -1 -78.1201657614785
Sum: 1848 -> 501
Time elapsed in TRUNC: 0.084064
Propagating t with norm 1
Memory usage : 11819256 865044 
Sweep has been running for 55.5075 seconds.

Sweep 46, optimizing sites 4 and 5
JCD used 5 iterations.
Time elapsed in JCD: 3.287
Energy -1 -78.1201657570089
Sum: 504 -> 462
Time elapsed in TRUNC: 0.00734899
Propagating t with norm 1
Memory usage : 11819256 865044 
Sweep has been running for 59.3087 seconds.

Sweep 46, optimizing sites 3 and 4
JCD used 1 iterations.
Time elapsed in JCD: 0.130872
Energy -1 -78.1201657578683
Sum: 140 -> 126
Time elapsed in TRUNC: 0.000903546
Propagating t with norm 1
Memory usage : 11819256 865044 
Sweep has been running for 59.5244 seconds.

Sweep 46, optimizing sites 2 and 3
JCD used 1 iterations.
Time elapsed in JCD: 0.0201576
Energy -1 -78.1201657578684
Sum: 40 -> 35
Time elapsed in TRUNC: 0.000190361
Propagating t with norm 1
Memory usage : 11819256 865044 
Sweep has been running for 59.5539 seconds.

Sweep 46, optimizing sites 1 and 2
JCD used 1 iterations.
Time elapsed in JCD: 0.00299488
Energy -1 -78.1201657578684
Sum: 12 -> 10
Time elapsed in TRUNC: 7.006e-05
Propagating t with norm 1
Memory usage : 11819256 865044 
Sweep has been running for 59.5605 seconds.

Sweep 46, optimizing sites 0 and 1
JCD used 1 iterations.
Time elapsed in JCD: 0.000581314
Energy -1 -78.1201657578684
Sum: 4 -> 3
Time elapsed in TRUNC: 3.0631e-05
Propagating t with norm 1
Memory usage : 11819256 865044 
Sweep has been running for 59.5622 seconds.

Sweep 47, optimizing sites 0 and 1
JCD used 1 iterations.
Time elapsed in JCD: 0.000881096
Energy 1 -78.1201657578684
Sum: 4 -> 3
Time elapsed in TRUNC: 5.408e-05
Propagating t with norm 1
Memory usage : 11819256 865044 
Sweep has been running for 0.00172253 seconds.

Sweep 47, optimizing sites 1 and 2
JCD used 1 iterations.
Time elapsed in JCD: 0.00335683
Energy 1 -78.1201657578684
Sum: 12 -> 10
Time elapsed in TRUNC: 8.306e-05
Propagating t with norm 1
Memory usage : 11819256 865044 
Sweep has been running for 0.00661732 seconds.

Sweep 47, optimizing sites 2 and 3
JCD used 1 iterations.
Time elapsed in JCD: 0.0153909
Energy 1 -78.1201657578684
Sum: 40 -> 35
Time elapsed in TRUNC: 0.000188071
Propagating t with norm 1
Memory usage : 11819256 865044 
Sweep has been running for 0.0257778 seconds.

Sweep 47, optimizing sites 3 and 4
JCD used 1 iterations.
Time elapsed in JCD: 0.13021
Energy 1 -78.1201657578683
Sum: 140 -> 126
Time elapsed in TRUNC: 0.000955197
Propagating t with norm 1
Memory usage : 11819256 865044 
Sweep has been running for 0.171993 seconds.

Sweep 47, optimizing sites 4 and 5
JCD used 1 iterations.
Time elapsed in JCD: 0.659957
Energy 1 -78.1201657578686
Sum: 504 -> 462
Time elapsed in TRUNC: 0.00750095
Propagating t with norm 1
Memory usage : 11819256 865044 
Sweep has been running for 0.982864 seconds.

Sweep 47, optimizing sites 5 and 6
JCD used 7 iterations.
Time elapsed in JCD: 21.3535
Energy 1 -78.1201657616489
Sum: 1848 -> 501
Time elapsed in TRUNC: 0.0828785
Propagating t with norm 1
Memory usage : 11819256 865044 
Sweep has been running for 23.2095 seconds.

Sweep 47, optimizing sites 6 and 7
JCD used 5 iterations.
Time elapsed in JCD: 4.17438
Energy 1 -78.1201657585441
Sum: 504 -> 462
Time elapsed in TRUNC: 0.00856474
Propagating t with norm 1
Memory usage : 11819256 865044 
Sweep has been running for 28.3223 seconds.

Sweep 47, optimizing sites 7 and 8
JCD used 1 iterations.
Time elapsed in JCD: 0.274962
Energy 1 -78.1201657578759
Sum: 140 -> 126
Time elapsed in TRUNC: 0.000990967
Propagating t with norm 1
Memory usage : 11819256 865044 
Sweep has been running for 28.8334 seconds.

Sweep 47, optimizing sites 8 and 9
JCD used 1 iterations.
Time elapsed in JCD: 0.0377333
Energy 1 -78.1201657578761
Sum: 40 -> 35
Time elapsed in TRUNC: 0.000185072
Propagating t with norm 1
Memory usage : 11819256 865044 
Sweep has been running for 28.8962 seconds.

Sweep 47, optimizing sites 9 and 10
JCD used 1 iterations.
Time elapsed in JCD: 0.0084249
Energy 1 -78.1201657578762
Sum: 12 -> 10
Time elapsed in TRUNC: 9.2761e-05
Propagating t with norm 1
Memory usage : 11819256 865044 
Sweep has been running for 28.9107 seconds.

Sweep 47, optimizing sites 10 and 11
JCD used 1 iterations.
Time elapsed in JCD: 0.00110051
Energy 1 -78.1201657578762
Sum: 4 -> 3
Time elapsed in TRUNC: 3.404e-05
Propagating t with norm 1
Memory usage : 11819256 865044 
Sweep has been running for 28.9131 seconds.

Sweep 47, optimizing sites 10 and 11
JCD used 1 iterations.
Time elapsed in JCD: 0.0014122
Energy -1 -78.1201657578762
Sum: 4 -> 3
Time elapsed in TRUNC: 3.271e-05
Propagating t with norm 1
Memory usage : 11819256 865044 
Sweep has been running for 28.9197 seconds.

Sweep 47, optimizing sites 9 and 10
JCD used 1 iterations.
Time elapsed in JCD: 0.00522817
Energy -1 -78.1201657578762
Sum: 12 -> 10
Time elapsed in TRUNC: 9.2201e-05
Propagating t with norm 1
Memory usage : 11819256 865044 
Sweep has been running for 28.9305 seconds.

Sweep 47, optimizing sites 8 and 9
JCD used 1 iterations.
Time elapsed in JCD: 0.0360451
Energy -1 -78.1201657578761
Sum: 40 -> 35
Time elapsed in TRUNC: 0.000157391
Propagating t with norm 1
Memory usage : 11819256 865044 
Sweep has been running for 28.9754 seconds.

Sweep 47, optimizing sites 7 and 8
JCD used 1 iterations.
Time elapsed in JCD: 0.276935
Energy -1 -78.120165757876
Sum: 140 -> 126
Time elapsed in TRUNC: 0.00100668
Propagating t with norm 1
Memory usage : 11819256 865044 
Sweep has been running for 29.2761 seconds.

Sweep 47, optimizing sites 6 and 7
JCD used 1 iterations.
Time elapsed in JCD: 0.859965
Energy -1 -78.1201657578752
Sum: 504 -> 462
Time elapsed in TRUNC: 0.00851537
Propagating t with norm 1
Memory usage : 11819256 865044 
Sweep has been running for 30.3067 seconds.

Sweep 47, optimizing sites 5 and 6
JCD used 7 iterations.
Time elapsed in JCD: 21.4404
Energy -1 -78.1201657615584
Sum: 1848 -> 501
Time elapsed in TRUNC: 0.0833499
Propagating t with norm 1
Memory usage : 11819256 865044 
Sweep has been running for 52.411 seconds.

Sweep 47, optimizing sites 4 and 5
JCD used 5 iterations.
Time elapsed in JCD: 3.25546
Energy -1 -78.1201657568121
Sum: 504 -> 462
Time elapsed in TRUNC: 0.00738612
Propagating t with norm 1
Memory usage : 11819256 865044 
Sweep has been running for 56.163 seconds.

Sweep 47, optimizing sites 3 and 4
JCD used 1 iterations.
Time elapsed in JCD: 0.131056
Energy -1 -78.1201657578682
Sum: 140 -> 126
Time elapsed in TRUNC: 0.000914346
Propagating t with norm 1
Memory usage : 11819256 865044 
Sweep has been running for 56.3794 seconds.

Sweep 47, optimizing sites 2 and 3
JCD used 1 iterations.
Time elapsed in JCD: 0.0200146
Energy -1 -78.1201657578683
Sum: 40 -> 35
Time elapsed in TRUNC: 0.000185781
Propagating t with norm 1
Memory usage : 11819256 865044 
Sweep has been running for 56.4091 seconds.

Sweep 47, optimizing sites 1 and 2
JCD used 1 iterations.
Time elapsed in JCD: 0.00556251
Energy -1 -78.1201657578683
Sum: 12 -> 10
Time elapsed in TRUNC: 8.8061e-05
Propagating t with norm 1
Memory usage : 11819256 865044 
Sweep has been running for 56.4178 seconds.

Sweep 47, optimizing sites 0 and 1
JCD used 1 iterations.
Time elapsed in JCD: 0.000945317
Energy -1 -78.1201657578683
Sum: 4 -> 3
Time elapsed in TRUNC: 7.3571e-05
Propagating t with norm 1
Memory usage : 11819256 865044 
Sweep has been running for 56.4203 seconds.
Measuring oneptdm
 measuring in su2 version of tagged_nrank 
Measuring twoptdm
 measuring in su2 version of tagged_nrank 
The hamiltonian will contain 10453 terms
MPO Bond 0: 96/35
MPO Bond 1: 102/38
MPO Bond 2: 116/45
MPO Bond 3: 138/56
MPO Bond 4: 168/71
MPO Bond 5: 206/90
MPO Bond 6: 252/113
MPO Bond 7: 306/140
MPO Bond 8: 368/171
MPO Bond 9: 438/206
MPO Bond 10: 10/3
MPO Bond 11: 1/0
This binary contains symmetries: 2u1pg su2u1pg 
DMRG version 3.1.1
Temporary storage enabled in ./tmp//storage_temp_de3d900b4d84/
Will start again at site -1 in sweep 48
Loading checkpoint from /public/home/xzzeng/work/HQC/Ethene/autoCAS/autocas_project/final/autocas_project.checkpoint_state.0.h5
Parameters:
               Sites: 12
           Electrons: 12
                Spin: 0
               Irrep: 0
The hamiltonian will contain 10453 terms
MPO Bond 0: 96/35
MPO Bond 1: 102/38
MPO Bond 2: 116/45
MPO Bond 3: 138/56
MPO Bond 4: 168/71
MPO Bond 5: 206/90
MPO Bond 6: 252/113
MPO Bond 7: 306/140
MPO Bond 8: 368/171
MPO Bond 9: 438/206
MPO Bond 10: 10/3
MPO Bond 11: 1/0
MPS initialization has finished...
Expecting 0 states to orthogonalize to.
Boundaries are partially initialized...
Boundaries are fully initialized...
Done init_left_right
TSMPOTensor: 1x102,  102 operators, 102 tags
TSMPOTensor: 96x116,  391 operators, 294 tags
TSMPOTensor: 102x138,  655 operators, 532 tags
TSMPOTensor: 116x168,  955 operators, 792 tags
TSMPOTensor: 138x206,  1255 operators, 1040 tags
TSMPOTensor: 168x252,  1519 operators, 1240 tags
TSMPOTensor: 206x306,  1711 operators, 1356 tags
TSMPOTensor: 252x368,  1795 operators, 1352 tags
TSMPOTensor: 306x438,  1735 operators, 1192 tags
TSMPOTensor: 368x10,  989 operators, 824 tags
TSMPOTensor: 438x1,  438 operators, 242 tags
Total number of tags: 8966

Sweep 48, optimizing sites 0 and 1
JCD used 1 iterations.
Time elapsed in JCD: 0.000573604
Energy 1 -78.1201657577975
Sum: 4 -> 3
Time elapsed in TRUNC: 4.7091e-05
Propagating t with norm 1
Memory usage : 11819256 865044 
Sweep has been running for 0.00146163 seconds.

Sweep 48, optimizing sites 1 and 2
JCD used 1 iterations.
Time elapsed in JCD: 0.00331116
Energy 1 -78.1201657577975
Sum: 12 -> 10
Time elapsed in TRUNC: 6.8591e-05
Propagating t with norm 1
Memory usage : 11819256 865044 
Sweep has been running for 0.00608766 seconds.

Sweep 48, optimizing sites 2 and 3
JCD used 1 iterations.
Time elapsed in JCD: 0.015423
Energy 1 -78.1201657577974
Sum: 40 -> 35
Time elapsed in TRUNC: 0.000175171
Propagating t with norm 1
Memory usage : 11819256 865044 
Sweep has been running for 0.0242548 seconds.

Sweep 48, optimizing sites 3 and 4
JCD used 1 iterations.
Time elapsed in JCD: 0.123716
Energy 1 -78.1201657577973
Sum: 140 -> 126
Time elapsed in TRUNC: 0.000943636
Propagating t with norm 1
Memory usage : 11819256 865044 
Sweep has been running for 0.162485 seconds.

Sweep 48, optimizing sites 4 and 5
JCD used 1 iterations.
Time elapsed in JCD: 0.63428
Energy 1 -78.1201657577977
Sum: 504 -> 462
Time elapsed in TRUNC: 0.00726176
Propagating t with norm 1
Memory usage : 11819256 865044 
Sweep has been running for 0.94431 seconds.

Sweep 48, optimizing sites 5 and 6
JCD used 7 iterations.
Time elapsed in JCD: 21.1175
Energy 1 -78.1201657621189
Sum: 1848 -> 501
Time elapsed in TRUNC: 0.0838844
Propagating t with norm 1
Memory usage : 11819256 879468 
Sweep has been running for 22.9364 seconds.

Sweep 48, optimizing sites 6 and 7
JCD used 5 iterations.
Time elapsed in JCD: 4.15875
Energy 1 -78.1201657585254
Sum: 504 -> 462
Time elapsed in TRUNC: 0.00805632
Propagating t with norm 1
Memory usage : 11819256 879468 
Sweep has been running for 28.0423 seconds.

Sweep 48, optimizing sites 7 and 8
JCD used 1 iterations.
Time elapsed in JCD: 0.261822
Energy 1 -78.1201657578052
Sum: 140 -> 126
Time elapsed in TRUNC: 0.000937256
Propagating t with norm 1
Memory usage : 11819256 879468 
Sweep has been running for 28.5273 seconds.

Sweep 48, optimizing sites 8 and 9
JCD used 1 iterations.
Time elapsed in JCD: 0.0390101
Energy 1 -78.1201657578052
Sum: 40 -> 35
Time elapsed in TRUNC: 0.000173441
Propagating t with norm 1
Memory usage : 11819256 879468 
Sweep has been running for 28.5903 seconds.

Sweep 48, optimizing sites 9 and 10
JCD used 1 iterations.
Time elapsed in JCD: 0.00534028
Energy 1 -78.1201657578052
Sum: 12 -> 10
Time elapsed in TRUNC: 7.107e-05
Propagating t with norm 1
Memory usage : 11819256 879468 
Sweep has been running for 28.6006 seconds.

Sweep 48, optimizing sites 10 and 11
JCD used 1 iterations.
Time elapsed in JCD: 0.00104077
Energy 1 -78.1201657578052
Sum: 4 -> 3
Time elapsed in TRUNC: 3.1171e-05
Propagating t with norm 1
Memory usage : 11819256 879468 
Sweep has been running for 28.6031 seconds.

Sweep 48, optimizing sites 10 and 11
JCD used 1 iterations.
Time elapsed in JCD: 0.000935317
Energy -1 -78.1201657578052
Sum: 4 -> 3
Time elapsed in TRUNC: 3.132e-05
Propagating t with norm 1
Memory usage : 11819256 879468 
Sweep has been running for 28.6094 seconds.

Sweep 48, optimizing sites 9 and 10
JCD used 1 iterations.
Time elapsed in JCD: 0.00581866
Energy -1 -78.1201657578052
Sum: 12 -> 10
Time elapsed in TRUNC: 7.875e-05
Propagating t with norm 1
Memory usage : 11819256 879468 
Sweep has been running for 28.6199 seconds.

Sweep 48, optimizing sites 8 and 9
JCD used 1 iterations.
Time elapsed in JCD: 0.0337857
Energy -1 -78.1201657578052
Sum: 40 -> 35
Time elapsed in TRUNC: 0.000152401
Propagating t with norm 1
Memory usage : 11819256 879468 
Sweep has been running for 28.661 seconds.

Sweep 48, optimizing sites 7 and 8
JCD used 1 iterations.
Time elapsed in JCD: 0.259101
Energy -1 -78.1201657578051
Sum: 140 -> 126
Time elapsed in TRUNC: 0.000984247
Propagating t with norm 1
Memory usage : 11819256 879468 
Sweep has been running for 28.9426 seconds.

Sweep 48, optimizing sites 6 and 7
JCD used 1 iterations.
Time elapsed in JCD: 0.824295
Energy -1 -78.1201657578042
Sum: 504 -> 462
Time elapsed in TRUNC: 0.00837724
Propagating t with norm 1
Memory usage : 11819256 879468 
Sweep has been running for 29.9321 seconds.

Sweep 48, optimizing sites 5 and 6
JCD used 7 iterations.
Time elapsed in JCD: 21.4233
Energy -1 -78.1201657614573
Sum: 1848 -> 501
Time elapsed in TRUNC: 0.0834935
Propagating t with norm 1
Memory usage : 11819256 879148 
Sweep has been running for 52.0242 seconds.

Sweep 48, optimizing sites 4 and 5
JCD used 5 iterations.
Time elapsed in JCD: 3.25712
Energy -1 -78.1201657567335
Sum: 504 -> 462
Time elapsed in TRUNC: 0.00760185
Propagating t with norm 1
Memory usage : 11819256 879148 
Sweep has been running for 55.7809 seconds.

Sweep 48, optimizing sites 3 and 4
JCD used 1 iterations.
Time elapsed in JCD: 0.134663
Energy -1 -78.1201657577974
Sum: 140 -> 126
Time elapsed in TRUNC: 0.000916497
Propagating t with norm 1
Memory usage : 11819256 879148 
Sweep has been running for 56.0053 seconds.

Sweep 48, optimizing sites 2 and 3
JCD used 1 iterations.
Time elapsed in JCD: 0.0188458
Energy -1 -78.1201657577975
Sum: 40 -> 35
Time elapsed in TRUNC: 0.000190151
Propagating t with norm 1
Memory usage : 11819256 879148 
Sweep has been running for 56.0338 seconds.

Sweep 48, optimizing sites 1 and 2
JCD used 1 iterations.
Time elapsed in JCD: 0.00497061
Energy -1 -78.1201657577975
Sum: 12 -> 10
Time elapsed in TRUNC: 7.2501e-05
Propagating t with norm 1
Memory usage : 11819256 879148 
Sweep has been running for 56.0419 seconds.

Sweep 48, optimizing sites 0 and 1
JCD used 1 iterations.
Time elapsed in JCD: 0.00110899
Energy -1 -78.1201657577975
Sum: 4 -> 3
Time elapsed in TRUNC: 3.148e-05
Propagating t with norm 1
Memory usage : 11819256 879148 
Sweep has been running for 56.0444 seconds.
Measuring oneptdm
 measuring in su2 version of tagged_nrank 
Measuring twoptdm
 measuring in su2 version of tagged_nrank 
Right end: <6,6,0>
Measuring Nup
Measuring Ndown
Measuring Nupdown
Measuring oneptspdm
 measuring in 2u1 version of tagged_nrank 
Measuring dm_up
 measuring in 2u1 version of tagged_nrank 
Measuring dm_down
 measuring in 2u1 version of tagged_nrank 
Measuring nupnup
 measuring in 2u1 version of tagged_nrank 
Measuring nupndown
 measuring in 2u1 version of tagged_nrank 
Measuring ndownnup
 measuring in 2u1 version of tagged_nrank 
Measuring ndownndown
 measuring in 2u1 version of tagged_nrank 
Measuring doccdocc
 measuring in 2u1 version of tagged_nrank 
Measuring transfer_up_while_down
 measuring in 2u1 version of tagged_nrank 
Measuring transfer_down_while_up
 measuring in 2u1 version of tagged_nrank 
Measuring transfer_up_while_down_at_2
 measuring in 2u1 version of tagged_nrank 
Measuring transfer_up_while_down_at_1
 measuring in 2u1 version of tagged_nrank 
Measuring transfer_down_while_up_at_2
 measuring in 2u1 version of tagged_nrank 
Measuring transfer_down_while_up_at_1
 measuring in 2u1 version of tagged_nrank 
Measuring transfer_pair
 measuring in 2u1 version of tagged_nrank 
Measuring spinflip
 measuring in 2u1 version of tagged_nrank 
Measuring nupdocc
 measuring in 2u1 version of tagged_nrank 
Measuring ndowndocc
 measuring in 2u1 version of tagged_nrank 
Measuring doccnup
 measuring in 2u1 version of tagged_nrank 
Measuring doccndown
 measuring in 2u1 version of tagged_nrank 
Measuring splus_sminus
 measuring in 2u1 version of tagged_nrank 
