0,1,-195.058499,-0.000000
0,2,-195.058497,-0.000000
0,3,-195.058498,0.000000
0,4,-195.058497,-0.000000
0,5,-195.058625,-0.000000
0,6,-195.058690,-0.000001
0,7,-195.058713,0.000000
0,8,-195.058921,-0.000001
0,9,-195.058597,-0.000000
0,10,-195.058592,0.000000
0,11,-195.058525,0.000000
0,12,-195.058586,0.000000
0,13,-195.059231,0.000000
0,14,-195.058589,0.000000
0,15,-195.058795,0.000000
0,16,-195.058523,0.000000
0,17,-195.058530,0.000000
0,18,-195.062111,0.000000
0,21,-195.058539,-0.000001
0,22,-195.058742,-0.000000
0,23,-195.058560,-0.000001
0,24,-195.059365,-0.000001
0,25,-195.058650,-0.000002
0,26,-195.058607,-0.000000
0,27,-195.058500,-0.000000
0,28,-195.058512,-0.000000
0,29,-195.059613,-0.000001
0,30,-195.058585,-0.000000
0,31,-195.058522,-0.000000
0,32,-195.058529,-0.000002
0,33,-195.058560,-0.000000
0,34,-195.058504,-0.000000
0,35,-195.058535,-0.000000
0,36,-195.058552,-0.000000
0,37,-195.058512,-0.000000
0,38,-195.058564,-0.000000
0,39,-195.058558,-0.000001
0,40,-195.058625,-0.000000
0,41,-195.058707,-0.000002
0,42,-195.059005,-0.000001
0,43,-195.059631,-0.000009
0,44,-195.058801,-0.000001
0,45,-195.058528,-0.000001
0,46,-195.058794,-0.000001
0,47,-195.058573,-0.000010
0,48,-195.058522,-0.000000
0,49,-195.058503,-0.000001
0,50,-195.058509,-0.000002
0,51,-195.058520,-0.000002
0,52,-195.058524,-0.000003
0,53,-195.058515,-0.000001
0,54,-195.058506,-0.000001
0,55,-195.058680,-0.000010
0,56,-195.058590,-0.000002
0,57,-195.058507,-0.000000
0,58,-195.058523,-0.000002
0,59,-195.058547,-0.000003
0,60,-195.058586,-0.000007
0,61,-195.058621,-0.000002
0,62,-195.058548,-0.000002
0,63,-195.058565,-0.000000
0,64,-195.058509,-0.000000
0,65,-195.058517,-0.000000
0,66,-195.058524,-0.000000
0,67,-195.058510,-0.000001
0,68,-195.058554,-0.000001
0,69,-195.058501,-0.000000
0,70,-195.058503,-0.000000
0,71,-195.058543,-0.000000
0,72,-195.058530,-0.000001
0,73,-195.058499,-0.000000
0,74,-195.058534,-0.000001
0,75,-195.058534,-0.000001
0,76,-195.058531,-0.000002
0,77,-195.058499,-0.000000
0,78,-195.058504,-0.000000
0,79,-195.058501,-0.000000
0,80,-195.058536,-0.000000
0,81,-195.058522,-0.000001
0,82,-195.058510,-0.000000
0,83,-195.058505,-0.000003
0,84,-195.058507,-0.000000
0,85,-195.058503,-0.000000
0,86,-195.058501,-0.000000
0,87,-195.058503,-0.000000
0,88,-195.058502,-0.000000
0,89,-195.058505,-0.000000
0,90,-195.058500,-0.000000
0,91,-195.058535,-0.000001
0,92,-195.058502,-0.000000
0,93,-195.058507,-0.000000
0,94,-195.058503,-0.000000
0,95,-195.058503,-0.000000
0,96,-195.058517,-0.000000
0,97,-195.058506,-0.000000
0,98,-195.058505,-0.000000
0,99,-195.058506,-0.000000
0,100,-195.058504,-0.000000
0,101,-195.058501,-0.000001
0,102,-195.058505,-0.000000
0,103,-195.058500,-0.000001
0,104,-195.058499,-0.000000
0,105,-195.058501,-0.000003
0,106,-195.058499,-0.000000
0,107,-195.058501,-0.000001
0,108,-195.058500,-0.000000
0,109,-195.058498,-0.000000
0,110,-195.058498,-0.000000
0,111,-195.058508,-0.000008
0,112,-195.058499,-0.000000
0,113,-195.058501,-0.000001
0,114,-195.058498,-0.000000
0,115,-195.058507,-0.000003
0,116,-195.058499,-0.000000
0,117,-195.058516,-0.000018
0,118,-195.058498,-0.000000
0,119,-195.058498,-0.000000
1,2,-195.058495,0.000000
1,3,-195.058496,-0.000000
1,4,-195.058495,-0.000000
1,5,-195.058623,-0.000000
1,6,-195.058687,-0.000000
1,7,-195.058712,-0.000001
1,8,-195.058918,-0.000000
1,9,-195.058595,-0.000000
1,10,-195.058591,0.000000
1,11,-195.058523,0.000000
1,12,-195.058584,0.000000
1,13,-195.059229,0.000000
1,14,-195.058587,0.000000
1,15,-195.058793,0.000000
1,16,-195.058521,-0.000000
1,17,-195.058528,-0.000000
1,18,-195.062109,0.000000
1,21,-195.058537,-0.000001
1,22,-195.058741,-0.000001
1,23,-195.058558,-0.000001
1,24,-195.059364,-0.000002
1,25,-195.058646,-0.000000
1,26,-195.058605,-0.000000
1,27,-195.058498,-0.000000
1,28,-195.058510,-0.000000
1,29,-195.059611,-0.000000
1,30,-195.058583,-0.000001
1,31,-195.058520,-0.000000
1,32,-195.058524,-0.000000
1,33,-195.058558,-0.000001
1,34,-195.058503,-0.000000
1,35,-195.058533,-0.000000
1,36,-195.058550,-0.000000
1,37,-195.058510,-0.000000
1,38,-195.058562,-0.000000
1,39,-195.058555,-0.000000
1,40,-195.058624,-0.000001
1,41,-195.058705,-0.000002
1,42,-195.059002,-0.000000
1,43,-195.059622,-0.000002
1,44,-195.058802,-0.000005
1,45,-195.058525,-0.000000
1,46,-195.058793,-0.000002
1,47,-195.058565,-0.000004
1,48,-195.058528,-0.000008
1,49,-195.058499,-0.000000
1,50,-195.058505,-0.000000
1,51,-195.058517,-0.000000
1,52,-195.058521,-0.000001
1,53,-195.058513,-0.000001
1,54,-195.058503,-0.000001
1,55,-195.058669,-0.000001
1,56,-195.058591,-0.000005
1,57,-195.058506,-0.000001
1,58,-195.058521,-0.000001
1,59,-195.058546,-0.000004
1,60,-195.058582,-0.000004
1,61,-195.058617,-0.000000
1,62,-195.058545,-0.000000
1,63,-195.058563,-0.000000
1,64,-195.058507,-0.000000
1,65,-195.058516,-0.000000
1,66,-195.058522,-0.000000
1,67,-195.058507,-0.000000
1,68,-195.058555,-0.000003
1,69,-195.058499,-0.000000
1,70,-195.058502,-0.000000
1,71,-195.058543,-0.000002
1,72,-195.058528,-0.000001
1,73,-195.058497,-0.000000
1,74,-195.058531,-0.000000
1,75,-195.058532,-0.000001
1,76,-195.058527,-0.000000
1,77,-195.058497,-0.000000
1,78,-195.058502,-0.000000
1,79,-195.058500,-0.000002
1,80,-195.058534,-0.000000
1,81,-195.058520,-0.000000
1,82,-195.058508,-0.000000
1,83,-195.058500,-0.000000
1,84,-195.058505,-0.000000
1,85,-195.058501,-0.000000
1,86,-195.058498,-0.000000
1,87,-195.058501,-0.000000
1,88,-195.058501,-0.000000
1,89,-195.058503,-0.000000
1,90,-195.058498,-0.000000
1,91,-195.058534,-0.000001
1,92,-195.058500,-0.000000
1,93,-195.058506,-0.000000
1,94,-195.058501,-0.000000
1,95,-195.058501,-0.000000
1,96,-195.058515,-0.000000
1,97,-195.058504,-0.000000
1,98,-195.058503,-0.000000
1,99,-195.058504,-0.000000
1,100,-195.058502,-0.000000
1,101,-195.058498,-0.000000
1,102,-195.058504,-0.000001
1,103,-195.058497,-0.000000
1,104,-195.058498,-0.000000
1,105,-195.058496,-0.000000
1,106,-195.058498,-0.000000
1,107,-195.058499,-0.000000
1,108,-195.058498,-0.000000
1,109,-195.058499,-0.000003
1,110,-195.058496,-0.000000
1,111,-195.058501,-0.000003
1,112,-195.058497,-0.000000
1,113,-195.058507,-0.000009
1,114,-195.058496,-0.000000
1,115,-195.058502,-0.000000
1,116,-195.058507,-0.000010
1,117,-195.058497,-0.000000
1,118,-195.058497,-0.000001
1,119,-195.058497,-0.000000
2,3,-195.058495,0.000000
2,4,-195.058494,0.000000
2,5,-195.058622,-0.000000
2,6,-195.058686,-0.000000
2,7,-195.058710,-0.000000
2,8,-195.058917,-0.000000
2,9,-195.058594,-0.000000
2,10,-195.058589,0.000000
2,11,-195.058522,-0.000000
2,12,-195.058583,-0.000000
2,13,-195.059228,-0.000000
2,14,-195.058586,-0.000000
2,15,-195.058792,-0.000000
2,16,-195.058520,-0.000000
2,17,-195.058527,-0.000000
2,18,-195.062108,-0.000000
2,21,-195.058535,-0.000000
2,22,-195.058739,-0.000001
2,23,-195.058556,-0.000000
2,24,-195.059361,-0.000001
2,25,-195.058645,-0.000000
2,26,-195.058604,-0.000000
2,27,-195.058496,-0.000000
2,28,-195.058508,-0.000000
2,29,-195.059609,-0.000000
2,30,-195.058582,-0.000000
2,31,-195.058519,-0.000000
2,32,-195.058523,-0.000000
2,33,-195.058560,-0.000003
2,34,-195.058502,-0.000000
2,35,-195.058532,-0.000000
2,36,-195.058549,-0.000000
2,37,-195.058509,-0.000000
2,38,-195.058561,-0.000000
2,39,-195.058554,-0.000001
2,40,-195.058622,-0.000000
2,41,-195.058704,-0.000002
2,42,-195.059001,-0.000001
2,43,-195.059620,-0.000001
2,44,-195.058801,-0.000005
2,45,-195.058525,-0.000002
2,46,-195.058797,-0.000007
2,47,-195.058560,-0.000000
2,48,-195.058519,-0.000000
2,49,-195.058498,-0.000000
2,50,-195.058504,-0.000000
2,51,-195.058515,-0.000000
2,52,-195.058520,-0.000001
2,53,-195.058512,-0.000001
2,54,-195.058504,-0.000002
2,55,-195.058670,-0.000003
2,56,-195.058587,-0.000002
2,57,-195.058508,-0.000004
2,58,-195.058520,-0.000002
2,59,-195.058542,-0.000000
2,60,-195.058577,-0.000001
2,61,-195.058616,-0.000000
2,62,-195.058543,-0.000000
2,63,-195.058562,-0.000000
2,64,-195.058506,-0.000001
2,65,-195.058514,-0.000000
2,66,-195.058521,-0.000000
2,67,-195.058508,-0.000002
2,68,-195.058550,-0.000000
2,69,-195.058498,-0.000000
2,70,-195.058500,-0.000000
2,71,-195.058540,-0.000000
2,72,-195.058526,-0.000000
2,73,-195.058496,-0.000000
2,74,-195.058530,-0.000000
2,75,-195.058530,-0.000000
2,76,-195.058526,-0.000000
2,77,-195.058496,-0.000000
2,78,-195.058501,-0.000000
2,79,-195.058497,-0.000000
2,80,-195.058533,-0.000000
2,81,-195.058519,-0.000000
2,82,-195.058507,-0.000000
2,83,-195.058499,-0.000000
2,84,-195.058504,-0.000000
2,85,-195.058500,-0.000000
2,86,-195.058497,-0.000000
2,87,-195.058500,-0.000000
2,88,-195.058500,-0.000001
2,89,-195.058502,-0.000000
2,90,-195.058497,-0.000000
2,91,-195.058532,-0.000000
2,92,-195.058499,-0.000000
2,93,-195.058504,-0.000000
2,94,-195.058500,-0.000000
2,95,-195.058500,-0.000001
2,96,-195.058515,-0.000001
2,97,-195.058505,-0.000002
2,98,-195.058503,-0.000001
2,99,-195.058505,-0.000002
2,100,-195.058501,-0.000000
2,101,-195.058497,-0.000000
2,102,-195.058502,-0.000000
2,103,-195.058496,-0.000000
2,104,-195.058497,-0.000001
2,105,-195.058495,-0.000000
2,106,-195.058497,-0.000001
2,107,-195.058498,-0.000000
2,108,-195.058497,-0.000000
2,109,-195.058496,-0.000001
2,110,-195.058495,-0.000000
2,111,-195.058497,-0.000000
2,112,-195.058498,-0.000003
2,113,-195.058498,-0.000000
2,114,-195.058495,-0.000000
2,115,-195.058501,-0.000000
2,116,-195.058496,-0.000000
2,117,-195.058495,-0.000000
2,118,-195.058497,-0.000001
2,119,-195.058496,-0.000001
3,4,-195.058495,0.000000
3,5,-195.058622,-0.000000
3,6,-195.058686,-0.000000
3,7,-195.058711,-0.000001
3,8,-195.058917,-0.000000
3,9,-195.058595,-0.000000
3,10,-195.058590,-0.000000
3,11,-195.058522,-0.000000
3,12,-195.058583,0.000000
3,13,-195.059228,0.000000
3,14,-195.058586,0.000000
3,15,-195.058792,0.000000
3,16,-195.058520,0.000000
3,17,-195.058527,0.000000
3,18,-195.062108,-0.000000
3,21,-195.058535,-0.000000
3,22,-195.058740,-0.000001
3,23,-195.058557,-0.000000
3,24,-195.059362,-0.000001
3,25,-195.058645,-0.000000
3,26,-195.058604,-0.000000
3,27,-195.058497,-0.000000
3,28,-195.058509,-0.000000
3,29,-195.059609,-0.000000
3,30,-195.058582,-0.000000
3,31,-195.058519,-0.000000
3,32,-195.058523,-0.000000
3,33,-195.058557,-0.000000
3,34,-195.058502,-0.000000
3,35,-195.058532,-0.000000
3,36,-195.058549,-0.000000
3,37,-195.058509,-0.000000
3,38,-195.058561,-0.000000
3,39,-195.058554,-0.000000
3,40,-195.058626,-0.000004
3,41,-195.058710,-0.000008
3,42,-195.059004,-0.000003
3,43,-195.059620,-0.000001
3,44,-195.058797,-0.000001
3,45,-195.058525,-0.000002
3,46,-195.058801,-0.000010
3,47,-195.058560,-0.000000
3,48,-195.058519,-0.000000
3,49,-195.058499,-0.000000
3,50,-195.058504,-0.000001
3,51,-195.058520,-0.000004
3,52,-195.058519,-0.000000
3,53,-195.058512,-0.000000
3,54,-195.058502,-0.000001
3,55,-195.058668,-0.000000
3,56,-195.058585,-0.000000
3,57,-195.058516,-0.000011
3,58,-195.058520,-0.000001
3,59,-195.058542,-0.000001
3,60,-195.058577,-0.000000
3,61,-195.058616,-0.000000
3,62,-195.058544,-0.000000
3,63,-195.058563,-0.000000
3,64,-195.058507,-0.000001
3,65,-195.058514,-0.000000
3,66,-195.058521,-0.000000
3,67,-195.058507,-0.000001
3,68,-195.058551,-0.000000
3,69,-195.058498,-0.000000
3,70,-195.058501,-0.000000
3,71,-195.058540,-0.000000
3,72,-195.058527,-0.000000
3,73,-195.058496,-0.000000
3,74,-195.058531,-0.000000
3,75,-195.058530,-0.000000
3,76,-195.058526,-0.000000
3,77,-195.058497,-0.000000
3,78,-195.058501,-0.000000
3,79,-195.058498,-0.000000
3,80,-195.058534,-0.000001
3,81,-195.058519,-0.000000
3,82,-195.058507,-0.000000
3,83,-195.058499,-0.000000
3,84,-195.058504,-0.000000
3,85,-195.058501,-0.000000
3,86,-195.058498,-0.000000
3,87,-195.058500,-0.000000
3,88,-195.058500,-0.000000
3,89,-195.058502,-0.000000
3,90,-195.058498,-0.000000
3,91,-195.058532,-0.000000
3,92,-195.058499,-0.000000
3,93,-195.058504,-0.000000
3,94,-195.058500,-0.000000
3,95,-195.058500,-0.000000
3,96,-195.058514,-0.000000
3,97,-195.058504,-0.000001
3,98,-195.058502,-0.000000
3,99,-195.058506,-0.000003
3,100,-195.058502,-0.000000
3,101,-195.058497,-0.000000
3,102,-195.058502,-0.000000
3,103,-195.058496,-0.000000
3,104,-195.058501,-0.000005
3,105,-195.058495,-0.000000
3,106,-195.058497,-0.000001
3,107,-195.058498,-0.000000
3,108,-195.058497,-0.000000
3,109,-195.058501,-0.000006
3,110,-195.058495,-0.000000
3,111,-195.058497,-0.000000
3,112,-195.058504,-0.000008
3,113,-195.058498,-0.000000
3,114,-195.058495,-0.000000
3,115,-195.058501,-0.000000
3,116,-195.058497,-0.000001
3,117,-195.058496,-0.000000
3,118,-195.058503,-0.000007
3,119,-195.058497,-0.000002
4,5,-195.058622,-0.000000
4,6,-195.058686,-0.000000
4,7,-195.058710,0.000000
4,8,-195.058917,0.000000
4,9,-195.058594,-0.000000
4,10,-195.058589,-0.000000
4,11,-195.058522,0.000000
4,12,-195.058583,-0.000000
4,13,-195.059228,-0.000000
4,14,-195.058586,-0.000000
4,15,-195.058791,-0.000000
4,16,-195.058520,0.000000
4,17,-195.058527,0.000000
4,18,-195.062108,0.000000
4,21,-195.058536,-0.000001
4,22,-195.058739,-0.000000
4,23,-195.058556,-0.000000
4,24,-195.059360,-0.000000
4,25,-195.058645,-0.000000
4,26,-195.058604,-0.000000
4,27,-195.058497,-0.000000
4,28,-195.058508,-0.000000
4,29,-195.059609,-0.000000
4,30,-195.058581,-0.000000
4,31,-195.058519,-0.000000
4,32,-195.058524,-0.000001
4,33,-195.058557,-0.000000
4,34,-195.058501,-0.000000
4,35,-195.058532,-0.000000
4,36,-195.058548,-0.000000
4,37,-195.058509,-0.000000
4,38,-195.058561,-0.000001
4,39,-195.058554,-0.000000
4,40,-195.058622,-0.000000
4,41,-195.058702,-0.000000
4,42,-195.059000,-0.000000
4,43,-195.059619,-0.000000
4,44,-195.058797,-0.000001
4,45,-195.058526,-0.000003
4,46,-195.058790,-0.000000
4,47,-195.058562,-0.000002
4,48,-195.058519,-0.000001
4,49,-195.058506,-0.000008
4,50,-195.058509,-0.000005
4,51,-195.058517,-0.000002
4,52,-195.058520,-0.000002
4,53,-195.058516,-0.000005
4,54,-195.058507,-0.000005
4,55,-195.058667,-0.000000
4,56,-195.058585,-0.000000
4,57,-195.058504,-0.000000
4,58,-195.058519,-0.000000
4,59,-195.058541,-0.000000
4,60,-195.058576,-0.000000
4,61,-195.058616,-0.000000
4,62,-195.058543,-0.000000
4,63,-195.058562,-0.000000
4,64,-195.058505,-0.000000
4,65,-195.058514,-0.000000
4,66,-195.058521,-0.000000
4,67,-195.058506,-0.000000
4,68,-195.058551,-0.000001
4,69,-195.058498,-0.000000
4,70,-195.058500,-0.000000
4,71,-195.058540,-0.000000
4,72,-195.058526,-0.000000
4,73,-195.058496,-0.000000
4,74,-195.058530,-0.000000
4,75,-195.058530,-0.000000
4,76,-195.058526,-0.000000
4,77,-195.058496,-0.000000
4,78,-195.058501,-0.000000
4,79,-195.058497,-0.000000
4,80,-195.058532,-0.000000
4,81,-195.058519,-0.000000
4,82,-195.058507,-0.000000
4,83,-195.058499,-0.000000
4,84,-195.058504,-0.000000
4,85,-195.058500,-0.000000
4,86,-195.058497,-0.000000
4,87,-195.058500,-0.000000
4,88,-195.058499,-0.000000
4,89,-195.058501,-0.000000
4,90,-195.058498,-0.000000
4,91,-195.058532,-0.000000
4,92,-195.058499,-0.000000
4,93,-195.058504,-0.000000
4,94,-195.058500,-0.000000
4,95,-195.058500,-0.000000
4,96,-195.058514,-0.000000
4,97,-195.058503,-0.000000
4,98,-195.058502,-0.000000
4,99,-195.058503,-0.000000
4,100,-195.058501,-0.000000
4,101,-195.058497,-0.000001
4,102,-195.058502,-0.000000
4,103,-195.058496,-0.000000
4,104,-195.058496,-0.000000
4,105,-195.058496,-0.000001
4,106,-195.058496,-0.000000
4,107,-195.058498,-0.000000
4,108,-195.058497,-0.000000
4,109,-195.058495,-0.000000
4,110,-195.058522,-0.000028
4,111,-195.058497,-0.000000
4,112,-195.058496,-0.000000
4,113,-195.058499,-0.000001
4,114,-195.058511,-0.000016
4,115,-195.058511,-0.000010
4,116,-195.058496,-0.000000
4,117,-195.058497,-0.000001
4,118,-195.058495,-0.000000
4,119,-195.058495,-0.000000
5,6,-195.058813,0.000000
5,7,-195.058875,-0.000038
5,8,-195.059042,0.000002
5,9,-195.058723,-0.000001
5,10,-195.058714,0.000003
5,11,-195.058649,0.000000
5,12,-195.058734,-0.000024
5,13,-195.059355,-0.000000
5,14,-195.058723,-0.000010
5,15,-195.058919,0.000000
5,16,-195.058651,-0.000004
5,17,-195.058662,-0.000007
5,18,-195.062207,0.000029
5,21,-195.058681,-0.000019
5,22,-195.058957,-0.000091
5,23,-195.058795,-0.000111
5,24,-195.059580,-0.000092
5,25,-195.058791,-0.000019
5,26,-195.058744,-0.000013
5,27,-195.058629,-0.000006
5,28,-195.058656,-0.000020
5,29,-195.059752,-0.000015
5,30,-195.058753,-0.000044
5,31,-195.058663,-0.000017
5,32,-195.058662,-0.000011
5,33,-195.058867,-0.000183
5,34,-195.058676,-0.000047
5,35,-195.058688,-0.000029
5,36,-195.058705,-0.000029
5,37,-195.058695,-0.000058
5,38,-195.058703,-0.000015
5,39,-195.058758,-0.000077
5,40,-195.058826,-0.000077
5,41,-195.058901,-0.000072
5,42,-195.059188,-0.000060
5,43,-195.059769,-0.000023
5,44,-195.059269,-0.000345
5,45,-195.058791,-0.000140
5,46,-195.059009,-0.000092
5,47,-195.058704,-0.000016
5,48,-195.058673,-0.000027
5,49,-195.058630,-0.000004
5,50,-195.058636,-0.000005
5,51,-195.058655,-0.000012
5,52,-195.058654,-0.000008
5,53,-195.058645,-0.000006
5,54,-195.058643,-0.000014
5,55,-195.058834,-0.000039
5,56,-195.058786,-0.000074
5,57,-195.058682,-0.000051
5,58,-195.058678,-0.000032
5,59,-195.058694,-0.000025
5,60,-195.058724,-0.000020
5,61,-195.058801,-0.000058
5,62,-195.058696,-0.000025
5,63,-195.058795,-0.000105
5,64,-195.058695,-0.000062
5,65,-195.058649,-0.000007
5,66,-195.058682,-0.000034
5,67,-195.058683,-0.000050
5,68,-195.058701,-0.000023
5,69,-195.058633,-0.000008
5,70,-195.058637,-0.000009
5,71,-195.058707,-0.000040
5,72,-195.058668,-0.000015
5,73,-195.058623,-0.000000
5,74,-195.058680,-0.000023
5,75,-195.058675,-0.000017
5,76,-195.058663,-0.000010
5,77,-195.058638,-0.000014
5,78,-195.058631,-0.000003
5,79,-195.058672,-0.000047
5,80,-195.058687,-0.000027
5,81,-195.058670,-0.000024
5,82,-195.058647,-0.000013
5,83,-195.058627,-0.000001
5,84,-195.058642,-0.000010
5,85,-195.058639,-0.000011
5,86,-195.058633,-0.000008
5,87,-195.058638,-0.000010
5,88,-195.058645,-0.000018
5,89,-195.058629,-0.000000
5,90,-195.058632,-0.000007
5,91,-195.058691,-0.000032
5,92,-195.058629,-0.000003
5,93,-195.058642,-0.000010
5,94,-195.058634,-0.000006
5,95,-195.058633,-0.000006
5,96,-195.058666,-0.000024
5,97,-195.058643,-0.000012
5,98,-195.058642,-0.000013
5,99,-195.058659,-0.000029
5,100,-195.058635,-0.000007
5,101,-195.058624,-0.000000
5,102,-195.058656,-0.000026
5,103,-195.058624,-0.000000
5,104,-195.058643,-0.000019
5,105,-195.058623,-0.000001
5,106,-195.058630,-0.000006
5,107,-195.058629,-0.000004
5,108,-195.058634,-0.000010
5,109,-195.058641,-0.000019
5,110,-195.058622,-0.000000
5,111,-195.058627,-0.000002
5,112,-195.058637,-0.000014
5,113,-195.058630,-0.000005
5,114,-195.058622,-0.000000
5,115,-195.058629,-0.000001
5,116,-195.058634,-0.000011
5,117,-195.058623,-0.000000
5,118,-195.058639,-0.000016
5,119,-195.058643,-0.000020
6,7,-195.058900,0.000001
6,8,-195.059246,-0.000138
6,9,-195.058787,-0.000001
6,10,-195.058781,0.000000
6,11,-195.058711,0.000002
6,12,-195.058778,-0.000004
6,13,-195.059430,-0.000010
6,14,-195.058776,0.000001
6,15,-195.058967,0.000016
6,16,-195.058710,0.000001
6,17,-195.058718,0.000001
6,18,-195.062294,0.000005
6,21,-195.058830,-0.000103
6,22,-195.058965,-0.000035
6,23,-195.058771,-0.000023
6,24,-195.059662,-0.000110
6,25,-195.058913,-0.000076
6,26,-195.058845,-0.000050
6,27,-195.058739,-0.000051
6,28,-195.058722,-0.000022
6,29,-195.059849,-0.000048
6,30,-195.058783,-0.000010
6,31,-195.058721,-0.000011
6,32,-195.058959,-0.000244
6,33,-195.058770,-0.000022
6,34,-195.058697,-0.000004
6,35,-195.058749,-0.000026
6,36,-195.058792,-0.000051
6,37,-195.058733,-0.000032
6,38,-195.058821,-0.000068
6,39,-195.058804,-0.000059
6,40,-195.058837,-0.000024
6,41,-195.058948,-0.000054
6,42,-195.059216,-0.000024
6,43,-195.060092,-0.000282
6,44,-195.059002,-0.000014
6,45,-195.058800,-0.000085
6,46,-195.059012,-0.000030
6,47,-195.058865,-0.000113
6,48,-195.058719,-0.000009
6,49,-195.058773,-0.000083
6,50,-195.058772,-0.000077
6,51,-195.058741,-0.000035
6,52,-195.058750,-0.000040
6,53,-195.058763,-0.000060
6,54,-195.058745,-0.000052
6,55,-195.058974,-0.000115
6,56,-195.058789,-0.000012
6,57,-195.058706,-0.000010
6,58,-195.058771,-0.000060
6,59,-195.058772,-0.000040
6,60,-195.058896,-0.000128
6,61,-195.058825,-0.000018
6,62,-195.058784,-0.000049
6,63,-195.058760,-0.000007
6,64,-195.058704,-0.000007
6,65,-195.058724,-0.000018
6,66,-195.058720,-0.000008
6,67,-195.058718,-0.000020
6,68,-195.058795,-0.000053
6,69,-195.058704,-0.000015
6,70,-195.058705,-0.000013
6,71,-195.058754,-0.000023
6,72,-195.058749,-0.000032
6,73,-195.058706,-0.000019
6,74,-195.058731,-0.000010
6,75,-195.058787,-0.000065
6,76,-195.058752,-0.000035
6,77,-195.058689,-0.000001
6,78,-195.058699,-0.000006
6,79,-195.058691,-0.000002
6,80,-195.058734,-0.000010
6,81,-195.058749,-0.000038
6,82,-195.058716,-0.000017
6,83,-195.058780,-0.000089
6,84,-195.058718,-0.000022
6,85,-195.058730,-0.000038
6,86,-195.058714,-0.000025
6,87,-195.058703,-0.000012
6,88,-195.058697,-0.000006
6,89,-195.058713,-0.000020
6,90,-195.058708,-0.000019
6,91,-195.058762,-0.000039
6,92,-195.058707,-0.000017
6,93,-195.058699,-0.000004
6,94,-195.058694,-0.000002
6,95,-195.058702,-0.000011
6,96,-195.058714,-0.000008
6,97,-195.058707,-0.000012
6,98,-195.058703,-0.000009
6,99,-195.058697,-0.000003
6,100,-195.058702,-0.000009
6,101,-195.058721,-0.000033
6,102,-195.058694,-0.000000
6,103,-195.058712,-0.000025
6,104,-195.058688,-0.000001
6,105,-195.058706,-0.000019
6,106,-195.058689,-0.000002
6,107,-195.058703,-0.000013
6,108,-195.058690,-0.000002
6,109,-195.058687,-0.000000
6,110,-195.058713,-0.000027
6,111,-195.058697,-0.000009
6,112,-195.058688,-0.000001
6,113,-195.058693,-0.000003
6,114,-195.058707,-0.000020
6,115,-195.058715,-0.000023
6,116,-195.058688,-0.000000
6,117,-195.058701,-0.000014
6,118,-195.058687,-0.000000
6,119,-195.058687,-0.000000
7,8,-195.059138,-0.000006
7,9,-195.058819,-0.000009
7,10,-195.058804,0.000001
7,11,-195.058737,0.000000
7,12,-195.058790,0.000008
7,13,-195.059439,0.000005
7,14,-195.058803,-0.000002
7,15,-195.059006,0.000001
7,16,-195.058738,-0.000002
7,17,-195.058745,-0.000003
7,18,-195.062308,0.000015
7,21,-195.058786,-0.000036
7,22,-195.059085,-0.000131
7,23,-195.058819,-0.000047
7,24,-195.059914,-0.000338
7,25,-195.058927,-0.000066
7,26,-195.058900,-0.000080
7,27,-195.058751,-0.000039
7,28,-195.058743,-0.000019
7,29,-195.059872,-0.000047
7,30,-195.058843,-0.000046
7,31,-195.058776,-0.000042
7,32,-195.058745,-0.000006
7,33,-195.058847,-0.000075
7,34,-195.058840,-0.000123
7,35,-195.058785,-0.000038
7,36,-195.058788,-0.000024
7,37,-195.058758,-0.000033
7,38,-195.058801,-0.000024
7,39,-195.058812,-0.000043
7,40,-195.059004,-0.000167
7,41,-195.058982,-0.000065
7,42,-195.059489,-0.000273
7,43,-195.060064,-0.000229
7,44,-195.059169,-0.000157
7,45,-195.058900,-0.000162
7,46,-195.059074,-0.000068
7,47,-195.058813,-0.000037
7,48,-195.058806,-0.000072
7,49,-195.058720,-0.000007
7,50,-195.058724,-0.000005
7,51,-195.058759,-0.000028
7,52,-195.058743,-0.000009
7,53,-195.058748,-0.000021
7,54,-195.058731,-0.000013
7,55,-195.058895,-0.000012
7,56,-195.058886,-0.000086
7,57,-195.058812,-0.000092
7,58,-195.058771,-0.000037
7,59,-195.058820,-0.000063
7,60,-195.058953,-0.000161
7,61,-195.058918,-0.000087
7,62,-195.058841,-0.000082
7,63,-195.058864,-0.000086
7,64,-195.058753,-0.000032
7,65,-195.058747,-0.000017
7,66,-195.058759,-0.000022
7,67,-195.058752,-0.000031
7,68,-195.058803,-0.000037
7,69,-195.058724,-0.000011
7,70,-195.058729,-0.000013
7,71,-195.058786,-0.000031
7,72,-195.058755,-0.000013
7,73,-195.058713,-0.000001
7,74,-195.058804,-0.000058
7,75,-195.058773,-0.000028
7,76,-195.058760,-0.000019
7,77,-195.058735,-0.000023
7,78,-195.058730,-0.000014
7,79,-195.058774,-0.000061
7,80,-195.058797,-0.000049
7,81,-195.058754,-0.000020
7,82,-195.058731,-0.000009
7,83,-195.058716,-0.000001
7,84,-195.058726,-0.000006
7,85,-195.058720,-0.000004
7,86,-195.058714,-0.000002
7,87,-195.058725,-0.000010
7,88,-195.058743,-0.000029
7,89,-195.058721,-0.000004
7,90,-195.058721,-0.000008
7,91,-195.058806,-0.000058
7,92,-195.058718,-0.000004
7,93,-195.058738,-0.000019
7,94,-195.058731,-0.000016
7,95,-195.058732,-0.000017
7,96,-195.058742,-0.000013
7,97,-195.058754,-0.000035
7,98,-195.058732,-0.000015
7,99,-195.058734,-0.000016
7,100,-195.058720,-0.000004
7,101,-195.058712,-0.000000
7,102,-195.058740,-0.000023
7,103,-195.058712,-0.000000
7,104,-195.058723,-0.000012
7,105,-195.058711,-0.000001
7,106,-195.058721,-0.000009
7,107,-195.058721,-0.000008
7,108,-195.058724,-0.000012
7,109,-195.058732,-0.000022
7,110,-195.058711,-0.000000
7,111,-195.058720,-0.000007
7,112,-195.058720,-0.000009
7,113,-195.058731,-0.000018
7,114,-195.058711,-0.000000
7,115,-195.058718,-0.000002
7,116,-195.058727,-0.000016
7,117,-195.058711,-0.000000
7,118,-195.058725,-0.000014
7,119,-195.058721,-0.000010
8,9,-195.059015,0.000001
8,10,-195.059012,-0.000000
8,11,-195.058941,0.000003
8,12,-195.059010,-0.000005
8,13,-195.059683,-0.000033
8,14,-195.059008,0.000000
8,15,-195.059245,-0.000031
8,16,-195.058938,0.000004
8,17,-195.058949,0.000001
8,18,-195.062525,0.000006
8,21,-195.059092,-0.000135
8,22,-195.059228,-0.000067
8,23,-195.059075,-0.000097
8,24,-195.059946,-0.000164
8,25,-195.059529,-0.000462
8,26,-195.059041,-0.000015
8,27,-195.058944,-0.000026
8,28,-195.058979,-0.000049
8,29,-195.060164,-0.000132
8,30,-195.059037,-0.000033
8,31,-195.058951,-0.000010
8,32,-195.059203,-0.000257
8,33,-195.059008,-0.000029
8,34,-195.058928,-0.000004
8,35,-195.058974,-0.000021
8,36,-195.059045,-0.000075
8,37,-195.058970,-0.000039
8,38,-195.059051,-0.000068
8,39,-195.059063,-0.000088
8,40,-195.059078,-0.000034
8,41,-195.059237,-0.000113
8,42,-195.059600,-0.000177
8,43,-195.060435,-0.000394
8,44,-195.059239,-0.000021
8,45,-195.059021,-0.000075
8,46,-195.059252,-0.000039
8,47,-195.059037,-0.000055
8,48,-195.058957,-0.000016
8,49,-195.058960,-0.000040
8,50,-195.059010,-0.000084
8,51,-195.058979,-0.000042
8,52,-195.058991,-0.000050
8,53,-195.059047,-0.000113
8,54,-195.059047,-0.000123
8,55,-195.059330,-0.000241
8,56,-195.059042,-0.000035
8,57,-195.058940,-0.000013
8,58,-195.058968,-0.000027
8,59,-195.059024,-0.000061
8,60,-195.059176,-0.000177
8,61,-195.059117,-0.000079
8,62,-195.059058,-0.000093
8,63,-195.058992,-0.000008
8,64,-195.058937,-0.000009
8,65,-195.058963,-0.000027
8,66,-195.058952,-0.000009
8,67,-195.058941,-0.000013
8,68,-195.059033,-0.000060
8,69,-195.058949,-0.000029
8,70,-195.058953,-0.000031
8,71,-195.058981,-0.000019
8,72,-195.059002,-0.000054
8,73,-195.058946,-0.000028
8,74,-195.058982,-0.000030
8,75,-195.059025,-0.000073
8,76,-195.058993,-0.000045
8,77,-195.058919,-0.000001
8,78,-195.058947,-0.000024
8,79,-195.058921,-0.000001
8,80,-195.058958,-0.000003
8,81,-195.058975,-0.000034
8,82,-195.058954,-0.000024
8,83,-195.058993,-0.000072
8,84,-195.058942,-0.000015
8,85,-195.058948,-0.000026
8,86,-195.058939,-0.000020
8,87,-195.058933,-0.000011
8,88,-195.058929,-0.000007
8,89,-195.058961,-0.000038
8,90,-195.058935,-0.000015
8,91,-195.058988,-0.000034
8,92,-195.058947,-0.000026
8,93,-195.058935,-0.000009
8,94,-195.058927,-0.000005
8,95,-195.058939,-0.000017
8,96,-195.058945,-0.000008
8,97,-195.058930,-0.000005
8,98,-195.058931,-0.000006
8,99,-195.058928,-0.000003
8,100,-195.058932,-0.000008
8,101,-195.058950,-0.000031
8,102,-195.058925,-0.000000
8,103,-195.058947,-0.000029
8,104,-195.058919,-0.000000
8,105,-195.058934,-0.000017
8,106,-195.058921,-0.000003
8,107,-195.058935,-0.000015
8,108,-195.058922,-0.000003
8,109,-195.058918,-0.000000
8,110,-195.058954,-0.000037
8,111,-195.058955,-0.000036
8,112,-195.058920,-0.000002
8,113,-195.058926,-0.000006
8,114,-195.058937,-0.000019
8,115,-195.058952,-0.000029
8,116,-195.058919,-0.000001
8,117,-195.058943,-0.000026
8,118,-195.058918,-0.000000
8,119,-195.058917,-0.000000
9,10,-195.058695,-0.000006
9,11,-195.058623,-0.000001
9,12,-195.058683,-0.000001
9,13,-195.059325,0.000002
9,14,-195.058683,0.000002
9,15,-195.058892,-0.000000
9,16,-195.058620,0.000000
9,17,-195.058624,0.000003
9,18,-195.062216,-0.000008
9,21,-195.058708,-0.000073
9,22,-195.059059,-0.000221
9,23,-195.058899,-0.000243
9,24,-195.060000,-0.000539
9,25,-195.058755,-0.000010
9,26,-195.058747,-0.000043
9,27,-195.058632,-0.000035
9,28,-195.058628,-0.000019
9,29,-195.059731,-0.000022
9,30,-195.058737,-0.000055
9,31,-195.058638,-0.000019
9,32,-195.058627,-0.000004
9,33,-195.058742,-0.000086
9,34,-195.058772,-0.000171
9,35,-195.058679,-0.000047
9,36,-195.058673,-0.000025
9,37,-195.058676,-0.000067
9,38,-195.058669,-0.000008
9,39,-195.058773,-0.000119
9,40,-195.058747,-0.000025
9,41,-195.058854,-0.000052
9,42,-195.059251,-0.000151
9,43,-195.059747,-0.000028
9,44,-195.059010,-0.000114
9,45,-195.058679,-0.000056
9,46,-195.058951,-0.000061
9,47,-195.058673,-0.000013
9,48,-195.058636,-0.000017
9,49,-195.058606,-0.000008
9,50,-195.058620,-0.000016
9,51,-195.058640,-0.000025
9,52,-195.058647,-0.000029
9,53,-195.058624,-0.000013
9,54,-195.058624,-0.000022
9,55,-195.058791,-0.000024
9,56,-195.058757,-0.000072
9,57,-195.058850,-0.000246
9,58,-195.058707,-0.000089
9,59,-195.058702,-0.000061
9,60,-195.058692,-0.000015
9,61,-195.058794,-0.000078
9,62,-195.058667,-0.000023
9,63,-195.058738,-0.000076
9,64,-195.058655,-0.000049
9,65,-195.058637,-0.000023
9,66,-195.058749,-0.000128
9,67,-195.058637,-0.000031
9,68,-195.058670,-0.000020
9,69,-195.058612,-0.000014
9,70,-195.058613,-0.000013
9,71,-195.058688,-0.000048
9,72,-195.058657,-0.000031
9,73,-195.058596,-0.000000
9,74,-195.058657,-0.000027
9,75,-195.058666,-0.000036
9,76,-195.058645,-0.000019
9,77,-195.058640,-0.000044
9,78,-195.058609,-0.000008
9,79,-195.058647,-0.000049
9,80,-195.058686,-0.000053
9,81,-195.058635,-0.000016
9,82,-195.058617,-0.000010
9,83,-195.058600,-0.000001
9,84,-195.058612,-0.000008
9,85,-195.058606,-0.000006
9,86,-195.058602,-0.000005
9,87,-195.058623,-0.000023
9,88,-195.058629,-0.000030
9,89,-195.058602,-0.000001
9,90,-195.058605,-0.000008
9,91,-195.058642,-0.000011
9,92,-195.058601,-0.000003
9,93,-195.058619,-0.000015
9,94,-195.058613,-0.000013
9,95,-195.058607,-0.000007
9,96,-195.058631,-0.000017
9,97,-195.058618,-0.000015
9,98,-195.058610,-0.000008
9,99,-195.058622,-0.000019
9,100,-195.058606,-0.000005
9,101,-195.058597,-0.000000
9,102,-195.058619,-0.000017
9,103,-195.058596,-0.000000
9,104,-195.058632,-0.000036
9,105,-195.058596,-0.000001
9,106,-195.058618,-0.000022
9,107,-195.058603,-0.000005
9,108,-195.058615,-0.000018
9,109,-195.058627,-0.000033
9,110,-195.058595,-0.000000
9,111,-195.058602,-0.000005
9,112,-195.058615,-0.000019
9,113,-195.058606,-0.000009
9,114,-195.058595,-0.000000
9,115,-195.058601,-0.000000
9,116,-195.058611,-0.000015
9,117,-195.058595,-0.000000
9,118,-195.058620,-0.000025
9,119,-195.058617,-0.000022
10,11,-195.058616,0.000001
10,12,-195.058677,0.000001
10,13,-195.059327,-0.000004
10,14,-195.058676,0.000005
10,15,-195.058890,-0.000004
10,16,-195.058614,0.000001
10,17,-195.058620,0.000001
10,18,-195.062212,-0.000009
10,21,-195.058696,-0.000066
10,22,-195.059009,-0.000175
10,23,-195.058743,-0.000092
10,24,-195.059614,-0.000159
10,25,-195.058818,-0.000079
10,26,-195.058740,-0.000041
10,27,-195.058648,-0.000056
10,28,-195.058686,-0.000083
10,29,-195.059730,-0.000026
10,30,-195.058764,-0.000088
10,31,-195.058645,-0.000032
10,32,-195.058626,-0.000007
10,33,-195.058788,-0.000137
10,34,-195.058709,-0.000113
10,35,-195.058693,-0.000067
10,36,-195.058698,-0.000055
10,37,-195.058747,-0.000143
10,38,-195.058680,-0.000024
10,39,-195.058731,-0.000082
10,40,-195.058781,-0.000064
10,41,-195.058837,-0.000040
10,42,-195.059184,-0.000089
10,43,-195.059746,-0.000032
10,44,-195.058989,-0.000097
10,45,-195.058697,-0.000079
10,46,-195.058919,-0.000034
10,47,-195.058675,-0.000020
10,48,-195.058742,-0.000128
10,49,-195.058604,-0.000011
10,50,-195.058632,-0.000033
10,51,-195.058678,-0.000068
10,52,-195.058644,-0.000031
10,53,-195.058663,-0.000057
10,54,-195.058706,-0.000109
10,55,-195.058816,-0.000054
10,56,-195.058743,-0.000063
10,57,-195.058708,-0.000109
10,58,-195.058650,-0.000037
10,59,-195.058692,-0.000056
10,60,-195.058684,-0.000013
10,61,-195.058772,-0.000061
10,62,-195.058676,-0.000037
10,63,-195.058754,-0.000096
10,64,-195.058672,-0.000071
10,65,-195.058650,-0.000040
10,66,-195.058640,-0.000024
10,67,-195.058632,-0.000031
10,68,-195.058659,-0.000013
10,69,-195.058615,-0.000022
10,70,-195.058625,-0.000029
10,71,-195.058668,-0.000033
10,72,-195.058631,-0.000010
10,73,-195.058591,-0.000000
10,74,-195.058648,-0.000023
10,75,-195.058659,-0.000034
10,76,-195.058636,-0.000015
10,77,-195.058684,-0.000093
10,78,-195.058606,-0.000010
10,79,-195.058664,-0.000071
10,80,-195.058657,-0.000030
10,81,-195.058622,-0.000008
10,82,-195.058605,-0.000003
10,83,-195.058595,-0.000001
10,84,-195.058604,-0.000005
10,85,-195.058598,-0.000003
10,86,-195.058598,-0.000006
10,87,-195.058620,-0.000025
10,88,-195.058614,-0.000020
10,89,-195.058597,-0.000001
10,90,-195.058600,-0.000008
10,91,-195.058639,-0.000012
10,92,-195.058598,-0.000005
10,93,-195.058626,-0.000027
10,94,-195.058606,-0.000011
10,95,-195.058604,-0.000009
10,96,-195.058623,-0.000014
10,97,-195.058610,-0.000012
10,98,-195.058607,-0.000010
10,99,-195.058613,-0.000015
10,100,-195.058603,-0.000007
10,101,-195.058592,-0.000001
10,102,-195.058619,-0.000021
10,103,-195.058591,-0.000000
10,104,-195.058602,-0.000011
10,105,-195.058591,-0.000001
10,106,-195.058600,-0.000008
10,107,-195.058597,-0.000005
10,108,-195.058609,-0.000017
10,109,-195.058602,-0.000012
10,110,-195.058590,-0.000000
10,111,-195.058599,-0.000007
10,112,-195.058649,-0.000058
10,113,-195.058603,-0.000011
10,114,-195.058590,-0.000000
10,115,-195.058597,-0.000001
10,116,-195.058606,-0.000015
10,117,-195.058591,-0.000001
10,118,-195.058603,-0.000013
10,119,-195.058626,-0.000036
11,12,-195.058610,0.000000
11,13,-195.059255,0.000001
11,14,-195.058613,-0.000000
11,15,-195.058818,0.000001
11,16,-195.058565,-0.000017
11,17,-195.058560,-0.000005
11,18,-195.062137,-0.000002
11,21,-195.058602,-0.000040
11,22,-195.058812,-0.000046
11,23,-195.058691,-0.000107
11,24,-195.059429,-0.000041
11,25,-195.058713,-0.000040
11,26,-195.058757,-0.000125
11,27,-195.059017,-0.000493
11,28,-195.058780,-0.000244
11,29,-195.059690,-0.000053
11,30,-195.058732,-0.000123
11,31,-195.058607,-0.000061
11,32,-195.058616,-0.000065
11,33,-195.058596,-0.000012
11,34,-195.058531,-0.000002
11,35,-195.058603,-0.000044
11,36,-195.058748,-0.000172
11,37,-195.058635,-0.000099
11,38,-195.058736,-0.000147
11,39,-195.058615,-0.000033
11,40,-195.058772,-0.000123
11,41,-195.058762,-0.000033
11,42,-195.059057,-0.000029
11,43,-195.059700,-0.000053
11,44,-195.058828,-0.000004
11,45,-195.058572,-0.000021
11,46,-195.058820,-0.000002
11,47,-195.058628,-0.000040
11,48,-195.058621,-0.000075
11,49,-195.058998,-0.000472
11,50,-195.058722,-0.000191
11,51,-195.058582,-0.000040
11,52,-195.058753,-0.000207
11,53,-195.058600,-0.000061
11,54,-195.058579,-0.000050
11,55,-195.058760,-0.000066
11,56,-195.058655,-0.000042
11,57,-195.058534,-0.000002
11,58,-195.058595,-0.000048
11,59,-195.058612,-0.000043
11,60,-195.058619,-0.000015
11,61,-195.058664,-0.000021
11,62,-195.058597,-0.000027
11,63,-195.058594,-0.000004
11,64,-195.058542,-0.000009
11,65,-195.058602,-0.000061
11,66,-195.058567,-0.000018
11,67,-195.058539,-0.000006
11,68,-195.058598,-0.000020
11,69,-195.058580,-0.000054
11,70,-195.058581,-0.000053
11,71,-195.058571,-0.000003
11,72,-195.058579,-0.000025
11,73,-195.058577,-0.000054
11,74,-195.058568,-0.000010
11,75,-195.058562,-0.000005
11,76,-195.058563,-0.000010
11,77,-195.058525,-0.000001
11,78,-195.058557,-0.000028
11,79,-195.058526,-0.000001
11,80,-195.058561,-0.000001
11,81,-195.058568,-0.000022
11,82,-195.058568,-0.000034
11,83,-195.058566,-0.000040
11,84,-195.058556,-0.000024
11,85,-195.058577,-0.000049
11,86,-195.058558,-0.000033
11,87,-195.058533,-0.000005
11,88,-195.058532,-0.000005
11,89,-195.058585,-0.000056
11,90,-195.058538,-0.000013
11,91,-195.058566,-0.000006
11,92,-195.058544,-0.000018
11,93,-195.058535,-0.000003
11,94,-195.058531,-0.000003
11,95,-195.058536,-0.000008
11,96,-195.058546,-0.000004
11,97,-195.058536,-0.000005
11,98,-195.058536,-0.000007
11,99,-195.058538,-0.000007
11,100,-195.058551,-0.000022
11,101,-195.058536,-0.000012
11,102,-195.058531,-0.000001
11,103,-195.058555,-0.000032
11,104,-195.058525,-0.000002
11,105,-195.058563,-0.000040
11,106,-195.058526,-0.000002
11,107,-195.058532,-0.000006
11,108,-195.058525,-0.000001
11,109,-195.058523,-0.000000
11,110,-195.058541,-0.000019
11,111,-195.058538,-0.000013
11,112,-195.058525,-0.000002
11,113,-195.058528,-0.000003
11,114,-195.058572,-0.000049
11,115,-195.058548,-0.000019
11,116,-195.058524,-0.000001
11,117,-195.058590,-0.000066
11,118,-195.058523,-0.000000
11,119,-195.058523,-0.000001
12,13,-195.059318,-0.000002
12,14,-195.058671,0.000003
12,15,-195.058877,0.000003
12,16,-195.058608,0.000001
12,17,-195.058620,-0.000005
12,18,-195.062218,-0.000021
12,21,-195.058636,-0.000013
12,22,-195.058891,-0.000064
12,23,-195.058738,-0.000094
12,24,-195.059598,-0.000149
12,25,-195.058740,-0.000007
12,26,-195.058724,-0.000032
12,27,-195.058648,-0.000063
12,28,-195.058621,-0.000024
12,29,-195.059714,-0.000017
12,30,-195.058784,-0.000114
12,31,-195.058645,-0.000039
12,32,-195.058640,-0.000029
12,33,-195.058801,-0.000156
12,34,-195.058959,-0.000369
12,35,-195.058857,-0.000237
12,36,-195.058683,-0.000046
12,37,-195.058674,-0.000077
12,38,-195.058739,-0.000090
12,39,-195.058725,-0.000083
12,40,-195.058794,-0.000084
12,41,-195.058814,-0.000024
12,42,-195.059257,-0.000169
12,43,-195.059776,-0.000069
12,44,-195.058970,-0.000085
12,45,-195.058682,-0.000071
12,46,-195.058899,-0.000021
12,47,-195.058685,-0.000037
12,48,-195.058653,-0.000046
12,49,-195.058599,-0.000013
12,50,-195.058610,-0.000018
12,51,-195.058695,-0.000092
12,52,-195.058630,-0.000023
12,53,-195.058605,-0.000006
12,54,-195.058612,-0.000022
12,55,-195.058781,-0.000025
12,56,-195.058710,-0.000037
12,57,-195.059321,-0.000729
12,58,-195.058634,-0.000027
12,59,-195.058653,-0.000024
12,60,-195.058709,-0.000044
12,61,-195.058793,-0.000089
12,62,-195.058685,-0.000054
12,63,-195.058751,-0.000100
12,64,-195.058618,-0.000024
12,65,-195.058628,-0.000025
12,66,-195.058682,-0.000072
12,67,-195.058627,-0.000033
12,68,-195.058651,-0.000012
12,69,-195.058595,-0.000009
12,70,-195.058596,-0.000007
12,71,-195.058645,-0.000017
12,72,-195.058619,-0.000005
12,73,-195.058585,-0.000001
12,74,-195.058644,-0.000026
12,75,-195.058652,-0.000033
12,76,-195.058647,-0.000033
12,77,-195.058648,-0.000064
12,78,-195.058599,-0.000010
12,79,-195.058625,-0.000040
12,80,-195.058673,-0.000052
12,81,-195.058618,-0.000011
12,82,-195.058607,-0.000011
12,83,-195.058590,-0.000003
12,84,-195.058611,-0.000019
12,85,-195.058597,-0.000008
12,86,-195.058590,-0.000004
12,87,-195.058596,-0.000007
12,88,-195.058618,-0.000030
12,89,-195.058592,-0.000002
12,90,-195.058593,-0.000007
12,91,-195.058639,-0.000019
12,92,-195.058593,-0.000007
12,93,-195.058603,-0.000010
12,94,-195.058608,-0.000019
12,95,-195.058602,-0.000014
12,96,-195.058623,-0.000021
12,97,-195.058613,-0.000022
12,98,-195.058605,-0.000015
12,99,-195.058614,-0.000023
12,100,-195.058592,-0.000003
12,101,-195.058585,-0.000001
12,102,-195.058594,-0.000004
12,103,-195.058585,-0.000000
12,104,-195.058630,-0.000046
12,105,-195.058585,-0.000002
12,106,-195.058604,-0.000020
12,107,-195.058594,-0.000008
12,108,-195.058604,-0.000019
12,109,-195.058634,-0.000051
12,110,-195.058584,-0.000001
12,111,-195.058589,-0.000003
12,112,-195.058588,-0.000004
12,113,-195.058594,-0.000009
12,114,-195.058583,-0.000000
12,115,-195.058589,-0.000000
12,116,-195.058602,-0.000018
12,117,-195.058584,-0.000000
12,118,-195.058625,-0.000041
12,119,-195.058601,-0.000017
13,14,-195.059315,0.000004
13,15,-195.059493,0.000031
13,16,-195.059252,0.000001
13,17,-195.059258,0.000002
13,18,-195.062888,-0.000047
13,21,-195.059359,-0.000091
13,22,-195.059568,-0.000096
13,23,-195.059313,-0.000024
13,24,-195.060343,-0.000249
13,25,-195.059452,-0.000074
13,26,-195.059646,-0.000308
13,27,-195.059339,-0.000109
13,28,-195.059249,-0.000007
13,29,-195.060774,-0.000432
13,30,-195.059383,-0.000068
13,31,-195.059272,-0.000020
13,32,-195.059581,-0.000324
13,33,-195.059330,-0.000040
13,34,-195.059245,-0.000010
13,35,-195.059373,-0.000108
13,36,-195.059361,-0.000080
13,37,-195.059325,-0.000083
13,38,-195.059381,-0.000087
13,39,-195.059705,-0.000418
13,40,-195.059378,-0.000023
13,41,-195.059516,-0.000080
13,42,-195.059838,-0.000104
13,43,-195.060625,-0.000273
13,44,-195.059549,-0.000019
13,45,-195.059339,-0.000082
13,46,-195.059562,-0.000039
13,47,-195.059611,-0.000317
13,48,-195.059271,-0.000019
13,49,-195.059272,-0.000040
13,50,-195.059477,-0.000240
13,51,-195.059383,-0.000135
13,52,-195.059281,-0.000029
13,53,-195.059391,-0.000146
13,54,-195.059391,-0.000156
13,55,-195.059460,-0.000060
13,56,-195.059366,-0.000048
13,57,-195.059243,-0.000005
13,58,-195.059297,-0.000045
13,59,-195.059326,-0.000052
13,60,-195.059451,-0.000141
13,61,-195.059366,-0.000017
13,62,-195.059345,-0.000069
13,63,-195.059308,-0.000012
13,64,-195.059241,-0.000002
13,65,-195.059258,-0.000010
13,66,-195.059259,-0.000005
13,67,-195.059246,-0.000007
13,68,-195.059312,-0.000028
13,69,-195.059244,-0.000012
13,70,-195.059242,-0.000009
13,71,-195.059301,-0.000027
13,72,-195.059363,-0.000104
13,73,-195.059418,-0.000189
13,74,-195.059275,-0.000011
13,75,-195.059276,-0.000012
13,76,-195.059274,-0.000015
13,77,-195.059233,-0.000003
13,78,-195.059238,-0.000003
13,79,-195.059232,-0.000001
13,80,-195.059267,-0.000001
13,81,-195.059297,-0.000045
13,82,-195.059250,-0.000010
13,83,-195.059309,-0.000077
13,84,-195.059279,-0.000042
13,85,-195.059255,-0.000022
13,86,-195.059252,-0.000021
13,87,-195.059239,-0.000006
13,88,-195.059238,-0.000005
13,89,-195.059267,-0.000032
13,90,-195.059284,-0.000053
13,91,-195.059271,-0.000006
13,92,-195.059243,-0.000011
13,93,-195.059239,-0.000002
13,94,-195.059237,-0.000004
13,95,-195.059238,-0.000005
13,96,-195.059252,-0.000005
13,97,-195.059241,-0.000004
13,98,-195.059239,-0.000003
13,99,-195.059239,-0.000002
13,100,-195.059245,-0.000011
13,101,-195.059278,-0.000048
13,102,-195.059236,-0.000000
13,103,-195.059252,-0.000022
13,104,-195.059230,-0.000001
13,105,-195.059245,-0.000017
13,106,-195.059233,-0.000004
13,107,-195.059247,-0.000016
13,108,-195.059234,-0.000004
13,109,-195.059229,-0.000001
13,110,-195.059332,-0.000104
13,111,-195.059236,-0.000006
13,112,-195.059231,-0.000001
13,113,-195.059237,-0.000007
13,114,-195.059237,-0.000009
13,115,-195.059292,-0.000058
13,116,-195.059230,-0.000001
13,117,-195.059234,-0.000005
13,118,-195.059229,-0.000000
13,119,-195.059229,-0.000000
14,15,-195.058885,-0.000002
14,16,-195.058615,-0.000003
14,17,-195.058617,0.000001
14,18,-195.062321,-0.000121
14,21,-195.058689,-0.000063
14,22,-195.059043,-0.000213
14,23,-195.058752,-0.000104
14,24,-195.059843,-0.000392
14,25,-195.058756,-0.000020
14,26,-195.058917,-0.000222
14,27,-195.058595,-0.000007
14,28,-195.058774,-0.000175
14,29,-195.059855,-0.000155
14,30,-195.058771,-0.000098
14,31,-195.058742,-0.000132
14,32,-195.058661,-0.000046
14,33,-195.058746,-0.000098
14,34,-195.058679,-0.000086
14,35,-195.058695,-0.000072
14,36,-195.058729,-0.000089
14,37,-195.058671,-0.000071
14,38,-195.058714,-0.000062
14,39,-195.058717,-0.000072
14,40,-195.058958,-0.000246
14,41,-195.058857,-0.000064
14,42,-195.059147,-0.000056
14,43,-195.059758,-0.000048
14,44,-195.059056,-0.000168
14,45,-195.058688,-0.000073
14,46,-195.059023,-0.000142
14,47,-195.058685,-0.000034
14,48,-195.059164,-0.000555
14,49,-195.058603,-0.000013
14,50,-195.058662,-0.000067
14,51,-195.058631,-0.000025
14,52,-195.058655,-0.000045
14,53,-195.058635,-0.000033
14,54,-195.058643,-0.000050
14,55,-195.058795,-0.000037
14,56,-195.058747,-0.000071
14,57,-195.058670,-0.000075
14,58,-195.058680,-0.000070
14,59,-195.058711,-0.000079
14,60,-195.058700,-0.000032
14,61,-195.058739,-0.000032
14,62,-195.058659,-0.000025
14,63,-195.058728,-0.000074
14,64,-195.058624,-0.000027
14,65,-195.058669,-0.000063
14,66,-195.058632,-0.000020
14,67,-195.058620,-0.000023
14,68,-195.058667,-0.000025
14,69,-195.058624,-0.000035
14,70,-195.058632,-0.000040
14,71,-195.058665,-0.000033
14,72,-195.058624,-0.000007
14,73,-195.058591,-0.000004
14,74,-195.058651,-0.000030
14,75,-195.058646,-0.000025
14,76,-195.058635,-0.000019
14,77,-195.058617,-0.000029
14,78,-195.058635,-0.000042
14,79,-195.058630,-0.000041
14,80,-195.058652,-0.000028
14,81,-195.058622,-0.000012
14,82,-195.058612,-0.000014
14,83,-195.058593,-0.000003
14,84,-195.058609,-0.000013
14,85,-195.058594,-0.000003
14,86,-195.058598,-0.000010
14,87,-195.058606,-0.000015
14,88,-195.058614,-0.000023
14,89,-195.058594,-0.000001
14,90,-195.058598,-0.000009
14,91,-195.058645,-0.000022
14,92,-195.058598,-0.000008
14,93,-195.058649,-0.000053
14,94,-195.058612,-0.000021
14,95,-195.058610,-0.000019
14,96,-195.058617,-0.000012
14,97,-195.058611,-0.000016
14,98,-195.058615,-0.000022
14,99,-195.058604,-0.000010
14,100,-195.058608,-0.000015
14,101,-195.058590,-0.000002
14,102,-195.058610,-0.000017
14,103,-195.058588,-0.000001
14,104,-195.058594,-0.000007
14,105,-195.058588,-0.000002
14,106,-195.058599,-0.000012
14,107,-195.058594,-0.000005
14,108,-195.058604,-0.000016
14,109,-195.058609,-0.000022
14,110,-195.058588,-0.000002
14,111,-195.058607,-0.000019
14,112,-195.058604,-0.000017
14,113,-195.058619,-0.000030
14,114,-195.058588,-0.000002
14,115,-195.058595,-0.000003
14,116,-195.058624,-0.000037
14,117,-195.058587,-0.000001
14,118,-195.058593,-0.000007
14,119,-195.058597,-0.000011
15,16,-195.058818,-0.000001
15,17,-195.058825,-0.000001
15,18,-195.062443,-0.000037
15,21,-195.058985,-0.000153
15,22,-195.059120,-0.000084
15,23,-195.058873,-0.000020
15,24,-195.059790,-0.000133
15,25,-195.058981,-0.000039
15,26,-195.058941,-0.000040
15,27,-195.058855,-0.000061
15,28,-195.058836,-0.000031
15,29,-195.060033,-0.000127
15,30,-195.058892,-0.000013
15,31,-195.058831,-0.000016
15,32,-195.059915,-0.001094
15,33,-195.058923,-0.000069
15,34,-195.058832,-0.000033
15,35,-195.059080,-0.000251
15,36,-195.059113,-0.000268
15,37,-195.059009,-0.000203
15,38,-195.059301,-0.000443
15,39,-195.058887,-0.000036
15,40,-195.058949,-0.000031
15,41,-195.059012,-0.000013
15,42,-195.059335,-0.000038
15,43,-195.059978,-0.000062
15,44,-195.059199,-0.000105
15,45,-195.058983,-0.000163
15,46,-195.059130,-0.000043
15,47,-195.059241,-0.000384
15,48,-195.058836,-0.000020
15,49,-195.058937,-0.000142
15,50,-195.058910,-0.000109
15,51,-195.058964,-0.000151
15,52,-195.058873,-0.000057
15,53,-195.059056,-0.000248
15,54,-195.058867,-0.000068
15,55,-195.058998,-0.000034
15,56,-195.058948,-0.000066
15,57,-195.058833,-0.000032
15,58,-195.058869,-0.000053
15,59,-195.058860,-0.000022
15,60,-195.059080,-0.000207
15,61,-195.058940,-0.000027
15,62,-195.058930,-0.000090
15,63,-195.058879,-0.000020
15,64,-195.058806,-0.000003
15,65,-195.058829,-0.000017
15,66,-195.058826,-0.000008
15,67,-195.058810,-0.000007
15,68,-195.058864,-0.000017
15,69,-195.058816,-0.000020
15,70,-195.058820,-0.000023
15,71,-195.058851,-0.000013
15,72,-195.058871,-0.000048
15,73,-195.058814,-0.000021
15,74,-195.058832,-0.000005
15,75,-195.058842,-0.000015
15,76,-195.058831,-0.000008
15,77,-195.058794,-0.000000
15,78,-195.058809,-0.000010
15,79,-195.058796,-0.000002
15,80,-195.058833,-0.000004
15,81,-195.058842,-0.000026
15,82,-195.058822,-0.000018
15,83,-195.058946,-0.000150
15,84,-195.058818,-0.000017
15,85,-195.058862,-0.000064
15,86,-195.058828,-0.000034
15,87,-195.058800,-0.000003
15,88,-195.058804,-0.000007
15,89,-195.058825,-0.000027
15,90,-195.058816,-0.000021
15,91,-195.058849,-0.000020
15,92,-195.058833,-0.000037
15,93,-195.058807,-0.000005
15,94,-195.058802,-0.000005
15,95,-195.058810,-0.000012
15,96,-195.058824,-0.000013
15,97,-195.058815,-0.000015
15,98,-195.058810,-0.000010
15,99,-195.058806,-0.000006
15,100,-195.058807,-0.000009
15,101,-195.058869,-0.000075
15,102,-195.058800,-0.000000
15,103,-195.058830,-0.000036
15,104,-195.058794,-0.000001
15,105,-195.058807,-0.000015
15,106,-195.058798,-0.000005
15,107,-195.058819,-0.000024
15,108,-195.058797,-0.000003
15,109,-195.058794,-0.000002
15,110,-195.058818,-0.000026
15,111,-195.058811,-0.000017
15,112,-195.058795,-0.000002
15,113,-195.058801,-0.000007
15,114,-195.058810,-0.000018
15,115,-195.058817,-0.000019
15,116,-195.058794,-0.000001
15,117,-195.058803,-0.000010
15,118,-195.058793,-0.000000
15,119,-195.058793,-0.000000
16,17,-195.058549,0.000004
16,18,-195.062131,0.000002
16,21,-195.058589,-0.000029
16,22,-195.058784,-0.000020
16,23,-195.058597,-0.000016
16,24,-195.059399,-0.000013
16,25,-195.058721,-0.000051
16,26,-195.058681,-0.000052
16,27,-195.058615,-0.000093
16,28,-195.058932,-0.000398
16,29,-195.059667,-0.000032
16,30,-195.058647,-0.000040
16,31,-195.058785,-0.000240
16,32,-195.058625,-0.000076
16,33,-195.058634,-0.000051
16,34,-195.058555,-0.000028
16,35,-195.058616,-0.000058
16,36,-195.058849,-0.000275
16,37,-195.058705,-0.000171
16,38,-195.058690,-0.000104
16,39,-195.058663,-0.000083
16,40,-195.058794,-0.000147
16,41,-195.058780,-0.000052
16,42,-195.059076,-0.000050
16,43,-195.059704,-0.000059
16,44,-195.058845,-0.000023
16,45,-195.058591,-0.000042
16,46,-195.058820,-0.000004
16,47,-195.058603,-0.000017
16,48,-195.058646,-0.000101
16,49,-195.058664,-0.000140
16,50,-195.058683,-0.000153
16,51,-195.058670,-0.000129
16,52,-195.058818,-0.000274
16,53,-195.058601,-0.000064
16,54,-195.058629,-0.000101
16,55,-195.058759,-0.000066
16,56,-195.058641,-0.000031
16,57,-195.058537,-0.000007
16,58,-195.058595,-0.000051
16,59,-195.058616,-0.000049
16,60,-195.058620,-0.000018
16,61,-195.058673,-0.000032
16,62,-195.058600,-0.000031
16,63,-195.058596,-0.000009
16,64,-195.058550,-0.000019
16,65,-195.058598,-0.000058
16,66,-195.058578,-0.000032
16,67,-195.058541,-0.000009
16,68,-195.058597,-0.000021
16,69,-195.058585,-0.000062
16,70,-195.058583,-0.000057
16,71,-195.058571,-0.000005
16,72,-195.058566,-0.000015
16,73,-195.058583,-0.000062
16,74,-195.058568,-0.000012
16,75,-195.058562,-0.000006
16,76,-195.058562,-0.000011
16,77,-195.058533,-0.000011
16,78,-195.058556,-0.000029
16,79,-195.058537,-0.000014
16,80,-195.058564,-0.000006
16,81,-195.058567,-0.000022
16,82,-195.058565,-0.000033
16,83,-195.058555,-0.000031
16,84,-195.058560,-0.000030
16,85,-195.058568,-0.000042
16,86,-195.058568,-0.000045
16,87,-195.058536,-0.000011
16,88,-195.058533,-0.000009
16,89,-195.058568,-0.000041
16,90,-195.058538,-0.000015
16,91,-195.058566,-0.000008
16,92,-195.058543,-0.000018
16,93,-195.058534,-0.000004
16,94,-195.058531,-0.000005
16,95,-195.058536,-0.000011
16,96,-195.058548,-0.000008
16,97,-195.058536,-0.000007
16,98,-195.058539,-0.000011
16,99,-195.058536,-0.000008
16,100,-195.058546,-0.000019
16,101,-195.058533,-0.000011
16,102,-195.058531,-0.000003
16,103,-195.058548,-0.000026
16,104,-195.058531,-0.000009
16,105,-195.058554,-0.000033
16,106,-195.058527,-0.000005
16,107,-195.058530,-0.000007
16,108,-195.058526,-0.000003
16,109,-195.058524,-0.000003
16,110,-195.058541,-0.000021
16,111,-195.058534,-0.000011
16,112,-195.058528,-0.000006
16,113,-195.058529,-0.000005
16,114,-195.058560,-0.000040
16,115,-195.058539,-0.000013
16,116,-195.058523,-0.000002
16,117,-195.058571,-0.000050
16,118,-195.058523,-0.000002
16,119,-195.058524,-0.000003
17,18,-195.062140,0.000001
17,21,-195.058592,-0.000025
17,22,-195.058809,-0.000038
17,23,-195.058738,-0.000149
17,24,-195.059446,-0.000053
17,25,-195.058709,-0.000032
17,26,-195.058650,-0.000013
17,27,-195.058554,-0.000025
17,28,-195.058592,-0.000051
17,29,-195.059672,-0.000030
17,30,-195.058762,-0.000148
17,31,-195.058649,-0.000098
17,32,-195.058578,-0.000022
17,33,-195.058796,-0.000207
17,34,-195.058668,-0.000134
17,35,-195.058714,-0.000150
17,36,-195.058713,-0.000132
17,37,-195.058705,-0.000164
17,38,-195.058613,-0.000020
17,39,-195.058696,-0.000110
17,40,-195.058771,-0.000117
17,41,-195.058759,-0.000025
17,42,-195.059141,-0.000108
17,43,-195.059690,-0.000039
17,44,-195.058972,-0.000144
17,45,-195.058643,-0.000088
17,46,-195.058831,-0.000009
17,47,-195.058626,-0.000034
17,48,-195.058616,-0.000065
17,49,-195.058574,-0.000043
17,50,-195.058564,-0.000028
17,51,-195.058589,-0.000041
17,52,-195.058702,-0.000151
17,53,-195.058581,-0.000037
17,54,-195.058627,-0.000093
17,55,-195.058752,-0.000052
17,56,-195.058716,-0.000098
17,57,-195.058576,-0.000040
17,58,-195.058571,-0.000020
17,59,-195.058605,-0.000031
17,60,-195.058620,-0.000012
17,61,-195.058710,-0.000062
17,62,-195.058597,-0.000021
17,63,-195.058614,-0.000020
17,64,-195.058586,-0.000048
17,65,-195.058590,-0.000043
17,66,-195.058682,-0.000129
17,67,-195.058566,-0.000027
17,68,-195.058597,-0.000014
17,69,-195.058562,-0.000031
17,70,-195.058562,-0.000029
17,71,-195.058587,-0.000015
17,72,-195.058566,-0.000008
17,73,-195.058533,-0.000005
17,74,-195.058577,-0.000014
17,75,-195.058584,-0.000022
17,76,-195.058574,-0.000016
17,77,-195.058575,-0.000046
17,78,-195.058552,-0.000019
17,79,-195.058593,-0.000064
17,80,-195.058601,-0.000037
17,81,-195.058564,-0.000013
17,82,-195.058553,-0.000013
17,83,-195.058538,-0.000007
17,84,-195.058560,-0.000023
17,85,-195.058564,-0.000032
17,86,-195.058543,-0.000013
17,87,-195.058553,-0.000020
17,88,-195.058542,-0.000011
17,89,-195.058544,-0.000010
17,90,-195.058547,-0.000017
17,91,-195.058578,-0.000014
17,92,-195.058541,-0.000010
17,93,-195.058546,-0.000010
17,94,-195.058553,-0.000021
17,95,-195.058546,-0.000014
17,96,-195.058562,-0.000015
17,97,-195.058542,-0.000007
17,98,-195.058549,-0.000015
17,99,-195.058545,-0.000010
17,100,-195.058540,-0.000006
17,101,-195.058530,-0.000001
17,102,-195.058549,-0.000014
17,103,-195.058531,-0.000003
17,104,-195.058560,-0.000032
17,105,-195.058535,-0.000007
17,106,-195.058551,-0.000022
17,107,-195.058536,-0.000006
17,108,-195.058539,-0.000010
17,109,-195.058551,-0.000024
17,110,-195.058529,-0.000002
17,111,-195.058534,-0.000004
17,112,-195.058553,-0.000024
17,113,-195.058539,-0.000009
17,114,-195.058531,-0.000004
17,115,-195.058535,-0.000002
17,116,-195.058545,-0.000017
17,117,-195.058535,-0.000007
17,118,-195.058547,-0.000019
17,119,-195.058548,-0.000020
18,21,-195.062454,-0.000306
18,22,-195.067100,-0.004748
18,23,-195.063908,-0.001738
18,24,-195.072142,-0.009168
18,25,-195.062404,-0.000145
18,26,-195.063595,-0.001377
18,27,-195.062117,-0.000007
18,28,-195.062284,-0.000162
18,29,-195.065225,-0.002002
18,30,-195.062504,-0.000308
18,31,-195.062186,-0.000054
18,32,-195.062257,-0.000121
18,33,-195.062237,-0.000067
18,34,-195.062150,-0.000035
18,35,-195.062272,-0.000127
18,36,-195.062242,-0.000079
18,37,-195.062163,-0.000041
18,38,-195.062334,-0.000160
18,39,-195.062422,-0.000255
18,40,-195.063042,-0.000807
18,41,-195.063762,-0.001447
18,42,-195.063024,-0.000410
18,43,-195.064144,-0.000912
18,44,-195.062880,-0.000470
18,45,-195.062246,-0.000109
18,46,-195.064064,-0.001661
18,47,-195.062343,-0.000170
18,48,-195.062156,-0.000024
18,49,-195.062132,-0.000020
18,50,-195.062140,-0.000022
18,51,-195.062155,-0.000026
18,52,-195.062171,-0.000039
18,53,-195.062207,-0.000082
18,54,-195.062140,-0.000025
18,55,-195.062409,-0.000128
18,56,-195.062386,-0.000187
18,57,-195.062151,-0.000034
18,58,-195.062188,-0.000056
18,59,-195.062277,-0.000122
18,60,-195.062271,-0.000081
18,61,-195.062403,-0.000173
18,62,-195.062206,-0.000049
18,63,-195.062542,-0.000367
18,64,-195.062153,-0.000034
18,65,-195.062154,-0.000026
18,66,-195.062224,-0.000089
18,67,-195.062154,-0.000034
18,68,-195.062213,-0.000049
18,69,-195.062122,-0.000011
18,70,-195.062126,-0.000012
18,71,-195.062243,-0.000090
18,72,-195.062161,-0.000021
18,73,-195.062112,-0.000002
18,74,-195.062177,-0.000034
18,75,-195.062207,-0.000064
18,76,-195.062188,-0.000048
18,77,-195.062116,-0.000006
18,78,-195.062121,-0.000007
18,79,-195.062140,-0.000029
18,80,-195.062189,-0.000043
18,81,-195.062155,-0.000023
18,82,-195.062127,-0.000006
18,83,-195.062115,-0.000003
18,84,-195.062122,-0.000004
18,85,-195.062116,-0.000002
18,86,-195.062119,-0.000008
18,87,-195.062134,-0.000020
18,88,-195.062129,-0.000017
18,89,-195.062123,-0.000007
18,90,-195.062116,-0.000005
18,91,-195.062170,-0.000025
18,92,-195.062118,-0.000006
18,93,-195.062132,-0.000014
18,94,-195.062121,-0.000007
18,95,-195.062122,-0.000008
18,96,-195.062142,-0.000014
18,97,-195.062133,-0.000016
18,98,-195.062125,-0.000009
18,99,-195.062136,-0.000019
18,100,-195.062121,-0.000007
18,101,-195.062111,-0.000001
18,102,-195.062147,-0.000031
18,103,-195.062112,-0.000002
18,104,-195.062114,-0.000004
18,105,-195.062109,-0.000001
18,106,-195.062112,-0.000003
18,107,-195.062114,-0.000003
18,108,-195.062114,-0.000003
18,109,-195.062114,-0.000005
18,110,-195.062109,-0.000001
18,111,-195.062115,-0.000004
18,112,-195.062113,-0.000003
18,113,-195.062114,-0.000003
18,114,-195.062109,-0.000001
18,115,-195.062119,-0.000005
18,116,-195.062114,-0.000005
18,117,-195.062111,-0.000001
18,118,-195.062113,-0.000004
18,119,-195.062112,-0.000004
21,22,-195.058799,-0.000020
21,23,-195.058598,-0.000002
21,24,-195.059418,-0.000017
21,25,-195.058693,-0.000007
21,26,-195.058648,-0.000003
21,27,-195.058537,0.000000
21,28,-195.058548,0.000000
21,29,-195.059656,-0.000006
21,30,-195.058621,0.000001
21,31,-195.058559,-0.000000
21,32,-195.058564,-0.000000
21,33,-195.058600,-0.000002
21,34,-195.058542,-0.000000
21,35,-195.058574,-0.000002
21,36,-195.058589,0.000000
21,37,-195.058550,-0.000000
21,38,-195.058602,-0.000001
21,39,-195.058596,-0.000002
21,40,-195.058665,-0.000003
21,41,-195.058745,-0.000003
21,42,-195.059040,0.000001
21,43,-195.059659,0.000000
21,44,-195.058848,-0.000011
21,45,-195.058565,-0.000002
21,46,-195.058832,-0.000001
21,47,-195.058606,-0.000005
21,48,-195.058559,-0.000000
21,49,-195.058540,-0.000001
21,50,-195.058545,-0.000001
21,51,-195.058555,0.000000
21,52,-195.058559,-0.000000
21,53,-195.058552,-0.000000
21,54,-195.058542,0.000000
21,55,-195.058708,-0.000001
21,56,-195.058625,0.000001
21,57,-195.058544,0.000000
21,58,-195.058560,-0.000001
21,59,-195.058582,-0.000000
21,60,-195.058618,-0.000001
21,61,-195.058656,0.000000
21,62,-195.058583,0.000000
21,63,-195.058603,-0.000000
21,64,-195.058546,-0.000000
21,65,-195.058555,0.000000
21,66,-195.058562,-0.000000
21,67,-195.058546,0.000000
21,68,-195.058592,-0.000001
21,69,-195.058539,-0.000000
21,70,-195.058541,-0.000000
21,71,-195.058585,-0.000004
21,72,-195.058567,-0.000001
21,73,-195.058536,-0.000000
21,74,-195.058571,-0.000001
21,75,-195.058572,-0.000001
21,76,-195.058567,-0.000000
21,77,-195.058537,-0.000000
21,78,-195.058541,0.000000
21,79,-195.058538,-0.000000
21,80,-195.058573,-0.000000
21,81,-195.058559,-0.000000
21,82,-195.058548,-0.000000
21,83,-195.058539,0.000000
21,84,-195.058544,0.000000
21,85,-195.058541,-0.000000
21,86,-195.058538,0.000000
21,87,-195.058540,-0.000000
21,88,-195.058540,0.000000
21,89,-195.058542,0.000000
21,90,-195.058538,-0.000000
21,91,-195.058573,-0.000000
21,92,-195.058539,-0.000000
21,93,-195.058545,-0.000000
21,94,-195.058541,-0.000000
21,95,-195.058540,-0.000000
21,96,-195.058555,-0.000000
21,97,-195.058544,-0.000000
21,98,-195.058543,-0.000000
21,99,-195.058543,-0.000000
21,100,-195.058542,-0.000000
21,101,-195.058537,-0.000000
21,102,-195.058543,-0.000001
21,103,-195.058537,-0.000000
21,104,-195.058537,-0.000000
21,105,-195.058535,0.000000
21,106,-195.058537,-0.000000
21,107,-195.058538,-0.000000
21,108,-195.058537,-0.000000
21,109,-195.058536,-0.000000
21,110,-195.058535,0.000000
21,111,-195.058538,-0.000000
21,112,-195.058536,-0.000000
21,113,-195.058538,-0.000000
21,114,-195.058535,0.000000
21,115,-195.058541,-0.000000
21,116,-195.058536,-0.000000
21,117,-195.058536,0.000000
21,118,-195.058536,0.000000
21,119,-195.058536,-0.000000
22,23,-195.058886,-0.000086
22,24,-195.060045,-0.000440
22,25,-195.058887,0.000002
22,26,-195.058912,-0.000064
22,27,-195.058741,-0.000000
22,28,-195.058758,-0.000005
22,29,-195.059930,-0.000077
22,30,-195.058838,-0.000012
22,31,-195.058763,-0.000001
22,32,-195.058767,0.000001
22,33,-195.058803,-0.000002
22,34,-195.058745,0.000000
22,35,-195.058776,-0.000000
22,36,-195.058792,0.000000
22,37,-195.058755,-0.000002
22,38,-195.058806,-0.000001
22,39,-195.058808,-0.000010
22,40,-195.058894,-0.000029
22,41,-195.058981,-0.000035
22,42,-195.059247,-0.000002
22,43,-195.059875,-0.000011
22,44,-195.059089,-0.000048
22,45,-195.058768,-0.000000
22,46,-195.059057,-0.000023
22,47,-195.058804,-0.000000
22,48,-195.058763,-0.000000
22,49,-195.058742,0.000000
22,50,-195.058748,0.000000
22,51,-195.058762,-0.000002
22,52,-195.058765,-0.000002
22,53,-195.058760,-0.000005
22,54,-195.058746,0.000000
22,55,-195.058913,-0.000002
22,56,-195.058828,0.000001
22,57,-195.058750,-0.000002
22,58,-195.058763,-0.000000
22,59,-195.058785,0.000000
22,60,-195.058821,-0.000001
22,61,-195.058860,-0.000000
22,62,-195.058790,-0.000002
22,63,-195.058809,-0.000003
22,64,-195.058751,-0.000001
22,65,-195.058759,-0.000000
22,66,-195.058767,-0.000002
22,67,-195.058750,-0.000000
22,68,-195.058793,0.000001
22,69,-195.058742,0.000000
22,70,-195.058744,0.000000
22,71,-195.058785,-0.000000
22,72,-195.058777,-0.000007
22,73,-195.058740,0.000000
22,74,-195.058774,0.000000
22,75,-195.058774,-0.000000
22,76,-195.058770,0.000000
22,77,-195.058741,-0.000000
22,78,-195.058745,-0.000000
22,79,-195.058741,0.000000
22,80,-195.058778,-0.000002
22,81,-195.058764,-0.000001
22,82,-195.058751,-0.000000
22,83,-195.058743,-0.000000
22,84,-195.058749,-0.000001
22,85,-195.058744,0.000000
22,86,-195.058742,-0.000000
22,87,-195.058746,-0.000002
22,88,-195.058743,0.000000
22,89,-195.058746,-0.000000
22,90,-195.058741,0.000000
22,91,-195.058777,-0.000001
22,92,-195.058743,-0.000000
22,93,-195.058748,-0.000000
22,94,-195.058744,0.000000
22,95,-195.058744,-0.000000
22,96,-195.058758,-0.000000
22,97,-195.058748,-0.000000
22,98,-195.058746,0.000000
22,99,-195.058748,-0.000001
22,100,-195.058745,0.000000
22,101,-195.058741,-0.000000
22,102,-195.058747,-0.000000
22,103,-195.058740,-0.000000
22,104,-195.058740,0.000000
22,105,-195.058739,0.000000
22,106,-195.058741,-0.000000
22,107,-195.058742,-0.000000
22,108,-195.058741,-0.000000
22,109,-195.058739,0.000000
22,110,-195.058739,0.000000
22,111,-195.058741,0.000000
22,112,-195.058740,0.000000
22,113,-195.058742,-0.000000
22,114,-195.058739,0.000000
22,115,-195.058745,-0.000000
22,116,-195.058740,0.000000
22,117,-195.058740,0.000000
22,118,-195.058740,0.000000
22,119,-195.058739,0.000000
23,24,-195.059553,-0.000131
23,25,-195.058704,0.000002
23,26,-195.058688,-0.000022
23,27,-195.058558,0.000000
23,28,-195.058570,-0.000000
23,29,-195.059689,-0.000018
23,30,-195.058647,-0.000004
23,31,-195.058579,0.000001
23,32,-195.058585,-0.000000
23,33,-195.058618,0.000001
23,34,-195.058563,0.000000
23,35,-195.058593,0.000000
23,36,-195.058612,-0.000002
23,37,-195.058570,0.000000
23,38,-195.058624,-0.000001
23,39,-195.058616,-0.000001
23,40,-195.058690,-0.000007
23,41,-195.058776,-0.000013
23,42,-195.059062,-0.000000
23,43,-195.059685,-0.000004
23,44,-195.058884,-0.000026
23,45,-195.058587,-0.000002
23,46,-195.058858,-0.000006
23,47,-195.058621,0.000000
23,48,-195.058580,0.000000
23,49,-195.058560,-0.000000
23,50,-195.058565,-0.000000
23,51,-195.058577,-0.000000
23,52,-195.058581,-0.000001
23,53,-195.058575,-0.000003
23,54,-195.058564,-0.000001
23,55,-195.058728,0.000000
23,56,-195.058646,0.000000
23,57,-195.058566,-0.000000
23,58,-195.058580,0.000000
23,59,-195.058604,-0.000001
23,60,-195.058638,0.000000
23,61,-195.058678,-0.000000
23,62,-195.058605,-0.000001
23,63,-195.058625,-0.000001
23,64,-195.058567,-0.000000
23,65,-195.058576,-0.000000
23,66,-195.058583,-0.000001
23,67,-195.058567,0.000000
23,68,-195.058611,0.000000
23,69,-195.058560,-0.000000
23,70,-195.058562,-0.000000
23,71,-195.058601,0.000000
23,72,-195.058589,-0.000001
23,73,-195.058557,-0.000000
23,74,-195.058592,-0.000000
23,75,-195.058592,-0.000000
23,76,-195.058587,-0.000000
23,77,-195.058558,0.000000
23,78,-195.058563,-0.000000
23,79,-195.058559,-0.000000
23,80,-195.058594,-0.000000
23,81,-195.058581,-0.000001
23,82,-195.058569,-0.000000
23,83,-195.058560,0.000000
23,84,-195.058566,-0.000000
23,85,-195.058562,-0.000000
23,86,-195.058559,-0.000000
23,87,-195.058562,-0.000000
23,88,-195.058561,-0.000000
23,89,-195.058564,-0.000001
23,90,-195.058559,0.000000
23,91,-195.058595,-0.000001
23,92,-195.058560,-0.000000
23,93,-195.058566,0.000000
23,94,-195.058562,-0.000001
23,95,-195.058561,0.000000
23,96,-195.058576,0.000000
23,97,-195.058565,0.000000
23,98,-195.058564,0.000000
23,99,-195.058566,-0.000002
23,100,-195.058563,-0.000000
23,101,-195.058558,-0.000000
23,102,-195.058565,-0.000001
23,103,-195.058558,-0.000000
23,104,-195.058558,0.000000
23,105,-195.058557,0.000000
23,106,-195.058558,-0.000000
23,107,-195.058559,-0.000000
23,108,-195.058558,0.000000
23,109,-195.058557,0.000000
23,110,-195.058556,-0.000000
23,111,-195.058559,-0.000000
23,112,-195.058557,-0.000000
23,113,-195.058559,-0.000000
23,114,-195.058556,-0.000000
23,115,-195.058562,-0.000000
23,116,-195.058557,-0.000000
23,117,-195.058557,0.000000
23,118,-195.058557,0.000000
23,119,-195.058557,-0.000000
24,25,-195.059518,-0.000007
24,26,-195.059620,-0.000150
24,27,-195.059362,0.000001
24,28,-195.059392,-0.000018
24,29,-195.060648,-0.000173
24,30,-195.059462,-0.000014
24,31,-195.059388,-0.000003
24,32,-195.059390,-0.000001
24,33,-195.059421,0.000002
24,34,-195.059370,-0.000003
24,35,-195.059409,-0.000012
24,36,-195.059413,0.000002
24,37,-195.059376,-0.000001
24,38,-195.059439,-0.000012
24,39,-195.059428,-0.000008
24,40,-195.059582,-0.000094
24,41,-195.059587,-0.000019
24,42,-195.059864,0.000002
24,43,-195.060561,-0.000076
24,44,-195.059729,-0.000067
24,45,-195.059391,-0.000001
24,46,-195.059674,-0.000018
24,47,-195.059430,-0.000004
24,48,-195.059385,-0.000000
24,49,-195.059365,-0.000000
24,50,-195.059370,-0.000001
24,51,-195.059385,-0.000004
24,52,-195.059391,-0.000006
24,53,-195.059386,-0.000008
24,54,-195.059371,-0.000003
24,55,-195.059535,-0.000002
24,56,-195.059462,-0.000011
24,57,-195.059371,-0.000000
24,58,-195.059383,0.000002
24,59,-195.059408,-0.000001
24,60,-195.059445,-0.000002
24,61,-195.059478,0.000004
24,62,-195.059412,-0.000002
24,63,-195.059430,-0.000002
24,64,-195.059376,-0.000004
24,65,-195.059381,-0.000000
24,66,-195.059389,-0.000002
24,67,-195.059373,-0.000001
24,68,-195.059413,0.000004
24,69,-195.059364,0.000000
24,70,-195.059366,0.000000
24,71,-195.059404,0.000002
24,72,-195.059392,0.000000
24,73,-195.059362,-0.000000
24,74,-195.059397,-0.000001
24,75,-195.059396,0.000000
24,76,-195.059392,-0.000001
24,77,-195.059362,0.000000
24,78,-195.059367,0.000000
24,79,-195.059365,-0.000002
24,80,-195.059398,0.000001
24,81,-195.059384,0.000001
24,82,-195.059373,0.000000
24,83,-195.059365,0.000000
24,84,-195.059371,-0.000001
24,85,-195.059367,-0.000000
24,86,-195.059364,-0.000000
24,87,-195.059368,-0.000002
24,88,-195.059368,-0.000003
24,89,-195.059368,-0.000000
24,90,-195.059364,-0.000001
24,91,-195.059403,-0.000005
24,92,-195.059365,0.000000
24,93,-195.059370,0.000001
24,94,-195.059366,0.000000
24,95,-195.059366,-0.000000
24,96,-195.059379,0.000001
24,97,-195.059371,-0.000002
24,98,-195.059368,0.000001
24,99,-195.059369,0.000000
24,100,-195.059367,0.000000
24,101,-195.059363,0.000000
24,102,-195.059369,-0.000001
24,103,-195.059362,0.000000
24,104,-195.059362,0.000000
24,105,-195.059361,-0.000000
24,106,-195.059363,-0.000000
24,107,-195.059364,0.000000
24,108,-195.059363,0.000000
24,109,-195.059361,-0.000000
24,110,-195.059361,0.000000
24,111,-195.059364,-0.000000
24,112,-195.059362,-0.000000
24,113,-195.059364,-0.000000
24,114,-195.059361,-0.000000
24,115,-195.059367,-0.000000
24,116,-195.059362,-0.000000
24,117,-195.059362,0.000000
24,118,-195.059362,-0.000000
24,119,-195.059361,0.000000
25,26,-195.058756,-0.000002
25,27,-195.058647,0.000000
25,28,-195.058658,0.000000
25,29,-195.059778,-0.000018
25,30,-195.058732,-0.000000
25,31,-195.058668,0.000001
25,32,-195.058675,-0.000001
25,33,-195.058711,-0.000004
25,34,-195.058652,0.000000
25,35,-195.058681,0.000001
25,36,-195.058699,-0.000000
25,37,-195.058658,0.000001
25,38,-195.058710,0.000001
25,39,-195.058704,-0.000000
25,40,-195.058772,0.000000
25,41,-195.058850,0.000002
25,42,-195.059149,0.000002
25,43,-195.059773,-0.000004
25,44,-195.058949,-0.000003
25,45,-195.058685,-0.000012
25,46,-195.058942,-0.000002
25,47,-195.058712,-0.000002
25,48,-195.058669,0.000000
25,49,-195.058650,-0.000001
25,50,-195.058654,-0.000000
25,51,-195.058666,-0.000000
25,52,-195.058669,-0.000000
25,53,-195.058661,0.000000
25,54,-195.058654,-0.000002
25,55,-195.058827,-0.000010
25,56,-195.058738,-0.000003
25,57,-195.058655,-0.000001
25,58,-195.058668,0.000000
25,59,-195.058691,0.000000
25,60,-195.058727,0.000000
25,61,-195.058768,-0.000002
25,62,-195.058694,-0.000000
25,63,-195.058713,-0.000001
25,64,-195.058656,0.000000
25,65,-195.058664,0.000000
25,66,-195.058671,-0.000000
25,67,-195.058656,-0.000000
25,68,-195.058701,-0.000001
25,69,-195.058649,-0.000000
25,70,-195.058651,-0.000000
25,71,-195.058690,-0.000000
25,72,-195.058677,-0.000000
25,73,-195.058646,-0.000000
25,74,-195.058681,-0.000001
25,75,-195.058683,-0.000003
25,76,-195.058675,0.000001
25,77,-195.058647,-0.000000
25,78,-195.058651,0.000000
25,79,-195.058648,-0.000000
25,80,-195.058683,-0.000001
25,81,-195.058670,-0.000000
25,82,-195.058658,-0.000000
25,83,-195.058649,-0.000000
25,84,-195.058654,-0.000000
25,85,-195.058651,-0.000000
25,86,-195.058648,0.000000
25,87,-195.058650,-0.000000
25,88,-195.058650,-0.000001
25,89,-195.058652,-0.000000
25,90,-195.058648,-0.000000
25,91,-195.058682,-0.000000
25,92,-195.058649,0.000000
25,93,-195.058655,-0.000000
25,94,-195.058650,-0.000000
25,95,-195.058650,-0.000000
25,96,-195.058665,-0.000001
25,97,-195.058654,-0.000000
25,98,-195.058652,-0.000000
25,99,-195.058654,-0.000001
25,100,-195.058651,0.000000
25,101,-195.058647,-0.000000
25,102,-195.058653,-0.000000
25,103,-195.058647,-0.000001
25,104,-195.058646,0.000000
25,105,-195.058645,0.000000
25,106,-195.058647,-0.000000
25,107,-195.058648,-0.000000
25,108,-195.058647,-0.000000
25,109,-195.058645,-0.000000
25,110,-195.058645,-0.000000
25,111,-195.058648,-0.000000
25,112,-195.058646,-0.000000
25,113,-195.058648,-0.000000
25,114,-195.058645,0.000000
25,115,-195.058651,-0.000000
25,116,-195.058646,-0.000000
25,117,-195.058646,0.000000
25,118,-195.058646,-0.000000
25,119,-195.058645,0.000000
26,27,-195.058606,-0.000000
26,28,-195.058618,-0.000001
26,29,-195.059775,-0.000057
26,30,-195.058701,-0.000010
26,31,-195.058627,0.000001
26,32,-195.058633,-0.000000
26,33,-195.058671,-0.000005
26,34,-195.058612,-0.000002
26,35,-195.058643,-0.000002
26,36,-195.058663,-0.000005
26,37,-195.058619,-0.000000
26,38,-195.058671,-0.000000
26,39,-195.058668,-0.000005
26,40,-195.058740,-0.000009
26,41,-195.058815,-0.000004
26,42,-195.059111,-0.000001
26,43,-195.059731,-0.000002
26,44,-195.058923,-0.000017
26,45,-195.058633,-0.000001
26,46,-195.058911,-0.000012
26,47,-195.058672,-0.000002
26,48,-195.058628,-0.000000
26,49,-195.058608,-0.000000
26,50,-195.058614,-0.000001
26,51,-195.058627,-0.000002
26,52,-195.058629,-0.000001
26,53,-195.058623,-0.000002
26,54,-195.058612,-0.000001
26,55,-195.058780,-0.000004
26,56,-195.058705,-0.000011
26,57,-195.058614,-0.000000
26,58,-195.058628,0.000000
26,59,-195.058657,-0.000006
26,60,-195.058688,-0.000002
26,61,-195.058725,0.000001
26,62,-195.058653,0.000000
26,63,-195.058672,-0.000001
26,64,-195.058616,-0.000001
26,65,-195.058624,-0.000000
26,66,-195.058631,-0.000000
26,67,-195.058615,-0.000000
26,68,-195.058659,0.000001
26,69,-195.058608,-0.000000
26,70,-195.058610,-0.000000
26,71,-195.058651,-0.000002
26,72,-195.058635,0.000000
26,73,-195.058605,0.000000
26,74,-195.058639,0.000000
26,75,-195.058639,0.000000
26,76,-195.058635,0.000000
26,77,-195.058606,-0.000000
26,78,-195.058610,-0.000000
26,79,-195.058607,0.000000
26,80,-195.058642,-0.000000
26,81,-195.058628,0.000000
26,82,-195.058616,-0.000000
26,83,-195.058608,0.000000
26,84,-195.058613,0.000000
26,85,-195.058610,0.000000
26,86,-195.058607,-0.000000
26,87,-195.058609,-0.000000
26,88,-195.058609,-0.000000
26,89,-195.058611,-0.000000
26,90,-195.058607,-0.000000
26,91,-195.058641,-0.000000
26,92,-195.058608,-0.000000
26,93,-195.058614,0.000000
26,94,-195.058609,0.000000
26,95,-195.058610,-0.000001
26,96,-195.058624,-0.000000
26,97,-195.058613,-0.000000
26,98,-195.058611,0.000000
26,99,-195.058613,-0.000001
26,100,-195.058610,0.000000
26,101,-195.058606,0.000000
26,102,-195.058612,0.000000
26,103,-195.058606,-0.000000
26,104,-195.058605,0.000000
26,105,-195.058604,0.000000
26,106,-195.058606,-0.000000
26,107,-195.058607,-0.000000
26,108,-195.058606,0.000000
26,109,-195.058604,0.000000
26,110,-195.058604,0.000000
26,111,-195.058607,-0.000000
26,112,-195.058605,-0.000000
26,113,-195.058607,0.000000
26,114,-195.058604,0.000000
26,115,-195.058610,-0.000000
26,116,-195.058605,0.000000
26,117,-195.058605,0.000000
26,118,-195.058605,-0.000000
26,119,-195.058605,-0.000000
27,28,-195.058510,-0.000000
27,29,-195.059612,-0.000001
27,30,-195.058584,-0.000000
27,31,-195.058522,-0.000002
27,32,-195.058525,0.000000
27,33,-195.058559,-0.000000
27,34,-195.058503,-0.000000
27,35,-195.058535,-0.000002
27,36,-195.058551,-0.000000
27,37,-195.058512,-0.000001
27,38,-195.058563,0.000000
27,39,-195.058556,-0.000000
27,40,-195.058623,0.000000
27,41,-195.058704,-0.000000
27,42,-195.059003,-0.000001
27,43,-195.059622,-0.000001
27,44,-195.058799,-0.000000
27,45,-195.058526,-0.000001
27,46,-195.058792,0.000000
27,47,-195.058562,0.000000
27,48,-195.058521,-0.000000
27,49,-195.058500,-0.000000
27,50,-195.058506,-0.000000
27,51,-195.058517,-0.000000
27,52,-195.058521,-0.000000
27,53,-195.058513,0.000000
27,54,-195.058504,-0.000000
27,55,-195.058669,-0.000000
27,56,-195.058588,-0.000001
27,57,-195.058506,-0.000000
27,58,-195.058521,-0.000000
27,59,-195.058543,0.000000
27,60,-195.058579,-0.000001
27,61,-195.058618,-0.000000
27,62,-195.058545,0.000000
27,63,-195.058564,-0.000000
27,64,-195.058508,-0.000000
27,65,-195.058516,-0.000000
27,66,-195.058523,-0.000000
27,67,-195.058508,-0.000000
27,68,-195.058552,0.000000
27,69,-195.058500,-0.000000
27,70,-195.058502,-0.000000
27,71,-195.058542,-0.000000
27,72,-195.058528,0.000000
27,73,-195.058498,-0.000000
27,74,-195.058532,-0.000000
27,75,-195.058532,0.000000
27,76,-195.058528,-0.000000
27,77,-195.058498,-0.000000
27,78,-195.058503,-0.000000
27,79,-195.058499,-0.000000
27,80,-195.058534,-0.000000
27,81,-195.058521,-0.000000
27,82,-195.058509,-0.000000
27,83,-195.058501,-0.000000
27,84,-195.058506,-0.000000
27,85,-195.058502,-0.000000
27,86,-195.058499,-0.000000
27,87,-195.058502,-0.000000
27,88,-195.058501,-0.000000
27,89,-195.058504,-0.000000
27,90,-195.058499,0.000000
27,91,-195.058534,-0.000000
27,92,-195.058501,-0.000000
27,93,-195.058506,0.000000
27,94,-195.058502,-0.000000
27,95,-195.058502,-0.000000
27,96,-195.058516,-0.000000
27,97,-195.058505,-0.000000
27,98,-195.058504,-0.000000
27,99,-195.058505,-0.000000
27,100,-195.058503,-0.000000
27,101,-195.058499,0.000000
27,102,-195.058504,0.000000
27,103,-195.058498,0.000000
27,104,-195.058498,-0.000000
27,105,-195.058497,0.000000
27,106,-195.058498,-0.000000
27,107,-195.058500,-0.000000
27,108,-195.058499,-0.000000
27,109,-195.058497,-0.000000
27,110,-195.058497,0.000000
27,111,-195.058499,-0.000000
27,112,-195.058498,0.000000
27,113,-195.058499,-0.000000
27,114,-195.058497,-0.000000
27,115,-195.058503,0.000000
27,116,-195.058498,0.000000
27,117,-195.058497,0.000000
27,118,-195.058497,-0.000000
27,119,-195.058497,0.000000
28,29,-195.059627,-0.000004
28,30,-195.058595,0.000000
28,31,-195.058532,0.000000
28,32,-195.058537,-0.000000
28,33,-195.058571,-0.000001
28,34,-195.058516,-0.000000
28,35,-195.058546,-0.000000
28,36,-195.058562,0.000000
28,37,-195.058523,-0.000000
28,38,-195.058576,-0.000001
28,39,-195.058568,0.000000
28,40,-195.058640,-0.000004
28,41,-195.058716,0.000000
28,42,-195.059015,-0.000001
28,43,-195.059639,-0.000006
28,44,-195.058810,0.000001
28,45,-195.058537,0.000000
28,46,-195.058804,-0.000000
28,47,-195.058576,-0.000002
28,48,-195.058537,-0.000004
28,49,-195.058513,-0.000001
28,50,-195.058517,0.000000
28,51,-195.058529,-0.000000
28,52,-195.058534,-0.000001
28,53,-195.058526,-0.000000
28,54,-195.058517,-0.000001
28,55,-195.058681,-0.000000
28,56,-195.058599,-0.000000
28,57,-195.058518,0.000000
28,58,-195.058533,0.000000
28,59,-195.058555,-0.000000
28,60,-195.058591,-0.000001
28,61,-195.058630,-0.000001
28,62,-195.058557,-0.000000
28,63,-195.058576,-0.000000
28,64,-195.058519,-0.000000
28,65,-195.058528,-0.000000
28,66,-195.058536,-0.000001
28,67,-195.058520,-0.000000
28,68,-195.058564,0.000000
28,69,-195.058512,0.000000
28,70,-195.058514,-0.000000
28,71,-195.058554,-0.000000
28,72,-195.058540,0.000000
28,73,-195.058510,-0.000000
28,74,-195.058544,-0.000000
28,75,-195.058544,-0.000000
28,76,-195.058540,-0.000000
28,77,-195.058510,-0.000000
28,78,-195.058515,0.000000
28,79,-195.058511,-0.000000
28,80,-195.058546,-0.000000
28,81,-195.058533,-0.000000
28,82,-195.058521,-0.000000
28,83,-195.058513,-0.000000
28,84,-195.058518,-0.000000
28,85,-195.058514,-0.000000
28,86,-195.058511,0.000000
28,87,-195.058514,-0.000000
28,88,-195.058513,-0.000000
28,89,-195.058516,-0.000000
28,90,-195.058511,-0.000000
28,91,-195.058546,-0.000000
28,92,-195.058513,-0.000000
28,93,-195.058518,-0.000000
28,94,-195.058514,-0.000000
28,95,-195.058514,0.000000
28,96,-195.058528,0.000000
28,97,-195.058517,-0.000000
28,98,-195.058516,-0.000000
28,99,-195.058517,-0.000000
28,100,-195.058515,-0.000000
28,101,-195.058511,-0.000000
28,102,-195.058516,0.000000
28,103,-195.058510,-0.000000
28,104,-195.058510,-0.000000
28,105,-195.058509,-0.000000
28,106,-195.058510,-0.000000
28,107,-195.058512,-0.000000
28,108,-195.058511,-0.000000
28,109,-195.058509,0.000000
28,110,-195.058509,-0.000000
28,111,-195.058511,0.000000
28,112,-195.058510,0.000000
28,113,-195.058511,0.000000
28,114,-195.058509,-0.000000
28,115,-195.058515,0.000000
28,116,-195.058510,-0.000000
28,117,-195.058509,-0.000000
28,118,-195.058509,-0.000000
28,119,-195.058509,-0.000000
29,30,-195.059708,-0.000011
29,31,-195.059636,-0.000003
29,32,-195.059640,-0.000001
29,33,-195.059670,0.000001
29,34,-195.059616,0.000000
29,35,-195.059648,-0.000002
29,36,-195.059661,0.000002
29,37,-195.059625,-0.000002
29,38,-195.059685,-0.000009
29,39,-195.059672,-0.000003
29,40,-195.059740,-0.000003
29,41,-195.059831,-0.000014
29,42,-195.060130,-0.000015
29,43,-195.060766,-0.000032
29,44,-195.059934,-0.000022
29,45,-195.059640,-0.000002
29,46,-195.059910,-0.000005
29,47,-195.059678,-0.000003
29,48,-195.059636,-0.000002
29,49,-195.059614,-0.000001
29,50,-195.059617,0.000002
29,51,-195.059628,0.000002
29,52,-195.059633,0.000000
29,53,-195.059626,-0.000000
29,54,-195.059617,-0.000001
29,55,-195.059800,-0.000019
29,56,-195.059720,-0.000021
29,57,-195.059619,-0.000000
29,58,-195.059633,0.000001
29,59,-195.059658,-0.000002
29,60,-195.059692,-0.000001
29,61,-195.059730,0.000001
29,62,-195.059660,-0.000002
29,63,-195.059676,0.000001
29,64,-195.059620,-0.000000
29,65,-195.059628,0.000001
29,66,-195.059635,0.000000
29,67,-195.059620,0.000001
29,68,-195.059665,-0.000000
29,69,-195.059613,-0.000000
29,70,-195.059615,0.000000
29,71,-195.059653,0.000002
29,72,-195.059640,0.000001
29,73,-195.059610,0.000000
29,74,-195.059643,0.000002
29,75,-195.059645,0.000000
29,76,-195.059640,0.000001
29,77,-195.059611,0.000000
29,78,-195.059616,0.000000
29,79,-195.059612,0.000000
29,80,-195.059648,-0.000000
29,81,-195.059635,-0.000001
29,82,-195.059622,-0.000000
29,83,-195.059614,-0.000000
29,84,-195.059619,-0.000000
29,85,-195.059615,-0.000000
29,86,-195.059612,-0.000000
29,87,-195.059615,-0.000000
29,88,-195.059614,-0.000000
29,89,-195.059616,0.000000
29,90,-195.059612,-0.000000
29,91,-195.059648,-0.000001
29,92,-195.059613,0.000000
29,93,-195.059619,0.000000
29,94,-195.059615,-0.000000
29,95,-195.059615,0.000000
29,96,-195.059629,-0.000000
29,97,-195.059618,-0.000000
29,98,-195.059617,0.000000
29,99,-195.059618,0.000000
29,100,-195.059616,0.000000
29,101,-195.059611,-0.000000
29,102,-195.059617,0.000000
29,103,-195.059611,0.000000
29,104,-195.059611,0.000000
29,105,-195.059610,0.000000
29,106,-195.059611,0.000000
29,107,-195.059612,-0.000000
29,108,-195.059611,0.000000
29,109,-195.059610,0.000000
29,110,-195.059610,-0.000000
29,111,-195.059612,0.000000
29,112,-195.059611,-0.000000
29,113,-195.059612,-0.000000
29,114,-195.059610,-0.000000
29,115,-195.059616,-0.000001
29,116,-195.059611,0.000000
29,117,-195.059610,0.000000
29,118,-195.059610,-0.000000
29,119,-195.059610,0.000000
30,31,-195.058605,0.000000
30,32,-195.058610,0.000000
30,33,-195.058650,-0.000006
30,34,-195.058589,-0.000000
30,35,-195.058619,-0.000000
30,36,-195.058640,-0.000005
30,37,-195.058596,0.000000
30,38,-195.058649,-0.000001
30,39,-195.058641,-0.000000
30,40,-195.058709,-0.000000
30,41,-195.058793,-0.000004
30,42,-195.059090,-0.000003
30,43,-195.059717,-0.000011
30,44,-195.058880,0.000003
30,45,-195.058610,0.000000
30,46,-195.058878,-0.000001
30,47,-195.058649,-0.000002
30,48,-195.058606,0.000000
30,49,-195.058585,-0.000000
30,50,-195.058591,-0.000001
30,51,-195.058602,-0.000000
30,52,-195.058606,-0.000000
30,53,-195.058599,-0.000001
30,54,-195.058590,-0.000001
30,55,-195.058757,-0.000003
30,56,-195.058674,-0.000002
30,57,-195.058591,-0.000000
30,58,-195.058606,0.000000
30,59,-195.058630,-0.000001
30,60,-195.058664,-0.000001
30,61,-195.058706,-0.000003
30,62,-195.058631,-0.000000
30,63,-195.058649,-0.000000
30,64,-195.058593,-0.000000
30,65,-195.058603,-0.000001
30,66,-195.058608,0.000000
30,67,-195.058593,-0.000000
30,68,-195.058637,0.000000
30,69,-195.058585,-0.000000
30,70,-195.058588,0.000000
30,71,-195.058627,0.000000
30,72,-195.058613,0.000000
30,73,-195.058583,-0.000000
30,74,-195.058618,-0.000001
30,75,-195.058617,-0.000000
30,76,-195.058613,-0.000001
30,77,-195.058584,-0.000000
30,78,-195.058588,-0.000000
30,79,-195.058585,-0.000000
30,80,-195.058620,0.000000
30,81,-195.058606,-0.000000
30,82,-195.058594,-0.000000
30,83,-195.058586,0.000000
30,84,-195.058591,-0.000000
30,85,-195.058587,0.000000
30,86,-195.058584,-0.000000
30,87,-195.058587,-0.000000
30,88,-195.058586,-0.000000
30,89,-195.058589,-0.000000
30,90,-195.058584,0.000000
30,91,-195.058619,-0.000000
30,92,-195.058586,0.000000
30,93,-195.058591,-0.000000
30,94,-195.058587,-0.000000
30,95,-195.058587,0.000000
30,96,-195.058601,-0.000000
30,97,-195.058590,-0.000000
30,98,-195.058589,-0.000000
30,99,-195.058590,-0.000000
30,100,-195.058589,-0.000000
30,101,-195.058584,-0.000000
30,102,-195.058590,-0.000000
30,103,-195.058583,-0.000000
30,104,-195.058583,-0.000000
30,105,-195.058582,-0.000000
30,106,-195.058583,-0.000000
30,107,-195.058585,-0.000000
30,108,-195.058584,-0.000000
30,109,-195.058582,-0.000000
30,110,-195.058582,-0.000000
30,111,-195.058584,-0.000000
30,112,-195.058583,-0.000000
30,113,-195.058585,-0.000000
30,114,-195.058582,-0.000000
30,115,-195.058588,-0.000000
30,116,-195.058583,-0.000000
30,117,-195.058583,-0.000000
30,118,-195.058583,0.000000
30,119,-195.058582,0.000000
31,32,-195.058548,-0.000000
31,33,-195.058581,0.000000
31,34,-195.058527,-0.000002
31,35,-195.058572,-0.000017
31,36,-195.058584,-0.000011
31,37,-195.058533,-0.000000
31,38,-195.058586,-0.000001
31,39,-195.058578,-0.000000
31,40,-195.058656,-0.000011
31,41,-195.058726,-0.000000
31,42,-195.059037,-0.000012
31,43,-195.059642,0.000001
31,44,-195.058823,-0.000002
31,45,-195.058547,-0.000000
31,46,-195.058814,-0.000000
31,47,-195.058584,0.000000
31,48,-195.058542,0.000000
31,49,-195.058523,-0.000001
31,50,-195.058528,0.000000
31,51,-195.058539,-0.000000
31,52,-195.058543,-0.000000
31,53,-195.058536,-0.000000
31,54,-195.058526,-0.000000
31,55,-195.058691,0.000000
31,56,-195.058610,-0.000001
31,57,-195.058528,0.000000
31,58,-195.058546,-0.000004
31,59,-195.058573,-0.000008
31,60,-195.058600,-0.000000
31,61,-195.058642,-0.000002
31,62,-195.058567,-0.000000
31,63,-195.058586,0.000000
31,64,-195.058530,-0.000000
31,65,-195.058541,-0.000002
31,66,-195.058545,-0.000000
31,67,-195.058531,-0.000001
31,68,-195.058574,-0.000000
31,69,-195.058522,-0.000000
31,70,-195.058525,-0.000001
31,71,-195.058564,-0.000000
31,72,-195.058550,0.000000
31,73,-195.058520,0.000000
31,74,-195.058554,-0.000000
31,75,-195.058554,-0.000000
31,76,-195.058550,-0.000000
31,77,-195.058520,-0.000000
31,78,-195.058526,-0.000000
31,79,-195.058521,0.000000
31,80,-195.058557,-0.000000
31,81,-195.058543,-0.000000
31,82,-195.058531,-0.000000
31,83,-195.058523,-0.000000
31,84,-195.058528,-0.000000
31,85,-195.058525,-0.000000
31,86,-195.058522,-0.000000
31,87,-195.058524,0.000000
31,88,-195.058523,-0.000000
31,89,-195.058527,-0.000002
31,90,-195.058522,-0.000000
31,91,-195.058556,-0.000000
31,92,-195.058523,-0.000000
31,93,-195.058529,-0.000001
31,94,-195.058525,-0.000001
31,95,-195.058524,-0.000000
31,96,-195.058539,-0.000001
31,97,-195.058529,-0.000002
31,98,-195.058526,-0.000000
31,99,-195.058528,-0.000001
31,100,-195.058525,-0.000000
31,101,-195.058521,0.000000
31,102,-195.058526,0.000000
31,103,-195.058520,0.000000
31,104,-195.058520,-0.000000
31,105,-195.058519,-0.000000
31,106,-195.058520,0.000000
31,107,-195.058522,0.000000
31,108,-195.058521,-0.000000
31,109,-195.058519,0.000000
31,110,-195.058519,0.000000
31,111,-195.058521,0.000000
31,112,-195.058520,-0.000000
31,113,-195.058522,-0.000000
31,114,-195.058519,-0.000000
31,115,-195.058525,-0.000000
31,116,-195.058520,-0.000000
31,117,-195.058520,-0.000000
31,118,-195.058520,0.000000
31,119,-195.058519,-0.000000
32,33,-195.058592,-0.000006
32,34,-195.058531,-0.000001
32,35,-195.058563,-0.000003
32,36,-195.058578,-0.000001
32,37,-195.058537,0.000000
32,38,-195.058590,-0.000001
32,39,-195.058583,-0.000000
32,40,-195.058651,-0.000001
32,41,-195.058730,0.000000
32,42,-195.059030,-0.000001
32,43,-195.059650,-0.000002
32,44,-195.058827,-0.000002
32,45,-195.058553,-0.000001
32,46,-195.058819,0.000000
32,47,-195.058590,-0.000001
32,48,-195.058548,-0.000000
32,49,-195.058527,-0.000000
32,50,-195.058533,-0.000000
32,51,-195.058544,-0.000000
32,52,-195.058547,0.000000
32,53,-195.058540,0.000000
32,54,-195.058531,0.000000
32,55,-195.058696,-0.000001
32,56,-195.058614,-0.000000
32,57,-195.058533,-0.000000
32,58,-195.058548,-0.000000
32,59,-195.058570,0.000000
32,60,-195.058606,-0.000001
32,61,-195.058651,-0.000007
32,62,-195.058574,-0.000002
32,63,-195.058593,-0.000003
32,64,-195.058534,-0.000000
32,65,-195.058543,0.000000
32,66,-195.058550,-0.000000
32,67,-195.058535,0.000000
32,68,-195.058579,-0.000000
32,69,-195.058527,-0.000000
32,70,-195.058529,-0.000000
32,71,-195.058569,0.000000
32,72,-195.058558,-0.000003
32,73,-195.058525,-0.000000
32,74,-195.058559,-0.000000
32,75,-195.058561,-0.000003
32,76,-195.058555,-0.000000
32,77,-195.058525,-0.000000
32,78,-195.058530,0.000000
32,79,-195.058526,-0.000000
32,80,-195.058561,0.000000
32,81,-195.058548,-0.000000
32,82,-195.058536,-0.000000
32,83,-195.058528,-0.000001
32,84,-195.058533,-0.000000
32,85,-195.058529,0.000000
32,86,-195.058526,-0.000000
32,87,-195.058529,-0.000000
32,88,-195.058528,-0.000000
32,89,-195.058530,-0.000000
32,90,-195.058526,0.000000
32,91,-195.058561,-0.000000
32,92,-195.058528,-0.000000
32,93,-195.058533,-0.000000
32,94,-195.058529,-0.000001
32,95,-195.058529,-0.000000
32,96,-195.058543,-0.000001
32,97,-195.058533,-0.000001
32,98,-195.058532,-0.000001
32,99,-195.058532,-0.000000
32,100,-195.058530,0.000000
32,101,-195.058525,-0.000000
32,102,-195.058531,0.000000
32,103,-195.058525,-0.000000
32,104,-195.058525,-0.000000
32,105,-195.058524,-0.000000
32,106,-195.058525,-0.000000
32,107,-195.058527,-0.000000
32,108,-195.058526,-0.000000
32,109,-195.058524,-0.000000
32,110,-195.058524,-0.000000
32,111,-195.058526,-0.000000
32,112,-195.058525,-0.000000
32,113,-195.058526,-0.000000
32,114,-195.058524,0.000000
32,115,-195.058529,0.000000
32,116,-195.058525,0.000000
32,117,-195.058524,0.000000
32,118,-195.058524,-0.000000
32,119,-195.058524,-0.000000
33,34,-195.058574,-0.000010
33,35,-195.058602,-0.000008
33,36,-195.058617,-0.000006
33,37,-195.058571,-0.000000
33,38,-195.058626,-0.000003
33,39,-195.058616,-0.000000
33,40,-195.058684,0.000000
33,41,-195.058764,0.000000
33,42,-195.059065,-0.000003
33,43,-195.059681,0.000001
33,44,-195.058860,-0.000001
33,45,-195.058591,-0.000005
33,46,-195.058851,0.000001
33,47,-195.058622,0.000001
33,48,-195.058581,0.000000
33,49,-195.058561,0.000000
33,50,-195.058568,-0.000002
33,51,-195.058577,0.000000
33,52,-195.058581,0.000000
33,53,-195.058573,0.000000
33,54,-195.058565,-0.000001
33,55,-195.058728,0.000001
33,56,-195.058651,-0.000004
33,57,-195.058567,-0.000001
33,58,-195.058582,-0.000001
33,59,-195.058606,-0.000002
33,60,-195.058651,-0.000013
33,61,-195.058693,-0.000015
33,62,-195.058608,-0.000003
33,63,-195.058625,-0.000000
33,64,-195.058568,-0.000000
33,65,-195.058577,-0.000000
33,66,-195.058585,-0.000001
33,67,-195.058568,0.000000
33,68,-195.058613,0.000000
33,69,-195.058562,-0.000002
33,70,-195.058565,-0.000003
33,71,-195.058610,-0.000007
33,72,-195.058598,-0.000009
33,73,-195.058558,-0.000000
33,74,-195.058595,-0.000003
33,75,-195.058593,-0.000000
33,76,-195.058588,-0.000000
33,77,-195.058559,-0.000000
33,78,-195.058563,0.000000
33,79,-195.058560,-0.000000
33,80,-195.058595,0.000000
33,81,-195.058583,-0.000002
33,82,-195.058570,-0.000001
33,83,-195.058562,-0.000001
33,84,-195.058566,-0.000000
33,85,-195.058563,-0.000000
33,86,-195.058560,-0.000000
33,87,-195.058563,-0.000000
33,88,-195.058561,0.000000
33,89,-195.058564,0.000000
33,90,-195.058560,0.000000
33,91,-195.058594,-0.000000
33,92,-195.058562,-0.000001
33,93,-195.058567,-0.000000
33,94,-195.058564,-0.000002
33,95,-195.058562,0.000000
33,96,-195.058582,-0.000005
33,97,-195.058567,-0.000002
33,98,-195.058565,-0.000001
33,99,-195.058566,-0.000001
33,100,-195.058564,-0.000000
33,101,-195.058559,-0.000000
33,102,-195.058565,-0.000000
33,103,-195.058559,-0.000000
33,104,-195.058559,-0.000001
33,105,-195.058557,-0.000000
33,106,-195.058559,0.000000
33,107,-195.058560,-0.000000
33,108,-195.058559,-0.000000
33,109,-195.058557,0.000000
33,110,-195.058557,-0.000000
33,111,-195.058560,-0.000000
33,112,-195.058558,-0.000000
33,113,-195.058560,-0.000000
33,114,-195.058557,0.000000
33,115,-195.058563,-0.000000
33,116,-195.058558,-0.000000
33,117,-195.058558,0.000000
33,118,-195.058558,-0.000000
33,119,-195.058558,-0.000000
34,35,-195.058539,0.000000
34,36,-195.058558,-0.000003
34,37,-195.058516,0.000000
34,38,-195.058569,-0.000001
34,39,-195.058560,0.000000
34,40,-195.058628,0.000000
34,41,-195.058709,-0.000000
34,42,-195.059016,-0.000008
34,43,-195.059626,-0.000000
34,44,-195.058803,-0.000000
34,45,-195.058531,-0.000001
34,46,-195.058797,0.000000
34,47,-195.058567,-0.000000
34,48,-195.058526,0.000000
34,49,-195.058505,0.000000
34,50,-195.058511,-0.000000
34,51,-195.058522,0.000000
34,52,-195.058526,0.000000
34,53,-195.058519,-0.000000
34,54,-195.058509,-0.000000
34,55,-195.058674,-0.000001
34,56,-195.058592,0.000000
34,57,-195.058513,-0.000002
34,58,-195.058527,-0.000001
34,59,-195.058551,-0.000003
34,60,-195.058584,-0.000001
34,61,-195.058625,-0.000003
34,62,-195.058550,-0.000000
34,63,-195.058569,0.000000
34,64,-195.058512,0.000000
34,65,-195.058521,0.000000
34,66,-195.058528,0.000000
34,67,-195.058513,-0.000000
34,68,-195.058558,-0.000001
34,69,-195.058505,0.000000
34,70,-195.058508,-0.000000
34,71,-195.058548,-0.000002
34,72,-195.058534,-0.000001
34,73,-195.058503,-0.000000
34,74,-195.058539,-0.000002
34,75,-195.058537,-0.000000
34,76,-195.058533,0.000000
34,77,-195.058503,0.000000
34,78,-195.058508,0.000000
34,79,-195.058505,-0.000001
34,80,-195.058540,-0.000000
34,81,-195.058526,-0.000000
34,82,-195.058514,-0.000000
34,83,-195.058506,-0.000000
34,84,-195.058511,-0.000000
34,85,-195.058508,-0.000000
34,86,-195.058505,-0.000000
34,87,-195.058507,0.000000
34,88,-195.058506,0.000000
34,89,-195.058509,-0.000000
34,90,-195.058505,-0.000000
34,91,-195.058539,-0.000000
34,92,-195.058506,-0.000000
34,93,-195.058511,-0.000000
34,94,-195.058507,-0.000000
34,95,-195.058507,-0.000000
34,96,-195.058521,-0.000000
34,97,-195.058511,-0.000001
34,98,-195.058509,-0.000000
34,99,-195.058510,-0.000000
34,100,-195.058508,0.000000
34,101,-195.058504,-0.000000
34,102,-195.058509,-0.000000
34,103,-195.058503,-0.000000
34,104,-195.058503,0.000000
34,105,-195.058502,-0.000000
34,106,-195.058503,-0.000000
34,107,-195.058505,-0.000000
34,108,-195.058504,-0.000000
34,109,-195.058502,0.000000
34,110,-195.058502,-0.000000
34,111,-195.058504,-0.000000
34,112,-195.058503,-0.000000
34,113,-195.058504,0.000000
34,114,-195.058502,0.000000
34,115,-195.058508,-0.000000
34,116,-195.058503,0.000000
34,117,-195.058502,0.000000
34,118,-195.058502,-0.000000
34,119,-195.058502,0.000000
35,36,-195.058590,-0.000004
35,37,-195.058546,-0.000000
35,38,-195.058598,-0.000000
35,39,-195.058591,0.000000
35,40,-195.058681,-0.000022
35,41,-195.058746,-0.000007
35,42,-195.059038,-0.000000
35,43,-195.059658,-0.000002
35,44,-195.058834,-0.000000
35,45,-195.058560,0.000001
35,46,-195.058827,-0.000000
35,47,-195.058596,0.000001
35,48,-195.058556,0.000000
35,49,-195.058536,-0.000001
35,50,-195.058541,0.000000
35,51,-195.058552,-0.000000
35,52,-195.058556,-0.000001
35,53,-195.058548,0.000000
35,54,-195.058539,-0.000000
35,55,-195.058704,0.000000
35,56,-195.058622,0.000000
35,57,-195.058541,0.000000
35,58,-195.058562,-0.000006
35,59,-195.058580,-0.000001
35,60,-195.058617,-0.000003
35,61,-195.058666,-0.000013
35,62,-195.058580,0.000000
35,63,-195.058600,-0.000000
35,64,-195.058543,-0.000000
35,65,-195.058556,-0.000004
35,66,-195.058558,-0.000000
35,67,-195.058543,0.000000
35,68,-195.058587,0.000000
35,69,-195.058536,-0.000000
35,70,-195.058538,-0.000000
35,71,-195.058578,-0.000001
35,72,-195.058566,-0.000003
35,73,-195.058533,0.000000
35,74,-195.058567,-0.000000
35,75,-195.058568,-0.000001
35,76,-195.058563,-0.000000
35,77,-195.058534,-0.000000
35,78,-195.058538,-0.000000
35,79,-195.058535,-0.000000
35,80,-195.058570,-0.000000
35,81,-195.058556,-0.000000
35,82,-195.058544,-0.000000
35,83,-195.058536,-0.000000
35,84,-195.058541,-0.000000
35,85,-195.058537,0.000000
35,86,-195.058535,-0.000000
35,87,-195.058537,0.000000
35,88,-195.058537,-0.000001
35,89,-195.058542,-0.000003
35,90,-195.058535,-0.000000
35,91,-195.058569,-0.000000
35,92,-195.058536,-0.000000
35,93,-195.058542,-0.000000
35,94,-195.058539,-0.000002
35,95,-195.058538,-0.000001
35,96,-195.058552,-0.000001
35,97,-195.058540,-0.000000
35,98,-195.058539,-0.000000
35,99,-195.058542,-0.000002
35,100,-195.058538,-0.000000
35,101,-195.058534,-0.000000
35,102,-195.058539,0.000000
35,103,-195.058533,0.000000
35,104,-195.058533,-0.000000
35,105,-195.058532,-0.000000
35,106,-195.058533,0.000000
35,107,-195.058535,0.000000
35,108,-195.058534,-0.000000
35,109,-195.058532,0.000000
35,110,-195.058532,-0.000000
35,111,-195.058534,-0.000000
35,112,-195.058533,-0.000000
35,113,-195.058535,-0.000000
35,114,-195.058532,-0.000000
35,115,-195.058538,0.000000
35,116,-195.058533,-0.000000
35,117,-195.058533,-0.000000
35,118,-195.058533,0.000000
35,119,-195.058532,-0.000000
36,37,-195.058563,-0.000000
36,38,-195.058625,-0.000010
36,39,-195.058607,0.000001
36,40,-195.058703,-0.000028
36,41,-195.058756,0.000000
36,42,-195.059057,-0.000003
36,43,-195.059673,0.000000
36,44,-195.058850,0.000001
36,45,-195.058577,0.000001
36,46,-195.058843,0.000001
36,47,-195.058613,0.000001
36,48,-195.058573,0.000000
36,49,-195.058553,-0.000000
36,50,-195.058558,-0.000000
36,51,-195.058569,0.000000
36,52,-195.058574,-0.000001
36,53,-195.058565,0.000000
36,54,-195.058556,-0.000000
36,55,-195.058721,0.000000
36,56,-195.058639,0.000000
36,57,-195.058558,0.000000
36,58,-195.058576,-0.000003
36,59,-195.058609,-0.000014
36,60,-195.058634,-0.000003
36,61,-195.058670,-0.000000
36,62,-195.058599,-0.000001
36,63,-195.058617,-0.000001
36,64,-195.058560,-0.000001
36,65,-195.058572,-0.000004
36,66,-195.058575,-0.000000
36,67,-195.058562,-0.000002
36,68,-195.058604,0.000000
36,69,-195.058553,-0.000001
36,70,-195.058558,-0.000004
36,71,-195.058594,-0.000000
36,72,-195.058581,-0.000001
36,73,-195.058550,0.000000
36,74,-195.058584,0.000000
36,75,-195.058584,0.000000
36,76,-195.058580,0.000000
36,77,-195.058550,-0.000000
36,78,-195.058555,-0.000000
36,79,-195.058552,-0.000000
36,80,-195.058586,0.000000
36,81,-195.058573,-0.000000
36,82,-195.058561,-0.000000
36,83,-195.058553,-0.000000
36,84,-195.058558,-0.000000
36,85,-195.058554,-0.000000
36,86,-195.058552,-0.000001
36,87,-195.058554,-0.000000
36,88,-195.058553,0.000000
36,89,-195.058559,-0.000003
36,90,-195.058551,0.000000
36,91,-195.058586,0.000000
36,92,-195.058553,-0.000000
36,93,-195.058560,-0.000002
36,94,-195.058554,-0.000000
36,95,-195.058554,-0.000000
36,96,-195.058568,0.000000
36,97,-195.058560,-0.000002
36,98,-195.058556,-0.000000
36,99,-195.058559,-0.000002
36,100,-195.058555,-0.000000
36,101,-195.058551,-0.000000
36,102,-195.058556,0.000000
36,103,-195.058550,0.000000
36,104,-195.058550,0.000000
36,105,-195.058549,-0.000000
36,106,-195.058550,-0.000000
36,107,-195.058552,-0.000000
36,108,-195.058551,0.000000
36,109,-195.058549,0.000000
36,110,-195.058549,-0.000000
36,111,-195.058551,-0.000000
36,112,-195.058550,-0.000000
36,113,-195.058552,0.000000
36,114,-195.058549,-0.000000
36,115,-195.058555,-0.000000
36,116,-195.058550,0.000000
36,117,-195.058550,-0.000000
36,118,-195.058549,-0.000000
36,119,-195.058549,-0.000000
37,38,-195.058576,-0.000001
37,39,-195.058568,0.000001
37,40,-195.058636,-0.000001
37,41,-195.058717,-0.000001
37,42,-195.059016,-0.000002
37,43,-195.059634,-0.000001
37,44,-195.058814,-0.000003
37,45,-195.058538,0.000000
37,46,-195.058806,-0.000001
37,47,-195.058574,0.000000
37,48,-195.058533,-0.000000
37,49,-195.058513,-0.000000
37,50,-195.058518,-0.000000
37,51,-195.058530,-0.000000
37,52,-195.058533,-0.000000
37,53,-195.058526,-0.000000
37,54,-195.058516,0.000000
37,55,-195.058683,-0.000001
37,56,-195.058599,0.000000
37,57,-195.058519,-0.000000
37,58,-195.058533,0.000000
37,59,-195.058556,-0.000001
37,60,-195.058591,-0.000001
37,61,-195.058630,-0.000000
37,62,-195.058557,0.000000
37,63,-195.058578,-0.000001
37,64,-195.058520,0.000000
37,65,-195.058529,0.000000
37,66,-195.058536,-0.000001
37,67,-195.058520,-0.000000
37,68,-195.058565,0.000000
37,69,-195.058513,-0.000000
37,70,-195.058515,0.000000
37,71,-195.058554,0.000000
37,72,-195.058541,-0.000000
37,73,-195.058510,0.000000
37,74,-195.058545,-0.000000
37,75,-195.058546,-0.000002
37,76,-195.058540,-0.000000
37,77,-195.058511,-0.000000
37,78,-195.058515,0.000000
37,79,-195.058512,-0.000000
37,80,-195.058547,-0.000000
37,81,-195.058533,0.000000
37,82,-195.058521,0.000000
37,83,-195.058513,-0.000000
37,84,-195.058518,0.000000
37,85,-195.058515,-0.000000
37,86,-195.058512,0.000000
37,87,-195.058515,-0.000000
37,88,-195.058514,-0.000000
37,89,-195.058516,-0.000000
37,90,-195.058512,0.000000
37,91,-195.058546,-0.000000
37,92,-195.058513,-0.000000
37,93,-195.058519,-0.000000
37,94,-195.058515,-0.000000
37,95,-195.058514,-0.000000
37,96,-195.058529,-0.000000
37,97,-195.058518,-0.000000
37,98,-195.058516,-0.000000
37,99,-195.058517,-0.000000
37,100,-195.058515,0.000000
37,101,-195.058511,-0.000000
37,102,-195.058517,0.000000
37,103,-195.058510,0.000000
37,104,-195.058510,0.000000
37,105,-195.058509,-0.000000
37,106,-195.058511,-0.000000
37,107,-195.058512,-0.000000
37,108,-195.058511,0.000000
37,109,-195.058509,0.000000
37,110,-195.058509,-0.000000
37,111,-195.058512,-0.000000
37,112,-195.058510,0.000000
37,113,-195.058512,0.000000
37,114,-195.058509,0.000000
37,115,-195.058515,0.000000
37,116,-195.058510,-0.000000
37,117,-195.058510,0.000000
37,118,-195.058510,-0.000000
37,119,-195.058510,-0.000000
38,39,-195.058619,0.000001
38,40,-195.058695,-0.000007
38,41,-195.058769,-0.000001
38,42,-195.059074,-0.000008
38,43,-195.059694,-0.000009
38,44,-195.058868,-0.000005
38,45,-195.058589,0.000000
38,46,-195.058856,0.000001
38,47,-195.058626,0.000000
38,48,-195.058585,-0.000000
38,49,-195.058565,-0.000000
38,50,-195.058570,-0.000000
38,51,-195.058582,-0.000000
38,52,-195.058585,0.000000
38,53,-195.058578,-0.000001
38,54,-195.058568,-0.000000
38,55,-195.058735,-0.000002
38,56,-195.058651,0.000000
38,57,-195.058570,0.000000
38,58,-195.058587,-0.000002
38,59,-195.058609,-0.000001
38,60,-195.058643,-0.000000
38,61,-195.058683,-0.000001
38,62,-195.058609,0.000000
38,63,-195.058631,-0.000003
38,64,-195.058572,-0.000000
38,65,-195.058581,-0.000000
38,66,-195.058587,0.000000
38,67,-195.058573,-0.000000
38,68,-195.058617,0.000000
38,69,-195.058565,-0.000000
38,70,-195.058569,-0.000002
38,71,-195.058606,-0.000000
38,72,-195.058592,-0.000000
38,73,-195.058562,-0.000000
38,74,-195.058596,-0.000000
38,75,-195.058597,-0.000001
38,76,-195.058593,-0.000001
38,77,-195.058563,-0.000000
38,78,-195.058567,0.000000
38,79,-195.058564,-0.000000
38,80,-195.058599,0.000000
38,81,-195.058585,-0.000000
38,82,-195.058573,-0.000000
38,83,-195.058565,-0.000000
38,84,-195.058571,-0.000000
38,85,-195.058567,0.000000
38,86,-195.058564,-0.000000
38,87,-195.058566,0.000000
38,88,-195.058566,-0.000000
38,89,-195.058568,-0.000000
38,90,-195.058564,0.000000
38,91,-195.058599,-0.000000
38,92,-195.058565,-0.000000
38,93,-195.058571,-0.000001
38,94,-195.058566,0.000000
38,95,-195.058566,-0.000000
38,96,-195.058581,-0.000000
38,97,-195.058570,-0.000001
38,98,-195.058568,-0.000000
38,99,-195.058570,-0.000001
38,100,-195.058567,0.000000
38,101,-195.058563,-0.000000
38,102,-195.058569,-0.000000
38,103,-195.058562,0.000000
38,104,-195.058562,-0.000000
38,105,-195.058561,-0.000000
38,106,-195.058563,0.000000
38,107,-195.058564,-0.000000
38,108,-195.058563,0.000000
38,109,-195.058561,-0.000000
38,110,-195.058561,0.000000
38,111,-195.058564,0.000000
38,112,-195.058562,0.000000
38,113,-195.058564,-0.000000
38,114,-195.058561,-0.000000
38,115,-195.058567,-0.000000
38,116,-195.058562,0.000000
38,117,-195.058562,0.000000
38,118,-195.058562,0.000000
38,119,-195.058562,-0.000000
39,40,-195.058691,-0.000010
39,41,-195.058764,-0.000003
39,42,-195.059055,0.000004
39,43,-195.059701,-0.000022
39,44,-195.058855,0.000001
39,45,-195.058582,0.000001
39,46,-195.058849,0.000001
39,47,-195.058619,-0.000000
39,48,-195.058578,-0.000000
39,49,-195.058558,-0.000001
39,50,-195.058563,-0.000000
39,51,-195.058575,-0.000001
39,52,-195.058578,-0.000001
39,53,-195.058572,-0.000002
39,54,-195.058561,-0.000000
39,55,-195.058731,-0.000004
39,56,-195.058648,-0.000003
39,57,-195.058564,-0.000000
39,58,-195.058581,-0.000003
39,59,-195.058601,-0.000000
39,60,-195.058635,0.000000
39,61,-195.058675,0.000000
39,62,-195.058605,-0.000003
39,63,-195.058622,-0.000000
39,64,-195.058565,-0.000001
39,65,-195.058574,-0.000001
39,66,-195.058580,0.000000
39,67,-195.058565,0.000000
39,68,-195.058610,-0.000000
39,69,-195.058558,-0.000000
39,70,-195.058560,-0.000001
39,71,-195.058611,-0.000012
39,72,-195.058593,-0.000008
39,73,-195.058555,0.000000
39,74,-195.058589,0.000000
39,75,-195.058594,-0.000005
39,76,-195.058590,-0.000005
39,77,-195.058556,-0.000000
39,78,-195.058560,0.000000
39,79,-195.058557,0.000000
39,80,-195.058592,-0.000000
39,81,-195.058578,-0.000000
39,82,-195.058567,-0.000000
39,83,-195.058558,-0.000000
39,84,-195.058564,-0.000001
39,85,-195.058560,-0.000000
39,86,-195.058557,-0.000000
39,87,-195.058559,0.000000
39,88,-195.058558,-0.000000
39,89,-195.058561,0.000000
39,90,-195.058557,-0.000000
39,91,-195.058591,-0.000000
39,92,-195.058558,0.000000
39,93,-195.058563,0.000000
39,94,-195.058559,-0.000000
39,95,-195.058559,0.000000
39,96,-195.058574,-0.000000
39,97,-195.058563,-0.000001
39,98,-195.058561,0.000000
39,99,-195.058562,-0.000000
39,100,-195.058561,-0.000000
39,101,-195.058556,-0.000000
39,102,-195.058561,0.000000
39,103,-195.058556,-0.000001
39,104,-195.058555,-0.000000
39,105,-195.058554,-0.000000
39,106,-195.058556,-0.000000
39,107,-195.058557,-0.000000
39,108,-195.058556,-0.000000
39,109,-195.058554,0.000000
39,110,-195.058554,-0.000000
39,111,-195.058557,-0.000000
39,112,-195.058555,-0.000000
39,113,-195.058557,-0.000000
39,114,-195.058554,-0.000000
39,115,-195.058560,0.000000
39,116,-195.058555,-0.000000
39,117,-195.058555,0.000000
39,118,-195.058555,0.000000
39,119,-195.058554,0.000000
40,41,-195.058856,-0.000027
40,42,-195.059134,-0.000006
40,43,-195.059744,0.000002
40,44,-195.058921,0.000002
40,45,-195.058653,-0.000003
40,46,-195.058922,-0.000005
40,47,-195.058688,-0.000001
40,48,-195.058645,0.000001
40,49,-195.058629,-0.000004
40,50,-195.058631,-0.000000
40,51,-195.058645,-0.000002
40,52,-195.058648,-0.000002
40,53,-195.058641,-0.000003
40,54,-195.058629,-0.000000
40,55,-195.058800,-0.000006
40,56,-195.058716,-0.000004
40,57,-195.058632,-0.000000
40,58,-195.058648,-0.000002
40,59,-195.058670,-0.000001
40,60,-195.058702,0.000002
40,61,-195.058743,-0.000000
40,62,-195.058670,0.000000
40,63,-195.058692,-0.000003
40,64,-195.058632,0.000000
40,65,-195.058645,-0.000004
40,66,-195.058648,-0.000000
40,67,-195.058633,-0.000000
40,68,-195.058677,-0.000000
40,69,-195.058625,0.000000
40,70,-195.058631,-0.000003
40,71,-195.058670,-0.000003
40,72,-195.058653,0.000000
40,73,-195.058623,-0.000000
40,74,-195.058664,-0.000007
40,75,-195.058658,-0.000001
40,76,-195.058653,0.000000
40,77,-195.058623,0.000000
40,78,-195.058628,-0.000000
40,79,-195.058628,-0.000003
40,80,-195.058660,-0.000000
40,81,-195.058646,0.000000
40,82,-195.058634,0.000000
40,83,-195.058626,0.000000
40,84,-195.058634,-0.000003
40,85,-195.058627,-0.000000
40,86,-195.058625,-0.000001
40,87,-195.058627,-0.000000
40,88,-195.058626,-0.000000
40,89,-195.058631,-0.000002
40,90,-195.058625,-0.000000
40,91,-195.058660,-0.000001
40,92,-195.058626,-0.000000
40,93,-195.058633,-0.000002
40,94,-195.058627,-0.000000
40,95,-195.058627,0.000000
40,96,-195.058641,0.000000
40,97,-195.058630,0.000000
40,98,-195.058630,-0.000001
40,99,-195.058635,-0.000005
40,100,-195.058629,-0.000001
40,101,-195.058624,-0.000000
40,102,-195.058630,-0.000001
40,103,-195.058623,-0.000000
40,104,-195.058623,0.000000
40,105,-195.058622,0.000000
40,106,-195.058624,-0.000000
40,107,-195.058625,0.000000
40,108,-195.058624,0.000000
40,109,-195.058622,-0.000000
40,110,-195.058622,0.000000
40,111,-195.058625,-0.000000
40,112,-195.058623,0.000000
40,113,-195.058625,0.000000
40,114,-195.058623,-0.000001
40,115,-195.058628,0.000000
40,116,-195.058623,0.000000
40,117,-195.058623,-0.000000
40,118,-195.058623,-0.000000
40,119,-195.058623,-0.000000
41,42,-195.059206,0.000002
41,43,-195.059818,0.000008
41,44,-195.059000,0.000004
41,45,-195.058732,-0.000001
41,46,-195.059028,-0.000030
41,47,-195.058770,-0.000002
41,48,-195.058727,-0.000001
41,49,-195.058705,0.000000
41,50,-195.058711,0.000000
41,51,-195.058722,-0.000000
41,52,-195.058726,0.000000
41,53,-195.058719,-0.000000
41,54,-195.058710,-0.000001
41,55,-195.058875,-0.000001
41,56,-195.058792,-0.000000
41,57,-195.058711,-0.000000
41,58,-195.058726,0.000000
41,59,-195.058748,0.000001
41,60,-195.058786,-0.000002
41,61,-195.058830,-0.000007
41,62,-195.058751,-0.000001
41,63,-195.058774,-0.000005
41,64,-195.058714,-0.000001
41,65,-195.058723,-0.000001
41,66,-195.058728,0.000000
41,67,-195.058714,-0.000001
41,68,-195.058760,-0.000002
41,69,-195.058706,-0.000000
41,70,-195.058709,-0.000002
41,71,-195.058754,-0.000006
41,72,-195.058734,-0.000001
41,73,-195.058703,0.000000
41,74,-195.058737,0.000000
41,75,-195.058741,-0.000004
41,76,-195.058733,-0.000000
41,77,-195.058704,0.000000
41,78,-195.058709,-0.000001
41,79,-195.058705,-0.000000
41,80,-195.058739,0.000001
41,81,-195.058733,-0.000007
41,82,-195.058716,-0.000001
41,83,-195.058706,-0.000000
41,84,-195.058712,-0.000001
41,85,-195.058708,-0.000001
41,86,-195.058705,-0.000000
41,87,-195.058708,-0.000001
41,88,-195.058706,0.000000
41,89,-195.058709,-0.000001
41,90,-195.058705,-0.000000
41,91,-195.058742,-0.000002
41,92,-195.058706,0.000000
41,93,-195.058712,-0.000001
41,94,-195.058708,-0.000000
41,95,-195.058708,-0.000001
41,96,-195.058722,-0.000001
41,97,-195.058711,-0.000000
41,98,-195.058709,-0.000000
41,99,-195.058713,-0.000003
41,100,-195.058708,0.000000
41,101,-195.058704,-0.000000
41,102,-195.058709,0.000000
41,103,-195.058703,-0.000000
41,104,-195.058703,0.000000
41,105,-195.058702,-0.000000
41,106,-195.058704,0.000000
41,107,-195.058705,-0.000000
41,108,-195.058705,-0.000001
41,109,-195.058702,0.000000
41,110,-195.058702,-0.000000
41,111,-195.058705,-0.000000
41,112,-195.058703,0.000000
41,113,-195.058706,-0.000001
41,114,-195.058702,-0.000000
41,115,-195.058708,-0.000000
41,116,-195.058703,-0.000000
41,117,-195.058703,0.000000
41,118,-195.058703,-0.000000
41,119,-195.058703,-0.000000
42,43,-195.060126,-0.000001
42,44,-195.059297,0.000006
42,45,-195.059033,-0.000004
42,46,-195.059298,-0.000002
42,47,-195.059067,-0.000001
42,48,-195.059027,-0.000002
42,49,-195.059004,-0.000000
42,50,-195.059011,-0.000001
42,51,-195.059022,-0.000001
42,52,-195.059024,0.000000
42,53,-195.059019,-0.000001
42,54,-195.059007,0.000000
42,55,-195.059176,-0.000003
42,56,-195.059094,-0.000003
42,57,-195.059018,-0.000008
42,58,-195.059024,0.000000
42,59,-195.059072,-0.000024
42,60,-195.059094,-0.000012
42,61,-195.059124,-0.000002
42,62,-195.059051,-0.000002
42,63,-195.059069,-0.000001
42,64,-195.059011,0.000000
42,65,-195.059020,0.000000
42,66,-195.059027,0.000000
42,67,-195.059011,0.000001
42,68,-195.059065,-0.000008
42,69,-195.059008,-0.000003
42,70,-195.059007,-0.000001
42,71,-195.059047,-0.000001
42,72,-195.059041,-0.000009
42,73,-195.059002,-0.000001
42,74,-195.059062,-0.000026
42,75,-195.059044,-0.000008
42,76,-195.059031,0.000001
42,77,-195.059002,-0.000000
42,78,-195.059007,0.000000
42,79,-195.059004,-0.000001
42,80,-195.059038,0.000000
42,81,-195.059025,-0.000000
42,82,-195.059013,-0.000000
42,83,-195.059004,0.000000
42,84,-195.059010,0.000000
42,85,-195.059008,-0.000002
42,86,-195.059004,-0.000001
42,87,-195.059006,-0.000000
42,88,-195.059009,-0.000004
42,89,-195.059009,-0.000001
42,90,-195.059003,-0.000000
42,91,-195.059038,-0.000000
42,92,-195.059004,-0.000000
42,93,-195.059011,-0.000001
42,94,-195.059006,-0.000000
42,95,-195.059006,0.000000
42,96,-195.059022,-0.000002
42,97,-195.059014,-0.000005
42,98,-195.059010,-0.000002
42,99,-195.059009,0.000000
42,100,-195.059007,0.000000
42,101,-195.059003,-0.000000
42,102,-195.059008,-0.000000
42,103,-195.059002,-0.000000
42,104,-195.059002,-0.000000
42,105,-195.059001,-0.000000
42,106,-195.059002,0.000000
42,107,-195.059003,0.000000
42,108,-195.059003,-0.000000
42,109,-195.059001,-0.000000
42,110,-195.059001,-0.000000
42,111,-195.059003,-0.000000
42,112,-195.059002,-0.000001
42,113,-195.059003,0.000000
42,114,-195.059001,-0.000000
42,115,-195.059007,-0.000000
42,116,-195.059002,0.000000
42,117,-195.059001,-0.000000
42,118,-195.059002,-0.000000
42,119,-195.059001,0.000000
43,44,-195.059930,-0.000009
43,45,-195.059645,0.000003
43,46,-195.059920,-0.000005
43,47,-195.059691,-0.000006
43,48,-195.059643,0.000001
43,49,-195.059623,0.000000
43,50,-195.059630,-0.000002
43,51,-195.059642,-0.000003
43,52,-195.059644,-0.000000
43,53,-195.059636,-0.000000
43,54,-195.059626,-0.000000
43,55,-195.059795,-0.000003
43,56,-195.059721,-0.000012
43,57,-195.059630,-0.000001
43,58,-195.059649,-0.000006
43,59,-195.059674,-0.000008
43,60,-195.059704,-0.000003
43,61,-195.059738,0.000003
43,62,-195.059667,0.000000
43,63,-195.059686,0.000001
43,64,-195.059630,-0.000000
43,65,-195.059639,0.000000
43,66,-195.059646,0.000000
43,67,-195.059633,-0.000002
43,68,-195.059680,-0.000005
43,69,-195.059623,-0.000000
43,70,-195.059625,-0.000000
43,71,-195.059669,-0.000004
43,72,-195.059656,-0.000005
43,73,-195.059620,-0.000000
43,74,-195.059654,0.000000
43,75,-195.059662,-0.000008
43,76,-195.059668,-0.000017
43,77,-195.059622,-0.000001
43,78,-195.059626,-0.000000
43,79,-195.059623,-0.000001
43,80,-195.059664,-0.000007
43,81,-195.059647,-0.000004
43,82,-195.059632,-0.000000
43,83,-195.059625,-0.000001
43,84,-195.059628,0.000000
43,85,-195.059625,0.000000
43,86,-195.059622,0.000000
43,87,-195.059627,-0.000003
43,88,-195.059624,-0.000000
43,89,-195.059626,-0.000000
43,90,-195.059622,-0.000000
43,91,-195.059664,-0.000007
43,92,-195.059624,-0.000000
43,93,-195.059629,0.000000
43,94,-195.059625,-0.000001
43,95,-195.059626,-0.000001
43,96,-195.059638,0.000000
43,97,-195.059634,-0.000006
43,98,-195.059628,-0.000001
43,99,-195.059629,-0.000001
43,100,-195.059625,0.000000
43,101,-195.059622,-0.000001
43,102,-195.059627,0.000000
43,103,-195.059621,-0.000001
43,104,-195.059621,-0.000000
43,105,-195.059620,-0.000000
43,106,-195.059621,0.000000
43,107,-195.059623,-0.000000
43,108,-195.059621,0.000000
43,109,-195.059620,0.000000
43,110,-195.059619,0.000000
43,111,-195.059622,-0.000001
43,112,-195.059621,-0.000000
43,113,-195.059622,-0.000000
43,114,-195.059620,-0.000000
43,115,-195.059627,-0.000001
43,116,-195.059620,0.000000
43,117,-195.059620,0.000000
43,118,-195.059621,-0.000001
43,119,-195.059620,-0.000000
44,45,-195.058826,-0.000001
44,46,-195.059096,-0.000004
44,47,-195.058862,-0.000000
44,48,-195.058820,0.000001
44,49,-195.058801,-0.000001
44,50,-195.058806,-0.000000
44,51,-195.058818,-0.000001
44,52,-195.058822,-0.000001
44,53,-195.058820,-0.000007
44,54,-195.058804,-0.000000
44,55,-195.058969,-0.000000
44,56,-195.058886,0.000001
44,57,-195.058806,-0.000000
44,58,-195.058819,0.000001
44,59,-195.058845,-0.000001
44,60,-195.058885,-0.000006
44,61,-195.058925,-0.000007
44,62,-195.058848,-0.000003
44,63,-195.058864,0.000001
44,64,-195.058808,-0.000001
44,65,-195.058816,-0.000000
44,66,-195.058823,0.000000
44,67,-195.058808,0.000000
44,68,-195.058857,-0.000005
44,69,-195.058800,0.000000
44,70,-195.058802,0.000000
44,71,-195.058849,-0.000007
44,72,-195.058835,-0.000007
44,73,-195.058798,-0.000000
44,74,-195.058833,-0.000001
44,75,-195.058833,-0.000001
44,76,-195.058828,0.000000
44,77,-195.058798,-0.000000
44,78,-195.058803,0.000000
44,79,-195.058800,-0.000000
44,80,-195.058834,0.000000
44,81,-195.058824,-0.000003
44,82,-195.058810,-0.000001
44,83,-195.058801,-0.000000
44,84,-195.058807,-0.000001
44,85,-195.058804,-0.000001
44,86,-195.058800,-0.000001
44,87,-195.058802,0.000000
44,88,-195.058801,-0.000000
44,89,-195.058804,-0.000000
44,90,-195.058799,-0.000000
44,91,-195.058835,-0.000002
44,92,-195.058801,-0.000001
44,93,-195.058806,0.000000
44,94,-195.058802,-0.000000
44,95,-195.058802,-0.000000
44,96,-195.058816,-0.000000
44,97,-195.058806,-0.000000
44,98,-195.058807,-0.000003
44,99,-195.058805,-0.000000
44,100,-195.058803,0.000000
44,101,-195.058799,-0.000000
44,102,-195.058807,-0.000003
44,103,-195.058798,-0.000000
44,104,-195.058799,-0.000001
44,105,-195.058797,-0.000000
44,106,-195.058798,0.000000
44,107,-195.058800,-0.000000
44,108,-195.058799,-0.000000
44,109,-195.058797,-0.000000
44,110,-195.058797,-0.000000
44,111,-195.058799,-0.000000
44,112,-195.058798,-0.000000
44,113,-195.058800,-0.000000
44,114,-195.058797,0.000000
44,115,-195.058803,-0.000000
44,116,-195.058799,-0.000001
44,117,-195.058798,-0.000000
44,118,-195.058798,-0.000000
44,119,-195.058797,-0.000000
45,46,-195.058817,0.000002
45,47,-195.058591,-0.000002
45,48,-195.058549,-0.000002
45,49,-195.058528,-0.000001
45,50,-195.058532,0.000000
45,51,-195.058544,-0.000001
45,52,-195.058548,-0.000000
45,53,-195.058540,0.000000
45,54,-195.058534,-0.000003
45,55,-195.058697,-0.000001
45,56,-195.058614,-0.000000
45,57,-195.058535,-0.000002
45,58,-195.058548,-0.000000
45,59,-195.058573,-0.000003
45,60,-195.058606,-0.000001
45,61,-195.058646,-0.000002
45,62,-195.058574,-0.000002
45,63,-195.058591,-0.000000
45,64,-195.058535,-0.000000
45,65,-195.058543,0.000000
45,66,-195.058550,0.000000
45,67,-195.058535,-0.000000
45,68,-195.058586,-0.000007
45,69,-195.058527,-0.000000
45,70,-195.058529,-0.000000
45,71,-195.058569,0.000000
45,72,-195.058556,-0.000001
45,73,-195.058525,-0.000000
45,74,-195.058560,-0.000001
45,75,-195.058562,-0.000003
45,76,-195.058554,0.000000
45,77,-195.058525,-0.000000
45,78,-195.058530,-0.000000
45,79,-195.058528,-0.000002
45,80,-195.058562,-0.000001
45,81,-195.058548,-0.000001
45,82,-195.058536,-0.000001
45,83,-195.058528,-0.000000
45,84,-195.058533,-0.000001
45,85,-195.058530,-0.000001
45,86,-195.058527,-0.000001
45,87,-195.058529,0.000000
45,88,-195.058528,-0.000000
45,89,-195.058530,0.000000
45,90,-195.058528,-0.000002
45,91,-195.058561,0.000000
45,92,-195.058527,0.000000
45,93,-195.058534,-0.000001
45,94,-195.058529,0.000000
45,95,-195.058529,-0.000000
45,96,-195.058545,-0.000002
45,97,-195.058533,-0.000001
45,98,-195.058531,-0.000000
45,99,-195.058535,-0.000003
45,100,-195.058530,-0.000000
45,101,-195.058526,-0.000000
45,102,-195.058531,0.000000
45,103,-195.058526,-0.000001
45,104,-195.058525,0.000000
45,105,-195.058524,0.000000
45,106,-195.058525,-0.000000
45,107,-195.058526,-0.000000
45,108,-195.058526,-0.000000
45,109,-195.058524,-0.000000
45,110,-195.058524,0.000000
45,111,-195.058526,-0.000000
45,112,-195.058525,-0.000000
45,113,-195.058526,0.000000
45,114,-195.058524,0.000000
45,115,-195.058530,-0.000000
45,116,-195.058525,-0.000000
45,117,-195.058524,0.000000
45,118,-195.058525,-0.000001
45,119,-195.058524,-0.000000
46,47,-195.058862,-0.000007
46,48,-195.058814,0.000001
46,49,-195.058794,0.000000
46,50,-195.058799,0.000000
46,51,-195.058811,0.000000
46,52,-195.058814,0.000001
46,53,-195.058807,0.000000
46,54,-195.058797,0.000000
46,55,-195.058963,-0.000000
46,56,-195.058880,0.000000
46,57,-195.058800,-0.000000
46,58,-195.058816,-0.000002
46,59,-195.058836,0.000001
46,60,-195.058872,0.000000
46,61,-195.058915,-0.000003
46,62,-195.058838,0.000000
46,63,-195.058865,-0.000007
46,64,-195.058802,-0.000000
46,65,-195.058810,-0.000000
46,66,-195.058817,-0.000000
46,67,-195.058802,-0.000000
46,68,-195.058846,0.000000
46,69,-195.058794,-0.000000
46,70,-195.058796,-0.000000
46,71,-195.058840,-0.000004
46,72,-195.058822,0.000000
46,73,-195.058791,0.000000
46,74,-195.058825,0.000000
46,75,-195.058836,-0.000010
46,76,-195.058825,-0.000003
46,77,-195.058792,-0.000000
46,78,-195.058797,-0.000000
46,79,-195.058793,0.000000
46,80,-195.058834,-0.000006
46,81,-195.058817,-0.000002
46,82,-195.058804,-0.000001
46,83,-195.058795,-0.000000
46,84,-195.058800,-0.000001
46,85,-195.058796,-0.000000
46,86,-195.058793,0.000000
46,87,-195.058796,-0.000000
46,88,-195.058795,0.000000
46,89,-195.058797,0.000000
46,90,-195.058793,0.000000
46,91,-195.058829,-0.000001
46,92,-195.058794,0.000000
46,93,-195.058800,0.000000
46,94,-195.058796,-0.000000
46,95,-195.058796,0.000000
46,96,-195.058811,-0.000002
46,97,-195.058799,0.000000
46,98,-195.058798,-0.000001
46,99,-195.058801,-0.000003
46,100,-195.058797,-0.000001
46,101,-195.058792,0.000000
46,102,-195.058798,-0.000001
46,103,-195.058792,-0.000000
46,104,-195.058792,-0.000000
46,105,-195.058791,0.000000
46,106,-195.058792,-0.000000
46,107,-195.058793,-0.000000
46,108,-195.058792,-0.000000
46,109,-195.058791,0.000000
46,110,-195.058790,0.000000
46,111,-195.058793,-0.000000
46,112,-195.058792,0.000000
46,113,-195.058793,0.000000
46,114,-195.058791,0.000000
46,115,-195.058796,0.000000
46,116,-195.058791,0.000000
46,117,-195.058791,0.000000
46,118,-195.058791,0.000000
46,119,-195.058791,-0.000000
47,48,-195.058585,-0.000001
47,49,-195.058565,-0.000001
47,50,-195.058569,0.000000
47,51,-195.058587,-0.000006
47,52,-195.058587,-0.000003
47,53,-195.058582,-0.000005
47,54,-195.058573,-0.000005
47,55,-195.058743,-0.000011
47,56,-195.058652,-0.000001
47,57,-195.058570,-0.000000
47,58,-195.058584,0.000000
47,59,-195.058619,-0.000012
47,60,-195.058652,-0.000010
47,61,-195.058682,-0.000001
47,62,-195.058609,-0.000001
47,63,-195.058629,-0.000001
47,64,-195.058571,-0.000000
47,65,-195.058580,0.000000
47,66,-195.058587,0.000000
47,67,-195.058572,-0.000001
47,68,-195.058617,-0.000001
47,69,-195.058564,0.000000
47,70,-195.058566,0.000000
47,71,-195.058606,-0.000000
47,72,-195.058592,-0.000000
47,73,-195.058561,-0.000000
47,74,-195.058597,-0.000002
47,75,-195.058596,-0.000000
47,76,-195.058591,-0.000000
47,77,-195.058562,-0.000000
47,78,-195.058567,0.000000
47,79,-195.058563,-0.000000
47,80,-195.058598,-0.000000
47,81,-195.058585,-0.000000
47,82,-195.058573,-0.000000
47,83,-195.058565,-0.000001
47,84,-195.058570,0.000000
47,85,-195.058566,0.000000
47,86,-195.058563,0.000000
47,87,-195.058566,-0.000000
47,88,-195.058565,-0.000000
47,89,-195.058567,0.000000
47,90,-195.058563,-0.000000
47,91,-195.058599,-0.000001
47,92,-195.058564,-0.000000
47,93,-195.058570,-0.000000
47,94,-195.058566,-0.000001
47,95,-195.058565,0.000000
47,96,-195.058580,-0.000000
47,97,-195.058569,-0.000000
47,98,-195.058568,-0.000001
47,99,-195.058569,-0.000001
47,100,-195.058567,-0.000000
47,101,-195.058562,0.000000
47,102,-195.058568,-0.000000
47,103,-195.058562,-0.000000
47,104,-195.058562,-0.000000
47,105,-195.058561,-0.000000
47,106,-195.058562,-0.000000
47,107,-195.058564,-0.000000
47,108,-195.058562,0.000000
47,109,-195.058561,-0.000000
47,110,-195.058561,-0.000000
47,111,-195.058563,-0.000001
47,112,-195.058562,-0.000000
47,113,-195.058564,-0.000001
47,114,-195.058561,0.000000
47,115,-195.058567,-0.000000
47,116,-195.058562,-0.000000
47,117,-195.058561,-0.000000
47,118,-195.058561,-0.000000
47,119,-195.058561,-0.000000
48,49,-195.058525,-0.000003
48,50,-195.058528,-0.000000
48,51,-195.058539,0.000000
48,52,-195.058543,-0.000000
48,53,-195.058535,0.000000
48,54,-195.058527,-0.000001
48,55,-195.058691,0.000000
48,56,-195.058609,0.000000
48,57,-195.058529,-0.000001
48,58,-195.058543,0.000000
48,59,-195.058567,-0.000001
48,60,-195.058601,-0.000000
48,61,-195.058640,-0.000000
48,62,-195.058567,0.000000
48,63,-195.058586,0.000000
48,64,-195.058532,-0.000002
48,65,-195.058542,-0.000003
48,66,-195.058548,-0.000003
48,67,-195.058531,-0.000001
48,68,-195.058575,-0.000000
48,69,-195.058523,-0.000001
48,70,-195.058525,-0.000000
48,71,-195.058564,0.000000
48,72,-195.058551,-0.000000
48,73,-195.058520,-0.000000
48,74,-195.058554,-0.000000
48,75,-195.058554,0.000000
48,76,-195.058550,0.000000
48,77,-195.058521,-0.000000
48,78,-195.058525,0.000000
48,79,-195.058522,0.000000
48,80,-195.058557,0.000000
48,81,-195.058543,0.000000
48,82,-195.058532,-0.000000
48,83,-195.058523,0.000000
48,84,-195.058528,0.000000
48,85,-195.058525,-0.000000
48,86,-195.058522,-0.000000
48,87,-195.058524,-0.000000
48,88,-195.058523,0.000000
48,89,-195.058526,-0.000001
48,90,-195.058522,-0.000000
48,91,-195.058556,0.000000
48,92,-195.058523,0.000000
48,93,-195.058528,0.000000
48,94,-195.058524,-0.000000
48,95,-195.058524,0.000000
48,96,-195.058539,-0.000001
48,97,-195.058528,-0.000000
48,98,-195.058526,0.000000
48,99,-195.058527,0.000000
48,100,-195.058527,-0.000001
48,101,-195.058521,-0.000000
48,102,-195.058527,0.000000
48,103,-195.058520,0.000000
48,104,-195.058520,0.000000
48,105,-195.058519,0.000000
48,106,-195.058521,0.000000
48,107,-195.058522,-0.000000
48,108,-195.058521,-0.000000
48,109,-195.058519,-0.000000
48,110,-195.058519,-0.000000
48,111,-195.058522,0.000000
48,112,-195.058520,0.000000
48,113,-195.058522,-0.000000
48,114,-195.058520,-0.000000
48,115,-195.058525,-0.000000
48,116,-195.058520,-0.000000
48,117,-195.058520,-0.000000
48,118,-195.058520,-0.000000
48,119,-195.058520,-0.000000
49,50,-195.058508,-0.000000
49,51,-195.058519,0.000000
49,52,-195.058523,-0.000001
49,53,-195.058516,-0.000001
49,54,-195.058506,-0.000000
49,55,-195.058671,-0.000000
49,56,-195.058589,-0.000000
49,57,-195.058508,0.000000
49,58,-195.058523,-0.000000
49,59,-195.058546,-0.000001
49,60,-195.058581,-0.000001
49,61,-195.058620,-0.000000
49,62,-195.058547,-0.000000
49,63,-195.058566,-0.000000
49,64,-195.058509,-0.000000
49,65,-195.058518,-0.000000
49,66,-195.058525,-0.000000
49,67,-195.058510,-0.000000
49,68,-195.058554,-0.000000
49,69,-195.058502,-0.000000
49,70,-195.058504,-0.000000
49,71,-195.058544,-0.000001
49,72,-195.058530,-0.000000
49,73,-195.058500,-0.000000
49,74,-195.058534,-0.000000
49,75,-195.058534,-0.000000
49,76,-195.058530,-0.000000
49,77,-195.058500,-0.000000
49,78,-195.058505,-0.000000
49,79,-195.058501,-0.000000
49,80,-195.058536,0.000000
49,81,-195.058523,0.000000
49,82,-195.058511,-0.000000
49,83,-195.058503,0.000000
49,84,-195.058508,-0.000000
49,85,-195.058504,0.000000
49,86,-195.058501,0.000000
49,87,-195.058504,-0.000000
49,88,-195.058503,-0.000000
49,89,-195.058505,-0.000000
49,90,-195.058501,-0.000000
49,91,-195.058536,0.000000
49,92,-195.058503,-0.000000
49,93,-195.058508,-0.000000
49,94,-195.058504,-0.000000
49,95,-195.058504,-0.000000
49,96,-195.058518,-0.000000
49,97,-195.058507,-0.000000
49,98,-195.058506,-0.000000
49,99,-195.058507,-0.000000
49,100,-195.058505,-0.000000
49,101,-195.058500,0.000000
49,102,-195.058506,-0.000000
49,103,-195.058500,-0.000000
49,104,-195.058500,0.000000
49,105,-195.058499,-0.000000
49,106,-195.058500,-0.000000
49,107,-195.058502,-0.000000
49,108,-195.058501,-0.000000
49,109,-195.058499,-0.000000
49,110,-195.058499,-0.000000
49,111,-195.058501,0.000000
49,112,-195.058500,-0.000000
49,113,-195.058501,-0.000000
49,114,-195.058499,0.000000
49,115,-195.058504,-0.000000
49,116,-195.058500,0.000000
49,117,-195.058499,-0.000000
49,118,-195.058499,-0.000000
49,119,-195.058499,-0.000000
50,51,-195.058524,0.000000
50,52,-195.058528,-0.000000
50,53,-195.058521,-0.000000
50,54,-195.058512,-0.000001
50,55,-195.058676,-0.000000
50,56,-195.058594,-0.000000
50,57,-195.058513,-0.000000
50,58,-195.058528,-0.000000
50,59,-195.058551,-0.000000
50,60,-195.058587,-0.000001
50,61,-195.058625,0.000000
50,62,-195.058552,0.000000
50,63,-195.058571,-0.000000
50,64,-195.058515,-0.000000
50,65,-195.058524,-0.000001
50,66,-195.058531,-0.000001
50,67,-195.058515,0.000000
50,68,-195.058561,-0.000001
50,69,-195.058508,-0.000000
50,70,-195.058510,-0.000000
50,71,-195.058551,-0.000002
50,72,-195.058535,0.000000
50,73,-195.058505,-0.000000
50,74,-195.058539,-0.000000
50,75,-195.058540,-0.000001
50,76,-195.058536,-0.000001
50,77,-195.058506,-0.000000
50,78,-195.058510,0.000000
50,79,-195.058507,-0.000000
50,80,-195.058542,-0.000000
50,81,-195.058528,0.000000
50,82,-195.058516,-0.000000
50,83,-195.058508,0.000000
50,84,-195.058513,0.000000
50,85,-195.058510,-0.000000
50,86,-195.058507,0.000000
50,87,-195.058509,-0.000000
50,88,-195.058508,0.000000
50,89,-195.058511,0.000000
50,90,-195.058507,0.000000
50,91,-195.058541,-0.000000
50,92,-195.058508,-0.000000
50,93,-195.058514,-0.000001
50,94,-195.058509,-0.000000
50,95,-195.058509,-0.000000
50,96,-195.058523,-0.000000
50,97,-195.058512,0.000000
50,98,-195.058511,-0.000000
50,99,-195.058512,-0.000000
50,100,-195.058511,-0.000000
50,101,-195.058506,-0.000000
50,102,-195.058512,-0.000000
50,103,-195.058505,-0.000000
50,104,-195.058505,-0.000000
50,105,-195.058504,-0.000000
50,106,-195.058506,-0.000000
50,107,-195.058507,-0.000000
50,108,-195.058506,-0.000000
50,109,-195.058504,0.000000
50,110,-195.058504,0.000000
50,111,-195.058506,0.000000
50,112,-195.058505,0.000000
50,113,-195.058507,0.000000
50,114,-195.058504,-0.000000
50,115,-195.058510,-0.000000
50,116,-195.058505,-0.000000
50,117,-195.058505,-0.000000
50,118,-195.058505,-0.000000
50,119,-195.058504,-0.000000
51,52,-195.058540,-0.000001
51,53,-195.058535,-0.000004
51,54,-195.058522,-0.000000
51,55,-195.058689,-0.000002
51,56,-195.058606,-0.000001
51,57,-195.058525,0.000000
51,58,-195.058539,0.000000
51,59,-195.058565,-0.000003
51,60,-195.058598,-0.000001
51,61,-195.058636,0.000000
51,62,-195.058564,-0.000000
51,63,-195.058583,0.000000
51,64,-195.058526,-0.000000
51,65,-195.058535,-0.000000
51,66,-195.058542,0.000000
51,67,-195.058527,-0.000001
51,68,-195.058571,-0.000000
51,69,-195.058519,-0.000000
51,70,-195.058521,0.000000
51,71,-195.058561,-0.000001
51,72,-195.058547,0.000000
51,73,-195.058516,0.000000
51,74,-195.058551,-0.000000
51,75,-195.058552,-0.000001
51,76,-195.058547,-0.000000
51,77,-195.058517,-0.000000
51,78,-195.058522,-0.000000
51,79,-195.058518,-0.000000
51,80,-195.058553,-0.000000
51,81,-195.058539,0.000000
51,82,-195.058528,-0.000000
51,83,-195.058519,0.000000
51,84,-195.058525,-0.000000
51,85,-195.058521,-0.000000
51,86,-195.058518,0.000000
51,87,-195.058521,-0.000000
51,88,-195.058520,-0.000000
51,89,-195.058522,0.000000
51,90,-195.058518,0.000000
51,91,-195.058553,-0.000000
51,92,-195.058519,0.000000
51,93,-195.058525,-0.000000
51,94,-195.058521,-0.000000
51,95,-195.058520,-0.000000
51,96,-195.058535,-0.000000
51,97,-195.058524,-0.000000
51,98,-195.058523,-0.000000
51,99,-195.058524,0.000000
51,100,-195.058522,-0.000000
51,101,-195.058517,-0.000000
51,102,-195.058523,-0.000000
51,103,-195.058517,0.000000
51,104,-195.058517,-0.000000
51,105,-195.058516,0.000000
51,106,-195.058517,-0.000000
51,107,-195.058518,-0.000000
51,108,-195.058517,0.000000
51,109,-195.058516,-0.000000
51,110,-195.058515,-0.000000
51,111,-195.058518,-0.000000
51,112,-195.058516,0.000000
51,113,-195.058518,-0.000000
51,114,-195.058516,-0.000000
51,115,-195.058521,-0.000000
51,116,-195.058516,0.000000
51,117,-195.058516,0.000000
51,118,-195.058516,0.000000
51,119,-195.058516,-0.000000
52,53,-195.058537,-0.000002
52,54,-195.058527,-0.000001
52,55,-195.058695,-0.000004
52,56,-195.058609,-0.000000
52,57,-195.058528,0.000000
52,58,-195.058543,0.000000
52,59,-195.058566,-0.000000
52,60,-195.058602,-0.000001
52,61,-195.058640,0.000000
52,62,-195.058568,-0.000000
52,63,-195.058586,0.000000
52,64,-195.058530,-0.000000
52,65,-195.058539,-0.000001
52,66,-195.058545,-0.000000
52,67,-195.058530,-0.000000
52,68,-195.058574,0.000000
52,69,-195.058522,0.000000
52,70,-195.058525,-0.000000
52,71,-195.058564,-0.000000
52,72,-195.058550,0.000000
52,73,-195.058520,-0.000000
52,74,-195.058555,-0.000000
52,75,-195.058554,-0.000000
52,76,-195.058550,-0.000000
52,77,-195.058520,-0.000000
52,78,-195.058525,-0.000000
52,79,-195.058522,0.000000
52,80,-195.058557,-0.000000
52,81,-195.058543,-0.000000
52,82,-195.058531,0.000000
52,83,-195.058523,0.000000
52,84,-195.058528,-0.000000
52,85,-195.058524,0.000000
52,86,-195.058522,-0.000000
52,87,-195.058524,0.000000
52,88,-195.058523,-0.000000
52,89,-195.058526,-0.000000
52,90,-195.058522,-0.000000
52,91,-195.058556,-0.000000
52,92,-195.058523,0.000000
52,93,-195.058528,-0.000000
52,94,-195.058524,0.000000
52,95,-195.058524,0.000000
52,96,-195.058538,-0.000000
52,97,-195.058527,0.000000
52,98,-195.058526,-0.000000
52,99,-195.058527,-0.000000
52,100,-195.058525,-0.000000
52,101,-195.058521,-0.000000
52,102,-195.058526,0.000000
52,103,-195.058520,0.000000
52,104,-195.058520,0.000000
52,105,-195.058519,-0.000000
52,106,-195.058520,0.000000
52,107,-195.058522,-0.000000
52,108,-195.058521,-0.000000
52,109,-195.058519,-0.000000
52,110,-195.058519,-0.000000
52,111,-195.058521,-0.000000
52,112,-195.058520,-0.000000
52,113,-195.058522,-0.000000
52,114,-195.058519,-0.000000
52,115,-195.058525,-0.000000
52,116,-195.058520,-0.000000
52,117,-195.058520,0.000000
52,118,-195.058520,0.000000
52,119,-195.058519,0.000000
53,54,-195.058520,-0.000001
53,55,-195.058686,-0.000002
53,56,-195.058603,-0.000001
53,57,-195.058521,-0.000000
53,58,-195.058535,0.000000
53,59,-195.058561,-0.000003
53,60,-195.058593,0.000000
53,61,-195.058635,-0.000003
53,62,-195.058561,-0.000001
53,63,-195.058579,-0.000000
53,64,-195.058522,-0.000000
53,65,-195.058531,0.000000
53,66,-195.058538,-0.000000
53,67,-195.058523,-0.000000
53,68,-195.058567,-0.000000
53,69,-195.058515,0.000000
53,70,-195.058517,0.000000
53,71,-195.058559,-0.000002
53,72,-195.058543,-0.000000
53,73,-195.058512,0.000000
53,74,-195.058548,-0.000001
53,75,-195.058548,-0.000002
53,76,-195.058543,-0.000000
53,77,-195.058513,-0.000000
53,78,-195.058518,0.000000
53,79,-195.058514,-0.000000
53,80,-195.058549,0.000000
53,81,-195.058536,-0.000000
53,82,-195.058524,-0.000000
53,83,-195.058516,0.000000
53,84,-195.058521,-0.000000
53,85,-195.058517,-0.000000
53,86,-195.058514,0.000000
53,87,-195.058517,-0.000000
53,88,-195.058516,-0.000000
53,89,-195.058518,0.000000
53,90,-195.058514,-0.000000
53,91,-195.058549,-0.000001
53,92,-195.058516,-0.000000
53,93,-195.058521,0.000000
53,94,-195.058517,-0.000000
53,95,-195.058517,0.000000
53,96,-195.058531,-0.000001
53,97,-195.058520,-0.000000
53,98,-195.058519,0.000000
53,99,-195.058520,0.000000
53,100,-195.058518,-0.000000
53,101,-195.058513,-0.000000
53,102,-195.058519,0.000000
53,103,-195.058513,-0.000000
53,104,-195.058513,0.000000
53,105,-195.058512,0.000000
53,106,-195.058513,-0.000000
53,107,-195.058514,-0.000000
53,108,-195.058514,-0.000000
53,109,-195.058512,0.000000
53,110,-195.058512,-0.000000
53,111,-195.058514,-0.000000
53,112,-195.058513,0.000000
53,113,-195.058514,-0.000000
53,114,-195.058512,0.000000
53,115,-195.058517,0.000000
53,116,-195.058513,-0.000000
53,117,-195.058512,-0.000000
53,118,-195.058512,-0.000000
53,119,-195.058512,0.000000
54,55,-195.058677,-0.000003
54,56,-195.058592,0.000000
54,57,-195.058511,0.000000
54,58,-195.058527,-0.000001
54,59,-195.058550,-0.000002
54,60,-195.058586,-0.000002
54,61,-195.058623,-0.000000
54,62,-195.058551,-0.000000
54,63,-195.058571,-0.000001
54,64,-195.058513,-0.000000
54,65,-195.058522,-0.000000
54,66,-195.058528,-0.000000
54,67,-195.058513,-0.000000
54,68,-195.058558,-0.000001
54,69,-195.058506,-0.000000
54,70,-195.058508,-0.000000
54,71,-195.058547,-0.000000
54,72,-195.058533,-0.000000
54,73,-195.058503,0.000000
54,74,-195.058538,-0.000000
54,75,-195.058538,-0.000000
54,76,-195.058533,0.000000
54,77,-195.058504,0.000000
54,78,-195.058508,0.000000
54,79,-195.058505,-0.000000
54,80,-195.058540,-0.000000
54,81,-195.058526,-0.000000
54,82,-195.058514,0.000000
54,83,-195.058506,-0.000000
54,84,-195.058511,-0.000000
54,85,-195.058508,-0.000000
54,86,-195.058505,-0.000000
54,87,-195.058507,-0.000000
54,88,-195.058506,0.000000
54,89,-195.058509,0.000000
54,90,-195.058505,-0.000000
54,91,-195.058539,-0.000000
54,92,-195.058506,0.000000
54,93,-195.058511,0.000000
54,94,-195.058507,-0.000000
54,95,-195.058507,-0.000000
54,96,-195.058521,-0.000000
54,97,-195.058511,-0.000000
54,98,-195.058509,0.000000
54,99,-195.058510,0.000000
54,100,-195.058508,0.000000
54,101,-195.058504,0.000000
54,102,-195.058510,-0.000000
54,103,-195.058504,-0.000000
54,104,-195.058503,-0.000000
54,105,-195.058502,-0.000000
54,106,-195.058504,-0.000000
54,107,-195.058505,-0.000000
54,108,-195.058504,-0.000000
54,109,-195.058502,-0.000000
54,110,-195.058502,0.000000
54,111,-195.058505,-0.000000
54,112,-195.058503,-0.000000
54,113,-195.058505,0.000000
54,114,-195.058502,0.000000
54,115,-195.058508,-0.000000
54,116,-195.058503,0.000000
54,117,-195.058503,0.000000
54,118,-195.058503,0.000000
54,119,-195.058502,0.000000
55,56,-195.058760,-0.000003
55,57,-195.058677,-0.000000
55,58,-195.058691,0.000000
55,59,-195.058714,-0.000000
55,60,-195.058752,-0.000004
55,61,-195.058788,0.000000
55,62,-195.058717,-0.000001
55,63,-195.058734,0.000000
55,64,-195.058678,0.000000
55,65,-195.058687,-0.000000
55,66,-195.058693,0.000000
55,67,-195.058680,-0.000001
55,68,-195.058723,-0.000000
55,69,-195.058671,0.000000
55,70,-195.058673,-0.000000
55,71,-195.058712,0.000000
55,72,-195.058699,-0.000000
55,73,-195.058668,-0.000000
55,74,-195.058704,-0.000001
55,75,-195.058703,-0.000001
55,76,-195.058699,-0.000001
55,77,-195.058669,-0.000000
55,78,-195.058673,0.000000
55,79,-195.058670,0.000000
55,80,-195.058705,-0.000000
55,81,-195.058691,0.000000
55,82,-195.058680,-0.000000
55,83,-195.058671,-0.000000
55,84,-195.058677,-0.000000
55,85,-195.058673,-0.000000
55,86,-195.058670,0.000000
55,87,-195.058673,-0.000000
55,88,-195.058672,0.000000
55,89,-195.058674,0.000000
55,90,-195.058670,-0.000000
55,91,-195.058705,-0.000000
55,92,-195.058672,-0.000001
55,93,-195.058677,0.000000
55,94,-195.058672,-0.000000
55,95,-195.058672,-0.000000
55,96,-195.058687,-0.000000
55,97,-195.058676,-0.000000
55,98,-195.058675,-0.000000
55,99,-195.058676,-0.000000
55,100,-195.058674,0.000000
55,101,-195.058669,-0.000000
55,102,-195.058675,-0.000000
55,103,-195.058669,-0.000001
55,104,-195.058669,-0.000000
55,105,-195.058668,-0.000000
55,106,-195.058669,0.000000
55,107,-195.058670,-0.000000
55,108,-195.058669,-0.000000
55,109,-195.058668,-0.000000
55,110,-195.058667,-0.000000
55,111,-195.058670,-0.000000
55,112,-195.058669,-0.000000
55,113,-195.058670,-0.000000
55,114,-195.058667,-0.000000
55,115,-195.058674,-0.000001
55,116,-195.058668,0.000000
55,117,-195.058668,0.000000
55,118,-195.058668,-0.000000
55,119,-195.058668,-0.000000
56,57,-195.058594,0.000000
56,58,-195.058609,-0.000000
56,59,-195.058632,-0.000000
56,60,-195.058667,-0.000000
56,61,-195.058710,-0.000004
56,62,-195.058634,-0.000000
56,63,-195.058653,-0.000001
56,64,-195.058596,-0.000000
56,65,-195.058605,0.000000
56,66,-195.058611,0.000000
56,67,-195.058597,-0.000001
56,68,-195.058641,-0.000001
56,69,-195.058589,-0.000000
56,70,-195.058591,-0.000000
56,71,-195.058631,-0.000000
56,72,-195.058617,-0.000000
56,73,-195.058586,-0.000000
56,74,-195.058620,0.000000
56,75,-195.058620,0.000000
56,76,-195.058617,-0.000001
56,77,-195.058587,0.000000
56,78,-195.058591,0.000000
56,79,-195.058588,-0.000000
56,80,-195.058624,-0.000001
56,81,-195.058610,-0.000000
56,82,-195.058598,-0.000000
56,83,-195.058589,-0.000000
56,84,-195.058594,0.000000
56,85,-195.058591,0.000000
56,86,-195.058588,-0.000000
56,87,-195.058590,0.000000
56,88,-195.058590,-0.000000
56,89,-195.058592,-0.000000
56,90,-195.058588,-0.000000
56,91,-195.058622,-0.000000
56,92,-195.058590,-0.000001
56,93,-195.058595,-0.000000
56,94,-195.058590,-0.000000
56,95,-195.058590,-0.000000
56,96,-195.058605,-0.000000
56,97,-195.058594,-0.000000
56,98,-195.058593,-0.000000
56,99,-195.058594,-0.000000
56,100,-195.058592,-0.000000
56,101,-195.058587,-0.000000
56,102,-195.058593,-0.000000
56,103,-195.058587,-0.000000
56,104,-195.058587,-0.000000
56,105,-195.058586,-0.000000
56,106,-195.058587,0.000000
56,107,-195.058588,-0.000000
56,108,-195.058587,-0.000000
56,109,-195.058585,0.000000
56,110,-195.058585,0.000000
56,111,-195.058588,0.000000
56,112,-195.058587,-0.000000
56,113,-195.058588,-0.000000
56,114,-195.058585,-0.000000
56,115,-195.058592,-0.000001
56,116,-195.058586,0.000000
56,117,-195.058586,0.000000
56,118,-195.058586,0.000000
56,119,-195.058586,-0.000000
57,58,-195.058528,0.000000
57,59,-195.058551,0.000000
57,60,-195.058586,-0.000000
57,61,-195.058626,-0.000000
57,62,-195.058554,-0.000001
57,63,-195.058572,0.000000
57,64,-195.058515,0.000000
57,65,-195.058524,-0.000000
57,66,-195.058531,-0.000000
57,67,-195.058516,0.000000
57,68,-195.058561,-0.000001
57,69,-195.058508,-0.000000
57,70,-195.058510,-0.000000
57,71,-195.058550,-0.000000
57,72,-195.058536,0.000000
57,73,-195.058505,-0.000000
57,74,-195.058540,-0.000000
57,75,-195.058540,0.000000
57,76,-195.058535,-0.000000
57,77,-195.058506,-0.000000
57,78,-195.058511,-0.000000
57,79,-195.058507,-0.000000
57,80,-195.058542,0.000000
57,81,-195.058529,-0.000000
57,82,-195.058517,-0.000000
57,83,-195.058509,-0.000000
57,84,-195.058514,-0.000000
57,85,-195.058510,-0.000000
57,86,-195.058507,-0.000000
57,87,-195.058510,-0.000000
57,88,-195.058509,-0.000000
57,89,-195.058511,-0.000000
57,90,-195.058507,-0.000000
57,91,-195.058542,0.000000
57,92,-195.058509,-0.000000
57,93,-195.058514,-0.000000
57,94,-195.058510,0.000000
57,95,-195.058510,-0.000000
57,96,-195.058524,-0.000000
57,97,-195.058513,0.000000
57,98,-195.058512,0.000000
57,99,-195.058513,0.000000
57,100,-195.058511,-0.000000
57,101,-195.058506,-0.000000
57,102,-195.058512,0.000000
57,103,-195.058506,-0.000000
57,104,-195.058506,0.000000
57,105,-195.058505,0.000000
57,106,-195.058506,0.000000
57,107,-195.058507,-0.000000
57,108,-195.058506,0.000000
57,109,-195.058505,-0.000000
57,110,-195.058504,0.000000
57,111,-195.058507,-0.000000
57,112,-195.058506,-0.000000
57,113,-195.058507,-0.000000
57,114,-195.058505,-0.000000
57,115,-195.058510,-0.000000
57,116,-195.058506,-0.000000
57,117,-195.058505,-0.000000
57,118,-195.058505,-0.000000
57,119,-195.058505,-0.000000
58,59,-195.058566,-0.000000
58,60,-195.058600,0.000000
58,61,-195.058640,0.000000
58,62,-195.058567,-0.000000
58,63,-195.058586,0.000000
58,64,-195.058530,-0.000000
58,65,-195.058539,-0.000000
58,66,-195.058545,-0.000000
58,67,-195.058531,-0.000001
58,68,-195.058577,-0.000003
58,69,-195.058523,-0.000000
58,70,-195.058527,-0.000002
58,71,-195.058565,-0.000001
58,72,-195.058551,-0.000001
58,73,-195.058520,-0.000000
58,74,-195.058554,0.000000
58,75,-195.058554,0.000000
58,76,-195.058550,-0.000000
58,77,-195.058521,-0.000000
58,78,-195.058525,0.000000
58,79,-195.058522,-0.000001
58,80,-195.058557,-0.000000
58,81,-195.058543,0.000000
58,82,-195.058531,-0.000000
58,83,-195.058523,-0.000000
58,84,-195.058528,0.000000
58,85,-195.058525,-0.000000
58,86,-195.058522,-0.000000
58,87,-195.058525,-0.000000
58,88,-195.058523,-0.000000
58,89,-195.058527,-0.000001
58,90,-195.058522,-0.000000
58,91,-195.058556,-0.000000
58,92,-195.058523,-0.000000
58,93,-195.058529,-0.000001
58,94,-195.058524,-0.000000
58,95,-195.058524,-0.000000
58,96,-195.058538,-0.000000
58,97,-195.058528,-0.000000
58,98,-195.058526,-0.000000
58,99,-195.058528,-0.000001
58,100,-195.058525,0.000000
58,101,-195.058521,-0.000000
58,102,-195.058527,-0.000000
58,103,-195.058520,0.000000
58,104,-195.058520,-0.000000
58,105,-195.058519,0.000000
58,106,-195.058521,-0.000000
58,107,-195.058522,-0.000000
58,108,-195.058521,-0.000000
58,109,-195.058519,-0.000000
58,110,-195.058519,-0.000000
58,111,-195.058522,-0.000000
58,112,-195.058520,0.000000
58,113,-195.058522,0.000000
58,114,-195.058519,-0.000000
58,115,-195.058525,-0.000000
58,116,-195.058520,0.000000
58,117,-195.058520,0.000000
58,118,-195.058520,-0.000000
58,119,-195.058519,-0.000000
59,60,-195.058624,-0.000001
59,61,-195.058663,-0.000000
59,62,-195.058590,-0.000000
59,63,-195.058609,0.000000
59,64,-195.058552,0.000000
59,65,-195.058561,0.000000
59,66,-195.058568,0.000000
59,67,-195.058553,0.000000
59,68,-195.058599,-0.000002
59,69,-195.058545,0.000000
59,70,-195.058549,-0.000001
59,71,-195.058587,0.000000
59,72,-195.058574,-0.000001
59,73,-195.058543,-0.000000
59,74,-195.058579,-0.000002
59,75,-195.058577,-0.000000
59,76,-195.058573,-0.000000
59,77,-195.058543,-0.000000
59,78,-195.058548,0.000000
59,79,-195.058544,0.000000
59,80,-195.058579,0.000000
59,81,-195.058566,-0.000000
59,82,-195.058554,-0.000000
59,83,-195.058546,-0.000000
59,84,-195.058551,-0.000000
59,85,-195.058547,0.000000
59,86,-195.058544,-0.000000
59,87,-195.058547,0.000000
59,88,-195.058546,-0.000000
59,89,-195.058550,-0.000002
59,90,-195.058544,0.000000
59,91,-195.058579,-0.000000
59,92,-195.058546,-0.000001
59,93,-195.058552,-0.000001
59,94,-195.058547,-0.000000
59,95,-195.058547,-0.000000
59,96,-195.058561,0.000000
59,97,-195.058551,-0.000001
59,98,-195.058550,-0.000001
59,99,-195.058551,-0.000001
59,100,-195.058548,-0.000000
59,101,-195.058544,0.000000
59,102,-195.058549,-0.000000
59,103,-195.058543,0.000000
59,104,-195.058543,0.000000
59,105,-195.058542,-0.000000
59,106,-195.058543,-0.000000
59,107,-195.058545,0.000000
59,108,-195.058544,-0.000000
59,109,-195.058542,-0.000000
59,110,-195.058542,0.000000
59,111,-195.058544,-0.000000
59,112,-195.058543,-0.000000
59,113,-195.058545,-0.000000
59,114,-195.058542,-0.000000
59,115,-195.058548,-0.000000
59,116,-195.058543,-0.000000
59,117,-195.058542,0.000000
59,118,-195.058542,-0.000000
59,119,-195.058542,-0.000000
60,61,-195.058698,-0.000000
60,62,-195.058626,-0.000001
60,63,-195.058644,0.000000
60,64,-195.058587,-0.000000
60,65,-195.058596,0.000000
60,66,-195.058603,-0.000000
60,67,-195.058588,-0.000000
60,68,-195.058648,-0.000016
60,69,-195.058580,-0.000000
60,70,-195.058582,-0.000000
60,71,-195.058627,-0.000005
60,72,-195.058610,-0.000002
60,73,-195.058578,0.000000
60,74,-195.058612,-0.000000
60,75,-195.058615,-0.000003
60,76,-195.058609,-0.000001
60,77,-195.058578,-0.000000
60,78,-195.058583,0.000000
60,79,-195.058580,-0.000000
60,80,-195.058614,0.000000
60,81,-195.058601,-0.000001
60,82,-195.058589,0.000000
60,83,-195.058581,-0.000000
60,84,-195.058586,-0.000000
60,85,-195.058582,0.000000
60,86,-195.058579,-0.000000
60,87,-195.058582,-0.000000
60,88,-195.058581,-0.000000
60,89,-195.058583,0.000000
60,90,-195.058579,-0.000000
60,91,-195.058614,0.000000
60,92,-195.058582,-0.000001
60,93,-195.058587,-0.000001
60,94,-195.058583,-0.000001
60,95,-195.058582,-0.000000
60,96,-195.058599,-0.000003
60,97,-195.058585,-0.000000
60,98,-195.058584,0.000000
60,99,-195.058585,0.000000
60,100,-195.058583,-0.000000
60,101,-195.058578,0.000000
60,102,-195.058584,-0.000000
60,103,-195.058578,0.000000
60,104,-195.058578,-0.000000
60,105,-195.058577,-0.000000
60,106,-195.058579,-0.000001
60,107,-195.058580,-0.000001
60,108,-195.058579,-0.000001
60,109,-195.058577,-0.000000
60,110,-195.058577,-0.000000
60,111,-195.058580,-0.000001
60,112,-195.058578,-0.000000
60,113,-195.058579,-0.000000
60,114,-195.058577,0.000000
60,115,-195.058583,0.000000
60,116,-195.058578,-0.000000
60,117,-195.058577,0.000000
60,118,-195.058577,0.000000
60,119,-195.058577,0.000000
61,62,-195.058666,-0.000001
61,63,-195.058686,-0.000003
61,64,-195.058627,0.000000
61,65,-195.058635,0.000001
61,66,-195.058641,0.000002
61,67,-195.058628,-0.000000
61,68,-195.058672,-0.000001
61,69,-195.058622,-0.000002
61,70,-195.058622,0.000000
61,71,-195.058661,0.000000
61,72,-195.058651,-0.000004
61,73,-195.058617,-0.000000
61,74,-195.058651,0.000000
61,75,-195.058653,-0.000002
61,76,-195.058647,-0.000000
61,77,-195.058618,-0.000000
61,78,-195.058623,-0.000000
61,79,-195.058619,-0.000000
61,80,-195.058656,-0.000002
61,81,-195.058641,-0.000000
61,82,-195.058629,-0.000000
61,83,-195.058621,-0.000001
61,84,-195.058626,-0.000001
61,85,-195.058622,-0.000000
61,86,-195.058619,-0.000001
61,87,-195.058622,-0.000001
61,88,-195.058621,-0.000001
61,89,-195.058624,-0.000001
61,90,-195.058621,-0.000002
61,91,-195.058656,-0.000002
61,92,-195.058621,-0.000001
61,93,-195.058626,-0.000001
61,94,-195.058624,-0.000002
61,95,-195.058624,-0.000003
61,96,-195.058638,-0.000002
61,97,-195.058625,-0.000000
61,98,-195.058624,-0.000001
61,99,-195.058625,-0.000001
61,100,-195.058624,-0.000001
61,101,-195.058618,-0.000000
61,102,-195.058625,-0.000001
61,103,-195.058618,-0.000000
61,104,-195.058618,-0.000000
61,105,-195.058617,-0.000000
61,106,-195.058618,-0.000000
61,107,-195.058619,-0.000000
61,108,-195.058619,-0.000000
61,109,-195.058617,-0.000000
61,110,-195.058616,-0.000000
61,111,-195.058619,0.000000
61,112,-195.058617,0.000000
61,113,-195.058619,-0.000000
61,114,-195.058616,-0.000000
61,115,-195.058622,0.000000
61,116,-195.058617,0.000000
61,117,-195.058617,0.000000
61,118,-195.058617,0.000000
61,119,-195.058617,0.000000
62,63,-195.058613,-0.000002
62,64,-195.058556,-0.000002
62,65,-195.058563,-0.000001
62,66,-195.058572,-0.000002
62,67,-195.058555,-0.000000
62,68,-195.058602,-0.000003
62,69,-195.058547,-0.000000
62,70,-195.058550,-0.000001
62,71,-195.058590,-0.000001
62,72,-195.058579,-0.000004
62,73,-195.058544,0.000000
62,74,-195.058579,-0.000000
62,75,-195.058579,-0.000000
62,76,-195.058575,-0.000001
62,77,-195.058545,-0.000000
62,78,-195.058550,0.000000
62,79,-195.058546,0.000000
62,80,-195.058581,-0.000000
62,81,-195.058568,-0.000000
62,82,-195.058556,-0.000000
62,83,-195.058548,-0.000000
62,84,-195.058553,-0.000000
62,85,-195.058549,-0.000000
62,86,-195.058546,-0.000000
62,87,-195.058549,-0.000000
62,88,-195.058548,-0.000001
62,89,-195.058550,-0.000000
62,90,-195.058548,-0.000002
62,91,-195.058584,-0.000003
62,92,-195.058550,-0.000003
62,93,-195.058555,-0.000002
62,94,-195.058549,-0.000000
62,95,-195.058549,-0.000000
62,96,-195.058563,0.000000
62,97,-195.058552,0.000000
62,98,-195.058552,-0.000002
62,99,-195.058552,-0.000001
62,100,-195.058550,-0.000000
62,101,-195.058545,-0.000000
62,102,-195.058551,-0.000000
62,103,-195.058545,-0.000000
62,104,-195.058545,-0.000000
62,105,-195.058544,-0.000000
62,106,-195.058545,-0.000000
62,107,-195.058547,-0.000000
62,108,-195.058545,-0.000000
62,109,-195.058544,-0.000000
62,110,-195.058543,-0.000000
62,111,-195.058546,-0.000000
62,112,-195.058545,0.000000
62,113,-195.058546,-0.000000
62,114,-195.058544,-0.000000
62,115,-195.058549,-0.000000
62,116,-195.058545,-0.000000
62,117,-195.058544,0.000000
62,118,-195.058544,0.000000
62,119,-195.058544,-0.000000
63,64,-195.058573,-0.000000
63,65,-195.058582,0.000000
63,66,-195.058589,-0.000000
63,67,-195.058574,-0.000000
63,68,-195.058618,-0.000000
63,69,-195.058567,-0.000001
63,70,-195.058569,-0.000001
63,71,-195.058611,-0.000003
63,72,-195.058594,0.000000
63,73,-195.058563,-0.000000
63,74,-195.058600,-0.000002
63,75,-195.058598,-0.000000
63,76,-195.058593,0.000000
63,77,-195.058564,-0.000000
63,78,-195.058569,-0.000000
63,79,-195.058565,0.000000
63,80,-195.058601,-0.000001
63,81,-195.058587,-0.000000
63,82,-195.058575,-0.000001
63,83,-195.058566,-0.000000
63,84,-195.058572,-0.000000
63,85,-195.058568,-0.000000
63,86,-195.058565,-0.000000
63,87,-195.058570,-0.000003
63,88,-195.058567,-0.000001
63,89,-195.058570,-0.000001
63,90,-195.058566,-0.000001
63,91,-195.058601,-0.000001
63,92,-195.058566,-0.000000
63,93,-195.058575,-0.000003
63,94,-195.058568,-0.000000
63,95,-195.058567,0.000000
63,96,-195.058583,-0.000001
63,97,-195.058571,0.000000
63,98,-195.058570,-0.000000
63,99,-195.058571,-0.000001
63,100,-195.058570,-0.000001
63,101,-195.058564,-0.000000
63,102,-195.058570,0.000000
63,103,-195.058564,-0.000000
63,104,-195.058564,-0.000000
63,105,-195.058563,-0.000000
63,106,-195.058564,-0.000000
63,107,-195.058565,-0.000000
63,108,-195.058564,-0.000000
63,109,-195.058563,0.000000
63,110,-195.058562,0.000000
63,111,-195.058565,-0.000000
63,112,-195.058564,-0.000000
63,113,-195.058565,-0.000000
63,114,-195.058563,-0.000000
63,115,-195.058568,-0.000000
63,116,-195.058563,-0.000000
63,117,-195.058563,0.000000
63,118,-195.058563,0.000000
63,119,-195.058563,-0.000000
64,65,-195.058532,-0.000007
64,66,-195.058532,0.000000
64,67,-195.058517,0.000000
64,68,-195.058562,-0.000000
64,69,-195.058510,-0.000001
64,70,-195.058511,0.000000
64,71,-195.058551,0.000000
64,72,-195.058537,-0.000000
64,73,-195.058507,-0.000000
64,74,-195.058541,-0.000000
64,75,-195.058542,-0.000001
64,76,-195.058537,0.000000
64,77,-195.058507,-0.000000
64,78,-195.058512,0.000000
64,79,-195.058509,-0.000000
64,80,-195.058543,0.000000
64,81,-195.058530,-0.000000
64,82,-195.058518,-0.000000
64,83,-195.058510,0.000000
64,84,-195.058515,-0.000000
64,85,-195.058511,-0.000000
64,86,-195.058508,-0.000000
64,87,-195.058511,0.000000
64,88,-195.058510,-0.000000
64,89,-195.058513,-0.000001
64,90,-195.058509,-0.000001
64,91,-195.058544,-0.000001
64,92,-195.058510,-0.000000
64,93,-195.058516,-0.000001
64,94,-195.058511,0.000000
64,95,-195.058511,-0.000000
64,96,-195.058525,0.000000
64,97,-195.058514,0.000000
64,98,-195.058514,-0.000001
64,99,-195.058514,-0.000000
64,100,-195.058513,-0.000001
64,101,-195.058508,-0.000000
64,102,-195.058513,-0.000000
64,103,-195.058507,-0.000000
64,104,-195.058507,-0.000000
64,105,-195.058506,-0.000000
64,106,-195.058507,0.000000
64,107,-195.058509,0.000000
64,108,-195.058508,0.000000
64,109,-195.058506,-0.000000
64,110,-195.058506,-0.000000
64,111,-195.058508,-0.000000
64,112,-195.058507,-0.000000
64,113,-195.058509,-0.000000
64,114,-195.058506,-0.000000
64,115,-195.058512,-0.000000
64,116,-195.058507,-0.000000
64,117,-195.058507,-0.000000
64,118,-195.058507,-0.000000
64,119,-195.058506,0.000000
65,66,-195.058540,0.000000
65,67,-195.058527,-0.000001
65,68,-195.058570,-0.000000
65,69,-195.058519,-0.000001
65,70,-195.058521,-0.000001
65,71,-195.058560,0.000000
65,72,-195.058546,-0.000000
65,73,-195.058516,-0.000000
65,74,-195.058551,-0.000001
65,75,-195.058551,-0.000001
65,76,-195.058546,-0.000000
65,77,-195.058516,-0.000000
65,78,-195.058521,0.000000
65,79,-195.058517,-0.000000
65,80,-195.058552,-0.000000
65,81,-195.058539,-0.000000
65,82,-195.058527,-0.000000
65,83,-195.058519,-0.000000
65,84,-195.058524,-0.000000
65,85,-195.058520,-0.000000
65,86,-195.058518,-0.000000
65,87,-195.058520,0.000000
65,88,-195.058519,-0.000000
65,89,-195.058526,-0.000004
65,90,-195.058518,-0.000001
65,91,-195.058553,-0.000001
65,92,-195.058519,-0.000001
65,93,-195.058524,-0.000000
65,94,-195.058520,-0.000000
65,95,-195.058521,-0.000001
65,96,-195.058534,0.000000
65,97,-195.058523,-0.000000
65,98,-195.058522,-0.000001
65,99,-195.058524,-0.000001
65,100,-195.058523,-0.000002
65,101,-195.058517,-0.000000
65,102,-195.058524,-0.000002
65,103,-195.058516,0.000000
65,104,-195.058516,-0.000000
65,105,-195.058515,-0.000000
65,106,-195.058516,0.000000
65,107,-195.058517,-0.000000
65,108,-195.058517,-0.000000
65,109,-195.058515,0.000000
65,110,-195.058515,0.000000
65,111,-195.058517,0.000000
65,112,-195.058516,0.000000
65,113,-195.058517,-0.000000
65,114,-195.058515,-0.000001
65,115,-195.058520,-0.000000
65,116,-195.058516,0.000000
65,117,-195.058515,-0.000000
65,118,-195.058515,0.000000
65,119,-195.058515,-0.000000
66,67,-195.058533,-0.000001
66,68,-195.058576,0.000000
66,69,-195.058525,-0.000000
66,70,-195.058527,0.000000
66,71,-195.058567,-0.000000
66,72,-195.058555,-0.000002
66,73,-195.058522,-0.000000
66,74,-195.058557,-0.000001
66,75,-195.058563,-0.000006
66,76,-195.058553,-0.000001
66,77,-195.058523,-0.000000
66,78,-195.058528,0.000000
66,79,-195.058524,0.000000
66,80,-195.058559,-0.000000
66,81,-195.058545,-0.000000
66,82,-195.058534,-0.000000
66,83,-195.058525,-0.000000
66,84,-195.058531,-0.000001
66,85,-195.058527,-0.000000
66,86,-195.058524,-0.000000
66,87,-195.058528,-0.000001
66,88,-195.058526,-0.000000
66,89,-195.058528,-0.000000
66,90,-195.058524,0.000000
66,91,-195.058560,-0.000001
66,92,-195.058525,-0.000000
66,93,-195.058532,-0.000002
66,94,-195.058529,-0.000002
66,95,-195.058527,-0.000000
66,96,-195.058541,0.000000
66,97,-195.058530,-0.000000
66,98,-195.058529,0.000000
66,99,-195.058530,-0.000000
66,100,-195.058530,-0.000002
66,101,-195.058523,-0.000000
66,102,-195.058530,-0.000001
66,103,-195.058523,-0.000000
66,104,-195.058523,-0.000000
66,105,-195.058522,0.000000
66,106,-195.058523,-0.000000
66,107,-195.058524,0.000000
66,108,-195.058523,0.000000
66,109,-195.058522,0.000000
66,110,-195.058521,-0.000000
66,111,-195.058524,-0.000000
66,112,-195.058522,0.000000
66,113,-195.058524,0.000000
66,114,-195.058522,-0.000000
66,115,-195.058527,-0.000000
66,116,-195.058522,-0.000000
66,117,-195.058522,-0.000000
66,118,-195.058522,-0.000000
66,119,-195.058522,0.000000
67,68,-195.058562,0.000000
67,69,-195.058510,-0.000000
67,70,-195.058512,-0.000000
67,71,-195.058551,-0.000000
67,72,-195.058538,-0.000000
67,73,-195.058507,-0.000000
67,74,-195.058542,-0.000000
67,75,-195.058542,-0.000000
67,76,-195.058538,-0.000001
67,77,-195.058508,-0.000000
67,78,-195.058512,0.000000
67,79,-195.058509,-0.000000
67,80,-195.058544,-0.000000
67,81,-195.058530,-0.000000
67,82,-195.058518,0.000000
67,83,-195.058510,-0.000000
67,84,-195.058515,0.000000
67,85,-195.058512,0.000000
67,86,-195.058509,-0.000000
67,87,-195.058511,-0.000000
67,88,-195.058511,0.000000
67,89,-195.058513,0.000000
67,90,-195.058509,-0.000000
67,91,-195.058543,0.000000
67,92,-195.058510,0.000000
67,93,-195.058516,-0.000000
67,94,-195.058512,-0.000000
67,95,-195.058511,-0.000000
67,96,-195.058526,-0.000000
67,97,-195.058515,-0.000000
67,98,-195.058513,0.000000
67,99,-195.058515,-0.000000
67,100,-195.058513,-0.000001
67,101,-195.058508,-0.000000
67,102,-195.058514,0.000000
67,103,-195.058508,-0.000000
67,104,-195.058507,-0.000000
67,105,-195.058506,-0.000000
67,106,-195.058508,-0.000000
67,107,-195.058509,0.000000
67,108,-195.058508,-0.000000
67,109,-195.058507,-0.000000
67,110,-195.058506,-0.000000
67,111,-195.058509,0.000000
67,112,-195.058507,0.000000
67,113,-195.058509,-0.000000
67,114,-195.058506,-0.000000
67,115,-195.058512,-0.000000
67,116,-195.058507,-0.000000
67,117,-195.058507,0.000000
67,118,-195.058507,0.000000
67,119,-195.058507,-0.000000
68,69,-195.058554,0.000000
68,70,-195.058556,0.000000
68,71,-195.058597,-0.000001
68,72,-195.058584,-0.000002
68,73,-195.058552,-0.000000
68,74,-195.058592,-0.000006
68,75,-195.058589,-0.000003
68,76,-195.058584,-0.000003
68,77,-195.058552,-0.000000
68,78,-195.058557,-0.000000
68,79,-195.058554,-0.000001
68,80,-195.058588,-0.000000
68,81,-195.058575,0.000000
68,82,-195.058563,-0.000000
68,83,-195.058555,-0.000000
68,84,-195.058560,-0.000000
68,85,-195.058556,-0.000000
68,86,-195.058553,-0.000000
68,87,-195.058556,-0.000000
68,88,-195.058555,0.000000
68,89,-195.058557,0.000000
68,90,-195.058554,-0.000000
68,91,-195.058588,-0.000001
68,92,-195.058554,-0.000000
68,93,-195.058560,-0.000000
68,94,-195.058556,-0.000000
68,95,-195.058556,-0.000000
68,96,-195.058570,-0.000000
68,97,-195.058559,-0.000000
68,98,-195.058558,-0.000000
68,99,-195.058559,-0.000000
68,100,-195.058557,-0.000000
68,101,-195.058553,-0.000000
68,102,-195.058559,-0.000001
68,103,-195.058552,-0.000000
68,104,-195.058552,-0.000000
68,105,-195.058551,0.000000
68,106,-195.058552,-0.000000
68,107,-195.058554,-0.000000
68,108,-195.058553,-0.000000
68,109,-195.058551,-0.000000
68,110,-195.058551,-0.000000
68,111,-195.058553,-0.000000
68,112,-195.058552,-0.000000
68,113,-195.058553,0.000000
68,114,-195.058551,0.000000
68,115,-195.058557,-0.000001
68,116,-195.058552,0.000000
68,117,-195.058551,-0.000000
68,118,-195.058551,0.000000
68,119,-195.058551,-0.000000
69,70,-195.058505,-0.000001
69,71,-195.058546,-0.000002
69,72,-195.058530,-0.000000
69,73,-195.058499,0.000000
69,74,-195.058534,-0.000000
69,75,-195.058534,-0.000000
69,76,-195.058530,-0.000001
69,77,-195.058500,-0.000000
69,78,-195.058505,0.000000
69,79,-195.058502,-0.000000
69,80,-195.058536,-0.000000
69,81,-195.058523,-0.000000
69,82,-195.058511,-0.000000
69,83,-195.058503,-0.000000
69,84,-195.058508,0.000000
69,85,-195.058504,0.000000
69,86,-195.058501,0.000000
69,87,-195.058504,-0.000000
69,88,-195.058503,-0.000000
69,89,-195.058505,-0.000000
69,90,-195.058501,0.000000
69,91,-195.058536,0.000000
69,92,-195.058502,-0.000000
69,93,-195.058508,-0.000000
69,94,-195.058504,-0.000000
69,95,-195.058504,0.000000
69,96,-195.058518,-0.000001
69,97,-195.058507,0.000000
69,98,-195.058506,0.000000
69,99,-195.058507,0.000000
69,100,-195.058505,-0.000001
69,101,-195.058500,0.000000
69,102,-195.058506,-0.000000
69,103,-195.058500,-0.000000
69,104,-195.058500,0.000000
69,105,-195.058499,-0.000000
69,106,-195.058500,-0.000000
69,107,-195.058501,-0.000000
69,108,-195.058501,-0.000000
69,109,-195.058499,-0.000000
69,110,-195.058499,0.000000
69,111,-195.058501,-0.000000
69,112,-195.058500,-0.000000
69,113,-195.058501,-0.000000
69,114,-195.058499,-0.000000
69,115,-195.058504,-0.000000
69,116,-195.058500,-0.000000
69,117,-195.058499,0.000000
69,118,-195.058499,-0.000000
69,119,-195.058499,-0.000000
70,71,-195.058548,-0.000002
70,72,-195.058532,-0.000000
70,73,-195.058502,0.000000
70,74,-195.058536,-0.000000
70,75,-195.058536,0.000000
70,76,-195.058532,-0.000000
70,77,-195.058502,-0.000000
70,78,-195.058507,-0.000000
70,79,-195.058504,-0.000000
70,80,-195.058539,-0.000000
70,81,-195.058526,-0.000001
70,82,-195.058513,0.000000
70,83,-195.058505,-0.000000
70,84,-195.058511,-0.000001
70,85,-195.058506,-0.000000
70,86,-195.058504,-0.000000
70,87,-195.058506,-0.000000
70,88,-195.058505,-0.000000
70,89,-195.058508,-0.000001
70,90,-195.058503,0.000000
70,91,-195.058538,-0.000000
70,92,-195.058505,-0.000000
70,93,-195.058511,-0.000001
70,94,-195.058506,0.000000
70,95,-195.058506,-0.000000
70,96,-195.058520,-0.000000
70,97,-195.058509,-0.000000
70,98,-195.058508,-0.000000
70,99,-195.058510,-0.000001
70,100,-195.058507,0.000000
70,101,-195.058503,-0.000000
70,102,-195.058508,0.000000
70,103,-195.058502,-0.000000
70,104,-195.058502,-0.000000
70,105,-195.058501,0.000000
70,106,-195.058502,-0.000000
70,107,-195.058504,-0.000000
70,108,-195.058503,-0.000000
70,109,-195.058501,-0.000000
70,110,-195.058501,0.000000
70,111,-195.058503,-0.000000
70,112,-195.058502,-0.000000
70,113,-195.058503,0.000000
70,114,-195.058501,-0.000000
70,115,-195.058507,-0.000000
70,116,-195.058502,-0.000000
70,117,-195.058501,0.000000
70,118,-195.058501,-0.000000
70,119,-195.058501,-0.000000
71,72,-195.058572,-0.000000
71,73,-195.058541,-0.000000
71,74,-195.058577,-0.000002
71,75,-195.058576,-0.000001
71,76,-195.058576,-0.000004
71,77,-195.058542,-0.000000
71,78,-195.058547,-0.000000
71,79,-195.058544,-0.000001
71,80,-195.058578,-0.000000
71,81,-195.058566,-0.000002
71,82,-195.058553,-0.000001
71,83,-195.058545,-0.000000
71,84,-195.058550,-0.000000
71,85,-195.058546,-0.000000
71,86,-195.058543,0.000000
71,87,-195.058546,-0.000000
71,88,-195.058545,-0.000000
71,89,-195.058547,-0.000000
71,90,-195.058543,-0.000000
71,91,-195.058577,0.000000
71,92,-195.058545,-0.000001
71,93,-195.058550,-0.000000
71,94,-195.058547,-0.000001
71,95,-195.058546,-0.000000
71,96,-195.058560,-0.000001
71,97,-195.058549,0.000000
71,98,-195.058548,-0.000000
71,99,-195.058549,-0.000000
71,100,-195.058547,0.000000
71,101,-195.058542,-0.000000
71,102,-195.058548,-0.000000
71,103,-195.058542,-0.000000
71,104,-195.058542,-0.000000
71,105,-195.058541,-0.000000
71,106,-195.058542,-0.000000
71,107,-195.058544,-0.000001
71,108,-195.058542,-0.000000
71,109,-195.058541,-0.000000
71,110,-195.058540,0.000000
71,111,-195.058544,-0.000001
71,112,-195.058541,-0.000000
71,113,-195.058543,0.000000
71,114,-195.058540,0.000000
71,115,-195.058546,-0.000000
71,116,-195.058541,-0.000000
71,117,-195.058541,0.000000
71,118,-195.058541,-0.000000
71,119,-195.058541,-0.000000
72,73,-195.058527,0.000000
72,74,-195.058562,-0.000000
72,75,-195.058564,-0.000002
72,76,-195.058558,-0.000000
72,77,-195.058528,0.000000
72,78,-195.058533,0.000000
72,79,-195.058529,0.000000
72,80,-195.058565,-0.000001
72,81,-195.058551,-0.000000
72,82,-195.058539,-0.000000
72,83,-195.058533,-0.000003
72,84,-195.058536,0.000000
72,85,-195.058532,-0.000000
72,86,-195.058529,-0.000000
72,87,-195.058532,-0.000000
72,88,-195.058531,-0.000000
72,89,-195.058533,0.000000
72,90,-195.058529,-0.000000
72,91,-195.058563,0.000000
72,92,-195.058531,-0.000001
72,93,-195.058536,-0.000000
72,94,-195.058532,-0.000001
72,95,-195.058532,-0.000001
72,96,-195.058546,-0.000001
72,97,-195.058537,-0.000003
72,98,-195.058535,-0.000001
72,99,-195.058535,0.000000
72,100,-195.058533,-0.000000
72,101,-195.058529,-0.000001
72,102,-195.058534,-0.000000
72,103,-195.058529,-0.000002
72,104,-195.058528,0.000000
72,105,-195.058527,0.000000
72,106,-195.058528,-0.000000
72,107,-195.058530,-0.000000
72,108,-195.058529,-0.000000
72,109,-195.058527,-0.000000
72,110,-195.058526,-0.000000
72,111,-195.058529,0.000000
72,112,-195.058528,-0.000001
72,113,-195.058530,-0.000001
72,114,-195.058527,0.000000
72,115,-195.058533,-0.000000
72,116,-195.058527,0.000000
72,117,-195.058527,0.000000
72,118,-195.058527,-0.000000
72,119,-195.058527,-0.000000
73,74,-195.058532,-0.000001
73,75,-195.058531,-0.000000
73,76,-195.058527,-0.000000
73,77,-195.058498,0.000000
73,78,-195.058502,-0.000000
73,79,-195.058499,-0.000000
73,80,-195.058534,-0.000000
73,81,-195.058520,0.000000
73,82,-195.058508,-0.000000
73,83,-195.058500,-0.000000
73,84,-195.058505,-0.000000
73,85,-195.058502,0.000000
73,86,-195.058499,-0.000000
73,87,-195.058501,-0.000000
73,88,-195.058500,0.000000
73,89,-195.058503,-0.000000
73,90,-195.058499,0.000000
73,91,-195.058533,-0.000000
73,92,-195.058500,0.000000
73,93,-195.058505,-0.000000
73,94,-195.058501,-0.000000
73,95,-195.058501,-0.000000
73,96,-195.058515,0.000000
73,97,-195.058504,0.000000
73,98,-195.058503,-0.000000
73,99,-195.058504,-0.000000
73,100,-195.058502,-0.000000
73,101,-195.058498,-0.000000
73,102,-195.058503,-0.000000
73,103,-195.058497,0.000000
73,104,-195.058497,-0.000000
73,105,-195.058496,-0.000000
73,106,-195.058498,-0.000000
73,107,-195.058499,0.000000
73,108,-195.058498,-0.000000
73,109,-195.058496,-0.000000
73,110,-195.058496,0.000000
73,111,-195.058498,-0.000000
73,112,-195.058497,-0.000000
73,113,-195.058499,0.000000
73,114,-195.058496,-0.000000
73,115,-195.058502,-0.000000
73,116,-195.058497,0.000000
73,117,-195.058497,0.000000
73,118,-195.058497,-0.000000
73,119,-195.058496,-0.000000
74,75,-195.058566,-0.000000
74,76,-195.058561,-0.000000
74,77,-195.058532,0.000000
74,78,-195.058537,0.000000
74,79,-195.058535,-0.000002
74,80,-195.058569,-0.000001
74,81,-195.058554,0.000000
74,82,-195.058543,-0.000000
74,83,-195.058535,-0.000000
74,84,-195.058540,0.000000
74,85,-195.058536,-0.000000
74,86,-195.058533,-0.000000
74,87,-195.058536,-0.000001
74,88,-195.058535,-0.000001
74,89,-195.058537,-0.000000
74,90,-195.058533,-0.000000
74,91,-195.058568,-0.000001
74,92,-195.058534,-0.000000
74,93,-195.058540,0.000000
74,94,-195.058536,-0.000000
74,95,-195.058536,-0.000000
74,96,-195.058550,-0.000000
74,97,-195.058540,-0.000002
74,98,-195.058539,-0.000002
74,99,-195.058539,-0.000000
74,100,-195.058537,-0.000000
74,101,-195.058532,-0.000000
74,102,-195.058538,-0.000000
74,103,-195.058532,-0.000000
74,104,-195.058532,-0.000000
74,105,-195.058531,-0.000000
74,106,-195.058532,-0.000000
74,107,-195.058533,0.000000
74,108,-195.058533,-0.000000
74,109,-195.058531,-0.000000
74,110,-195.058530,-0.000000
74,111,-195.058533,-0.000000
74,112,-195.058532,-0.000000
74,113,-195.058533,-0.000000
74,114,-195.058530,0.000000
74,115,-195.058536,-0.000000
74,116,-195.058531,0.000000
74,117,-195.058531,0.000000
74,118,-195.058531,-0.000000
74,119,-195.058531,-0.000000
75,76,-195.058569,-0.000007
75,77,-195.058532,0.000000
75,78,-195.058537,-0.000000
75,79,-195.058533,-0.000000
75,80,-195.058568,-0.000000
75,81,-195.058555,-0.000000
75,82,-195.058543,-0.000000
75,83,-195.058534,-0.000000
75,84,-195.058540,-0.000001
75,85,-195.058537,-0.000001
75,86,-195.058533,0.000000
75,87,-195.058535,-0.000000
75,88,-195.058537,-0.000003
75,89,-195.058537,-0.000000
75,90,-195.058534,-0.000001
75,91,-195.058568,-0.000000
75,92,-195.058534,0.000000
75,93,-195.058540,-0.000001
75,94,-195.058536,-0.000000
75,95,-195.058537,-0.000002
75,96,-195.058550,-0.000000
75,97,-195.058539,-0.000000
75,98,-195.058538,-0.000000
75,99,-195.058539,-0.000000
75,100,-195.058537,-0.000000
75,101,-195.058532,-0.000000
75,102,-195.058539,-0.000001
75,103,-195.058532,-0.000001
75,104,-195.058532,-0.000000
75,105,-195.058531,-0.000000
75,106,-195.058533,-0.000001
75,107,-195.058534,-0.000001
75,108,-195.058532,0.000000
75,109,-195.058531,0.000000
75,110,-195.058530,0.000000
75,111,-195.058535,-0.000002
75,112,-195.058532,-0.000000
75,113,-195.058533,-0.000000
75,114,-195.058530,0.000000
75,115,-195.058537,-0.000000
75,116,-195.058531,-0.000000
75,117,-195.058531,-0.000000
75,118,-195.058531,-0.000000
75,119,-195.058531,0.000000
76,77,-195.058528,-0.000001
76,78,-195.058532,-0.000000
76,79,-195.058529,-0.000000
76,80,-195.058564,-0.000001
76,81,-195.058550,0.000000
76,82,-195.058538,0.000000
76,83,-195.058530,0.000000
76,84,-195.058535,-0.000000
76,85,-195.058532,-0.000000
76,86,-195.058529,-0.000000
76,87,-195.058531,0.000000
76,88,-195.058530,-0.000000
76,89,-195.058533,-0.000000
76,90,-195.058529,0.000000
76,91,-195.058563,-0.000000
76,92,-195.058530,0.000000
76,93,-195.058536,-0.000000
76,94,-195.058532,-0.000000
76,95,-195.058532,-0.000001
76,96,-195.058545,0.000000
76,97,-195.058535,-0.000001
76,98,-195.058533,0.000000
76,99,-195.058534,0.000000
76,100,-195.058532,-0.000000
76,101,-195.058528,-0.000000
76,102,-195.058534,-0.000000
76,103,-195.058527,-0.000000
76,104,-195.058527,-0.000000
76,105,-195.058526,-0.000000
76,106,-195.058528,-0.000000
76,107,-195.058529,-0.000000
76,108,-195.058528,-0.000000
76,109,-195.058526,0.000000
76,110,-195.058526,-0.000000
76,111,-195.058529,-0.000001
76,112,-195.058527,0.000000
76,113,-195.058529,-0.000000
76,114,-195.058526,-0.000000
76,115,-195.058532,-0.000000
76,116,-195.058527,-0.000000
76,117,-195.058527,-0.000000
76,118,-195.058527,-0.000000
76,119,-195.058526,-0.000000
77,78,-195.058503,0.000000
77,79,-195.058499,-0.000000
77,80,-195.058534,-0.000000
77,81,-195.058521,0.000000
77,82,-195.058509,0.000000
77,83,-195.058501,-0.000000
77,84,-195.058506,0.000000
77,85,-195.058502,-0.000000
77,86,-195.058499,-0.000000
77,87,-195.058502,0.000000
77,88,-195.058501,-0.000000
77,89,-195.058503,-0.000000
77,90,-195.058499,-0.000000
77,91,-195.058534,-0.000000
77,92,-195.058500,-0.000000
77,93,-195.058506,0.000000
77,94,-195.058502,-0.000000
77,95,-195.058502,-0.000000
77,96,-195.058516,-0.000000
77,97,-195.058505,-0.000000
77,98,-195.058504,0.000000
77,99,-195.058505,-0.000000
77,100,-195.058503,-0.000000
77,101,-195.058498,-0.000000
77,102,-195.058504,0.000000
77,103,-195.058498,-0.000000
77,104,-195.058498,0.000000
77,105,-195.058497,-0.000000
77,106,-195.058498,0.000000
77,107,-195.058500,0.000000
77,108,-195.058499,-0.000000
77,109,-195.058497,-0.000000
77,110,-195.058497,-0.000000
77,111,-195.058499,-0.000000
77,112,-195.058498,-0.000000
77,113,-195.058499,-0.000000
77,114,-195.058497,-0.000000
77,115,-195.058503,-0.000000
77,116,-195.058498,-0.000000
77,117,-195.058497,-0.000000
77,118,-195.058497,-0.000000
77,119,-195.058497,-0.000000
78,79,-195.058504,-0.000000
78,80,-195.058539,-0.000000
78,81,-195.058526,-0.000000
78,82,-195.058514,-0.000000
78,83,-195.058505,-0.000000
78,84,-195.058511,-0.000000
78,85,-195.058507,-0.000000
78,86,-195.058504,0.000000
78,87,-195.058506,-0.000000
78,88,-195.058506,0.000000
78,89,-195.058508,-0.000000
78,90,-195.058504,0.000000
78,91,-195.058538,-0.000000
78,92,-195.058505,0.000000
78,93,-195.058511,0.000000
78,94,-195.058507,-0.000000
78,95,-195.058506,0.000000
78,96,-195.058521,-0.000000
78,97,-195.058510,-0.000000
78,98,-195.058509,0.000000
78,99,-195.058510,-0.000000
78,100,-195.058508,0.000000
78,101,-195.058503,-0.000000
78,102,-195.058509,-0.000000
78,103,-195.058503,-0.000000
78,104,-195.058503,0.000000
78,105,-195.058502,-0.000000
78,106,-195.058503,-0.000000
78,107,-195.058504,-0.000000
78,108,-195.058503,0.000000
78,109,-195.058502,0.000000
78,110,-195.058501,0.000000
78,111,-195.058504,0.000000
78,112,-195.058502,-0.000000
78,113,-195.058504,-0.000000
78,114,-195.058501,-0.000000
78,115,-195.058507,-0.000000
78,116,-195.058502,-0.000000
78,117,-195.058502,-0.000000
78,118,-195.058502,0.000000
78,119,-195.058502,-0.000000
79,80,-195.058536,-0.000000
79,81,-195.058522,-0.000000
79,82,-195.058510,-0.000000
79,83,-195.058502,-0.000000
79,84,-195.058507,-0.000000
79,85,-195.058503,-0.000000
79,86,-195.058500,-0.000000
79,87,-195.058503,0.000000
79,88,-195.058502,-0.000000
79,89,-195.058504,-0.000000
79,90,-195.058500,-0.000000
79,91,-195.058535,-0.000000
79,92,-195.058502,-0.000000
79,93,-195.058507,0.000000
79,94,-195.058503,0.000000
79,95,-195.058503,-0.000000
79,96,-195.058517,0.000000
79,97,-195.058507,-0.000001
79,98,-195.058505,-0.000000
79,99,-195.058507,-0.000001
79,100,-195.058504,-0.000000
79,101,-195.058500,-0.000000
79,102,-195.058505,-0.000000
79,103,-195.058499,0.000000
79,104,-195.058499,0.000000
79,105,-195.058498,0.000000
79,106,-195.058499,-0.000000
79,107,-195.058501,-0.000000
79,108,-195.058500,-0.000000
79,109,-195.058498,-0.000000
79,110,-195.058498,-0.000000
79,111,-195.058500,-0.000000
79,112,-195.058499,0.000000
79,113,-195.058500,-0.000000
79,114,-195.058498,-0.000000
79,115,-195.058504,-0.000000
79,116,-195.058499,0.000000
79,117,-195.058498,-0.000000
79,118,-195.058498,-0.000000
79,119,-195.058498,-0.000000
80,81,-195.058557,-0.000000
80,82,-195.058545,0.000000
80,83,-195.058537,0.000000
80,84,-195.058542,-0.000000
80,85,-195.058538,0.000000
80,86,-195.058535,0.000000
80,87,-195.058538,-0.000000
80,88,-195.058537,-0.000000
80,89,-195.058540,0.000000
80,90,-195.058535,0.000000
80,91,-195.058570,-0.000000
80,92,-195.058537,-0.000000
80,93,-195.058542,-0.000000
80,94,-195.058539,-0.000001
80,95,-195.058538,-0.000000
80,96,-195.058553,-0.000001
80,97,-195.058542,-0.000001
80,98,-195.058540,-0.000000
80,99,-195.058543,-0.000002
80,100,-195.058539,-0.000000
80,101,-195.058535,-0.000000
80,102,-195.058541,-0.000000
80,103,-195.058534,-0.000000
80,104,-195.058534,-0.000000
80,105,-195.058533,-0.000000
80,106,-195.058534,-0.000000
80,107,-195.058536,-0.000000
80,108,-195.058535,-0.000000
80,109,-195.058533,-0.000000
80,110,-195.058533,0.000000
80,111,-195.058535,-0.000000
80,112,-195.058534,-0.000000
80,113,-195.058536,-0.000000
80,114,-195.058533,-0.000000
80,115,-195.058539,-0.000000
80,116,-195.058534,0.000000
80,117,-195.058534,-0.000000
80,118,-195.058534,-0.000000
80,119,-195.058533,-0.000000
81,82,-195.058532,-0.000001
81,83,-195.058523,-0.000000
81,84,-195.058529,-0.000000
81,85,-195.058525,-0.000001
81,86,-195.058522,0.000000
81,87,-195.058525,-0.000000
81,88,-195.058524,-0.000000
81,89,-195.058527,-0.000001
81,90,-195.058522,0.000000
81,91,-195.058560,-0.000004
81,92,-195.058523,-0.000000
81,93,-195.058529,-0.000000
81,94,-195.058524,-0.000000
81,95,-195.058525,-0.000001
81,96,-195.058540,-0.000002
81,97,-195.058528,-0.000000
81,98,-195.058526,-0.000000
81,99,-195.058528,-0.000000
81,100,-195.058526,-0.000000
81,101,-195.058521,-0.000000
81,102,-195.058527,-0.000000
81,103,-195.058521,-0.000000
81,104,-195.058521,-0.000000
81,105,-195.058519,-0.000000
81,106,-195.058521,-0.000000
81,107,-195.058523,-0.000001
81,108,-195.058521,-0.000000
81,109,-195.058519,-0.000000
81,110,-195.058519,0.000000
81,111,-195.058522,-0.000000
81,112,-195.058520,-0.000000
81,113,-195.058522,-0.000000
81,114,-195.058519,-0.000000
81,115,-195.058526,-0.000000
81,116,-195.058520,-0.000000
81,117,-195.058520,-0.000000
81,118,-195.058520,-0.000000
81,119,-195.058520,-0.000000
82,83,-195.058511,-0.000000
82,84,-195.058517,-0.000000
82,85,-195.058513,-0.000000
82,86,-195.058510,0.000000
82,87,-195.058513,-0.000000
82,88,-195.058512,-0.000000
82,89,-195.058515,-0.000001
82,90,-195.058510,0.000000
82,91,-195.058545,-0.000001
82,92,-195.058511,0.000000
82,93,-195.058517,-0.000000
82,94,-195.058513,-0.000000
82,95,-195.058513,-0.000000
82,96,-195.058527,-0.000000
82,97,-195.058516,0.000000
82,98,-195.058515,-0.000000
82,99,-195.058516,-0.000000
82,100,-195.058515,-0.000002
82,101,-195.058509,-0.000000
82,102,-195.058515,-0.000001
82,103,-195.058509,-0.000000
82,104,-195.058509,-0.000000
82,105,-195.058508,-0.000000
82,106,-195.058509,-0.000000
82,107,-195.058510,-0.000000
82,108,-195.058509,-0.000000
82,109,-195.058508,0.000000
82,110,-195.058507,0.000000
82,111,-195.058510,0.000000
82,112,-195.058509,-0.000000
82,113,-195.058510,-0.000000
82,114,-195.058508,-0.000000
82,115,-195.058513,-0.000000
82,116,-195.058508,-0.000000
82,117,-195.058508,-0.000000
82,118,-195.058508,-0.000000
82,119,-195.058508,-0.000000
83,84,-195.058508,0.000000
83,85,-195.058505,0.000000
83,86,-195.058502,-0.000000
83,87,-195.058504,-0.000000
83,88,-195.058503,-0.000000
83,89,-195.058506,0.000000
83,90,-195.058502,0.000000
83,91,-195.058537,-0.000001
83,92,-195.058503,-0.000000
83,93,-195.058509,0.000000
83,94,-195.058504,-0.000000
83,95,-195.058504,-0.000000
83,96,-195.058519,-0.000000
83,97,-195.058508,-0.000001
83,98,-195.058507,-0.000000
83,99,-195.058507,-0.000000
83,100,-195.058506,-0.000000
83,101,-195.058501,-0.000000
83,102,-195.058507,-0.000000
83,103,-195.058501,-0.000000
83,104,-195.058500,-0.000000
83,105,-195.058499,0.000000
83,106,-195.058501,-0.000000
83,107,-195.058502,-0.000000
83,108,-195.058501,-0.000000
83,109,-195.058499,0.000000
83,110,-195.058499,0.000000
83,111,-195.058502,-0.000000
83,112,-195.058500,-0.000000
83,113,-195.058502,-0.000000
83,114,-195.058499,0.000000
83,115,-195.058505,-0.000000
83,116,-195.058500,0.000000
83,117,-195.058500,0.000000
83,118,-195.058500,-0.000000
83,119,-195.058500,-0.000000
84,85,-195.058511,-0.000001
84,86,-195.058507,-0.000000
84,87,-195.058510,-0.000000
84,88,-195.058509,-0.000000
84,89,-195.058512,-0.000000
84,90,-195.058507,-0.000000
84,91,-195.058542,-0.000000
84,92,-195.058508,0.000000
84,93,-195.058514,-0.000000
84,94,-195.058510,-0.000000
84,95,-195.058509,-0.000000
84,96,-195.058524,0.000000
84,97,-195.058513,-0.000000
84,98,-195.058512,-0.000000
84,99,-195.058513,-0.000001
84,100,-195.058511,-0.000000
84,101,-195.058506,-0.000000
84,102,-195.058512,0.000000
84,103,-195.058506,-0.000000
84,104,-195.058506,-0.000000
84,105,-195.058505,-0.000000
84,106,-195.058506,-0.000000
84,107,-195.058507,-0.000000
84,108,-195.058506,-0.000000
84,109,-195.058505,0.000000
84,110,-195.058504,-0.000000
84,111,-195.058507,-0.000000
84,112,-195.058505,-0.000000
84,113,-195.058507,-0.000000
84,114,-195.058505,-0.000000
84,115,-195.058510,-0.000000
84,116,-195.058505,-0.000000
84,117,-195.058505,-0.000000
84,118,-195.058505,-0.000000
84,119,-195.058505,-0.000000
85,86,-195.058503,-0.000000
85,87,-195.058506,-0.000000
85,88,-195.058505,-0.000000
85,89,-195.058507,0.000000
85,90,-195.058503,-0.000000
85,91,-195.058538,0.000000
85,92,-195.058504,-0.000000
85,93,-195.058510,-0.000000
85,94,-195.058506,0.000000
85,95,-195.058506,-0.000000
85,96,-195.058520,-0.000000
85,97,-195.058509,-0.000000
85,98,-195.058508,0.000000
85,99,-195.058509,-0.000000
85,100,-195.058507,0.000000
85,101,-195.058502,-0.000000
85,102,-195.058508,0.000000
85,103,-195.058502,-0.000000
85,104,-195.058502,-0.000000
85,105,-195.058501,-0.000000
85,106,-195.058502,-0.000000
85,107,-195.058504,-0.000000
85,108,-195.058503,0.000000
85,109,-195.058501,0.000000
85,110,-195.058501,-0.000000
85,111,-195.058503,-0.000000
85,112,-195.058502,0.000000
85,113,-195.058503,-0.000000
85,114,-195.058501,-0.000000
85,115,-195.058507,-0.000000
85,116,-195.058502,-0.000000
85,117,-195.058501,-0.000000
85,118,-195.058501,-0.000000
85,119,-195.058501,-0.000000
86,87,-195.058503,-0.000000
86,88,-195.058502,0.000000
86,89,-195.058505,-0.000000
86,90,-195.058500,-0.000000
86,91,-195.058535,-0.000000
86,92,-195.058501,0.000000
86,93,-195.058507,-0.000000
86,94,-195.058503,-0.000000
86,95,-195.058503,-0.000000
86,96,-195.058517,-0.000000
86,97,-195.058507,-0.000001
86,98,-195.058505,-0.000000
86,99,-195.058506,-0.000000
86,100,-195.058504,0.000000
86,101,-195.058499,0.000000
86,102,-195.058505,-0.000000
86,103,-195.058499,0.000000
86,104,-195.058499,-0.000000
86,105,-195.058498,-0.000000
86,106,-195.058499,0.000000
86,107,-195.058501,-0.000000
86,108,-195.058500,0.000000
86,109,-195.058498,0.000000
86,110,-195.058498,-0.000000
86,111,-195.058500,0.000000
86,112,-195.058499,-0.000000
86,113,-195.058500,-0.000000
86,114,-195.058498,0.000000
86,115,-195.058504,-0.000000
86,116,-195.058499,0.000000
86,117,-195.058499,-0.000000
86,118,-195.058498,-0.000000
86,119,-195.058498,-0.000000
87,88,-195.058505,-0.000000
87,89,-195.058507,-0.000000
87,90,-195.058503,0.000000
87,91,-195.058538,-0.000001
87,92,-195.058504,0.000000
87,93,-195.058510,0.000000
87,94,-195.058506,-0.000000
87,95,-195.058505,-0.000000
87,96,-195.058520,0.000000
87,97,-195.058509,0.000000
87,98,-195.058508,-0.000000
87,99,-195.058509,-0.000000
87,100,-195.058507,0.000000
87,101,-195.058502,-0.000000
87,102,-195.058508,-0.000000
87,103,-195.058502,-0.000000
87,104,-195.058502,-0.000000
87,105,-195.058500,0.000000
87,106,-195.058502,-0.000000
87,107,-195.058503,-0.000000
87,108,-195.058503,-0.000000
87,109,-195.058501,-0.000000
87,110,-195.058500,-0.000000
87,111,-195.058503,-0.000000
87,112,-195.058501,0.000000
87,113,-195.058503,-0.000000
87,114,-195.058500,-0.000000
87,115,-195.058506,-0.000000
87,116,-195.058501,0.000000
87,117,-195.058501,0.000000
87,118,-195.058501,-0.000000
87,119,-195.058501,-0.000000
88,89,-195.058506,-0.000000
88,90,-195.058502,-0.000000
88,91,-195.058537,-0.000000
88,92,-195.058503,0.000000
88,93,-195.058509,0.000000
88,94,-195.058505,-0.000000
88,95,-195.058505,0.000000
88,96,-195.058519,-0.000000
88,97,-195.058508,-0.000000
88,98,-195.058507,0.000000
88,99,-195.058508,0.000000
88,100,-195.058506,-0.000000
88,101,-195.058501,-0.000000
88,102,-195.058507,-0.000000
88,103,-195.058501,-0.000000
88,104,-195.058501,-0.000000
88,105,-195.058500,0.000000
88,106,-195.058501,-0.000000
88,107,-195.058503,-0.000000
88,108,-195.058502,-0.000000
88,109,-195.058500,-0.000000
88,110,-195.058499,0.000000
88,111,-195.058502,-0.000000
88,112,-195.058501,-0.000000
88,113,-195.058502,-0.000000
88,114,-195.058500,-0.000000
88,115,-195.058505,0.000000
88,116,-195.058501,-0.000000
88,117,-195.058500,-0.000000
88,118,-195.058500,-0.000000
88,119,-195.058500,0.000000
89,90,-195.058504,-0.000000
89,91,-195.058539,-0.000000
89,92,-195.058506,0.000000
89,93,-195.058512,-0.000001
89,94,-195.058507,-0.000000
89,95,-195.058507,0.000000
89,96,-195.058521,-0.000000
89,97,-195.058511,-0.000001
89,98,-195.058509,-0.000000
89,99,-195.058512,-0.000001
89,100,-195.058510,-0.000001
89,101,-195.058504,-0.000000
89,102,-195.058509,0.000000
89,103,-195.058503,0.000000
89,104,-195.058503,-0.000000
89,105,-195.058502,-0.000000
89,106,-195.058503,-0.000000
89,107,-195.058505,-0.000000
89,108,-195.058504,0.000000
89,109,-195.058502,-0.000000
89,110,-195.058502,0.000000
89,111,-195.058504,0.000000
89,112,-195.058503,-0.000000
89,113,-195.058505,-0.000000
89,114,-195.058502,-0.000000
89,115,-195.058508,-0.000000
89,116,-195.058503,-0.000000
89,117,-195.058503,-0.000001
89,118,-195.058503,-0.000000
89,119,-195.058502,-0.000000
90,91,-195.058537,-0.000002
90,92,-195.058502,-0.000000
90,93,-195.058507,-0.000000
90,94,-195.058503,0.000000
90,95,-195.058503,-0.000000
90,96,-195.058517,-0.000000
90,97,-195.058506,-0.000000
90,98,-195.058505,-0.000000
90,99,-195.058506,-0.000000
90,100,-195.058504,0.000000
90,101,-195.058500,-0.000000
90,102,-195.058505,0.000000
90,103,-195.058499,-0.000000
90,104,-195.058499,-0.000000
90,105,-195.058498,-0.000000
90,106,-195.058499,-0.000000
90,107,-195.058501,-0.000000
90,108,-195.058500,0.000000
90,109,-195.058498,-0.000000
90,110,-195.058498,-0.000000
90,111,-195.058500,0.000000
90,112,-195.058499,-0.000000
90,113,-195.058500,-0.000000
90,114,-195.058498,0.000000
90,115,-195.058504,-0.000000
90,116,-195.058499,-0.000000
90,117,-195.058498,0.000000
90,118,-195.058498,-0.000000
90,119,-195.058498,0.000000
91,92,-195.058536,-0.000000
91,93,-195.058543,-0.000001
91,94,-195.058538,-0.000000
91,95,-195.058537,0.000000
91,96,-195.058552,-0.000000
91,97,-195.058541,-0.000001
91,98,-195.058539,0.000000
91,99,-195.058540,0.000000
91,100,-195.058539,-0.000000
91,101,-195.058534,-0.000000
91,102,-195.058540,-0.000001
91,103,-195.058534,-0.000000
91,104,-195.058534,-0.000000
91,105,-195.058533,-0.000000
91,106,-195.058534,-0.000000
91,107,-195.058536,-0.000001
91,108,-195.058534,-0.000000
91,109,-195.058532,0.000000
91,110,-195.058532,-0.000000
91,111,-195.058535,0.000000
91,112,-195.058534,-0.000000
91,113,-195.058535,-0.000000
91,114,-195.058532,-0.000000
91,115,-195.058539,-0.000001
91,116,-195.058533,-0.000000
91,117,-195.058533,-0.000000
91,118,-195.058533,-0.000000
91,119,-195.058533,0.000000
92,93,-195.058509,-0.000000
92,94,-195.058504,-0.000000
92,95,-195.058504,0.000000
92,96,-195.058518,-0.000000
92,97,-195.058507,-0.000000
92,98,-195.058506,-0.000000
92,99,-195.058507,0.000000
92,100,-195.058505,0.000000
92,101,-195.058501,-0.000000
92,102,-195.058506,-0.000000
92,103,-195.058500,-0.000000
92,104,-195.058500,-0.000000
92,105,-195.058499,0.000000
92,106,-195.058501,-0.000000
92,107,-195.058502,-0.000000
92,108,-195.058501,-0.000000
92,109,-195.058499,0.000000
92,110,-195.058499,0.000000
92,111,-195.058501,-0.000000
92,112,-195.058500,-0.000000
92,113,-195.058502,0.000000
92,114,-195.058499,-0.000000
92,115,-195.058505,-0.000000
92,116,-195.058500,-0.000000
92,117,-195.058500,0.000000
92,118,-195.058500,0.000000
92,119,-195.058499,-0.000000
93,94,-195.058510,-0.000001
93,95,-195.058510,-0.000000
93,96,-195.058524,0.000000
93,97,-195.058514,-0.000001
93,98,-195.058512,-0.000000
93,99,-195.058513,0.000000
93,100,-195.058511,-0.000000
93,101,-195.058507,-0.000000
93,102,-195.058512,0.000000
93,103,-195.058506,-0.000000
93,104,-195.058506,-0.000000
93,105,-195.058505,0.000000
93,106,-195.058506,0.000000
93,107,-195.058508,-0.000000
93,108,-195.058507,-0.000000
93,109,-195.058505,-0.000000
93,110,-195.058505,-0.000000
93,111,-195.058507,-0.000000
93,112,-195.058506,-0.000000
93,113,-195.058507,-0.000000
93,114,-195.058505,-0.000000
93,115,-195.058511,-0.000000
93,116,-195.058506,-0.000000
93,117,-195.058505,-0.000000
93,118,-195.058505,-0.000000
93,119,-195.058505,-0.000000
94,95,-195.058506,-0.000000
94,96,-195.058520,-0.000000
94,97,-195.058509,-0.000000
94,98,-195.058508,-0.000000
94,99,-195.058508,0.000000
94,100,-195.058507,-0.000000
94,101,-195.058502,-0.000000
94,102,-195.058508,0.000000
94,103,-195.058502,0.000000
94,104,-195.058502,-0.000000
94,105,-195.058500,0.000000
94,106,-195.058502,-0.000000
94,107,-195.058503,-0.000000
94,108,-195.058502,-0.000000
94,109,-195.058501,-0.000000
94,110,-195.058500,-0.000000
94,111,-195.058503,-0.000000
94,112,-195.058501,0.000000
94,113,-195.058504,-0.000001
94,114,-195.058500,0.000000
94,115,-195.058506,-0.000000
94,116,-195.058501,0.000000
94,117,-195.058501,-0.000000
94,118,-195.058501,-0.000000
94,119,-195.058501,-0.000000
95,96,-195.058520,-0.000000
95,97,-195.058509,-0.000000
95,98,-195.058507,-0.000000
95,99,-195.058508,0.000000
95,100,-195.058507,0.000000
95,101,-195.058502,-0.000000
95,102,-195.058508,-0.000000
95,103,-195.058502,-0.000000
95,104,-195.058501,0.000000
95,105,-195.058500,-0.000000
95,106,-195.058502,0.000000
95,107,-195.058504,-0.000001
95,108,-195.058502,-0.000000
95,109,-195.058500,0.000000
95,110,-195.058500,-0.000000
95,111,-195.058503,-0.000000
95,112,-195.058501,-0.000000
95,113,-195.058503,-0.000000
95,114,-195.058500,0.000000
95,115,-195.058506,-0.000000
95,116,-195.058501,-0.000000
95,117,-195.058501,-0.000000
95,118,-195.058501,-0.000000
95,119,-195.058501,-0.000000
96,97,-195.058523,0.000000
96,98,-195.058522,-0.000000
96,99,-195.058523,-0.000000
96,100,-195.058521,0.000000
96,101,-195.058517,-0.000001
96,102,-195.058522,0.000000
96,103,-195.058516,-0.000001
96,104,-195.058516,-0.000000
96,105,-195.058515,-0.000000
96,106,-195.058516,-0.000000
96,107,-195.058517,-0.000000
96,108,-195.058517,-0.000000
96,109,-195.058515,-0.000000
96,110,-195.058514,0.000000
96,111,-195.058517,-0.000000
96,112,-195.058516,-0.000000
96,113,-195.058517,0.000000
96,114,-195.058515,-0.000000
96,115,-195.058520,-0.000000
96,116,-195.058515,0.000000
96,117,-195.058515,0.000000
96,118,-195.058515,-0.000000
96,119,-195.058515,-0.000000
97,98,-195.058511,0.000000
97,99,-195.058512,0.000000
97,100,-195.058510,-0.000000
97,101,-195.058505,-0.000000
97,102,-195.058511,-0.000000
97,103,-195.058505,-0.000000
97,104,-195.058505,-0.000000
97,105,-195.058504,-0.000000
97,106,-195.058505,-0.000000
97,107,-195.058506,-0.000000
97,108,-195.058506,-0.000000
97,109,-195.058504,0.000000
97,110,-195.058503,-0.000000
97,111,-195.058506,-0.000000
97,112,-195.058505,-0.000000
97,113,-195.058506,0.000000
97,114,-195.058504,-0.000000
97,115,-195.058509,-0.000000
97,116,-195.058504,0.000000
97,117,-195.058504,0.000000
97,118,-195.058504,-0.000000
97,119,-195.058504,-0.000000
98,99,-195.058511,0.000000
98,100,-195.058509,0.000000
98,101,-195.058504,-0.000000
98,102,-195.058510,0.000000
98,103,-195.058504,-0.000000
98,104,-195.058504,-0.000001
98,105,-195.058503,-0.000000
98,106,-195.058504,-0.000000
98,107,-195.058505,-0.000000
98,108,-195.058505,-0.000000
98,109,-195.058503,-0.000000
98,110,-195.058502,-0.000000
98,111,-195.058505,-0.000000
98,112,-195.058503,0.000000
98,113,-195.058505,-0.000000
98,114,-195.058503,-0.000000
98,115,-195.058508,-0.000000
98,116,-195.058503,-0.000000
98,117,-195.058503,-0.000000
98,118,-195.058503,-0.000000
98,119,-195.058503,-0.000000
99,100,-195.058510,0.000000
99,101,-195.058505,-0.000000
99,102,-195.058511,0.000000
99,103,-195.058505,-0.000000
99,104,-195.058505,0.000000
99,105,-195.058504,-0.000000
99,106,-195.058505,-0.000000
99,107,-195.058506,-0.000000
99,108,-195.058506,-0.000000
99,109,-195.058504,-0.000000
99,110,-195.058503,0.000000
99,111,-195.058506,-0.000000
99,112,-195.058504,0.000000
99,113,-195.058506,0.000000
99,114,-195.058504,-0.000000
99,115,-195.058509,-0.000000
99,116,-195.058505,-0.000000
99,117,-195.058504,-0.000000
99,118,-195.058504,-0.000000
99,119,-195.058504,-0.000000
100,101,-195.058504,-0.000000
100,102,-195.058509,0.000000
100,103,-195.058503,0.000000
100,104,-195.058503,-0.000000
100,105,-195.058502,-0.000000
100,106,-195.058503,0.000000
100,107,-195.058504,-0.000000
100,108,-195.058503,-0.000000
100,109,-195.058502,-0.000000
100,110,-195.058501,0.000000
100,111,-195.058504,0.000000
100,112,-195.058503,-0.000000
100,113,-195.058504,0.000000
100,114,-195.058502,-0.000000
100,115,-195.058507,-0.000000
100,116,-195.058503,-0.000000
100,117,-195.058502,-0.000000
100,118,-195.058502,0.000000
100,119,-195.058502,-0.000000
101,102,-195.058504,-0.000000
101,103,-195.058498,-0.000000
101,104,-195.058498,-0.000000
101,105,-195.058497,0.000000
101,106,-195.058499,-0.000000
101,107,-195.058500,-0.000000
101,108,-195.058499,-0.000000
101,109,-195.058497,-0.000000
101,110,-195.058497,-0.000000
101,111,-195.058499,-0.000000
101,112,-195.058498,-0.000000
101,113,-195.058500,0.000000
101,114,-195.058497,-0.000000
101,115,-195.058503,-0.000000
101,116,-195.058498,-0.000000
101,117,-195.058498,-0.000000
101,118,-195.058498,-0.000000
101,119,-195.058497,-0.000000
102,103,-195.058504,0.000000
102,104,-195.058504,0.000000
102,105,-195.058503,-0.000000
102,106,-195.058504,-0.000000
102,107,-195.058506,-0.000000
102,108,-195.058505,-0.000000
102,109,-195.058503,-0.000000
102,110,-195.058503,0.000000
102,111,-195.058505,0.000000
102,112,-195.058504,0.000000
102,113,-195.058505,-0.000000
102,114,-195.058503,-0.000000
102,115,-195.058508,-0.000000
102,116,-195.058504,0.000000
102,117,-195.058503,-0.000000
102,118,-195.058503,-0.000000
102,119,-195.058503,-0.000000
103,104,-195.058498,-0.000000
103,105,-195.058497,-0.000000
103,106,-195.058498,-0.000000
103,107,-195.058499,-0.000000
103,108,-195.058498,-0.000000
103,109,-195.058497,-0.000000
103,110,-195.058496,-0.000000
103,111,-195.058499,-0.000000
103,112,-195.058498,-0.000000
103,113,-195.058499,-0.000000
103,114,-195.058497,0.000000
103,115,-195.058502,-0.000000
103,116,-195.058497,0.000000
103,117,-195.058497,0.000000
103,118,-195.058497,-0.000000
103,119,-195.058497,-0.000000
104,105,-195.058497,-0.000000
104,106,-195.058498,-0.000000
104,107,-195.058499,0.000000
104,108,-195.058499,-0.000000
104,109,-195.058497,-0.000000
104,110,-195.058496,0.000000
104,111,-195.058499,-0.000000
104,112,-195.058497,-0.000000
104,113,-195.058499,-0.000000
104,114,-195.058497,-0.000000
104,115,-195.058502,0.000000
104,116,-195.058497,0.000000
104,117,-195.058497,-0.000000
104,118,-195.058497,0.000000
104,119,-195.058497,0.000000
105,106,-195.058497,-0.000000
105,107,-195.058498,0.000000
105,108,-195.058497,-0.000000
105,109,-195.058496,-0.000000
105,110,-195.058495,-0.000000
105,111,-195.058498,-0.000000
105,112,-195.058496,-0.000000
105,113,-195.058498,0.000000
105,114,-195.058496,-0.000000
105,115,-195.058501,-0.000000
105,116,-195.058496,-0.000000
105,117,-195.058496,-0.000000
105,118,-195.058496,-0.000000
105,119,-195.058496,-0.000000
106,107,-195.058500,-0.000000
106,108,-195.058499,-0.000000
106,109,-195.058497,-0.000000
106,110,-195.058497,-0.000000
106,111,-195.058499,-0.000000
106,112,-195.058498,-0.000000
106,113,-195.058499,0.000000
106,114,-195.058497,-0.000000
106,115,-195.058503,-0.000000
106,116,-195.058498,0.000000
106,117,-195.058497,0.000000
106,118,-195.058497,0.000000
106,119,-195.058497,-0.000000
107,108,-195.058500,-0.000000
107,109,-195.058498,0.000000
107,110,-195.058498,0.000000
107,111,-195.058500,0.000000
107,112,-195.058499,-0.000000
107,113,-195.058501,-0.000000
107,114,-195.058498,0.000000
107,115,-195.058504,0.000000
107,116,-195.058499,-0.000000
107,117,-195.058499,0.000000
107,118,-195.058499,-0.000000
107,119,-195.058498,-0.000000
108,109,-195.058497,-0.000000
108,110,-195.058497,0.000000
108,111,-195.058500,-0.000000
108,112,-195.058498,-0.000000
108,113,-195.058500,-0.000000
108,114,-195.058497,-0.000000
108,115,-195.058503,0.000000
108,116,-195.058498,-0.000000
108,117,-195.058498,0.000000
108,118,-195.058498,0.000000
108,119,-195.058497,-0.000000
109,110,-195.058495,-0.000000
109,111,-195.058498,0.000000
109,112,-195.058497,-0.000000
109,113,-195.058498,0.000000
109,114,-195.058496,-0.000000
109,115,-195.058501,-0.000000
109,116,-195.058496,0.000000
109,117,-195.058496,0.000000
109,118,-195.058496,-0.000000
109,119,-195.058496,-0.000000
110,111,-195.058498,0.000000
110,112,-195.058496,-0.000000
110,113,-195.058498,-0.000000
110,114,-195.058495,0.000000
110,115,-195.058501,-0.000000
110,116,-195.058496,-0.000000
110,117,-195.058496,0.000000
110,118,-195.058496,-0.000000
110,119,-195.058495,0.000000
111,112,-195.058499,0.000000
111,113,-195.058500,0.000000
111,114,-195.058498,-0.000000
111,115,-195.058503,0.000000
111,116,-195.058499,0.000000
111,117,-195.058498,0.000000
111,118,-195.058498,-0.000000
111,119,-195.058498,-0.000000
112,113,-195.058499,-0.000000
112,114,-195.058496,0.000000
112,115,-195.058502,-0.000000
112,116,-195.058497,-0.000000
112,117,-195.058497,0.000000
112,118,-195.058497,0.000000
112,119,-195.058497,0.000000
113,114,-195.058498,-0.000000
113,115,-195.058504,-0.000000
113,116,-195.058499,-0.000000
113,117,-195.058499,0.000000
113,118,-195.058498,-0.000000
113,119,-195.058498,-0.000000
114,115,-195.058501,-0.000000
114,116,-195.058496,-0.000000
114,117,-195.058496,-0.000000
114,118,-195.058496,-0.000000
114,119,-195.058496,-0.000000
115,116,-195.058502,0.000000
115,117,-195.058502,0.000000
115,118,-195.058502,-0.000000
115,119,-195.058501,-0.000000
116,117,-195.058497,0.000000
116,118,-195.058497,-0.000000
116,119,-195.058497,-0.000000
117,118,-195.058496,-0.000000
117,119,-195.058496,-0.000000
118,119,-195.058496,-0.000000
