

******** <class 'pyscf.scf.hf.RHF'> ********
method = RHF
initial guess = minao
damping factor = 0
level_shift factor = 0
DIIS = <class 'pyscf.scf.diis.CDIIS'>
diis_start_cycle = 1
diis_space = 8
diis_damp = 0
SCF conv_tol = 1e-09
SCF conv_tol_grad = None
SCF max_cycles = 50
direct_scf = True
direct_scf_tol = 1e-13
chkfile to save SCF result = /tmp/tmpik0g8q91
max_memory 4000 MB (current use 85 MB)
Set gradient conv threshold to 3.16228e-05
Initial guess from minao.
init E= -232.261047835707

WARN: HOMO 0.0689706118783981 == LUMO 0.068970611878399

cycle= 1 E= -220.008948614614  delta_E= 12.3  |g|=  4.3  |ddm|= 6.59
  HOMO = -1.01603235530713  LUMO = -0.981001934640631
cycle= 2 E= -201.970207511729  delta_E=   18  |g|= 6.07  |ddm|= 9.69
  HOMO = -1.37120364407299  LUMO = -1.18111550972762
cycle= 3 E= -229.911625758453  delta_E= -27.9  |g|= 4.23  |ddm|=  6.7
  HOMO = -0.72823467153152  LUMO = -0.573956434803114
cycle= 4 E= -234.09781468186  delta_E= -4.19  |g|= 1.85  |ddm|= 2.13
  HOMO = -0.542094754338646  LUMO = -0.120065757254349
cycle= 5 E= -234.460043127162  delta_E= -0.362  |g|=  1.4  |ddm|= 0.861
  HOMO = -0.463218220145171  LUMO = -0.0461324562293147
cycle= 6 E= -234.690593875816  delta_E= -0.231  |g|= 0.93  |ddm|= 0.488
  HOMO = -0.28082509368724  LUMO = -0.00154030127698579
cycle= 7 E= -234.879332208922  delta_E= -0.189  |g|= 0.267  |ddm|= 0.532
  HOMO = -0.209466124504238  LUMO = 0.0312590677894651
cycle= 8 E= -234.903125342569  delta_E= -0.0238  |g|= 0.133  |ddm|= 0.345
  HOMO = -0.244091614923459  LUMO = 0.023058320130933
cycle= 9 E= -234.90796791549  delta_E= -0.00484  |g|= 0.0662  |ddm|= 0.123
  HOMO = -0.266865017549152  LUMO = 0.0171256888787388
cycle= 10 E= -234.909256560649  delta_E= -0.00129  |g|= 0.0075  |ddm|= 0.0779
  HOMO = -0.271465026606782  LUMO = 0.0163722897204117
cycle= 11 E= -234.909316959568  delta_E= -6.04e-05  |g|= 0.00284  |ddm|= 0.0253
  HOMO = -0.270630071060993  LUMO = 0.0165373786071531
cycle= 12 E= -234.909327745763  delta_E= -1.08e-05  |g|= 0.00213  |ddm|= 0.00642
  HOMO = -0.270743910528748  LUMO = 0.016498231240006
cycle= 13 E= -234.909333540199  delta_E= -5.79e-06  |g|= 0.00215  |ddm|= 0.00349
  HOMO = -0.270540366697356  LUMO = 0.016579496462996
cycle= 14 E= -234.909307240107  delta_E= 2.63e-05  |g|= 0.00202  |ddm|= 0.0171
  HOMO = -0.270830379284188  LUMO = 0.0164962791230245
cycle= 15 E= -234.909270057678  delta_E= 3.72e-05  |g|= 0.000982  |ddm|= 0.0392
  HOMO = -0.270906123825538  LUMO = 0.0164341605264435
cycle= 16 E= -234.909264723092  delta_E= 5.33e-06  |g|= 0.000605  |ddm|= 0.0184
  HOMO = -0.270810651732061  LUMO = 0.016465398885762
cycle= 17 E= -234.909265277222  delta_E= -5.54e-07  |g|= 0.000466  |ddm|= 0.00341
  HOMO = -0.270912215872748  LUMO = 0.0164383784980443
cycle= 18 E= -234.90926609201  delta_E= -8.15e-07  |g|= 0.000405  |ddm|= 0.00335
  HOMO = -0.270841157348029  LUMO = 0.016466490260344
cycle= 19 E= -234.909267302565  delta_E= -1.21e-06  |g|= 0.000179  |ddm|= 0.00637
  HOMO = -0.270846568620528  LUMO = 0.0164597416472988
cycle= 20 E= -234.909267519337  delta_E= -2.17e-07  |g|= 0.000119  |ddm|= 0.00219
  HOMO = -0.27085488713746  LUMO = 0.0164604490168203
cycle= 21 E= -234.909267613977  delta_E= -9.46e-08  |g|= 9.64e-05  |ddm|= 0.00119
  HOMO = -0.270852384645998  LUMO = 0.0164571092793417
cycle= 22 E= -234.909267689534  delta_E= -7.56e-08  |g|= 7.11e-05  |ddm|= 0.00123
  HOMO = -0.270860121826087  LUMO = 0.0164561577208241
cycle= 23 E= -234.909267759596  delta_E= -7.01e-08  |g|= 3.98e-05  |ddm|= 0.00183
  HOMO = -0.270858840035688  LUMO = 0.0164572165072043
cycle= 24 E= -234.909267769206  delta_E= -9.61e-09  |g|= 1.99e-05  |ddm|= 0.000774
  HOMO = -0.270860138065884  LUMO = 0.0164574773126163
cycle= 25 E= -234.90926777096  delta_E= -1.75e-09  |g|= 1.11e-05  |ddm|= 0.000285
  HOMO = -0.270859904146873  LUMO = 0.0164575910431678
cycle= 26 E= -234.90926777084  delta_E= 1.2e-10  |g|= 8.87e-06  |ddm|= 7.58e-05
  HOMO = -0.27085834817345  LUMO = 0.0164577103309867
Extra cycle  E= -234.909267770958  delta_E= -1.18e-10  |g|= 9.45e-06  |ddm|= 1.73e-05
converged SCF energy = -234.909267770958

******** <class 'pyscf.mcscf.casci.CASCI'> ********
CAS (1e+1e, 2o), ncore = 14, nvir = 34
natorb = False
canonicalization = True
sorting_mo_energy = False
max_memory 4000 MB (current use 438 MB)
******** <class 'pyscf.fci.direct_spin1.FCISolver'> ********
max. cycles = 200
conv_tol = 1e-08
davidson only = False
linear dependence = 1e-12
level shift = 0.001
max iter space = 12
max_memory 4000 MB
nroots = 1
pspace_size = 400
spin = None
Density matrix diagonal elements [1.99996555e+00 3.44488508e-05]
CASCI converged
CASCI E = -234.909279125096  E(CI) = -1.32927535261379  S^2 = 0.0000000
<class 'pyscf.mcscf.casci.CASCI'> does not have attributes  max_cycle

******** <class 'pyscf.mcscf.casci.CASCI'> ********
CAS (2e+2e, 3o), ncore = 13, nvir = 34
natorb = False
canonicalization = True
sorting_mo_energy = False
max_memory 4000 MB (current use 447 MB)
******** <class 'pyscf.fci.direct_spin1.FCISolver'> ********
max. cycles = 200
conv_tol = 1e-08
davidson only = False
linear dependence = 1e-12
level shift = 0.001
max iter space = 12
max_memory 4000 MB
nroots = 1
pspace_size = 400
spin = None
Density matrix diagonal elements [1.99996555e+00 3.44488568e-05 2.00000000e+00]
CASCI converged
CASCI E = -234.909279125232  E(CI) = -47.9147062601052  S^2 = 0.0000000

******** <class 'pyscf.mcscf.casci.CASCI'> ********
CAS (2e+2e, 3o), ncore = 13, nvir = 34
natorb = False
canonicalization = True
sorting_mo_energy = False
max_memory 4000 MB (current use 448 MB)
******** <class 'pyscf.fci.direct_spin1.FCISolver'> ********
max. cycles = 200
conv_tol = 1e-08
davidson only = False
linear dependence = 1e-12
level shift = 0.001
max iter space = 12
max_memory 4000 MB
nroots = 1
pspace_size = 400
spin = None
Density matrix diagonal elements [1.99996555e+00 3.44494885e-05 2.00000000e+00]
CASCI converged
CASCI E = -234.909279133320  E(CI) = -28.5997933158104  S^2 = 0.0000000

******** <class 'pyscf.mcscf.casci.CASCI'> ********
CAS (2e+2e, 3o), ncore = 13, nvir = 34
natorb = False
canonicalization = True
sorting_mo_energy = False
max_memory 4000 MB (current use 448 MB)
******** <class 'pyscf.fci.direct_spin1.FCISolver'> ********
max. cycles = 200
conv_tol = 1e-08
davidson only = False
linear dependence = 1e-12
level shift = 0.001
max iter space = 12
max_memory 4000 MB
nroots = 1
pspace_size = 400
spin = None
Density matrix diagonal elements [1.99996602e+00 3.40949855e-05 1.99999988e+00]
CASCI converged
CASCI E = -234.909279611497  E(CI) = -13.7515098947637  S^2 = 0.0000000

******** <class 'pyscf.mcscf.casci.CASCI'> ********
CAS (2e+2e, 3o), ncore = 13, nvir = 34
natorb = False
canonicalization = True
sorting_mo_energy = False
max_memory 4000 MB (current use 449 MB)
******** <class 'pyscf.fci.direct_spin1.FCISolver'> ********
max. cycles = 200
conv_tol = 1e-08
davidson only = False
linear dependence = 1e-12
level shift = 0.001
max iter space = 12
max_memory 4000 MB
nroots = 1
pspace_size = 400
spin = None
Density matrix diagonal elements [1.99996579e+00 3.47151872e-05 1.99999950e+00]
CASCI converged
CASCI E = -234.909280537166  E(CI) = -10.8922925454851  S^2 = 0.0000000

******** <class 'pyscf.mcscf.casci.CASCI'> ********
CAS (2e+2e, 3o), ncore = 13, nvir = 34
natorb = False
canonicalization = True
sorting_mo_energy = False
max_memory 4000 MB (current use 449 MB)
******** <class 'pyscf.fci.direct_spin1.FCISolver'> ********
max. cycles = 200
conv_tol = 1e-08
davidson only = False
linear dependence = 1e-12
level shift = 0.001
max iter space = 12
max_memory 4000 MB
nroots = 1
pspace_size = 400
spin = None
Density matrix diagonal elements [1.99996582e+00 3.41892652e-05 1.99999999e+00]
CASCI converged
CASCI E = -234.909279160105  E(CI) = -10.8877839802472  S^2 = 0.0000000

******** <class 'pyscf.mcscf.casci.CASCI'> ********
CAS (2e+2e, 3o), ncore = 13, nvir = 34
natorb = False
canonicalization = True
sorting_mo_energy = False
max_memory 4000 MB (current use 449 MB)
******** <class 'pyscf.fci.direct_spin1.FCISolver'> ********
max. cycles = 200
conv_tol = 1e-08
davidson only = False
linear dependence = 1e-12
level shift = 0.001
max iter space = 12
max_memory 4000 MB
nroots = 1
pspace_size = 400
spin = None
Density matrix diagonal elements [1.99996582e+00 3.41892466e-05 1.99999999e+00]
CASCI converged
CASCI E = -234.909279160111  E(CI) = -10.8877746608981  S^2 = 0.0000000

******** <class 'pyscf.mcscf.casci.CASCI'> ********
CAS (2e+2e, 3o), ncore = 13, nvir = 34
natorb = False
canonicalization = True
sorting_mo_energy = False
max_memory 4000 MB (current use 449 MB)
******** <class 'pyscf.fci.direct_spin1.FCISolver'> ********
max. cycles = 200
conv_tol = 1e-08
davidson only = False
linear dependence = 1e-12
level shift = 0.001
max iter space = 12
max_memory 4000 MB
nroots = 1
pspace_size = 400
spin = None
Density matrix diagonal elements [1.99996555e+00 3.44604127e-05 1.99999999e+00]
CASCI converged
CASCI E = -234.909279144239  E(CI) = -5.68182109442350  S^2 = 0.0000000

******** <class 'pyscf.mcscf.casci.CASCI'> ********
CAS (2e+2e, 3o), ncore = 13, nvir = 34
natorb = False
canonicalization = True
sorting_mo_energy = False
max_memory 4000 MB (current use 450 MB)
******** <class 'pyscf.fci.direct_spin1.FCISolver'> ********
max. cycles = 200
conv_tol = 1e-08
davidson only = False
linear dependence = 1e-12
level shift = 0.001
max iter space = 12
max_memory 4000 MB
nroots = 1
pspace_size = 400
spin = None
Density matrix diagonal elements [1.99996556e+00 3.48879355e-05 1.99999955e+00]
CASCI converged
CASCI E = -234.909279521962  E(CI) = -4.24252398145509  S^2 = 0.0000000

******** <class 'pyscf.mcscf.casci.CASCI'> ********
CAS (2e+2e, 3o), ncore = 13, nvir = 34
natorb = False
canonicalization = True
sorting_mo_energy = False
max_memory 4000 MB (current use 450 MB)
******** <class 'pyscf.fci.direct_spin1.FCISolver'> ********
max. cycles = 200
conv_tol = 1e-08
davidson only = False
linear dependence = 1e-12
level shift = 0.001
max iter space = 12
max_memory 4000 MB
nroots = 1
pspace_size = 400
spin = None
Density matrix diagonal elements [1.99996568e+00 4.25272261e-05 1.99999179e+00]
CASCI converged
CASCI E = -234.909284411947  E(CI) = -4.28741506573110  S^2 = 0.0000000

******** <class 'pyscf.mcscf.casci.CASCI'> ********
CAS (2e+2e, 3o), ncore = 13, nvir = 34
natorb = False
canonicalization = True
sorting_mo_energy = False
max_memory 4000 MB (current use 450 MB)
******** <class 'pyscf.fci.direct_spin1.FCISolver'> ********
max. cycles = 200
conv_tol = 1e-08
davidson only = False
linear dependence = 1e-12
level shift = 0.001
max iter space = 12
max_memory 4000 MB
nroots = 1
pspace_size = 400
spin = None
Density matrix diagonal elements [1.99996555e+00 3.44893257e-05 1.99999996e+00]
CASCI converged
CASCI E = -234.909279156109  E(CI) = -3.87079347212776  S^2 = 0.0000000

******** <class 'pyscf.mcscf.casci.CASCI'> ********
CAS (2e+2e, 3o), ncore = 13, nvir = 34
natorb = False
canonicalization = True
sorting_mo_energy = False
max_memory 4000 MB (current use 450 MB)
******** <class 'pyscf.fci.direct_spin1.FCISolver'> ********
max. cycles = 200
conv_tol = 1e-08
davidson only = False
linear dependence = 1e-12
level shift = 0.001
max iter space = 12
max_memory 4000 MB
nroots = 1
pspace_size = 400
spin = None
Density matrix diagonal elements [1.99996555e+00 3.44893308e-05 1.99999996e+00]
CASCI converged
CASCI E = -234.909279156113  E(CI) = -3.87078747853059  S^2 = 0.0000000

******** <class 'pyscf.mcscf.casci.CASCI'> ********
CAS (2e+2e, 3o), ncore = 13, nvir = 34
natorb = False
canonicalization = True
sorting_mo_energy = False
max_memory 4000 MB (current use 450 MB)
******** <class 'pyscf.fci.direct_spin1.FCISolver'> ********
max. cycles = 200
conv_tol = 1e-08
davidson only = False
linear dependence = 1e-12
level shift = 0.001
max iter space = 12
max_memory 4000 MB
nroots = 1
pspace_size = 400
spin = None
Density matrix diagonal elements [1.99996831e+00 7.32042573e-05 1.99995848e+00]
CASCI converged
CASCI E = -234.909291867567  E(CI) = -5.11248264623728  S^2 = 0.0000000

******** <class 'pyscf.mcscf.casci.CASCI'> ********
CAS (2e+2e, 3o), ncore = 13, nvir = 34
natorb = False
canonicalization = True
sorting_mo_energy = False
max_memory 4000 MB (current use 450 MB)
******** <class 'pyscf.fci.direct_spin1.FCISolver'> ********
max. cycles = 200
conv_tol = 1e-08
davidson only = False
linear dependence = 1e-12
level shift = 0.001
max iter space = 12
max_memory 4000 MB
nroots = 1
pspace_size = 400
spin = None
Density matrix diagonal elements [1.99996831e+00 7.32099604e-05 1.99995848e+00]
CASCI converged
CASCI E = -234.909291866424  E(CI) = -5.11214247690131  S^2 = 0.0000000

******** <class 'pyscf.mcscf.casci.CASCI'> ********
CAS (2e+2e, 3o), ncore = 13, nvir = 34
natorb = False
canonicalization = True
sorting_mo_energy = False
max_memory 4000 MB (current use 450 MB)
******** <class 'pyscf.fci.direct_spin1.FCISolver'> ********
max. cycles = 200
conv_tol = 1e-08
davidson only = False
linear dependence = 1e-12
level shift = 0.001
max iter space = 12
max_memory 4000 MB
nroots = 1
pspace_size = 400
spin = None
Density matrix diagonal elements [1.99996715e+00 6.56940525e-05 1.99996715e+00]
CASCI converged
CASCI E = -234.909289945135  E(CI) = -5.65004954343590  S^2 = 0.0000000

******** <class 'pyscf.mcscf.casci.CASCI'> ********
CAS (1e+1e, 3o), ncore = 14, nvir = 33
natorb = False
canonicalization = True
sorting_mo_energy = False
max_memory 4000 MB (current use 450 MB)
******** <class 'pyscf.fci.direct_spin1.FCISolver'> ********
max. cycles = 200
conv_tol = 1e-08
davidson only = False
linear dependence = 1e-12
level shift = 0.001
max iter space = 12
max_memory 4000 MB
nroots = 1
pspace_size = 400
spin = None
Density matrix diagonal elements [1.99996347e+00 3.39515637e-05 2.58242287e-06]
CASCI converged
CASCI E = -234.909280290667  E(CI) = -1.32927651818468  S^2 = 0.0000000

******** <class 'pyscf.mcscf.casci.CASCI'> ********
CAS (1e+1e, 3o), ncore = 14, nvir = 33
natorb = False
canonicalization = True
sorting_mo_energy = False
max_memory 4000 MB (current use 450 MB)
******** <class 'pyscf.fci.direct_spin1.FCISolver'> ********
max. cycles = 200
conv_tol = 1e-08
davidson only = False
linear dependence = 1e-12
level shift = 0.001
max iter space = 12
max_memory 4000 MB
nroots = 1
pspace_size = 400
spin = None
Density matrix diagonal elements [1.99996347e+00 3.39515238e-05 2.58287224e-06]
CASCI converged
CASCI E = -234.909280290868  E(CI) = -1.32927651838506  S^2 = 0.0000000

******** <class 'pyscf.mcscf.casci.CASCI'> ********
CAS (1e+1e, 3o), ncore = 14, nvir = 33
natorb = False
canonicalization = True
sorting_mo_energy = False
max_memory 4000 MB (current use 450 MB)
******** <class 'pyscf.fci.direct_spin1.FCISolver'> ********
max. cycles = 200
conv_tol = 1e-08
davidson only = False
linear dependence = 1e-12
level shift = 0.001
max iter space = 12
max_memory 4000 MB
nroots = 1
pspace_size = 400
spin = None
Density matrix diagonal elements [1.99982887e+00 9.89327039e-05 7.22017817e-05]
CASCI converged
CASCI E = -234.909315509207  E(CI) = -1.32931173672441  S^2 = 0.0000000

******** <class 'pyscf.mcscf.casci.CASCI'> ********
CAS (1e+1e, 3o), ncore = 14, nvir = 33
natorb = False
canonicalization = True
sorting_mo_energy = False
max_memory 4000 MB (current use 451 MB)
******** <class 'pyscf.fci.direct_spin1.FCISolver'> ********
max. cycles = 200
conv_tol = 1e-08
davidson only = False
linear dependence = 1e-12
level shift = 0.001
max iter space = 12
max_memory 4000 MB
nroots = 1
pspace_size = 400
spin = None
Density matrix diagonal elements [1.99972972e+00 3.16508060e-05 2.38633452e-04]
CASCI converged
CASCI E = -234.909359485052  E(CI) = -1.32935571256974  S^2 = 0.0000000

******** <class 'pyscf.mcscf.casci.CASCI'> ********
CAS (1e+1e, 3o), ncore = 14, nvir = 33
natorb = False
canonicalization = True
sorting_mo_energy = False
max_memory 4000 MB (current use 451 MB)
******** <class 'pyscf.fci.direct_spin1.FCISolver'> ********
max. cycles = 200
conv_tol = 1e-08
davidson only = False
linear dependence = 1e-12
level shift = 0.001
max iter space = 12
max_memory 4000 MB
nroots = 1
pspace_size = 400
spin = None
Density matrix diagonal elements [1.99972958e+00 3.16497869e-05 2.38774443e-04]
CASCI converged
CASCI E = -234.909359523042  E(CI) = -1.32935575055967  S^2 = 0.0000000

******** <class 'pyscf.mcscf.casci.CASCI'> ********
CAS (1e+1e, 3o), ncore = 14, nvir = 33
natorb = False
canonicalization = True
sorting_mo_energy = False
max_memory 4000 MB (current use 451 MB)
******** <class 'pyscf.fci.direct_spin1.FCISolver'> ********
max. cycles = 200
conv_tol = 1e-08
davidson only = False
linear dependence = 1e-12
level shift = 0.001
max iter space = 12
max_memory 4000 MB
nroots = 1
pspace_size = 400
spin = None
Density matrix diagonal elements [1.99992327e+00 4.25310892e-05 3.42018514e-05]
CASCI converged
CASCI E = -234.909293158500  E(CI) = -1.32928938601785  S^2 = 0.0000000

******** <class 'pyscf.mcscf.casci.CASCI'> ********
CAS (1e+1e, 3o), ncore = 14, nvir = 33
natorb = False
canonicalization = True
sorting_mo_energy = False
max_memory 4000 MB (current use 451 MB)
******** <class 'pyscf.fci.direct_spin1.FCISolver'> ********
max. cycles = 200
conv_tol = 1e-08
davidson only = False
linear dependence = 1e-12
level shift = 0.001
max iter space = 12
max_memory 4000 MB
nroots = 1
pspace_size = 400
spin = None
Density matrix diagonal elements [1.99988869e+00 3.22621512e-05 7.90450104e-05]
CASCI converged
CASCI E = -234.909316409845  E(CI) = -1.32931263736253  S^2 = 0.0000000

******** <class 'pyscf.mcscf.casci.CASCI'> ********
CAS (1e+1e, 3o), ncore = 14, nvir = 33
natorb = False
canonicalization = True
sorting_mo_energy = False
max_memory 4000 MB (current use 451 MB)
******** <class 'pyscf.fci.direct_spin1.FCISolver'> ********
max. cycles = 200
conv_tol = 1e-08
davidson only = False
linear dependence = 1e-12
level shift = 0.001
max iter space = 12
max_memory 4000 MB
nroots = 1
pspace_size = 400
spin = None
Density matrix diagonal elements [1.99988867e+00 3.22619051e-05 7.90728238e-05]
CASCI converged
CASCI E = -234.909316421351  E(CI) = -1.32931264886869  S^2 = 0.0000000

******** <class 'pyscf.mcscf.casci.CASCI'> ********
CAS (1e+1e, 3o), ncore = 14, nvir = 33
natorb = False
canonicalization = True
sorting_mo_energy = False
max_memory 4000 MB (current use 451 MB)
******** <class 'pyscf.fci.direct_spin1.FCISolver'> ********
max. cycles = 200
conv_tol = 1e-08
davidson only = False
linear dependence = 1e-12
level shift = 0.001
max iter space = 12
max_memory 4000 MB
nroots = 1
pspace_size = 400
spin = None
Density matrix diagonal elements [1.98773171e+00 1.26325122e-03 1.10050356e-02]
CASCI converged
CASCI E = -234.911235249975  E(CI) = -1.33123147749262  S^2 = 0.0000000

******** <class 'pyscf.mcscf.casci.CASCI'> ********
CAS (1e+1e, 3o), ncore = 14, nvir = 33
natorb = False
canonicalization = True
sorting_mo_energy = False
max_memory 4000 MB (current use 451 MB)
******** <class 'pyscf.fci.direct_spin1.FCISolver'> ********
max. cycles = 200
conv_tol = 1e-08
davidson only = False
linear dependence = 1e-12
level shift = 0.001
max iter space = 12
max_memory 4000 MB
nroots = 1
pspace_size = 400
spin = None
Density matrix diagonal elements [1.99990119e+00 3.76314327e-05 6.11833725e-05]
CASCI converged
CASCI E = -234.909317873382  E(CI) = -1.32931410089915  S^2 = 0.0000000

******** <class 'pyscf.mcscf.casci.CASCI'> ********
CAS (1e+1e, 3o), ncore = 14, nvir = 33
natorb = False
canonicalization = True
sorting_mo_energy = False
max_memory 4000 MB (current use 451 MB)
******** <class 'pyscf.fci.direct_spin1.FCISolver'> ********
max. cycles = 200
conv_tol = 1e-08
davidson only = False
linear dependence = 1e-12
level shift = 0.001
max iter space = 12
max_memory 4000 MB
nroots = 1
pspace_size = 400
spin = None
Density matrix diagonal elements [1.99986749e+00 4.00083131e-05 9.25027107e-05]
CASCI converged
CASCI E = -234.909348578005  E(CI) = -1.32934480552203  S^2 = 0.0000000

******** <class 'pyscf.mcscf.casci.CASCI'> ********
CAS (1e+1e, 3o), ncore = 14, nvir = 33
natorb = False
canonicalization = True
sorting_mo_energy = False
max_memory 4000 MB (current use 451 MB)
******** <class 'pyscf.fci.direct_spin1.FCISolver'> ********
max. cycles = 200
conv_tol = 1e-08
davidson only = False
linear dependence = 1e-12
level shift = 0.001
max iter space = 12
max_memory 4000 MB
nroots = 1
pspace_size = 400
spin = None
Density matrix diagonal elements [1.99996547e+00 3.44385383e-05 8.69642462e-08]
CASCI converged
CASCI E = -234.909279226067  E(CI) = -1.32927545358416  S^2 = 0.0000000

******** <class 'pyscf.mcscf.casci.CASCI'> ********
CAS (1e+1e, 3o), ncore = 14, nvir = 33
natorb = False
canonicalization = True
sorting_mo_energy = False
max_memory 4000 MB (current use 451 MB)
******** <class 'pyscf.fci.direct_spin1.FCISolver'> ********
max. cycles = 200
conv_tol = 1e-08
davidson only = False
linear dependence = 1e-12
level shift = 0.001
max iter space = 12
max_memory 4000 MB
nroots = 1
pspace_size = 400
spin = None
Density matrix diagonal elements [1.99996547e+00 3.44385392e-05 8.69549992e-08]
CASCI converged
CASCI E = -234.909279226056  E(CI) = -1.32927545357364  S^2 = 0.0000000

******** <class 'pyscf.mcscf.casci.CASCI'> ********
CAS (1e+1e, 3o), ncore = 14, nvir = 33
natorb = False
canonicalization = True
sorting_mo_energy = False
max_memory 4000 MB (current use 451 MB)
******** <class 'pyscf.fci.direct_spin1.FCISolver'> ********
max. cycles = 200
conv_tol = 1e-08
davidson only = False
linear dependence = 1e-12
level shift = 0.001
max iter space = 12
max_memory 4000 MB
nroots = 1
pspace_size = 400
spin = None
Density matrix diagonal elements [1.99992949e+00 3.35153563e-05 3.69910337e-05]
CASCI converged
CASCI E = -234.909305488109  E(CI) = -1.32930171562634  S^2 = 0.0000000

******** <class 'pyscf.mcscf.casci.CASCI'> ********
CAS (1e+1e, 3o), ncore = 14, nvir = 33
natorb = False
canonicalization = True
sorting_mo_energy = False
max_memory 4000 MB (current use 451 MB)
******** <class 'pyscf.fci.direct_spin1.FCISolver'> ********
max. cycles = 200
conv_tol = 1e-08
davidson only = False
linear dependence = 1e-12
level shift = 0.001
max iter space = 12
max_memory 4000 MB
nroots = 1
pspace_size = 400
spin = None
Density matrix diagonal elements [1.98748526e+00 2.07724253e-05 1.24939649e-02]
CASCI converged
CASCI E = -234.918900960355  E(CI) = -1.33889718787211  S^2 = 0.0000000

******** <class 'pyscf.mcscf.casci.CASCI'> ********
CAS (1e+1e, 3o), ncore = 14, nvir = 33
natorb = False
canonicalization = True
sorting_mo_energy = False
max_memory 4000 MB (current use 451 MB)
******** <class 'pyscf.fci.direct_spin1.FCISolver'> ********
max. cycles = 200
conv_tol = 1e-08
davidson only = False
linear dependence = 1e-12
level shift = 0.001
max iter space = 12
max_memory 4000 MB
nroots = 1
pspace_size = 400
spin = None
Density matrix diagonal elements [1.99991472e+00 3.31701257e-05 5.21082173e-05]
CASCI converged
CASCI E = -234.909325257181  E(CI) = -1.32932148469834  S^2 = 0.0000000

******** <class 'pyscf.mcscf.casci.CASCI'> ********
CAS (1e+1e, 3o), ncore = 14, nvir = 33
natorb = False
canonicalization = True
sorting_mo_energy = False
max_memory 4000 MB (current use 451 MB)
******** <class 'pyscf.fci.direct_spin1.FCISolver'> ********
max. cycles = 200
conv_tol = 1e-08
davidson only = False
linear dependence = 1e-12
level shift = 0.001
max iter space = 12
max_memory 4000 MB
nroots = 1
pspace_size = 400
spin = None
Density matrix diagonal elements [1.99991472e+00 3.31700892e-05 5.21147285e-05]
CASCI converged
CASCI E = -234.909325262931  E(CI) = -1.32932149044848  S^2 = 0.0000000

******** <class 'pyscf.mcscf.casci.CASCI'> ********
CAS (1e+1e, 3o), ncore = 14, nvir = 33
natorb = False
canonicalization = True
sorting_mo_energy = False
max_memory 4000 MB (current use 451 MB)
******** <class 'pyscf.fci.direct_spin1.FCISolver'> ********
max. cycles = 200
conv_tol = 1e-08
davidson only = False
linear dependence = 1e-12
level shift = 0.001
max iter space = 12
max_memory 4000 MB
nroots = 1
pspace_size = 400
spin = None
Density matrix diagonal elements [1.99995935e+00 3.52685390e-05 5.38274838e-06]
CASCI converged
CASCI E = -234.909286229061  E(CI) = -1.32928245657797  S^2 = 0.0000000

******** <class 'pyscf.mcscf.casci.CASCI'> ********
CAS (1e+1e, 3o), ncore = 14, nvir = 33
natorb = False
canonicalization = True
sorting_mo_energy = False
max_memory 4000 MB (current use 451 MB)
******** <class 'pyscf.fci.direct_spin1.FCISolver'> ********
max. cycles = 200
conv_tol = 1e-08
davidson only = False
linear dependence = 1e-12
level shift = 0.001
max iter space = 12
max_memory 4000 MB
nroots = 1
pspace_size = 400
spin = None
Density matrix diagonal elements [1.99995468e+00 3.44231316e-05 1.08941415e-05]
CASCI converged
CASCI E = -234.909292556103  E(CI) = -1.32928878361997  S^2 = 0.0000000

******** <class 'pyscf.mcscf.casci.CASCI'> ********
CAS (1e+1e, 3o), ncore = 14, nvir = 33
natorb = False
canonicalization = True
sorting_mo_energy = False
max_memory 4000 MB (current use 451 MB)
******** <class 'pyscf.fci.direct_spin1.FCISolver'> ********
max. cycles = 200
conv_tol = 1e-08
davidson only = False
linear dependence = 1e-12
level shift = 0.001
max iter space = 12
max_memory 4000 MB
nroots = 1
pspace_size = 400
spin = None
Density matrix diagonal elements [1.99996322e+00 3.48225041e-05 1.95274077e-06]
CASCI converged
CASCI E = -234.909282300170  E(CI) = -1.32927852768745  S^2 = 0.0000000

******** <class 'pyscf.mcscf.casci.CASCI'> ********
CAS (1e+1e, 3o), ncore = 14, nvir = 33
natorb = False
canonicalization = True
sorting_mo_energy = False
max_memory 4000 MB (current use 451 MB)
******** <class 'pyscf.fci.direct_spin1.FCISolver'> ********
max. cycles = 200
conv_tol = 1e-08
davidson only = False
linear dependence = 1e-12
level shift = 0.001
max iter space = 12
max_memory 4000 MB
nroots = 1
pspace_size = 400
spin = None
Density matrix diagonal elements [1.99996554e+00 3.44474209e-05 1.44138090e-08]
CASCI converged
CASCI E = -234.909279153070  E(CI) = -1.32927538058712  S^2 = 0.0000000

******** <class 'pyscf.mcscf.casci.CASCI'> ********
CAS (1e+1e, 3o), ncore = 14, nvir = 33
natorb = False
canonicalization = True
sorting_mo_energy = False
max_memory 4000 MB (current use 451 MB)
******** <class 'pyscf.fci.direct_spin1.FCISolver'> ********
max. cycles = 200
conv_tol = 1e-08
davidson only = False
linear dependence = 1e-12
level shift = 0.001
max iter space = 12
max_memory 4000 MB
nroots = 1
pspace_size = 400
spin = None
Density matrix diagonal elements [1.99996554e+00 3.44474211e-05 1.44106713e-08]
CASCI converged
CASCI E = -234.909279153064  E(CI) = -1.32927538058109  S^2 = 0.0000000

******** <class 'pyscf.mcscf.casci.CASCI'> ********
CAS (1e+1e, 3o), ncore = 14, nvir = 33
natorb = False
canonicalization = True
sorting_mo_energy = False
max_memory 4000 MB (current use 451 MB)
******** <class 'pyscf.fci.direct_spin1.FCISolver'> ********
max. cycles = 200
conv_tol = 1e-08
davidson only = False
linear dependence = 1e-12
level shift = 0.001
max iter space = 12
max_memory 4000 MB
nroots = 1
pspace_size = 400
spin = None
Density matrix diagonal elements [1.99996477e+00 3.50446929e-05 1.81631181e-07]
CASCI converged
CASCI E = -234.909279525290  E(CI) = -1.32927575280783  S^2 = 0.0000000

******** <class 'pyscf.mcscf.casci.CASCI'> ********
CAS (1e+1e, 3o), ncore = 14, nvir = 33
natorb = False
canonicalization = True
sorting_mo_energy = False
max_memory 4000 MB (current use 451 MB)
******** <class 'pyscf.fci.direct_spin1.FCISolver'> ********
max. cycles = 200
conv_tol = 1e-08
davidson only = False
linear dependence = 1e-12
level shift = 0.001
max iter space = 12
max_memory 4000 MB
nroots = 1
pspace_size = 400
spin = None
Density matrix diagonal elements [1.99996555e+00 3.44486824e-05 2.82916726e-10]
CASCI converged
CASCI E = -234.909279125777  E(CI) = -1.32927535329429  S^2 = 0.0000000

******** <class 'pyscf.mcscf.casci.CASCI'> ********
CAS (1e+1e, 3o), ncore = 14, nvir = 33
natorb = False
canonicalization = True
sorting_mo_energy = False
max_memory 4000 MB (current use 451 MB)
******** <class 'pyscf.fci.direct_spin1.FCISolver'> ********
max. cycles = 200
conv_tol = 1e-08
davidson only = False
linear dependence = 1e-12
level shift = 0.001
max iter space = 12
max_memory 4000 MB
nroots = 1
pspace_size = 400
spin = None
Density matrix diagonal elements [1.99996550e+00 3.44464786e-05 5.66822710e-08]
CASCI converged
CASCI E = -234.909279261448  E(CI) = -1.32927548896592  S^2 = 0.0000000

******** <class 'pyscf.mcscf.casci.CASCI'> ********
CAS (1e+1e, 3o), ncore = 14, nvir = 33
natorb = False
canonicalization = True
sorting_mo_energy = False
max_memory 4000 MB (current use 451 MB)
******** <class 'pyscf.fci.direct_spin1.FCISolver'> ********
max. cycles = 200
conv_tol = 1e-08
davidson only = False
linear dependence = 1e-12
level shift = 0.001
max iter space = 12
max_memory 4000 MB
nroots = 1
pspace_size = 400
spin = None
Density matrix diagonal elements [1.99996554e+00 3.44461893e-05 1.44500139e-08]
CASCI converged
CASCI E = -234.909279160308  E(CI) = -1.32927538782590  S^2 = 0.0000000

******** <class 'pyscf.mcscf.casci.CASCI'> ********
CAS (1e+1e, 3o), ncore = 14, nvir = 33
natorb = False
canonicalization = True
sorting_mo_energy = False
max_memory 4000 MB (current use 451 MB)
******** <class 'pyscf.fci.direct_spin1.FCISolver'> ********
max. cycles = 200
conv_tol = 1e-08
davidson only = False
linear dependence = 1e-12
level shift = 0.001
max iter space = 12
max_memory 4000 MB
nroots = 1
pspace_size = 400
spin = None
Density matrix diagonal elements [1.99996554e+00 3.44461893e-05 1.44503448e-08]
CASCI converged
CASCI E = -234.909279160309  E(CI) = -1.32927538782673  S^2 = 0.0000000

******** <class 'pyscf.mcscf.casci.CASCI'> ********
CAS (1e+1e, 3o), ncore = 14, nvir = 33
natorb = False
canonicalization = True
sorting_mo_energy = False
max_memory 4000 MB (current use 451 MB)
******** <class 'pyscf.fci.direct_spin1.FCISolver'> ********
max. cycles = 200
conv_tol = 1e-08
davidson only = False
linear dependence = 1e-12
level shift = 0.001
max iter space = 12
max_memory 4000 MB
nroots = 1
pspace_size = 400
spin = None
Density matrix diagonal elements [1.99996553e+00 3.44594317e-05 1.09993643e-08]
CASCI converged
CASCI E = -234.909279159092  E(CI) = -1.32927538660905  S^2 = 0.0000000

******** <class 'pyscf.mcscf.casci.CASCI'> ********
CAS (1e+1e, 3o), ncore = 14, nvir = 33
natorb = False
canonicalization = True
sorting_mo_energy = False
max_memory 4000 MB (current use 451 MB)
******** <class 'pyscf.fci.direct_spin1.FCISolver'> ********
max. cycles = 200
conv_tol = 1e-08
davidson only = False
linear dependence = 1e-12
level shift = 0.001
max iter space = 12
max_memory 4000 MB
nroots = 1
pspace_size = 400
spin = None
Density matrix diagonal elements [1.99996555e+00 3.44488505e-05 1.28816345e-13]
CASCI converged
CASCI E = -234.909279125097  E(CI) = -1.32927535261427  S^2 = 0.0000000

******** <class 'pyscf.mcscf.casci.CASCI'> ********
CAS (1e+1e, 3o), ncore = 14, nvir = 33
natorb = False
canonicalization = True
sorting_mo_energy = False
max_memory 4000 MB (current use 452 MB)
******** <class 'pyscf.fci.direct_spin1.FCISolver'> ********
max. cycles = 200
conv_tol = 1e-08
davidson only = False
linear dependence = 1e-12
level shift = 0.001
max iter space = 12
max_memory 4000 MB
nroots = 1
pspace_size = 400
spin = None
Density matrix diagonal elements [1.99996555e+00 3.44488462e-05 2.82097501e-11]
CASCI converged
CASCI E = -234.909279125202  E(CI) = -1.32927535271921  S^2 = 0.0000000

******** <class 'pyscf.mcscf.casci.CASCI'> ********
CAS (1e+1e, 3o), ncore = 14, nvir = 33
natorb = False
canonicalization = True
sorting_mo_energy = False
max_memory 4000 MB (current use 452 MB)
******** <class 'pyscf.fci.direct_spin1.FCISolver'> ********
max. cycles = 200
conv_tol = 1e-08
davidson only = False
linear dependence = 1e-12
level shift = 0.001
max iter space = 12
max_memory 4000 MB
nroots = 1
pspace_size = 400
spin = None
Density matrix diagonal elements [1.99996555e+00 3.44488167e-05 9.45759660e-11]
CASCI converged
CASCI E = -234.909279125487  E(CI) = -1.32927535300462  S^2 = 0.0000000

******** <class 'pyscf.mcscf.casci.CASCI'> ********
CAS (1e+1e, 3o), ncore = 14, nvir = 33
natorb = False
canonicalization = True
sorting_mo_energy = False
max_memory 4000 MB (current use 452 MB)
******** <class 'pyscf.fci.direct_spin1.FCISolver'> ********
max. cycles = 200
conv_tol = 1e-08
davidson only = False
linear dependence = 1e-12
level shift = 0.001
max iter space = 12
max_memory 4000 MB
nroots = 1
pspace_size = 400
spin = None
Density matrix diagonal elements [1.99996555e+00 3.44488167e-05 9.45778594e-11]
CASCI converged
CASCI E = -234.909279125487  E(CI) = -1.32927535300462  S^2 = 0.0000000

******** <class 'pyscf.mcscf.casci.CASCI'> ********
CAS (1e+1e, 3o), ncore = 14, nvir = 33
natorb = False
canonicalization = True
sorting_mo_energy = False
max_memory 4000 MB (current use 452 MB)
******** <class 'pyscf.fci.direct_spin1.FCISolver'> ********
max. cycles = 200
conv_tol = 1e-08
davidson only = False
linear dependence = 1e-12
level shift = 0.001
max iter space = 12
max_memory 4000 MB
nroots = 1
pspace_size = 400
spin = None
Density matrix diagonal elements [1.99996421e+00 3.55036940e-05 2.90621242e-07]
CASCI converged
CASCI E = -234.909280297021  E(CI) = -1.32927652453793  S^2 = 0.0000000

******** <class 'pyscf.mcscf.casci.CASCI'> ********
CAS (1e+1e, 3o), ncore = 14, nvir = 33
natorb = False
canonicalization = True
sorting_mo_energy = False
max_memory 4000 MB (current use 452 MB)
******** <class 'pyscf.fci.direct_spin1.FCISolver'> ********
max. cycles = 200
conv_tol = 1e-08
davidson only = False
linear dependence = 1e-12
level shift = 0.001
max iter space = 12
max_memory 4000 MB
nroots = 1
pspace_size = 400
spin = None
Density matrix diagonal elements [1.99996511e+00 3.48016035e-05 9.01696628e-08]
CASCI converged
CASCI E = -234.909279550345  E(CI) = -1.32927577786231  S^2 = 0.0000000
one-all : -0.012174489361825636

******** <class 'pyscf.mcscf.casci.CASCI'> ********
CAS (3e+3e, 4o), ncore = 12, nvir = 34
natorb = False
canonicalization = True
sorting_mo_energy = False
max_memory 4000 MB (current use 452 MB)
******** <class 'pyscf.fci.direct_spin1.FCISolver'> ********
max. cycles = 200
conv_tol = 1e-08
davidson only = False
linear dependence = 1e-12
level shift = 0.001
max iter space = 12
max_memory 4000 MB
nroots = 1
pspace_size = 400
spin = None
Density matrix diagonal elements [1.99996555e+00 3.44494944e-05 2.00000000e+00 2.00000000e+00]
CASCI converged
CASCI E = -234.909279133456  E(CI) = -76.9498101420302  S^2 = 0.0000000

******** <class 'pyscf.mcscf.casci.CASCI'> ********
CAS (3e+3e, 4o), ncore = 12, nvir = 34
natorb = False
canonicalization = True
sorting_mo_energy = False
max_memory 4000 MB (current use 452 MB)
******** <class 'pyscf.fci.direct_spin1.FCISolver'> ********
max. cycles = 200
conv_tol = 1e-08
davidson only = False
linear dependence = 1e-12
level shift = 0.001
max iter space = 12
max_memory 4000 MB
nroots = 1
pspace_size = 400
spin = None
Density matrix diagonal elements [1.99996602e+00 3.40949915e-05 2.00000000e+00 1.99999988e+00]
CASCI converged
CASCI E = -234.909279611632  E(CI) = -61.0545044432579  S^2 = 0.0000000

******** <class 'pyscf.mcscf.casci.CASCI'> ********
CAS (3e+3e, 4o), ncore = 12, nvir = 34
natorb = False
canonicalization = True
sorting_mo_energy = False
max_memory 4000 MB (current use 452 MB)
******** <class 'pyscf.fci.direct_spin1.FCISolver'> ********
max. cycles = 200
conv_tol = 1e-08
davidson only = False
linear dependence = 1e-12
level shift = 0.001
max iter space = 12
max_memory 4000 MB
nroots = 1
pspace_size = 400
spin = None
Density matrix diagonal elements [1.99996579e+00 3.47151931e-05 2.00000000e+00 1.99999950e+00]
CASCI converged
CASCI E = -234.909280537302  E(CI) = -58.2048106647121  S^2 = 0.0000000

******** <class 'pyscf.mcscf.casci.CASCI'> ********
CAS (3e+3e, 4o), ncore = 12, nvir = 34
natorb = False
canonicalization = True
sorting_mo_energy = False
max_memory 4000 MB (current use 452 MB)
******** <class 'pyscf.fci.direct_spin1.FCISolver'> ********
max. cycles = 200
conv_tol = 1e-08
davidson only = False
linear dependence = 1e-12
level shift = 0.001
max iter space = 12
max_memory 4000 MB
nroots = 1
pspace_size = 400
spin = None
Density matrix diagonal elements [1.99996582e+00 3.41892712e-05 2.00000000e+00 1.99999999e+00]
CASCI converged
CASCI E = -234.909279160241  E(CI) = -58.1863411956523  S^2 = 0.0000000

******** <class 'pyscf.mcscf.casci.CASCI'> ********
CAS (3e+3e, 4o), ncore = 12, nvir = 34
natorb = False
canonicalization = True
sorting_mo_energy = False
max_memory 4000 MB (current use 452 MB)
******** <class 'pyscf.fci.direct_spin1.FCISolver'> ********
max. cycles = 200
conv_tol = 1e-08
davidson only = False
linear dependence = 1e-12
level shift = 0.001
max iter space = 12
max_memory 4000 MB
nroots = 1
pspace_size = 400
spin = None
Density matrix diagonal elements [1.99996582e+00 3.41892525e-05 2.00000000e+00 1.99999999e+00]
CASCI converged
CASCI E = -234.909279160246  E(CI) = -58.1863317396871  S^2 = 0.0000000

******** <class 'pyscf.mcscf.casci.CASCI'> ********
CAS (3e+3e, 4o), ncore = 12, nvir = 34
natorb = False
canonicalization = True
sorting_mo_energy = False
max_memory 4000 MB (current use 452 MB)
******** <class 'pyscf.fci.direct_spin1.FCISolver'> ********
max. cycles = 200
conv_tol = 1e-08
davidson only = False
linear dependence = 1e-12
level shift = 0.001
max iter space = 12
max_memory 4000 MB
nroots = 1
pspace_size = 400
spin = None
Density matrix diagonal elements [1.99996555e+00 3.44604085e-05 2.00000000e+00 1.99999999e+00]
CASCI converged
CASCI E = -234.909279144365  E(CI) = -56.2328608352200  S^2 = 0.0000000

******** <class 'pyscf.mcscf.casci.CASCI'> ********
CAS (3e+3e, 4o), ncore = 12, nvir = 34
natorb = False
canonicalization = True
sorting_mo_energy = False
max_memory 4000 MB (current use 452 MB)
******** <class 'pyscf.fci.direct_spin1.FCISolver'> ********
max. cycles = 200
conv_tol = 1e-08
davidson only = False
linear dependence = 1e-12
level shift = 0.001
max iter space = 12
max_memory 4000 MB
nroots = 1
pspace_size = 400
spin = None
Density matrix diagonal elements [1.99996556e+00 3.48879020e-05 2.00000000e+00 1.99999955e+00]
CASCI converged
CASCI E = -234.909279522062  E(CI) = -54.1106193010233  S^2 = 0.0000000

******** <class 'pyscf.mcscf.casci.CASCI'> ********
CAS (3e+3e, 4o), ncore = 12, nvir = 34
natorb = False
canonicalization = True
sorting_mo_energy = False
max_memory 4000 MB (current use 452 MB)
******** <class 'pyscf.fci.direct_spin1.FCISolver'> ********
max. cycles = 200
conv_tol = 1e-08
davidson only = False
linear dependence = 1e-12
level shift = 0.001
max iter space = 12
max_memory 4000 MB
nroots = 1
pspace_size = 400
spin = None
Density matrix diagonal elements [1.99996568e+00 4.25271517e-05 2.00000000e+00 1.99999179e+00]
CASCI converged
CASCI E = -234.909284412030  E(CI) = -52.9354157229420  S^2 = 0.0000000

******** <class 'pyscf.mcscf.casci.CASCI'> ********
CAS (3e+3e, 4o), ncore = 12, nvir = 34
natorb = False
canonicalization = True
sorting_mo_energy = False
max_memory 4000 MB (current use 452 MB)
******** <class 'pyscf.fci.direct_spin1.FCISolver'> ********
max. cycles = 200
conv_tol = 1e-08
davidson only = False
linear dependence = 1e-12
level shift = 0.001
max iter space = 12
max_memory 4000 MB
nroots = 1
pspace_size = 400
spin = None
Density matrix diagonal elements [1.99996555e+00 3.44893172e-05 2.00000000e+00 1.99999996e+00]
CASCI converged
CASCI E = -234.909279156234  E(CI) = -53.8544791435382  S^2 = 0.0000000

******** <class 'pyscf.mcscf.casci.CASCI'> ********
CAS (3e+3e, 4o), ncore = 12, nvir = 34
natorb = False
canonicalization = True
sorting_mo_energy = False
max_memory 4000 MB (current use 452 MB)
******** <class 'pyscf.fci.direct_spin1.FCISolver'> ********
max. cycles = 200
conv_tol = 1e-08
davidson only = False
linear dependence = 1e-12
level shift = 0.001
max iter space = 12
max_memory 4000 MB
nroots = 1
pspace_size = 400
spin = None
Density matrix diagonal elements [1.99996555e+00 3.44893224e-05 2.00000000e+00 1.99999996e+00]
CASCI converged
CASCI E = -234.909279156238  E(CI) = -53.8544308001305  S^2 = 0.0000000

******** <class 'pyscf.mcscf.casci.CASCI'> ********
CAS (3e+3e, 4o), ncore = 12, nvir = 34
natorb = False
canonicalization = True
sorting_mo_energy = False
max_memory 4000 MB (current use 452 MB)
******** <class 'pyscf.fci.direct_spin1.FCISolver'> ********
max. cycles = 200
conv_tol = 1e-08
davidson only = False
linear dependence = 1e-12
level shift = 0.001
max iter space = 12
max_memory 4000 MB
nroots = 1
pspace_size = 400
spin = None
Density matrix diagonal elements [1.99996831e+00 7.32041495e-05 2.00000000e+00 1.99995848e+00]
CASCI converged
CASCI E = -234.909291867664  E(CI) = -52.7391604723265  S^2 = 0.0000000

******** <class 'pyscf.mcscf.casci.CASCI'> ********
CAS (3e+3e, 4o), ncore = 12, nvir = 34
natorb = False
canonicalization = True
sorting_mo_energy = False
max_memory 4000 MB (current use 452 MB)
******** <class 'pyscf.fci.direct_spin1.FCISolver'> ********
max. cycles = 200
conv_tol = 1e-08
davidson only = False
linear dependence = 1e-12
level shift = 0.001
max iter space = 12
max_memory 4000 MB
nroots = 1
pspace_size = 400
spin = None
Density matrix diagonal elements [1.99996831e+00 7.32098526e-05 2.00000000e+00 1.99995848e+00]
CASCI converged
CASCI E = -234.909291866521  E(CI) = -52.7389175082918  S^2 = 0.0000000

******** <class 'pyscf.mcscf.casci.CASCI'> ********
CAS (3e+3e, 4o), ncore = 12, nvir = 34
natorb = False
canonicalization = True
sorting_mo_energy = False
max_memory 4000 MB (current use 452 MB)
******** <class 'pyscf.fci.direct_spin1.FCISolver'> ********
max. cycles = 200
conv_tol = 1e-08
davidson only = False
linear dependence = 1e-12
level shift = 0.001
max iter space = 12
max_memory 4000 MB
nroots = 1
pspace_size = 400
spin = None
Density matrix diagonal elements [1.99996715e+00 6.56940584e-05 2.00000000e+00 1.99996715e+00]
CASCI converged
CASCI E = -234.909289945271  E(CI) = -52.9390121043081  S^2 = 0.0000000

******** <class 'pyscf.mcscf.casci.CASCI'> ********
CAS (2e+2e, 4o), ncore = 13, nvir = 33
natorb = False
canonicalization = True
sorting_mo_energy = False
max_memory 4000 MB (current use 452 MB)
******** <class 'pyscf.fci.direct_spin1.FCISolver'> ********
max. cycles = 200
conv_tol = 1e-08
davidson only = False
linear dependence = 1e-12
level shift = 0.001
max iter space = 12
max_memory 4000 MB
nroots = 1
pspace_size = 400
spin = None
Density matrix diagonal elements [1.99996347e+00 3.39515696e-05 2.00000000e+00 2.58268288e-06]
CASCI converged
CASCI E = -234.909280296725  E(CI) = -47.9147074315987  S^2 = 0.0000000

******** <class 'pyscf.mcscf.casci.CASCI'> ********
CAS (2e+2e, 4o), ncore = 13, nvir = 33
natorb = False
canonicalization = True
sorting_mo_energy = False
max_memory 4000 MB (current use 452 MB)
******** <class 'pyscf.fci.direct_spin1.FCISolver'> ********
max. cycles = 200
conv_tol = 1e-08
davidson only = False
linear dependence = 1e-12
level shift = 0.001
max iter space = 12
max_memory 4000 MB
nroots = 1
pspace_size = 400
spin = None
Density matrix diagonal elements [1.99996347e+00 3.39515297e-05 2.00000000e+00 2.58313213e-06]
CASCI converged
CASCI E = -234.909280296923  E(CI) = -47.9147074317963  S^2 = 0.0000000

******** <class 'pyscf.mcscf.casci.CASCI'> ********
CAS (2e+2e, 4o), ncore = 13, nvir = 33
natorb = False
canonicalization = True
sorting_mo_energy = False
max_memory 4000 MB (current use 452 MB)
******** <class 'pyscf.fci.direct_spin1.FCISolver'> ********
max. cycles = 200
conv_tol = 1e-08
davidson only = False
linear dependence = 1e-12
level shift = 0.001
max iter space = 12
max_memory 4000 MB
nroots = 1
pspace_size = 400
spin = None
Density matrix diagonal elements [1.99982887e+00 9.89327289e-05 2.00000000e+00 7.22020180e-05]
CASCI converged
CASCI E = -234.909315515174  E(CI) = -47.9147426500469  S^2 = 0.0000000

******** <class 'pyscf.mcscf.casci.CASCI'> ********
CAS (2e+2e, 4o), ncore = 13, nvir = 33
natorb = False
canonicalization = True
sorting_mo_energy = False
max_memory 4000 MB (current use 452 MB)
******** <class 'pyscf.fci.direct_spin1.FCISolver'> ********
max. cycles = 200
conv_tol = 1e-08
davidson only = False
linear dependence = 1e-12
level shift = 0.001
max iter space = 12
max_memory 4000 MB
nroots = 1
pspace_size = 400
spin = None
Density matrix diagonal elements [1.99972972e+00 3.16508143e-05 1.99999999e+00 2.38641825e-04]
CASCI converged
CASCI E = -234.909359677943  E(CI) = -47.9147868128164  S^2 = 0.0000000

******** <class 'pyscf.mcscf.casci.CASCI'> ********
CAS (2e+2e, 4o), ncore = 13, nvir = 33
natorb = False
canonicalization = True
sorting_mo_energy = False
max_memory 4000 MB (current use 452 MB)
******** <class 'pyscf.fci.direct_spin1.FCISolver'> ********
max. cycles = 200
conv_tol = 1e-08
davidson only = False
linear dependence = 1e-12
level shift = 0.001
max iter space = 12
max_memory 4000 MB
nroots = 1
pspace_size = 400
spin = None
Density matrix diagonal elements [1.99972958e+00 3.16497952e-05 1.99999999e+00 2.38782813e-04]
CASCI converged
CASCI E = -234.909359715876  E(CI) = -47.9147868507489  S^2 = 0.0000000

******** <class 'pyscf.mcscf.casci.CASCI'> ********
CAS (2e+2e, 4o), ncore = 13, nvir = 33
natorb = False
canonicalization = True
sorting_mo_energy = False
max_memory 4000 MB (current use 452 MB)
******** <class 'pyscf.fci.direct_spin1.FCISolver'> ********
max. cycles = 200
conv_tol = 1e-08
davidson only = False
linear dependence = 1e-12
level shift = 0.001
max iter space = 12
max_memory 4000 MB
nroots = 1
pspace_size = 400
spin = None
Density matrix diagonal elements [1.99992327e+00 4.25311048e-05 2.00000000e+00 3.42018853e-05]
CASCI converged
CASCI E = -234.909293159640  E(CI) = -47.9147202945134  S^2 = 0.0000000

******** <class 'pyscf.mcscf.casci.CASCI'> ********
CAS (2e+2e, 4o), ncore = 13, nvir = 33
natorb = False
canonicalization = True
sorting_mo_energy = False
max_memory 4000 MB (current use 452 MB)
******** <class 'pyscf.fci.direct_spin1.FCISolver'> ********
max. cycles = 200
conv_tol = 1e-08
davidson only = False
linear dependence = 1e-12
level shift = 0.001
max iter space = 12
max_memory 4000 MB
nroots = 1
pspace_size = 400
spin = None
Density matrix diagonal elements [1.99988869e+00 3.22621607e-05 1.99999998e+00 7.90652877e-05]
CASCI converged
CASCI E = -234.909316871203  E(CI) = -47.9147440060763  S^2 = 0.0000000

******** <class 'pyscf.mcscf.casci.CASCI'> ********
CAS (2e+2e, 4o), ncore = 13, nvir = 33
natorb = False
canonicalization = True
sorting_mo_energy = False
max_memory 4000 MB (current use 452 MB)
******** <class 'pyscf.fci.direct_spin1.FCISolver'> ********
max. cycles = 200
conv_tol = 1e-08
davidson only = False
linear dependence = 1e-12
level shift = 0.001
max iter space = 12
max_memory 4000 MB
nroots = 1
pspace_size = 400
spin = None
Density matrix diagonal elements [1.99988867e+00 3.22619146e-05 1.99999998e+00 7.90930985e-05]
CASCI converged
CASCI E = -234.909316882650  E(CI) = -47.9147440175236  S^2 = 0.0000000

******** <class 'pyscf.mcscf.casci.CASCI'> ********
CAS (2e+2e, 4o), ncore = 13, nvir = 33
natorb = False
canonicalization = True
sorting_mo_energy = False
max_memory 4000 MB (current use 452 MB)
******** <class 'pyscf.fci.direct_spin1.FCISolver'> ********
max. cycles = 200
conv_tol = 1e-08
davidson only = False
linear dependence = 1e-12
level shift = 0.001
max iter space = 12
max_memory 4000 MB
nroots = 1
pspace_size = 400
spin = None
Density matrix diagonal elements [1.98773171e+00 1.26325122e-03 2.00000000e+00 1.10050355e-02]
CASCI converged
CASCI E = -234.911235252349  E(CI) = -47.9166623872221  S^2 = 0.0000000

******** <class 'pyscf.mcscf.casci.CASCI'> ********
CAS (2e+2e, 4o), ncore = 13, nvir = 33
natorb = False
canonicalization = True
sorting_mo_energy = False
max_memory 4000 MB (current use 452 MB)
******** <class 'pyscf.fci.direct_spin1.FCISolver'> ********
max. cycles = 200
conv_tol = 1e-08
davidson only = False
linear dependence = 1e-12
level shift = 0.001
max iter space = 12
max_memory 4000 MB
nroots = 1
pspace_size = 400
spin = None
Density matrix diagonal elements [1.99990119e+00 3.76321628e-05 1.99999991e+00 6.12757664e-05]
CASCI converged
CASCI E = -234.909320002622  E(CI) = -47.9147471374950  S^2 = 0.0000000

******** <class 'pyscf.mcscf.casci.CASCI'> ********
CAS (2e+2e, 4o), ncore = 13, nvir = 33
natorb = False
canonicalization = True
sorting_mo_energy = False
max_memory 4000 MB (current use 452 MB)
******** <class 'pyscf.fci.direct_spin1.FCISolver'> ********
max. cycles = 200
conv_tol = 1e-08
davidson only = False
linear dependence = 1e-12
level shift = 0.001
max iter space = 12
max_memory 4000 MB
nroots = 1
pspace_size = 400
spin = None
Density matrix diagonal elements [1.99986749e+00 4.00083195e-05 2.00000000e+00 9.25028400e-05]
CASCI converged
CASCI E = -234.909348581156  E(CI) = -47.9147757160292  S^2 = 0.0000000

******** <class 'pyscf.mcscf.casci.CASCI'> ********
CAS (2e+2e, 4o), ncore = 13, nvir = 33
natorb = False
canonicalization = True
sorting_mo_energy = False
max_memory 4000 MB (current use 452 MB)
******** <class 'pyscf.fci.direct_spin1.FCISolver'> ********
max. cycles = 200
conv_tol = 1e-08
davidson only = False
linear dependence = 1e-12
level shift = 0.001
max iter space = 12
max_memory 4000 MB
nroots = 1
pspace_size = 400
spin = None
Density matrix diagonal elements [1.99996547e+00 3.44385443e-05 2.00000000e+00 8.70421758e-08]
CASCI converged
CASCI E = -234.909279228014  E(CI) = -47.9147063628870  S^2 = 0.0000000

******** <class 'pyscf.mcscf.casci.CASCI'> ********
CAS (2e+2e, 4o), ncore = 13, nvir = 33
natorb = False
canonicalization = True
sorting_mo_energy = False
max_memory 4000 MB (current use 452 MB)
******** <class 'pyscf.fci.direct_spin1.FCISolver'> ********
max. cycles = 200
conv_tol = 1e-08
davidson only = False
linear dependence = 1e-12
level shift = 0.001
max iter space = 12
max_memory 4000 MB
nroots = 1
pspace_size = 400
spin = None
Density matrix diagonal elements [1.99996547e+00 3.44385452e-05 2.00000000e+00 8.70329536e-08]
CASCI converged
CASCI E = -234.909279228004  E(CI) = -47.9147063628771  S^2 = 0.0000000

******** <class 'pyscf.mcscf.casci.CASCI'> ********
CAS (2e+2e, 4o), ncore = 13, nvir = 33
natorb = False
canonicalization = True
sorting_mo_energy = False
max_memory 4000 MB (current use 452 MB)
******** <class 'pyscf.fci.direct_spin1.FCISolver'> ********
max. cycles = 200
conv_tol = 1e-08
davidson only = False
linear dependence = 1e-12
level shift = 0.001
max iter space = 12
max_memory 4000 MB
nroots = 1
pspace_size = 400
spin = None
Density matrix diagonal elements [1.99992949e+00 3.35153622e-05 2.00000000e+00 3.69910337e-05]
CASCI converged
CASCI E = -234.909305488244  E(CI) = -47.9147326231177  S^2 = 0.0000000

******** <class 'pyscf.mcscf.casci.CASCI'> ********
CAS (2e+2e, 4o), ncore = 13, nvir = 33
natorb = False
canonicalization = True
sorting_mo_energy = False
max_memory 4000 MB (current use 452 MB)
******** <class 'pyscf.fci.direct_spin1.FCISolver'> ********
max. cycles = 200
conv_tol = 1e-08
davidson only = False
linear dependence = 1e-12
level shift = 0.001
max iter space = 12
max_memory 4000 MB
nroots = 1
pspace_size = 400
spin = None
Density matrix diagonal elements [1.98748526e+00 2.07724313e-05 2.00000000e+00 1.24939649e-02]
CASCI converged
CASCI E = -234.918900960490  E(CI) = -47.9243280953637  S^2 = 0.0000000

******** <class 'pyscf.mcscf.casci.CASCI'> ********
CAS (2e+2e, 4o), ncore = 13, nvir = 33
natorb = False
canonicalization = True
sorting_mo_energy = False
max_memory 4000 MB (current use 452 MB)
******** <class 'pyscf.fci.direct_spin1.FCISolver'> ********
max. cycles = 200
conv_tol = 1e-08
davidson only = False
linear dependence = 1e-12
level shift = 0.001
max iter space = 12
max_memory 4000 MB
nroots = 1
pspace_size = 400
spin = None
Density matrix diagonal elements [1.99991472e+00 3.31701329e-05 1.99999999e+00 5.21172128e-05]
CASCI converged
CASCI E = -234.909325469752  E(CI) = -47.9147526046253  S^2 = 0.0000000

******** <class 'pyscf.mcscf.casci.CASCI'> ********
CAS (2e+2e, 4o), ncore = 13, nvir = 33
natorb = False
canonicalization = True
sorting_mo_energy = False
max_memory 4000 MB (current use 452 MB)
******** <class 'pyscf.fci.direct_spin1.FCISolver'> ********
max. cycles = 200
conv_tol = 1e-08
davidson only = False
linear dependence = 1e-12
level shift = 0.001
max iter space = 12
max_memory 4000 MB
nroots = 1
pspace_size = 400
spin = None
Density matrix diagonal elements [1.99991472e+00 3.31700964e-05 1.99999999e+00 5.21237243e-05]
CASCI converged
CASCI E = -234.909325475509  E(CI) = -47.9147526103825  S^2 = 0.0000000

******** <class 'pyscf.mcscf.casci.CASCI'> ********
CAS (2e+2e, 4o), ncore = 13, nvir = 33
natorb = False
canonicalization = True
sorting_mo_energy = False
max_memory 4000 MB (current use 452 MB)
******** <class 'pyscf.fci.direct_spin1.FCISolver'> ********
max. cycles = 200
conv_tol = 1e-08
davidson only = False
linear dependence = 1e-12
level shift = 0.001
max iter space = 12
max_memory 4000 MB
nroots = 1
pspace_size = 400
spin = None
Density matrix diagonal elements [1.99995935e+00 3.52697579e-05 1.99999976e+00 5.62384658e-06]
CASCI converged
CASCI E = -234.909291799830  E(CI) = -47.9147189347031  S^2 = 0.0000000

******** <class 'pyscf.mcscf.casci.CASCI'> ********
CAS (2e+2e, 4o), ncore = 13, nvir = 33
natorb = False
canonicalization = True
sorting_mo_energy = False
max_memory 4000 MB (current use 452 MB)
******** <class 'pyscf.fci.direct_spin1.FCISolver'> ********
max. cycles = 200
conv_tol = 1e-08
davidson only = False
linear dependence = 1e-12
level shift = 0.001
max iter space = 12
max_memory 4000 MB
nroots = 1
pspace_size = 400
spin = None
Density matrix diagonal elements [1.99995468e+00 3.44231696e-05 1.99999987e+00 1.10238416e-05]
CASCI converged
CASCI E = -234.909295596567  E(CI) = -47.9147227314407  S^2 = 0.0000000

******** <class 'pyscf.mcscf.casci.CASCI'> ********
CAS (2e+2e, 4o), ncore = 13, nvir = 33
natorb = False
canonicalization = True
sorting_mo_energy = False
max_memory 4000 MB (current use 452 MB)
******** <class 'pyscf.fci.direct_spin1.FCISolver'> ********
max. cycles = 200
conv_tol = 1e-08
davidson only = False
linear dependence = 1e-12
level shift = 0.001
max iter space = 12
max_memory 4000 MB
nroots = 1
pspace_size = 400
spin = None
Density matrix diagonal elements [1.99996322e+00 3.48225544e-05 1.99999897e+00 2.98390134e-06]
CASCI converged
CASCI E = -234.909305954827  E(CI) = -47.9147330896999  S^2 = 0.0000000

******** <class 'pyscf.mcscf.casci.CASCI'> ********
CAS (2e+2e, 4o), ncore = 13, nvir = 33
natorb = False
canonicalization = True
sorting_mo_energy = False
max_memory 4000 MB (current use 452 MB)
******** <class 'pyscf.fci.direct_spin1.FCISolver'> ********
max. cycles = 200
conv_tol = 1e-08
davidson only = False
linear dependence = 1e-12
level shift = 0.001
max iter space = 12
max_memory 4000 MB
nroots = 1
pspace_size = 400
spin = None
Density matrix diagonal elements [1.99996554e+00 3.44474343e-05 1.99999821e+00 1.80894216e-06]
CASCI converged
CASCI E = -234.909320098654  E(CI) = -47.9147472335274  S^2 = 0.0000000

******** <class 'pyscf.mcscf.casci.CASCI'> ********
CAS (2e+2e, 4o), ncore = 13, nvir = 33
natorb = False
canonicalization = True
sorting_mo_energy = False
max_memory 4000 MB (current use 452 MB)
******** <class 'pyscf.fci.direct_spin1.FCISolver'> ********
max. cycles = 200
conv_tol = 1e-08
davidson only = False
linear dependence = 1e-12
level shift = 0.001
max iter space = 12
max_memory 4000 MB
nroots = 1
pspace_size = 400
spin = None
Density matrix diagonal elements [1.99996554e+00 3.44474345e-05 1.99999821e+00 1.80897539e-06]
CASCI converged
CASCI E = -234.909320099461  E(CI) = -47.9147472343344  S^2 = 0.0000000

******** <class 'pyscf.mcscf.casci.CASCI'> ********
CAS (2e+2e, 4o), ncore = 13, nvir = 33
natorb = False
canonicalization = True
sorting_mo_energy = False
max_memory 4000 MB (current use 452 MB)
******** <class 'pyscf.fci.direct_spin1.FCISolver'> ********
max. cycles = 200
conv_tol = 1e-08
davidson only = False
linear dependence = 1e-12
level shift = 0.001
max iter space = 12
max_memory 4000 MB
nroots = 1
pspace_size = 400
spin = None
Density matrix diagonal elements [1.99996477e+00 3.50485887e-05 1.99999740e+00 2.77926580e-06]
CASCI converged
CASCI E = -234.909340307871  E(CI) = -47.9147674427441  S^2 = 0.0000000

******** <class 'pyscf.mcscf.casci.CASCI'> ********
CAS (2e+2e, 4o), ncore = 13, nvir = 33
natorb = False
canonicalization = True
sorting_mo_energy = False
max_memory 4000 MB (current use 452 MB)
******** <class 'pyscf.fci.direct_spin1.FCISolver'> ********
max. cycles = 200
conv_tol = 1e-08
davidson only = False
linear dependence = 1e-12
level shift = 0.001
max iter space = 12
max_memory 4000 MB
nroots = 1
pspace_size = 400
spin = None
Density matrix diagonal elements [1.99996555e+00 3.44486883e-05 2.00000000e+00 2.84025621e-10]
CASCI converged
CASCI E = -234.909279125940  E(CI) = -47.9147062608128  S^2 = 0.0000000

******** <class 'pyscf.mcscf.casci.CASCI'> ********
CAS (2e+2e, 4o), ncore = 13, nvir = 33
natorb = False
canonicalization = True
sorting_mo_energy = False
max_memory 4000 MB (current use 452 MB)
******** <class 'pyscf.fci.direct_spin1.FCISolver'> ********
max. cycles = 200
conv_tol = 1e-08
davidson only = False
linear dependence = 1e-12
level shift = 0.001
max iter space = 12
max_memory 4000 MB
nroots = 1
pspace_size = 400
spin = None
Density matrix diagonal elements [1.99996550e+00 3.44464845e-05 2.00000000e+00 5.66833978e-08]
CASCI converged
CASCI E = -234.909279261611  E(CI) = -47.9147063964848  S^2 = 0.0000000

******** <class 'pyscf.mcscf.casci.CASCI'> ********
CAS (2e+2e, 4o), ncore = 13, nvir = 33
natorb = False
canonicalization = True
sorting_mo_energy = False
max_memory 4000 MB (current use 452 MB)
******** <class 'pyscf.fci.direct_spin1.FCISolver'> ********
max. cycles = 200
conv_tol = 1e-08
davidson only = False
linear dependence = 1e-12
level shift = 0.001
max iter space = 12
max_memory 4000 MB
nroots = 1
pspace_size = 400
spin = None
Density matrix diagonal elements [1.99996554e+00 3.44461954e-05 1.99999999e+00 2.37893212e-08]
CASCI converged
CASCI E = -234.909279386307  E(CI) = -47.9147065211805  S^2 = 0.0000000

******** <class 'pyscf.mcscf.casci.CASCI'> ********
CAS (2e+2e, 4o), ncore = 13, nvir = 33
natorb = False
canonicalization = True
sorting_mo_energy = False
max_memory 4000 MB (current use 452 MB)
******** <class 'pyscf.fci.direct_spin1.FCISolver'> ********
max. cycles = 200
conv_tol = 1e-08
davidson only = False
linear dependence = 1e-12
level shift = 0.001
max iter space = 12
max_memory 4000 MB
nroots = 1
pspace_size = 400
spin = None
Density matrix diagonal elements [1.99996554e+00 3.44461953e-05 1.99999999e+00 2.37893795e-08]
CASCI converged
CASCI E = -234.909279386302  E(CI) = -47.9147065211748  S^2 = 0.0000000

******** <class 'pyscf.mcscf.casci.CASCI'> ********
CAS (2e+2e, 4o), ncore = 13, nvir = 33
natorb = False
canonicalization = True
sorting_mo_energy = False
max_memory 4000 MB (current use 452 MB)
******** <class 'pyscf.fci.direct_spin1.FCISolver'> ********
max. cycles = 200
conv_tol = 1e-08
davidson only = False
linear dependence = 1e-12
level shift = 0.001
max iter space = 12
max_memory 4000 MB
nroots = 1
pspace_size = 400
spin = None
Density matrix diagonal elements [1.99996553e+00 3.44610491e-05 1.99999913e+00 8.83879143e-07]
CASCI converged
CASCI E = -234.909300603789  E(CI) = -47.9147277386627  S^2 = 0.0000000

******** <class 'pyscf.mcscf.casci.CASCI'> ********
CAS (2e+2e, 4o), ncore = 13, nvir = 33
natorb = False
canonicalization = True
sorting_mo_energy = False
max_memory 4000 MB (current use 452 MB)
******** <class 'pyscf.fci.direct_spin1.FCISolver'> ********
max. cycles = 200
conv_tol = 1e-08
davidson only = False
linear dependence = 1e-12
level shift = 0.001
max iter space = 12
max_memory 4000 MB
nroots = 1
pspace_size = 400
spin = None
Density matrix diagonal elements [1.99996555e+00 3.44488565e-05 2.00000000e+00 1.41543601e-09]
CASCI converged
CASCI E = -234.909279159975  E(CI) = -47.9147062948478  S^2 = 0.0000000

******** <class 'pyscf.mcscf.casci.CASCI'> ********
CAS (2e+2e, 4o), ncore = 13, nvir = 33
natorb = False
canonicalization = True
sorting_mo_energy = False
max_memory 4000 MB (current use 452 MB)
******** <class 'pyscf.fci.direct_spin1.FCISolver'> ********
max. cycles = 200
conv_tol = 1e-08
davidson only = False
linear dependence = 1e-12
level shift = 0.001
max iter space = 12
max_memory 4000 MB
nroots = 1
pspace_size = 400
spin = None
Density matrix diagonal elements [1.99996555e+00 3.44488523e-05 2.00000000e+00 1.44353595e-09]
CASCI converged
CASCI E = -234.909279160080  E(CI) = -47.9147062949532  S^2 = 0.0000000

******** <class 'pyscf.mcscf.casci.CASCI'> ********
CAS (2e+2e, 4o), ncore = 13, nvir = 33
natorb = False
canonicalization = True
sorting_mo_energy = False
max_memory 4000 MB (current use 452 MB)
******** <class 'pyscf.fci.direct_spin1.FCISolver'> ********
max. cycles = 200
conv_tol = 1e-08
davidson only = False
linear dependence = 1e-12
level shift = 0.001
max iter space = 12
max_memory 4000 MB
nroots = 1
pspace_size = 400
spin = None
Density matrix diagonal elements [1.99996555e+00 3.44488228e-05 2.00000000e+00 1.41737940e-09]
CASCI converged
CASCI E = -234.909279158876  E(CI) = -47.9147062937491  S^2 = 0.0000000

******** <class 'pyscf.mcscf.casci.CASCI'> ********
CAS (2e+2e, 4o), ncore = 13, nvir = 33
natorb = False
canonicalization = True
sorting_mo_energy = False
max_memory 4000 MB (current use 452 MB)
******** <class 'pyscf.fci.direct_spin1.FCISolver'> ********
max. cycles = 200
conv_tol = 1e-08
davidson only = False
linear dependence = 1e-12
level shift = 0.001
max iter space = 12
max_memory 4000 MB
nroots = 1
pspace_size = 400
spin = None
Density matrix diagonal elements [1.99996555e+00 3.44488228e-05 2.00000000e+00 1.41738058e-09]
CASCI converged
CASCI E = -234.909279158876  E(CI) = -47.9147062937490  S^2 = 0.0000000

******** <class 'pyscf.mcscf.casci.CASCI'> ********
CAS (2e+2e, 4o), ncore = 13, nvir = 33
natorb = False
canonicalization = True
sorting_mo_energy = False
max_memory 4000 MB (current use 452 MB)
******** <class 'pyscf.fci.direct_spin1.FCISolver'> ********
max. cycles = 200
conv_tol = 1e-08
davidson only = False
linear dependence = 1e-12
level shift = 0.001
max iter space = 12
max_memory 4000 MB
nroots = 1
pspace_size = 400
spin = None
Density matrix diagonal elements [1.99996421e+00 3.55039625e-05 1.99999998e+00 3.08824151e-07]
CASCI converged
CASCI E = -234.909280772851  E(CI) = -47.9147079077245  S^2 = 0.0000000

******** <class 'pyscf.mcscf.casci.CASCI'> ********
CAS (2e+2e, 4o), ncore = 13, nvir = 33
natorb = False
canonicalization = True
sorting_mo_energy = False
max_memory 4000 MB (current use 452 MB)
******** <class 'pyscf.fci.direct_spin1.FCISolver'> ********
max. cycles = 200
conv_tol = 1e-08
davidson only = False
linear dependence = 1e-12
level shift = 0.001
max iter space = 12
max_memory 4000 MB
nroots = 1
pspace_size = 400
spin = None
Density matrix diagonal elements [1.99996511e+00 3.48016265e-05 1.99999999e+00 9.95733522e-08]
CASCI converged
CASCI E = -234.909279796650  E(CI) = -47.9147069315231  S^2 = 0.0000000

******** <class 'pyscf.mcscf.casci.CASCI'> ********
CAS (3e+3e, 4o), ncore = 12, nvir = 34
natorb = False
canonicalization = True
sorting_mo_energy = False
max_memory 4000 MB (current use 452 MB)
******** <class 'pyscf.fci.direct_spin1.FCISolver'> ********
max. cycles = 200
conv_tol = 1e-08
davidson only = False
linear dependence = 1e-12
level shift = 0.001
max iter space = 12
max_memory 4000 MB
nroots = 1
pspace_size = 400
spin = None
Density matrix diagonal elements [1.99996602e+00 3.40956236e-05 2.00000000e+00 1.99999988e+00]
CASCI converged
CASCI E = -234.909279619724  E(CI) = -42.2319569192238  S^2 = 0.0000000

******** <class 'pyscf.mcscf.casci.CASCI'> ********
CAS (3e+3e, 4o), ncore = 12, nvir = 34
natorb = False
canonicalization = True
sorting_mo_energy = False
max_memory 4000 MB (current use 452 MB)
******** <class 'pyscf.fci.direct_spin1.FCISolver'> ********
max. cycles = 200
conv_tol = 1e-08
davidson only = False
linear dependence = 1e-12
level shift = 0.001
max iter space = 12
max_memory 4000 MB
nroots = 1
pspace_size = 400
spin = None
Density matrix diagonal elements [1.99996579e+00 3.47158244e-05 2.00000000e+00 1.99999950e+00]
CASCI converged
CASCI E = -234.909280545389  E(CI) = -39.4167005143779  S^2 = 0.0000000

******** <class 'pyscf.mcscf.casci.CASCI'> ********
CAS (3e+3e, 4o), ncore = 12, nvir = 34
natorb = False
canonicalization = True
sorting_mo_energy = False
max_memory 4000 MB (current use 452 MB)
******** <class 'pyscf.fci.direct_spin1.FCISolver'> ********
max. cycles = 200
conv_tol = 1e-08
davidson only = False
linear dependence = 1e-12
level shift = 0.001
max iter space = 12
max_memory 4000 MB
nroots = 1
pspace_size = 400
spin = None
Density matrix diagonal elements [1.99996582e+00 3.41899029e-05 2.00000000e+00 1.99999999e+00]
CASCI converged
CASCI E = -234.909279168329  E(CI) = -39.3471131883542  S^2 = 0.0000000

******** <class 'pyscf.mcscf.casci.CASCI'> ********
CAS (3e+3e, 4o), ncore = 12, nvir = 34
natorb = False
canonicalization = True
sorting_mo_energy = False
max_memory 4000 MB (current use 452 MB)
******** <class 'pyscf.fci.direct_spin1.FCISolver'> ********
max. cycles = 200
conv_tol = 1e-08
davidson only = False
linear dependence = 1e-12
level shift = 0.001
max iter space = 12
max_memory 4000 MB
nroots = 1
pspace_size = 400
spin = None
Density matrix diagonal elements [1.99996582e+00 3.41898842e-05 2.00000000e+00 1.99999999e+00]
CASCI converged
CASCI E = -234.909279168335  E(CI) = -39.3471034793852  S^2 = 0.0000000

******** <class 'pyscf.mcscf.casci.CASCI'> ********
CAS (3e+3e, 4o), ncore = 12, nvir = 34
natorb = False
canonicalization = True
sorting_mo_energy = False
max_memory 4000 MB (current use 452 MB)
******** <class 'pyscf.fci.direct_spin1.FCISolver'> ********
max. cycles = 200
conv_tol = 1e-08
davidson only = False
linear dependence = 1e-12
level shift = 0.001
max iter space = 12
max_memory 4000 MB
nroots = 1
pspace_size = 400
spin = None
Density matrix diagonal elements [1.99996555e+00 3.44610233e-05 2.00000000e+00 1.99999999e+00]
CASCI converged
CASCI E = -234.909279152427  E(CI) = -35.3364393197464  S^2 = 0.0000000

******** <class 'pyscf.mcscf.casci.CASCI'> ********
CAS (3e+3e, 4o), ncore = 12, nvir = 34
natorb = False
canonicalization = True
sorting_mo_energy = False
max_memory 4000 MB (current use 452 MB)
******** <class 'pyscf.fci.direct_spin1.FCISolver'> ********
max. cycles = 200
conv_tol = 1e-08
davidson only = False
linear dependence = 1e-12
level shift = 0.001
max iter space = 12
max_memory 4000 MB
nroots = 1
pspace_size = 400
spin = None
Density matrix diagonal elements [1.99996556e+00 3.48880358e-05 2.00000000e+00 1.99999956e+00]
CASCI converged
CASCI E = -234.909279529748  E(CI) = -33.6908718569547  S^2 = 0.0000000

******** <class 'pyscf.mcscf.casci.CASCI'> ********
CAS (3e+3e, 4o), ncore = 12, nvir = 34
natorb = False
canonicalization = True
sorting_mo_energy = False
max_memory 4000 MB (current use 452 MB)
******** <class 'pyscf.fci.direct_spin1.FCISolver'> ********
max. cycles = 200
conv_tol = 1e-08
davidson only = False
linear dependence = 1e-12
level shift = 0.001
max iter space = 12
max_memory 4000 MB
nroots = 1
pspace_size = 400
spin = None
Density matrix diagonal elements [1.99996568e+00 4.25254676e-05 2.00000000e+00 1.99999180e+00]
CASCI converged
CASCI E = -234.909284418596  E(CI) = -34.3176602327609  S^2 = 0.0000000

******** <class 'pyscf.mcscf.casci.CASCI'> ********
CAS (3e+3e, 4o), ncore = 12, nvir = 34
natorb = False
canonicalization = True
sorting_mo_energy = False
max_memory 4000 MB (current use 452 MB)
******** <class 'pyscf.fci.direct_spin1.FCISolver'> ********
max. cycles = 200
conv_tol = 1e-08
davidson only = False
linear dependence = 1e-12
level shift = 0.001
max iter space = 12
max_memory 4000 MB
nroots = 1
pspace_size = 400
spin = None
Density matrix diagonal elements [1.99996555e+00 3.44899287e-05 2.00000000e+00 1.99999996e+00]
CASCI converged
CASCI E = -234.909279164309  E(CI) = -33.1566826873217  S^2 = 0.0000000

******** <class 'pyscf.mcscf.casci.CASCI'> ********
CAS (3e+3e, 4o), ncore = 12, nvir = 34
natorb = False
canonicalization = True
sorting_mo_energy = False
max_memory 4000 MB (current use 452 MB)
******** <class 'pyscf.fci.direct_spin1.FCISolver'> ********
max. cycles = 200
conv_tol = 1e-08
davidson only = False
linear dependence = 1e-12
level shift = 0.001
max iter space = 12
max_memory 4000 MB
nroots = 1
pspace_size = 400
spin = None
Density matrix diagonal elements [1.99996555e+00 3.44899338e-05 2.00000000e+00 1.99999996e+00]
CASCI converged
CASCI E = -234.909279164313  E(CI) = -33.1566806875007  S^2 = 0.0000000

******** <class 'pyscf.mcscf.casci.CASCI'> ********
CAS (3e+3e, 4o), ncore = 12, nvir = 34
natorb = False
canonicalization = True
sorting_mo_energy = False
max_memory 4000 MB (current use 452 MB)
******** <class 'pyscf.fci.direct_spin1.FCISolver'> ********
max. cycles = 200
conv_tol = 1e-08
davidson only = False
linear dependence = 1e-12
level shift = 0.001
max iter space = 12
max_memory 4000 MB
nroots = 1
pspace_size = 400
spin = None
Density matrix diagonal elements [1.99996831e+00 7.32044900e-05 2.00000000e+00 1.99995848e+00]
CASCI converged
CASCI E = -234.909291875666  E(CI) = -33.7344127153819  S^2 = 0.0000000

******** <class 'pyscf.mcscf.casci.CASCI'> ********
CAS (3e+3e, 4o), ncore = 12, nvir = 34
natorb = False
canonicalization = True
sorting_mo_energy = False
max_memory 4000 MB (current use 452 MB)
******** <class 'pyscf.fci.direct_spin1.FCISolver'> ********
max. cycles = 200
conv_tol = 1e-08
davidson only = False
linear dependence = 1e-12
level shift = 0.001
max iter space = 12
max_memory 4000 MB
nroots = 1
pspace_size = 400
spin = None
Density matrix diagonal elements [1.99996831e+00 7.32101926e-05 2.00000000e+00 1.99995848e+00]
CASCI converged
CASCI E = -234.909291874523  E(CI) = -33.7341602845682  S^2 = 0.0000000

******** <class 'pyscf.mcscf.casci.CASCI'> ********
CAS (3e+3e, 4o), ncore = 12, nvir = 34
natorb = False
canonicalization = True
sorting_mo_energy = False
max_memory 4000 MB (current use 452 MB)
******** <class 'pyscf.fci.direct_spin1.FCISolver'> ********
max. cycles = 200
conv_tol = 1e-08
davidson only = False
linear dependence = 1e-12
level shift = 0.001
max iter space = 12
max_memory 4000 MB
nroots = 1
pspace_size = 400
spin = None
Density matrix diagonal elements [1.99996715e+00 6.56946892e-05 2.00000000e+00 1.99996715e+00]
CASCI converged
CASCI E = -234.909289953359  E(CI) = -34.0664372680439  S^2 = 0.0000000

******** <class 'pyscf.mcscf.casci.CASCI'> ********
CAS (2e+2e, 4o), ncore = 13, nvir = 33
natorb = False
canonicalization = True
sorting_mo_energy = False
max_memory 4000 MB (current use 452 MB)
******** <class 'pyscf.fci.direct_spin1.FCISolver'> ********
max. cycles = 200
conv_tol = 1e-08
davidson only = False
linear dependence = 1e-12
level shift = 0.001
max iter space = 12
max_memory 4000 MB
nroots = 1
pspace_size = 400
spin = None
Density matrix diagonal elements [1.99996347e+00 3.39522011e-05 2.00000000e+00 2.58246040e-06]
CASCI converged
CASCI E = -234.909280299369  E(CI) = -28.5997944818591  S^2 = 0.0000000

******** <class 'pyscf.mcscf.casci.CASCI'> ********
CAS (2e+2e, 4o), ncore = 13, nvir = 33
natorb = False
canonicalization = True
sorting_mo_energy = False
max_memory 4000 MB (current use 452 MB)
******** <class 'pyscf.fci.direct_spin1.FCISolver'> ********
max. cycles = 200
conv_tol = 1e-08
davidson only = False
linear dependence = 1e-12
level shift = 0.001
max iter space = 12
max_memory 4000 MB
nroots = 1
pspace_size = 400
spin = None
Density matrix diagonal elements [1.99996347e+00 3.39521612e-05 2.00000000e+00 2.58290974e-06]
CASCI converged
CASCI E = -234.909280299569  E(CI) = -28.5997944820592  S^2 = 0.0000000

******** <class 'pyscf.mcscf.casci.CASCI'> ********
CAS (2e+2e, 4o), ncore = 13, nvir = 33
natorb = False
canonicalization = True
sorting_mo_energy = False
max_memory 4000 MB (current use 452 MB)
******** <class 'pyscf.fci.direct_spin1.FCISolver'> ********
max. cycles = 200
conv_tol = 1e-08
davidson only = False
linear dependence = 1e-12
level shift = 0.001
max iter space = 12
max_memory 4000 MB
nroots = 1
pspace_size = 400
spin = None
Density matrix diagonal elements [1.99982887e+00 9.89347807e-05 1.99999999e+00 7.22064701e-05]
CASCI converged
CASCI E = -234.909315596309  E(CI) = -28.5998297787994  S^2 = 0.0000000

******** <class 'pyscf.mcscf.casci.CASCI'> ********
CAS (2e+2e, 4o), ncore = 13, nvir = 33
natorb = False
canonicalization = True
sorting_mo_energy = False
max_memory 4000 MB (current use 452 MB)
******** <class 'pyscf.fci.direct_spin1.FCISolver'> ********
max. cycles = 200
conv_tol = 1e-08
davidson only = False
linear dependence = 1e-12
level shift = 0.001
max iter space = 12
max_memory 4000 MB
nroots = 1
pspace_size = 400
spin = None
Density matrix diagonal elements [1.99972972e+00 3.16514736e-05 1.99999994e+00 2.38688623e-04]
CASCI converged
CASCI E = -234.909360195422  E(CI) = -28.5998743779124  S^2 = 0.0000000

******** <class 'pyscf.mcscf.casci.CASCI'> ********
CAS (2e+2e, 4o), ncore = 13, nvir = 33
natorb = False
canonicalization = True
sorting_mo_energy = False
max_memory 4000 MB (current use 452 MB)
******** <class 'pyscf.fci.direct_spin1.FCISolver'> ********
max. cycles = 200
conv_tol = 1e-08
davidson only = False
linear dependence = 1e-12
level shift = 0.001
max iter space = 12
max_memory 4000 MB
nroots = 1
pspace_size = 400
spin = None
Density matrix diagonal elements [1.99972958e+00 3.16504546e-05 1.99999994e+00 2.38829607e-04]
CASCI converged
CASCI E = -234.909360233329  E(CI) = -28.5998744158193  S^2 = 0.0000000

******** <class 'pyscf.mcscf.casci.CASCI'> ********
CAS (2e+2e, 4o), ncore = 13, nvir = 33
natorb = False
canonicalization = True
sorting_mo_energy = False
max_memory 4000 MB (current use 452 MB)
******** <class 'pyscf.fci.direct_spin1.FCISolver'> ********
max. cycles = 200
conv_tol = 1e-08
davidson only = False
linear dependence = 1e-12
level shift = 0.001
max iter space = 12
max_memory 4000 MB
nroots = 1
pspace_size = 400
spin = None
Density matrix diagonal elements [1.99992327e+00 4.25319020e-05 2.00000000e+00 3.42020686e-05]
CASCI converged
CASCI E = -234.909293171566  E(CI) = -28.5998073540562  S^2 = 0.0000000

******** <class 'pyscf.mcscf.casci.CASCI'> ********
CAS (2e+2e, 4o), ncore = 13, nvir = 33
natorb = False
canonicalization = True
sorting_mo_energy = False
max_memory 4000 MB (current use 452 MB)
******** <class 'pyscf.fci.direct_spin1.FCISolver'> ********
max. cycles = 200
conv_tol = 1e-08
davidson only = False
linear dependence = 1e-12
level shift = 0.001
max iter space = 12
max_memory 4000 MB
nroots = 1
pspace_size = 400
spin = None
Density matrix diagonal elements [1.99988869e+00 3.22628785e-05 1.99999982e+00 7.92231457e-05]
CASCI converged
CASCI E = -234.909318669176  E(CI) = -28.5998328516662  S^2 = 0.0000000

******** <class 'pyscf.mcscf.casci.CASCI'> ********
CAS (2e+2e, 4o), ncore = 13, nvir = 33
natorb = False
canonicalization = True
sorting_mo_energy = False
max_memory 4000 MB (current use 452 MB)
******** <class 'pyscf.fci.direct_spin1.FCISolver'> ********
max. cycles = 200
conv_tol = 1e-08
davidson only = False
linear dependence = 1e-12
level shift = 0.001
max iter space = 12
max_memory 4000 MB
nroots = 1
pspace_size = 400
spin = None
Density matrix diagonal elements [1.99988867e+00 3.22626324e-05 1.99999982e+00 7.92509611e-05]
CASCI converged
CASCI E = -234.909318680710  E(CI) = -28.5998328631999  S^2 = 0.0000000

******** <class 'pyscf.mcscf.casci.CASCI'> ********
CAS (2e+2e, 4o), ncore = 13, nvir = 33
natorb = False
canonicalization = True
sorting_mo_energy = False
max_memory 4000 MB (current use 452 MB)
******** <class 'pyscf.fci.direct_spin1.FCISolver'> ********
max. cycles = 200
conv_tol = 1e-08
davidson only = False
linear dependence = 1e-12
level shift = 0.001
max iter space = 12
max_memory 4000 MB
nroots = 1
pspace_size = 400
spin = None
Density matrix diagonal elements [1.98773171e+00 1.26325192e-03 2.00000000e+00 1.10050351e-02]
CASCI converged
CASCI E = -234.911235269113  E(CI) = -28.6017494516031  S^2 = 0.0000000

******** <class 'pyscf.mcscf.casci.CASCI'> ********
CAS (2e+2e, 4o), ncore = 13, nvir = 33
natorb = False
canonicalization = True
sorting_mo_energy = False
max_memory 4000 MB (current use 452 MB)
******** <class 'pyscf.fci.direct_spin1.FCISolver'> ********
max. cycles = 200
conv_tol = 1e-08
davidson only = False
linear dependence = 1e-12
level shift = 0.001
max iter space = 12
max_memory 4000 MB
nroots = 1
pspace_size = 400
spin = None
Density matrix diagonal elements [1.99990119e+00 3.76323706e-05 2.00000000e+00 6.11855510e-05]
CASCI converged
CASCI E = -234.909317912804  E(CI) = -28.5998320952937  S^2 = 0.0000000

******** <class 'pyscf.mcscf.casci.CASCI'> ********
CAS (2e+2e, 4o), ncore = 13, nvir = 33
natorb = False
canonicalization = True
sorting_mo_energy = False
max_memory 4000 MB (current use 452 MB)
******** <class 'pyscf.fci.direct_spin1.FCISolver'> ********
max. cycles = 200
conv_tol = 1e-08
davidson only = False
linear dependence = 1e-12
level shift = 0.001
max iter space = 12
max_memory 4000 MB
nroots = 1
pspace_size = 400
spin = None
Density matrix diagonal elements [1.99986750e+00 4.00672789e-05 1.99999465e+00 9.77868131e-05]
CASCI converged
CASCI E = -234.909417112210  E(CI) = -28.5999312946997  S^2 = 0.0000000

******** <class 'pyscf.mcscf.casci.CASCI'> ********
CAS (2e+2e, 4o), ncore = 13, nvir = 33
natorb = False
canonicalization = True
sorting_mo_energy = False
max_memory 4000 MB (current use 452 MB)
******** <class 'pyscf.fci.direct_spin1.FCISolver'> ********
max. cycles = 200
conv_tol = 1e-08
davidson only = False
linear dependence = 1e-12
level shift = 0.001
max iter space = 12
max_memory 4000 MB
nroots = 1
pspace_size = 400
spin = None
Density matrix diagonal elements [1.99996547e+00 3.44392034e-05 1.99999620e+00 3.88801409e-06]
CASCI converged
CASCI E = -234.909327168739  E(CI) = -28.5998413512292  S^2 = 0.0000000

******** <class 'pyscf.mcscf.casci.CASCI'> ********
CAS (2e+2e, 4o), ncore = 13, nvir = 33
natorb = False
canonicalization = True
sorting_mo_energy = False
max_memory 4000 MB (current use 452 MB)
******** <class 'pyscf.fci.direct_spin1.FCISolver'> ********
max. cycles = 200
conv_tol = 1e-08
davidson only = False
linear dependence = 1e-12
level shift = 0.001
max iter space = 12
max_memory 4000 MB
nroots = 1
pspace_size = 400
spin = None
Density matrix diagonal elements [1.99996547e+00 3.44392043e-05 1.99999620e+00 3.88791034e-06]
CASCI converged
CASCI E = -234.909327167580  E(CI) = -28.5998413500703  S^2 = 0.0000000

******** <class 'pyscf.mcscf.casci.CASCI'> ********
CAS (2e+2e, 4o), ncore = 13, nvir = 33
natorb = False
canonicalization = True
sorting_mo_energy = False
max_memory 4000 MB (current use 452 MB)
******** <class 'pyscf.fci.direct_spin1.FCISolver'> ********
max. cycles = 200
conv_tol = 1e-08
davidson only = False
linear dependence = 1e-12
level shift = 0.001
max iter space = 12
max_memory 4000 MB
nroots = 1
pspace_size = 400
spin = None
Density matrix diagonal elements [1.99992949e+00 3.35159939e-05 2.00000000e+00 3.69910343e-05]
CASCI converged
CASCI E = -234.909305496334  E(CI) = -28.5998196788241  S^2 = 0.0000000

******** <class 'pyscf.mcscf.casci.CASCI'> ********
CAS (2e+2e, 4o), ncore = 13, nvir = 33
natorb = False
canonicalization = True
sorting_mo_energy = False
max_memory 4000 MB (current use 452 MB)
******** <class 'pyscf.fci.direct_spin1.FCISolver'> ********
max. cycles = 200
conv_tol = 1e-08
davidson only = False
linear dependence = 1e-12
level shift = 0.001
max iter space = 12
max_memory 4000 MB
nroots = 1
pspace_size = 400
spin = None
Density matrix diagonal elements [1.98748526e+00 2.07732017e-05 2.00000000e+00 1.24939650e-02]
CASCI converged
CASCI E = -234.918900970225  E(CI) = -28.6094151527151  S^2 = 0.0000000

******** <class 'pyscf.mcscf.casci.CASCI'> ********
CAS (2e+2e, 4o), ncore = 13, nvir = 33
natorb = False
canonicalization = True
sorting_mo_energy = False
max_memory 4000 MB (current use 452 MB)
******** <class 'pyscf.fci.direct_spin1.FCISolver'> ********
max. cycles = 200
conv_tol = 1e-08
davidson only = False
linear dependence = 1e-12
level shift = 0.001
max iter space = 12
max_memory 4000 MB
nroots = 1
pspace_size = 400
spin = None
Density matrix diagonal elements [1.99991472e+00 3.31707634e-05 2.00000000e+00 5.21082195e-05]
CASCI converged
CASCI E = -234.909325265419  E(CI) = -28.5998394479093  S^2 = 0.0000000

******** <class 'pyscf.mcscf.casci.CASCI'> ********
CAS (2e+2e, 4o), ncore = 13, nvir = 33
natorb = False
canonicalization = True
sorting_mo_energy = False
max_memory 4000 MB (current use 452 MB)
******** <class 'pyscf.fci.direct_spin1.FCISolver'> ********
max. cycles = 200
conv_tol = 1e-08
davidson only = False
linear dependence = 1e-12
level shift = 0.001
max iter space = 12
max_memory 4000 MB
nroots = 1
pspace_size = 400
spin = None
Density matrix diagonal elements [1.99991472e+00 3.31707270e-05 2.00000000e+00 5.21147307e-05]
CASCI converged
CASCI E = -234.909325271169  E(CI) = -28.5998394536595  S^2 = 0.0000000

******** <class 'pyscf.mcscf.casci.CASCI'> ********
CAS (2e+2e, 4o), ncore = 13, nvir = 33
natorb = False
canonicalization = True
sorting_mo_energy = False
max_memory 4000 MB (current use 452 MB)
******** <class 'pyscf.fci.direct_spin1.FCISolver'> ********
max. cycles = 200
conv_tol = 1e-08
davidson only = False
linear dependence = 1e-12
level shift = 0.001
max iter space = 12
max_memory 4000 MB
nroots = 1
pspace_size = 400
spin = None
Density matrix diagonal elements [1.99995935e+00 3.52732178e-05 1.99999399e+00 1.13864367e-05]
CASCI converged
CASCI E = -234.909363160006  E(CI) = -28.5998773424957  S^2 = 0.0000000

******** <class 'pyscf.mcscf.casci.CASCI'> ********
CAS (2e+2e, 4o), ncore = 13, nvir = 33
natorb = False
canonicalization = True
sorting_mo_energy = False
max_memory 4000 MB (current use 452 MB)
******** <class 'pyscf.fci.direct_spin1.FCISolver'> ********
max. cycles = 200
conv_tol = 1e-08
davidson only = False
linear dependence = 1e-12
level shift = 0.001
max iter space = 12
max_memory 4000 MB
nroots = 1
pspace_size = 400
spin = None
Density matrix diagonal elements [1.99995468e+00 3.44304790e-05 1.99999956e+00 1.13313914e-05]
CASCI converged
CASCI E = -234.909298547608  E(CI) = -28.5998127300983  S^2 = 0.0000000

******** <class 'pyscf.mcscf.casci.CASCI'> ********
CAS (2e+2e, 4o), ncore = 13, nvir = 33
natorb = False
canonicalization = True
sorting_mo_energy = False
max_memory 4000 MB (current use 452 MB)
******** <class 'pyscf.fci.direct_spin1.FCISolver'> ********
max. cycles = 200
conv_tol = 1e-08
davidson only = False
linear dependence = 1e-12
level shift = 0.001
max iter space = 12
max_memory 4000 MB
nroots = 1
pspace_size = 400
spin = None
Density matrix diagonal elements [1.99996322e+00 3.48264182e-05 1.99999997e+00 1.97403091e-06]
CASCI converged
CASCI E = -234.909282643215  E(CI) = -28.5997968257054  S^2 = 0.0000000

******** <class 'pyscf.mcscf.casci.CASCI'> ********
CAS (2e+2e, 4o), ncore = 13, nvir = 33
natorb = False
canonicalization = True
sorting_mo_energy = False
max_memory 4000 MB (current use 452 MB)
******** <class 'pyscf.fci.direct_spin1.FCISolver'> ********
max. cycles = 200
conv_tol = 1e-08
davidson only = False
linear dependence = 1e-12
level shift = 0.001
max iter space = 12
max_memory 4000 MB
nroots = 1
pspace_size = 400
spin = None
Density matrix diagonal elements [1.99996554e+00 3.44480586e-05 2.00000000e+00 1.51041804e-08]
CASCI converged
CASCI E = -234.909279170960  E(CI) = -28.5997933534499  S^2 = 0.0000000

******** <class 'pyscf.mcscf.casci.CASCI'> ********
CAS (2e+2e, 4o), ncore = 13, nvir = 33
natorb = False
canonicalization = True
sorting_mo_energy = False
max_memory 4000 MB (current use 452 MB)
******** <class 'pyscf.fci.direct_spin1.FCISolver'> ********
max. cycles = 200
conv_tol = 1e-08
davidson only = False
linear dependence = 1e-12
level shift = 0.001
max iter space = 12
max_memory 4000 MB
nroots = 1
pspace_size = 400
spin = None
Density matrix diagonal elements [1.99996554e+00 3.44480588e-05 2.00000000e+00 1.51010843e-08]
CASCI converged
CASCI E = -234.909279170954  E(CI) = -28.5997933534444  S^2 = 0.0000000

******** <class 'pyscf.mcscf.casci.CASCI'> ********
CAS (2e+2e, 4o), ncore = 13, nvir = 33
natorb = False
canonicalization = True
sorting_mo_energy = False
max_memory 4000 MB (current use 452 MB)
******** <class 'pyscf.fci.direct_spin1.FCISolver'> ********
max. cycles = 200
conv_tol = 1e-08
davidson only = False
linear dependence = 1e-12
level shift = 0.001
max iter space = 12
max_memory 4000 MB
nroots = 1
pspace_size = 400
spin = None
Density matrix diagonal elements [1.99996477e+00 3.50454842e-05 2.00000000e+00 1.84947904e-07]
CASCI converged
CASCI E = -234.909279582082  E(CI) = -28.5997937645721  S^2 = 0.0000000

******** <class 'pyscf.mcscf.casci.CASCI'> ********
CAS (2e+2e, 4o), ncore = 13, nvir = 33
natorb = False
canonicalization = True
sorting_mo_energy = False
max_memory 4000 MB (current use 452 MB)
******** <class 'pyscf.fci.direct_spin1.FCISolver'> ********
max. cycles = 200
conv_tol = 1e-08
davidson only = False
linear dependence = 1e-12
level shift = 0.001
max iter space = 12
max_memory 4000 MB
nroots = 1
pspace_size = 400
spin = None
Density matrix diagonal elements [1.99996555e+00 3.44493231e-05 1.99999999e+00 7.07773824e-09]
CASCI converged
CASCI E = -234.909279228159  E(CI) = -28.5997934106486  S^2 = 0.0000000

******** <class 'pyscf.mcscf.casci.CASCI'> ********
CAS (2e+2e, 4o), ncore = 13, nvir = 33
natorb = False
canonicalization = True
sorting_mo_energy = False
max_memory 4000 MB (current use 452 MB)
******** <class 'pyscf.fci.direct_spin1.FCISolver'> ********
max. cycles = 200
conv_tol = 1e-08
davidson only = False
linear dependence = 1e-12
level shift = 0.001
max iter space = 12
max_memory 4000 MB
nroots = 1
pspace_size = 400
spin = None
Density matrix diagonal elements [1.99996550e+00 3.44471271e-05 1.99999999e+00 6.34858154e-08]
CASCI converged
CASCI E = -234.909279363939  E(CI) = -28.5997935464292  S^2 = 0.0000000

******** <class 'pyscf.mcscf.casci.CASCI'> ********
CAS (2e+2e, 4o), ncore = 13, nvir = 33
natorb = False
canonicalization = True
sorting_mo_energy = False
max_memory 4000 MB (current use 452 MB)
******** <class 'pyscf.fci.direct_spin1.FCISolver'> ********
max. cycles = 200
conv_tol = 1e-08
davidson only = False
linear dependence = 1e-12
level shift = 0.001
max iter space = 12
max_memory 4000 MB
nroots = 1
pspace_size = 400
spin = None
Density matrix diagonal elements [1.99996554e+00 3.44468301e-05 1.99999999e+00 2.11489930e-08]
CASCI converged
CASCI E = -234.909279262327  E(CI) = -28.5997934448176  S^2 = 0.0000000

******** <class 'pyscf.mcscf.casci.CASCI'> ********
CAS (2e+2e, 4o), ncore = 13, nvir = 33
natorb = False
canonicalization = True
sorting_mo_energy = False
max_memory 4000 MB (current use 452 MB)
******** <class 'pyscf.fci.direct_spin1.FCISolver'> ********
max. cycles = 200
conv_tol = 1e-08
davidson only = False
linear dependence = 1e-12
level shift = 0.001
max iter space = 12
max_memory 4000 MB
nroots = 1
pspace_size = 400
spin = None
Density matrix diagonal elements [1.99996554e+00 3.44468300e-05 1.99999999e+00 2.11492327e-08]
CASCI converged
CASCI E = -234.909279262327  E(CI) = -28.5997934448171  S^2 = 0.0000000

******** <class 'pyscf.mcscf.casci.CASCI'> ********
CAS (2e+2e, 4o), ncore = 13, nvir = 33
natorb = False
canonicalization = True
sorting_mo_energy = False
max_memory 4000 MB (current use 452 MB)
******** <class 'pyscf.fci.direct_spin1.FCISolver'> ********
max. cycles = 200
conv_tol = 1e-08
davidson only = False
linear dependence = 1e-12
level shift = 0.001
max iter space = 12
max_memory 4000 MB
nroots = 1
pspace_size = 400
spin = None
Density matrix diagonal elements [1.99996553e+00 3.44603009e-05 1.99999995e+00 6.10022076e-08]
CASCI converged
CASCI E = -234.909279899924  E(CI) = -28.5997940824139  S^2 = 0.0000000

******** <class 'pyscf.mcscf.casci.CASCI'> ********
CAS (2e+2e, 4o), ncore = 13, nvir = 33
natorb = False
canonicalization = True
sorting_mo_energy = False
max_memory 4000 MB (current use 452 MB)
******** <class 'pyscf.fci.direct_spin1.FCISolver'> ********
max. cycles = 200
conv_tol = 1e-08
davidson only = False
linear dependence = 1e-12
level shift = 0.001
max iter space = 12
max_memory 4000 MB
nroots = 1
pspace_size = 400
spin = None
Density matrix diagonal elements [1.99996555e+00 3.44494881e-05 2.00000000e+00 1.37647293e-11]
CASCI converged
CASCI E = -234.909279133534  E(CI) = -28.5997933160243  S^2 = 0.0000000

******** <class 'pyscf.mcscf.casci.CASCI'> ********
CAS (2e+2e, 4o), ncore = 13, nvir = 33
natorb = False
canonicalization = True
sorting_mo_energy = False
max_memory 4000 MB (current use 452 MB)
******** <class 'pyscf.fci.direct_spin1.FCISolver'> ********
max. cycles = 200
conv_tol = 1e-08
davidson only = False
linear dependence = 1e-12
level shift = 0.001
max iter space = 12
max_memory 4000 MB
nroots = 1
pspace_size = 400
spin = None
Density matrix diagonal elements [1.99996555e+00 3.44494843e-05 2.00000000e+00 4.23505207e-11]
CASCI converged
CASCI E = -234.909279133646  E(CI) = -28.5997933161364  S^2 = 0.0000000

******** <class 'pyscf.mcscf.casci.CASCI'> ********
CAS (2e+2e, 4o), ncore = 13, nvir = 33
natorb = False
canonicalization = True
sorting_mo_energy = False
max_memory 4000 MB (current use 452 MB)
******** <class 'pyscf.fci.direct_spin1.FCISolver'> ********
max. cycles = 200
conv_tol = 1e-08
davidson only = False
linear dependence = 1e-12
level shift = 0.001
max iter space = 12
max_memory 4000 MB
nroots = 1
pspace_size = 400
spin = None
Density matrix diagonal elements [1.99996555e+00 3.44494543e-05 1.99999999e+00 6.63893344e-09]
CASCI converged
CASCI E = -234.909279237894  E(CI) = -28.5997934203839  S^2 = 0.0000000

******** <class 'pyscf.mcscf.casci.CASCI'> ********
CAS (2e+2e, 4o), ncore = 13, nvir = 33
natorb = False
canonicalization = True
sorting_mo_energy = False
max_memory 4000 MB (current use 452 MB)
******** <class 'pyscf.fci.direct_spin1.FCISolver'> ********
max. cycles = 200
conv_tol = 1e-08
davidson only = False
linear dependence = 1e-12
level shift = 0.001
max iter space = 12
max_memory 4000 MB
nroots = 1
pspace_size = 400
spin = None
Density matrix diagonal elements [1.99996555e+00 3.44494543e-05 1.99999999e+00 6.63892932e-09]
CASCI converged
CASCI E = -234.909279237894  E(CI) = -28.5997934203838  S^2 = 0.0000000

******** <class 'pyscf.mcscf.casci.CASCI'> ********
CAS (2e+2e, 4o), ncore = 13, nvir = 33
natorb = False
canonicalization = True
sorting_mo_energy = False
max_memory 4000 MB (current use 452 MB)
******** <class 'pyscf.fci.direct_spin1.FCISolver'> ********
max. cycles = 200
conv_tol = 1e-08
davidson only = False
linear dependence = 1e-12
level shift = 0.001
max iter space = 12
max_memory 4000 MB
nroots = 1
pspace_size = 400
spin = None
Density matrix diagonal elements [1.99996421e+00 3.55080978e-05 1.99999977e+00 5.16195290e-07]
CASCI converged
CASCI E = -234.909283977648  E(CI) = -28.5997981601386  S^2 = 0.0000000

******** <class 'pyscf.mcscf.casci.CASCI'> ********
CAS (2e+2e, 4o), ncore = 13, nvir = 33
natorb = False
canonicalization = True
sorting_mo_energy = False
max_memory 4000 MB (current use 452 MB)
******** <class 'pyscf.fci.direct_spin1.FCISolver'> ********
max. cycles = 200
conv_tol = 1e-08
davidson only = False
linear dependence = 1e-12
level shift = 0.001
max iter space = 12
max_memory 4000 MB
nroots = 1
pspace_size = 400
spin = None
Density matrix diagonal elements [1.99996511e+00 3.48093536e-05 1.99999873e+00 1.35616620e-06]
CASCI converged
CASCI E = -234.909300592093  E(CI) = -28.5998147745831  S^2 = 0.0000000

******** <class 'pyscf.mcscf.casci.CASCI'> ********
CAS (3e+3e, 4o), ncore = 12, nvir = 34
natorb = False
canonicalization = True
sorting_mo_energy = False
max_memory 4000 MB (current use 452 MB)
******** <class 'pyscf.fci.direct_spin1.FCISolver'> ********
max. cycles = 200
conv_tol = 1e-08
davidson only = False
linear dependence = 1e-12
level shift = 0.001
max iter space = 12
max_memory 4000 MB
nroots = 1
pspace_size = 400
spin = None
Density matrix diagonal elements [1.99996622e+00 3.48306886e-05 1.99999966e+00 1.99999928e+00]
CASCI converged
CASCI E = -234.909282629054  E(CI) = -27.0418061529159  S^2 = 0.0000000

******** <class 'pyscf.mcscf.casci.CASCI'> ********
CAS (3e+3e, 4o), ncore = 12, nvir = 34
natorb = False
canonicalization = True
sorting_mo_energy = False
max_memory 4000 MB (current use 452 MB)
******** <class 'pyscf.fci.direct_spin1.FCISolver'> ********
max. cycles = 200
conv_tol = 1e-08
davidson only = False
linear dependence = 1e-12
level shift = 0.001
max iter space = 12
max_memory 4000 MB
nroots = 1
pspace_size = 400
spin = None
Density matrix diagonal elements [1.99996625e+00 3.38701039e-05 1.99999989e+00 1.99999999e+00]
CASCI converged
CASCI E = -234.909279638223  E(CI) = -27.0481934023258  S^2 = 0.0000000

******** <class 'pyscf.mcscf.casci.CASCI'> ********
CAS (3e+3e, 4o), ncore = 12, nvir = 34
natorb = False
canonicalization = True
sorting_mo_energy = False
max_memory 4000 MB (current use 452 MB)
******** <class 'pyscf.fci.direct_spin1.FCISolver'> ********
max. cycles = 200
conv_tol = 1e-08
davidson only = False
linear dependence = 1e-12
level shift = 0.001
max iter space = 12
max_memory 4000 MB
nroots = 1
pspace_size = 400
spin = None
Density matrix diagonal elements [1.99996625e+00 3.38700851e-05 1.99999989e+00 1.99999999e+00]
CASCI converged
CASCI E = -234.909279638228  E(CI) = -27.0481838395648  S^2 = 0.0000000

******** <class 'pyscf.mcscf.casci.CASCI'> ********
CAS (3e+3e, 4o), ncore = 12, nvir = 34
natorb = False
canonicalization = True
sorting_mo_energy = False
max_memory 4000 MB (current use 452 MB)
******** <class 'pyscf.fci.direct_spin1.FCISolver'> ********
max. cycles = 200
conv_tol = 1e-08
davidson only = False
linear dependence = 1e-12
level shift = 0.001
max iter space = 12
max_memory 4000 MB
nroots = 1
pspace_size = 400
spin = None
Density matrix diagonal elements [1.99996602e+00 3.41067180e-05 1.99999988e+00 1.99999999e+00]
CASCI converged
CASCI E = -234.909279630892  E(CI) = -18.9114136665891  S^2 = 0.0000000

******** <class 'pyscf.mcscf.casci.CASCI'> ********
CAS (3e+3e, 4o), ncore = 12, nvir = 34
natorb = False
canonicalization = True
sorting_mo_energy = False
max_memory 4000 MB (current use 453 MB)
******** <class 'pyscf.fci.direct_spin1.FCISolver'> ********
max. cycles = 200
conv_tol = 1e-08
davidson only = False
linear dependence = 1e-12
level shift = 0.001
max iter space = 12
max_memory 4000 MB
nroots = 1
pspace_size = 400
spin = None
Density matrix diagonal elements [1.99996602e+00 3.45477173e-05 1.99999988e+00 1.99999955e+00]
CASCI converged
CASCI E = -234.909280022926  E(CI) = -17.5602303369371  S^2 = 0.0000000

******** <class 'pyscf.mcscf.casci.CASCI'> ********
CAS (3e+3e, 4o), ncore = 12, nvir = 34
natorb = False
canonicalization = True
sorting_mo_energy = False
max_memory 4000 MB (current use 453 MB)
******** <class 'pyscf.fci.direct_spin1.FCISolver'> ********
max. cycles = 200
conv_tol = 1e-08
davidson only = False
linear dependence = 1e-12
level shift = 0.001
max iter space = 12
max_memory 4000 MB
nroots = 1
pspace_size = 400
spin = None
Density matrix diagonal elements [1.99996611e+00 4.22192573e-05 1.99999987e+00 1.99999180e+00]
CASCI converged
CASCI E = -234.909284946716  E(CI) = -18.0875266524161  S^2 = 0.0000000

******** <class 'pyscf.mcscf.casci.CASCI'> ********
CAS (3e+3e, 4o), ncore = 12, nvir = 34
natorb = False
canonicalization = True
sorting_mo_energy = False
max_memory 4000 MB (current use 453 MB)
******** <class 'pyscf.fci.direct_spin1.FCISolver'> ********
max. cycles = 200
conv_tol = 1e-08
davidson only = False
linear dependence = 1e-12
level shift = 0.001
max iter space = 12
max_memory 4000 MB
nroots = 1
pspace_size = 400
spin = None
Density matrix diagonal elements [1.99996602e+00 3.41353796e-05 1.99999988e+00 1.99999996e+00]
CASCI converged
CASCI E = -234.909279642422  E(CI) = -17.1453187761483  S^2 = 0.0000000

******** <class 'pyscf.mcscf.casci.CASCI'> ********
CAS (3e+3e, 4o), ncore = 12, nvir = 34
natorb = False
canonicalization = True
sorting_mo_energy = False
max_memory 4000 MB (current use 453 MB)
******** <class 'pyscf.fci.direct_spin1.FCISolver'> ********
max. cycles = 200
conv_tol = 1e-08
davidson only = False
linear dependence = 1e-12
level shift = 0.001
max iter space = 12
max_memory 4000 MB
nroots = 1
pspace_size = 400
spin = None
Density matrix diagonal elements [1.99996602e+00 3.41353847e-05 1.99999988e+00 1.99999996e+00]
CASCI converged
CASCI E = -234.909279642426  E(CI) = -17.1453288496050  S^2 = 0.0000000

******** <class 'pyscf.mcscf.casci.CASCI'> ********
CAS (3e+3e, 4o), ncore = 12, nvir = 34
natorb = False
canonicalization = True
sorting_mo_energy = False
max_memory 4000 MB (current use 453 MB)
******** <class 'pyscf.fci.direct_spin1.FCISolver'> ********
max. cycles = 200
conv_tol = 1e-08
davidson only = False
linear dependence = 1e-12
level shift = 0.001
max iter space = 12
max_memory 4000 MB
nroots = 1
pspace_size = 400
spin = None
Density matrix diagonal elements [1.99996869e+00 7.25277614e-05 1.99999991e+00 1.99995887e+00]
CASCI converged
CASCI E = -234.909292225141  E(CI) = -20.5216418493866  S^2 = 0.0000000

******** <class 'pyscf.mcscf.casci.CASCI'> ********
CAS (3e+3e, 4o), ncore = 12, nvir = 34
natorb = False
canonicalization = True
sorting_mo_energy = False
max_memory 4000 MB (current use 453 MB)
******** <class 'pyscf.fci.direct_spin1.FCISolver'> ********
max. cycles = 200
conv_tol = 1e-08
davidson only = False
linear dependence = 1e-12
level shift = 0.001
max iter space = 12
max_memory 4000 MB
nroots = 1
pspace_size = 400
spin = None
Density matrix diagonal elements [1.99996869e+00 7.25333962e-05 1.99999991e+00 1.99995886e+00]
CASCI converged
CASCI E = -234.909292224006  E(CI) = -20.5210767604692  S^2 = 0.0000000

******** <class 'pyscf.mcscf.casci.CASCI'> ********
CAS (3e+3e, 4o), ncore = 12, nvir = 34
natorb = False
canonicalization = True
sorting_mo_energy = False
max_memory 4000 MB (current use 453 MB)
******** <class 'pyscf.fci.direct_spin1.FCISolver'> ********
max. cycles = 200
conv_tol = 1e-08
davidson only = False
linear dependence = 1e-12
level shift = 0.001
max iter space = 12
max_memory 4000 MB
nroots = 1
pspace_size = 400
spin = None
Density matrix diagonal elements [1.99996753e+00 6.50167620e-05 1.99999992e+00 1.99996753e+00]
CASCI converged
CASCI E = -234.909290294982  E(CI) = -21.4456471800090  S^2 = 0.0000000

******** <class 'pyscf.mcscf.casci.CASCI'> ********
CAS (2e+2e, 4o), ncore = 13, nvir = 33
natorb = False
canonicalization = True
sorting_mo_energy = False
max_memory 4000 MB (current use 453 MB)
******** <class 'pyscf.fci.direct_spin1.FCISolver'> ********
max. cycles = 200
conv_tol = 1e-08
davidson only = False
linear dependence = 1e-12
level shift = 0.001
max iter space = 12
max_memory 4000 MB
nroots = 1
pspace_size = 400
spin = None
Density matrix diagonal elements [1.99996395e+00 3.36030922e-05 1.99999987e+00 2.57051582e-06]
CASCI converged
CASCI E = -234.909280819569  E(CI) = -13.7515111028360  S^2 = 0.0000000

******** <class 'pyscf.mcscf.casci.CASCI'> ********
CAS (2e+2e, 4o), ncore = 13, nvir = 33
natorb = False
canonicalization = True
sorting_mo_energy = False
max_memory 4000 MB (current use 453 MB)
******** <class 'pyscf.fci.direct_spin1.FCISolver'> ********
max. cycles = 200
conv_tol = 1e-08
davidson only = False
linear dependence = 1e-12
level shift = 0.001
max iter space = 12
max_memory 4000 MB
nroots = 1
pspace_size = 400
spin = None
Density matrix diagonal elements [1.99996395e+00 3.36030545e-05 1.99999987e+00 2.57095777e-06]
CASCI converged
CASCI E = -234.909280819829  E(CI) = -13.7515111030959  S^2 = 0.0000000

******** <class 'pyscf.mcscf.casci.CASCI'> ********
CAS (2e+2e, 4o), ncore = 13, nvir = 33
natorb = False
canonicalization = True
sorting_mo_energy = False
max_memory 4000 MB (current use 453 MB)
******** <class 'pyscf.fci.direct_spin1.FCISolver'> ********
max. cycles = 200
conv_tol = 1e-08
davidson only = False
linear dependence = 1e-12
level shift = 0.001
max iter space = 12
max_memory 4000 MB
nroots = 1
pspace_size = 400
spin = None
Density matrix diagonal elements [1.99983103e+00 9.78539365e-05 1.99999963e+00 7.14828553e-05]
CASCI converged
CASCI E = -234.909317040407  E(CI) = -13.7515473236741  S^2 = 0.0000000

******** <class 'pyscf.mcscf.casci.CASCI'> ********
CAS (2e+2e, 4o), ncore = 13, nvir = 33
natorb = False
canonicalization = True
sorting_mo_energy = False
max_memory 4000 MB (current use 453 MB)
******** <class 'pyscf.fci.direct_spin1.FCISolver'> ********
max. cycles = 200
conv_tol = 1e-08
davidson only = False
linear dependence = 1e-12
level shift = 0.001
max iter space = 12
max_memory 4000 MB
nroots = 1
pspace_size = 400
spin = None
Density matrix diagonal elements [1.99973444e+00 3.13476060e-05 1.99999818e+00 2.36034397e-04]
CASCI converged
CASCI E = -234.909367075446  E(CI) = -13.7515973587136  S^2 = 0.0000000

******** <class 'pyscf.mcscf.casci.CASCI'> ********
CAS (2e+2e, 4o), ncore = 13, nvir = 33
natorb = False
canonicalization = True
sorting_mo_energy = False
max_memory 4000 MB (current use 453 MB)
******** <class 'pyscf.fci.direct_spin1.FCISolver'> ********
max. cycles = 200
conv_tol = 1e-08
davidson only = False
linear dependence = 1e-12
level shift = 0.001
max iter space = 12
max_memory 4000 MB
nroots = 1
pspace_size = 400
spin = None
Density matrix diagonal elements [1.99973430e+00 3.13466149e-05 1.99999818e+00 2.36173094e-04]
CASCI converged
CASCI E = -234.909367120059  E(CI) = -13.7515974033266  S^2 = 0.0000000

******** <class 'pyscf.mcscf.casci.CASCI'> ********
CAS (2e+2e, 4o), ncore = 13, nvir = 33
natorb = False
canonicalization = True
sorting_mo_energy = False
max_memory 4000 MB (current use 453 MB)
******** <class 'pyscf.fci.direct_spin1.FCISolver'> ********
max. cycles = 200
conv_tol = 1e-08
davidson only = False
linear dependence = 1e-12
level shift = 0.001
max iter space = 12
max_memory 4000 MB
nroots = 1
pspace_size = 400
spin = None
Density matrix diagonal elements [1.99992530e+00 4.20515924e-05 1.99999857e+00 3.40823517e-05]
CASCI converged
CASCI E = -234.909299151435  E(CI) = -13.7515294347024  S^2 = 0.0000000

******** <class 'pyscf.mcscf.casci.CASCI'> ********
CAS (2e+2e, 4o), ncore = 13, nvir = 33
natorb = False
canonicalization = True
sorting_mo_energy = False
max_memory 4000 MB (current use 453 MB)
******** <class 'pyscf.fci.direct_spin1.FCISolver'> ********
max. cycles = 200
conv_tol = 1e-08
davidson only = False
linear dependence = 1e-12
level shift = 0.001
max iter space = 12
max_memory 4000 MB
nroots = 1
pspace_size = 400
spin = None
Density matrix diagonal elements [1.99989114e+00 3.19552107e-05 1.99999779e+00 7.91104095e-05]
CASCI converged
CASCI E = -234.909325885914  E(CI) = -13.7515561691810  S^2 = 0.0000000

******** <class 'pyscf.mcscf.casci.CASCI'> ********
CAS (2e+2e, 4o), ncore = 13, nvir = 33
natorb = False
canonicalization = True
sorting_mo_energy = False
max_memory 4000 MB (current use 453 MB)
******** <class 'pyscf.fci.direct_spin1.FCISolver'> ********
max. cycles = 200
conv_tol = 1e-08
davidson only = False
linear dependence = 1e-12
level shift = 0.001
max iter space = 12
max_memory 4000 MB
nroots = 1
pspace_size = 400
spin = None
Density matrix diagonal elements [1.99989112e+00 3.19549742e-05 1.99999779e+00 7.91382995e-05]
CASCI converged
CASCI E = -234.909325901794  E(CI) = -13.7515561850614  S^2 = 0.0000000

******** <class 'pyscf.mcscf.casci.CASCI'> ********
CAS (2e+2e, 4o), ncore = 13, nvir = 33
natorb = False
canonicalization = True
sorting_mo_energy = False
max_memory 4000 MB (current use 453 MB)
******** <class 'pyscf.fci.direct_spin1.FCISolver'> ********
max. cycles = 200
conv_tol = 1e-08
davidson only = False
linear dependence = 1e-12
level shift = 0.001
max iter space = 12
max_memory 4000 MB
nroots = 1
pspace_size = 400
spin = None
Density matrix diagonal elements [1.98799589e+00 1.24480976e-03 1.99996501e+00 1.07942845e-02]
CASCI converged
CASCI E = -234.911372315770  E(CI) = -13.7536025990371  S^2 = 0.0000000

******** <class 'pyscf.mcscf.casci.CASCI'> ********
CAS (2e+2e, 4o), ncore = 13, nvir = 33
natorb = False
canonicalization = True
sorting_mo_energy = False
max_memory 4000 MB (current use 453 MB)
******** <class 'pyscf.fci.direct_spin1.FCISolver'> ********
max. cycles = 200
conv_tol = 1e-08
davidson only = False
linear dependence = 1e-12
level shift = 0.001
max iter space = 12
max_memory 4000 MB
nroots = 1
pspace_size = 400
spin = None
Density matrix diagonal elements [1.99990403e+00 3.73818990e-05 1.99999301e+00 6.55851616e-05]
CASCI converged
CASCI E = -234.909348766221  E(CI) = -13.7515790494879  S^2 = 0.0000000

******** <class 'pyscf.mcscf.casci.CASCI'> ********
CAS (2e+2e, 4o), ncore = 13, nvir = 33
natorb = False
canonicalization = True
sorting_mo_energy = False
max_memory 4000 MB (current use 453 MB)
******** <class 'pyscf.fci.direct_spin1.FCISolver'> ********
max. cycles = 200
conv_tol = 1e-08
davidson only = False
linear dependence = 1e-12
level shift = 0.001
max iter space = 12
max_memory 4000 MB
nroots = 1
pspace_size = 400
spin = None
Density matrix diagonal elements [1.99987146e+00 3.97359265e-05 1.99998633e+00 1.02473228e-04]
CASCI converged
CASCI E = -234.909410261738  E(CI) = -13.7516405450047  S^2 = 0.0000000

******** <class 'pyscf.mcscf.casci.CASCI'> ********
CAS (2e+2e, 4o), ncore = 13, nvir = 33
natorb = False
canonicalization = True
sorting_mo_energy = False
max_memory 4000 MB (current use 453 MB)
******** <class 'pyscf.fci.direct_spin1.FCISolver'> ********
max. cycles = 200
conv_tol = 1e-08
davidson only = False
linear dependence = 1e-12
level shift = 0.001
max iter space = 12
max_memory 4000 MB
nroots = 1
pspace_size = 400
spin = None
Density matrix diagonal elements [1.99996595e+00 3.40848284e-05 1.99999988e+00 9.01117673e-08]
CASCI converged
CASCI E = -234.909279734508  E(CI) = -13.7515100177753  S^2 = 0.0000000

******** <class 'pyscf.mcscf.casci.CASCI'> ********
CAS (2e+2e, 4o), ncore = 13, nvir = 33
natorb = False
canonicalization = True
sorting_mo_energy = False
max_memory 4000 MB (current use 453 MB)
******** <class 'pyscf.fci.direct_spin1.FCISolver'> ********
max. cycles = 200
conv_tol = 1e-08
davidson only = False
linear dependence = 1e-12
level shift = 0.001
max iter space = 12
max_memory 4000 MB
nroots = 1
pspace_size = 400
spin = None
Density matrix diagonal elements [1.99996595e+00 3.40848293e-05 1.99999988e+00 9.01020131e-08]
CASCI converged
CASCI E = -234.909279734494  E(CI) = -13.7515100177614  S^2 = 0.0000000

******** <class 'pyscf.mcscf.casci.CASCI'> ********
CAS (2e+2e, 4o), ncore = 13, nvir = 33
natorb = False
canonicalization = True
sorting_mo_energy = False
max_memory 4000 MB (current use 453 MB)
******** <class 'pyscf.fci.direct_spin1.FCISolver'> ********
max. cycles = 200
conv_tol = 1e-08
davidson only = False
linear dependence = 1e-12
level shift = 0.001
max iter space = 12
max_memory 4000 MB
nroots = 1
pspace_size = 400
spin = None
Density matrix diagonal elements [1.99993270e+00 3.32076907e-05 1.99998143e+00 5.26663101e-05]
CASCI converged
CASCI E = -234.909388816856  E(CI) = -13.7516191001235  S^2 = 0.0000000

******** <class 'pyscf.mcscf.casci.CASCI'> ********
CAS (2e+2e, 4o), ncore = 13, nvir = 33
natorb = False
canonicalization = True
sorting_mo_energy = False
max_memory 4000 MB (current use 453 MB)
******** <class 'pyscf.fci.direct_spin1.FCISolver'> ********
max. cycles = 200
conv_tol = 1e-08
davidson only = False
linear dependence = 1e-12
level shift = 0.001
max iter space = 12
max_memory 4000 MB
nroots = 1
pspace_size = 400
spin = None
Density matrix diagonal elements [1.98749856e+00 4.18210220e-05 1.99996660e+00 1.24930117e-02]
CASCI converged
CASCI E = -234.919055412526  E(CI) = -13.7612856957931  S^2 = 0.0000000

******** <class 'pyscf.mcscf.casci.CASCI'> ********
CAS (2e+2e, 4o), ncore = 13, nvir = 33
natorb = False
canonicalization = True
sorting_mo_energy = False
max_memory 4000 MB (current use 453 MB)
******** <class 'pyscf.fci.direct_spin1.FCISolver'> ********
max. cycles = 200
conv_tol = 1e-08
davidson only = False
linear dependence = 1e-12
level shift = 0.001
max iter space = 12
max_memory 4000 MB
nroots = 1
pspace_size = 400
spin = None
Density matrix diagonal elements [1.99991745e+00 3.28584459e-05 1.99998615e+00 6.35371577e-05]
CASCI converged
CASCI E = -234.909389486450  E(CI) = -13.7516197697167  S^2 = 0.0000000

******** <class 'pyscf.mcscf.casci.CASCI'> ********
CAS (2e+2e, 4o), ncore = 13, nvir = 33
natorb = False
canonicalization = True
sorting_mo_energy = False
max_memory 4000 MB (current use 453 MB)
******** <class 'pyscf.fci.direct_spin1.FCISolver'> ********
max. cycles = 200
conv_tol = 1e-08
davidson only = False
linear dependence = 1e-12
level shift = 0.001
max iter space = 12
max_memory 4000 MB
nroots = 1
pspace_size = 400
spin = None
Density matrix diagonal elements [1.99991745e+00 3.28584120e-05 1.99998615e+00 6.35459192e-05]
CASCI converged
CASCI E = -234.909389504243  E(CI) = -13.7516197875097  S^2 = 0.0000000

******** <class 'pyscf.mcscf.casci.CASCI'> ********
CAS (2e+2e, 4o), ncore = 13, nvir = 33
natorb = False
canonicalization = True
sorting_mo_energy = False
max_memory 4000 MB (current use 453 MB)
******** <class 'pyscf.fci.direct_spin1.FCISolver'> ********
max. cycles = 200
conv_tol = 1e-08
davidson only = False
linear dependence = 1e-12
level shift = 0.001
max iter space = 12
max_memory 4000 MB
nroots = 1
pspace_size = 400
spin = None
Density matrix diagonal elements [1.99995999e+00 3.49411564e-05 1.99999748e+00 7.58485183e-06]
CASCI converged
CASCI E = -234.909298992650  E(CI) = -13.7515292759170  S^2 = 0.0000000

******** <class 'pyscf.mcscf.casci.CASCI'> ********
CAS (2e+2e, 4o), ncore = 13, nvir = 33
natorb = False
canonicalization = True
sorting_mo_energy = False
max_memory 4000 MB (current use 453 MB)
******** <class 'pyscf.fci.direct_spin1.FCISolver'> ********
max. cycles = 200
conv_tol = 1e-08
davidson only = False
linear dependence = 1e-12
level shift = 0.001
max iter space = 12
max_memory 4000 MB
nroots = 1
pspace_size = 400
spin = None
Density matrix diagonal elements [1.99995548e+00 3.42488666e-05 1.99999515e+00 1.51220696e-05]
CASCI converged
CASCI E = -234.909316476328  E(CI) = -13.7515467595952  S^2 = 0.0000000

******** <class 'pyscf.mcscf.casci.CASCI'> ********
CAS (2e+2e, 4o), ncore = 13, nvir = 33
natorb = False
canonicalization = True
sorting_mo_energy = False
max_memory 4000 MB (current use 453 MB)
******** <class 'pyscf.fci.direct_spin1.FCISolver'> ********
max. cycles = 200
conv_tol = 1e-08
davidson only = False
linear dependence = 1e-12
level shift = 0.001
max iter space = 12
max_memory 4000 MB
nroots = 1
pspace_size = 400
spin = None
Density matrix diagonal elements [1.99996374e+00 3.45127322e-05 1.99999846e+00 3.27988445e-06]
CASCI converged
CASCI E = -234.909290427581  E(CI) = -13.7515207108481  S^2 = 0.0000000

******** <class 'pyscf.mcscf.casci.CASCI'> ********
CAS (2e+2e, 4o), ncore = 13, nvir = 33
natorb = False
canonicalization = True
sorting_mo_energy = False
max_memory 4000 MB (current use 453 MB)
******** <class 'pyscf.fci.direct_spin1.FCISolver'> ********
max. cycles = 200
conv_tol = 1e-08
davidson only = False
linear dependence = 1e-12
level shift = 0.001
max iter space = 12
max_memory 4000 MB
nroots = 1
pspace_size = 400
spin = None
Density matrix diagonal elements [1.99996601e+00 3.40935947e-05 1.99999987e+00 2.40986401e-08]
CASCI converged
CASCI E = -234.909279698307  E(CI) = -13.7515099815745  S^2 = 0.0000000

******** <class 'pyscf.mcscf.casci.CASCI'> ********
CAS (2e+2e, 4o), ncore = 13, nvir = 33
natorb = False
canonicalization = True
sorting_mo_energy = False
max_memory 4000 MB (current use 453 MB)
******** <class 'pyscf.fci.direct_spin1.FCISolver'> ********
max. cycles = 200
conv_tol = 1e-08
davidson only = False
linear dependence = 1e-12
level shift = 0.001
max iter space = 12
max_memory 4000 MB
nroots = 1
pspace_size = 400
spin = None
Density matrix diagonal elements [1.99996601e+00 3.40935949e-05 1.99999987e+00 2.40928511e-08]
CASCI converged
CASCI E = -234.909279698285  E(CI) = -13.7515099815524  S^2 = 0.0000000

******** <class 'pyscf.mcscf.casci.CASCI'> ********
CAS (2e+2e, 4o), ncore = 13, nvir = 33
natorb = False
canonicalization = True
sorting_mo_energy = False
max_memory 4000 MB (current use 453 MB)
******** <class 'pyscf.fci.direct_spin1.FCISolver'> ********
max. cycles = 200
conv_tol = 1e-08
davidson only = False
linear dependence = 1e-12
level shift = 0.001
max iter space = 12
max_memory 4000 MB
nroots = 1
pspace_size = 400
spin = None
Density matrix diagonal elements [1.99996526e+00 3.47517708e-05 1.99999971e+00 2.80461330e-07]
CASCI converged
CASCI E = -234.909280905941  E(CI) = -13.7515111892076  S^2 = 0.0000000

******** <class 'pyscf.mcscf.casci.CASCI'> ********
CAS (2e+2e, 4o), ncore = 13, nvir = 33
natorb = False
canonicalization = True
sorting_mo_energy = False
max_memory 4000 MB (current use 453 MB)
******** <class 'pyscf.fci.direct_spin1.FCISolver'> ********
max. cycles = 200
conv_tol = 1e-08
davidson only = False
linear dependence = 1e-12
level shift = 0.001
max iter space = 12
max_memory 4000 MB
nroots = 1
pspace_size = 400
spin = None
Density matrix diagonal elements [1.99996602e+00 3.40948201e-05 1.99999988e+00 3.67606033e-10]
CASCI converged
CASCI E = -234.909279612737  E(CI) = -13.7515098960039  S^2 = 0.0000000

******** <class 'pyscf.mcscf.casci.CASCI'> ********
CAS (2e+2e, 4o), ncore = 13, nvir = 33
natorb = False
canonicalization = True
sorting_mo_energy = False
max_memory 4000 MB (current use 453 MB)
******** <class 'pyscf.fci.direct_spin1.FCISolver'> ********
max. cycles = 200
conv_tol = 1e-08
davidson only = False
linear dependence = 1e-12
level shift = 0.001
max iter space = 12
max_memory 4000 MB
nroots = 1
pspace_size = 400
spin = None
Density matrix diagonal elements [1.99996592e+00 3.41378098e-05 1.99999984e+00 9.69274852e-08]
CASCI converged
CASCI E = -234.909279998827  E(CI) = -13.7515102820944  S^2 = 0.0000000

******** <class 'pyscf.mcscf.casci.CASCI'> ********
CAS (2e+2e, 4o), ncore = 13, nvir = 33
natorb = False
canonicalization = True
sorting_mo_energy = False
max_memory 4000 MB (current use 453 MB)
******** <class 'pyscf.fci.direct_spin1.FCISolver'> ********
max. cycles = 200
conv_tol = 1e-08
davidson only = False
linear dependence = 1e-12
level shift = 0.001
max iter space = 12
max_memory 4000 MB
nroots = 1
pspace_size = 400
spin = None
Density matrix diagonal elements [1.99996601e+00 3.40923482e-05 1.99999988e+00 1.46494240e-08]
CASCI converged
CASCI E = -234.909279648323  E(CI) = -13.7515099315897  S^2 = 0.0000000

******** <class 'pyscf.mcscf.casci.CASCI'> ********
CAS (2e+2e, 4o), ncore = 13, nvir = 33
natorb = False
canonicalization = True
sorting_mo_energy = False
max_memory 4000 MB (current use 453 MB)
******** <class 'pyscf.fci.direct_spin1.FCISolver'> ********
max. cycles = 200
conv_tol = 1e-08
davidson only = False
linear dependence = 1e-12
level shift = 0.001
max iter space = 12
max_memory 4000 MB
nroots = 1
pspace_size = 400
spin = None
Density matrix diagonal elements [1.99996601e+00 3.40923482e-05 1.99999988e+00 1.46497448e-08]
CASCI converged
CASCI E = -234.909279648323  E(CI) = -13.7515099315905  S^2 = 0.0000000

******** <class 'pyscf.mcscf.casci.CASCI'> ********
CAS (2e+2e, 4o), ncore = 13, nvir = 33
natorb = False
canonicalization = True
sorting_mo_energy = False
max_memory 4000 MB (current use 453 MB)
******** <class 'pyscf.fci.direct_spin1.FCISolver'> ********
max. cycles = 200
conv_tol = 1e-08
davidson only = False
linear dependence = 1e-12
level shift = 0.001
max iter space = 12
max_memory 4000 MB
nroots = 1
pspace_size = 400
spin = None
Density matrix diagonal elements [1.99996600e+00 3.41066419e-05 1.99999983e+00 6.50737866e-08]
CASCI converged
CASCI E = -234.909280023416  E(CI) = -13.7515103066832  S^2 = 0.0000000

******** <class 'pyscf.mcscf.casci.CASCI'> ********
CAS (2e+2e, 4o), ncore = 13, nvir = 33
natorb = False
canonicalization = True
sorting_mo_energy = False
max_memory 4000 MB (current use 453 MB)
******** <class 'pyscf.fci.direct_spin1.FCISolver'> ********
max. cycles = 200
conv_tol = 1e-08
davidson only = False
linear dependence = 1e-12
level shift = 0.001
max iter space = 12
max_memory 4000 MB
nroots = 1
pspace_size = 400
spin = None
Density matrix diagonal elements [1.99996602e+00 3.40949852e-05 1.99999988e+00 1.55856464e-13]
CASCI converged
CASCI E = -234.909279611497  E(CI) = -13.7515098947644  S^2 = 0.0000000

******** <class 'pyscf.mcscf.casci.CASCI'> ********
CAS (2e+2e, 4o), ncore = 13, nvir = 33
natorb = False
canonicalization = True
sorting_mo_energy = False
max_memory 4000 MB (current use 453 MB)
******** <class 'pyscf.fci.direct_spin1.FCISolver'> ********
max. cycles = 200
conv_tol = 1e-08
davidson only = False
linear dependence = 1e-12
level shift = 0.001
max iter space = 12
max_memory 4000 MB
nroots = 1
pspace_size = 400
spin = None
Density matrix diagonal elements [1.99996602e+00 3.40956332e-05 1.99999988e+00 5.72040394e-10]
CASCI converged
CASCI E = -234.909279615664  E(CI) = -13.7515098989313  S^2 = 0.0000000

******** <class 'pyscf.mcscf.casci.CASCI'> ********
CAS (2e+2e, 4o), ncore = 13, nvir = 33
natorb = False
canonicalization = True
sorting_mo_energy = False
max_memory 4000 MB (current use 453 MB)
******** <class 'pyscf.fci.direct_spin1.FCISolver'> ********
max. cycles = 200
conv_tol = 1e-08
davidson only = False
linear dependence = 1e-12
level shift = 0.001
max iter space = 12
max_memory 4000 MB
nroots = 1
pspace_size = 400
spin = None
Density matrix diagonal elements [1.99996602e+00 3.40949519e-05 1.99999988e+00 1.11426545e-10]
CASCI converged
CASCI E = -234.909279612028  E(CI) = -13.7515098952950  S^2 = 0.0000000

******** <class 'pyscf.mcscf.casci.CASCI'> ********
CAS (2e+2e, 4o), ncore = 13, nvir = 33
natorb = False
canonicalization = True
sorting_mo_energy = False
max_memory 4000 MB (current use 453 MB)
******** <class 'pyscf.fci.direct_spin1.FCISolver'> ********
max. cycles = 200
conv_tol = 1e-08
davidson only = False
linear dependence = 1e-12
level shift = 0.001
max iter space = 12
max_memory 4000 MB
nroots = 1
pspace_size = 400
spin = None
Density matrix diagonal elements [1.99996602e+00 3.40949519e-05 1.99999988e+00 1.11429028e-10]
CASCI converged
CASCI E = -234.909279612028  E(CI) = -13.7515098952950  S^2 = 0.0000000

******** <class 'pyscf.mcscf.casci.CASCI'> ********
CAS (2e+2e, 4o), ncore = 13, nvir = 33
natorb = False
canonicalization = True
sorting_mo_energy = False
max_memory 4000 MB (current use 453 MB)
******** <class 'pyscf.fci.direct_spin1.FCISolver'> ********
max. cycles = 200
conv_tol = 1e-08
davidson only = False
linear dependence = 1e-12
level shift = 0.001
max iter space = 12
max_memory 4000 MB
nroots = 1
pspace_size = 400
spin = None
Density matrix diagonal elements [1.99996470e+00 3.52056390e-05 1.99999952e+00 5.66759495e-07]
CASCI converged
CASCI E = -234.909283270802  E(CI) = -13.7515135540691  S^2 = 0.0000000

******** <class 'pyscf.mcscf.casci.CASCI'> ********
CAS (2e+2e, 4o), ncore = 13, nvir = 33
natorb = False
canonicalization = True
sorting_mo_energy = False
max_memory 4000 MB (current use 453 MB)
******** <class 'pyscf.fci.direct_spin1.FCISolver'> ********
max. cycles = 200
conv_tol = 1e-08
davidson only = False
linear dependence = 1e-12
level shift = 0.001
max iter space = 12
max_memory 4000 MB
nroots = 1
pspace_size = 400
spin = None
Density matrix diagonal elements [1.99996559e+00 3.44676506e-05 1.99999979e+00 1.52840041e-07]
CASCI converged
CASCI E = -234.909280688806  E(CI) = -13.7515109720727  S^2 = 0.0000000

******** <class 'pyscf.mcscf.casci.CASCI'> ********
CAS (3e+3e, 4o), ncore = 12, nvir = 34
natorb = False
canonicalization = True
sorting_mo_energy = False
max_memory 4000 MB (current use 453 MB)
******** <class 'pyscf.fci.direct_spin1.FCISolver'> ********
max. cycles = 200
conv_tol = 1e-08
davidson only = False
linear dependence = 1e-12
level shift = 0.001
max iter space = 12
max_memory 4000 MB
nroots = 1
pspace_size = 400
spin = None
Density matrix diagonal elements [1.99996604e+00 3.44725632e-05 1.99999950e+00 1.99999999e+00]
CASCI converged
CASCI E = -234.909280567436  E(CI) = -24.2678807876592  S^2 = 0.0000000

******** <class 'pyscf.mcscf.casci.CASCI'> ********
CAS (3e+3e, 4o), ncore = 12, nvir = 34
natorb = False
canonicalization = True
sorting_mo_energy = False
max_memory 4000 MB (current use 453 MB)
******** <class 'pyscf.fci.direct_spin1.FCISolver'> ********
max. cycles = 200
conv_tol = 1e-08
davidson only = False
linear dependence = 1e-12
level shift = 0.001
max iter space = 12
max_memory 4000 MB
nroots = 1
pspace_size = 400
spin = None
Density matrix diagonal elements [1.99996604e+00 3.44725444e-05 1.99999950e+00 1.99999999e+00]
CASCI converged
CASCI E = -234.909280567441  E(CI) = -24.2678708836192  S^2 = 0.0000000

******** <class 'pyscf.mcscf.casci.CASCI'> ********
CAS (3e+3e, 4o), ncore = 12, nvir = 34
natorb = False
canonicalization = True
sorting_mo_energy = False
max_memory 4000 MB (current use 453 MB)
******** <class 'pyscf.fci.direct_spin1.FCISolver'> ********
max. cycles = 200
conv_tol = 1e-08
davidson only = False
linear dependence = 1e-12
level shift = 0.001
max iter space = 12
max_memory 4000 MB
nroots = 1
pspace_size = 400
spin = None
Density matrix diagonal elements [1.99996579e+00 3.47267854e-05 1.99999950e+00 1.99999999e+00]
CASCI converged
CASCI E = -234.909280556434  E(CI) = -16.0656531415097  S^2 = 0.0000000

******** <class 'pyscf.mcscf.casci.CASCI'> ********
CAS (3e+3e, 4o), ncore = 12, nvir = 34
natorb = False
canonicalization = True
sorting_mo_energy = False
max_memory 4000 MB (current use 453 MB)
******** <class 'pyscf.fci.direct_spin1.FCISolver'> ********
max. cycles = 200
conv_tol = 1e-08
davidson only = False
linear dependence = 1e-12
level shift = 0.001
max iter space = 12
max_memory 4000 MB
nroots = 1
pspace_size = 400
spin = None
Density matrix diagonal elements [1.99996579e+00 3.51591411e-05 1.99999950e+00 1.99999955e+00]
CASCI converged
CASCI E = -234.909280944012  E(CI) = -14.7182204723056  S^2 = 0.0000000

******** <class 'pyscf.mcscf.casci.CASCI'> ********
CAS (3e+3e, 4o), ncore = 12, nvir = 34
natorb = False
canonicalization = True
sorting_mo_energy = False
max_memory 4000 MB (current use 453 MB)
******** <class 'pyscf.fci.direct_spin1.FCISolver'> ********
max. cycles = 200
conv_tol = 1e-08
davidson only = False
linear dependence = 1e-12
level shift = 0.001
max iter space = 12
max_memory 4000 MB
nroots = 1
pspace_size = 400
spin = None
Density matrix diagonal elements [1.99996592e+00 4.28515697e-05 1.99999948e+00 1.99999175e+00]
CASCI converged
CASCI E = -234.909285880438  E(CI) = -15.2644153891033  S^2 = 0.0000000

******** <class 'pyscf.mcscf.casci.CASCI'> ********
CAS (3e+3e, 4o), ncore = 12, nvir = 34
natorb = False
canonicalization = True
sorting_mo_energy = False
max_memory 4000 MB (current use 453 MB)
******** <class 'pyscf.fci.direct_spin1.FCISolver'> ********
max. cycles = 200
conv_tol = 1e-08
davidson only = False
linear dependence = 1e-12
level shift = 0.001
max iter space = 12
max_memory 4000 MB
nroots = 1
pspace_size = 400
spin = None
Density matrix diagonal elements [1.99996579e+00 3.47551310e-05 1.99999950e+00 1.99999996e+00]
CASCI converged
CASCI E = -234.909280567845  E(CI) = -14.2972903742190  S^2 = 0.0000000

******** <class 'pyscf.mcscf.casci.CASCI'> ********
CAS (3e+3e, 4o), ncore = 12, nvir = 34
natorb = False
canonicalization = True
sorting_mo_energy = False
max_memory 4000 MB (current use 453 MB)
******** <class 'pyscf.fci.direct_spin1.FCISolver'> ********
max. cycles = 200
conv_tol = 1e-08
davidson only = False
linear dependence = 1e-12
level shift = 0.001
max iter space = 12
max_memory 4000 MB
nroots = 1
pspace_size = 400
spin = None
Density matrix diagonal elements [1.99996579e+00 3.47551359e-05 1.99999950e+00 1.99999996e+00]
CASCI converged
CASCI E = -234.909280567848  E(CI) = -14.2972999208434  S^2 = 0.0000000

******** <class 'pyscf.mcscf.casci.CASCI'> ********
CAS (3e+3e, 4o), ncore = 12, nvir = 34
natorb = False
canonicalization = True
sorting_mo_energy = False
max_memory 4000 MB (current use 453 MB)
******** <class 'pyscf.fci.direct_spin1.FCISolver'> ********
max. cycles = 200
conv_tol = 1e-08
davidson only = False
linear dependence = 1e-12
level shift = 0.001
max iter space = 12
max_memory 4000 MB
nroots = 1
pspace_size = 400
spin = None
Density matrix diagonal elements [1.99996845e+00 7.20382313e-05 1.99999966e+00 1.99995985e+00]
CASCI converged
CASCI E = -234.909292815860  E(CI) = -17.5809991961466  S^2 = 0.0000000

******** <class 'pyscf.mcscf.casci.CASCI'> ********
CAS (3e+3e, 4o), ncore = 12, nvir = 34
natorb = False
canonicalization = True
sorting_mo_energy = False
max_memory 4000 MB (current use 453 MB)
******** <class 'pyscf.fci.direct_spin1.FCISolver'> ********
max. cycles = 200
conv_tol = 1e-08
davidson only = False
linear dependence = 1e-12
level shift = 0.001
max iter space = 12
max_memory 4000 MB
nroots = 1
pspace_size = 400
spin = None
Density matrix diagonal elements [1.99996845e+00 7.20436960e-05 1.99999966e+00 1.99995984e+00]
CASCI converged
CASCI E = -234.909292814741  E(CI) = -17.5804474701548  S^2 = 0.0000000

******** <class 'pyscf.mcscf.casci.CASCI'> ********
CAS (3e+3e, 4o), ncore = 12, nvir = 34
natorb = False
canonicalization = True
sorting_mo_energy = False
max_memory 4000 MB (current use 453 MB)
******** <class 'pyscf.fci.direct_spin1.FCISolver'> ********
max. cycles = 200
conv_tol = 1e-08
davidson only = False
linear dependence = 1e-12
level shift = 0.001
max iter space = 12
max_memory 4000 MB
nroots = 1
pspace_size = 400
spin = None
Density matrix diagonal elements [1.99996737e+00 6.57333545e-05 1.99999952e+00 1.99996737e+00]
CASCI converged
CASCI E = -234.909291284440  E(CI) = -18.4462698592681  S^2 = 0.0000000

******** <class 'pyscf.mcscf.casci.CASCI'> ********
CAS (2e+2e, 4o), ncore = 13, nvir = 33
natorb = False
canonicalization = True
sorting_mo_energy = False
max_memory 4000 MB (current use 453 MB)
******** <class 'pyscf.fci.direct_spin1.FCISolver'> ********
max. cycles = 200
conv_tol = 1e-08
davidson only = False
linear dependence = 1e-12
level shift = 0.001
max iter space = 12
max_memory 4000 MB
nroots = 1
pspace_size = 400
spin = None
Density matrix diagonal elements [1.99996371e+00 3.42198450e-05 1.99999946e+00 2.61534569e-06]
CASCI converged
CASCI E = -234.909281826882  E(CI) = -10.8922938352007  S^2 = 0.0000000

******** <class 'pyscf.mcscf.casci.CASCI'> ********
CAS (2e+2e, 4o), ncore = 13, nvir = 33
natorb = False
canonicalization = True
sorting_mo_energy = False
max_memory 4000 MB (current use 453 MB)
******** <class 'pyscf.fci.direct_spin1.FCISolver'> ********
max. cycles = 200
conv_tol = 1e-08
davidson only = False
linear dependence = 1e-12
level shift = 0.001
max iter space = 12
max_memory 4000 MB
nroots = 1
pspace_size = 400
spin = None
Density matrix diagonal elements [1.99996371e+00 3.42198057e-05 1.99999946e+00 2.61585781e-06]
CASCI converged
CASCI E = -234.909281827305  E(CI) = -10.8922938356245  S^2 = 0.0000000

******** <class 'pyscf.mcscf.casci.CASCI'> ********
CAS (2e+2e, 4o), ncore = 13, nvir = 33
natorb = False
canonicalization = True
sorting_mo_energy = False
max_memory 4000 MB (current use 453 MB)
******** <class 'pyscf.fci.direct_spin1.FCISolver'> ********
max. cycles = 200
conv_tol = 1e-08
davidson only = False
linear dependence = 1e-12
level shift = 0.001
max iter space = 12
max_memory 4000 MB
nroots = 1
pspace_size = 400
spin = None
Density matrix diagonal elements [1.99983021e+00 9.92226037e-05 1.99999732e+00 7.32452560e-05]
CASCI converged
CASCI E = -234.909322989705  E(CI) = -10.8923349980244  S^2 = 0.0000000

******** <class 'pyscf.mcscf.casci.CASCI'> ********
CAS (2e+2e, 4o), ncore = 13, nvir = 33
natorb = False
canonicalization = True
sorting_mo_energy = False
max_memory 4000 MB (current use 453 MB)
******** <class 'pyscf.fci.direct_spin1.FCISolver'> ********
max. cycles = 200
conv_tol = 1e-08
davidson only = False
linear dependence = 1e-12
level shift = 0.001
max iter space = 12
max_memory 4000 MB
nroots = 1
pspace_size = 400
spin = None
Density matrix diagonal elements [1.99973202e+00 3.19378884e-05 1.99999142e+00 2.44627804e-04]
CASCI converged
CASCI E = -234.909383613942  E(CI) = -10.8923956222613  S^2 = 0.0000000

******** <class 'pyscf.mcscf.casci.CASCI'> ********
CAS (2e+2e, 4o), ncore = 13, nvir = 33
natorb = False
canonicalization = True
sorting_mo_energy = False
max_memory 4000 MB (current use 453 MB)
******** <class 'pyscf.fci.direct_spin1.FCISolver'> ********
max. cycles = 200
conv_tol = 1e-08
davidson only = False
linear dependence = 1e-12
level shift = 0.001
max iter space = 12
max_memory 4000 MB
nroots = 1
pspace_size = 400
spin = None
Density matrix diagonal elements [1.99973188e+00 3.19368809e-05 1.99999141e+00 2.44775938e-04]
CASCI converged
CASCI E = -234.909383677863  E(CI) = -10.8923956861818  S^2 = 0.0000000

******** <class 'pyscf.mcscf.casci.CASCI'> ********
CAS (2e+2e, 4o), ncore = 13, nvir = 33
natorb = False
canonicalization = True
sorting_mo_energy = False
max_memory 4000 MB (current use 453 MB)
******** <class 'pyscf.fci.direct_spin1.FCISolver'> ********
max. cycles = 200
conv_tol = 1e-08
davidson only = False
linear dependence = 1e-12
level shift = 0.001
max iter space = 12
max_memory 4000 MB
nroots = 1
pspace_size = 400
spin = None
Density matrix diagonal elements [1.99992420e+00 4.28990265e-05 1.99999234e+00 4.05561094e-05]
CASCI converged
CASCI E = -234.909315027932  E(CI) = -10.8923270362515  S^2 = 0.0000000

******** <class 'pyscf.mcscf.casci.CASCI'> ********
CAS (2e+2e, 4o), ncore = 13, nvir = 33
natorb = False
canonicalization = True
sorting_mo_energy = False
max_memory 4000 MB (current use 453 MB)
******** <class 'pyscf.fci.direct_spin1.FCISolver'> ********
max. cycles = 200
conv_tol = 1e-08
davidson only = False
linear dependence = 1e-12
level shift = 0.001
max iter space = 12
max_memory 4000 MB
nroots = 1
pspace_size = 400
spin = None
Density matrix diagonal elements [1.99988998e+00 3.25552505e-05 1.99998800e+00 8.94630895e-05]
CASCI converged
CASCI E = -234.909351635478  E(CI) = -10.8923636437972  S^2 = 0.0000000

******** <class 'pyscf.mcscf.casci.CASCI'> ********
CAS (2e+2e, 4o), ncore = 13, nvir = 33
natorb = False
canonicalization = True
sorting_mo_energy = False
max_memory 4000 MB (current use 453 MB)
******** <class 'pyscf.fci.direct_spin1.FCISolver'> ********
max. cycles = 200
conv_tol = 1e-08
davidson only = False
linear dependence = 1e-12
level shift = 0.001
max iter space = 12
max_memory 4000 MB
nroots = 1
pspace_size = 400
spin = None
Density matrix diagonal elements [1.99988995e+00 3.25550118e-05 1.99998800e+00 8.94966661e-05]
CASCI converged
CASCI E = -234.909351665254  E(CI) = -10.8923636735732  S^2 = 0.0000000

******** <class 'pyscf.mcscf.casci.CASCI'> ********
CAS (2e+2e, 4o), ncore = 13, nvir = 33
natorb = False
canonicalization = True
sorting_mo_energy = False
max_memory 4000 MB (current use 453 MB)
******** <class 'pyscf.fci.direct_spin1.FCISolver'> ********
max. cycles = 200
conv_tol = 1e-08
davidson only = False
linear dependence = 1e-12
level shift = 0.001
max iter space = 12
max_memory 4000 MB
nroots = 1
pspace_size = 400
spin = None
Density matrix diagonal elements [1.98805399e+00 1.24567538e-03 1.99952629e+00 1.11740467e-02]
CASCI converged
CASCI E = -234.912458874062  E(CI) = -10.8954708823813  S^2 = 0.0000000

******** <class 'pyscf.mcscf.casci.CASCI'> ********
CAS (2e+2e, 4o), ncore = 13, nvir = 33
natorb = False
canonicalization = True
sorting_mo_energy = False
max_memory 4000 MB (current use 453 MB)
******** <class 'pyscf.fci.direct_spin1.FCISolver'> ********
max. cycles = 200
conv_tol = 1e-08
davidson only = False
linear dependence = 1e-12
level shift = 0.001
max iter space = 12
max_memory 4000 MB
nroots = 1
pspace_size = 400
spin = None
Density matrix diagonal elements [1.99990263e+00 3.89491351e-05 1.99995753e+00 1.00899326e-04]
CASCI converged
CASCI E = -234.909447793047  E(CI) = -10.8924598013667  S^2 = 0.0000000

******** <class 'pyscf.mcscf.casci.CASCI'> ********
CAS (2e+2e, 4o), ncore = 13, nvir = 33
natorb = False
canonicalization = True
sorting_mo_energy = False
max_memory 4000 MB (current use 453 MB)
******** <class 'pyscf.fci.direct_spin1.FCISolver'> ********
max. cycles = 200
conv_tol = 1e-08
davidson only = False
linear dependence = 1e-12
level shift = 0.001
max iter space = 12
max_memory 4000 MB
nroots = 1
pspace_size = 400
spin = None
Density matrix diagonal elements [1.99986964e+00 4.12402458e-05 1.99991866e+00 1.70457613e-04]
CASCI converged
CASCI E = -234.909605587741  E(CI) = -10.8926175960601  S^2 = 0.0000000

******** <class 'pyscf.mcscf.casci.CASCI'> ********
CAS (2e+2e, 4o), ncore = 13, nvir = 33
natorb = False
canonicalization = True
sorting_mo_energy = False
max_memory 4000 MB (current use 453 MB)
******** <class 'pyscf.fci.direct_spin1.FCISolver'> ********
max. cycles = 200
conv_tol = 1e-08
davidson only = False
linear dependence = 1e-12
level shift = 0.001
max iter space = 12
max_memory 4000 MB
nroots = 1
pspace_size = 400
spin = None
Density matrix diagonal elements [1.99996571e+00 3.47048975e-05 1.99999948e+00 1.07088584e-07]
CASCI converged
CASCI E = -234.909280713629  E(CI) = -10.8922927219485  S^2 = 0.0000000

******** <class 'pyscf.mcscf.casci.CASCI'> ********
CAS (2e+2e, 4o), ncore = 13, nvir = 33
natorb = False
canonicalization = True
sorting_mo_energy = False
max_memory 4000 MB (current use 453 MB)
******** <class 'pyscf.fci.direct_spin1.FCISolver'> ********
max. cycles = 200
conv_tol = 1e-08
davidson only = False
linear dependence = 1e-12
level shift = 0.001
max iter space = 12
max_memory 4000 MB
nroots = 1
pspace_size = 400
spin = None
Density matrix diagonal elements [1.99996571e+00 3.47048984e-05 1.99999948e+00 1.07076468e-07]
CASCI converged
CASCI E = -234.909280713608  E(CI) = -10.8922927219273  S^2 = 0.0000000

******** <class 'pyscf.mcscf.casci.CASCI'> ********
CAS (2e+2e, 4o), ncore = 13, nvir = 33
natorb = False
canonicalization = True
sorting_mo_energy = False
max_memory 4000 MB (current use 453 MB)
******** <class 'pyscf.fci.direct_spin1.FCISolver'> ********
max. cycles = 200
conv_tol = 1e-08
davidson only = False
linear dependence = 1e-12
level shift = 0.001
max iter space = 12
max_memory 4000 MB
nroots = 1
pspace_size = 400
spin = None
Density matrix diagonal elements [1.99992994e+00 3.37868079e-05 1.99999744e+00 3.88366644e-05]
CASCI converged
CASCI E = -234.909313428635  E(CI) = -10.8923254369537  S^2 = 0.0000000

******** <class 'pyscf.mcscf.casci.CASCI'> ********
CAS (2e+2e, 4o), ncore = 13, nvir = 33
natorb = False
canonicalization = True
sorting_mo_energy = False
max_memory 4000 MB (current use 453 MB)
******** <class 'pyscf.fci.direct_spin1.FCISolver'> ********
max. cycles = 200
conv_tol = 1e-08
davidson only = False
linear dependence = 1e-12
level shift = 0.001
max iter space = 12
max_memory 4000 MB
nroots = 1
pspace_size = 400
spin = None
Density matrix diagonal elements [1.98746841e+00 5.37507858e-05 1.99996563e+00 1.25122079e-02]
CASCI converged
CASCI E = -234.919013868280  E(CI) = -10.9020258765993  S^2 = 0.0000000

******** <class 'pyscf.mcscf.casci.CASCI'> ********
CAS (2e+2e, 4o), ncore = 13, nvir = 33
natorb = False
canonicalization = True
sorting_mo_energy = False
max_memory 4000 MB (current use 453 MB)
******** <class 'pyscf.fci.direct_spin1.FCISolver'> ********
max. cycles = 200
conv_tol = 1e-08
davidson only = False
linear dependence = 1e-12
level shift = 0.001
max iter space = 12
max_memory 4000 MB
nroots = 1
pspace_size = 400
spin = None
Density matrix diagonal elements [1.99991614e+00 3.34438565e-05 1.99993434e+00 1.16074206e-04]
CASCI converged
CASCI E = -234.909541361302  E(CI) = -10.8925533696211  S^2 = 0.0000000

******** <class 'pyscf.mcscf.casci.CASCI'> ********
CAS (2e+2e, 4o), ncore = 13, nvir = 33
natorb = False
canonicalization = True
sorting_mo_energy = False
max_memory 4000 MB (current use 453 MB)
******** <class 'pyscf.fci.direct_spin1.FCISolver'> ********
max. cycles = 200
conv_tol = 1e-08
davidson only = False
linear dependence = 1e-12
level shift = 0.001
max iter space = 12
max_memory 4000 MB
nroots = 1
pspace_size = 400
spin = None
Density matrix diagonal elements [1.99991614e+00 3.34438206e-05 1.99993432e+00 1.16093911e-04]
CASCI converged
CASCI E = -234.909541410802  E(CI) = -10.8925534191214  S^2 = 0.0000000

******** <class 'pyscf.mcscf.casci.CASCI'> ********
CAS (2e+2e, 4o), ncore = 13, nvir = 33
natorb = False
canonicalization = True
sorting_mo_energy = False
max_memory 4000 MB (current use 453 MB)
******** <class 'pyscf.fci.direct_spin1.FCISolver'> ********
max. cycles = 200
conv_tol = 1e-08
davidson only = False
linear dependence = 1e-12
level shift = 0.001
max iter space = 12
max_memory 4000 MB
nroots = 1
pspace_size = 400
spin = None
Density matrix diagonal elements [1.99995967e+00 3.60935937e-05 1.99998180e+00 2.24412597e-05]
CASCI converged
CASCI E = -234.909353527703  E(CI) = -10.8923655360221  S^2 = 0.0000000

******** <class 'pyscf.mcscf.casci.CASCI'> ********
CAS (2e+2e, 4o), ncore = 13, nvir = 33
natorb = False
canonicalization = True
sorting_mo_energy = False
max_memory 4000 MB (current use 453 MB)
******** <class 'pyscf.fci.direct_spin1.FCISolver'> ********
max. cycles = 200
conv_tol = 1e-08
davidson only = False
linear dependence = 1e-12
level shift = 0.001
max iter space = 12
max_memory 4000 MB
nroots = 1
pspace_size = 400
spin = None
Density matrix diagonal elements [1.99995511e+00 3.66133137e-05 1.99995891e+00 4.93642994e-05]
CASCI converged
CASCI E = -234.909438757976  E(CI) = -10.8924507662948  S^2 = 0.0000000

******** <class 'pyscf.mcscf.casci.CASCI'> ********
CAS (2e+2e, 4o), ncore = 13, nvir = 33
natorb = False
canonicalization = True
sorting_mo_energy = False
max_memory 4000 MB (current use 453 MB)
******** <class 'pyscf.fci.direct_spin1.FCISolver'> ********
max. cycles = 200
conv_tol = 1e-08
davidson only = False
linear dependence = 1e-12
level shift = 0.001
max iter space = 12
max_memory 4000 MB
nroots = 1
pspace_size = 400
spin = None
Density matrix diagonal elements [1.99996348e+00 3.55635572e-05 1.99998825e+00 1.27125654e-05]
CASCI converged
CASCI E = -234.909328627746  E(CI) = -10.8923406360649  S^2 = 0.0000000

******** <class 'pyscf.mcscf.casci.CASCI'> ********
CAS (2e+2e, 4o), ncore = 13, nvir = 33
natorb = False
canonicalization = True
sorting_mo_energy = False
max_memory 4000 MB (current use 453 MB)
******** <class 'pyscf.fci.direct_spin1.FCISolver'> ********
max. cycles = 200
conv_tol = 1e-08
davidson only = False
linear dependence = 1e-12
level shift = 0.001
max iter space = 12
max_memory 4000 MB
nroots = 1
pspace_size = 400
spin = None
Density matrix diagonal elements [1.99996577e+00 3.47137470e-05 1.99999946e+00 5.37115612e-08]
CASCI converged
CASCI E = -234.909280740158  E(CI) = -10.8922927484775  S^2 = 0.0000000

******** <class 'pyscf.mcscf.casci.CASCI'> ********
CAS (2e+2e, 4o), ncore = 13, nvir = 33
natorb = False
canonicalization = True
sorting_mo_energy = False
max_memory 4000 MB (current use 453 MB)
******** <class 'pyscf.fci.direct_spin1.FCISolver'> ********
max. cycles = 200
conv_tol = 1e-08
davidson only = False
linear dependence = 1e-12
level shift = 0.001
max iter space = 12
max_memory 4000 MB
nroots = 1
pspace_size = 400
spin = None
Density matrix diagonal elements [1.99996577e+00 3.47137472e-05 1.99999946e+00 5.36971521e-08]
CASCI converged
CASCI E = -234.909280740102  E(CI) = -10.8922927484215  S^2 = 0.0000000

******** <class 'pyscf.mcscf.casci.CASCI'> ********
CAS (2e+2e, 4o), ncore = 13, nvir = 33
natorb = False
canonicalization = True
sorting_mo_energy = False
max_memory 4000 MB (current use 453 MB)
******** <class 'pyscf.fci.direct_spin1.FCISolver'> ********
max. cycles = 200
conv_tol = 1e-08
davidson only = False
linear dependence = 1e-12
level shift = 0.001
max iter space = 12
max_memory 4000 MB
nroots = 1
pspace_size = 400
spin = None
Density matrix diagonal elements [1.99996501e+00 3.55434137e-05 1.99999889e+00 5.52951560e-07]
CASCI converged
CASCI E = -234.909283218162  E(CI) = -10.8922952264811  S^2 = 0.0000000

******** <class 'pyscf.mcscf.casci.CASCI'> ********
CAS (2e+2e, 4o), ncore = 13, nvir = 33
natorb = False
canonicalization = True
sorting_mo_energy = False
max_memory 4000 MB (current use 453 MB)
******** <class 'pyscf.fci.direct_spin1.FCISolver'> ********
max. cycles = 200
conv_tol = 1e-08
davidson only = False
linear dependence = 1e-12
level shift = 0.001
max iter space = 12
max_memory 4000 MB
nroots = 1
pspace_size = 400
spin = None
Density matrix diagonal elements [1.99996579e+00 3.47150187e-05 1.99999950e+00 4.77679018e-10]
CASCI converged
CASCI E = -234.909280538803  E(CI) = -10.8922925471226  S^2 = 0.0000000

******** <class 'pyscf.mcscf.casci.CASCI'> ********
CAS (2e+2e, 4o), ncore = 13, nvir = 33
natorb = False
canonicalization = True
sorting_mo_energy = False
max_memory 4000 MB (current use 453 MB)
******** <class 'pyscf.fci.direct_spin1.FCISolver'> ********
max. cycles = 200
conv_tol = 1e-08
davidson only = False
linear dependence = 1e-12
level shift = 0.001
max iter space = 12
max_memory 4000 MB
nroots = 1
pspace_size = 400
spin = None
Density matrix diagonal elements [1.99996569e+00 3.47559974e-05 1.99999946e+00 9.93683209e-08]
CASCI converged
CASCI E = -234.909280878271  E(CI) = -10.8922928865904  S^2 = 0.0000000

******** <class 'pyscf.mcscf.casci.CASCI'> ********
CAS (2e+2e, 4o), ncore = 13, nvir = 33
natorb = False
canonicalization = True
sorting_mo_energy = False
max_memory 4000 MB (current use 453 MB)
******** <class 'pyscf.fci.direct_spin1.FCISolver'> ********
max. cycles = 200
conv_tol = 1e-08
davidson only = False
linear dependence = 1e-12
level shift = 0.001
max iter space = 12
max_memory 4000 MB
nroots = 1
pspace_size = 400
spin = None
Density matrix diagonal elements [1.99996577e+00 3.47125225e-05 1.99999949e+00 1.95348485e-08]
CASCI converged
CASCI E = -234.909280597573  E(CI) = -10.8922926058920  S^2 = 0.0000000

******** <class 'pyscf.mcscf.casci.CASCI'> ********
CAS (2e+2e, 4o), ncore = 13, nvir = 33
natorb = False
canonicalization = True
sorting_mo_energy = False
max_memory 4000 MB (current use 453 MB)
******** <class 'pyscf.fci.direct_spin1.FCISolver'> ********
max. cycles = 200
conv_tol = 1e-08
davidson only = False
linear dependence = 1e-12
level shift = 0.001
max iter space = 12
max_memory 4000 MB
nroots = 1
pspace_size = 400
spin = None
Density matrix diagonal elements [1.99996577e+00 3.47125224e-05 1.99999949e+00 1.95350976e-08]
CASCI converged
CASCI E = -234.909280597573  E(CI) = -10.8922926058924  S^2 = 0.0000000

******** <class 'pyscf.mcscf.casci.CASCI'> ********
CAS (2e+2e, 4o), ncore = 13, nvir = 33
natorb = False
canonicalization = True
sorting_mo_energy = False
max_memory 4000 MB (current use 453 MB)
******** <class 'pyscf.fci.direct_spin1.FCISolver'> ********
max. cycles = 200
conv_tol = 1e-08
davidson only = False
linear dependence = 1e-12
level shift = 0.001
max iter space = 12
max_memory 4000 MB
nroots = 1
pspace_size = 400
spin = None
Density matrix diagonal elements [1.99996572e+00 3.47714059e-05 1.99999894e+00 5.66918212e-07]
CASCI converged
CASCI E = -234.909283648596  E(CI) = -10.8922956569148  S^2 = 0.0000000

******** <class 'pyscf.mcscf.casci.CASCI'> ********
CAS (2e+2e, 4o), ncore = 13, nvir = 33
natorb = False
canonicalization = True
sorting_mo_energy = False
max_memory 4000 MB (current use 453 MB)
******** <class 'pyscf.fci.direct_spin1.FCISolver'> ********
max. cycles = 200
conv_tol = 1e-08
davidson only = False
linear dependence = 1e-12
level shift = 0.001
max iter space = 12
max_memory 4000 MB
nroots = 1
pspace_size = 400
spin = None
Density matrix diagonal elements [1.99996579e+00 3.47151868e-05 1.99999950e+00 4.07551975e-13]
CASCI converged
CASCI E = -234.909280537168  E(CI) = -10.8922925454873  S^2 = 0.0000000

******** <class 'pyscf.mcscf.casci.CASCI'> ********
CAS (2e+2e, 4o), ncore = 13, nvir = 33
natorb = False
canonicalization = True
sorting_mo_energy = False
max_memory 4000 MB (current use 453 MB)
******** <class 'pyscf.fci.direct_spin1.FCISolver'> ********
max. cycles = 200
conv_tol = 1e-08
davidson only = False
linear dependence = 1e-12
level shift = 0.001
max iter space = 12
max_memory 4000 MB
nroots = 1
pspace_size = 400
spin = None
Density matrix diagonal elements [1.99996579e+00 3.47156472e-05 1.99999950e+00 4.84328308e-10]
CASCI converged
CASCI E = -234.909280540023  E(CI) = -10.8922925483426  S^2 = 0.0000000

******** <class 'pyscf.mcscf.casci.CASCI'> ********
CAS (2e+2e, 4o), ncore = 13, nvir = 33
natorb = False
canonicalization = True
sorting_mo_energy = False
max_memory 4000 MB (current use 453 MB)
******** <class 'pyscf.fci.direct_spin1.FCISolver'> ********
max. cycles = 200
conv_tol = 1e-08
davidson only = False
linear dependence = 1e-12
level shift = 0.001
max iter space = 12
max_memory 4000 MB
nroots = 1
pspace_size = 400
spin = None
Density matrix diagonal elements [1.99996579e+00 3.47151528e-05 1.99999950e+00 4.04639394e-10]
CASCI converged
CASCI E = -234.909280539612  E(CI) = -10.8922925479308  S^2 = 0.0000000

******** <class 'pyscf.mcscf.casci.CASCI'> ********
CAS (2e+2e, 4o), ncore = 13, nvir = 33
natorb = False
canonicalization = True
sorting_mo_energy = False
max_memory 4000 MB (current use 453 MB)
******** <class 'pyscf.fci.direct_spin1.FCISolver'> ********
max. cycles = 200
conv_tol = 1e-08
davidson only = False
linear dependence = 1e-12
level shift = 0.001
max iter space = 12
max_memory 4000 MB
nroots = 1
pspace_size = 400
spin = None
Density matrix diagonal elements [1.99996579e+00 3.47151528e-05 1.99999950e+00 4.04647812e-10]
CASCI converged
CASCI E = -234.909280539612  E(CI) = -10.8922925479309  S^2 = 0.0000000

******** <class 'pyscf.mcscf.casci.CASCI'> ********
CAS (2e+2e, 4o), ncore = 13, nvir = 33
natorb = False
canonicalization = True
sorting_mo_energy = False
max_memory 4000 MB (current use 453 MB)
******** <class 'pyscf.fci.direct_spin1.FCISolver'> ********
max. cycles = 200
conv_tol = 1e-08
davidson only = False
linear dependence = 1e-12
level shift = 0.001
max iter space = 12
max_memory 4000 MB
nroots = 1
pspace_size = 400
spin = None
Density matrix diagonal elements [1.99996428e+00 3.64521048e-05 1.99999708e+00 2.18642005e-06]
CASCI converged
CASCI E = -234.909295094517  E(CI) = -10.8923071028362  S^2 = 0.0000000

******** <class 'pyscf.mcscf.casci.CASCI'> ********
CAS (2e+2e, 4o), ncore = 13, nvir = 33
natorb = False
canonicalization = True
sorting_mo_energy = False
max_memory 4000 MB (current use 453 MB)
******** <class 'pyscf.fci.direct_spin1.FCISolver'> ********
max. cycles = 200
conv_tol = 1e-08
davidson only = False
linear dependence = 1e-12
level shift = 0.001
max iter space = 12
max_memory 4000 MB
nroots = 1
pspace_size = 400
spin = None
Density matrix diagonal elements [1.99996530e+00 3.53275675e-05 1.99999887e+00 5.01912159e-07]
CASCI converged
CASCI E = -234.909284422184  E(CI) = -10.8922964305036  S^2 = 0.0000000

******** <class 'pyscf.mcscf.casci.CASCI'> ********
CAS (3e+3e, 4o), ncore = 12, nvir = 34
natorb = False
canonicalization = True
sorting_mo_energy = False
max_memory 4000 MB (current use 453 MB)
******** <class 'pyscf.fci.direct_spin1.FCISolver'> ********
max. cycles = 200
conv_tol = 1e-08
davidson only = False
linear dependence = 1e-12
level shift = 0.001
max iter space = 12
max_memory 4000 MB
nroots = 1
pspace_size = 400
spin = None
Density matrix diagonal elements [1.99996609e+00 3.39340589e-05 1.99999999e+00 1.99999999e+00]
CASCI converged
CASCI E = -234.909279194646  E(CI) = -24.2726625770372  S^2 = 0.0000000

******** <class 'pyscf.mcscf.casci.CASCI'> ********
CAS (3e+3e, 4o), ncore = 12, nvir = 34
natorb = False
canonicalization = True
sorting_mo_energy = False
max_memory 4000 MB (current use 453 MB)
******** <class 'pyscf.fci.direct_spin1.FCISolver'> ********
max. cycles = 200
conv_tol = 1e-08
davidson only = False
linear dependence = 1e-12
level shift = 0.001
max iter space = 12
max_memory 4000 MB
nroots = 1
pspace_size = 400
spin = None
Density matrix diagonal elements [1.99996582e+00 3.42008274e-05 1.99999999e+00 1.99999999e+00]
CASCI converged
CASCI E = -234.909279179248  E(CI) = -16.0413298161706  S^2 = 0.0000000

******** <class 'pyscf.mcscf.casci.CASCI'> ********
CAS (3e+3e, 4o), ncore = 12, nvir = 34
natorb = False
canonicalization = True
sorting_mo_energy = False
max_memory 4000 MB (current use 453 MB)
******** <class 'pyscf.fci.direct_spin1.FCISolver'> ********
max. cycles = 200
conv_tol = 1e-08
davidson only = False
linear dependence = 1e-12
level shift = 0.001
max iter space = 12
max_memory 4000 MB
nroots = 1
pspace_size = 400
spin = None
Density matrix diagonal elements [1.99996583e+00 3.46285156e-05 1.99999999e+00 1.99999955e+00]
CASCI converged
CASCI E = -234.909279556912  E(CI) = -14.6868277847119  S^2 = 0.0000000

******** <class 'pyscf.mcscf.casci.CASCI'> ********
CAS (3e+3e, 4o), ncore = 12, nvir = 34
natorb = False
canonicalization = True
sorting_mo_energy = False
max_memory 4000 MB (current use 453 MB)
******** <class 'pyscf.fci.direct_spin1.FCISolver'> ********
max. cycles = 200
conv_tol = 1e-08
davidson only = False
linear dependence = 1e-12
level shift = 0.001
max iter space = 12
max_memory 4000 MB
nroots = 1
pspace_size = 400
spin = None
Density matrix diagonal elements [1.99996595e+00 4.22706455e-05 1.99999999e+00 1.99999180e+00]
CASCI converged
CASCI E = -234.909284445705  E(CI) = -15.1995000205030  S^2 = 0.0000000

******** <class 'pyscf.mcscf.casci.CASCI'> ********
CAS (3e+3e, 4o), ncore = 12, nvir = 34
natorb = False
canonicalization = True
sorting_mo_energy = False
max_memory 4000 MB (current use 453 MB)
******** <class 'pyscf.fci.direct_spin1.FCISolver'> ********
max. cycles = 200
conv_tol = 1e-08
davidson only = False
linear dependence = 1e-12
level shift = 0.001
max iter space = 12
max_memory 4000 MB
nroots = 1
pspace_size = 400
spin = None
Density matrix diagonal elements [1.99996583e+00 3.42297583e-05 1.99999999e+00 1.99999996e+00]
CASCI converged
CASCI E = -234.909279191114  E(CI) = -14.2725509763333  S^2 = 0.0000000

******** <class 'pyscf.mcscf.casci.CASCI'> ********
CAS (3e+3e, 4o), ncore = 12, nvir = 34
natorb = False
canonicalization = True
sorting_mo_energy = False
max_memory 4000 MB (current use 453 MB)
******** <class 'pyscf.fci.direct_spin1.FCISolver'> ********
max. cycles = 200
conv_tol = 1e-08
davidson only = False
linear dependence = 1e-12
level shift = 0.001
max iter space = 12
max_memory 4000 MB
nroots = 1
pspace_size = 400
spin = None
Density matrix diagonal elements [1.99996583e+00 3.42340969e-05 1.99999998e+00 1.99999995e+00]
CASCI converged
CASCI E = -234.909279198266  E(CI) = -14.2744313062953  S^2 = 0.0000000

******** <class 'pyscf.mcscf.casci.CASCI'> ********
CAS (3e+3e, 4o), ncore = 12, nvir = 34
natorb = False
canonicalization = True
sorting_mo_energy = False
max_memory 4000 MB (current use 453 MB)
******** <class 'pyscf.fci.direct_spin1.FCISolver'> ********
max. cycles = 200
conv_tol = 1e-08
davidson only = False
linear dependence = 1e-12
level shift = 0.001
max iter space = 12
max_memory 4000 MB
nroots = 1
pspace_size = 400
spin = None
Density matrix diagonal elements [1.99996831e+00 7.42993577e-05 1.99999973e+00 1.99995767e+00]
CASCI converged
CASCI E = -234.909292721387  E(CI) = -17.5775505269269  S^2 = 0.0000000

******** <class 'pyscf.mcscf.casci.CASCI'> ********
CAS (3e+3e, 4o), ncore = 12, nvir = 34
natorb = False
canonicalization = True
sorting_mo_energy = False
max_memory 4000 MB (current use 453 MB)
******** <class 'pyscf.fci.direct_spin1.FCISolver'> ********
max. cycles = 200
conv_tol = 1e-08
davidson only = False
linear dependence = 1e-12
level shift = 0.001
max iter space = 12
max_memory 4000 MB
nroots = 1
pspace_size = 400
spin = None
Density matrix diagonal elements [1.99996855e+00 7.29658282e-05 1.99999999e+00 1.99995850e+00]
CASCI converged
CASCI E = -234.909291894283  E(CI) = -17.5406266060685  S^2 = 0.0000000

******** <class 'pyscf.mcscf.casci.CASCI'> ********
CAS (3e+3e, 4o), ncore = 12, nvir = 34
natorb = False
canonicalization = True
sorting_mo_energy = False
max_memory 4000 MB (current use 453 MB)
******** <class 'pyscf.fci.direct_spin1.FCISolver'> ********
max. cycles = 200
conv_tol = 1e-08
davidson only = False
linear dependence = 1e-12
level shift = 0.001
max iter space = 12
max_memory 4000 MB
nroots = 1
pspace_size = 400
spin = None
Density matrix diagonal elements [1.99996709e+00 6.58114677e-05 2.00000000e+00 1.99996709e+00]
CASCI converged
CASCI E = -234.909289946890  E(CI) = -18.4914599342320  S^2 = 0.0000000

******** <class 'pyscf.mcscf.casci.CASCI'> ********
CAS (2e+2e, 4o), ncore = 13, nvir = 33
natorb = False
canonicalization = True
sorting_mo_energy = False
max_memory 4000 MB (current use 453 MB)
******** <class 'pyscf.fci.direct_spin1.FCISolver'> ********
max. cycles = 200
conv_tol = 1e-08
davidson only = False
linear dependence = 1e-12
level shift = 0.001
max iter space = 12
max_memory 4000 MB
nroots = 1
pspace_size = 400
spin = None
Density matrix diagonal elements [1.99996383e+00 3.37430522e-05 1.99999989e+00 2.53123857e-06]
CASCI converged
CASCI E = -234.909280598003  E(CI) = -10.8877854181454  S^2 = 0.0000000

******** <class 'pyscf.mcscf.casci.CASCI'> ********
CAS (2e+2e, 4o), ncore = 13, nvir = 33
natorb = False
canonicalization = True
sorting_mo_energy = False
max_memory 4000 MB (current use 453 MB)
******** <class 'pyscf.fci.direct_spin1.FCISolver'> ********
max. cycles = 200
conv_tol = 1e-08
davidson only = False
linear dependence = 1e-12
level shift = 0.001
max iter space = 12
max_memory 4000 MB
nroots = 1
pspace_size = 400
spin = None
Density matrix diagonal elements [1.99996358e+00 3.38358171e-05 1.99999991e+00 2.66718365e-06]
CASCI converged
CASCI E = -234.909280559404  E(CI) = -10.8877853795460  S^2 = 0.0000000

******** <class 'pyscf.mcscf.casci.CASCI'> ********
CAS (2e+2e, 4o), ncore = 13, nvir = 33
natorb = False
canonicalization = True
sorting_mo_energy = False
max_memory 4000 MB (current use 453 MB)
******** <class 'pyscf.fci.direct_spin1.FCISolver'> ********
max. cycles = 200
conv_tol = 1e-08
davidson only = False
linear dependence = 1e-12
level shift = 0.001
max iter space = 12
max_memory 4000 MB
nroots = 1
pspace_size = 400
spin = None
Density matrix diagonal elements [1.99982975e+00 9.85088592e-05 1.99999997e+00 7.17685735e-05]
CASCI converged
CASCI E = -234.909315599595  E(CI) = -10.8878204197367  S^2 = 0.0000000

******** <class 'pyscf.mcscf.casci.CASCI'> ********
CAS (2e+2e, 4o), ncore = 13, nvir = 33
natorb = False
canonicalization = True
sorting_mo_energy = False
max_memory 4000 MB (current use 453 MB)
******** <class 'pyscf.fci.direct_spin1.FCISolver'> ********
max. cycles = 200
conv_tol = 1e-08
davidson only = False
linear dependence = 1e-12
level shift = 0.001
max iter space = 12
max_memory 4000 MB
nroots = 1
pspace_size = 400
spin = None
Density matrix diagonal elements [1.99975308e+00 3.18689889e-05 1.99998508e+00 2.29968273e-04]
CASCI converged
CASCI E = -234.909400708824  E(CI) = -10.8879055289663  S^2 = 0.0000000

******** <class 'pyscf.mcscf.casci.CASCI'> ********
CAS (2e+2e, 4o), ncore = 13, nvir = 33
natorb = False
canonicalization = True
sorting_mo_energy = False
max_memory 4000 MB (current use 453 MB)
******** <class 'pyscf.fci.direct_spin1.FCISolver'> ********
max. cycles = 200
conv_tol = 1e-08
davidson only = False
linear dependence = 1e-12
level shift = 0.001
max iter space = 12
max_memory 4000 MB
nroots = 1
pspace_size = 400
spin = None
Density matrix diagonal elements [1.99972963e+00 3.21429257e-05 1.99999946e+00 2.38769991e-04]
CASCI converged
CASCI E = -234.909361183162  E(CI) = -10.8878660033037  S^2 = 0.0000000

******** <class 'pyscf.mcscf.casci.CASCI'> ********
CAS (2e+2e, 4o), ncore = 13, nvir = 33
natorb = False
canonicalization = True
sorting_mo_energy = False
max_memory 4000 MB (current use 453 MB)
******** <class 'pyscf.fci.direct_spin1.FCISolver'> ********
max. cycles = 200
conv_tol = 1e-08
davidson only = False
linear dependence = 1e-12
level shift = 0.001
max iter space = 12
max_memory 4000 MB
nroots = 1
pspace_size = 400
spin = None
Density matrix diagonal elements [1.99992627e+00 4.20207543e-05 1.99999855e+00 3.31614757e-05]
CASCI converged
CASCI E = -234.909297230940  E(CI) = -10.8878020510822  S^2 = 0.0000000

******** <class 'pyscf.mcscf.casci.CASCI'> ********
CAS (2e+2e, 4o), ncore = 13, nvir = 33
natorb = False
canonicalization = True
sorting_mo_energy = False
max_memory 4000 MB (current use 453 MB)
******** <class 'pyscf.fci.direct_spin1.FCISolver'> ********
max. cycles = 200
conv_tol = 1e-08
davidson only = False
linear dependence = 1e-12
level shift = 0.001
max iter space = 12
max_memory 4000 MB
nroots = 1
pspace_size = 400
spin = None
Density matrix diagonal elements [1.99989802e+00 3.22100857e-05 1.99998620e+00 8.35641709e-05]
CASCI converged
CASCI E = -234.909356435995  E(CI) = -10.8878612561371  S^2 = 0.0000000

******** <class 'pyscf.mcscf.casci.CASCI'> ********
CAS (2e+2e, 4o), ncore = 13, nvir = 33
natorb = False
canonicalization = True
sorting_mo_energy = False
max_memory 4000 MB (current use 453 MB)
******** <class 'pyscf.fci.direct_spin1.FCISolver'> ********
max. cycles = 200
conv_tol = 1e-08
davidson only = False
linear dependence = 1e-12
level shift = 0.001
max iter space = 12
max_memory 4000 MB
nroots = 1
pspace_size = 400
spin = None
Density matrix diagonal elements [1.99988831e+00 3.31485446e-05 1.99999911e+00 7.94237955e-05]
CASCI converged
CASCI E = -234.909319205163  E(CI) = -10.8878240253049  S^2 = 0.0000000

******** <class 'pyscf.mcscf.casci.CASCI'> ********
CAS (2e+2e, 4o), ncore = 13, nvir = 33
natorb = False
canonicalization = True
sorting_mo_energy = False
max_memory 4000 MB (current use 453 MB)
******** <class 'pyscf.fci.direct_spin1.FCISolver'> ********
max. cycles = 200
conv_tol = 1e-08
davidson only = False
linear dependence = 1e-12
level shift = 0.001
max iter space = 12
max_memory 4000 MB
nroots = 1
pspace_size = 400
spin = None
Density matrix diagonal elements [1.98800520e+00 1.26227513e-03 1.99998562e+00 1.07469034e-02]
CASCI converged
CASCI E = -234.911271942173  E(CI) = -10.8897767623151  S^2 = 0.0000000

******** <class 'pyscf.mcscf.casci.CASCI'> ********
CAS (2e+2e, 4o), ncore = 13, nvir = 33
natorb = False
canonicalization = True
sorting_mo_energy = False
max_memory 4000 MB (current use 453 MB)
******** <class 'pyscf.fci.direct_spin1.FCISolver'> ********
max. cycles = 200
conv_tol = 1e-08
davidson only = False
linear dependence = 1e-12
level shift = 0.001
max iter space = 12
max_memory 4000 MB
nroots = 1
pspace_size = 400
spin = None
Density matrix diagonal elements [1.99990666e+00 3.73115630e-05 1.99999065e+00 6.53857759e-05]
CASCI converged
CASCI E = -234.909346321038  E(CI) = -10.8878511411801  S^2 = 0.0000000

******** <class 'pyscf.mcscf.casci.CASCI'> ********
CAS (2e+2e, 4o), ncore = 13, nvir = 33
natorb = False
canonicalization = True
sorting_mo_energy = False
max_memory 4000 MB (current use 453 MB)
******** <class 'pyscf.fci.direct_spin1.FCISolver'> ********
max. cycles = 200
conv_tol = 1e-08
davidson only = False
linear dependence = 1e-12
level shift = 0.001
max iter space = 12
max_memory 4000 MB
nroots = 1
pspace_size = 400
spin = None
Density matrix diagonal elements [1.99987534e+00 3.96146221e-05 1.99998174e+00 1.03309744e-04]
CASCI converged
CASCI E = -234.909405910684  E(CI) = -10.8879107308261  S^2 = 0.0000000

******** <class 'pyscf.mcscf.casci.CASCI'> ********
CAS (2e+2e, 4o), ncore = 13, nvir = 33
natorb = False
canonicalization = True
sorting_mo_energy = False
max_memory 4000 MB (current use 453 MB)
******** <class 'pyscf.fci.direct_spin1.FCISolver'> ********
max. cycles = 200
conv_tol = 1e-08
davidson only = False
linear dependence = 1e-12
level shift = 0.001
max iter space = 12
max_memory 4000 MB
nroots = 1
pspace_size = 400
spin = None
Density matrix diagonal elements [1.99996575e+00 3.41846250e-05 1.99999996e+00 1.05350842e-07]
CASCI converged
CASCI E = -234.909279346633  E(CI) = -10.8877841667750  S^2 = 0.0000000

******** <class 'pyscf.mcscf.casci.CASCI'> ********
CAS (2e+2e, 4o), ncore = 13, nvir = 33
natorb = False
canonicalization = True
sorting_mo_energy = False
max_memory 4000 MB (current use 453 MB)
******** <class 'pyscf.fci.direct_spin1.FCISolver'> ********
max. cycles = 200
conv_tol = 1e-08
davidson only = False
linear dependence = 1e-12
level shift = 0.001
max iter space = 12
max_memory 4000 MB
nroots = 1
pspace_size = 400
spin = None
Density matrix diagonal elements [1.99996575e+00 3.41783263e-05 1.99999999e+00 8.69723260e-08]
CASCI converged
CASCI E = -234.909279263416  E(CI) = -10.8877840835584  S^2 = 0.0000000

******** <class 'pyscf.mcscf.casci.CASCI'> ********
CAS (2e+2e, 4o), ncore = 13, nvir = 33
natorb = False
canonicalization = True
sorting_mo_energy = False
max_memory 4000 MB (current use 453 MB)
******** <class 'pyscf.fci.direct_spin1.FCISolver'> ********
max. cycles = 200
conv_tol = 1e-08
davidson only = False
linear dependence = 1e-12
level shift = 0.001
max iter space = 12
max_memory 4000 MB
nroots = 1
pspace_size = 400
spin = None
Density matrix diagonal elements [1.99994014e+00 3.37415678e-05 1.99990296e+00 1.23159095e-04]
CASCI converged
CASCI E = -234.909606887685  E(CI) = -10.8881117078272  S^2 = 0.0000000

******** <class 'pyscf.mcscf.casci.CASCI'> ********
CAS (2e+2e, 4o), ncore = 13, nvir = 33
natorb = False
canonicalization = True
sorting_mo_energy = False
max_memory 4000 MB (current use 453 MB)
******** <class 'pyscf.fci.direct_spin1.FCISolver'> ********
max. cycles = 200
conv_tol = 1e-08
davidson only = False
linear dependence = 1e-12
level shift = 0.001
max iter space = 12
max_memory 4000 MB
nroots = 1
pspace_size = 400
spin = None
Density matrix diagonal elements [1.98759358e+00 2.08252432e-05 1.99993755e+00 1.24480427e-02]
CASCI converged
CASCI E = -234.919095079804  E(CI) = -10.8975998999466  S^2 = 0.0000000

******** <class 'pyscf.mcscf.casci.CASCI'> ********
CAS (2e+2e, 4o), ncore = 13, nvir = 33
natorb = False
canonicalization = True
sorting_mo_energy = False
max_memory 4000 MB (current use 453 MB)
******** <class 'pyscf.fci.direct_spin1.FCISolver'> ********
max. cycles = 200
conv_tol = 1e-08
davidson only = False
linear dependence = 1e-12
level shift = 0.001
max iter space = 12
max_memory 4000 MB
nroots = 1
pspace_size = 400
spin = None
Density matrix diagonal elements [1.99992346e+00 3.30500476e-05 1.99993478e+00 1.08713085e-04]
CASCI converged
CASCI E = -234.909537833114  E(CI) = -10.8880426532564  S^2 = 0.0000000

******** <class 'pyscf.mcscf.casci.CASCI'> ********
CAS (2e+2e, 4o), ncore = 13, nvir = 33
natorb = False
canonicalization = True
sorting_mo_energy = False
max_memory 4000 MB (current use 453 MB)
******** <class 'pyscf.fci.direct_spin1.FCISolver'> ********
max. cycles = 200
conv_tol = 1e-08
davidson only = False
linear dependence = 1e-12
level shift = 0.001
max iter space = 12
max_memory 4000 MB
nroots = 1
pspace_size = 400
spin = None
Density matrix diagonal elements [1.99991572e+00 3.33100402e-05 1.99999858e+00 5.23848085e-05]
CASCI converged
CASCI E = -234.909329974123  E(CI) = -10.8878347942648  S^2 = 0.0000000

******** <class 'pyscf.mcscf.casci.CASCI'> ********
CAS (2e+2e, 4o), ncore = 13, nvir = 33
natorb = False
canonicalization = True
sorting_mo_energy = False
max_memory 4000 MB (current use 453 MB)
******** <class 'pyscf.fci.direct_spin1.FCISolver'> ********
max. cycles = 200
conv_tol = 1e-08
davidson only = False
linear dependence = 1e-12
level shift = 0.001
max iter space = 12
max_memory 4000 MB
nroots = 1
pspace_size = 400
spin = None
Density matrix diagonal elements [1.99996000e+00 3.50025462e-05 1.99999770e+00 7.30171019e-06]
CASCI converged
CASCI E = -234.909294808758  E(CI) = -10.8877996288999  S^2 = 0.0000000

******** <class 'pyscf.mcscf.casci.CASCI'> ********
CAS (2e+2e, 4o), ncore = 13, nvir = 33
natorb = False
canonicalization = True
sorting_mo_energy = False
max_memory 4000 MB (current use 453 MB)
******** <class 'pyscf.fci.direct_spin1.FCISolver'> ********
max. cycles = 200
conv_tol = 1e-08
davidson only = False
linear dependence = 1e-12
level shift = 0.001
max iter space = 12
max_memory 4000 MB
nroots = 1
pspace_size = 400
spin = None
Density matrix diagonal elements [1.99995551e+00 3.41827876e-05 1.99999727e+00 1.30340377e-05]
CASCI converged
CASCI E = -234.909302403351  E(CI) = -10.8878072234929  S^2 = 0.0000000

******** <class 'pyscf.mcscf.casci.CASCI'> ********
CAS (2e+2e, 4o), ncore = 13, nvir = 33
natorb = False
canonicalization = True
sorting_mo_energy = False
max_memory 4000 MB (current use 453 MB)
******** <class 'pyscf.fci.direct_spin1.FCISolver'> ********
max. cycles = 200
conv_tol = 1e-08
davidson only = False
linear dependence = 1e-12
level shift = 0.001
max iter space = 12
max_memory 4000 MB
nroots = 1
pspace_size = 400
spin = None
Density matrix diagonal elements [1.99996360e+00 3.45627847e-05 1.99999919e+00 2.64449693e-06]
CASCI converged
CASCI E = -234.909285536616  E(CI) = -10.8877903567584  S^2 = 0.0000000

******** <class 'pyscf.mcscf.casci.CASCI'> ********
CAS (2e+2e, 4o), ncore = 13, nvir = 33
natorb = False
canonicalization = True
sorting_mo_energy = False
max_memory 4000 MB (current use 453 MB)
******** <class 'pyscf.fci.direct_spin1.FCISolver'> ********
max. cycles = 200
conv_tol = 1e-08
davidson only = False
linear dependence = 1e-12
level shift = 0.001
max iter space = 12
max_memory 4000 MB
nroots = 1
pspace_size = 400
spin = None
Density matrix diagonal elements [1.99996580e+00 3.42031681e-05 1.99999998e+00 2.40550265e-08]
CASCI converged
CASCI E = -234.909279232518  E(CI) = -10.8877840526601  S^2 = 0.0000000

******** <class 'pyscf.mcscf.casci.CASCI'> ********
CAS (2e+2e, 4o), ncore = 13, nvir = 33
natorb = False
canonicalization = True
sorting_mo_energy = False
max_memory 4000 MB (current use 453 MB)
******** <class 'pyscf.fci.direct_spin1.FCISolver'> ********
max. cycles = 200
conv_tol = 1e-08
davidson only = False
linear dependence = 1e-12
level shift = 0.001
max iter space = 12
max_memory 4000 MB
nroots = 1
pspace_size = 400
spin = None
Density matrix diagonal elements [1.99996581e+00 3.41884948e-05 1.99999995e+00 5.33243431e-08]
CASCI converged
CASCI E = -234.909279366722  E(CI) = -10.8877841868643  S^2 = 0.0000000

******** <class 'pyscf.mcscf.casci.CASCI'> ********
CAS (2e+2e, 4o), ncore = 13, nvir = 33
natorb = False
canonicalization = True
sorting_mo_energy = False
max_memory 4000 MB (current use 453 MB)
******** <class 'pyscf.fci.direct_spin1.FCISolver'> ********
max. cycles = 200
conv_tol = 1e-08
davidson only = False
linear dependence = 1e-12
level shift = 0.001
max iter space = 12
max_memory 4000 MB
nroots = 1
pspace_size = 400
spin = None
Density matrix diagonal elements [1.99996507e+00 3.47809140e-05 1.99999996e+00 1.91818434e-07]
CASCI converged
CASCI E = -234.909279660456  E(CI) = -10.8877844805984  S^2 = 0.0000000

******** <class 'pyscf.mcscf.casci.CASCI'> ********
CAS (2e+2e, 4o), ncore = 13, nvir = 33
natorb = False
canonicalization = True
sorting_mo_energy = False
max_memory 4000 MB (current use 453 MB)
******** <class 'pyscf.fci.direct_spin1.FCISolver'> ********
max. cycles = 200
conv_tol = 1e-08
davidson only = False
linear dependence = 1e-12
level shift = 0.001
max iter space = 12
max_memory 4000 MB
nroots = 1
pspace_size = 400
spin = None
Density matrix diagonal elements [1.99996582e+00 3.41902448e-05 1.99999998e+00 1.80969887e-09]
CASCI converged
CASCI E = -234.909279171189  E(CI) = -10.8877839913307  S^2 = 0.0000000

******** <class 'pyscf.mcscf.casci.CASCI'> ********
CAS (2e+2e, 4o), ncore = 13, nvir = 33
natorb = False
canonicalization = True
sorting_mo_energy = False
max_memory 4000 MB (current use 453 MB)
******** <class 'pyscf.fci.direct_spin1.FCISolver'> ********
max. cycles = 200
conv_tol = 1e-08
davidson only = False
linear dependence = 1e-12
level shift = 0.001
max iter space = 12
max_memory 4000 MB
nroots = 1
pspace_size = 400
spin = None
Density matrix diagonal elements [1.99996577e+00 3.41871871e-05 1.99999999e+00 5.67346308e-08]
CASCI converged
CASCI E = -234.909279297796  E(CI) = -10.8877841179379  S^2 = 0.0000000

******** <class 'pyscf.mcscf.casci.CASCI'> ********
CAS (2e+2e, 4o), ncore = 13, nvir = 33
natorb = False
canonicalization = True
sorting_mo_energy = False
max_memory 4000 MB (current use 453 MB)
******** <class 'pyscf.fci.direct_spin1.FCISolver'> ********
max. cycles = 200
conv_tol = 1e-08
davidson only = False
linear dependence = 1e-12
level shift = 0.001
max iter space = 12
max_memory 4000 MB
nroots = 1
pspace_size = 400
spin = None
Density matrix diagonal elements [1.99996581e+00 3.41901607e-05 1.99999999e+00 1.61349089e-08]
CASCI converged
CASCI E = -234.909279205062  E(CI) = -10.8877840252039  S^2 = 0.0000000

******** <class 'pyscf.mcscf.casci.CASCI'> ********
CAS (2e+2e, 4o), ncore = 13, nvir = 33
natorb = False
canonicalization = True
sorting_mo_energy = False
max_memory 4000 MB (current use 453 MB)
******** <class 'pyscf.fci.direct_spin1.FCISolver'> ********
max. cycles = 200
conv_tol = 1e-08
davidson only = False
linear dependence = 1e-12
level shift = 0.001
max iter space = 12
max_memory 4000 MB
nroots = 1
pspace_size = 400
spin = None
Density matrix diagonal elements [1.99996581e+00 3.41873025e-05 1.99999999e+00 1.47908248e-08]
CASCI converged
CASCI E = -234.909279197216  E(CI) = -10.8877840173586  S^2 = 0.0000000

******** <class 'pyscf.mcscf.casci.CASCI'> ********
CAS (2e+2e, 4o), ncore = 13, nvir = 33
natorb = False
canonicalization = True
sorting_mo_energy = False
max_memory 4000 MB (current use 453 MB)
******** <class 'pyscf.fci.direct_spin1.FCISolver'> ********
max. cycles = 200
conv_tol = 1e-08
davidson only = False
linear dependence = 1e-12
level shift = 0.001
max iter space = 12
max_memory 4000 MB
nroots = 1
pspace_size = 400
spin = None
Density matrix diagonal elements [1.99996580e+00 3.42005664e-05 1.99999997e+00 2.59323791e-08]
CASCI converged
CASCI E = -234.909279284350  E(CI) = -10.8877841044921  S^2 = 0.0000000

******** <class 'pyscf.mcscf.casci.CASCI'> ********
CAS (2e+2e, 4o), ncore = 13, nvir = 33
natorb = False
canonicalization = True
sorting_mo_energy = False
max_memory 4000 MB (current use 453 MB)
******** <class 'pyscf.fci.direct_spin1.FCISolver'> ********
max. cycles = 200
conv_tol = 1e-08
davidson only = False
linear dependence = 1e-12
level shift = 0.001
max iter space = 12
max_memory 4000 MB
nroots = 1
pspace_size = 400
spin = None
Density matrix diagonal elements [1.99996582e+00 3.41892846e-05 1.99999999e+00 2.06477257e-11]
CASCI converged
CASCI E = -234.909279160282  E(CI) = -10.8877839804237  S^2 = 0.0000000

******** <class 'pyscf.mcscf.casci.CASCI'> ********
CAS (2e+2e, 4o), ncore = 13, nvir = 33
natorb = False
canonicalization = True
sorting_mo_energy = False
max_memory 4000 MB (current use 453 MB)
******** <class 'pyscf.fci.direct_spin1.FCISolver'> ********
max. cycles = 200
conv_tol = 1e-08
davidson only = False
linear dependence = 1e-12
level shift = 0.001
max iter space = 12
max_memory 4000 MB
nroots = 1
pspace_size = 400
spin = None
Density matrix diagonal elements [1.99996582e+00 3.41892644e-05 1.99999999e+00 2.82912350e-11]
CASCI converged
CASCI E = -234.909279160212  E(CI) = -10.8877839803536  S^2 = 0.0000000

******** <class 'pyscf.mcscf.casci.CASCI'> ********
CAS (2e+2e, 4o), ncore = 13, nvir = 33
natorb = False
canonicalization = True
sorting_mo_energy = False
max_memory 4000 MB (current use 453 MB)
******** <class 'pyscf.fci.direct_spin1.FCISolver'> ********
max. cycles = 200
conv_tol = 1e-08
davidson only = False
linear dependence = 1e-12
level shift = 0.001
max iter space = 12
max_memory 4000 MB
nroots = 1
pspace_size = 400
spin = None
Density matrix diagonal elements [1.99996582e+00 3.41898467e-05 1.99999999e+00 1.85971072e-10]
CASCI converged
CASCI E = -234.909279161130  E(CI) = -10.8877839812722  S^2 = 0.0000000

******** <class 'pyscf.mcscf.casci.CASCI'> ********
CAS (2e+2e, 4o), ncore = 13, nvir = 33
natorb = False
canonicalization = True
sorting_mo_energy = False
max_memory 4000 MB (current use 453 MB)
******** <class 'pyscf.fci.direct_spin1.FCISolver'> ********
max. cycles = 200
conv_tol = 1e-08
davidson only = False
linear dependence = 1e-12
level shift = 0.001
max iter space = 12
max_memory 4000 MB
nroots = 1
pspace_size = 400
spin = None
Density matrix diagonal elements [1.99996582e+00 3.41892593e-05 1.99999999e+00 1.15208835e-10]
CASCI converged
CASCI E = -234.909279160636  E(CI) = -10.8877839807785  S^2 = 0.0000000

******** <class 'pyscf.mcscf.casci.CASCI'> ********
CAS (2e+2e, 4o), ncore = 13, nvir = 33
natorb = False
canonicalization = True
sorting_mo_energy = False
max_memory 4000 MB (current use 453 MB)
******** <class 'pyscf.fci.direct_spin1.FCISolver'> ********
max. cycles = 200
conv_tol = 1e-08
davidson only = False
linear dependence = 1e-12
level shift = 0.001
max iter space = 12
max_memory 4000 MB
nroots = 1
pspace_size = 400
spin = None
Density matrix diagonal elements [1.99996450e+00 3.52399010e-05 1.99999993e+00 3.37546471e-07]
CASCI converged
CASCI E = -234.909280687966  E(CI) = -10.8877855081082  S^2 = 0.0000000

******** <class 'pyscf.mcscf.casci.CASCI'> ********
CAS (2e+2e, 4o), ncore = 13, nvir = 33
natorb = False
canonicalization = True
sorting_mo_energy = False
max_memory 4000 MB (current use 453 MB)
******** <class 'pyscf.fci.direct_spin1.FCISolver'> ********
max. cycles = 200
conv_tol = 1e-08
davidson only = False
linear dependence = 1e-12
level shift = 0.001
max iter space = 12
max_memory 4000 MB
nroots = 1
pspace_size = 400
spin = None
Density matrix diagonal elements [1.99996538e+00 3.45404610e-05 1.99999997e+00 1.01729954e-07]
CASCI converged
CASCI E = -234.909279678617  E(CI) = -10.8877844987595  S^2 = 0.0000000

******** <class 'pyscf.mcscf.casci.CASCI'> ********
CAS (3e+3e, 4o), ncore = 12, nvir = 34
natorb = False
canonicalization = True
sorting_mo_energy = False
max_memory 4000 MB (current use 453 MB)
******** <class 'pyscf.fci.direct_spin1.FCISolver'> ********
max. cycles = 200
conv_tol = 1e-08
davidson only = False
linear dependence = 1e-12
level shift = 0.001
max iter space = 12
max_memory 4000 MB
nroots = 1
pspace_size = 400
spin = None
Density matrix diagonal elements [1.99996582e+00 3.42008087e-05 1.99999999e+00 1.99999999e+00]
CASCI converged
CASCI E = -234.909279179253  E(CI) = -16.0413203219272  S^2 = 0.0000000

******** <class 'pyscf.mcscf.casci.CASCI'> ********
CAS (3e+3e, 4o), ncore = 12, nvir = 34
natorb = False
canonicalization = True
sorting_mo_energy = False
max_memory 4000 MB (current use 453 MB)
******** <class 'pyscf.fci.direct_spin1.FCISolver'> ********
max. cycles = 200
conv_tol = 1e-08
davidson only = False
linear dependence = 1e-12
level shift = 0.001
max iter space = 12
max_memory 4000 MB
nroots = 1
pspace_size = 400
spin = None
Density matrix diagonal elements [1.99996583e+00 3.46284970e-05 1.99999999e+00 1.99999955e+00]
CASCI converged
CASCI E = -234.909279556917  E(CI) = -14.6868182367522  S^2 = 0.0000000

******** <class 'pyscf.mcscf.casci.CASCI'> ********
CAS (3e+3e, 4o), ncore = 12, nvir = 34
natorb = False
canonicalization = True
sorting_mo_energy = False
max_memory 4000 MB (current use 453 MB)
******** <class 'pyscf.fci.direct_spin1.FCISolver'> ********
max. cycles = 200
conv_tol = 1e-08
davidson only = False
linear dependence = 1e-12
level shift = 0.001
max iter space = 12
max_memory 4000 MB
nroots = 1
pspace_size = 400
spin = None
Density matrix diagonal elements [1.99996595e+00 4.22706276e-05 1.99999999e+00 1.99999180e+00]
CASCI converged
CASCI E = -234.909284445710  E(CI) = -15.1994902198334  S^2 = 0.0000000

******** <class 'pyscf.mcscf.casci.CASCI'> ********
CAS (3e+3e, 4o), ncore = 12, nvir = 34
natorb = False
canonicalization = True
sorting_mo_energy = False
max_memory 4000 MB (current use 453 MB)
******** <class 'pyscf.fci.direct_spin1.FCISolver'> ********
max. cycles = 200
conv_tol = 1e-08
davidson only = False
linear dependence = 1e-12
level shift = 0.001
max iter space = 12
max_memory 4000 MB
nroots = 1
pspace_size = 400
spin = None
Density matrix diagonal elements [1.99996583e+00 3.42340716e-05 1.99999998e+00 1.99999995e+00]
CASCI converged
CASCI E = -234.909279198265  E(CI) = -14.2744122654578  S^2 = 0.0000000

******** <class 'pyscf.mcscf.casci.CASCI'> ********
CAS (3e+3e, 4o), ncore = 12, nvir = 34
natorb = False
canonicalization = True
sorting_mo_energy = False
max_memory 4000 MB (current use 453 MB)
******** <class 'pyscf.fci.direct_spin1.FCISolver'> ********
max. cycles = 200
conv_tol = 1e-08
davidson only = False
linear dependence = 1e-12
level shift = 0.001
max iter space = 12
max_memory 4000 MB
nroots = 1
pspace_size = 400
spin = None
Density matrix diagonal elements [1.99996583e+00 3.42297448e-05 1.99999999e+00 1.99999996e+00]
CASCI converged
CASCI E = -234.909279191123  E(CI) = -14.2725507745566  S^2 = 0.0000000

******** <class 'pyscf.mcscf.casci.CASCI'> ********
CAS (3e+3e, 4o), ncore = 12, nvir = 34
natorb = False
canonicalization = True
sorting_mo_energy = False
max_memory 4000 MB (current use 453 MB)
******** <class 'pyscf.fci.direct_spin1.FCISolver'> ********
max. cycles = 200
conv_tol = 1e-08
davidson only = False
linear dependence = 1e-12
level shift = 0.001
max iter space = 12
max_memory 4000 MB
nroots = 1
pspace_size = 400
spin = None
Density matrix diagonal elements [1.99996855e+00 7.29601111e-05 1.99999999e+00 1.99995850e+00]
CASCI converged
CASCI E = -234.909291895431  E(CI) = -17.5411686794966  S^2 = 0.0000000

******** <class 'pyscf.mcscf.casci.CASCI'> ********
CAS (3e+3e, 4o), ncore = 12, nvir = 34
natorb = False
canonicalization = True
sorting_mo_energy = False
max_memory 4000 MB (current use 453 MB)
******** <class 'pyscf.fci.direct_spin1.FCISolver'> ********
max. cycles = 200
conv_tol = 1e-08
davidson only = False
linear dependence = 1e-12
level shift = 0.001
max iter space = 12
max_memory 4000 MB
nroots = 1
pspace_size = 400
spin = None
Density matrix diagonal elements [1.99996831e+00 7.43050228e-05 1.99999973e+00 1.99995766e+00]
CASCI converged
CASCI E = -234.909292720112  E(CI) = -17.5769858483625  S^2 = 0.0000000

******** <class 'pyscf.mcscf.casci.CASCI'> ********
CAS (3e+3e, 4o), ncore = 12, nvir = 34
natorb = False
canonicalization = True
sorting_mo_energy = False
max_memory 4000 MB (current use 453 MB)
******** <class 'pyscf.fci.direct_spin1.FCISolver'> ********
max. cycles = 200
conv_tol = 1e-08
davidson only = False
linear dependence = 1e-12
level shift = 0.001
max iter space = 12
max_memory 4000 MB
nroots = 1
pspace_size = 400
spin = None
Density matrix diagonal elements [1.99996709e+00 6.58114406e-05 2.00000000e+00 1.99996709e+00]
CASCI converged
CASCI E = -234.909289946890  E(CI) = -18.4914613659480  S^2 = 0.0000000

******** <class 'pyscf.mcscf.casci.CASCI'> ********
CAS (2e+2e, 4o), ncore = 13, nvir = 33
natorb = False
canonicalization = True
sorting_mo_energy = False
max_memory 4000 MB (current use 453 MB)
******** <class 'pyscf.fci.direct_spin1.FCISolver'> ********
max. cycles = 200
conv_tol = 1e-08
davidson only = False
linear dependence = 1e-12
level shift = 0.001
max iter space = 12
max_memory 4000 MB
nroots = 1
pspace_size = 400
spin = None
Density matrix diagonal elements [1.99996358e+00 3.38358625e-05 1.99999991e+00 2.66676034e-06]
CASCI converged
CASCI E = -234.909280559256  E(CI) = -10.8877760600440  S^2 = 0.0000000

******** <class 'pyscf.mcscf.casci.CASCI'> ********
CAS (2e+2e, 4o), ncore = 13, nvir = 33
natorb = False
canonicalization = True
sorting_mo_energy = False
max_memory 4000 MB (current use 453 MB)
******** <class 'pyscf.fci.direct_spin1.FCISolver'> ********
max. cycles = 200
conv_tol = 1e-08
davidson only = False
linear dependence = 1e-12
level shift = 0.001
max iter space = 12
max_memory 4000 MB
nroots = 1
pspace_size = 400
spin = None
Density matrix diagonal elements [1.99996383e+00 3.37430027e-05 1.99999989e+00 2.53169887e-06]
CASCI converged
CASCI E = -234.909280598519  E(CI) = -10.8877760993063  S^2 = 0.0000000

******** <class 'pyscf.mcscf.casci.CASCI'> ********
CAS (2e+2e, 4o), ncore = 13, nvir = 33
natorb = False
canonicalization = True
sorting_mo_energy = False
max_memory 4000 MB (current use 453 MB)
******** <class 'pyscf.fci.direct_spin1.FCISolver'> ********
max. cycles = 200
conv_tol = 1e-08
davidson only = False
linear dependence = 1e-12
level shift = 0.001
max iter space = 12
max_memory 4000 MB
nroots = 1
pspace_size = 400
spin = None
Density matrix diagonal elements [1.99982975e+00 9.85089211e-05 1.99999997e+00 7.17689304e-05]
CASCI converged
CASCI E = -234.909315599422  E(CI) = -10.8878111002099  S^2 = 0.0000000

******** <class 'pyscf.mcscf.casci.CASCI'> ********
CAS (2e+2e, 4o), ncore = 13, nvir = 33
natorb = False
canonicalization = True
sorting_mo_energy = False
max_memory 4000 MB (current use 453 MB)
******** <class 'pyscf.fci.direct_spin1.FCISolver'> ********
max. cycles = 200
conv_tol = 1e-08
davidson only = False
linear dependence = 1e-12
level shift = 0.001
max iter space = 12
max_memory 4000 MB
nroots = 1
pspace_size = 400
spin = None
Density matrix diagonal elements [1.99972977e+00 3.21439497e-05 1.99999946e+00 2.38629953e-04]
CASCI converged
CASCI E = -234.909361145139  E(CI) = -10.8878566459262  S^2 = 0.0000000

******** <class 'pyscf.mcscf.casci.CASCI'> ********
CAS (2e+2e, 4o), ncore = 13, nvir = 33
natorb = False
canonicalization = True
sorting_mo_energy = False
max_memory 4000 MB (current use 453 MB)
******** <class 'pyscf.fci.direct_spin1.FCISolver'> ********
max. cycles = 200
conv_tol = 1e-08
davidson only = False
linear dependence = 1e-12
level shift = 0.001
max iter space = 12
max_memory 4000 MB
nroots = 1
pspace_size = 400
spin = None
Density matrix diagonal elements [1.99975296e+00 3.18680523e-05 1.99998507e+00 2.30102340e-04]
CASCI converged
CASCI E = -234.909400780835  E(CI) = -10.8878962816228  S^2 = 0.0000000

******** <class 'pyscf.mcscf.casci.CASCI'> ********
CAS (2e+2e, 4o), ncore = 13, nvir = 33
natorb = False
canonicalization = True
sorting_mo_energy = False
max_memory 4000 MB (current use 453 MB)
******** <class 'pyscf.fci.direct_spin1.FCISolver'> ********
max. cycles = 200
conv_tol = 1e-08
davidson only = False
linear dependence = 1e-12
level shift = 0.001
max iter space = 12
max_memory 4000 MB
nroots = 1
pspace_size = 400
spin = None
Density matrix diagonal elements [1.99992626e+00 4.20206813e-05 1.99999855e+00 3.31610487e-05]
CASCI converged
CASCI E = -234.909297225475  E(CI) = -10.8877927262627  S^2 = 0.0000000

******** <class 'pyscf.mcscf.casci.CASCI'> ********
CAS (2e+2e, 4o), ncore = 13, nvir = 33
natorb = False
canonicalization = True
sorting_mo_energy = False
max_memory 4000 MB (current use 453 MB)
******** <class 'pyscf.fci.direct_spin1.FCISolver'> ********
max. cycles = 200
conv_tol = 1e-08
davidson only = False
linear dependence = 1e-12
level shift = 0.001
max iter space = 12
max_memory 4000 MB
nroots = 1
pspace_size = 400
spin = None
Density matrix diagonal elements [1.99988834e+00 3.31486669e-05 1.99999911e+00 7.93961751e-05]
CASCI converged
CASCI E = -234.909319193207  E(CI) = -10.8878146939941  S^2 = 0.0000000

******** <class 'pyscf.mcscf.casci.CASCI'> ********
CAS (2e+2e, 4o), ncore = 13, nvir = 33
natorb = False
canonicalization = True
sorting_mo_energy = False
max_memory 4000 MB (current use 453 MB)
******** <class 'pyscf.fci.direct_spin1.FCISolver'> ********
max. cycles = 200
conv_tol = 1e-08
davidson only = False
linear dependence = 1e-12
level shift = 0.001
max iter space = 12
max_memory 4000 MB
nroots = 1
pspace_size = 400
spin = None
Density matrix diagonal elements [1.99989800e+00 3.22098525e-05 1.99998620e+00 8.35946064e-05]
CASCI converged
CASCI E = -234.909356467261  E(CI) = -10.8878519680489  S^2 = 0.0000000

******** <class 'pyscf.mcscf.casci.CASCI'> ********
CAS (2e+2e, 4o), ncore = 13, nvir = 33
natorb = False
canonicalization = True
sorting_mo_energy = False
max_memory 4000 MB (current use 453 MB)
******** <class 'pyscf.fci.direct_spin1.FCISolver'> ********
max. cycles = 200
conv_tol = 1e-08
davidson only = False
linear dependence = 1e-12
level shift = 0.001
max iter space = 12
max_memory 4000 MB
nroots = 1
pspace_size = 400
spin = None
Density matrix diagonal elements [1.98800495e+00 1.26229043e-03 1.99998564e+00 1.07471137e-02]
CASCI converged
CASCI E = -234.911271888991  E(CI) = -10.8897673897782  S^2 = 0.0000000

******** <class 'pyscf.mcscf.casci.CASCI'> ********
CAS (2e+2e, 4o), ncore = 13, nvir = 33
natorb = False
canonicalization = True
sorting_mo_energy = False
max_memory 4000 MB (current use 453 MB)
******** <class 'pyscf.fci.direct_spin1.FCISolver'> ********
max. cycles = 200
conv_tol = 1e-08
davidson only = False
linear dependence = 1e-12
level shift = 0.001
max iter space = 12
max_memory 4000 MB
nroots = 1
pspace_size = 400
spin = None
Density matrix diagonal elements [1.99990666e+00 3.73115102e-05 1.99999065e+00 6.53826150e-05]
CASCI converged
CASCI E = -234.909346308259  E(CI) = -10.8878418090461  S^2 = 0.0000000

******** <class 'pyscf.mcscf.casci.CASCI'> ********
CAS (2e+2e, 4o), ncore = 13, nvir = 33
natorb = False
canonicalization = True
sorting_mo_energy = False
max_memory 4000 MB (current use 453 MB)
******** <class 'pyscf.fci.direct_spin1.FCISolver'> ********
max. cycles = 200
conv_tol = 1e-08
davidson only = False
linear dependence = 1e-12
level shift = 0.001
max iter space = 12
max_memory 4000 MB
nroots = 1
pspace_size = 400
spin = None
Density matrix diagonal elements [1.99987534e+00 3.96145712e-05 1.99998174e+00 1.03309105e-04]
CASCI converged
CASCI E = -234.909405908638  E(CI) = -10.8879014094253  S^2 = 0.0000000

******** <class 'pyscf.mcscf.casci.CASCI'> ********
CAS (2e+2e, 4o), ncore = 13, nvir = 33
natorb = False
canonicalization = True
sorting_mo_energy = False
max_memory 4000 MB (current use 453 MB)
******** <class 'pyscf.fci.direct_spin1.FCISolver'> ********
max. cycles = 200
conv_tol = 1e-08
davidson only = False
linear dependence = 1e-12
level shift = 0.001
max iter space = 12
max_memory 4000 MB
nroots = 1
pspace_size = 400
spin = None
Density matrix diagonal elements [1.99996575e+00 3.41783067e-05 1.99999999e+00 8.69813590e-08]
CASCI converged
CASCI E = -234.909279263432  E(CI) = -10.8877747642193  S^2 = 0.0000000

******** <class 'pyscf.mcscf.casci.CASCI'> ********
CAS (2e+2e, 4o), ncore = 13, nvir = 33
natorb = False
canonicalization = True
sorting_mo_energy = False
max_memory 4000 MB (current use 453 MB)
******** <class 'pyscf.fci.direct_spin1.FCISolver'> ********
max. cycles = 200
conv_tol = 1e-08
davidson only = False
linear dependence = 1e-12
level shift = 0.001
max iter space = 12
max_memory 4000 MB
nroots = 1
pspace_size = 400
spin = None
Density matrix diagonal elements [1.99996575e+00 3.41846072e-05 1.99999996e+00 1.05339397e-07]
CASCI converged
CASCI E = -234.909279346618  E(CI) = -10.8877748474052  S^2 = 0.0000000

******** <class 'pyscf.mcscf.casci.CASCI'> ********
CAS (2e+2e, 4o), ncore = 13, nvir = 33
natorb = False
canonicalization = True
sorting_mo_energy = False
max_memory 4000 MB (current use 453 MB)
******** <class 'pyscf.fci.direct_spin1.FCISolver'> ********
max. cycles = 200
conv_tol = 1e-08
davidson only = False
linear dependence = 1e-12
level shift = 0.001
max iter space = 12
max_memory 4000 MB
nroots = 1
pspace_size = 400
spin = None
Density matrix diagonal elements [1.99994014e+00 3.37417196e-05 1.99990297e+00 1.23145980e-04]
CASCI converged
CASCI E = -234.909606845276  E(CI) = -10.8881023460640  S^2 = 0.0000000

******** <class 'pyscf.mcscf.casci.CASCI'> ********
CAS (2e+2e, 4o), ncore = 13, nvir = 33
natorb = False
canonicalization = True
sorting_mo_energy = False
max_memory 4000 MB (current use 453 MB)
******** <class 'pyscf.fci.direct_spin1.FCISolver'> ********
max. cycles = 200
conv_tol = 1e-08
davidson only = False
linear dependence = 1e-12
level shift = 0.001
max iter space = 12
max_memory 4000 MB
nroots = 1
pspace_size = 400
spin = None
Density matrix diagonal elements [1.98759358e+00 2.08252288e-05 1.99993755e+00 1.24480427e-02]
CASCI converged
CASCI E = -234.919095079835  E(CI) = -10.8975905806221  S^2 = 0.0000000

******** <class 'pyscf.mcscf.casci.CASCI'> ********
CAS (2e+2e, 4o), ncore = 13, nvir = 33
natorb = False
canonicalization = True
sorting_mo_energy = False
max_memory 4000 MB (current use 453 MB)
******** <class 'pyscf.fci.direct_spin1.FCISolver'> ********
max. cycles = 200
conv_tol = 1e-08
davidson only = False
linear dependence = 1e-12
level shift = 0.001
max iter space = 12
max_memory 4000 MB
nroots = 1
pspace_size = 400
spin = None
Density matrix diagonal elements [1.99991573e+00 3.33100428e-05 1.99999858e+00 5.23782414e-05]
CASCI converged
CASCI E = -234.909329967573  E(CI) = -10.8878254683608  S^2 = 0.0000000

******** <class 'pyscf.mcscf.casci.CASCI'> ********
CAS (2e+2e, 4o), ncore = 13, nvir = 33
natorb = False
canonicalization = True
sorting_mo_energy = False
max_memory 4000 MB (current use 453 MB)
******** <class 'pyscf.fci.direct_spin1.FCISolver'> ********
max. cycles = 200
conv_tol = 1e-08
davidson only = False
linear dependence = 1e-12
level shift = 0.001
max iter space = 12
max_memory 4000 MB
nroots = 1
pspace_size = 400
spin = None
Density matrix diagonal elements [1.99992345e+00 3.30500027e-05 1.99993476e+00 1.08731769e-04]
CASCI converged
CASCI E = -234.909537882511  E(CI) = -10.8880333832986  S^2 = 0.0000000

******** <class 'pyscf.mcscf.casci.CASCI'> ********
CAS (2e+2e, 4o), ncore = 13, nvir = 33
natorb = False
canonicalization = True
sorting_mo_energy = False
max_memory 4000 MB (current use 453 MB)
******** <class 'pyscf.fci.direct_spin1.FCISolver'> ********
max. cycles = 200
conv_tol = 1e-08
davidson only = False
linear dependence = 1e-12
level shift = 0.001
max iter space = 12
max_memory 4000 MB
nroots = 1
pspace_size = 400
spin = None
Density matrix diagonal elements [1.99996000e+00 3.50025293e-05 1.99999770e+00 7.29997468e-06]
CASCI converged
CASCI E = -234.909294801797  E(CI) = -10.8877903025847  S^2 = 0.0000000

******** <class 'pyscf.mcscf.casci.CASCI'> ********
CAS (2e+2e, 4o), ncore = 13, nvir = 33
natorb = False
canonicalization = True
sorting_mo_energy = False
max_memory 4000 MB (current use 453 MB)
******** <class 'pyscf.fci.direct_spin1.FCISolver'> ********
max. cycles = 200
conv_tol = 1e-08
davidson only = False
linear dependence = 1e-12
level shift = 0.001
max iter space = 12
max_memory 4000 MB
nroots = 1
pspace_size = 400
spin = None
Density matrix diagonal elements [1.99995551e+00 3.41827593e-05 1.99999727e+00 1.30328966e-05]
CASCI converged
CASCI E = -234.909302398808  E(CI) = -10.8877978995955  S^2 = 0.0000000

******** <class 'pyscf.mcscf.casci.CASCI'> ********
CAS (2e+2e, 4o), ncore = 13, nvir = 33
natorb = False
canonicalization = True
sorting_mo_energy = False
max_memory 4000 MB (current use 453 MB)
******** <class 'pyscf.fci.direct_spin1.FCISolver'> ********
max. cycles = 200
conv_tol = 1e-08
davidson only = False
linear dependence = 1e-12
level shift = 0.001
max iter space = 12
max_memory 4000 MB
nroots = 1
pspace_size = 400
spin = None
Density matrix diagonal elements [1.99996360e+00 3.45627659e-05 1.99999919e+00 2.64419571e-06]
CASCI converged
CASCI E = -234.909285535359  E(CI) = -10.8877810361467  S^2 = 0.0000000

******** <class 'pyscf.mcscf.casci.CASCI'> ********
CAS (2e+2e, 4o), ncore = 13, nvir = 33
natorb = False
canonicalization = True
sorting_mo_energy = False
max_memory 4000 MB (current use 453 MB)
******** <class 'pyscf.fci.direct_spin1.FCISolver'> ********
max. cycles = 200
conv_tol = 1e-08
davidson only = False
linear dependence = 1e-12
level shift = 0.001
max iter space = 12
max_memory 4000 MB
nroots = 1
pspace_size = 400
spin = None
Density matrix diagonal elements [1.99996581e+00 3.41884760e-05 1.99999995e+00 5.33386756e-08]
CASCI converged
CASCI E = -234.909279366784  E(CI) = -10.8877748675720  S^2 = 0.0000000

******** <class 'pyscf.mcscf.casci.CASCI'> ********
CAS (2e+2e, 4o), ncore = 13, nvir = 33
natorb = False
canonicalization = True
sorting_mo_energy = False
max_memory 4000 MB (current use 453 MB)
******** <class 'pyscf.fci.direct_spin1.FCISolver'> ********
max. cycles = 200
conv_tol = 1e-08
davidson only = False
linear dependence = 1e-12
level shift = 0.001
max iter space = 12
max_memory 4000 MB
nroots = 1
pspace_size = 400
spin = None
Density matrix diagonal elements [1.99996580e+00 3.42031485e-05 1.99999998e+00 2.40511113e-08]
CASCI converged
CASCI E = -234.909279232514  E(CI) = -10.8877747333012  S^2 = 0.0000000

******** <class 'pyscf.mcscf.casci.CASCI'> ********
CAS (2e+2e, 4o), ncore = 13, nvir = 33
natorb = False
canonicalization = True
sorting_mo_energy = False
max_memory 4000 MB (current use 453 MB)
******** <class 'pyscf.fci.direct_spin1.FCISolver'> ********
max. cycles = 200
conv_tol = 1e-08
davidson only = False
linear dependence = 1e-12
level shift = 0.001
max iter space = 12
max_memory 4000 MB
nroots = 1
pspace_size = 400
spin = None
Density matrix diagonal elements [1.99996507e+00 3.47808950e-05 1.99999996e+00 1.91817869e-07]
CASCI converged
CASCI E = -234.909279660457  E(CI) = -10.8877751612444  S^2 = 0.0000000

******** <class 'pyscf.mcscf.casci.CASCI'> ********
CAS (2e+2e, 4o), ncore = 13, nvir = 33
natorb = False
canonicalization = True
sorting_mo_energy = False
max_memory 4000 MB (current use 453 MB)
******** <class 'pyscf.fci.direct_spin1.FCISolver'> ********
max. cycles = 200
conv_tol = 1e-08
davidson only = False
linear dependence = 1e-12
level shift = 0.001
max iter space = 12
max_memory 4000 MB
nroots = 1
pspace_size = 400
spin = None
Density matrix diagonal elements [1.99996582e+00 3.41902268e-05 1.99999998e+00 1.81037854e-09]
CASCI converged
CASCI E = -234.909279171199  E(CI) = -10.8877746719867  S^2 = 0.0000000

******** <class 'pyscf.mcscf.casci.CASCI'> ********
CAS (2e+2e, 4o), ncore = 13, nvir = 33
natorb = False
canonicalization = True
sorting_mo_energy = False
max_memory 4000 MB (current use 453 MB)
******** <class 'pyscf.fci.direct_spin1.FCISolver'> ********
max. cycles = 200
conv_tol = 1e-08
davidson only = False
linear dependence = 1e-12
level shift = 0.001
max iter space = 12
max_memory 4000 MB
nroots = 1
pspace_size = 400
spin = None
Density matrix diagonal elements [1.99996577e+00 3.41871684e-05 1.99999999e+00 5.67346357e-08]
CASCI converged
CASCI E = -234.909279297801  E(CI) = -10.8877747985888  S^2 = 0.0000000

******** <class 'pyscf.mcscf.casci.CASCI'> ********
CAS (2e+2e, 4o), ncore = 13, nvir = 33
natorb = False
canonicalization = True
sorting_mo_energy = False
max_memory 4000 MB (current use 453 MB)
******** <class 'pyscf.fci.direct_spin1.FCISolver'> ********
max. cycles = 200
conv_tol = 1e-08
davidson only = False
linear dependence = 1e-12
level shift = 0.001
max iter space = 12
max_memory 4000 MB
nroots = 1
pspace_size = 400
spin = None
Density matrix diagonal elements [1.99996581e+00 3.41872842e-05 1.99999999e+00 1.47907705e-08]
CASCI converged
CASCI E = -234.909279197222  E(CI) = -10.8877746980100  S^2 = 0.0000000

******** <class 'pyscf.mcscf.casci.CASCI'> ********
CAS (2e+2e, 4o), ncore = 13, nvir = 33
natorb = False
canonicalization = True
sorting_mo_energy = False
max_memory 4000 MB (current use 453 MB)
******** <class 'pyscf.fci.direct_spin1.FCISolver'> ********
max. cycles = 200
conv_tol = 1e-08
davidson only = False
linear dependence = 1e-12
level shift = 0.001
max iter space = 12
max_memory 4000 MB
nroots = 1
pspace_size = 400
spin = None
Density matrix diagonal elements [1.99996581e+00 3.41901419e-05 1.99999999e+00 1.61352271e-08]
CASCI converged
CASCI E = -234.909279205068  E(CI) = -10.8877747058556  S^2 = 0.0000000

******** <class 'pyscf.mcscf.casci.CASCI'> ********
CAS (2e+2e, 4o), ncore = 13, nvir = 33
natorb = False
canonicalization = True
sorting_mo_energy = False
max_memory 4000 MB (current use 453 MB)
******** <class 'pyscf.fci.direct_spin1.FCISolver'> ********
max. cycles = 200
conv_tol = 1e-08
davidson only = False
linear dependence = 1e-12
level shift = 0.001
max iter space = 12
max_memory 4000 MB
nroots = 1
pspace_size = 400
spin = None
Density matrix diagonal elements [1.99996580e+00 3.42005486e-05 1.99999997e+00 2.59323352e-08]
CASCI converged
CASCI E = -234.909279284358  E(CI) = -10.8877747851460  S^2 = 0.0000000

******** <class 'pyscf.mcscf.casci.CASCI'> ********
CAS (2e+2e, 4o), ncore = 13, nvir = 33
natorb = False
canonicalization = True
sorting_mo_energy = False
max_memory 4000 MB (current use 453 MB)
******** <class 'pyscf.fci.direct_spin1.FCISolver'> ********
max. cycles = 200
conv_tol = 1e-08
davidson only = False
linear dependence = 1e-12
level shift = 0.001
max iter space = 12
max_memory 4000 MB
nroots = 1
pspace_size = 400
spin = None
Density matrix diagonal elements [1.99996582e+00 3.41892659e-05 1.99999999e+00 2.06585699e-11]
CASCI converged
CASCI E = -234.909279160287  E(CI) = -10.8877746610748  S^2 = 0.0000000

******** <class 'pyscf.mcscf.casci.CASCI'> ********
CAS (2e+2e, 4o), ncore = 13, nvir = 33
natorb = False
canonicalization = True
sorting_mo_energy = False
max_memory 4000 MB (current use 453 MB)
******** <class 'pyscf.fci.direct_spin1.FCISolver'> ********
max. cycles = 200
conv_tol = 1e-08
davidson only = False
linear dependence = 1e-12
level shift = 0.001
max iter space = 12
max_memory 4000 MB
nroots = 1
pspace_size = 400
spin = None
Density matrix diagonal elements [1.99996582e+00 3.41892457e-05 1.99999999e+00 2.82912393e-11]
CASCI converged
CASCI E = -234.909279160217  E(CI) = -10.8877746610046  S^2 = 0.0000000

******** <class 'pyscf.mcscf.casci.CASCI'> ********
CAS (2e+2e, 4o), ncore = 13, nvir = 33
natorb = False
canonicalization = True
sorting_mo_energy = False
max_memory 4000 MB (current use 453 MB)
******** <class 'pyscf.fci.direct_spin1.FCISolver'> ********
max. cycles = 200
conv_tol = 1e-08
davidson only = False
linear dependence = 1e-12
level shift = 0.001
max iter space = 12
max_memory 4000 MB
nroots = 1
pspace_size = 400
spin = None
Density matrix diagonal elements [1.99996582e+00 3.41892406e-05 1.99999999e+00 1.15194700e-10]
CASCI converged
CASCI E = -234.909279160642  E(CI) = -10.8877746614293  S^2 = 0.0000000

******** <class 'pyscf.mcscf.casci.CASCI'> ********
CAS (2e+2e, 4o), ncore = 13, nvir = 33
natorb = False
canonicalization = True
sorting_mo_energy = False
max_memory 4000 MB (current use 453 MB)
******** <class 'pyscf.fci.direct_spin1.FCISolver'> ********
max. cycles = 200
conv_tol = 1e-08
davidson only = False
linear dependence = 1e-12
level shift = 0.001
max iter space = 12
max_memory 4000 MB
nroots = 1
pspace_size = 400
spin = None
Density matrix diagonal elements [1.99996582e+00 3.41898280e-05 1.99999999e+00 1.85976423e-10]
CASCI converged
CASCI E = -234.909279161136  E(CI) = -10.8877746619231  S^2 = 0.0000000

******** <class 'pyscf.mcscf.casci.CASCI'> ********
CAS (2e+2e, 4o), ncore = 13, nvir = 33
natorb = False
canonicalization = True
sorting_mo_energy = False
max_memory 4000 MB (current use 453 MB)
******** <class 'pyscf.fci.direct_spin1.FCISolver'> ********
max. cycles = 200
conv_tol = 1e-08
davidson only = False
linear dependence = 1e-12
level shift = 0.001
max iter space = 12
max_memory 4000 MB
nroots = 1
pspace_size = 400
spin = None
Density matrix diagonal elements [1.99996450e+00 3.52398819e-05 1.99999993e+00 3.37546148e-07]
CASCI converged
CASCI E = -234.909280687967  E(CI) = -10.8877761887548  S^2 = 0.0000000

******** <class 'pyscf.mcscf.casci.CASCI'> ********
CAS (2e+2e, 4o), ncore = 13, nvir = 33
natorb = False
canonicalization = True
sorting_mo_energy = False
max_memory 4000 MB (current use 453 MB)
******** <class 'pyscf.fci.direct_spin1.FCISolver'> ********
max. cycles = 200
conv_tol = 1e-08
davidson only = False
linear dependence = 1e-12
level shift = 0.001
max iter space = 12
max_memory 4000 MB
nroots = 1
pspace_size = 400
spin = None
Density matrix diagonal elements [1.99996538e+00 3.45404423e-05 1.99999997e+00 1.01729487e-07]
CASCI converged
CASCI E = -234.909279678618  E(CI) = -10.8877751794051  S^2 = 0.0000000

******** <class 'pyscf.mcscf.casci.CASCI'> ********
CAS (3e+3e, 4o), ncore = 12, nvir = 34
natorb = False
canonicalization = True
sorting_mo_energy = False
max_memory 4000 MB (current use 453 MB)
******** <class 'pyscf.fci.direct_spin1.FCISolver'> ********
max. cycles = 200
conv_tol = 1e-08
davidson only = False
linear dependence = 1e-12
level shift = 0.001
max iter space = 12
max_memory 4000 MB
nroots = 1
pspace_size = 400
spin = None
Density matrix diagonal elements [1.99996556e+00 3.49143999e-05 1.99999998e+00 1.99999954e+00]
CASCI converged
CASCI E = -234.909279555551  E(CI) = -10.7678963977048  S^2 = 0.0000000

******** <class 'pyscf.mcscf.casci.CASCI'> ********
CAS (3e+3e, 4o), ncore = 12, nvir = 34
natorb = False
canonicalization = True
sorting_mo_energy = False
max_memory 4000 MB (current use 453 MB)
******** <class 'pyscf.fci.direct_spin1.FCISolver'> ********
max. cycles = 200
conv_tol = 1e-08
davidson only = False
linear dependence = 1e-12
level shift = 0.001
max iter space = 12
max_memory 4000 MB
nroots = 1
pspace_size = 400
spin = None
Density matrix diagonal elements [1.99996568e+00 4.25621379e-05 1.99999998e+00 1.99999178e+00]
CASCI converged
CASCI E = -234.909284445157  E(CI) = -10.4228675546448  S^2 = 0.0000000

******** <class 'pyscf.mcscf.casci.CASCI'> ********
CAS (3e+3e, 4o), ncore = 12, nvir = 34
natorb = False
canonicalization = True
sorting_mo_energy = False
max_memory 4000 MB (current use 453 MB)
******** <class 'pyscf.fci.direct_spin1.FCISolver'> ********
max. cycles = 200
conv_tol = 1e-08
davidson only = False
linear dependence = 1e-12
level shift = 0.001
max iter space = 12
max_memory 4000 MB
nroots = 1
pspace_size = 400
spin = None
Density matrix diagonal elements [1.99996555e+00 3.44965290e-05 1.99999999e+00 1.99999996e+00]
CASCI converged
CASCI E = -234.909279172949  E(CI) = -10.5945347190958  S^2 = 0.0000000

******** <class 'pyscf.mcscf.casci.CASCI'> ********
CAS (3e+3e, 4o), ncore = 12, nvir = 34
natorb = False
canonicalization = True
sorting_mo_energy = False
max_memory 4000 MB (current use 453 MB)
******** <class 'pyscf.fci.direct_spin1.FCISolver'> ********
max. cycles = 200
conv_tol = 1e-08
davidson only = False
linear dependence = 1e-12
level shift = 0.001
max iter space = 12
max_memory 4000 MB
nroots = 1
pspace_size = 400
spin = None
Density matrix diagonal elements [1.99996555e+00 3.44965338e-05 1.99999999e+00 1.99999996e+00]
CASCI converged
CASCI E = -234.909279172953  E(CI) = -10.5945120156160  S^2 = 0.0000000

******** <class 'pyscf.mcscf.casci.CASCI'> ********
CAS (3e+3e, 4o), ncore = 12, nvir = 34
natorb = False
canonicalization = True
sorting_mo_energy = False
max_memory 4000 MB (current use 453 MB)
******** <class 'pyscf.fci.direct_spin1.FCISolver'> ********
max. cycles = 200
conv_tol = 1e-08
davidson only = False
linear dependence = 1e-12
level shift = 0.001
max iter space = 12
max_memory 4000 MB
nroots = 1
pspace_size = 400
spin = None
Density matrix diagonal elements [1.99996831e+00 7.31965715e-05 1.99999999e+00 1.99995850e+00]
CASCI converged
CASCI E = -234.909291881193  E(CI) = -10.4681199585902  S^2 = 0.0000000

******** <class 'pyscf.mcscf.casci.CASCI'> ********
CAS (3e+3e, 4o), ncore = 12, nvir = 34
natorb = False
canonicalization = True
sorting_mo_energy = False
max_memory 4000 MB (current use 453 MB)
******** <class 'pyscf.fci.direct_spin1.FCISolver'> ********
max. cycles = 200
conv_tol = 1e-08
davidson only = False
linear dependence = 1e-12
level shift = 0.001
max iter space = 12
max_memory 4000 MB
nroots = 1
pspace_size = 400
spin = None
Density matrix diagonal elements [1.99996831e+00 7.32022669e-05 1.99999999e+00 1.99995849e+00]
CASCI converged
CASCI E = -234.909291880048  E(CI) = -10.4678510290343  S^2 = 0.0000000

******** <class 'pyscf.mcscf.casci.CASCI'> ********
CAS (3e+3e, 4o), ncore = 12, nvir = 34
natorb = False
canonicalization = True
sorting_mo_energy = False
max_memory 4000 MB (current use 453 MB)
******** <class 'pyscf.fci.direct_spin1.FCISolver'> ********
max. cycles = 200
conv_tol = 1e-08
davidson only = False
linear dependence = 1e-12
level shift = 0.001
max iter space = 12
max_memory 4000 MB
nroots = 1
pspace_size = 400
spin = None
Density matrix diagonal elements [1.99996715e+00 6.57055943e-05 1.99999999e+00 1.99996715e+00]
CASCI converged
CASCI E = -234.909289964272  E(CI) = -10.7898470868732  S^2 = 0.0000000

******** <class 'pyscf.mcscf.casci.CASCI'> ********
CAS (2e+2e, 4o), ncore = 13, nvir = 33
natorb = False
canonicalization = True
sorting_mo_energy = False
max_memory 4000 MB (current use 453 MB)
******** <class 'pyscf.fci.direct_spin1.FCISolver'> ********
max. cycles = 200
conv_tol = 1e-08
davidson only = False
linear dependence = 1e-12
level shift = 0.001
max iter space = 12
max_memory 4000 MB
nroots = 1
pspace_size = 400
spin = None
Density matrix diagonal elements [1.99996347e+00 3.39624359e-05 1.99999961e+00 2.96420692e-06]
CASCI converged
CASCI E = -234.909280928479  E(CI) = -5.68182287866361  S^2 = 0.0000000

******** <class 'pyscf.mcscf.casci.CASCI'> ********
CAS (2e+2e, 4o), ncore = 13, nvir = 33
natorb = False
canonicalization = True
sorting_mo_energy = False
max_memory 4000 MB (current use 453 MB)
******** <class 'pyscf.fci.direct_spin1.FCISolver'> ********
max. cycles = 200
conv_tol = 1e-08
davidson only = False
linear dependence = 1e-12
level shift = 0.001
max iter space = 12
max_memory 4000 MB
nroots = 1
pspace_size = 400
spin = None
Density matrix diagonal elements [1.99996347e+00 3.39623962e-05 1.99999961e+00 2.96445629e-06]
CASCI converged
CASCI E = -234.909280928358  E(CI) = -5.68182287854287  S^2 = 0.0000000

******** <class 'pyscf.mcscf.casci.CASCI'> ********
CAS (2e+2e, 4o), ncore = 13, nvir = 33
natorb = False
canonicalization = True
sorting_mo_energy = False
max_memory 4000 MB (current use 453 MB)
******** <class 'pyscf.fci.direct_spin1.FCISolver'> ********
max. cycles = 200
conv_tol = 1e-08
davidson only = False
linear dependence = 1e-12
level shift = 0.001
max iter space = 12
max_memory 4000 MB
nroots = 1
pspace_size = 400
spin = None
Density matrix diagonal elements [1.99982887e+00 9.89540734e-05 1.99999984e+00 7.23368757e-05]
CASCI converged
CASCI E = -234.909315761616  E(CI) = -5.68185771180086  S^2 = 0.0000000

******** <class 'pyscf.mcscf.casci.CASCI'> ********
CAS (2e+2e, 4o), ncore = 13, nvir = 33
natorb = False
canonicalization = True
sorting_mo_energy = False
max_memory 4000 MB (current use 453 MB)
******** <class 'pyscf.fci.direct_spin1.FCISolver'> ********
max. cycles = 200
conv_tol = 1e-08
davidson only = False
linear dependence = 1e-12
level shift = 0.001
max iter space = 12
max_memory 4000 MB
nroots = 1
pspace_size = 400
spin = None
Density matrix diagonal elements [1.99972974e+00 3.16603285e-05 1.99998201e+00 2.56592604e-04]
CASCI converged
CASCI E = -234.909386904557  E(CI) = -5.68192885474119  S^2 = 0.0000000

******** <class 'pyscf.mcscf.casci.CASCI'> ********
CAS (2e+2e, 4o), ncore = 13, nvir = 33
natorb = False
canonicalization = True
sorting_mo_energy = False
max_memory 4000 MB (current use 453 MB)
******** <class 'pyscf.fci.direct_spin1.FCISolver'> ********
max. cycles = 200
conv_tol = 1e-08
davidson only = False
linear dependence = 1e-12
level shift = 0.001
max iter space = 12
max_memory 4000 MB
nroots = 1
pspace_size = 400
spin = None
Density matrix diagonal elements [1.99972960e+00 3.16593098e-05 1.99998202e+00 2.56727801e-04]
CASCI converged
CASCI E = -234.909386934242  E(CI) = -5.68192888442636  S^2 = 0.0000000

******** <class 'pyscf.mcscf.casci.CASCI'> ********
CAS (2e+2e, 4o), ncore = 13, nvir = 33
natorb = False
canonicalization = True
sorting_mo_energy = False
max_memory 4000 MB (current use 453 MB)
******** <class 'pyscf.fci.direct_spin1.FCISolver'> ********
max. cycles = 200
conv_tol = 1e-08
davidson only = False
linear dependence = 1e-12
level shift = 0.001
max iter space = 12
max_memory 4000 MB
nroots = 1
pspace_size = 400
spin = None
Density matrix diagonal elements [1.99992327e+00 4.25619150e-05 1.99999985e+00 3.43236835e-05]
CASCI converged
CASCI E = -234.909293429839  E(CI) = -5.68183538002395  S^2 = 0.0000000

******** <class 'pyscf.mcscf.casci.CASCI'> ********
CAS (2e+2e, 4o), ncore = 13, nvir = 33
natorb = False
canonicalization = True
sorting_mo_energy = False
max_memory 4000 MB (current use 453 MB)
******** <class 'pyscf.fci.direct_spin1.FCISolver'> ********
max. cycles = 200
conv_tol = 1e-08
davidson only = False
linear dependence = 1e-12
level shift = 0.001
max iter space = 12
max_memory 4000 MB
nroots = 1
pspace_size = 400
spin = None
Density matrix diagonal elements [1.99988870e+00 3.22704477e-05 1.99995615e+00 1.22877532e-04]
CASCI converged
CASCI E = -234.909384501244  E(CI) = -5.68192645142824  S^2 = 0.0000000

******** <class 'pyscf.mcscf.casci.CASCI'> ********
CAS (2e+2e, 4o), ncore = 13, nvir = 33
natorb = False
canonicalization = True
sorting_mo_energy = False
max_memory 4000 MB (current use 453 MB)
******** <class 'pyscf.fci.direct_spin1.FCISolver'> ********
max. cycles = 200
conv_tol = 1e-08
davidson only = False
linear dependence = 1e-12
level shift = 0.001
max iter space = 12
max_memory 4000 MB
nroots = 1
pspace_size = 400
spin = None
Density matrix diagonal elements [1.99988868e+00 3.22702024e-05 1.99995615e+00 1.22900113e-04]
CASCI converged
CASCI E = -234.909384505161  E(CI) = -5.68192645534512  S^2 = 0.0000000

******** <class 'pyscf.mcscf.casci.CASCI'> ********
CAS (2e+2e, 4o), ncore = 13, nvir = 33
natorb = False
canonicalization = True
sorting_mo_energy = False
max_memory 4000 MB (current use 453 MB)
******** <class 'pyscf.fci.direct_spin1.FCISolver'> ********
max. cycles = 200
conv_tol = 1e-08
davidson only = False
linear dependence = 1e-12
level shift = 0.001
max iter space = 12
max_memory 4000 MB
nroots = 1
pspace_size = 400
spin = None
Density matrix diagonal elements [1.98773172e+00 1.26327781e-03 1.99999992e+00 1.10050824e-02]
CASCI converged
CASCI E = -234.911235384513  E(CI) = -5.68377733469748  S^2 = 0.0000000

******** <class 'pyscf.mcscf.casci.CASCI'> ********
CAS (2e+2e, 4o), ncore = 13, nvir = 33
natorb = False
canonicalization = True
sorting_mo_energy = False
max_memory 4000 MB (current use 453 MB)
******** <class 'pyscf.fci.direct_spin1.FCISolver'> ********
max. cycles = 200
conv_tol = 1e-08
davidson only = False
linear dependence = 1e-12
level shift = 0.001
max iter space = 12
max_memory 4000 MB
nroots = 1
pspace_size = 400
spin = None
Density matrix diagonal elements [1.99990122e+00 3.91585936e-05 1.99984045e+00 2.19170650e-04]
CASCI converged
CASCI E = -234.909589047331  E(CI) = -5.68213099751597  S^2 = 0.0000000

******** <class 'pyscf.mcscf.casci.CASCI'> ********
CAS (2e+2e, 4o), ncore = 13, nvir = 33
natorb = False
canonicalization = True
sorting_mo_energy = False
max_memory 4000 MB (current use 453 MB)
******** <class 'pyscf.fci.direct_spin1.FCISolver'> ********
max. cycles = 200
conv_tol = 1e-08
davidson only = False
linear dependence = 1e-12
level shift = 0.001
max iter space = 12
max_memory 4000 MB
nroots = 1
pspace_size = 400
spin = None
Density matrix diagonal elements [1.99986749e+00 4.00421129e-05 1.99999597e+00 9.64996363e-05]
CASCI converged
CASCI E = -234.909356733114  E(CI) = -5.68189868329867  S^2 = 0.0000000

******** <class 'pyscf.mcscf.casci.CASCI'> ********
CAS (2e+2e, 4o), ncore = 13, nvir = 33
natorb = False
canonicalization = True
sorting_mo_energy = False
max_memory 4000 MB (current use 453 MB)
******** <class 'pyscf.fci.direct_spin1.FCISolver'> ********
max. cycles = 200
conv_tol = 1e-08
davidson only = False
linear dependence = 1e-12
level shift = 0.001
max iter space = 12
max_memory 4000 MB
nroots = 1
pspace_size = 400
spin = None
Density matrix diagonal elements [1.99996547e+00 3.44498176e-05 1.99998605e+00 1.40254249e-05]
CASCI converged
CASCI E = -234.909306793054  E(CI) = -5.68184874323828  S^2 = 0.0000000

******** <class 'pyscf.mcscf.casci.CASCI'> ********
CAS (2e+2e, 4o), ncore = 13, nvir = 33
natorb = False
canonicalization = True
sorting_mo_energy = False
max_memory 4000 MB (current use 453 MB)
******** <class 'pyscf.fci.direct_spin1.FCISolver'> ********
max. cycles = 200
conv_tol = 1e-08
davidson only = False
linear dependence = 1e-12
level shift = 0.001
max iter space = 12
max_memory 4000 MB
nroots = 1
pspace_size = 400
spin = None
Density matrix diagonal elements [1.99996547e+00 3.44498185e-05 1.99998605e+00 1.40249064e-05]
CASCI converged
CASCI E = -234.909306792074  E(CI) = -5.68184874225878  S^2 = 0.0000000

******** <class 'pyscf.mcscf.casci.CASCI'> ********
CAS (2e+2e, 4o), ncore = 13, nvir = 33
natorb = False
canonicalization = True
sorting_mo_energy = False
max_memory 4000 MB (current use 453 MB)
******** <class 'pyscf.fci.direct_spin1.FCISolver'> ********
max. cycles = 200
conv_tol = 1e-08
davidson only = False
linear dependence = 1e-12
level shift = 0.001
max iter space = 12
max_memory 4000 MB
nroots = 1
pspace_size = 400
spin = None
Density matrix diagonal elements [1.99992949e+00 3.35269057e-05 1.99999999e+00 3.69915464e-05]
CASCI converged
CASCI E = -234.909305508509  E(CI) = -5.68184745869337  S^2 = 0.0000000

******** <class 'pyscf.mcscf.casci.CASCI'> ********
CAS (2e+2e, 4o), ncore = 13, nvir = 33
natorb = False
canonicalization = True
sorting_mo_energy = False
max_memory 4000 MB (current use 453 MB)
******** <class 'pyscf.fci.direct_spin1.FCISolver'> ********
max. cycles = 200
conv_tol = 1e-08
davidson only = False
linear dependence = 1e-12
level shift = 0.001
max iter space = 12
max_memory 4000 MB
nroots = 1
pspace_size = 400
spin = None
Density matrix diagonal elements [1.98748525e+00 2.07959401e-05 1.99999998e+00 1.24939778e-02]
CASCI converged
CASCI E = -234.918901004258  E(CI) = -5.69144295444289  S^2 = 0.0000000

******** <class 'pyscf.mcscf.casci.CASCI'> ********
CAS (2e+2e, 4o), ncore = 13, nvir = 33
natorb = False
canonicalization = True
sorting_mo_energy = False
max_memory 4000 MB (current use 453 MB)
******** <class 'pyscf.fci.direct_spin1.FCISolver'> ********
max. cycles = 200
conv_tol = 1e-08
davidson only = False
linear dependence = 1e-12
level shift = 0.001
max iter space = 12
max_memory 4000 MB
nroots = 1
pspace_size = 400
spin = None
Density matrix diagonal elements [1.99991472e+00 3.31811260e-05 1.99999893e+00 5.31625059e-05]
CASCI converged
CASCI E = -234.909327852061  E(CI) = -5.68186980224607  S^2 = 0.0000000

******** <class 'pyscf.mcscf.casci.CASCI'> ********
CAS (2e+2e, 4o), ncore = 13, nvir = 33
natorb = False
canonicalization = True
sorting_mo_energy = False
max_memory 4000 MB (current use 453 MB)
******** <class 'pyscf.fci.direct_spin1.FCISolver'> ********
max. cycles = 200
conv_tol = 1e-08
davidson only = False
linear dependence = 1e-12
level shift = 0.001
max iter space = 12
max_memory 4000 MB
nroots = 1
pspace_size = 400
spin = None
Density matrix diagonal elements [1.99991472e+00 3.31810896e-05 1.99999893e+00 5.31689803e-05]
CASCI converged
CASCI E = -234.909327857744  E(CI) = -5.68186980792888  S^2 = 0.0000000

******** <class 'pyscf.mcscf.casci.CASCI'> ********
CAS (2e+2e, 4o), ncore = 13, nvir = 33
natorb = False
canonicalization = True
sorting_mo_energy = False
max_memory 4000 MB (current use 453 MB)
******** <class 'pyscf.fci.direct_spin1.FCISolver'> ********
max. cycles = 200
conv_tol = 1e-08
davidson only = False
linear dependence = 1e-12
level shift = 0.001
max iter space = 12
max_memory 4000 MB
nroots = 1
pspace_size = 400
spin = None
Density matrix diagonal elements [1.99995932e+00 3.67484679e-05 1.99941826e+00 5.85672205e-04]
CASCI converged
CASCI E = -234.910427113291  E(CI) = -5.68296906347535  S^2 = 0.0000000

******** <class 'pyscf.mcscf.casci.CASCI'> ********
CAS (2e+2e, 4o), ncore = 13, nvir = 33
natorb = False
canonicalization = True
sorting_mo_energy = False
max_memory 4000 MB (current use 453 MB)
******** <class 'pyscf.fci.direct_spin1.FCISolver'> ********
max. cycles = 200
conv_tol = 1e-08
davidson only = False
linear dependence = 1e-12
level shift = 0.001
max iter space = 12
max_memory 4000 MB
nroots = 1
pspace_size = 400
spin = None
Density matrix diagonal elements [1.99995468e+00 3.44788993e-05 1.99999146e+00 1.93877624e-05]
CASCI converged
CASCI E = -234.909313226082  E(CI) = -5.68185517626623  S^2 = 0.0000000

******** <class 'pyscf.mcscf.casci.CASCI'> ********
CAS (2e+2e, 4o), ncore = 13, nvir = 33
natorb = False
canonicalization = True
sorting_mo_energy = False
max_memory 4000 MB (current use 453 MB)
******** <class 'pyscf.fci.direct_spin1.FCISolver'> ********
max. cycles = 200
conv_tol = 1e-08
davidson only = False
linear dependence = 1e-12
level shift = 0.001
max iter space = 12
max_memory 4000 MB
nroots = 1
pspace_size = 400
spin = None
Density matrix diagonal elements [1.99996322e+00 3.50068402e-05 1.99995014e+00 5.16341585e-05]
CASCI converged
CASCI E = -234.909396397567  E(CI) = -5.68193834775127  S^2 = 0.0000000

******** <class 'pyscf.mcscf.casci.CASCI'> ********
CAS (2e+2e, 4o), ncore = 13, nvir = 33
natorb = False
canonicalization = True
sorting_mo_energy = False
max_memory 4000 MB (current use 453 MB)
******** <class 'pyscf.fci.direct_spin1.FCISolver'> ********
max. cycles = 200
conv_tol = 1e-08
davidson only = False
linear dependence = 1e-12
level shift = 0.001
max iter space = 12
max_memory 4000 MB
nroots = 1
pspace_size = 400
spin = None
Density matrix diagonal elements [1.99996554e+00 3.44584441e-05 1.99992538e+00 7.46186260e-05]
CASCI converged
CASCI E = -234.909453304591  E(CI) = -5.68199525477604  S^2 = 0.0000000

******** <class 'pyscf.mcscf.casci.CASCI'> ********
CAS (2e+2e, 4o), ncore = 13, nvir = 33
natorb = False
canonicalization = True
sorting_mo_energy = False
max_memory 4000 MB (current use 453 MB)
******** <class 'pyscf.fci.direct_spin1.FCISolver'> ********
max. cycles = 200
conv_tol = 1e-08
davidson only = False
linear dependence = 1e-12
level shift = 0.001
max iter space = 12
max_memory 4000 MB
nroots = 1
pspace_size = 400
spin = None
Density matrix diagonal elements [1.99996554e+00 3.44584443e-05 1.99992538e+00 7.46207034e-05]
CASCI converged
CASCI E = -234.909453309250  E(CI) = -5.68199525943447  S^2 = 0.0000000

******** <class 'pyscf.mcscf.casci.CASCI'> ********
CAS (2e+2e, 4o), ncore = 13, nvir = 33
natorb = False
canonicalization = True
sorting_mo_energy = False
max_memory 4000 MB (current use 453 MB)
******** <class 'pyscf.fci.direct_spin1.FCISolver'> ********
max. cycles = 200
conv_tol = 1e-08
davidson only = False
linear dependence = 1e-12
level shift = 0.001
max iter space = 12
max_memory 4000 MB
nroots = 1
pspace_size = 400
spin = None
Density matrix diagonal elements [1.99996477e+00 3.61737758e-05 1.99974274e+00 2.56308927e-04]
CASCI converged
CASCI E = -234.909950139568  E(CI) = -5.68249208975220  S^2 = 0.0000000

******** <class 'pyscf.mcscf.casci.CASCI'> ********
CAS (2e+2e, 4o), ncore = 13, nvir = 33
natorb = False
canonicalization = True
sorting_mo_energy = False
max_memory 4000 MB (current use 453 MB)
******** <class 'pyscf.fci.direct_spin1.FCISolver'> ********
max. cycles = 200
conv_tol = 1e-08
davidson only = False
linear dependence = 1e-12
level shift = 0.001
max iter space = 12
max_memory 4000 MB
nroots = 1
pspace_size = 400
spin = None
Density matrix diagonal elements [1.99996555e+00 3.44604104e-05 1.99998666e+00 1.33312803e-05]
CASCI converged
CASCI E = -234.909320534788  E(CI) = -5.68186248497304  S^2 = 0.0000000

******** <class 'pyscf.mcscf.casci.CASCI'> ********
CAS (2e+2e, 4o), ncore = 13, nvir = 33
natorb = False
canonicalization = True
sorting_mo_energy = False
max_memory 4000 MB (current use 453 MB)
******** <class 'pyscf.fci.direct_spin1.FCISolver'> ********
max. cycles = 200
conv_tol = 1e-08
davidson only = False
linear dependence = 1e-12
level shift = 0.001
max iter space = 12
max_memory 4000 MB
nroots = 1
pspace_size = 400
spin = None
Density matrix diagonal elements [1.99996549e+00 3.44693841e-05 1.99998665e+00 1.33993598e-05]
CASCI converged
CASCI E = -234.909320704377  E(CI) = -5.68186265456154  S^2 = 0.0000000

******** <class 'pyscf.mcscf.casci.CASCI'> ********
CAS (2e+2e, 4o), ncore = 13, nvir = 33
natorb = False
canonicalization = True
sorting_mo_energy = False
max_memory 4000 MB (current use 453 MB)
******** <class 'pyscf.fci.direct_spin1.FCISolver'> ********
max. cycles = 200
conv_tol = 1e-08
davidson only = False
linear dependence = 1e-12
level shift = 0.001
max iter space = 12
max_memory 4000 MB
nroots = 1
pspace_size = 400
spin = None
Density matrix diagonal elements [1.99996554e+00 3.44581008e-05 1.99989970e+00 1.00303317e-04]
CASCI converged
CASCI E = -234.909583732610  E(CI) = -5.68212568279503  S^2 = 0.0000000

******** <class 'pyscf.mcscf.casci.CASCI'> ********
CAS (2e+2e, 4o), ncore = 13, nvir = 33
natorb = False
canonicalization = True
sorting_mo_energy = False
max_memory 4000 MB (current use 453 MB)
******** <class 'pyscf.fci.direct_spin1.FCISolver'> ********
max. cycles = 200
conv_tol = 1e-08
davidson only = False
linear dependence = 1e-12
level shift = 0.001
max iter space = 12
max_memory 4000 MB
nroots = 1
pspace_size = 400
spin = None
Density matrix diagonal elements [1.99996554e+00 3.44581008e-05 1.99989970e+00 1.00303960e-04]
CASCI converged
CASCI E = -234.909583734667  E(CI) = -5.68212568485114  S^2 = 0.0000000

******** <class 'pyscf.mcscf.casci.CASCI'> ********
CAS (2e+2e, 4o), ncore = 13, nvir = 33
natorb = False
canonicalization = True
sorting_mo_energy = False
max_memory 4000 MB (current use 453 MB)
******** <class 'pyscf.fci.direct_spin1.FCISolver'> ********
max. cycles = 200
conv_tol = 1e-08
davidson only = False
linear dependence = 1e-12
level shift = 0.001
max iter space = 12
max_memory 4000 MB
nroots = 1
pspace_size = 400
spin = None
Density matrix diagonal elements [1.99996553e+00 3.45562776e-05 1.99990808e+00 9.18333479e-05]
CASCI converged
CASCI E = -234.909611646407  E(CI) = -5.68215359659141  S^2 = 0.0000000

******** <class 'pyscf.mcscf.casci.CASCI'> ********
CAS (2e+2e, 4o), ncore = 13, nvir = 33
natorb = False
canonicalization = True
sorting_mo_energy = False
max_memory 4000 MB (current use 453 MB)
******** <class 'pyscf.fci.direct_spin1.FCISolver'> ********
max. cycles = 200
conv_tol = 1e-08
davidson only = False
linear dependence = 1e-12
level shift = 0.001
max iter space = 12
max_memory 4000 MB
nroots = 1
pspace_size = 400
spin = None
Density matrix diagonal elements [1.99996555e+00 3.44602087e-05 1.99990281e+00 9.71776042e-05]
CASCI converged
CASCI E = -234.909653426382  E(CI) = -5.68219537656645  S^2 = 0.0000000

******** <class 'pyscf.mcscf.casci.CASCI'> ********
CAS (2e+2e, 4o), ncore = 13, nvir = 33
natorb = False
canonicalization = True
sorting_mo_energy = False
max_memory 4000 MB (current use 453 MB)
******** <class 'pyscf.fci.direct_spin1.FCISolver'> ********
max. cycles = 200
conv_tol = 1e-08
davidson only = False
linear dependence = 1e-12
level shift = 0.001
max iter space = 12
max_memory 4000 MB
nroots = 1
pspace_size = 400
spin = None
Density matrix diagonal elements [1.99996555e+00 3.44603372e-05 1.99990281e+00 9.71777648e-05]
CASCI converged
CASCI E = -234.909653426990  E(CI) = -5.68219537717488  S^2 = 0.0000000

******** <class 'pyscf.mcscf.casci.CASCI'> ********
CAS (2e+2e, 4o), ncore = 13, nvir = 33
natorb = False
canonicalization = True
sorting_mo_energy = False
max_memory 4000 MB (current use 453 MB)
******** <class 'pyscf.fci.direct_spin1.FCISolver'> ********
max. cycles = 200
conv_tol = 1e-08
davidson only = False
linear dependence = 1e-12
level shift = 0.001
max iter space = 12
max_memory 4000 MB
nroots = 1
pspace_size = 400
spin = None
Density matrix diagonal elements [1.99996555e+00 3.44603727e-05 1.99994057e+00 5.94177293e-05]
CASCI converged
CASCI E = -234.909537948806  E(CI) = -5.68207989899054  S^2 = 0.0000000

******** <class 'pyscf.mcscf.casci.CASCI'> ********
CAS (2e+2e, 4o), ncore = 13, nvir = 33
natorb = False
canonicalization = True
sorting_mo_energy = False
max_memory 4000 MB (current use 453 MB)
******** <class 'pyscf.fci.direct_spin1.FCISolver'> ********
max. cycles = 200
conv_tol = 1e-08
davidson only = False
linear dependence = 1e-12
level shift = 0.001
max iter space = 12
max_memory 4000 MB
nroots = 1
pspace_size = 400
spin = None
Density matrix diagonal elements [1.99996555e+00 3.44603727e-05 1.99994057e+00 5.94175964e-05]
CASCI converged
CASCI E = -234.909537948331  E(CI) = -5.68207989851544  S^2 = 0.0000000

******** <class 'pyscf.mcscf.casci.CASCI'> ********
CAS (2e+2e, 4o), ncore = 13, nvir = 33
natorb = False
canonicalization = True
sorting_mo_energy = False
max_memory 4000 MB (current use 453 MB)
******** <class 'pyscf.fci.direct_spin1.FCISolver'> ********
max. cycles = 200
conv_tol = 1e-08
davidson only = False
linear dependence = 1e-12
level shift = 0.001
max iter space = 12
max_memory 4000 MB
nroots = 1
pspace_size = 400
spin = None
Density matrix diagonal elements [1.99996421e+00 3.55710608e-05 1.99998680e+00 1.34285230e-05]
CASCI converged
CASCI E = -234.909343700701  E(CI) = -5.68188565088536  S^2 = 0.0000000

******** <class 'pyscf.mcscf.casci.CASCI'> ********
CAS (2e+2e, 4o), ncore = 13, nvir = 33
natorb = False
canonicalization = True
sorting_mo_energy = False
max_memory 4000 MB (current use 453 MB)
******** <class 'pyscf.fci.direct_spin1.FCISolver'> ********
max. cycles = 200
conv_tol = 1e-08
davidson only = False
linear dependence = 1e-12
level shift = 0.001
max iter space = 12
max_memory 4000 MB
nroots = 1
pspace_size = 400
spin = None
Density matrix diagonal elements [1.99996511e+00 3.48283531e-05 1.99998240e+00 1.76680884e-05]
CASCI converged
CASCI E = -234.909371738641  E(CI) = -5.68191368882518  S^2 = 0.0000000

******** <class 'pyscf.mcscf.casci.CASCI'> ********
CAS (3e+3e, 4o), ncore = 12, nvir = 34
natorb = False
canonicalization = True
sorting_mo_energy = False
max_memory 4000 MB (current use 453 MB)
******** <class 'pyscf.fci.direct_spin1.FCISolver'> ********
max. cycles = 200
conv_tol = 1e-08
davidson only = False
linear dependence = 1e-12
level shift = 0.001
max iter space = 12
max_memory 4000 MB
nroots = 1
pspace_size = 400
spin = None
Density matrix diagonal elements [1.99996573e+00 4.56883692e-05 1.99999793e+00 1.99999064e+00]
CASCI converged
CASCI E = -234.909287079205  E(CI) = -8.74941420228390  S^2 = 0.0000000

******** <class 'pyscf.mcscf.casci.CASCI'> ********
CAS (3e+3e, 4o), ncore = 12, nvir = 34
natorb = False
canonicalization = True
sorting_mo_energy = False
max_memory 4000 MB (current use 453 MB)
******** <class 'pyscf.fci.direct_spin1.FCISolver'> ********
max. cycles = 200
conv_tol = 1e-08
davidson only = False
linear dependence = 1e-12
level shift = 0.001
max iter space = 12
max_memory 4000 MB
nroots = 1
pspace_size = 400
spin = None
Density matrix diagonal elements [1.99996556e+00 3.49156586e-05 1.99999956e+00 1.99999996e+00]
CASCI converged
CASCI E = -234.909279547655  E(CI) = -8.85554022006596  S^2 = 0.0000000

******** <class 'pyscf.mcscf.casci.CASCI'> ********
CAS (3e+3e, 4o), ncore = 12, nvir = 34
natorb = False
canonicalization = True
sorting_mo_energy = False
max_memory 4000 MB (current use 453 MB)
******** <class 'pyscf.fci.direct_spin1.FCISolver'> ********
max. cycles = 200
conv_tol = 1e-08
davidson only = False
linear dependence = 1e-12
level shift = 0.001
max iter space = 12
max_memory 4000 MB
nroots = 1
pspace_size = 400
spin = None
Density matrix diagonal elements [1.99996556e+00 3.49156628e-05 1.99999956e+00 1.99999996e+00]
CASCI converged
CASCI E = -234.909279547659  E(CI) = -8.85552047469912  S^2 = 0.0000000

******** <class 'pyscf.mcscf.casci.CASCI'> ********
CAS (3e+3e, 4o), ncore = 12, nvir = 34
natorb = False
canonicalization = True
sorting_mo_energy = False
max_memory 4000 MB (current use 453 MB)
******** <class 'pyscf.fci.direct_spin1.FCISolver'> ********
max. cycles = 200
conv_tol = 1e-08
davidson only = False
linear dependence = 1e-12
level shift = 0.001
max iter space = 12
max_memory 4000 MB
nroots = 1
pspace_size = 400
spin = None
Density matrix diagonal elements [1.99996832e+00 7.34797935e-05 1.99999960e+00 1.99995861e+00]
CASCI converged
CASCI E = -234.909292225283  E(CI) = -9.06748047221197  S^2 = 0.0000000

******** <class 'pyscf.mcscf.casci.CASCI'> ********
CAS (3e+3e, 4o), ncore = 12, nvir = 34
natorb = False
canonicalization = True
sorting_mo_energy = False
max_memory 4000 MB (current use 453 MB)
******** <class 'pyscf.fci.direct_spin1.FCISolver'> ********
max. cycles = 200
conv_tol = 1e-08
davidson only = False
linear dependence = 1e-12
level shift = 0.001
max iter space = 12
max_memory 4000 MB
nroots = 1
pspace_size = 400
spin = None
Density matrix diagonal elements [1.99996832e+00 7.34853949e-05 1.99999960e+00 1.99995860e+00]
CASCI converged
CASCI E = -234.909292224122  E(CI) = -9.06719496124325  S^2 = 0.0000000

******** <class 'pyscf.mcscf.casci.CASCI'> ********
CAS (3e+3e, 4o), ncore = 12, nvir = 34
natorb = False
canonicalization = True
sorting_mo_energy = False
max_memory 4000 MB (current use 453 MB)
******** <class 'pyscf.fci.direct_spin1.FCISolver'> ********
max. cycles = 200
conv_tol = 1e-08
davidson only = False
linear dependence = 1e-12
level shift = 0.001
max iter space = 12
max_memory 4000 MB
nroots = 1
pspace_size = 400
spin = None
Density matrix diagonal elements [1.99996716e+00 6.61253864e-05 1.99999956e+00 1.99996716e+00]
CASCI converged
CASCI E = -234.909290340065  E(CI) = -9.42393917792020  S^2 = 0.0000000

******** <class 'pyscf.mcscf.casci.CASCI'> ********
CAS (2e+2e, 4o), ncore = 13, nvir = 33
natorb = False
canonicalization = True
sorting_mo_energy = False
max_memory 4000 MB (current use 453 MB)
******** <class 'pyscf.fci.direct_spin1.FCISolver'> ********
max. cycles = 200
conv_tol = 1e-08
davidson only = False
linear dependence = 1e-12
level shift = 0.001
max iter space = 12
max_memory 4000 MB
nroots = 1
pspace_size = 400
spin = None
Density matrix diagonal elements [1.99996347e+00 3.43765274e-05 1.99999830e+00 3.85278920e-06]
CASCI converged
CASCI E = -234.909281791687  E(CI) = -4.24252625118046  S^2 = 0.0000000

******** <class 'pyscf.mcscf.casci.CASCI'> ********
CAS (2e+2e, 4o), ncore = 13, nvir = 33
natorb = False
canonicalization = True
sorting_mo_energy = False
max_memory 4000 MB (current use 453 MB)
******** <class 'pyscf.fci.direct_spin1.FCISolver'> ********
max. cycles = 200
conv_tol = 1e-08
davidson only = False
linear dependence = 1e-12
level shift = 0.001
max iter space = 12
max_memory 4000 MB
nroots = 1
pspace_size = 400
spin = None
Density matrix diagonal elements [1.99996347e+00 3.43764917e-05 1.99999830e+00 3.85248528e-06]
CASCI converged
CASCI E = -234.909281791242  E(CI) = -4.24252625073547  S^2 = 0.0000000

******** <class 'pyscf.mcscf.casci.CASCI'> ********
CAS (2e+2e, 4o), ncore = 13, nvir = 33
natorb = False
canonicalization = True
sorting_mo_energy = False
max_memory 4000 MB (current use 453 MB)
******** <class 'pyscf.fci.direct_spin1.FCISolver'> ********
max. cycles = 200
conv_tol = 1e-08
davidson only = False
linear dependence = 1e-12
level shift = 0.001
max iter space = 12
max_memory 4000 MB
nroots = 1
pspace_size = 400
spin = None
Density matrix diagonal elements [1.99982886e+00 9.98935841e-05 1.99999098e+00 8.02635427e-05]
CASCI converged
CASCI E = -234.909323104027  E(CI) = -4.24256756352042  S^2 = 0.0000000

******** <class 'pyscf.mcscf.casci.CASCI'> ********
CAS (2e+2e, 4o), ncore = 13, nvir = 33
natorb = False
canonicalization = True
sorting_mo_energy = False
max_memory 4000 MB (current use 453 MB)
******** <class 'pyscf.fci.direct_spin1.FCISolver'> ********
max. cycles = 200
conv_tol = 1e-08
davidson only = False
linear dependence = 1e-12
level shift = 0.001
max iter space = 12
max_memory 4000 MB
nroots = 1
pspace_size = 400
spin = None
Density matrix diagonal elements [1.99973018e+00 3.20019529e-05 1.99973297e+00 5.04852952e-04]
CASCI converged
CASCI E = -234.909571033507  E(CI) = -4.24281549300014  S^2 = 0.0000000

******** <class 'pyscf.mcscf.casci.CASCI'> ********
CAS (2e+2e, 4o), ncore = 13, nvir = 33
natorb = False
canonicalization = True
sorting_mo_energy = False
max_memory 4000 MB (current use 453 MB)
******** <class 'pyscf.fci.direct_spin1.FCISolver'> ********
max. cycles = 200
conv_tol = 1e-08
davidson only = False
linear dependence = 1e-12
level shift = 0.001
max iter space = 12
max_memory 4000 MB
nroots = 1
pspace_size = 400
spin = None
Density matrix diagonal elements [1.99973004e+00 3.20009479e-05 1.99973305e+00 5.04913513e-04]
CASCI converged
CASCI E = -234.909571014244  E(CI) = -4.24281547373744  S^2 = 0.0000000

******** <class 'pyscf.mcscf.casci.CASCI'> ********
CAS (2e+2e, 4o), ncore = 13, nvir = 33
natorb = False
canonicalization = True
sorting_mo_energy = False
max_memory 4000 MB (current use 453 MB)
******** <class 'pyscf.fci.direct_spin1.FCISolver'> ********
max. cycles = 200
conv_tol = 1e-08
davidson only = False
linear dependence = 1e-12
level shift = 0.001
max iter space = 12
max_memory 4000 MB
nroots = 1
pspace_size = 400
spin = None
Density matrix diagonal elements [1.99992319e+00 4.31002870e-05 1.99999875e+00 3.49670247e-05]
CASCI converged
CASCI E = -234.909294353755  E(CI) = -4.24253881324788  S^2 = 0.0000000

******** <class 'pyscf.mcscf.casci.CASCI'> ********
CAS (2e+2e, 4o), ncore = 13, nvir = 33
natorb = False
canonicalization = True
sorting_mo_energy = False
max_memory 4000 MB (current use 453 MB)
******** <class 'pyscf.fci.direct_spin1.FCISolver'> ********
max. cycles = 200
conv_tol = 1e-08
davidson only = False
linear dependence = 1e-12
level shift = 0.001
max iter space = 12
max_memory 4000 MB
nroots = 1
pspace_size = 400
spin = None
Density matrix diagonal elements [1.99988897e+00 3.25301533e-05 1.99954292e+00 5.35580847e-04]
CASCI converged
CASCI E = -234.909701786033  E(CI) = -4.24294624552661  S^2 = 0.0000000

******** <class 'pyscf.mcscf.casci.CASCI'> ********
CAS (2e+2e, 4o), ncore = 13, nvir = 33
natorb = False
canonicalization = True
sorting_mo_energy = False
max_memory 4000 MB (current use 453 MB)
******** <class 'pyscf.fci.direct_spin1.FCISolver'> ********
max. cycles = 200
conv_tol = 1e-08
davidson only = False
linear dependence = 1e-12
level shift = 0.001
max iter space = 12
max_memory 4000 MB
nroots = 1
pspace_size = 400
spin = None
Density matrix diagonal elements [1.99988894e+00 3.25299242e-05 1.99954297e+00 5.35559965e-04]
CASCI converged
CASCI E = -234.909701761042  E(CI) = -4.24294622053583  S^2 = 0.0000000

******** <class 'pyscf.mcscf.casci.CASCI'> ********
CAS (2e+2e, 4o), ncore = 13, nvir = 33
natorb = False
canonicalization = True
sorting_mo_energy = False
max_memory 4000 MB (current use 453 MB)
******** <class 'pyscf.fci.direct_spin1.FCISolver'> ********
max. cycles = 200
conv_tol = 1e-08
davidson only = False
linear dependence = 1e-12
level shift = 0.001
max iter space = 12
max_memory 4000 MB
nroots = 1
pspace_size = 400
spin = None
Density matrix diagonal elements [1.98773013e+00 1.26455567e-03 1.99999831e+00 1.10070016e-02]
CASCI converged
CASCI E = -234.911236981905  E(CI) = -4.24448144139799  S^2 = 0.0000000

******** <class 'pyscf.mcscf.casci.CASCI'> ********
CAS (2e+2e, 4o), ncore = 13, nvir = 33
natorb = False
canonicalization = True
sorting_mo_energy = False
max_memory 4000 MB (current use 453 MB)
******** <class 'pyscf.fci.direct_spin1.FCISolver'> ********
max. cycles = 200
conv_tol = 1e-08
davidson only = False
linear dependence = 1e-12
level shift = 0.001
max iter space = 12
max_memory 4000 MB
nroots = 1
pspace_size = 400
spin = None
Density matrix diagonal elements [1.99990099e+00 3.94231308e-05 1.99994711e+00 1.12477968e-04]
CASCI converged
CASCI E = -234.909370549661  E(CI) = -4.24261500915438  S^2 = 0.0000000

******** <class 'pyscf.mcscf.casci.CASCI'> ********
CAS (2e+2e, 4o), ncore = 13, nvir = 33
natorb = False
canonicalization = True
sorting_mo_energy = False
max_memory 4000 MB (current use 453 MB)
******** <class 'pyscf.fci.direct_spin1.FCISolver'> ********
max. cycles = 200
conv_tol = 1e-08
davidson only = False
linear dependence = 1e-12
level shift = 0.001
max iter space = 12
max_memory 4000 MB
nroots = 1
pspace_size = 400
spin = None
Density matrix diagonal elements [1.99986761e+00 4.78700458e-05 1.99975395e+00 3.30569857e-04]
CASCI converged
CASCI E = -234.909662307813  E(CI) = -4.24290676730612  S^2 = 0.0000000

******** <class 'pyscf.mcscf.casci.CASCI'> ********
CAS (2e+2e, 4o), ncore = 13, nvir = 33
natorb = False
canonicalization = True
sorting_mo_energy = False
max_memory 4000 MB (current use 453 MB)
******** <class 'pyscf.fci.direct_spin1.FCISolver'> ********
max. cycles = 200
conv_tol = 1e-08
davidson only = False
linear dependence = 1e-12
level shift = 0.001
max iter space = 12
max_memory 4000 MB
nroots = 1
pspace_size = 400
spin = None
Density matrix diagonal elements [1.99996548e+00 3.48660310e-05 1.99992748e+00 7.21761433e-05]
CASCI converged
CASCI E = -234.909373119376  E(CI) = -4.24261757886885  S^2 = 0.0000000

******** <class 'pyscf.mcscf.casci.CASCI'> ********
CAS (2e+2e, 4o), ncore = 13, nvir = 33
natorb = False
canonicalization = True
sorting_mo_energy = False
max_memory 4000 MB (current use 453 MB)
******** <class 'pyscf.fci.direct_spin1.FCISolver'> ********
max. cycles = 200
conv_tol = 1e-08
davidson only = False
linear dependence = 1e-12
level shift = 0.001
max iter space = 12
max_memory 4000 MB
nroots = 1
pspace_size = 400
spin = None
Density matrix diagonal elements [1.99996548e+00 3.48660325e-05 1.99992748e+00 7.21724081e-05]
CASCI converged
CASCI E = -234.909373114697  E(CI) = -4.24261757419069  S^2 = 0.0000000

******** <class 'pyscf.mcscf.casci.CASCI'> ********
CAS (2e+2e, 4o), ncore = 13, nvir = 33
natorb = False
canonicalization = True
sorting_mo_energy = False
max_memory 4000 MB (current use 453 MB)
******** <class 'pyscf.fci.direct_spin1.FCISolver'> ********
max. cycles = 200
conv_tol = 1e-08
davidson only = False
linear dependence = 1e-12
level shift = 0.001
max iter space = 12
max_memory 4000 MB
nroots = 1
pspace_size = 400
spin = None
Density matrix diagonal elements [1.99992950e+00 3.39520599e-05 1.99999937e+00 3.71784966e-05]
CASCI converged
CASCI E = -234.909306201206  E(CI) = -4.24255066069904  S^2 = 0.0000000

******** <class 'pyscf.mcscf.casci.CASCI'> ********
CAS (2e+2e, 4o), ncore = 13, nvir = 33
natorb = False
canonicalization = True
sorting_mo_energy = False
max_memory 4000 MB (current use 453 MB)
******** <class 'pyscf.fci.direct_spin1.FCISolver'> ********
max. cycles = 200
conv_tol = 1e-08
davidson only = False
linear dependence = 1e-12
level shift = 0.001
max iter space = 12
max_memory 4000 MB
nroots = 1
pspace_size = 400
spin = None
Density matrix diagonal elements [1.98748415e+00 2.21763104e-05 1.99999842e+00 1.24952577e-02]
CASCI converged
CASCI E = -234.918902850758  E(CI) = -4.25214731025108  S^2 = 0.0000000

******** <class 'pyscf.mcscf.casci.CASCI'> ********
CAS (2e+2e, 4o), ncore = 13, nvir = 33
natorb = False
canonicalization = True
sorting_mo_energy = False
max_memory 4000 MB (current use 453 MB)
******** <class 'pyscf.fci.direct_spin1.FCISolver'> ********
max. cycles = 200
conv_tol = 1e-08
davidson only = False
linear dependence = 1e-12
level shift = 0.001
max iter space = 12
max_memory 4000 MB
nroots = 1
pspace_size = 400
spin = None
Density matrix diagonal elements [1.99991474e+00 3.35960908e-05 1.99999596e+00 5.57080203e-05]
CASCI converged
CASCI E = -234.909331728000  E(CI) = -4.24257618749309  S^2 = 0.0000000

******** <class 'pyscf.mcscf.casci.CASCI'> ********
CAS (2e+2e, 4o), ncore = 13, nvir = 33
natorb = False
canonicalization = True
sorting_mo_energy = False
max_memory 4000 MB (current use 453 MB)
******** <class 'pyscf.fci.direct_spin1.FCISolver'> ********
max. cycles = 200
conv_tol = 1e-08
davidson only = False
linear dependence = 1e-12
level shift = 0.001
max iter space = 12
max_memory 4000 MB
nroots = 1
pspace_size = 400
spin = None
Density matrix diagonal elements [1.99991473e+00 3.35960552e-05 1.99999596e+00 5.57143205e-05]
CASCI converged
CASCI E = -234.909331733468  E(CI) = -4.24257619296176  S^2 = 0.0000000

******** <class 'pyscf.mcscf.casci.CASCI'> ********
CAS (2e+2e, 4o), ncore = 13, nvir = 33
natorb = False
canonicalization = True
sorting_mo_energy = False
max_memory 4000 MB (current use 453 MB)
******** <class 'pyscf.fci.direct_spin1.FCISolver'> ********
max. cycles = 200
conv_tol = 1e-08
davidson only = False
linear dependence = 1e-12
level shift = 0.001
max iter space = 12
max_memory 4000 MB
nroots = 1
pspace_size = 400
spin = None
Density matrix diagonal elements [1.99995928e+00 3.75954918e-05 1.99933402e+00 6.69104714e-04]
CASCI converged
CASCI E = -234.910173608729  E(CI) = -4.24341806822238  S^2 = 0.0000000

******** <class 'pyscf.mcscf.casci.CASCI'> ********
CAS (2e+2e, 4o), ncore = 13, nvir = 33
natorb = False
canonicalization = True
sorting_mo_energy = False
max_memory 4000 MB (current use 453 MB)
******** <class 'pyscf.fci.direct_spin1.FCISolver'> ********
max. cycles = 200
conv_tol = 1e-08
davidson only = False
linear dependence = 1e-12
level shift = 0.001
max iter space = 12
max_memory 4000 MB
nroots = 1
pspace_size = 400
spin = None
Density matrix diagonal elements [1.99995468e+00 3.50527223e-05 1.99978069e+00 2.29575721e-04]
CASCI converged
CASCI E = -234.909660417745  E(CI) = -4.24290487723800  S^2 = 0.0000000

******** <class 'pyscf.mcscf.casci.CASCI'> ********
CAS (2e+2e, 4o), ncore = 13, nvir = 33
natorb = False
canonicalization = True
sorting_mo_energy = False
max_memory 4000 MB (current use 453 MB)
******** <class 'pyscf.fci.direct_spin1.FCISolver'> ********
max. cycles = 200
conv_tol = 1e-08
davidson only = False
linear dependence = 1e-12
level shift = 0.001
max iter space = 12
max_memory 4000 MB
nroots = 1
pspace_size = 400
spin = None
Density matrix diagonal elements [1.99996324e+00 3.54176093e-05 1.99907190e+00 9.29443111e-04]
CASCI converged
CASCI E = -234.910755917595  E(CI) = -4.24400037708850  S^2 = 0.0000000

******** <class 'pyscf.mcscf.casci.CASCI'> ********
CAS (2e+2e, 4o), ncore = 13, nvir = 33
natorb = False
canonicalization = True
sorting_mo_energy = False
max_memory 4000 MB (current use 453 MB)
******** <class 'pyscf.fci.direct_spin1.FCISolver'> ********
max. cycles = 200
conv_tol = 1e-08
davidson only = False
linear dependence = 1e-12
level shift = 0.001
max iter space = 12
max_memory 4000 MB
nroots = 1
pspace_size = 400
spin = None
Density matrix diagonal elements [1.99996554e+00 3.48831944e-05 1.99995939e+00 4.01790099e-05]
CASCI converged
CASCI E = -234.909347841793  E(CI) = -4.24259230128681  S^2 = 0.0000000

******** <class 'pyscf.mcscf.casci.CASCI'> ********
CAS (2e+2e, 4o), ncore = 13, nvir = 33
natorb = False
canonicalization = True
sorting_mo_energy = False
max_memory 4000 MB (current use 453 MB)
******** <class 'pyscf.fci.direct_spin1.FCISolver'> ********
max. cycles = 200
conv_tol = 1e-08
davidson only = False
linear dependence = 1e-12
level shift = 0.001
max iter space = 12
max_memory 4000 MB
nroots = 1
pspace_size = 400
spin = None
Density matrix diagonal elements [1.99996554e+00 3.48831946e-05 1.99995939e+00 4.01794758e-05]
CASCI converged
CASCI E = -234.909347842530  E(CI) = -4.24259230202361  S^2 = 0.0000000

******** <class 'pyscf.mcscf.casci.CASCI'> ********
CAS (2e+2e, 4o), ncore = 13, nvir = 33
natorb = False
canonicalization = True
sorting_mo_energy = False
max_memory 4000 MB (current use 453 MB)
******** <class 'pyscf.fci.direct_spin1.FCISolver'> ********
max. cycles = 200
conv_tol = 1e-08
davidson only = False
linear dependence = 1e-12
level shift = 0.001
max iter space = 12
max_memory 4000 MB
nroots = 1
pspace_size = 400
spin = None
Density matrix diagonal elements [1.99996478e+00 3.55091711e-05 1.99993620e+00 6.35095666e-05]
CASCI converged
CASCI E = -234.909406209866  E(CI) = -4.24265066935934  S^2 = 0.0000000

******** <class 'pyscf.mcscf.casci.CASCI'> ********
CAS (2e+2e, 4o), ncore = 13, nvir = 33
natorb = False
canonicalization = True
sorting_mo_energy = False
max_memory 4000 MB (current use 453 MB)
******** <class 'pyscf.fci.direct_spin1.FCISolver'> ********
max. cycles = 200
conv_tol = 1e-08
davidson only = False
linear dependence = 1e-12
level shift = 0.001
max iter space = 12
max_memory 4000 MB
nroots = 1
pspace_size = 400
spin = None
Density matrix diagonal elements [1.99996556e+00 3.48862368e-05 1.99995326e+00 4.62970077e-05]
CASCI converged
CASCI E = -234.909393037669  E(CI) = -4.24263749716224  S^2 = 0.0000000

******** <class 'pyscf.mcscf.casci.CASCI'> ********
CAS (2e+2e, 4o), ncore = 13, nvir = 33
natorb = False
canonicalization = True
sorting_mo_energy = False
max_memory 4000 MB (current use 453 MB)
******** <class 'pyscf.fci.direct_spin1.FCISolver'> ********
max. cycles = 200
conv_tol = 1e-08
davidson only = False
linear dependence = 1e-12
level shift = 0.001
max iter space = 12
max_memory 4000 MB
nroots = 1
pspace_size = 400
spin = None
Density matrix diagonal elements [1.99996522e+00 3.51701438e-05 1.99995297e+00 4.66409977e-05]
CASCI converged
CASCI E = -234.909393835190  E(CI) = -4.24263829468359  S^2 = 0.0000000

******** <class 'pyscf.mcscf.casci.CASCI'> ********
CAS (2e+2e, 4o), ncore = 13, nvir = 33
natorb = False
canonicalization = True
sorting_mo_energy = False
max_memory 4000 MB (current use 453 MB)
******** <class 'pyscf.fci.direct_spin1.FCISolver'> ********
max. cycles = 200
conv_tol = 1e-08
davidson only = False
linear dependence = 1e-12
level shift = 0.001
max iter space = 12
max_memory 4000 MB
nroots = 1
pspace_size = 400
spin = None
Density matrix diagonal elements [1.99996554e+00 3.48769036e-05 1.99986418e+00 1.35402054e-04]
CASCI converged
CASCI E = -234.909607277859  E(CI) = -4.24285173735234  S^2 = 0.0000000

******** <class 'pyscf.mcscf.casci.CASCI'> ********
CAS (2e+2e, 4o), ncore = 13, nvir = 33
natorb = False
canonicalization = True
sorting_mo_energy = False
max_memory 4000 MB (current use 453 MB)
******** <class 'pyscf.fci.direct_spin1.FCISolver'> ********
max. cycles = 200
conv_tol = 1e-08
davidson only = False
linear dependence = 1e-12
level shift = 0.001
max iter space = 12
max_memory 4000 MB
nroots = 1
pspace_size = 400
spin = None
Density matrix diagonal elements [1.99996554e+00 3.48769036e-05 1.99986418e+00 1.35401513e-04]
CASCI converged
CASCI E = -234.909607276755  E(CI) = -4.24285173624813  S^2 = 0.0000000

******** <class 'pyscf.mcscf.casci.CASCI'> ********
CAS (2e+2e, 4o), ncore = 13, nvir = 33
natorb = False
canonicalization = True
sorting_mo_energy = False
max_memory 4000 MB (current use 453 MB)
******** <class 'pyscf.fci.direct_spin1.FCISolver'> ********
max. cycles = 200
conv_tol = 1e-08
davidson only = False
linear dependence = 1e-12
level shift = 0.001
max iter space = 12
max_memory 4000 MB
nroots = 1
pspace_size = 400
spin = None
Density matrix diagonal elements [1.99996551e+00 3.49288996e-05 1.99993718e+00 6.23791908e-05]
CASCI converged
CASCI E = -234.909468667465  E(CI) = -4.24271312695879  S^2 = 0.0000000

******** <class 'pyscf.mcscf.casci.CASCI'> ********
CAS (2e+2e, 4o), ncore = 13, nvir = 33
natorb = False
canonicalization = True
sorting_mo_energy = False
max_memory 4000 MB (current use 453 MB)
******** <class 'pyscf.fci.direct_spin1.FCISolver'> ********
max. cycles = 200
conv_tol = 1e-08
davidson only = False
linear dependence = 1e-12
level shift = 0.001
max iter space = 12
max_memory 4000 MB
nroots = 1
pspace_size = 400
spin = None
Density matrix diagonal elements [1.99996556e+00 3.48874414e-05 1.99996969e+00 2.98669142e-05]
CASCI converged
CASCI E = -234.909377952654  E(CI) = -4.24262241214760  S^2 = 0.0000000

******** <class 'pyscf.mcscf.casci.CASCI'> ********
CAS (2e+2e, 4o), ncore = 13, nvir = 33
natorb = False
canonicalization = True
sorting_mo_energy = False
max_memory 4000 MB (current use 453 MB)
******** <class 'pyscf.fci.direct_spin1.FCISolver'> ********
max. cycles = 200
conv_tol = 1e-08
davidson only = False
linear dependence = 1e-12
level shift = 0.001
max iter space = 12
max_memory 4000 MB
nroots = 1
pspace_size = 400
spin = None
Density matrix diagonal elements [1.99996555e+00 3.48953377e-05 1.99996968e+00 2.98750059e-05]
CASCI converged
CASCI E = -234.909377979314  E(CI) = -4.24262243880784  S^2 = 0.0000000

******** <class 'pyscf.mcscf.casci.CASCI'> ********
CAS (2e+2e, 4o), ncore = 13, nvir = 33
natorb = False
canonicalization = True
sorting_mo_energy = False
max_memory 4000 MB (current use 453 MB)
******** <class 'pyscf.fci.direct_spin1.FCISolver'> ********
max. cycles = 200
conv_tol = 1e-08
davidson only = False
linear dependence = 1e-12
level shift = 0.001
max iter space = 12
max_memory 4000 MB
nroots = 1
pspace_size = 400
spin = None
Density matrix diagonal elements [1.99996556e+00 3.48858750e-05 1.99988879e+00 1.10768211e-04]
CASCI converged
CASCI E = -234.909695069176  E(CI) = -4.24293952866981  S^2 = 0.0000000

******** <class 'pyscf.mcscf.casci.CASCI'> ********
CAS (2e+2e, 4o), ncore = 13, nvir = 33
natorb = False
canonicalization = True
sorting_mo_energy = False
max_memory 4000 MB (current use 453 MB)
******** <class 'pyscf.fci.direct_spin1.FCISolver'> ********
max. cycles = 200
conv_tol = 1e-08
davidson only = False
linear dependence = 1e-12
level shift = 0.001
max iter space = 12
max_memory 4000 MB
nroots = 1
pspace_size = 400
spin = None
Density matrix diagonal elements [1.99996556e+00 3.48858750e-05 1.99988879e+00 1.10767991e-04]
CASCI converged
CASCI E = -234.909695068539  E(CI) = -4.24293952803271  S^2 = 0.0000000

******** <class 'pyscf.mcscf.casci.CASCI'> ********
CAS (2e+2e, 4o), ncore = 13, nvir = 33
natorb = False
canonicalization = True
sorting_mo_energy = False
max_memory 4000 MB (current use 453 MB)
******** <class 'pyscf.fci.direct_spin1.FCISolver'> ********
max. cycles = 200
conv_tol = 1e-08
davidson only = False
linear dependence = 1e-12
level shift = 0.001
max iter space = 12
max_memory 4000 MB
nroots = 1
pspace_size = 400
spin = None
Density matrix diagonal elements [1.99996420e+00 3.59319121e-05 1.99997670e+00 2.31718472e-05]
CASCI converged
CASCI E = -234.909375160386  E(CI) = -4.24261961987943  S^2 = 0.0000000

******** <class 'pyscf.mcscf.casci.CASCI'> ********
CAS (2e+2e, 4o), ncore = 13, nvir = 33
natorb = False
canonicalization = True
sorting_mo_energy = False
max_memory 4000 MB (current use 453 MB)
******** <class 'pyscf.fci.direct_spin1.FCISolver'> ********
max. cycles = 200
conv_tol = 1e-08
davidson only = False
linear dependence = 1e-12
level shift = 0.001
max iter space = 12
max_memory 4000 MB
nroots = 1
pspace_size = 400
spin = None
Density matrix diagonal elements [1.99996511e+00 3.52626007e-05 1.99995914e+00 4.04836777e-05]
CASCI converged
CASCI E = -234.909465216579  E(CI) = -4.24270967607231  S^2 = 0.0000000

******** <class 'pyscf.mcscf.casci.CASCI'> ********
CAS (3e+3e, 4o), ncore = 12, nvir = 34
natorb = False
canonicalization = True
sorting_mo_energy = False
max_memory 4000 MB (current use 453 MB)
******** <class 'pyscf.fci.direct_spin1.FCISolver'> ********
max. cycles = 200
conv_tol = 1e-08
davidson only = False
linear dependence = 1e-12
level shift = 0.001
max iter space = 12
max_memory 4000 MB
nroots = 1
pspace_size = 400
spin = None
Density matrix diagonal elements [1.99996568e+00 4.25423993e-05 1.99999181e+00 1.99999997e+00]
CASCI converged
CASCI E = -234.909284433689  E(CI) = -8.50230069549474  S^2 = 0.0000000

******** <class 'pyscf.mcscf.casci.CASCI'> ********
CAS (3e+3e, 4o), ncore = 12, nvir = 34
natorb = False
canonicalization = True
sorting_mo_energy = False
max_memory 4000 MB (current use 453 MB)
******** <class 'pyscf.fci.direct_spin1.FCISolver'> ********
max. cycles = 200
conv_tol = 1e-08
davidson only = False
linear dependence = 1e-12
level shift = 0.001
max iter space = 12
max_memory 4000 MB
nroots = 1
pspace_size = 400
spin = None
Density matrix diagonal elements [1.99996568e+00 4.25424022e-05 1.99999181e+00 1.99999997e+00]
CASCI converged
CASCI E = -234.909284433692  E(CI) = -8.50229334502109  S^2 = 0.0000000

******** <class 'pyscf.mcscf.casci.CASCI'> ********
CAS (3e+3e, 4o), ncore = 12, nvir = 34
natorb = False
canonicalization = True
sorting_mo_energy = False
max_memory 4000 MB (current use 453 MB)
******** <class 'pyscf.fci.direct_spin1.FCISolver'> ********
max. cycles = 200
conv_tol = 1e-08
davidson only = False
linear dependence = 1e-12
level shift = 0.001
max iter space = 12
max_memory 4000 MB
nroots = 1
pspace_size = 400
spin = None
Density matrix diagonal elements [1.99996841e+00 8.00917377e-05 1.99999219e+00 1.99995931e+00]
CASCI converged
CASCI E = -234.909296897120  E(CI) = -9.47735145397172  S^2 = 0.0000000

******** <class 'pyscf.mcscf.casci.CASCI'> ********
CAS (3e+3e, 4o), ncore = 12, nvir = 34
natorb = False
canonicalization = True
sorting_mo_energy = False
max_memory 4000 MB (current use 453 MB)
******** <class 'pyscf.fci.direct_spin1.FCISolver'> ********
max. cycles = 200
conv_tol = 1e-08
davidson only = False
linear dependence = 1e-12
level shift = 0.001
max iter space = 12
max_memory 4000 MB
nroots = 1
pspace_size = 400
spin = None
Density matrix diagonal elements [1.99996841e+00 8.00968060e-05 1.99999219e+00 1.99995931e+00]
CASCI converged
CASCI E = -234.909296895878  E(CI) = -9.47704034340984  S^2 = 0.0000000

******** <class 'pyscf.mcscf.casci.CASCI'> ********
CAS (3e+3e, 4o), ncore = 12, nvir = 34
natorb = False
canonicalization = True
sorting_mo_energy = False
max_memory 4000 MB (current use 453 MB)
******** <class 'pyscf.fci.direct_spin1.FCISolver'> ********
max. cycles = 200
conv_tol = 1e-08
davidson only = False
linear dependence = 1e-12
level shift = 0.001
max iter space = 12
max_memory 4000 MB
nroots = 1
pspace_size = 400
spin = None
Density matrix diagonal elements [1.99996727e+00 7.35917224e-05 1.99999186e+00 1.99996727e+00]
CASCI converged
CASCI E = -234.909295191975  E(CI) = -9.89088825158478  S^2 = 0.0000000

******** <class 'pyscf.mcscf.casci.CASCI'> ********
CAS (2e+2e, 4o), ncore = 13, nvir = 33
natorb = False
canonicalization = True
sorting_mo_energy = False
max_memory 4000 MB (current use 453 MB)
******** <class 'pyscf.fci.direct_spin1.FCISolver'> ********
max. cycles = 200
conv_tol = 1e-08
davidson only = False
linear dependence = 1e-12
level shift = 0.001
max iter space = 12
max_memory 4000 MB
nroots = 1
pspace_size = 400
spin = None
Density matrix diagonal elements [1.99996360e+00 4.19116813e-05 1.99998922e+00 5.26809441e-06]
CASCI converged
CASCI E = -234.909287343778  E(CI) = -4.28741799756241  S^2 = 0.0000000

******** <class 'pyscf.mcscf.casci.CASCI'> ********
CAS (2e+2e, 4o), ncore = 13, nvir = 33
natorb = False
canonicalization = True
sorting_mo_energy = False
max_memory 4000 MB (current use 453 MB)
******** <class 'pyscf.fci.direct_spin1.FCISolver'> ********
max. cycles = 200
conv_tol = 1e-08
davidson only = False
linear dependence = 1e-12
level shift = 0.001
max iter space = 12
max_memory 4000 MB
nroots = 1
pspace_size = 400
spin = None
Density matrix diagonal elements [1.99996360e+00 4.19116816e-05 1.99998922e+00 5.26675929e-06]
CASCI converged
CASCI E = -234.909287342824  E(CI) = -4.28741799660844  S^2 = 0.0000000

******** <class 'pyscf.mcscf.casci.CASCI'> ********
CAS (2e+2e, 4o), ncore = 13, nvir = 33
natorb = False
canonicalization = True
sorting_mo_energy = False
max_memory 4000 MB (current use 453 MB)
******** <class 'pyscf.fci.direct_spin1.FCISolver'> ********
max. cycles = 200
conv_tol = 1e-08
davidson only = False
linear dependence = 1e-12
level shift = 0.001
max iter space = 12
max_memory 4000 MB
nroots = 1
pspace_size = 400
spin = None
Density matrix diagonal elements [1.99982959e+00 1.28656419e-04 1.99988597e+00 1.55792849e-04]
CASCI converged
CASCI E = -234.909382552094  E(CI) = -4.28751320587835  S^2 = 0.0000000

******** <class 'pyscf.mcscf.casci.CASCI'> ********
CAS (2e+2e, 4o), ncore = 13, nvir = 33
natorb = False
canonicalization = True
sorting_mo_energy = False
max_memory 4000 MB (current use 453 MB)
******** <class 'pyscf.fci.direct_spin1.FCISolver'> ********
max. cycles = 200
conv_tol = 1e-08
davidson only = False
linear dependence = 1e-12
level shift = 0.001
max iter space = 12
max_memory 4000 MB
nroots = 1
pspace_size = 400
spin = None
Density matrix diagonal elements [1.99973218e+00 3.89146760e-05 1.99939159e+00 8.37313430e-04]
CASCI converged
CASCI E = -234.909685802877  E(CI) = -4.28781645666101  S^2 = 0.0000000

******** <class 'pyscf.mcscf.casci.CASCI'> ********
CAS (2e+2e, 4o), ncore = 13, nvir = 33
natorb = False
canonicalization = True
sorting_mo_energy = False
max_memory 4000 MB (current use 453 MB)
******** <class 'pyscf.fci.direct_spin1.FCISolver'> ********
max. cycles = 200
conv_tol = 1e-08
davidson only = False
linear dependence = 1e-12
level shift = 0.001
max iter space = 12
max_memory 4000 MB
nroots = 1
pspace_size = 400
spin = None
Density matrix diagonal elements [1.99973204e+00 3.89137844e-05 1.99939181e+00 8.37229763e-04]
CASCI converged
CASCI E = -234.909685730106  E(CI) = -4.28781638389043  S^2 = 0.0000000

******** <class 'pyscf.mcscf.casci.CASCI'> ********
CAS (2e+2e, 4o), ncore = 13, nvir = 33
natorb = False
canonicalization = True
sorting_mo_energy = False
max_memory 4000 MB (current use 453 MB)
******** <class 'pyscf.fci.direct_spin1.FCISolver'> ********
max. cycles = 200
conv_tol = 1e-08
davidson only = False
linear dependence = 1e-12
level shift = 0.001
max iter space = 12
max_memory 4000 MB
nroots = 1
pspace_size = 400
spin = None
Density matrix diagonal elements [1.99992311e+00 5.06699043e-05 1.99996667e+00 5.95506034e-05]
CASCI converged
CASCI E = -234.909317420858  E(CI) = -4.28744807464184  S^2 = 0.0000000

******** <class 'pyscf.mcscf.casci.CASCI'> ********
CAS (2e+2e, 4o), ncore = 13, nvir = 33
natorb = False
canonicalization = True
sorting_mo_energy = False
max_memory 4000 MB (current use 453 MB)
******** <class 'pyscf.fci.direct_spin1.FCISolver'> ********
max. cycles = 200
conv_tol = 1e-08
davidson only = False
linear dependence = 1e-12
level shift = 0.001
max iter space = 12
max_memory 4000 MB
nroots = 1
pspace_size = 400
spin = None
Density matrix diagonal elements [1.99988956e+00 3.92285263e-05 1.99964607e+00 4.25137168e-04]
CASCI converged
CASCI E = -234.909527048839  E(CI) = -4.28765770262336  S^2 = 0.0000000

******** <class 'pyscf.mcscf.casci.CASCI'> ********
CAS (2e+2e, 4o), ncore = 13, nvir = 33
natorb = False
canonicalization = True
sorting_mo_energy = False
max_memory 4000 MB (current use 453 MB)
******** <class 'pyscf.fci.direct_spin1.FCISolver'> ********
max. cycles = 200
conv_tol = 1e-08
davidson only = False
linear dependence = 1e-12
level shift = 0.001
max iter space = 12
max_memory 4000 MB
nroots = 1
pspace_size = 400
spin = None
Density matrix diagonal elements [1.99988953e+00 3.92284339e-05 1.99964612e+00 4.25114346e-04]
CASCI converged
CASCI E = -234.909527031439  E(CI) = -4.28765768522265  S^2 = 0.0000000

******** <class 'pyscf.mcscf.casci.CASCI'> ********
CAS (2e+2e, 4o), ncore = 13, nvir = 33
natorb = False
canonicalization = True
sorting_mo_energy = False
max_memory 4000 MB (current use 453 MB)
******** <class 'pyscf.fci.direct_spin1.FCISolver'> ********
max. cycles = 200
conv_tol = 1e-08
davidson only = False
linear dependence = 1e-12
level shift = 0.001
max iter space = 12
max_memory 4000 MB
nroots = 1
pspace_size = 400
spin = None
Density matrix diagonal elements [1.98771189e+00 1.28290579e-03 1.99996768e+00 1.10375236e-02]
CASCI converged
CASCI E = -234.911258562821  E(CI) = -4.28938921660455  S^2 = 0.0000000

******** <class 'pyscf.mcscf.casci.CASCI'> ********
CAS (2e+2e, 4o), ncore = 13, nvir = 33
natorb = False
canonicalization = True
sorting_mo_energy = False
max_memory 4000 MB (current use 453 MB)
******** <class 'pyscf.fci.direct_spin1.FCISolver'> ********
max. cycles = 200
conv_tol = 1e-08
davidson only = False
linear dependence = 1e-12
level shift = 0.001
max iter space = 12
max_memory 4000 MB
nroots = 1
pspace_size = 400
spin = None
Density matrix diagonal elements [1.99989988e+00 4.93300939e-05 1.99939484e+00 6.55947790e-04]
CASCI converged
CASCI E = -234.909793432670  E(CI) = -4.28792408645390  S^2 = 0.0000000

******** <class 'pyscf.mcscf.casci.CASCI'> ********
CAS (2e+2e, 4o), ncore = 13, nvir = 33
natorb = False
canonicalization = True
sorting_mo_energy = False
max_memory 4000 MB (current use 453 MB)
******** <class 'pyscf.fci.direct_spin1.FCISolver'> ********
max. cycles = 200
conv_tol = 1e-08
davidson only = False
linear dependence = 1e-12
level shift = 0.001
max iter space = 12
max_memory 4000 MB
nroots = 1
pspace_size = 400
spin = None
Density matrix diagonal elements [1.99986926e+00 1.58426022e-04 1.99816345e+00 1.80885952e-03]
CASCI converged
CASCI E = -234.911021009280  E(CI) = -4.28915166306373  S^2 = 0.0000000

******** <class 'pyscf.mcscf.casci.CASCI'> ********
CAS (2e+2e, 4o), ncore = 13, nvir = 33
natorb = False
canonicalization = True
sorting_mo_energy = False
max_memory 4000 MB (current use 453 MB)
******** <class 'pyscf.fci.direct_spin1.FCISolver'> ********
max. cycles = 200
conv_tol = 1e-08
davidson only = False
linear dependence = 1e-12
level shift = 0.001
max iter space = 12
max_memory 4000 MB
nroots = 1
pspace_size = 400
spin = None
Density matrix diagonal elements [1.99996561e+00 4.24030973e-05 1.99987861e+00 1.13383041e-04]
CASCI converged
CASCI E = -234.909397485511  E(CI) = -4.28752813929535  S^2 = 0.0000000

******** <class 'pyscf.mcscf.casci.CASCI'> ********
CAS (2e+2e, 4o), ncore = 13, nvir = 33
natorb = False
canonicalization = True
sorting_mo_energy = False
max_memory 4000 MB (current use 453 MB)
******** <class 'pyscf.fci.direct_spin1.FCISolver'> ********
max. cycles = 200
conv_tol = 1e-08
davidson only = False
linear dependence = 1e-12
level shift = 0.001
max iter space = 12
max_memory 4000 MB
nroots = 1
pspace_size = 400
spin = None
Density matrix diagonal elements [1.99996561e+00 4.24031030e-05 1.99987861e+00 1.13379157e-04]
CASCI converged
CASCI E = -234.909397482112  E(CI) = -4.28752813589591  S^2 = 0.0000000

******** <class 'pyscf.mcscf.casci.CASCI'> ********
CAS (2e+2e, 4o), ncore = 13, nvir = 33
natorb = False
canonicalization = True
sorting_mo_energy = False
max_memory 4000 MB (current use 453 MB)
******** <class 'pyscf.fci.direct_spin1.FCISolver'> ********
max. cycles = 200
conv_tol = 1e-08
davidson only = False
linear dependence = 1e-12
level shift = 0.001
max iter space = 12
max_memory 4000 MB
nroots = 1
pspace_size = 400
spin = None
Density matrix diagonal elements [1.99992966e+00 4.15319518e-05 1.99998791e+00 4.09069565e-05]
CASCI converged
CASCI E = -234.909316034734  E(CI) = -4.28744668851780  S^2 = 0.0000000

******** <class 'pyscf.mcscf.casci.CASCI'> ********
CAS (2e+2e, 4o), ncore = 13, nvir = 33
natorb = False
canonicalization = True
sorting_mo_energy = False
max_memory 4000 MB (current use 453 MB)
******** <class 'pyscf.fci.direct_spin1.FCISolver'> ********
max. cycles = 200
conv_tol = 1e-08
davidson only = False
linear dependence = 1e-12
level shift = 0.001
max iter space = 12
max_memory 4000 MB
nroots = 1
pspace_size = 400
spin = None
Density matrix diagonal elements [1.98747852e+00 3.51577776e-05 1.99998196e+00 1.25043542e-02]
CASCI converged
CASCI E = -234.918917795566  E(CI) = -4.29704844934960  S^2 = 0.0000000

******** <class 'pyscf.mcscf.casci.CASCI'> ********
CAS (2e+2e, 4o), ncore = 13, nvir = 33
natorb = False
canonicalization = True
sorting_mo_energy = False
max_memory 4000 MB (current use 453 MB)
******** <class 'pyscf.fci.direct_spin1.FCISolver'> ********
max. cycles = 200
conv_tol = 1e-08
davidson only = False
linear dependence = 1e-12
level shift = 0.001
max iter space = 12
max_memory 4000 MB
nroots = 1
pspace_size = 400
spin = None
Density matrix diagonal elements [1.99991492e+00 4.10838467e-05 1.99997486e+00 6.91360618e-05]
CASCI converged
CASCI E = -234.909354085745  E(CI) = -4.28748473952885  S^2 = 0.0000000

******** <class 'pyscf.mcscf.casci.CASCI'> ********
CAS (2e+2e, 4o), ncore = 13, nvir = 33
natorb = False
canonicalization = True
sorting_mo_energy = False
max_memory 4000 MB (current use 453 MB)
******** <class 'pyscf.fci.direct_spin1.FCISolver'> ********
max. cycles = 200
conv_tol = 1e-08
davidson only = False
linear dependence = 1e-12
level shift = 0.001
max iter space = 12
max_memory 4000 MB
nroots = 1
pspace_size = 400
spin = None
Density matrix diagonal elements [1.99991491e+00 4.10838209e-05 1.99997486e+00 6.91415053e-05]
CASCI converged
CASCI E = -234.909354090327  E(CI) = -4.28748474411057  S^2 = 0.0000000

******** <class 'pyscf.mcscf.casci.CASCI'> ********
CAS (2e+2e, 4o), ncore = 13, nvir = 33
natorb = False
canonicalization = True
sorting_mo_energy = False
max_memory 4000 MB (current use 453 MB)
******** <class 'pyscf.fci.direct_spin1.FCISolver'> ********
max. cycles = 200
conv_tol = 1e-08
davidson only = False
linear dependence = 1e-12
level shift = 0.001
max iter space = 12
max_memory 4000 MB
nroots = 1
pspace_size = 400
spin = None
Density matrix diagonal elements [1.99995967e+00 7.60096523e-05 1.99911910e+00 8.45220889e-04]
CASCI converged
CASCI E = -234.910298024142  E(CI) = -4.28842867792596  S^2 = 0.0000000

******** <class 'pyscf.mcscf.casci.CASCI'> ********
CAS (2e+2e, 4o), ncore = 13, nvir = 33
natorb = False
canonicalization = True
sorting_mo_energy = False
max_memory 4000 MB (current use 453 MB)
******** <class 'pyscf.fci.direct_spin1.FCISolver'> ********
max. cycles = 200
conv_tol = 1e-08
davidson only = False
linear dependence = 1e-12
level shift = 0.001
max iter space = 12
max_memory 4000 MB
nroots = 1
pspace_size = 400
spin = None
Density matrix diagonal elements [1.99995462e+00 5.41509837e-05 1.99964307e+00 3.48158248e-04]
CASCI converged
CASCI E = -234.909793430458  E(CI) = -4.28792408424187  S^2 = 0.0000000

******** <class 'pyscf.mcscf.casci.CASCI'> ********
CAS (2e+2e, 4o), ncore = 13, nvir = 33
natorb = False
canonicalization = True
sorting_mo_energy = False
max_memory 4000 MB (current use 453 MB)
******** <class 'pyscf.fci.direct_spin1.FCISolver'> ********
max. cycles = 200
conv_tol = 1e-08
davidson only = False
linear dependence = 1e-12
level shift = 0.001
max iter space = 12
max_memory 4000 MB
nroots = 1
pspace_size = 400
spin = None
Density matrix diagonal elements [1.99996339e+00 4.28728839e-05 1.99965263e+00 3.41107547e-04]
CASCI converged
CASCI E = -234.909825086765  E(CI) = -4.28795574054885  S^2 = 0.0000000

******** <class 'pyscf.mcscf.casci.CASCI'> ********
CAS (2e+2e, 4o), ncore = 13, nvir = 33
natorb = False
canonicalization = True
sorting_mo_energy = False
max_memory 4000 MB (current use 453 MB)
******** <class 'pyscf.fci.direct_spin1.FCISolver'> ********
max. cycles = 200
conv_tol = 1e-08
davidson only = False
linear dependence = 1e-12
level shift = 0.001
max iter space = 12
max_memory 4000 MB
nroots = 1
pspace_size = 400
spin = None
Density matrix diagonal elements [1.99996567e+00 4.25152909e-05 1.99998376e+00 8.05731966e-06]
CASCI converged
CASCI E = -234.909298707625  E(CI) = -4.28742936140935  S^2 = 0.0000000

******** <class 'pyscf.mcscf.casci.CASCI'> ********
CAS (2e+2e, 4o), ncore = 13, nvir = 33
natorb = False
canonicalization = True
sorting_mo_energy = False
max_memory 4000 MB (current use 453 MB)
******** <class 'pyscf.fci.direct_spin1.FCISolver'> ********
max. cycles = 200
conv_tol = 1e-08
davidson only = False
linear dependence = 1e-12
level shift = 0.001
max iter space = 12
max_memory 4000 MB
nroots = 1
pspace_size = 400
spin = None
Density matrix diagonal elements [1.99996567e+00 4.25152912e-05 1.99998376e+00 8.05742643e-06]
CASCI converged
CASCI E = -234.909298707818  E(CI) = -4.28742936160222  S^2 = 0.0000000

******** <class 'pyscf.mcscf.casci.CASCI'> ********
CAS (2e+2e, 4o), ncore = 13, nvir = 33
natorb = False
canonicalization = True
sorting_mo_energy = False
max_memory 4000 MB (current use 453 MB)
******** <class 'pyscf.fci.direct_spin1.FCISolver'> ********
max. cycles = 200
conv_tol = 1e-08
davidson only = False
linear dependence = 1e-12
level shift = 0.001
max iter space = 12
max_memory 4000 MB
nroots = 1
pspace_size = 400
spin = None
Density matrix diagonal elements [1.99996490e+00 4.30814314e-05 1.99996517e+00 2.68470273e-05]
CASCI converged
CASCI E = -234.909337034367  E(CI) = -4.28746768815108  S^2 = 0.0000000

******** <class 'pyscf.mcscf.casci.CASCI'> ********
CAS (2e+2e, 4o), ncore = 13, nvir = 33
natorb = False
canonicalization = True
sorting_mo_energy = False
max_memory 4000 MB (current use 453 MB)
******** <class 'pyscf.fci.direct_spin1.FCISolver'> ********
max. cycles = 200
conv_tol = 1e-08
davidson only = False
linear dependence = 1e-12
level shift = 0.001
max iter space = 12
max_memory 4000 MB
nroots = 1
pspace_size = 400
spin = None
Density matrix diagonal elements [1.99996568e+00 4.24847566e-05 1.99994060e+00 5.12341733e-05]
CASCI converged
CASCI E = -234.909393156778  E(CI) = -4.28752381056205  S^2 = 0.0000000

******** <class 'pyscf.mcscf.casci.CASCI'> ********
CAS (2e+2e, 4o), ncore = 13, nvir = 33
natorb = False
canonicalization = True
sorting_mo_energy = False
max_memory 4000 MB (current use 453 MB)
******** <class 'pyscf.fci.direct_spin1.FCISolver'> ********
max. cycles = 200
conv_tol = 1e-08
davidson only = False
linear dependence = 1e-12
level shift = 0.001
max iter space = 12
max_memory 4000 MB
nroots = 1
pspace_size = 400
spin = None
Density matrix diagonal elements [1.99996477e+00 4.33461804e-05 1.99993974e+00 5.21413921e-05]
CASCI converged
CASCI E = -234.909395114389  E(CI) = -4.28752576817328  S^2 = 0.0000000

******** <class 'pyscf.mcscf.casci.CASCI'> ********
CAS (2e+2e, 4o), ncore = 13, nvir = 33
natorb = False
canonicalization = True
sorting_mo_energy = False
max_memory 4000 MB (current use 453 MB)
******** <class 'pyscf.fci.direct_spin1.FCISolver'> ********
max. cycles = 200
conv_tol = 1e-08
davidson only = False
linear dependence = 1e-12
level shift = 0.001
max iter space = 12
max_memory 4000 MB
nroots = 1
pspace_size = 400
spin = None
Density matrix diagonal elements [1.99996566e+00 4.23448908e-05 1.99965073e+00 3.41258473e-04]
CASCI converged
CASCI E = -234.910026605726  E(CI) = -4.28815725950980  S^2 = 0.0000000

******** <class 'pyscf.mcscf.casci.CASCI'> ********
CAS (2e+2e, 4o), ncore = 13, nvir = 33
natorb = False
canonicalization = True
sorting_mo_energy = False
max_memory 4000 MB (current use 453 MB)
******** <class 'pyscf.fci.direct_spin1.FCISolver'> ********
max. cycles = 200
conv_tol = 1e-08
davidson only = False
linear dependence = 1e-12
level shift = 0.001
max iter space = 12
max_memory 4000 MB
nroots = 1
pspace_size = 400
spin = None
Density matrix diagonal elements [1.99996566e+00 4.23448922e-05 1.99965074e+00 3.41254510e-04]
CASCI converged
CASCI E = -234.910026597805  E(CI) = -4.28815725158913  S^2 = 0.0000000

******** <class 'pyscf.mcscf.casci.CASCI'> ********
CAS (2e+2e, 4o), ncore = 13, nvir = 33
natorb = False
canonicalization = True
sorting_mo_energy = False
max_memory 4000 MB (current use 453 MB)
******** <class 'pyscf.fci.direct_spin1.FCISolver'> ********
max. cycles = 200
conv_tol = 1e-08
davidson only = False
linear dependence = 1e-12
level shift = 0.001
max iter space = 12
max_memory 4000 MB
nroots = 1
pspace_size = 400
spin = None
Density matrix diagonal elements [1.99996557e+00 4.34405799e-05 1.99973323e+00 2.57767731e-04]
CASCI converged
CASCI E = -234.910004779910  E(CI) = -4.28813543369358  S^2 = 0.0000000

******** <class 'pyscf.mcscf.casci.CASCI'> ********
CAS (2e+2e, 4o), ncore = 13, nvir = 33
natorb = False
canonicalization = True
sorting_mo_energy = False
max_memory 4000 MB (current use 453 MB)
******** <class 'pyscf.fci.direct_spin1.FCISolver'> ********
max. cycles = 200
conv_tol = 1e-08
davidson only = False
linear dependence = 1e-12
level shift = 0.001
max iter space = 12
max_memory 4000 MB
nroots = 1
pspace_size = 400
spin = None
Density matrix diagonal elements [1.99996568e+00 4.25266364e-05 1.99999016e+00 1.63562077e-06]
CASCI converged
CASCI E = -234.909290055642  E(CI) = -4.28742070942562  S^2 = 0.0000000

******** <class 'pyscf.mcscf.casci.CASCI'> ********
CAS (2e+2e, 4o), ncore = 13, nvir = 33
natorb = False
canonicalization = True
sorting_mo_energy = False
max_memory 4000 MB (current use 453 MB)
******** <class 'pyscf.fci.direct_spin1.FCISolver'> ********
max. cycles = 200
conv_tol = 1e-08
davidson only = False
linear dependence = 1e-12
level shift = 0.001
max iter space = 12
max_memory 4000 MB
nroots = 1
pspace_size = 400
spin = None
Density matrix diagonal elements [1.99996566e+00 4.25431926e-05 1.99999014e+00 1.65201462e-06]
CASCI converged
CASCI E = -234.909290110727  E(CI) = -4.28742076451127  S^2 = 0.0000000

******** <class 'pyscf.mcscf.casci.CASCI'> ********
CAS (2e+2e, 4o), ncore = 13, nvir = 33
natorb = False
canonicalization = True
sorting_mo_energy = False
max_memory 4000 MB (current use 453 MB)
******** <class 'pyscf.fci.direct_spin1.FCISolver'> ********
max. cycles = 200
conv_tol = 1e-08
davidson only = False
linear dependence = 1e-12
level shift = 0.001
max iter space = 12
max_memory 4000 MB
nroots = 1
pspace_size = 400
spin = None
Density matrix diagonal elements [1.99996568e+00 4.25106583e-05 1.99995622e+00 3.55943253e-05]
CASCI converged
CASCI E = -234.909420620716  E(CI) = -4.28755127449972  S^2 = 0.0000000

******** <class 'pyscf.mcscf.casci.CASCI'> ********
CAS (2e+2e, 4o), ncore = 13, nvir = 33
natorb = False
canonicalization = True
sorting_mo_energy = False
max_memory 4000 MB (current use 453 MB)
******** <class 'pyscf.fci.direct_spin1.FCISolver'> ********
max. cycles = 200
conv_tol = 1e-08
davidson only = False
linear dependence = 1e-12
level shift = 0.001
max iter space = 12
max_memory 4000 MB
nroots = 1
pspace_size = 400
spin = None
Density matrix diagonal elements [1.99996568e+00 4.25106582e-05 1.99995622e+00 3.55942726e-05]
CASCI converged
CASCI E = -234.909420620567  E(CI) = -4.28755127435124  S^2 = 0.0000000

******** <class 'pyscf.mcscf.casci.CASCI'> ********
CAS (2e+2e, 4o), ncore = 13, nvir = 33
natorb = False
canonicalization = True
sorting_mo_energy = False
max_memory 4000 MB (current use 453 MB)
******** <class 'pyscf.fci.direct_spin1.FCISolver'> ********
max. cycles = 200
conv_tol = 1e-08
davidson only = False
linear dependence = 1e-12
level shift = 0.001
max iter space = 12
max_memory 4000 MB
nroots = 1
pspace_size = 400
spin = None
Density matrix diagonal elements [1.99996426e+00 4.35451267e-05 1.99997344e+00 1.87506681e-05]
CASCI converged
CASCI E = -234.909359454803  E(CI) = -4.28749010858667  S^2 = 0.0000000

******** <class 'pyscf.mcscf.casci.CASCI'> ********
CAS (2e+2e, 4o), ncore = 13, nvir = 33
natorb = False
canonicalization = True
sorting_mo_energy = False
max_memory 4000 MB (current use 453 MB)
******** <class 'pyscf.fci.direct_spin1.FCISolver'> ********
max. cycles = 200
conv_tol = 1e-08
davidson only = False
linear dependence = 1e-12
level shift = 0.001
max iter space = 12
max_memory 4000 MB
nroots = 1
pspace_size = 400
spin = None
Density matrix diagonal elements [1.99996523e+00 4.30425349e-05 1.99997865e+00 1.30788163e-05]
CASCI converged
CASCI E = -234.909343995122  E(CI) = -4.28747464890580  S^2 = 0.0000000

******** <class 'pyscf.mcscf.casci.CASCI'> ********
CAS (3e+3e, 4o), ncore = 12, nvir = 34
natorb = False
canonicalization = True
sorting_mo_energy = False
max_memory 4000 MB (current use 453 MB)
******** <class 'pyscf.fci.direct_spin1.FCISolver'> ********
max. cycles = 200
conv_tol = 1e-08
davidson only = False
linear dependence = 1e-12
level shift = 0.001
max iter space = 12
max_memory 4000 MB
nroots = 1
pspace_size = 400
spin = None
Density matrix diagonal elements [1.99996556e+00 3.45270133e-05 1.99999996e+00 1.99999996e+00]
CASCI converged
CASCI E = -234.909279186076  E(CI) = -8.57023035634242  S^2 = 0.0000000

******** <class 'pyscf.mcscf.casci.CASCI'> ********
CAS (3e+3e, 4o), ncore = 12, nvir = 34
natorb = False
canonicalization = True
sorting_mo_energy = False
max_memory 4000 MB (current use 453 MB)
******** <class 'pyscf.fci.direct_spin1.FCISolver'> ********
max. cycles = 200
conv_tol = 1e-08
davidson only = False
linear dependence = 1e-12
level shift = 0.001
max iter space = 12
max_memory 4000 MB
nroots = 1
pspace_size = 400
spin = None
Density matrix diagonal elements [1.99996832e+00 7.32277713e-05 1.99999996e+00 1.99995849e+00]
CASCI converged
CASCI E = -234.909291894695  E(CI) = -8.66157043647246  S^2 = 0.0000000

******** <class 'pyscf.mcscf.casci.CASCI'> ********
CAS (3e+3e, 4o), ncore = 12, nvir = 34
natorb = False
canonicalization = True
sorting_mo_energy = False
max_memory 4000 MB (current use 453 MB)
******** <class 'pyscf.fci.direct_spin1.FCISolver'> ********
max. cycles = 200
conv_tol = 1e-08
davidson only = False
linear dependence = 1e-12
level shift = 0.001
max iter space = 12
max_memory 4000 MB
nroots = 1
pspace_size = 400
spin = None
Density matrix diagonal elements [1.99996835e+00 7.29242761e-05 1.99999981e+00 1.99995892e+00]
CASCI converged
CASCI E = -234.909291991304  E(CI) = -8.60796987820868  S^2 = 0.0000000

******** <class 'pyscf.mcscf.casci.CASCI'> ********
CAS (3e+3e, 4o), ncore = 12, nvir = 34
natorb = False
canonicalization = True
sorting_mo_energy = False
max_memory 4000 MB (current use 453 MB)
******** <class 'pyscf.fci.direct_spin1.FCISolver'> ********
max. cycles = 200
conv_tol = 1e-08
davidson only = False
linear dependence = 1e-12
level shift = 0.001
max iter space = 12
max_memory 4000 MB
nroots = 1
pspace_size = 400
spin = None
Density matrix diagonal elements [1.99996716e+00 6.57315551e-05 1.99999996e+00 1.99996715e+00]
CASCI converged
CASCI E = -234.909289975442  E(CI) = -9.01571027208843  S^2 = 0.0000000

******** <class 'pyscf.mcscf.casci.CASCI'> ********
CAS (2e+2e, 4o), ncore = 13, nvir = 33
natorb = False
canonicalization = True
sorting_mo_energy = False
max_memory 4000 MB (current use 453 MB)
******** <class 'pyscf.fci.direct_spin1.FCISolver'> ********
max. cycles = 200
conv_tol = 1e-08
davidson only = False
linear dependence = 1e-12
level shift = 0.001
max iter space = 12
max_memory 4000 MB
nroots = 1
pspace_size = 400
spin = None
Density matrix diagonal elements [1.99996333e+00 3.41246430e-05 1.99999959e+00 2.94898053e-06]
CASCI converged
CASCI E = -234.909280561628  E(CI) = -3.87079487764711  S^2 = 0.0000000

******** <class 'pyscf.mcscf.casci.CASCI'> ********
CAS (2e+2e, 4o), ncore = 13, nvir = 33
natorb = False
canonicalization = True
sorting_mo_energy = False
max_memory 4000 MB (current use 453 MB)
******** <class 'pyscf.fci.direct_spin1.FCISolver'> ********
max. cycles = 200
conv_tol = 1e-08
davidson only = False
linear dependence = 1e-12
level shift = 0.001
max iter space = 12
max_memory 4000 MB
nroots = 1
pspace_size = 400
spin = None
Density matrix diagonal elements [1.99996348e+00 3.39716335e-05 1.99997235e+00 3.01963139e-05]
CASCI converged
CASCI E = -234.909299446521  E(CI) = -3.87081376253997  S^2 = 0.0000000

******** <class 'pyscf.mcscf.casci.CASCI'> ********
CAS (2e+2e, 4o), ncore = 13, nvir = 33
natorb = False
canonicalization = True
sorting_mo_energy = False
max_memory 4000 MB (current use 453 MB)
******** <class 'pyscf.fci.direct_spin1.FCISolver'> ********
max. cycles = 200
conv_tol = 1e-08
davidson only = False
linear dependence = 1e-12
level shift = 0.001
max iter space = 12
max_memory 4000 MB
nroots = 1
pspace_size = 400
spin = None
Density matrix diagonal elements [1.99982888e+00 9.89650659e-05 1.99999858e+00 7.35706020e-05]
CASCI converged
CASCI E = -234.909316472744  E(CI) = -3.87083078876253  S^2 = 0.0000000

******** <class 'pyscf.mcscf.casci.CASCI'> ********
CAS (2e+2e, 4o), ncore = 13, nvir = 33
natorb = False
canonicalization = True
sorting_mo_energy = False
max_memory 4000 MB (current use 453 MB)
******** <class 'pyscf.fci.direct_spin1.FCISolver'> ********
max. cycles = 200
conv_tol = 1e-08
davidson only = False
linear dependence = 1e-12
level shift = 0.001
max iter space = 12
max_memory 4000 MB
nroots = 1
pspace_size = 400
spin = None
Density matrix diagonal elements [1.99972894e+00 3.26000266e-05 1.99998013e+00 2.58332190e-04]
CASCI converged
CASCI E = -234.909371740061  E(CI) = -3.87088605607997  S^2 = 0.0000000

******** <class 'pyscf.mcscf.casci.CASCI'> ********
CAS (2e+2e, 4o), ncore = 13, nvir = 33
natorb = False
canonicalization = True
sorting_mo_energy = False
max_memory 4000 MB (current use 453 MB)
******** <class 'pyscf.fci.direct_spin1.FCISolver'> ********
max. cycles = 200
conv_tol = 1e-08
davidson only = False
linear dependence = 1e-12
level shift = 0.001
max iter space = 12
max_memory 4000 MB
nroots = 1
pspace_size = 400
spin = None
Density matrix diagonal elements [1.99973156e+00 3.17292935e-05 1.99807934e+00 2.15736924e-03]
CASCI converged
CASCI E = -234.910549565970  E(CI) = -3.87206388198845  S^2 = 0.0000000

******** <class 'pyscf.mcscf.casci.CASCI'> ********
CAS (2e+2e, 4o), ncore = 13, nvir = 33
natorb = False
canonicalization = True
sorting_mo_energy = False
max_memory 4000 MB (current use 453 MB)
******** <class 'pyscf.fci.direct_spin1.FCISolver'> ********
max. cycles = 200
conv_tol = 1e-08
davidson only = False
linear dependence = 1e-12
level shift = 0.001
max iter space = 12
max_memory 4000 MB
nroots = 1
pspace_size = 400
spin = None
Density matrix diagonal elements [1.99992328e+00 4.25723395e-05 1.99999939e+00 3.47561302e-05]
CASCI converged
CASCI E = -234.909293669669  E(CI) = -3.87080798568817  S^2 = 0.0000000

******** <class 'pyscf.mcscf.casci.CASCI'> ********
CAS (2e+2e, 4o), ncore = 13, nvir = 33
natorb = False
canonicalization = True
sorting_mo_energy = False
max_memory 4000 MB (current use 453 MB)
******** <class 'pyscf.fci.direct_spin1.FCISolver'> ********
max. cycles = 200
conv_tol = 1e-08
davidson only = False
linear dependence = 1e-12
level shift = 0.001
max iter space = 12
max_memory 4000 MB
nroots = 1
pspace_size = 400
spin = None
Density matrix diagonal elements [1.99988877e+00 3.22853062e-05 1.99996262e+00 1.16324759e-04]
CASCI converged
CASCI E = -234.909341486092  E(CI) = -3.87085580211127  S^2 = 0.0000000

******** <class 'pyscf.mcscf.casci.CASCI'> ********
CAS (2e+2e, 4o), ncore = 13, nvir = 33
natorb = False
canonicalization = True
sorting_mo_energy = False
max_memory 4000 MB (current use 453 MB)
******** <class 'pyscf.fci.direct_spin1.FCISolver'> ********
max. cycles = 200
conv_tol = 1e-08
davidson only = False
linear dependence = 1e-12
level shift = 0.001
max iter space = 12
max_memory 4000 MB
nroots = 1
pspace_size = 400
spin = None
Density matrix diagonal elements [1.99988945e+00 3.24415729e-05 1.99657343e+00 3.50467801e-03]
CASCI converged
CASCI E = -234.911628244189  E(CI) = -3.87314256020738  S^2 = 0.0000000

******** <class 'pyscf.mcscf.casci.CASCI'> ********
CAS (2e+2e, 4o), ncore = 13, nvir = 33
natorb = False
canonicalization = True
sorting_mo_energy = False
max_memory 4000 MB (current use 453 MB)
******** <class 'pyscf.fci.direct_spin1.FCISolver'> ********
max. cycles = 200
conv_tol = 1e-08
davidson only = False
linear dependence = 1e-12
level shift = 0.001
max iter space = 12
max_memory 4000 MB
nroots = 1
pspace_size = 400
spin = None
Density matrix diagonal elements [1.98773201e+00 1.26327857e-03 1.99999959e+00 1.10051217e-02]
CASCI converged
CASCI E = -234.911235626769  E(CI) = -3.87274994278800  S^2 = 0.0000000

******** <class 'pyscf.mcscf.casci.CASCI'> ********
CAS (2e+2e, 4o), ncore = 13, nvir = 33
natorb = False
canonicalization = True
sorting_mo_energy = False
max_memory 4000 MB (current use 453 MB)
******** <class 'pyscf.fci.direct_spin1.FCISolver'> ********
max. cycles = 200
conv_tol = 1e-08
davidson only = False
linear dependence = 1e-12
level shift = 0.001
max iter space = 12
max_memory 4000 MB
nroots = 1
pspace_size = 400
spin = None
Density matrix diagonal elements [1.99990131e+00 3.95475107e-05 1.99982726e+00 2.31878632e-04]
CASCI converged
CASCI E = -234.909458091619  E(CI) = -3.87097240763811  S^2 = 0.0000000

******** <class 'pyscf.mcscf.casci.CASCI'> ********
CAS (2e+2e, 4o), ncore = 13, nvir = 33
natorb = False
canonicalization = True
sorting_mo_energy = False
max_memory 4000 MB (current use 453 MB)
******** <class 'pyscf.fci.direct_spin1.FCISolver'> ********
max. cycles = 200
conv_tol = 1e-08
davidson only = False
linear dependence = 1e-12
level shift = 0.001
max iter space = 12
max_memory 4000 MB
nroots = 1
pspace_size = 400
spin = None
Density matrix diagonal elements [1.99986753e+00 4.02308241e-05 1.99997848e+00 1.13751237e-04]
CASCI converged
CASCI E = -234.909372654262  E(CI) = -3.87088697028068  S^2 = 0.0000000

******** <class 'pyscf.mcscf.casci.CASCI'> ********
CAS (2e+2e, 4o), ncore = 13, nvir = 33
natorb = False
canonicalization = True
sorting_mo_energy = False
max_memory 4000 MB (current use 453 MB)
******** <class 'pyscf.fci.direct_spin1.FCISolver'> ********
max. cycles = 200
conv_tol = 1e-08
davidson only = False
linear dependence = 1e-12
level shift = 0.001
max iter space = 12
max_memory 4000 MB
nroots = 1
pspace_size = 400
spin = None
Density matrix diagonal elements [1.99996532e+00 3.46373165e-05 1.99999290e+00 7.14279456e-06]
CASCI converged
CASCI E = -234.909287222853  E(CI) = -3.87080153887138  S^2 = 0.0000000

******** <class 'pyscf.mcscf.casci.CASCI'> ********
CAS (2e+2e, 4o), ncore = 13, nvir = 33
natorb = False
canonicalization = True
sorting_mo_energy = False
max_memory 4000 MB (current use 453 MB)
******** <class 'pyscf.fci.direct_spin1.FCISolver'> ********
max. cycles = 200
conv_tol = 1e-08
davidson only = False
linear dependence = 1e-12
level shift = 0.001
max iter space = 12
max_memory 4000 MB
nroots = 1
pspace_size = 400
spin = None
Density matrix diagonal elements [1.99996536e+00 3.45840009e-05 1.99944809e+00 5.51963801e-04]
CASCI converged
CASCI E = -234.909901920448  E(CI) = -3.87141623646664  S^2 = 0.0000000

******** <class 'pyscf.mcscf.casci.CASCI'> ********
CAS (2e+2e, 4o), ncore = 13, nvir = 33
natorb = False
canonicalization = True
sorting_mo_energy = False
max_memory 4000 MB (current use 453 MB)
******** <class 'pyscf.fci.direct_spin1.FCISolver'> ********
max. cycles = 200
conv_tol = 1e-08
davidson only = False
linear dependence = 1e-12
level shift = 0.001
max iter space = 12
max_memory 4000 MB
nroots = 1
pspace_size = 400
spin = None
Density matrix diagonal elements [1.99992950e+00 3.35578975e-05 1.99999980e+00 3.71394335e-05]
CASCI converged
CASCI E = -234.909305748743  E(CI) = -3.87082006476200  S^2 = 0.0000000

******** <class 'pyscf.mcscf.casci.CASCI'> ********
CAS (2e+2e, 4o), ncore = 13, nvir = 33
natorb = False
canonicalization = True
sorting_mo_energy = False
max_memory 4000 MB (current use 453 MB)
******** <class 'pyscf.fci.direct_spin1.FCISolver'> ********
max. cycles = 200
conv_tol = 1e-08
davidson only = False
linear dependence = 1e-12
level shift = 0.001
max iter space = 12
max_memory 4000 MB
nroots = 1
pspace_size = 400
spin = None
Density matrix diagonal elements [1.98748530e+00 2.08131156e-05 1.99999983e+00 1.24940553e-02]
CASCI converged
CASCI E = -234.918901187733  E(CI) = -3.88041550375178  S^2 = 0.0000000

******** <class 'pyscf.mcscf.casci.CASCI'> ********
CAS (2e+2e, 4o), ncore = 13, nvir = 33
natorb = False
canonicalization = True
sorting_mo_energy = False
max_memory 4000 MB (current use 453 MB)
******** <class 'pyscf.fci.direct_spin1.FCISolver'> ********
max. cycles = 200
conv_tol = 1e-08
davidson only = False
linear dependence = 1e-12
level shift = 0.001
max iter space = 12
max_memory 4000 MB
nroots = 1
pspace_size = 400
spin = None
Density matrix diagonal elements [1.99991442e+00 3.35073312e-05 1.99999899e+00 5.30809405e-05]
CASCI converged
CASCI E = -234.909326666984  E(CI) = -3.87084098300281  S^2 = 0.0000000

******** <class 'pyscf.mcscf.casci.CASCI'> ********
CAS (2e+2e, 4o), ncore = 13, nvir = 33
natorb = False
canonicalization = True
sorting_mo_energy = False
max_memory 4000 MB (current use 453 MB)
******** <class 'pyscf.fci.direct_spin1.FCISolver'> ********
max. cycles = 200
conv_tol = 1e-08
davidson only = False
linear dependence = 1e-12
level shift = 0.001
max iter space = 12
max_memory 4000 MB
nroots = 1
pspace_size = 400
spin = None
Density matrix diagonal elements [1.99991459e+00 3.33651416e-05 1.99995905e+00 9.29988950e-05]
CASCI converged
CASCI E = -234.909387494251  E(CI) = -3.87090181026934  S^2 = 0.0000000

******** <class 'pyscf.mcscf.casci.CASCI'> ********
CAS (2e+2e, 4o), ncore = 13, nvir = 33
natorb = False
canonicalization = True
sorting_mo_energy = False
max_memory 4000 MB (current use 453 MB)
******** <class 'pyscf.fci.direct_spin1.FCISolver'> ********
max. cycles = 200
conv_tol = 1e-08
davidson only = False
linear dependence = 1e-12
level shift = 0.001
max iter space = 12
max_memory 4000 MB
nroots = 1
pspace_size = 400
spin = None
Density matrix diagonal elements [1.99995936e+00 3.61790178e-05 1.99978256e+00 2.21903257e-04]
CASCI converged
CASCI E = -234.909536323235  E(CI) = -3.87105063925395  S^2 = 0.0000000

******** <class 'pyscf.mcscf.casci.CASCI'> ********
CAS (2e+2e, 4o), ncore = 13, nvir = 33
natorb = False
canonicalization = True
sorting_mo_energy = False
max_memory 4000 MB (current use 453 MB)
******** <class 'pyscf.fci.direct_spin1.FCISolver'> ********
max. cycles = 200
conv_tol = 1e-08
davidson only = False
linear dependence = 1e-12
level shift = 0.001
max iter space = 12
max_memory 4000 MB
nroots = 1
pspace_size = 400
spin = None
Density matrix diagonal elements [1.99995469e+00 3.44577637e-05 1.99999257e+00 1.82877861e-05]
CASCI converged
CASCI E = -234.909303879662  E(CI) = -3.87081819568084  S^2 = 0.0000000

******** <class 'pyscf.mcscf.casci.CASCI'> ********
CAS (2e+2e, 4o), ncore = 13, nvir = 33
natorb = False
canonicalization = True
sorting_mo_energy = False
max_memory 4000 MB (current use 453 MB)
******** <class 'pyscf.fci.direct_spin1.FCISolver'> ********
max. cycles = 200
conv_tol = 1e-08
davidson only = False
linear dependence = 1e-12
level shift = 0.001
max iter space = 12
max_memory 4000 MB
nroots = 1
pspace_size = 400
spin = None
Density matrix diagonal elements [1.99996323e+00 3.49005235e-05 1.99996485e+00 3.70158443e-05]
CASCI converged
CASCI E = -234.909332627609  E(CI) = -3.87084694362792  S^2 = 0.0000000

******** <class 'pyscf.mcscf.casci.CASCI'> ********
CAS (2e+2e, 4o), ncore = 13, nvir = 33
natorb = False
canonicalization = True
sorting_mo_energy = False
max_memory 4000 MB (current use 453 MB)
******** <class 'pyscf.fci.direct_spin1.FCISolver'> ********
max. cycles = 200
conv_tol = 1e-08
davidson only = False
linear dependence = 1e-12
level shift = 0.001
max iter space = 12
max_memory 4000 MB
nroots = 1
pspace_size = 400
spin = None
Density matrix diagonal elements [1.99996554e+00 3.44834594e-05 1.99812240e+00 1.87757946e-03]
CASCI converged
CASCI E = -234.912149397206  E(CI) = -3.87366371322497  S^2 = 0.0000000

******** <class 'pyscf.mcscf.casci.CASCI'> ********
CAS (2e+2e, 4o), ncore = 13, nvir = 33
natorb = False
canonicalization = True
sorting_mo_energy = False
max_memory 4000 MB (current use 453 MB)
******** <class 'pyscf.fci.direct_spin1.FCISolver'> ********
max. cycles = 200
conv_tol = 1e-08
davidson only = False
linear dependence = 1e-12
level shift = 0.001
max iter space = 12
max_memory 4000 MB
nroots = 1
pspace_size = 400
spin = None
Density matrix diagonal elements [1.99996553e+00 3.44930248e-05 1.99997509e+00 2.48816887e-05]
CASCI converged
CASCI E = -234.909316968569  E(CI) = -3.87083128458812  S^2 = 0.0000000

******** <class 'pyscf.mcscf.casci.CASCI'> ********
CAS (2e+2e, 4o), ncore = 13, nvir = 33
natorb = False
canonicalization = True
sorting_mo_energy = False
max_memory 4000 MB (current use 453 MB)
******** <class 'pyscf.fci.direct_spin1.FCISolver'> ********
max. cycles = 200
conv_tol = 1e-08
davidson only = False
linear dependence = 1e-12
level shift = 0.001
max iter space = 12
max_memory 4000 MB
nroots = 1
pspace_size = 400
spin = None
Density matrix diagonal elements [1.99996478e+00 3.53689890e-05 1.99989552e+00 1.04334172e-04]
CASCI converged
CASCI E = -234.909463971270  E(CI) = -3.87097828728912  S^2 = 0.0000000

******** <class 'pyscf.mcscf.casci.CASCI'> ********
CAS (2e+2e, 4o), ncore = 13, nvir = 33
natorb = False
canonicalization = True
sorting_mo_energy = False
max_memory 4000 MB (current use 453 MB)
******** <class 'pyscf.fci.direct_spin1.FCISolver'> ********
max. cycles = 200
conv_tol = 1e-08
davidson only = False
linear dependence = 1e-12
level shift = 0.001
max iter space = 12
max_memory 4000 MB
nroots = 1
pspace_size = 400
spin = None
Density matrix diagonal elements [1.99996555e+00 3.48671842e-05 1.99989830e+00 1.01280189e-04]
CASCI converged
CASCI E = -234.909510569387  E(CI) = -3.87102488540620  S^2 = 0.0000000

******** <class 'pyscf.mcscf.casci.CASCI'> ********
CAS (2e+2e, 4o), ncore = 13, nvir = 33
natorb = False
canonicalization = True
sorting_mo_energy = False
max_memory 4000 MB (current use 453 MB)
******** <class 'pyscf.fci.direct_spin1.FCISolver'> ********
max. cycles = 200
conv_tol = 1e-08
davidson only = False
linear dependence = 1e-12
level shift = 0.001
max iter space = 12
max_memory 4000 MB
nroots = 1
pspace_size = 400
spin = None
Density matrix diagonal elements [1.99996550e+00 3.44866358e-05 1.99989906e+00 1.00953074e-04]
CASCI converged
CASCI E = -234.909509670778  E(CI) = -3.87102398679701  S^2 = 0.0000000

******** <class 'pyscf.mcscf.casci.CASCI'> ********
CAS (2e+2e, 4o), ncore = 13, nvir = 33
natorb = False
canonicalization = True
sorting_mo_energy = False
max_memory 4000 MB (current use 453 MB)
******** <class 'pyscf.fci.direct_spin1.FCISolver'> ********
max. cycles = 200
conv_tol = 1e-08
davidson only = False
linear dependence = 1e-12
level shift = 0.001
max iter space = 12
max_memory 4000 MB
nroots = 1
pspace_size = 400
spin = None
Density matrix diagonal elements [1.99996553e+00 3.44978045e-05 1.99999426e+00 5.70753918e-06]
CASCI converged
CASCI E = -234.909291992140  E(CI) = -3.87080630815848  S^2 = 0.0000000

******** <class 'pyscf.mcscf.casci.CASCI'> ********
CAS (2e+2e, 4o), ncore = 13, nvir = 33
natorb = False
canonicalization = True
sorting_mo_energy = False
max_memory 4000 MB (current use 453 MB)
******** <class 'pyscf.fci.direct_spin1.FCISolver'> ********
max. cycles = 200
conv_tol = 1e-08
davidson only = False
linear dependence = 1e-12
level shift = 0.001
max iter space = 12
max_memory 4000 MB
nroots = 1
pspace_size = 400
spin = None
Density matrix diagonal elements [1.99996554e+00 3.44868010e-05 1.99973293e+00 2.67045312e-04]
CASCI converged
CASCI E = -234.909876029598  E(CI) = -3.87139034561713  S^2 = 0.0000000

******** <class 'pyscf.mcscf.casci.CASCI'> ********
CAS (2e+2e, 4o), ncore = 13, nvir = 33
natorb = False
canonicalization = True
sorting_mo_energy = False
max_memory 4000 MB (current use 453 MB)
******** <class 'pyscf.fci.direct_spin1.FCISolver'> ********
max. cycles = 200
conv_tol = 1e-08
davidson only = False
linear dependence = 1e-12
level shift = 0.001
max iter space = 12
max_memory 4000 MB
nroots = 1
pspace_size = 400
spin = None
Density matrix diagonal elements [1.99996553e+00 3.45002874e-05 1.99998302e+00 1.69481291e-05]
CASCI converged
CASCI E = -234.909327379065  E(CI) = -3.87084169508381  S^2 = 0.0000000

******** <class 'pyscf.mcscf.casci.CASCI'> ********
CAS (2e+2e, 4o), ncore = 13, nvir = 33
natorb = False
canonicalization = True
sorting_mo_energy = False
max_memory 4000 MB (current use 453 MB)
******** <class 'pyscf.fci.direct_spin1.FCISolver'> ********
max. cycles = 200
conv_tol = 1e-08
davidson only = False
linear dependence = 1e-12
level shift = 0.001
max iter space = 12
max_memory 4000 MB
nroots = 1
pspace_size = 400
spin = None
Density matrix diagonal elements [1.99996555e+00 3.47048586e-05 1.99968507e+00 3.14671581e-04]
CASCI converged
CASCI E = -234.910249302267  E(CI) = -3.87176361828534  S^2 = 0.0000000

******** <class 'pyscf.mcscf.casci.CASCI'> ********
CAS (2e+2e, 4o), ncore = 13, nvir = 33
natorb = False
canonicalization = True
sorting_mo_energy = False
max_memory 4000 MB (current use 453 MB)
******** <class 'pyscf.fci.direct_spin1.FCISolver'> ********
max. cycles = 200
conv_tol = 1e-08
davidson only = False
linear dependence = 1e-12
level shift = 0.001
max iter space = 12
max_memory 4000 MB
nroots = 1
pspace_size = 400
spin = None
Density matrix diagonal elements [1.99996555e+00 3.44876965e-05 1.99968551e+00 3.14450904e-04]
CASCI converged
CASCI E = -234.910248560933  E(CI) = -3.87176287695186  S^2 = 0.0000000

******** <class 'pyscf.mcscf.casci.CASCI'> ********
CAS (2e+2e, 4o), ncore = 13, nvir = 33
natorb = False
canonicalization = True
sorting_mo_energy = False
max_memory 4000 MB (current use 453 MB)
******** <class 'pyscf.fci.direct_spin1.FCISolver'> ********
max. cycles = 200
conv_tol = 1e-08
davidson only = False
linear dependence = 1e-12
level shift = 0.001
max iter space = 12
max_memory 4000 MB
nroots = 1
pspace_size = 400
spin = None
Density matrix diagonal elements [1.99996555e+00 3.44895088e-05 1.99999596e+00 3.99829990e-06]
CASCI converged
CASCI E = -234.909293554356  E(CI) = -3.87080787037493  S^2 = 0.0000000

******** <class 'pyscf.mcscf.casci.CASCI'> ********
CAS (2e+2e, 4o), ncore = 13, nvir = 33
natorb = False
canonicalization = True
sorting_mo_energy = False
max_memory 4000 MB (current use 453 MB)
******** <class 'pyscf.fci.direct_spin1.FCISolver'> ********
max. cycles = 200
conv_tol = 1e-08
davidson only = False
linear dependence = 1e-12
level shift = 0.001
max iter space = 12
max_memory 4000 MB
nroots = 1
pspace_size = 400
spin = None
Density matrix diagonal elements [1.99996555e+00 3.44924943e-05 1.99986025e+00 1.39709702e-04]
CASCI converged
CASCI E = -234.909776928841  E(CI) = -3.87129124485998  S^2 = 0.0000000

******** <class 'pyscf.mcscf.casci.CASCI'> ********
CAS (2e+2e, 4o), ncore = 13, nvir = 33
natorb = False
canonicalization = True
sorting_mo_energy = False
max_memory 4000 MB (current use 453 MB)
******** <class 'pyscf.fci.direct_spin1.FCISolver'> ********
max. cycles = 200
conv_tol = 1e-08
davidson only = False
linear dependence = 1e-12
level shift = 0.001
max iter space = 12
max_memory 4000 MB
nroots = 1
pspace_size = 400
spin = None
Density matrix diagonal elements [1.99996421e+00 3.55459758e-05 1.99999651e+00 3.73151700e-06]
CASCI converged
CASCI E = -234.909293981405  E(CI) = -3.87080829742396  S^2 = 0.0000000

******** <class 'pyscf.mcscf.casci.CASCI'> ********
CAS (2e+2e, 4o), ncore = 13, nvir = 33
natorb = False
canonicalization = True
sorting_mo_energy = False
max_memory 4000 MB (current use 453 MB)
******** <class 'pyscf.fci.direct_spin1.FCISolver'> ********
max. cycles = 200
conv_tol = 1e-08
davidson only = False
linear dependence = 1e-12
level shift = 0.001
max iter space = 12
max_memory 4000 MB
nroots = 1
pspace_size = 400
spin = None
Density matrix diagonal elements [1.99996511e+00 3.48568015e-05 1.99999363e+00 6.39834721e-06]
CASCI converged
CASCI E = -234.909307537659  E(CI) = -3.87082185367780  S^2 = 0.0000000

******** <class 'pyscf.mcscf.casci.CASCI'> ********
CAS (3e+3e, 4o), ncore = 12, nvir = 34
natorb = False
canonicalization = True
sorting_mo_energy = False
max_memory 4000 MB (current use 453 MB)
******** <class 'pyscf.fci.direct_spin1.FCISolver'> ********
max. cycles = 200
conv_tol = 1e-08
davidson only = False
linear dependence = 1e-12
level shift = 0.001
max iter space = 12
max_memory 4000 MB
nroots = 1
pspace_size = 400
spin = None
Density matrix diagonal elements [1.99996835e+00 7.29184661e-05 1.99999981e+00 1.99995892e+00]
CASCI converged
CASCI E = -234.909291992438  E(CI) = -8.60825661979106  S^2 = 0.0000000

******** <class 'pyscf.mcscf.casci.CASCI'> ********
CAS (3e+3e, 4o), ncore = 12, nvir = 34
natorb = False
canonicalization = True
sorting_mo_energy = False
max_memory 4000 MB (current use 453 MB)
******** <class 'pyscf.fci.direct_spin1.FCISolver'> ********
max. cycles = 200
conv_tol = 1e-08
davidson only = False
linear dependence = 1e-12
level shift = 0.001
max iter space = 12
max_memory 4000 MB
nroots = 1
pspace_size = 400
spin = None
Density matrix diagonal elements [1.99996832e+00 7.32334702e-05 1.99999996e+00 1.99995849e+00]
CASCI converged
CASCI E = -234.909291893554  E(CI) = -8.66129255828181  S^2 = 0.0000000

******** <class 'pyscf.mcscf.casci.CASCI'> ********
CAS (3e+3e, 4o), ncore = 12, nvir = 34
natorb = False
canonicalization = True
sorting_mo_energy = False
max_memory 4000 MB (current use 453 MB)
******** <class 'pyscf.fci.direct_spin1.FCISolver'> ********
max. cycles = 200
conv_tol = 1e-08
davidson only = False
linear dependence = 1e-12
level shift = 0.001
max iter space = 12
max_memory 4000 MB
nroots = 1
pspace_size = 400
spin = None
Density matrix diagonal elements [1.99996716e+00 6.57315516e-05 1.99999996e+00 1.99996715e+00]
CASCI converged
CASCI E = -234.909289975445  E(CI) = -9.01571635268741  S^2 = 0.0000000

******** <class 'pyscf.mcscf.casci.CASCI'> ********
CAS (2e+2e, 4o), ncore = 13, nvir = 33
natorb = False
canonicalization = True
sorting_mo_energy = False
max_memory 4000 MB (current use 453 MB)
******** <class 'pyscf.fci.direct_spin1.FCISolver'> ********
max. cycles = 200
conv_tol = 1e-08
davidson only = False
linear dependence = 1e-12
level shift = 0.001
max iter space = 12
max_memory 4000 MB
nroots = 1
pspace_size = 400
spin = None
Density matrix diagonal elements [1.99996348e+00 3.39716705e-05 1.99997234e+00 3.02115274e-05]
CASCI converged
CASCI E = -234.909299456381  E(CI) = -3.87080777879865  S^2 = 0.0000000

******** <class 'pyscf.mcscf.casci.CASCI'> ********
CAS (2e+2e, 4o), ncore = 13, nvir = 33
natorb = False
canonicalization = True
sorting_mo_energy = False
max_memory 4000 MB (current use 453 MB)
******** <class 'pyscf.fci.direct_spin1.FCISolver'> ********
max. cycles = 200
conv_tol = 1e-08
davidson only = False
linear dependence = 1e-12
level shift = 0.001
max iter space = 12
max_memory 4000 MB
nroots = 1
pspace_size = 400
spin = None
Density matrix diagonal elements [1.99996333e+00 3.41245753e-05 1.99999959e+00 2.94928429e-06]
CASCI converged
CASCI E = -234.909280561734  E(CI) = -3.87078888415181  S^2 = 0.0000000

******** <class 'pyscf.mcscf.casci.CASCI'> ********
CAS (2e+2e, 4o), ncore = 13, nvir = 33
natorb = False
canonicalization = True
sorting_mo_energy = False
max_memory 4000 MB (current use 453 MB)
******** <class 'pyscf.fci.direct_spin1.FCISolver'> ********
max. cycles = 200
conv_tol = 1e-08
davidson only = False
linear dependence = 1e-12
level shift = 0.001
max iter space = 12
max_memory 4000 MB
nroots = 1
pspace_size = 400
spin = None
Density matrix diagonal elements [1.99982888e+00 9.89650695e-05 1.99999858e+00 7.35707002e-05]
CASCI converged
CASCI E = -234.909316472802  E(CI) = -3.87082479521976  S^2 = 0.0000000

******** <class 'pyscf.mcscf.casci.CASCI'> ********
CAS (2e+2e, 4o), ncore = 13, nvir = 33
natorb = False
canonicalization = True
sorting_mo_energy = False
max_memory 4000 MB (current use 453 MB)
******** <class 'pyscf.fci.direct_spin1.FCISolver'> ********
max. cycles = 200
conv_tol = 1e-08
davidson only = False
linear dependence = 1e-12
level shift = 0.001
max iter space = 12
max_memory 4000 MB
nroots = 1
pspace_size = 400
spin = None
Density matrix diagonal elements [1.99973170e+00 3.17303653e-05 1.99807857e+00 2.15800118e-03]
CASCI converged
CASCI E = -234.910549928452  E(CI) = -3.87205825086983  S^2 = 0.0000000

******** <class 'pyscf.mcscf.casci.CASCI'> ********
CAS (2e+2e, 4o), ncore = 13, nvir = 33
natorb = False
canonicalization = True
sorting_mo_energy = False
max_memory 4000 MB (current use 453 MB)
******** <class 'pyscf.fci.direct_spin1.FCISolver'> ********
max. cycles = 200
conv_tol = 1e-08
davidson only = False
linear dependence = 1e-12
level shift = 0.001
max iter space = 12
max_memory 4000 MB
nroots = 1
pspace_size = 400
spin = None
Density matrix diagonal elements [1.99972880e+00 3.25989534e-05 1.99998013e+00 2.58467532e-04]
CASCI converged
CASCI E = -234.909371774865  E(CI) = -3.87088009728265  S^2 = 0.0000000

******** <class 'pyscf.mcscf.casci.CASCI'> ********
CAS (2e+2e, 4o), ncore = 13, nvir = 33
natorb = False
canonicalization = True
sorting_mo_energy = False
max_memory 4000 MB (current use 453 MB)
******** <class 'pyscf.fci.direct_spin1.FCISolver'> ********
max. cycles = 200
conv_tol = 1e-08
davidson only = False
linear dependence = 1e-12
level shift = 0.001
max iter space = 12
max_memory 4000 MB
nroots = 1
pspace_size = 400
spin = None
Density matrix diagonal elements [1.99992328e+00 4.25723456e-05 1.99999939e+00 3.47562447e-05]
CASCI converged
CASCI E = -234.909293669768  E(CI) = -3.87080199218528  S^2 = 0.0000000

******** <class 'pyscf.mcscf.casci.CASCI'> ********
CAS (2e+2e, 4o), ncore = 13, nvir = 33
natorb = False
canonicalization = True
sorting_mo_energy = False
max_memory 4000 MB (current use 453 MB)
******** <class 'pyscf.fci.direct_spin1.FCISolver'> ********
max. cycles = 200
conv_tol = 1e-08
davidson only = False
linear dependence = 1e-12
level shift = 0.001
max iter space = 12
max_memory 4000 MB
nroots = 1
pspace_size = 400
spin = None
Density matrix diagonal elements [1.99988948e+00 3.24418693e-05 1.99657285e+00 3.50522523e-03]
CASCI converged
CASCI E = -234.911628542169  E(CI) = -3.87313686458651  S^2 = 0.0000000

******** <class 'pyscf.mcscf.casci.CASCI'> ********
CAS (2e+2e, 4o), ncore = 13, nvir = 33
natorb = False
canonicalization = True
sorting_mo_energy = False
max_memory 4000 MB (current use 453 MB)
******** <class 'pyscf.fci.direct_spin1.FCISolver'> ********
max. cycles = 200
conv_tol = 1e-08
davidson only = False
linear dependence = 1e-12
level shift = 0.001
max iter space = 12
max_memory 4000 MB
nroots = 1
pspace_size = 400
spin = None
Density matrix diagonal elements [1.99988874e+00 3.22850655e-05 1.99996262e+00 1.16349285e-04]
CASCI converged
CASCI E = -234.909341495453  E(CI) = -3.87084981787018  S^2 = 0.0000000

******** <class 'pyscf.mcscf.casci.CASCI'> ********
CAS (2e+2e, 4o), ncore = 13, nvir = 33
natorb = False
canonicalization = True
sorting_mo_energy = False
max_memory 4000 MB (current use 453 MB)
******** <class 'pyscf.fci.direct_spin1.FCISolver'> ********
max. cycles = 200
conv_tol = 1e-08
davidson only = False
linear dependence = 1e-12
level shift = 0.001
max iter space = 12
max_memory 4000 MB
nroots = 1
pspace_size = 400
spin = None
Density matrix diagonal elements [1.98773201e+00 1.26327856e-03 1.99999959e+00 1.10051217e-02]
CASCI converged
CASCI E = -234.911235626843  E(CI) = -3.87274394926033  S^2 = 0.0000000

******** <class 'pyscf.mcscf.casci.CASCI'> ********
CAS (2e+2e, 4o), ncore = 13, nvir = 33
natorb = False
canonicalization = True
sorting_mo_energy = False
max_memory 4000 MB (current use 453 MB)
******** <class 'pyscf.fci.direct_spin1.FCISolver'> ********
max. cycles = 200
conv_tol = 1e-08
davidson only = False
linear dependence = 1e-12
level shift = 0.001
max iter space = 12
max_memory 4000 MB
nroots = 1
pspace_size = 400
spin = None
Density matrix diagonal elements [1.99990131e+00 3.95475974e-05 1.99982725e+00 2.31887872e-04]
CASCI converged
CASCI E = -234.909458097562  E(CI) = -3.87096641997920  S^2 = 0.0000000

******** <class 'pyscf.mcscf.casci.CASCI'> ********
CAS (2e+2e, 4o), ncore = 13, nvir = 33
natorb = False
canonicalization = True
sorting_mo_energy = False
max_memory 4000 MB (current use 453 MB)
******** <class 'pyscf.fci.direct_spin1.FCISolver'> ********
max. cycles = 200
conv_tol = 1e-08
davidson only = False
linear dependence = 1e-12
level shift = 0.001
max iter space = 12
max_memory 4000 MB
nroots = 1
pspace_size = 400
spin = None
Density matrix diagonal elements [1.99986753e+00 4.02308497e-05 1.99997848e+00 1.13752136e-04]
CASCI converged
CASCI E = -234.909372655042  E(CI) = -3.87088097746002  S^2 = 0.0000000

******** <class 'pyscf.mcscf.casci.CASCI'> ********
CAS (2e+2e, 4o), ncore = 13, nvir = 33
natorb = False
canonicalization = True
sorting_mo_energy = False
max_memory 4000 MB (current use 453 MB)
******** <class 'pyscf.fci.direct_spin1.FCISolver'> ********
max. cycles = 200
conv_tol = 1e-08
davidson only = False
linear dependence = 1e-12
level shift = 0.001
max iter space = 12
max_memory 4000 MB
nroots = 1
pspace_size = 400
spin = None
Density matrix diagonal elements [1.99996536e+00 3.45840196e-05 1.99944805e+00 5.52004648e-04]
CASCI converged
CASCI E = -234.909901959783  E(CI) = -3.87141028220077  S^2 = 0.0000000

******** <class 'pyscf.mcscf.casci.CASCI'> ********
CAS (2e+2e, 4o), ncore = 13, nvir = 33
natorb = False
canonicalization = True
sorting_mo_energy = False
max_memory 4000 MB (current use 453 MB)
******** <class 'pyscf.fci.direct_spin1.FCISolver'> ********
max. cycles = 200
conv_tol = 1e-08
davidson only = False
linear dependence = 1e-12
level shift = 0.001
max iter space = 12
max_memory 4000 MB
nroots = 1
pspace_size = 400
spin = None
Density matrix diagonal elements [1.99996532e+00 3.46373300e-05 1.99999290e+00 7.14301558e-06]
CASCI converged
CASCI E = -234.909287223051  E(CI) = -3.87079554546844  S^2 = 0.0000000

******** <class 'pyscf.mcscf.casci.CASCI'> ********
CAS (2e+2e, 4o), ncore = 13, nvir = 33
natorb = False
canonicalization = True
sorting_mo_energy = False
max_memory 4000 MB (current use 453 MB)
******** <class 'pyscf.fci.direct_spin1.FCISolver'> ********
max. cycles = 200
conv_tol = 1e-08
davidson only = False
linear dependence = 1e-12
level shift = 0.001
max iter space = 12
max_memory 4000 MB
nroots = 1
pspace_size = 400
spin = None
Density matrix diagonal elements [1.99992950e+00 3.35578926e-05 1.99999980e+00 3.71394322e-05]
CASCI converged
CASCI E = -234.909305748738  E(CI) = -3.87081407115556  S^2 = 0.0000000

******** <class 'pyscf.mcscf.casci.CASCI'> ********
CAS (2e+2e, 4o), ncore = 13, nvir = 33
natorb = False
canonicalization = True
sorting_mo_energy = False
max_memory 4000 MB (current use 453 MB)
******** <class 'pyscf.fci.direct_spin1.FCISolver'> ********
max. cycles = 200
conv_tol = 1e-08
davidson only = False
linear dependence = 1e-12
level shift = 0.001
max iter space = 12
max_memory 4000 MB
nroots = 1
pspace_size = 400
spin = None
Density matrix diagonal elements [1.98748530e+00 2.08131209e-05 1.99999983e+00 1.24940553e-02]
CASCI converged
CASCI E = -234.918901187763  E(CI) = -3.88040951018110  S^2 = 0.0000000

******** <class 'pyscf.mcscf.casci.CASCI'> ********
CAS (2e+2e, 4o), ncore = 13, nvir = 33
natorb = False
canonicalization = True
sorting_mo_energy = False
max_memory 4000 MB (current use 453 MB)
******** <class 'pyscf.fci.direct_spin1.FCISolver'> ********
max. cycles = 200
conv_tol = 1e-08
davidson only = False
linear dependence = 1e-12
level shift = 0.001
max iter space = 12
max_memory 4000 MB
nroots = 1
pspace_size = 400
spin = None
Density matrix diagonal elements [1.99991459e+00 3.33652294e-05 1.99995904e+00 9.29965082e-05]
CASCI converged
CASCI E = -234.909387493277  E(CI) = -3.87089581569495  S^2 = 0.0000000

******** <class 'pyscf.mcscf.casci.CASCI'> ********
CAS (2e+2e, 4o), ncore = 13, nvir = 33
natorb = False
canonicalization = True
sorting_mo_energy = False
max_memory 4000 MB (current use 453 MB)
******** <class 'pyscf.fci.direct_spin1.FCISolver'> ********
max. cycles = 200
conv_tol = 1e-08
davidson only = False
linear dependence = 1e-12
level shift = 0.001
max iter space = 12
max_memory 4000 MB
nroots = 1
pspace_size = 400
spin = None
Density matrix diagonal elements [1.99991442e+00 3.35073557e-05 1.99999899e+00 5.30875170e-05]
CASCI converged
CASCI E = -234.909326672824  E(CI) = -3.87083499524209  S^2 = 0.0000000

******** <class 'pyscf.mcscf.casci.CASCI'> ********
CAS (2e+2e, 4o), ncore = 13, nvir = 33
natorb = False
canonicalization = True
sorting_mo_energy = False
max_memory 4000 MB (current use 453 MB)
******** <class 'pyscf.fci.direct_spin1.FCISolver'> ********
max. cycles = 200
conv_tol = 1e-08
davidson only = False
linear dependence = 1e-12
level shift = 0.001
max iter space = 12
max_memory 4000 MB
nroots = 1
pspace_size = 400
spin = None
Density matrix diagonal elements [1.99995936e+00 3.61790354e-05 1.99978256e+00 2.21902770e-04]
CASCI converged
CASCI E = -234.909536321124  E(CI) = -3.87104464354192  S^2 = 0.0000000

******** <class 'pyscf.mcscf.casci.CASCI'> ********
CAS (2e+2e, 4o), ncore = 13, nvir = 33
natorb = False
canonicalization = True
sorting_mo_energy = False
max_memory 4000 MB (current use 453 MB)
******** <class 'pyscf.fci.direct_spin1.FCISolver'> ********
max. cycles = 200
conv_tol = 1e-08
davidson only = False
linear dependence = 1e-12
level shift = 0.001
max iter space = 12
max_memory 4000 MB
nroots = 1
pspace_size = 400
spin = None
Density matrix diagonal elements [1.99995469e+00 3.44577680e-05 1.99999257e+00 1.82878051e-05]
CASCI converged
CASCI E = -234.909303879622  E(CI) = -3.87081220203973  S^2 = 0.0000000

******** <class 'pyscf.mcscf.casci.CASCI'> ********
CAS (2e+2e, 4o), ncore = 13, nvir = 33
natorb = False
canonicalization = True
sorting_mo_energy = False
max_memory 4000 MB (current use 453 MB)
******** <class 'pyscf.fci.direct_spin1.FCISolver'> ********
max. cycles = 200
conv_tol = 1e-08
davidson only = False
linear dependence = 1e-12
level shift = 0.001
max iter space = 12
max_memory 4000 MB
nroots = 1
pspace_size = 400
spin = None
Density matrix diagonal elements [1.99996323e+00 3.49005336e-05 1.99996485e+00 3.70157272e-05]
CASCI converged
CASCI E = -234.909332627294  E(CI) = -3.87084094971127  S^2 = 0.0000000

******** <class 'pyscf.mcscf.casci.CASCI'> ********
CAS (2e+2e, 4o), ncore = 13, nvir = 33
natorb = False
canonicalization = True
sorting_mo_energy = False
max_memory 4000 MB (current use 453 MB)
******** <class 'pyscf.fci.direct_spin1.FCISolver'> ********
max. cycles = 200
conv_tol = 1e-08
davidson only = False
linear dependence = 1e-12
level shift = 0.001
max iter space = 12
max_memory 4000 MB
nroots = 1
pspace_size = 400
spin = None
Density matrix diagonal elements [1.99996553e+00 3.44930316e-05 1.99997509e+00 2.48804371e-05]
CASCI converged
CASCI E = -234.909316966672  E(CI) = -3.87082528908925  S^2 = 0.0000000

******** <class 'pyscf.mcscf.casci.CASCI'> ********
CAS (2e+2e, 4o), ncore = 13, nvir = 33
natorb = False
canonicalization = True
sorting_mo_energy = False
max_memory 4000 MB (current use 453 MB)
******** <class 'pyscf.fci.direct_spin1.FCISolver'> ********
max. cycles = 200
conv_tol = 1e-08
davidson only = False
linear dependence = 1e-12
level shift = 0.001
max iter space = 12
max_memory 4000 MB
nroots = 1
pspace_size = 400
spin = None
Density matrix diagonal elements [1.99996554e+00 3.44834635e-05 1.99812242e+00 1.87755611e-03]
CASCI converged
CASCI E = -234.912149354695  E(CI) = -3.87365767711239  S^2 = 0.0000000

******** <class 'pyscf.mcscf.casci.CASCI'> ********
CAS (2e+2e, 4o), ncore = 13, nvir = 33
natorb = False
canonicalization = True
sorting_mo_energy = False
max_memory 4000 MB (current use 453 MB)
******** <class 'pyscf.fci.direct_spin1.FCISolver'> ********
max. cycles = 200
conv_tol = 1e-08
davidson only = False
linear dependence = 1e-12
level shift = 0.001
max iter space = 12
max_memory 4000 MB
nroots = 1
pspace_size = 400
spin = None
Density matrix diagonal elements [1.99996478e+00 3.53689908e-05 1.99989552e+00 1.04333477e-04]
CASCI converged
CASCI E = -234.909463969598  E(CI) = -3.87097229201552  S^2 = 0.0000000

******** <class 'pyscf.mcscf.casci.CASCI'> ********
CAS (2e+2e, 4o), ncore = 13, nvir = 33
natorb = False
canonicalization = True
sorting_mo_energy = False
max_memory 4000 MB (current use 453 MB)
******** <class 'pyscf.fci.direct_spin1.FCISolver'> ********
max. cycles = 200
conv_tol = 1e-08
davidson only = False
linear dependence = 1e-12
level shift = 0.001
max iter space = 12
max_memory 4000 MB
nroots = 1
pspace_size = 400
spin = None
Density matrix diagonal elements [1.99996555e+00 3.48672016e-05 1.99989830e+00 1.01282889e-04]
CASCI converged
CASCI E = -234.909510574540  E(CI) = -3.87101889695737  S^2 = 0.0000000

******** <class 'pyscf.mcscf.casci.CASCI'> ********
CAS (2e+2e, 4o), ncore = 13, nvir = 33
natorb = False
canonicalization = True
sorting_mo_energy = False
max_memory 4000 MB (current use 453 MB)
******** <class 'pyscf.fci.direct_spin1.FCISolver'> ********
max. cycles = 200
conv_tol = 1e-08
davidson only = False
linear dependence = 1e-12
level shift = 0.001
max iter space = 12
max_memory 4000 MB
nroots = 1
pspace_size = 400
spin = None
Density matrix diagonal elements [1.99996550e+00 3.44866407e-05 1.99989906e+00 1.00956564e-04]
CASCI converged
CASCI E = -234.909509677739  E(CI) = -3.87101800015611  S^2 = 0.0000000

******** <class 'pyscf.mcscf.casci.CASCI'> ********
CAS (2e+2e, 4o), ncore = 13, nvir = 33
natorb = False
canonicalization = True
sorting_mo_energy = False
max_memory 4000 MB (current use 453 MB)
******** <class 'pyscf.fci.direct_spin1.FCISolver'> ********
max. cycles = 200
conv_tol = 1e-08
davidson only = False
linear dependence = 1e-12
level shift = 0.001
max iter space = 12
max_memory 4000 MB
nroots = 1
pspace_size = 400
spin = None
Density matrix diagonal elements [1.99996554e+00 3.44868058e-05 1.99973293e+00 2.67046049e-04]
CASCI converged
CASCI E = -234.909876028665  E(CI) = -3.87138435108261  S^2 = 0.0000000

******** <class 'pyscf.mcscf.casci.CASCI'> ********
CAS (2e+2e, 4o), ncore = 13, nvir = 33
natorb = False
canonicalization = True
sorting_mo_energy = False
max_memory 4000 MB (current use 453 MB)
******** <class 'pyscf.fci.direct_spin1.FCISolver'> ********
max. cycles = 200
conv_tol = 1e-08
davidson only = False
linear dependence = 1e-12
level shift = 0.001
max iter space = 12
max_memory 4000 MB
nroots = 1
pspace_size = 400
spin = None
Density matrix diagonal elements [1.99996553e+00 3.44978117e-05 1.99999426e+00 5.70758726e-06]
CASCI converged
CASCI E = -234.909291992214  E(CI) = -3.87080031463165  S^2 = 0.0000000

******** <class 'pyscf.mcscf.casci.CASCI'> ********
CAS (2e+2e, 4o), ncore = 13, nvir = 33
natorb = False
canonicalization = True
sorting_mo_energy = False
max_memory 4000 MB (current use 453 MB)
******** <class 'pyscf.fci.direct_spin1.FCISolver'> ********
max. cycles = 200
conv_tol = 1e-08
davidson only = False
linear dependence = 1e-12
level shift = 0.001
max iter space = 12
max_memory 4000 MB
nroots = 1
pspace_size = 400
spin = None
Density matrix diagonal elements [1.99996553e+00 3.45002928e-05 1.99998302e+00 1.69479075e-05]
CASCI converged
CASCI E = -234.909327378319  E(CI) = -3.87083570073690  S^2 = 0.0000000

******** <class 'pyscf.mcscf.casci.CASCI'> ********
CAS (2e+2e, 4o), ncore = 13, nvir = 33
natorb = False
canonicalization = True
sorting_mo_energy = False
max_memory 4000 MB (current use 453 MB)
******** <class 'pyscf.fci.direct_spin1.FCISolver'> ********
max. cycles = 200
conv_tol = 1e-08
davidson only = False
linear dependence = 1e-12
level shift = 0.001
max iter space = 12
max_memory 4000 MB
nroots = 1
pspace_size = 400
spin = None
Density matrix diagonal elements [1.99996555e+00 3.47048571e-05 1.99968508e+00 3.14661173e-04]
CASCI converged
CASCI E = -234.910249270394  E(CI) = -3.87175759281121  S^2 = 0.0000000

******** <class 'pyscf.mcscf.casci.CASCI'> ********
CAS (2e+2e, 4o), ncore = 13, nvir = 33
natorb = False
canonicalization = True
sorting_mo_energy = False
max_memory 4000 MB (current use 453 MB)
******** <class 'pyscf.fci.direct_spin1.FCISolver'> ********
max. cycles = 200
conv_tol = 1e-08
davidson only = False
linear dependence = 1e-12
level shift = 0.001
max iter space = 12
max_memory 4000 MB
nroots = 1
pspace_size = 400
spin = None
Density matrix diagonal elements [1.99996555e+00 3.44877015e-05 1.99968552e+00 3.14439756e-04]
CASCI converged
CASCI E = -234.910248526792  E(CI) = -3.87175684920993  S^2 = 0.0000000

******** <class 'pyscf.mcscf.casci.CASCI'> ********
CAS (2e+2e, 4o), ncore = 13, nvir = 33
natorb = False
canonicalization = True
sorting_mo_energy = False
max_memory 4000 MB (current use 453 MB)
******** <class 'pyscf.fci.direct_spin1.FCISolver'> ********
max. cycles = 200
conv_tol = 1e-08
davidson only = False
linear dependence = 1e-12
level shift = 0.001
max iter space = 12
max_memory 4000 MB
nroots = 1
pspace_size = 400
spin = None
Density matrix diagonal elements [1.99996555e+00 3.44924991e-05 1.99986025e+00 1.39705492e-04]
CASCI converged
CASCI E = -234.909776913446  E(CI) = -3.87128523586313  S^2 = 0.0000000

******** <class 'pyscf.mcscf.casci.CASCI'> ********
CAS (2e+2e, 4o), ncore = 13, nvir = 33
natorb = False
canonicalization = True
sorting_mo_energy = False
max_memory 4000 MB (current use 453 MB)
******** <class 'pyscf.fci.direct_spin1.FCISolver'> ********
max. cycles = 200
conv_tol = 1e-08
davidson only = False
linear dependence = 1e-12
level shift = 0.001
max iter space = 12
max_memory 4000 MB
nroots = 1
pspace_size = 400
spin = None
Density matrix diagonal elements [1.99996555e+00 3.44895139e-05 1.99999596e+00 3.99818360e-06]
CASCI converged
CASCI E = -234.909293553943  E(CI) = -3.87080187636019  S^2 = 0.0000000

******** <class 'pyscf.mcscf.casci.CASCI'> ********
CAS (2e+2e, 4o), ncore = 13, nvir = 33
natorb = False
canonicalization = True
sorting_mo_energy = False
max_memory 4000 MB (current use 453 MB)
******** <class 'pyscf.fci.direct_spin1.FCISolver'> ********
max. cycles = 200
conv_tol = 1e-08
davidson only = False
linear dependence = 1e-12
level shift = 0.001
max iter space = 12
max_memory 4000 MB
nroots = 1
pspace_size = 400
spin = None
Density matrix diagonal elements [1.99996421e+00 3.55459798e-05 1.99999651e+00 3.73141878e-06]
CASCI converged
CASCI E = -234.909293980994  E(CI) = -3.87080230341141  S^2 = 0.0000000

******** <class 'pyscf.mcscf.casci.CASCI'> ********
CAS (2e+2e, 4o), ncore = 13, nvir = 33
natorb = False
canonicalization = True
sorting_mo_energy = False
max_memory 4000 MB (current use 453 MB)
******** <class 'pyscf.fci.direct_spin1.FCISolver'> ********
max. cycles = 200
conv_tol = 1e-08
davidson only = False
linear dependence = 1e-12
level shift = 0.001
max iter space = 12
max_memory 4000 MB
nroots = 1
pspace_size = 400
spin = None
Density matrix diagonal elements [1.99996511e+00 3.48568061e-05 1.99999363e+00 6.39814157e-06]
CASCI converged
CASCI E = -234.909307536722  E(CI) = -3.87081585913919  S^2 = 0.0000000

******** <class 'pyscf.mcscf.casci.CASCI'> ********
CAS (3e+3e, 4o), ncore = 12, nvir = 34
natorb = False
canonicalization = True
sorting_mo_energy = False
max_memory 4000 MB (current use 453 MB)
******** <class 'pyscf.fci.direct_spin1.FCISolver'> ********
max. cycles = 200
conv_tol = 1e-08
davidson only = False
linear dependence = 1e-12
level shift = 0.001
max iter space = 12
max_memory 4000 MB
nroots = 1
pspace_size = 400
spin = None
Density matrix diagonal elements [1.99997079e+00 1.06943622e-04 1.99996113e+00 1.99996113e+00]
CASCI converged
CASCI E = -234.909303781572  E(CI) = -11.2156956661705  S^2 = 0.0000000

******** <class 'pyscf.mcscf.casci.CASCI'> ********
CAS (3e+3e, 4o), ncore = 12, nvir = 34
natorb = False
canonicalization = True
sorting_mo_energy = False
max_memory 4000 MB (current use 453 MB)
******** <class 'pyscf.fci.direct_spin1.FCISolver'> ********
max. cycles = 200
conv_tol = 1e-08
davidson only = False
linear dependence = 1e-12
level shift = 0.001
max iter space = 12
max_memory 4000 MB
nroots = 1
pspace_size = 400
spin = None
Density matrix diagonal elements [1.99996970e+00 9.94069784e-05 1.99996120e+00 1.99996969e+00]
CASCI converged
CASCI E = -234.909301835114  E(CI) = -11.9840943576519  S^2 = 0.0000000

******** <class 'pyscf.mcscf.casci.CASCI'> ********
CAS (2e+2e, 4o), ncore = 13, nvir = 33
natorb = False
canonicalization = True
sorting_mo_energy = False
max_memory 4000 MB (current use 453 MB)
******** <class 'pyscf.fci.direct_spin1.FCISolver'> ********
max. cycles = 200
conv_tol = 1e-08
davidson only = False
linear dependence = 1e-12
level shift = 0.001
max iter space = 12
max_memory 4000 MB
nroots = 1
pspace_size = 400
spin = None
Density matrix diagonal elements [1.99996634e+00 7.01647664e-05 1.99989390e+00 6.95926587e-05]
CASCI converged
CASCI E = -234.909320171476  E(CI) = -5.11251095014603  S^2 = 0.0000000

******** <class 'pyscf.mcscf.casci.CASCI'> ********
CAS (2e+2e, 4o), ncore = 13, nvir = 33
natorb = False
canonicalization = True
sorting_mo_energy = False
max_memory 4000 MB (current use 453 MB)
******** <class 'pyscf.fci.direct_spin1.FCISolver'> ********
max. cycles = 200
conv_tol = 1e-08
davidson only = False
linear dependence = 1e-12
level shift = 0.001
max iter space = 12
max_memory 4000 MB
nroots = 1
pspace_size = 400
spin = None
Density matrix diagonal elements [1.99996289e+00 7.58957407e-05 1.99995515e+00 6.06191677e-06]
CASCI converged
CASCI E = -234.909295304483  E(CI) = -5.11248608315273  S^2 = 0.0000000

******** <class 'pyscf.mcscf.casci.CASCI'> ********
CAS (2e+2e, 4o), ncore = 13, nvir = 33
natorb = False
canonicalization = True
sorting_mo_energy = False
max_memory 4000 MB (current use 453 MB)
******** <class 'pyscf.fci.direct_spin1.FCISolver'> ********
max. cycles = 200
conv_tol = 1e-08
davidson only = False
linear dependence = 1e-12
level shift = 0.001
max iter space = 12
max_memory 4000 MB
nroots = 1
pspace_size = 400
spin = None
Density matrix diagonal elements [1.99984081e+00 1.69463490e-04 1.99988934e+00 1.00394820e-04]
CASCI converged
CASCI E = -234.909343703545  E(CI) = -5.11253448221532  S^2 = 0.0000000

******** <class 'pyscf.mcscf.casci.CASCI'> ********
CAS (2e+2e, 4o), ncore = 13, nvir = 33
natorb = False
canonicalization = True
sorting_mo_energy = False
max_memory 4000 MB (current use 453 MB)
******** <class 'pyscf.fci.direct_spin1.FCISolver'> ********
max. cycles = 200
conv_tol = 1e-08
davidson only = False
linear dependence = 1e-12
level shift = 0.001
max iter space = 12
max_memory 4000 MB
nroots = 1
pspace_size = 400
spin = None
Density matrix diagonal elements [1.99982694e+00 4.89586356e-05 1.98288157e+00 1.72425309e-02]
CASCI converged
CASCI E = -234.913752726988  E(CI) = -5.11694350565816  S^2 = 0.0000000

******** <class 'pyscf.mcscf.casci.CASCI'> ********
CAS (2e+2e, 4o), ncore = 13, nvir = 33
natorb = False
canonicalization = True
sorting_mo_energy = False
max_memory 4000 MB (current use 453 MB)
******** <class 'pyscf.fci.direct_spin1.FCISolver'> ********
max. cycles = 200
conv_tol = 1e-08
davidson only = False
linear dependence = 1e-12
level shift = 0.001
max iter space = 12
max_memory 4000 MB
nroots = 1
pspace_size = 400
spin = None
Density matrix diagonal elements [1.99971318e+00 9.69337863e-05 1.99987098e+00 3.18907081e-04]
CASCI converged
CASCI E = -234.909405755513  E(CI) = -5.11259653418307  S^2 = 0.0000000

******** <class 'pyscf.mcscf.casci.CASCI'> ********
CAS (2e+2e, 4o), ncore = 13, nvir = 33
natorb = False
canonicalization = True
sorting_mo_energy = False
max_memory 4000 MB (current use 453 MB)
******** <class 'pyscf.fci.direct_spin1.FCISolver'> ********
max. cycles = 200
conv_tol = 1e-08
davidson only = False
linear dependence = 1e-12
level shift = 0.001
max iter space = 12
max_memory 4000 MB
nroots = 1
pspace_size = 400
spin = None
Density matrix diagonal elements [1.99993394e+00 1.49259738e-04 1.99968707e+00 2.29733953e-04]
CASCI converged
CASCI E = -234.909391559056  E(CI) = -5.11258233772591  S^2 = 0.0000000

******** <class 'pyscf.mcscf.casci.CASCI'> ********
CAS (2e+2e, 4o), ncore = 13, nvir = 33
natorb = False
canonicalization = True
sorting_mo_energy = False
max_memory 4000 MB (current use 453 MB)
******** <class 'pyscf.fci.direct_spin1.FCISolver'> ********
max. cycles = 200
conv_tol = 1e-08
davidson only = False
linear dependence = 1e-12
level shift = 0.001
max iter space = 12
max_memory 4000 MB
nroots = 1
pspace_size = 400
spin = None
Density matrix diagonal elements [1.99991394e+00 5.84756137e-05 1.99109610e+00 8.93147458e-03]
CASCI converged
CASCI E = -234.912684238242  E(CI) = -5.11587501691199  S^2 = 0.0000000

******** <class 'pyscf.mcscf.casci.CASCI'> ********
CAS (2e+2e, 4o), ncore = 13, nvir = 33
natorb = False
canonicalization = True
sorting_mo_energy = False
max_memory 4000 MB (current use 453 MB)
******** <class 'pyscf.fci.direct_spin1.FCISolver'> ********
max. cycles = 200
conv_tol = 1e-08
davidson only = False
linear dependence = 1e-12
level shift = 0.001
max iter space = 12
max_memory 4000 MB
nroots = 1
pspace_size = 400
spin = None
Density matrix diagonal elements [1.99988182e+00 8.15635249e-05 1.99991814e+00 1.18478071e-04]
CASCI converged
CASCI E = -234.909349404636  E(CI) = -5.11254018330578  S^2 = 0.0000000

******** <class 'pyscf.mcscf.casci.CASCI'> ********
CAS (2e+2e, 4o), ncore = 13, nvir = 33
natorb = False
canonicalization = True
sorting_mo_energy = False
max_memory 4000 MB (current use 453 MB)
******** <class 'pyscf.fci.direct_spin1.FCISolver'> ********
max. cycles = 200
conv_tol = 1e-08
davidson only = False
linear dependence = 1e-12
level shift = 0.001
max iter space = 12
max_memory 4000 MB
nroots = 1
pspace_size = 400
spin = None
Density matrix diagonal elements [1.98830044e+00 1.29900463e-03 1.99890775e+00 1.14927990e-02]
CASCI converged
CASCI E = -234.911441359258  E(CI) = -5.11463213792752  S^2 = 0.0000000

******** <class 'pyscf.mcscf.casci.CASCI'> ********
CAS (2e+2e, 4o), ncore = 13, nvir = 33
natorb = False
canonicalization = True
sorting_mo_energy = False
max_memory 4000 MB (current use 453 MB)
******** <class 'pyscf.fci.direct_spin1.FCISolver'> ********
max. cycles = 200
conv_tol = 1e-08
davidson only = False
linear dependence = 1e-12
level shift = 0.001
max iter space = 12
max_memory 4000 MB
nroots = 1
pspace_size = 400
spin = None
Density matrix diagonal elements [1.99990650e+00 7.71242344e-05 1.99989671e+00 1.19662354e-04]
CASCI converged
CASCI E = -234.909365012596  E(CI) = -5.11255579126598  S^2 = 0.0000000

******** <class 'pyscf.mcscf.casci.CASCI'> ********
CAS (2e+2e, 4o), ncore = 13, nvir = 33
natorb = False
canonicalization = True
sorting_mo_energy = False
max_memory 4000 MB (current use 453 MB)
******** <class 'pyscf.fci.direct_spin1.FCISolver'> ********
max. cycles = 200
conv_tol = 1e-08
davidson only = False
linear dependence = 1e-12
level shift = 0.001
max iter space = 12
max_memory 4000 MB
nroots = 1
pspace_size = 400
spin = None
Density matrix diagonal elements [1.99987369e+00 8.50396331e-05 1.99986981e+00 1.71463835e-04]
CASCI converged
CASCI E = -234.909418986377  E(CI) = -5.11260976504701  S^2 = 0.0000000

******** <class 'pyscf.mcscf.casci.CASCI'> ********
CAS (2e+2e, 4o), ncore = 13, nvir = 33
natorb = False
canonicalization = True
sorting_mo_energy = False
max_memory 4000 MB (current use 453 MB)
******** <class 'pyscf.fci.direct_spin1.FCISolver'> ********
max. cycles = 200
conv_tol = 1e-08
davidson only = False
linear dependence = 1e-12
level shift = 0.001
max iter space = 12
max_memory 4000 MB
nroots = 1
pspace_size = 400
spin = None
Density matrix diagonal elements [1.99996808e+00 7.31583506e-05 1.99993223e+00 2.65363444e-05]
CASCI converged
CASCI E = -234.909320002870  E(CI) = -5.11251078153970  S^2 = 0.0000000

******** <class 'pyscf.mcscf.casci.CASCI'> ********
CAS (2e+2e, 4o), ncore = 13, nvir = 33
natorb = False
canonicalization = True
sorting_mo_energy = False
max_memory 4000 MB (current use 453 MB)
******** <class 'pyscf.fci.direct_spin1.FCISolver'> ********
max. cycles = 200
conv_tol = 1e-08
davidson only = False
linear dependence = 1e-12
level shift = 0.001
max iter space = 12
max_memory 4000 MB
nroots = 1
pspace_size = 400
spin = None
Density matrix diagonal elements [1.99996774e+00 7.36947686e-05 1.99995751e+00 1.05380743e-06]
CASCI converged
CASCI E = -234.909293069593  E(CI) = -5.11248384826300  S^2 = 0.0000000

******** <class 'pyscf.mcscf.casci.CASCI'> ********
CAS (2e+2e, 4o), ncore = 13, nvir = 33
natorb = False
canonicalization = True
sorting_mo_energy = False
max_memory 4000 MB (current use 453 MB)
******** <class 'pyscf.fci.direct_spin1.FCISolver'> ********
max. cycles = 200
conv_tol = 1e-08
davidson only = False
linear dependence = 1e-12
level shift = 0.001
max iter space = 12
max_memory 4000 MB
nroots = 1
pspace_size = 400
spin = None
Density matrix diagonal elements [1.99993387e+00 7.86318032e-05 1.99987613e+00 1.11366365e-04]
CASCI converged
CASCI E = -234.909378741283  E(CI) = -5.11256951995276  S^2 = 0.0000000

******** <class 'pyscf.mcscf.casci.CASCI'> ********
CAS (2e+2e, 4o), ncore = 13, nvir = 33
natorb = False
canonicalization = True
sorting_mo_energy = False
max_memory 4000 MB (current use 453 MB)
******** <class 'pyscf.fci.direct_spin1.FCISolver'> ********
max. cycles = 200
conv_tol = 1e-08
davidson only = False
linear dependence = 1e-12
level shift = 0.001
max iter space = 12
max_memory 4000 MB
nroots = 1
pspace_size = 400
spin = None
Density matrix diagonal elements [1.98750712e+00 7.57261758e-05 1.99989697e+00 1.25201897e-02]
CASCI converged
CASCI E = -234.918951451538  E(CI) = -5.12214223020749  S^2 = 0.0000000

******** <class 'pyscf.mcscf.casci.CASCI'> ********
CAS (2e+2e, 4o), ncore = 13, nvir = 33
natorb = False
canonicalization = True
sorting_mo_energy = False
max_memory 4000 MB (current use 453 MB)
******** <class 'pyscf.fci.direct_spin1.FCISolver'> ********
max. cycles = 200
conv_tol = 1e-08
davidson only = False
linear dependence = 1e-12
level shift = 0.001
max iter space = 12
max_memory 4000 MB
nroots = 1
pspace_size = 400
spin = None
Density matrix diagonal elements [1.99991864e+00 7.00115097e-05 1.99549914e+00 4.51220971e-03]
CASCI converged
CASCI E = -234.913478198767  E(CI) = -5.11666897743663  S^2 = 0.0000000

******** <class 'pyscf.mcscf.casci.CASCI'> ********
CAS (2e+2e, 4o), ncore = 13, nvir = 33
natorb = False
canonicalization = True
sorting_mo_energy = False
max_memory 4000 MB (current use 453 MB)
******** <class 'pyscf.fci.direct_spin1.FCISolver'> ********
max. cycles = 200
conv_tol = 1e-08
davidson only = False
linear dependence = 1e-12
level shift = 0.001
max iter space = 12
max_memory 4000 MB
nroots = 1
pspace_size = 400
spin = None
Density matrix diagonal elements [1.99990290e+00 8.69196028e-05 1.99990720e+00 1.02982687e-04]
CASCI converged
CASCI E = -234.909387721307  E(CI) = -5.11257849997659  S^2 = 0.0000000

******** <class 'pyscf.mcscf.casci.CASCI'> ********
CAS (2e+2e, 4o), ncore = 13, nvir = 33
natorb = False
canonicalization = True
sorting_mo_energy = False
max_memory 4000 MB (current use 453 MB)
******** <class 'pyscf.fci.direct_spin1.FCISolver'> ********
max. cycles = 200
conv_tol = 1e-08
davidson only = False
linear dependence = 1e-12
level shift = 0.001
max iter space = 12
max_memory 4000 MB
nroots = 1
pspace_size = 400
spin = None
Density matrix diagonal elements [1.99996222e+00 7.39160116e-05 1.99995085e+00 1.30180560e-05]
CASCI converged
CASCI E = -234.909308285973  E(CI) = -5.11249906464258  S^2 = 0.0000000

******** <class 'pyscf.mcscf.casci.CASCI'> ********
CAS (2e+2e, 4o), ncore = 13, nvir = 33
natorb = False
canonicalization = True
sorting_mo_energy = False
max_memory 4000 MB (current use 453 MB)
******** <class 'pyscf.fci.direct_spin1.FCISolver'> ********
max. cycles = 200
conv_tol = 1e-08
davidson only = False
linear dependence = 1e-12
level shift = 0.001
max iter space = 12
max_memory 4000 MB
nroots = 1
pspace_size = 400
spin = None
Density matrix diagonal elements [1.99995754e+00 7.77040996e-05 1.99993681e+00 2.79535039e-05]
CASCI converged
CASCI E = -234.909325729956  E(CI) = -5.11251650862556  S^2 = 0.0000000

******** <class 'pyscf.mcscf.casci.CASCI'> ********
CAS (2e+2e, 4o), ncore = 13, nvir = 33
natorb = False
canonicalization = True
sorting_mo_energy = False
max_memory 4000 MB (current use 453 MB)
******** <class 'pyscf.fci.direct_spin1.FCISolver'> ********
max. cycles = 200
conv_tol = 1e-08
davidson only = False
linear dependence = 1e-12
level shift = 0.001
max iter space = 12
max_memory 4000 MB
nroots = 1
pspace_size = 400
spin = None
Density matrix diagonal elements [1.99996601e+00 7.37038123e-05 1.99995457e+00 5.72329913e-06]
CASCI converged
CASCI E = -234.909300737351  E(CI) = -5.11249151602095  S^2 = 0.0000000

******** <class 'pyscf.mcscf.casci.CASCI'> ********
CAS (2e+2e, 4o), ncore = 13, nvir = 33
natorb = False
canonicalization = True
sorting_mo_energy = False
max_memory 4000 MB (current use 453 MB)
******** <class 'pyscf.fci.direct_spin1.FCISolver'> ********
max. cycles = 200
conv_tol = 1e-08
davidson only = False
linear dependence = 1e-12
level shift = 0.001
max iter space = 12
max_memory 4000 MB
nroots = 1
pspace_size = 400
spin = None
Density matrix diagonal elements [1.99996807e+00 7.34401167e-05 1.99995788e+00 6.14294881e-07]
CASCI converged
CASCI E = -234.909293005578  E(CI) = -5.11248378424844  S^2 = 0.0000000

******** <class 'pyscf.mcscf.casci.CASCI'> ********
CAS (2e+2e, 4o), ncore = 13, nvir = 33
natorb = False
canonicalization = True
sorting_mo_energy = False
max_memory 4000 MB (current use 453 MB)
******** <class 'pyscf.fci.direct_spin1.FCISolver'> ********
max. cycles = 200
conv_tol = 1e-08
davidson only = False
linear dependence = 1e-12
level shift = 0.001
max iter space = 12
max_memory 4000 MB
nroots = 1
pspace_size = 400
spin = None
Density matrix diagonal elements [1.99996815e+00 7.32690879e-05 1.99992572e+00 3.28595349e-05]
CASCI converged
CASCI E = -234.909351368457  E(CI) = -5.11254214712679  S^2 = 0.0000000

******** <class 'pyscf.mcscf.casci.CASCI'> ********
CAS (2e+2e, 4o), ncore = 13, nvir = 33
natorb = False
canonicalization = True
sorting_mo_energy = False
max_memory 4000 MB (current use 453 MB)
******** <class 'pyscf.fci.direct_spin1.FCISolver'> ********
max. cycles = 200
conv_tol = 1e-08
davidson only = False
linear dependence = 1e-12
level shift = 0.001
max iter space = 12
max_memory 4000 MB
nroots = 1
pspace_size = 400
spin = None
Density matrix diagonal elements [1.99996762e+00 7.54378560e-05 1.99995431e+00 2.63167823e-06]
CASCI converged
CASCI E = -234.909297115243  E(CI) = -5.11248789391277  S^2 = 0.0000000

******** <class 'pyscf.mcscf.casci.CASCI'> ********
CAS (2e+2e, 4o), ncore = 13, nvir = 33
natorb = False
canonicalization = True
sorting_mo_energy = False
max_memory 4000 MB (current use 453 MB)
******** <class 'pyscf.fci.direct_spin1.FCISolver'> ********
max. cycles = 200
conv_tol = 1e-08
davidson only = False
linear dependence = 1e-12
level shift = 0.001
max iter space = 12
max_memory 4000 MB
nroots = 1
pspace_size = 400
spin = None
Density matrix diagonal elements [1.99996831e+00 7.33200209e-05 1.99995588e+00 2.48506145e-06]
CASCI converged
CASCI E = -234.909297539003  E(CI) = -5.11248831767281  S^2 = 0.0000000

******** <class 'pyscf.mcscf.casci.CASCI'> ********
CAS (2e+2e, 4o), ncore = 13, nvir = 33
natorb = False
canonicalization = True
sorting_mo_energy = False
max_memory 4000 MB (current use 453 MB)
******** <class 'pyscf.fci.direct_spin1.FCISolver'> ********
max. cycles = 200
conv_tol = 1e-08
davidson only = False
linear dependence = 1e-12
level shift = 0.001
max iter space = 12
max_memory 4000 MB
nroots = 1
pspace_size = 400
spin = None
Density matrix diagonal elements [1.99996826e+00 7.32055258e-05 1.99995611e+00 2.41799404e-06]
CASCI converged
CASCI E = -234.909297400220  E(CI) = -5.11248817889046  S^2 = 0.0000000

******** <class 'pyscf.mcscf.casci.CASCI'> ********
CAS (2e+2e, 4o), ncore = 13, nvir = 33
natorb = False
canonicalization = True
sorting_mo_energy = False
max_memory 4000 MB (current use 453 MB)
******** <class 'pyscf.fci.direct_spin1.FCISolver'> ********
max. cycles = 200
conv_tol = 1e-08
davidson only = False
linear dependence = 1e-12
level shift = 0.001
max iter space = 12
max_memory 4000 MB
nroots = 1
pspace_size = 400
spin = None
Density matrix diagonal elements [1.99996826e+00 7.31210446e-05 1.99993908e+00 1.95313422e-05]
CASCI converged
CASCI E = -234.909336945329  E(CI) = -5.11252772399939  S^2 = 0.0000000

******** <class 'pyscf.mcscf.casci.CASCI'> ********
CAS (2e+2e, 4o), ncore = 13, nvir = 33
natorb = False
canonicalization = True
sorting_mo_energy = False
max_memory 4000 MB (current use 453 MB)
******** <class 'pyscf.fci.direct_spin1.FCISolver'> ********
max. cycles = 200
conv_tol = 1e-08
davidson only = False
linear dependence = 1e-12
level shift = 0.001
max iter space = 12
max_memory 4000 MB
nroots = 1
pspace_size = 400
spin = None
Density matrix diagonal elements [1.99996803e+00 7.34969922e-05 1.99995796e+00 5.09993823e-07]
CASCI converged
CASCI E = -234.909293072491  E(CI) = -5.11248385116056  S^2 = 0.0000000

******** <class 'pyscf.mcscf.casci.CASCI'> ********
CAS (2e+2e, 4o), ncore = 13, nvir = 33
natorb = False
canonicalization = True
sorting_mo_energy = False
max_memory 4000 MB (current use 453 MB)
******** <class 'pyscf.fci.direct_spin1.FCISolver'> ********
max. cycles = 200
conv_tol = 1e-08
davidson only = False
linear dependence = 1e-12
level shift = 0.001
max iter space = 12
max_memory 4000 MB
nroots = 1
pspace_size = 400
spin = None
Density matrix diagonal elements [1.99996829e+00 7.32533444e-05 1.99995750e+00 9.51248803e-07]
CASCI converged
CASCI E = -234.909294674770  E(CI) = -5.11248545344037  S^2 = 0.0000000

******** <class 'pyscf.mcscf.casci.CASCI'> ********
CAS (2e+2e, 4o), ncore = 13, nvir = 33
natorb = False
canonicalization = True
sorting_mo_energy = False
max_memory 4000 MB (current use 453 MB)
******** <class 'pyscf.fci.direct_spin1.FCISolver'> ********
max. cycles = 200
conv_tol = 1e-08
davidson only = False
linear dependence = 1e-12
level shift = 0.001
max iter space = 12
max_memory 4000 MB
nroots = 1
pspace_size = 400
spin = None
Density matrix diagonal elements [1.99996831e+00 7.32160426e-05 1.99995486e+00 3.61480107e-06]
CASCI converged
CASCI E = -234.909304808391  E(CI) = -5.11249558706140  S^2 = 0.0000000

******** <class 'pyscf.mcscf.casci.CASCI'> ********
CAS (2e+2e, 4o), ncore = 13, nvir = 33
natorb = False
canonicalization = True
sorting_mo_energy = False
max_memory 4000 MB (current use 453 MB)
******** <class 'pyscf.fci.direct_spin1.FCISolver'> ********
max. cycles = 200
conv_tol = 1e-08
davidson only = False
linear dependence = 1e-12
level shift = 0.001
max iter space = 12
max_memory 4000 MB
nroots = 1
pspace_size = 400
spin = None
Density matrix diagonal elements [1.99996831e+00 7.32003113e-05 1.99995489e+00 3.59984690e-06]
CASCI converged
CASCI E = -234.909304756377  E(CI) = -5.11249553504697  S^2 = 0.0000000

******** <class 'pyscf.mcscf.casci.CASCI'> ********
CAS (2e+2e, 4o), ncore = 13, nvir = 33
natorb = False
canonicalization = True
sorting_mo_energy = False
max_memory 4000 MB (current use 453 MB)
******** <class 'pyscf.fci.direct_spin1.FCISolver'> ********
max. cycles = 200
conv_tol = 1e-08
davidson only = False
linear dependence = 1e-12
level shift = 0.001
max iter space = 12
max_memory 4000 MB
nroots = 1
pspace_size = 400
spin = None
Density matrix diagonal elements [1.99996831e+00 7.31960770e-05 1.99995577e+00 2.72094088e-06]
CASCI converged
CASCI E = -234.909302689014  E(CI) = -5.11249346768437  S^2 = 0.0000000

******** <class 'pyscf.mcscf.casci.CASCI'> ********
CAS (2e+2e, 4o), ncore = 13, nvir = 33
natorb = False
canonicalization = True
sorting_mo_energy = False
max_memory 4000 MB (current use 453 MB)
******** <class 'pyscf.fci.direct_spin1.FCISolver'> ********
max. cycles = 200
conv_tol = 1e-08
davidson only = False
linear dependence = 1e-12
level shift = 0.001
max iter space = 12
max_memory 4000 MB
nroots = 1
pspace_size = 400
spin = None
Density matrix diagonal elements [1.99996831e+00 7.32105656e-05 1.99995841e+00 6.73125733e-08]
CASCI converged
CASCI E = -234.909292135819  E(CI) = -5.11248291448851  S^2 = 0.0000000

******** <class 'pyscf.mcscf.casci.CASCI'> ********
CAS (2e+2e, 4o), ncore = 13, nvir = 33
natorb = False
canonicalization = True
sorting_mo_energy = False
max_memory 4000 MB (current use 453 MB)
******** <class 'pyscf.fci.direct_spin1.FCISolver'> ********
max. cycles = 200
conv_tol = 1e-08
davidson only = False
linear dependence = 1e-12
level shift = 0.001
max iter space = 12
max_memory 4000 MB
nroots = 1
pspace_size = 400
spin = None
Density matrix diagonal elements [1.99996710e+00 7.67790843e-05 1.99995284e+00 3.28176102e-06]
CASCI converged
CASCI E = -234.909304640142  E(CI) = -5.11249541881224  S^2 = 0.0000000

******** <class 'pyscf.mcscf.casci.CASCI'> ********
CAS (2e+2e, 4o), ncore = 13, nvir = 33
natorb = False
canonicalization = True
sorting_mo_energy = False
max_memory 4000 MB (current use 453 MB)
******** <class 'pyscf.fci.direct_spin1.FCISolver'> ********
max. cycles = 200
conv_tol = 1e-08
davidson only = False
linear dependence = 1e-12
level shift = 0.001
max iter space = 12
max_memory 4000 MB
nroots = 1
pspace_size = 400
spin = None
Density matrix diagonal elements [1.99996792e+00 7.45238291e-05 1.99995631e+00 1.25401813e-06]
CASCI converged
CASCI E = -234.909297601319  E(CI) = -5.11248837998849  S^2 = 0.0000000

******** <class 'pyscf.mcscf.casci.CASCI'> ********
CAS (3e+3e, 4o), ncore = 12, nvir = 34
natorb = False
canonicalization = True
sorting_mo_energy = False
max_memory 4000 MB (current use 453 MB)
******** <class 'pyscf.fci.direct_spin1.FCISolver'> ********
max. cycles = 200
conv_tol = 1e-08
davidson only = False
linear dependence = 1e-12
level shift = 0.001
max iter space = 12
max_memory 4000 MB
nroots = 1
pspace_size = 400
spin = None
Density matrix diagonal elements [1.99996970e+00 9.94041811e-05 1.99996120e+00 1.99996970e+00]
CASCI converged
CASCI E = -234.909301833589  E(CI) = -11.9836072817110  S^2 = 0.0000000

******** <class 'pyscf.mcscf.casci.CASCI'> ********
CAS (2e+2e, 4o), ncore = 13, nvir = 33
natorb = False
canonicalization = True
sorting_mo_energy = False
max_memory 4000 MB (current use 453 MB)
******** <class 'pyscf.fci.direct_spin1.FCISolver'> ********
max. cycles = 200
conv_tol = 1e-08
davidson only = False
linear dependence = 1e-12
level shift = 0.001
max iter space = 12
max_memory 4000 MB
nroots = 1
pspace_size = 400
spin = None
Density matrix diagonal elements [1.99996289e+00 7.59007317e-05 1.99995514e+00 6.06086219e-06]
CASCI converged
CASCI E = -234.909295302383  E(CI) = -5.11214591286034  S^2 = 0.0000000

******** <class 'pyscf.mcscf.casci.CASCI'> ********
CAS (2e+2e, 4o), ncore = 13, nvir = 33
natorb = False
canonicalization = True
sorting_mo_energy = False
max_memory 4000 MB (current use 453 MB)
******** <class 'pyscf.fci.direct_spin1.FCISolver'> ********
max. cycles = 200
conv_tol = 1e-08
davidson only = False
linear dependence = 1e-12
level shift = 0.001
max iter space = 12
max_memory 4000 MB
nroots = 1
pspace_size = 400
spin = None
Density matrix diagonal elements [1.99996634e+00 7.01676452e-05 1.99989380e+00 6.96917534e-05]
CASCI converged
CASCI E = -234.909320202482  E(CI) = -5.11217081295933  S^2 = 0.0000000

******** <class 'pyscf.mcscf.casci.CASCI'> ********
CAS (2e+2e, 4o), ncore = 13, nvir = 33
natorb = False
canonicalization = True
sorting_mo_energy = False
max_memory 4000 MB (current use 453 MB)
******** <class 'pyscf.fci.direct_spin1.FCISolver'> ********
max. cycles = 200
conv_tol = 1e-08
davidson only = False
linear dependence = 1e-12
level shift = 0.001
max iter space = 12
max_memory 4000 MB
nroots = 1
pspace_size = 400
spin = None
Density matrix diagonal elements [1.99984081e+00 1.69481160e-04 1.99988931e+00 1.00406410e-04]
CASCI converged
CASCI E = -234.909343703740  E(CI) = -5.11219431421722  S^2 = 0.0000000

******** <class 'pyscf.mcscf.casci.CASCI'> ********
CAS (2e+2e, 4o), ncore = 13, nvir = 33
natorb = False
canonicalization = True
sorting_mo_energy = False
max_memory 4000 MB (current use 453 MB)
******** <class 'pyscf.fci.direct_spin1.FCISolver'> ********
max. cycles = 200
conv_tol = 1e-08
davidson only = False
linear dependence = 1e-12
level shift = 0.001
max iter space = 12
max_memory 4000 MB
nroots = 1
pspace_size = 400
spin = None
Density matrix diagonal elements [1.99971332e+00 9.69299821e-05 1.99987099e+00 3.18763931e-04]
CASCI converged
CASCI E = -234.909405707446  E(CI) = -5.11225631792294  S^2 = 0.0000000

******** <class 'pyscf.mcscf.casci.CASCI'> ********
CAS (2e+2e, 4o), ncore = 13, nvir = 33
natorb = False
canonicalization = True
sorting_mo_energy = False
max_memory 4000 MB (current use 453 MB)
******** <class 'pyscf.fci.direct_spin1.FCISolver'> ********
max. cycles = 200
conv_tol = 1e-08
davidson only = False
linear dependence = 1e-12
level shift = 0.001
max iter space = 12
max_memory 4000 MB
nroots = 1
pspace_size = 400
spin = None
Density matrix diagonal elements [1.99982689e+00 4.89443043e-05 1.98285758e+00 1.72665914e-02]
CASCI converged
CASCI E = -234.913757543250  E(CI) = -5.11660815372696  S^2 = 0.0000000

******** <class 'pyscf.mcscf.casci.CASCI'> ********
CAS (2e+2e, 4o), ncore = 13, nvir = 33
natorb = False
canonicalization = True
sorting_mo_energy = False
max_memory 4000 MB (current use 453 MB)
******** <class 'pyscf.fci.direct_spin1.FCISolver'> ********
max. cycles = 200
conv_tol = 1e-08
davidson only = False
linear dependence = 1e-12
level shift = 0.001
max iter space = 12
max_memory 4000 MB
nroots = 1
pspace_size = 400
spin = None
Density matrix diagonal elements [1.99993394e+00 1.49272844e-04 1.99968698e+00 2.29808540e-04]
CASCI converged
CASCI E = -234.909391570850  E(CI) = -5.11224218132674  S^2 = 0.0000000

******** <class 'pyscf.mcscf.casci.CASCI'> ********
CAS (2e+2e, 4o), ncore = 13, nvir = 33
natorb = False
canonicalization = True
sorting_mo_energy = False
max_memory 4000 MB (current use 453 MB)
******** <class 'pyscf.fci.direct_spin1.FCISolver'> ********
max. cycles = 200
conv_tol = 1e-08
davidson only = False
linear dependence = 1e-12
level shift = 0.001
max iter space = 12
max_memory 4000 MB
nroots = 1
pspace_size = 400
spin = None
Density matrix diagonal elements [1.99988185e+00 8.15672021e-05 1.99991813e+00 1.18454877e-04]
CASCI converged
CASCI E = -234.909349390624  E(CI) = -5.11220000110126  S^2 = 0.0000000

******** <class 'pyscf.mcscf.casci.CASCI'> ********
CAS (2e+2e, 4o), ncore = 13, nvir = 33
natorb = False
canonicalization = True
sorting_mo_energy = False
max_memory 4000 MB (current use 453 MB)
******** <class 'pyscf.fci.direct_spin1.FCISolver'> ********
max. cycles = 200
conv_tol = 1e-08
davidson only = False
linear dependence = 1e-12
level shift = 0.001
max iter space = 12
max_memory 4000 MB
nroots = 1
pspace_size = 400
spin = None
Density matrix diagonal elements [1.99991393e+00 5.84700437e-05 1.99108767e+00 8.93993235e-03]
CASCI converged
CASCI E = -234.912686720259  E(CI) = -5.11553733073544  S^2 = 0.0000000

******** <class 'pyscf.mcscf.casci.CASCI'> ********
CAS (2e+2e, 4o), ncore = 13, nvir = 33
natorb = False
canonicalization = True
sorting_mo_energy = False
max_memory 4000 MB (current use 453 MB)
******** <class 'pyscf.fci.direct_spin1.FCISolver'> ********
max. cycles = 200
conv_tol = 1e-08
davidson only = False
linear dependence = 1e-12
level shift = 0.001
max iter space = 12
max_memory 4000 MB
nroots = 1
pspace_size = 400
spin = None
Density matrix diagonal elements [1.98830045e+00 1.29902484e-03 1.99890752e+00 1.14930067e-02]
CASCI converged
CASCI E = -234.911441370573  E(CI) = -5.11429198104960  S^2 = 0.0000000

******** <class 'pyscf.mcscf.casci.CASCI'> ********
CAS (2e+2e, 4o), ncore = 13, nvir = 33
natorb = False
canonicalization = True
sorting_mo_energy = False
max_memory 4000 MB (current use 453 MB)
******** <class 'pyscf.fci.direct_spin1.FCISolver'> ********
max. cycles = 200
conv_tol = 1e-08
davidson only = False
linear dependence = 1e-12
level shift = 0.001
max iter space = 12
max_memory 4000 MB
nroots = 1
pspace_size = 400
spin = None
Density matrix diagonal elements [1.99990650e+00 7.71315060e-05 1.99989667e+00 1.19698367e-04]
CASCI converged
CASCI E = -234.909365027409  E(CI) = -5.11221563788547  S^2 = 0.0000000

******** <class 'pyscf.mcscf.casci.CASCI'> ********
CAS (2e+2e, 4o), ncore = 13, nvir = 33
natorb = False
canonicalization = True
sorting_mo_energy = False
max_memory 4000 MB (current use 453 MB)
******** <class 'pyscf.fci.direct_spin1.FCISolver'> ********
max. cycles = 200
conv_tol = 1e-08
davidson only = False
linear dependence = 1e-12
level shift = 0.001
max iter space = 12
max_memory 4000 MB
nroots = 1
pspace_size = 400
spin = None
Density matrix diagonal elements [1.99987369e+00 8.50513510e-05 1.99986974e+00 1.71516199e-04]
CASCI converged
CASCI E = -234.909419016591  E(CI) = -5.11226962706749  S^2 = 0.0000000

******** <class 'pyscf.mcscf.casci.CASCI'> ********
CAS (2e+2e, 4o), ncore = 13, nvir = 33
natorb = False
canonicalization = True
sorting_mo_energy = False
max_memory 4000 MB (current use 453 MB)
******** <class 'pyscf.fci.direct_spin1.FCISolver'> ********
max. cycles = 200
conv_tol = 1e-08
davidson only = False
linear dependence = 1e-12
level shift = 0.001
max iter space = 12
max_memory 4000 MB
nroots = 1
pspace_size = 400
spin = None
Density matrix diagonal elements [1.99996774e+00 7.37006866e-05 1.99995750e+00 1.05471822e-06]
CASCI converged
CASCI E = -234.909293069355  E(CI) = -5.11214367983240  S^2 = 0.0000000

******** <class 'pyscf.mcscf.casci.CASCI'> ********
CAS (2e+2e, 4o), ncore = 13, nvir = 33
natorb = False
canonicalization = True
sorting_mo_energy = False
max_memory 4000 MB (current use 453 MB)
******** <class 'pyscf.fci.direct_spin1.FCISolver'> ********
max. cycles = 200
conv_tol = 1e-08
davidson only = False
linear dependence = 1e-12
level shift = 0.001
max iter space = 12
max_memory 4000 MB
nroots = 1
pspace_size = 400
spin = None
Density matrix diagonal elements [1.99996808e+00 7.31638499e-05 1.99993219e+00 2.65708624e-05]
CASCI converged
CASCI E = -234.909320035566  E(CI) = -5.11217064604315  S^2 = 0.0000000

******** <class 'pyscf.mcscf.casci.CASCI'> ********
CAS (2e+2e, 4o), ncore = 13, nvir = 33
natorb = False
canonicalization = True
sorting_mo_energy = False
max_memory 4000 MB (current use 453 MB)
******** <class 'pyscf.fci.direct_spin1.FCISolver'> ********
max. cycles = 200
conv_tol = 1e-08
davidson only = False
linear dependence = 1e-12
level shift = 0.001
max iter space = 12
max_memory 4000 MB
nroots = 1
pspace_size = 400
spin = None
Density matrix diagonal elements [1.99993387e+00 7.86376474e-05 1.99987612e+00 1.11371422e-04]
CASCI converged
CASCI E = -234.909378740573  E(CI) = -5.11222935104982  S^2 = 0.0000000

******** <class 'pyscf.mcscf.casci.CASCI'> ********
CAS (2e+2e, 4o), ncore = 13, nvir = 33
natorb = False
canonicalization = True
sorting_mo_energy = False
max_memory 4000 MB (current use 453 MB)
******** <class 'pyscf.fci.direct_spin1.FCISolver'> ********
max. cycles = 200
conv_tol = 1e-08
davidson only = False
linear dependence = 1e-12
level shift = 0.001
max iter space = 12
max_memory 4000 MB
nroots = 1
pspace_size = 400
spin = None
Density matrix diagonal elements [1.98750712e+00 7.57348668e-05 1.99989695e+00 1.25201950e-02]
CASCI converged
CASCI E = -234.918951452382  E(CI) = -5.12180206285913  S^2 = 0.0000000

******** <class 'pyscf.mcscf.casci.CASCI'> ********
CAS (2e+2e, 4o), ncore = 13, nvir = 33
natorb = False
canonicalization = True
sorting_mo_energy = False
max_memory 4000 MB (current use 453 MB)
******** <class 'pyscf.fci.direct_spin1.FCISolver'> ********
max. cycles = 200
conv_tol = 1e-08
davidson only = False
linear dependence = 1e-12
level shift = 0.001
max iter space = 12
max_memory 4000 MB
nroots = 1
pspace_size = 400
spin = None
Density matrix diagonal elements [1.99990291e+00 8.69273993e-05 1.99990719e+00 1.02974027e-04]
CASCI converged
CASCI E = -234.909387709932  E(CI) = -5.11223832040889  S^2 = 0.0000000

******** <class 'pyscf.mcscf.casci.CASCI'> ********
CAS (2e+2e, 4o), ncore = 13, nvir = 33
natorb = False
canonicalization = True
sorting_mo_energy = False
max_memory 4000 MB (current use 453 MB)
******** <class 'pyscf.fci.direct_spin1.FCISolver'> ********
max. cycles = 200
conv_tol = 1e-08
davidson only = False
linear dependence = 1e-12
level shift = 0.001
max iter space = 12
max_memory 4000 MB
nroots = 1
pspace_size = 400
spin = None
Density matrix diagonal elements [1.99991864e+00 7.00137132e-05 1.99549897e+00 4.51237723e-03]
CASCI converged
CASCI E = -234.913478179999  E(CI) = -5.11632879047627  S^2 = 0.0000000

******** <class 'pyscf.mcscf.casci.CASCI'> ********
CAS (2e+2e, 4o), ncore = 13, nvir = 33
natorb = False
canonicalization = True
sorting_mo_energy = False
max_memory 4000 MB (current use 453 MB)
******** <class 'pyscf.fci.direct_spin1.FCISolver'> ********
max. cycles = 200
conv_tol = 1e-08
davidson only = False
linear dependence = 1e-12
level shift = 0.001
max iter space = 12
max_memory 4000 MB
nroots = 1
pspace_size = 400
spin = None
Density matrix diagonal elements [1.99996222e+00 7.39216852e-05 1.99995083e+00 1.30226846e-05]
CASCI converged
CASCI E = -234.909308289681  E(CI) = -5.11215890015808  S^2 = 0.0000000

******** <class 'pyscf.mcscf.casci.CASCI'> ********
CAS (2e+2e, 4o), ncore = 13, nvir = 33
natorb = False
canonicalization = True
sorting_mo_energy = False
max_memory 4000 MB (current use 453 MB)
******** <class 'pyscf.fci.direct_spin1.FCISolver'> ********
max. cycles = 200
conv_tol = 1e-08
davidson only = False
linear dependence = 1e-12
level shift = 0.001
max iter space = 12
max_memory 4000 MB
nroots = 1
pspace_size = 400
spin = None
Density matrix diagonal elements [1.99995754e+00 7.77107390e-05 1.99993680e+00 2.79580056e-05]
CASCI converged
CASCI E = -234.909325732816  E(CI) = -5.11217634329267  S^2 = 0.0000000

******** <class 'pyscf.mcscf.casci.CASCI'> ********
CAS (2e+2e, 4o), ncore = 13, nvir = 33
natorb = False
canonicalization = True
sorting_mo_energy = False
max_memory 4000 MB (current use 453 MB)
******** <class 'pyscf.fci.direct_spin1.FCISolver'> ********
max. cycles = 200
conv_tol = 1e-08
davidson only = False
linear dependence = 1e-12
level shift = 0.001
max iter space = 12
max_memory 4000 MB
nroots = 1
pspace_size = 400
spin = None
Density matrix diagonal elements [1.99996601e+00 7.37095623e-05 1.99995456e+00 5.72467828e-06]
CASCI converged
CASCI E = -234.909300737919  E(CI) = -5.11215134839631  S^2 = 0.0000000

******** <class 'pyscf.mcscf.casci.CASCI'> ********
CAS (2e+2e, 4o), ncore = 13, nvir = 33
natorb = False
canonicalization = True
sorting_mo_energy = False
max_memory 4000 MB (current use 453 MB)
******** <class 'pyscf.fci.direct_spin1.FCISolver'> ********
max. cycles = 200
conv_tol = 1e-08
davidson only = False
linear dependence = 1e-12
level shift = 0.001
max iter space = 12
max_memory 4000 MB
nroots = 1
pspace_size = 400
spin = None
Density matrix diagonal elements [1.99996815e+00 7.32747455e-05 1.99992570e+00 3.28769708e-05]
CASCI converged
CASCI E = -234.909351395101  E(CI) = -5.11220200557770  S^2 = 0.0000000

******** <class 'pyscf.mcscf.casci.CASCI'> ********
CAS (2e+2e, 4o), ncore = 13, nvir = 33
natorb = False
canonicalization = True
sorting_mo_energy = False
max_memory 4000 MB (current use 453 MB)
******** <class 'pyscf.fci.direct_spin1.FCISolver'> ********
max. cycles = 200
conv_tol = 1e-08
davidson only = False
linear dependence = 1e-12
level shift = 0.001
max iter space = 12
max_memory 4000 MB
nroots = 1
pspace_size = 400
spin = None
Density matrix diagonal elements [1.99996807e+00 7.34458139e-05 1.99995787e+00 6.14475146e-07]
CASCI converged
CASCI E = -234.909293004701  E(CI) = -5.11214361517784  S^2 = 0.0000000

******** <class 'pyscf.mcscf.casci.CASCI'> ********
CAS (2e+2e, 4o), ncore = 13, nvir = 33
natorb = False
canonicalization = True
sorting_mo_energy = False
max_memory 4000 MB (current use 453 MB)
******** <class 'pyscf.fci.direct_spin1.FCISolver'> ********
max. cycles = 200
conv_tol = 1e-08
davidson only = False
linear dependence = 1e-12
level shift = 0.001
max iter space = 12
max_memory 4000 MB
nroots = 1
pspace_size = 400
spin = None
Density matrix diagonal elements [1.99996762e+00 7.54436862e-05 1.99995430e+00 2.63233383e-06]
CASCI converged
CASCI E = -234.909297115060  E(CI) = -5.11214772553717  S^2 = 0.0000000

******** <class 'pyscf.mcscf.casci.CASCI'> ********
CAS (2e+2e, 4o), ncore = 13, nvir = 33
natorb = False
canonicalization = True
sorting_mo_energy = False
max_memory 4000 MB (current use 453 MB)
******** <class 'pyscf.fci.direct_spin1.FCISolver'> ********
max. cycles = 200
conv_tol = 1e-08
davidson only = False
linear dependence = 1e-12
level shift = 0.001
max iter space = 12
max_memory 4000 MB
nroots = 1
pspace_size = 400
spin = None
Density matrix diagonal elements [1.99996831e+00 7.33258274e-05 1.99995587e+00 2.48877217e-06]
CASCI converged
CASCI E = -234.909297546039  E(CI) = -5.11214815651599  S^2 = 0.0000000

******** <class 'pyscf.mcscf.casci.CASCI'> ********
CAS (2e+2e, 4o), ncore = 13, nvir = 33
natorb = False
canonicalization = True
sorting_mo_energy = False
max_memory 4000 MB (current use 453 MB)
******** <class 'pyscf.fci.direct_spin1.FCISolver'> ********
max. cycles = 200
conv_tol = 1e-08
davidson only = False
linear dependence = 1e-12
level shift = 0.001
max iter space = 12
max_memory 4000 MB
nroots = 1
pspace_size = 400
spin = None
Density matrix diagonal elements [1.99996826e+00 7.32112157e-05 1.99995610e+00 2.42160970e-06]
CASCI converged
CASCI E = -234.909297407066  E(CI) = -5.11214801754258  S^2 = 0.0000000

******** <class 'pyscf.mcscf.casci.CASCI'> ********
CAS (2e+2e, 4o), ncore = 13, nvir = 33
natorb = False
canonicalization = True
sorting_mo_energy = False
max_memory 4000 MB (current use 453 MB)
******** <class 'pyscf.fci.direct_spin1.FCISolver'> ********
max. cycles = 200
conv_tol = 1e-08
davidson only = False
linear dependence = 1e-12
level shift = 0.001
max iter space = 12
max_memory 4000 MB
nroots = 1
pspace_size = 400
spin = None
Density matrix diagonal elements [1.99996803e+00 7.35027206e-05 1.99995796e+00 5.10215991e-07]
CASCI converged
CASCI E = -234.909293071811  E(CI) = -5.11214368228801  S^2 = 0.0000000

******** <class 'pyscf.mcscf.casci.CASCI'> ********
CAS (2e+2e, 4o), ncore = 13, nvir = 33
natorb = False
canonicalization = True
sorting_mo_energy = False
max_memory 4000 MB (current use 453 MB)
******** <class 'pyscf.fci.direct_spin1.FCISolver'> ********
max. cycles = 200
conv_tol = 1e-08
davidson only = False
linear dependence = 1e-12
level shift = 0.001
max iter space = 12
max_memory 4000 MB
nroots = 1
pspace_size = 400
spin = None
Density matrix diagonal elements [1.99996826e+00 7.31266810e-05 1.99993906e+00 1.95456334e-05]
CASCI converged
CASCI E = -234.909336975057  E(CI) = -5.11218758553440  S^2 = 0.0000000

******** <class 'pyscf.mcscf.casci.CASCI'> ********
CAS (2e+2e, 4o), ncore = 13, nvir = 33
natorb = False
canonicalization = True
sorting_mo_energy = False
max_memory 4000 MB (current use 453 MB)
******** <class 'pyscf.fci.direct_spin1.FCISolver'> ********
max. cycles = 200
conv_tol = 1e-08
davidson only = False
linear dependence = 1e-12
level shift = 0.001
max iter space = 12
max_memory 4000 MB
nroots = 1
pspace_size = 400
spin = None
Density matrix diagonal elements [1.99996829e+00 7.32590231e-05 1.99995749e+00 9.51975685e-07]
CASCI converged
CASCI E = -234.909294675667  E(CI) = -5.11214528614363  S^2 = 0.0000000

******** <class 'pyscf.mcscf.casci.CASCI'> ********
CAS (2e+2e, 4o), ncore = 13, nvir = 33
natorb = False
canonicalization = True
sorting_mo_energy = False
max_memory 4000 MB (current use 453 MB)
******** <class 'pyscf.fci.direct_spin1.FCISolver'> ********
max. cycles = 200
conv_tol = 1e-08
davidson only = False
linear dependence = 1e-12
level shift = 0.001
max iter space = 12
max_memory 4000 MB
nroots = 1
pspace_size = 400
spin = None
Density matrix diagonal elements [1.99996831e+00 7.32217545e-05 1.99995485e+00 3.61685895e-06]
CASCI converged
CASCI E = -234.909304814192  E(CI) = -5.11215542466925  S^2 = 0.0000000

******** <class 'pyscf.mcscf.casci.CASCI'> ********
CAS (2e+2e, 4o), ncore = 13, nvir = 33
natorb = False
canonicalization = True
sorting_mo_energy = False
max_memory 4000 MB (current use 453 MB)
******** <class 'pyscf.fci.direct_spin1.FCISolver'> ********
max. cycles = 200
conv_tol = 1e-08
davidson only = False
linear dependence = 1e-12
level shift = 0.001
max iter space = 12
max_memory 4000 MB
nroots = 1
pspace_size = 400
spin = None
Density matrix diagonal elements [1.99996831e+00 7.32060115e-05 1.99995488e+00 3.60190367e-06]
CASCI converged
CASCI E = -234.909304762178  E(CI) = -5.11215537265457  S^2 = 0.0000000

******** <class 'pyscf.mcscf.casci.CASCI'> ********
CAS (2e+2e, 4o), ncore = 13, nvir = 33
natorb = False
canonicalization = True
sorting_mo_energy = False
max_memory 4000 MB (current use 453 MB)
******** <class 'pyscf.fci.direct_spin1.FCISolver'> ********
max. cycles = 200
conv_tol = 1e-08
davidson only = False
linear dependence = 1e-12
level shift = 0.001
max iter space = 12
max_memory 4000 MB
nroots = 1
pspace_size = 400
spin = None
Density matrix diagonal elements [1.99996831e+00 7.32162691e-05 1.99995841e+00 6.73530671e-08]
CASCI converged
CASCI E = -234.909292134829  E(CI) = -5.11214274530599  S^2 = 0.0000000

******** <class 'pyscf.mcscf.casci.CASCI'> ********
CAS (2e+2e, 4o), ncore = 13, nvir = 33
natorb = False
canonicalization = True
sorting_mo_energy = False
max_memory 4000 MB (current use 453 MB)
******** <class 'pyscf.fci.direct_spin1.FCISolver'> ********
max. cycles = 200
conv_tol = 1e-08
davidson only = False
linear dependence = 1e-12
level shift = 0.001
max iter space = 12
max_memory 4000 MB
nroots = 1
pspace_size = 400
spin = None
Density matrix diagonal elements [1.99996831e+00 7.32017741e-05 1.99995576e+00 2.72271569e-06]
CASCI converged
CASCI E = -234.909302694617  E(CI) = -5.11215330509370  S^2 = 0.0000000

******** <class 'pyscf.mcscf.casci.CASCI'> ********
CAS (2e+2e, 4o), ncore = 13, nvir = 33
natorb = False
canonicalization = True
sorting_mo_energy = False
max_memory 4000 MB (current use 453 MB)
******** <class 'pyscf.fci.direct_spin1.FCISolver'> ********
max. cycles = 200
conv_tol = 1e-08
davidson only = False
linear dependence = 1e-12
level shift = 0.001
max iter space = 12
max_memory 4000 MB
nroots = 1
pspace_size = 400
spin = None
Density matrix diagonal elements [1.99996710e+00 7.67846299e-05 1.99995284e+00 3.28179163e-06]
CASCI converged
CASCI E = -234.909304638768  E(CI) = -5.11215524924503  S^2 = 0.0000000

******** <class 'pyscf.mcscf.casci.CASCI'> ********
CAS (2e+2e, 4o), ncore = 13, nvir = 33
natorb = False
canonicalization = True
sorting_mo_energy = False
max_memory 4000 MB (current use 453 MB)
******** <class 'pyscf.fci.direct_spin1.FCISolver'> ********
max. cycles = 200
conv_tol = 1e-08
davidson only = False
linear dependence = 1e-12
level shift = 0.001
max iter space = 12
max_memory 4000 MB
nroots = 1
pspace_size = 400
spin = None
Density matrix diagonal elements [1.99996792e+00 7.45294848e-05 1.99995630e+00 1.25414942e-06]
CASCI converged
CASCI E = -234.909297600624  E(CI) = -5.11214821110053  S^2 = 0.0000000

******** <class 'pyscf.mcscf.casci.CASCI'> ********
CAS (2e+2e, 4o), ncore = 13, nvir = 33
natorb = False
canonicalization = True
sorting_mo_energy = False
max_memory 4000 MB (current use 453 MB)
******** <class 'pyscf.fci.direct_spin1.FCISolver'> ********
max. cycles = 200
conv_tol = 1e-08
davidson only = False
linear dependence = 1e-12
level shift = 0.001
max iter space = 12
max_memory 4000 MB
nroots = 1
pspace_size = 400
spin = None
Density matrix diagonal elements [1.99996512e+00 6.47623298e-05 1.99996512e+00 5.00383194e-06]
CASCI converged
CASCI E = -234.909292243196  E(CI) = -5.65005184149655  S^2 = 0.0000000

******** <class 'pyscf.mcscf.casci.CASCI'> ********
CAS (2e+2e, 4o), ncore = 13, nvir = 33
natorb = False
canonicalization = True
sorting_mo_energy = False
max_memory 4000 MB (current use 453 MB)
******** <class 'pyscf.fci.direct_spin1.FCISolver'> ********
max. cycles = 200
conv_tol = 1e-08
davidson only = False
linear dependence = 1e-12
level shift = 0.001
max iter space = 12
max_memory 4000 MB
nroots = 1
pspace_size = 400
spin = None
Density matrix diagonal elements [1.99996512e+00 6.47663502e-05 1.99996511e+00 5.00773748e-06]
CASCI converged
CASCI E = -234.909292244982  E(CI) = -5.65005184328228  S^2 = 0.0000000

******** <class 'pyscf.mcscf.casci.CASCI'> ********
CAS (2e+2e, 4o), ncore = 13, nvir = 33
natorb = False
canonicalization = True
sorting_mo_energy = False
max_memory 4000 MB (current use 453 MB)
******** <class 'pyscf.fci.direct_spin1.FCISolver'> ********
max. cycles = 200
conv_tol = 1e-08
davidson only = False
linear dependence = 1e-12
level shift = 0.001
max iter space = 12
max_memory 4000 MB
nroots = 1
pspace_size = 400
spin = None
Density matrix diagonal elements [1.99983830e+00 1.86495507e-04 1.99983830e+00 1.36897219e-04]
CASCI converged
CASCI E = -234.909360600256  E(CI) = -5.65012019855672  S^2 = 0.0000000

******** <class 'pyscf.mcscf.casci.CASCI'> ********
CAS (2e+2e, 4o), ncore = 13, nvir = 33
natorb = False
canonicalization = True
sorting_mo_energy = False
max_memory 4000 MB (current use 453 MB)
******** <class 'pyscf.fci.direct_spin1.FCISolver'> ********
max. cycles = 200
conv_tol = 1e-08
davidson only = False
linear dependence = 1e-12
level shift = 0.001
max iter space = 12
max_memory 4000 MB
nroots = 1
pspace_size = 400
spin = None
Density matrix diagonal elements [1.99974202e+00 6.18324398e-05 1.99974018e+00 4.55973076e-04]
CASCI converged
CASCI E = -234.909447057757  E(CI) = -5.65020665605758  S^2 = 0.0000000

******** <class 'pyscf.mcscf.casci.CASCI'> ********
CAS (2e+2e, 4o), ncore = 13, nvir = 33
natorb = False
canonicalization = True
sorting_mo_energy = False
max_memory 4000 MB (current use 453 MB)
******** <class 'pyscf.fci.direct_spin1.FCISolver'> ********
max. cycles = 200
conv_tol = 1e-08
davidson only = False
linear dependence = 1e-12
level shift = 0.001
max iter space = 12
max_memory 4000 MB
nroots = 1
pspace_size = 400
spin = None
Density matrix diagonal elements [1.99974189e+00 6.19209099e-05 1.99973981e+00 4.56386692e-04]
CASCI converged
CASCI E = -234.909447181369  E(CI) = -5.65020677966945  S^2 = 0.0000000

******** <class 'pyscf.mcscf.casci.CASCI'> ********
CAS (2e+2e, 4o), ncore = 13, nvir = 33
natorb = False
canonicalization = True
sorting_mo_energy = False
max_memory 4000 MB (current use 453 MB)
******** <class 'pyscf.fci.direct_spin1.FCISolver'> ********
max. cycles = 200
conv_tol = 1e-08
davidson only = False
linear dependence = 1e-12
level shift = 0.001
max iter space = 12
max_memory 4000 MB
nroots = 1
pspace_size = 400
spin = None
Density matrix diagonal elements [1.99992692e+00 8.07230313e-05 1.99992692e+00 6.54418338e-05]
CASCI converged
CASCI E = -234.909317356525  E(CI) = -5.65007695482566  S^2 = 0.0000000

******** <class 'pyscf.mcscf.casci.CASCI'> ********
CAS (2e+2e, 4o), ncore = 13, nvir = 33
natorb = False
canonicalization = True
sorting_mo_energy = False
max_memory 4000 MB (current use 453 MB)
******** <class 'pyscf.fci.direct_spin1.FCISolver'> ********
max. cycles = 200
conv_tol = 1e-08
davidson only = False
linear dependence = 1e-12
level shift = 0.001
max iter space = 12
max_memory 4000 MB
nroots = 1
pspace_size = 400
spin = None
Density matrix diagonal elements [1.99989273e+00 6.19008503e-05 1.99989235e+00 1.53026340e-04]
CASCI converged
CASCI E = -234.909363325431  E(CI) = -5.65012292373152  S^2 = 0.0000000

******** <class 'pyscf.mcscf.casci.CASCI'> ********
CAS (2e+2e, 4o), ncore = 13, nvir = 33
natorb = False
canonicalization = True
sorting_mo_energy = False
max_memory 4000 MB (current use 453 MB)
******** <class 'pyscf.fci.direct_spin1.FCISolver'> ********
max. cycles = 200
conv_tol = 1e-08
davidson only = False
linear dependence = 1e-12
level shift = 0.001
max iter space = 12
max_memory 4000 MB
nroots = 1
pspace_size = 400
spin = None
Density matrix diagonal elements [1.99989270e+00 6.19434109e-05 1.99989224e+00 1.53115341e-04]
CASCI converged
CASCI E = -234.909363364696  E(CI) = -5.65012296299687  S^2 = 0.0000000

******** <class 'pyscf.mcscf.casci.CASCI'> ********
CAS (2e+2e, 4o), ncore = 13, nvir = 33
natorb = False
canonicalization = True
sorting_mo_energy = False
max_memory 4000 MB (current use 453 MB)
******** <class 'pyscf.fci.direct_spin1.FCISolver'> ********
max. cycles = 200
conv_tol = 1e-08
davidson only = False
linear dependence = 1e-12
level shift = 0.001
max iter space = 12
max_memory 4000 MB
nroots = 1
pspace_size = 400
spin = None
Density matrix diagonal elements [1.98905141 0.0022069  1.98905141 0.01969028]
CASCI converged
CASCI E = -234.912996722286  E(CI) = -5.65375632058726  S^2 = 0.0000000

******** <class 'pyscf.mcscf.casci.CASCI'> ********
CAS (2e+2e, 4o), ncore = 13, nvir = 33
natorb = False
canonicalization = True
sorting_mo_energy = False
max_memory 4000 MB (current use 453 MB)
******** <class 'pyscf.fci.direct_spin1.FCISolver'> ********
max. cycles = 200
conv_tol = 1e-08
davidson only = False
linear dependence = 1e-12
level shift = 0.001
max iter space = 12
max_memory 4000 MB
nroots = 1
pspace_size = 400
spin = None
Density matrix diagonal elements [1.99990450e+00 7.17572829e-05 1.99990450e+00 1.19236130e-04]
CASCI converged
CASCI E = -234.909366431655  E(CI) = -5.65012602995546  S^2 = 0.0000000

******** <class 'pyscf.mcscf.casci.CASCI'> ********
CAS (2e+2e, 4o), ncore = 13, nvir = 33
natorb = False
canonicalization = True
sorting_mo_energy = False
max_memory 4000 MB (current use 453 MB)
******** <class 'pyscf.fci.direct_spin1.FCISolver'> ********
max. cycles = 200
conv_tol = 1e-08
davidson only = False
linear dependence = 1e-12
level shift = 0.001
max iter space = 12
max_memory 4000 MB
nroots = 1
pspace_size = 400
spin = None
Density matrix diagonal elements [1.99987138e+00 7.62714120e-05 1.99987138e+00 1.80968156e-04]
CASCI converged
CASCI E = -234.909427307057  E(CI) = -5.65018690535791  S^2 = 0.0000000

******** <class 'pyscf.mcscf.casci.CASCI'> ********
CAS (2e+2e, 4o), ncore = 13, nvir = 33
natorb = False
canonicalization = True
sorting_mo_energy = False
max_memory 4000 MB (current use 453 MB)
******** <class 'pyscf.fci.direct_spin1.FCISolver'> ********
max. cycles = 200
conv_tol = 1e-08
davidson only = False
linear dependence = 1e-12
level shift = 0.001
max iter space = 12
max_memory 4000 MB
nroots = 1
pspace_size = 400
spin = None
Density matrix diagonal elements [1.99996708e+00 6.56744904e-05 1.99996708e+00 1.71654745e-07]
CASCI converged
CASCI E = -234.909290145799  E(CI) = -5.65004974410007  S^2 = 0.0000000

******** <class 'pyscf.mcscf.casci.CASCI'> ********
CAS (2e+2e, 4o), ncore = 13, nvir = 33
natorb = False
canonicalization = True
sorting_mo_energy = False
max_memory 4000 MB (current use 453 MB)
******** <class 'pyscf.fci.direct_spin1.FCISolver'> ********
max. cycles = 200
conv_tol = 1e-08
davidson only = False
linear dependence = 1e-12
level shift = 0.001
max iter space = 12
max_memory 4000 MB
nroots = 1
pspace_size = 400
spin = None
Density matrix diagonal elements [1.99996708e+00 6.56745548e-05 1.99996708e+00 1.71750454e-07]
CASCI converged
CASCI E = -234.909290145912  E(CI) = -5.65004974421225  S^2 = 0.0000000

******** <class 'pyscf.mcscf.casci.CASCI'> ********
CAS (2e+2e, 4o), ncore = 13, nvir = 33
natorb = False
canonicalization = True
sorting_mo_energy = False
max_memory 4000 MB (current use 453 MB)
******** <class 'pyscf.fci.direct_spin1.FCISolver'> ********
max. cycles = 200
conv_tol = 1e-08
davidson only = False
linear dependence = 1e-12
level shift = 0.001
max iter space = 12
max_memory 4000 MB
nroots = 1
pspace_size = 400
spin = None
Density matrix diagonal elements [1.99992043e+00 7.42800787e-05 1.98749497e+00 1.25103141e-02]
CASCI converged
CASCI E = -234.918932053776  E(CI) = -5.65969165207650  S^2 = 0.0000000

******** <class 'pyscf.mcscf.casci.CASCI'> ********
CAS (2e+2e, 4o), ncore = 13, nvir = 33
natorb = False
canonicalization = True
sorting_mo_energy = False
max_memory 4000 MB (current use 453 MB)
******** <class 'pyscf.fci.direct_spin1.FCISolver'> ********
max. cycles = 200
conv_tol = 1e-08
davidson only = False
linear dependence = 1e-12
level shift = 0.001
max iter space = 12
max_memory 4000 MB
nroots = 1
pspace_size = 400
spin = None
Density matrix diagonal elements [1.98749497e+00 7.43040399e-05 1.99992041e+00 1.25103153e-02]
CASCI converged
CASCI E = -234.918932054118  E(CI) = -5.65969165241904  S^2 = 0.0000000

******** <class 'pyscf.mcscf.casci.CASCI'> ********
CAS (2e+2e, 4o), ncore = 13, nvir = 33
natorb = False
canonicalization = True
sorting_mo_energy = False
max_memory 4000 MB (current use 453 MB)
******** <class 'pyscf.fci.direct_spin1.FCISolver'> ********
max. cycles = 200
conv_tol = 1e-08
davidson only = False
linear dependence = 1e-12
level shift = 0.001
max iter space = 12
max_memory 4000 MB
nroots = 1
pspace_size = 400
spin = None
Density matrix diagonal elements [1.99991717e+00 6.33164006e-05 1.99991712e+00 1.02395057e-04]
CASCI converged
CASCI E = -234.909381410996  E(CI) = -5.65014100929636  S^2 = 0.0000000

******** <class 'pyscf.mcscf.casci.CASCI'> ********
CAS (2e+2e, 4o), ncore = 13, nvir = 33
natorb = False
canonicalization = True
sorting_mo_energy = False
max_memory 4000 MB (current use 453 MB)
******** <class 'pyscf.fci.direct_spin1.FCISolver'> ********
max. cycles = 200
conv_tol = 1e-08
davidson only = False
linear dependence = 1e-12
level shift = 0.001
max iter space = 12
max_memory 4000 MB
nroots = 1
pspace_size = 400
spin = None
Density matrix diagonal elements [1.99991716e+00 6.33320970e-05 1.99991710e+00 1.02408690e-04]
CASCI converged
CASCI E = -234.909381422737  E(CI) = -5.65014102103737  S^2 = 0.0000000

******** <class 'pyscf.mcscf.casci.CASCI'> ********
CAS (2e+2e, 4o), ncore = 13, nvir = 33
natorb = False
canonicalization = True
sorting_mo_energy = False
max_memory 4000 MB (current use 453 MB)
******** <class 'pyscf.fci.direct_spin1.FCISolver'> ********
max. cycles = 200
conv_tol = 1e-08
davidson only = False
linear dependence = 1e-12
level shift = 0.001
max iter space = 12
max_memory 4000 MB
nroots = 1
pspace_size = 400
spin = None
Density matrix diagonal elements [1.99996105e+00 6.72763578e-05 1.99996105e+00 1.06216570e-05]
CASCI converged
CASCI E = -234.909304055441  E(CI) = -5.65006365374191  S^2 = 0.0000000

******** <class 'pyscf.mcscf.casci.CASCI'> ********
CAS (2e+2e, 4o), ncore = 13, nvir = 33
natorb = False
canonicalization = True
sorting_mo_energy = False
max_memory 4000 MB (current use 453 MB)
******** <class 'pyscf.fci.direct_spin1.FCISolver'> ********
max. cycles = 200
conv_tol = 1e-08
davidson only = False
linear dependence = 1e-12
level shift = 0.001
max iter space = 12
max_memory 4000 MB
nroots = 1
pspace_size = 400
spin = None
Density matrix diagonal elements [1.99995639e+00 6.57316361e-05 1.99995639e+00 2.14975538e-05]
CASCI converged
CASCI E = -234.909316635373  E(CI) = -5.65007623367359  S^2 = 0.0000000

******** <class 'pyscf.mcscf.casci.CASCI'> ********
CAS (2e+2e, 4o), ncore = 13, nvir = 33
natorb = False
canonicalization = True
sorting_mo_energy = False
max_memory 4000 MB (current use 453 MB)
******** <class 'pyscf.fci.direct_spin1.FCISolver'> ********
max. cycles = 200
conv_tol = 1e-08
davidson only = False
linear dependence = 1e-12
level shift = 0.001
max iter space = 12
max_memory 4000 MB
nroots = 1
pspace_size = 400
spin = None
Density matrix diagonal elements [1.99996486e+00 6.64250502e-05 1.99996486e+00 3.86121335e-06]
CASCI converged
CASCI E = -234.909296258608  E(CI) = -5.65005585690832  S^2 = 0.0000000

******** <class 'pyscf.mcscf.casci.CASCI'> ********
CAS (2e+2e, 4o), ncore = 13, nvir = 33
natorb = False
canonicalization = True
sorting_mo_energy = False
max_memory 4000 MB (current use 453 MB)
******** <class 'pyscf.fci.direct_spin1.FCISolver'> ********
max. cycles = 200
conv_tol = 1e-08
davidson only = False
linear dependence = 1e-12
level shift = 0.001
max iter space = 12
max_memory 4000 MB
nroots = 1
pspace_size = 400
spin = None
Density matrix diagonal elements [1.99996714e+00 6.56913471e-05 1.99996714e+00 2.86047179e-08]
CASCI converged
CASCI E = -234.909290000877  E(CI) = -5.65004959917727  S^2 = 0.0000000

******** <class 'pyscf.mcscf.casci.CASCI'> ********
CAS (2e+2e, 4o), ncore = 13, nvir = 33
natorb = False
canonicalization = True
sorting_mo_energy = False
max_memory 4000 MB (current use 453 MB)
******** <class 'pyscf.fci.direct_spin1.FCISolver'> ********
max. cycles = 200
conv_tol = 1e-08
davidson only = False
linear dependence = 1e-12
level shift = 0.001
max iter space = 12
max_memory 4000 MB
nroots = 1
pspace_size = 400
spin = None
Density matrix diagonal elements [1.99996714e+00 6.56913320e-05 1.99996714e+00 2.85986801e-08]
CASCI converged
CASCI E = -234.909290000865  E(CI) = -5.65004959916561  S^2 = 0.0000000

******** <class 'pyscf.mcscf.casci.CASCI'> ********
CAS (2e+2e, 4o), ncore = 13, nvir = 33
natorb = False
canonicalization = True
sorting_mo_energy = False
max_memory 4000 MB (current use 453 MB)
******** <class 'pyscf.fci.direct_spin1.FCISolver'> ********
max. cycles = 200
conv_tol = 1e-08
davidson only = False
linear dependence = 1e-12
level shift = 0.001
max iter space = 12
max_memory 4000 MB
nroots = 1
pspace_size = 400
spin = None
Density matrix diagonal elements [1.99996641e+00 6.68285826e-05 1.99996641e+00 3.55346721e-07]
CASCI converged
CASCI E = -234.909290733427  E(CI) = -5.65005033172795  S^2 = 0.0000000

******** <class 'pyscf.mcscf.casci.CASCI'> ********
CAS (2e+2e, 4o), ncore = 13, nvir = 33
natorb = False
canonicalization = True
sorting_mo_energy = False
max_memory 4000 MB (current use 453 MB)
******** <class 'pyscf.fci.direct_spin1.FCISolver'> ********
max. cycles = 200
conv_tol = 1e-08
davidson only = False
linear dependence = 1e-12
level shift = 0.001
max iter space = 12
max_memory 4000 MB
nroots = 1
pspace_size = 400
spin = None
Density matrix diagonal elements [1.99996713e+00 6.57091320e-05 1.99996710e+00 5.77098563e-08]
CASCI converged
CASCI E = -234.909290084811  E(CI) = -5.65004968311177  S^2 = 0.0000000

******** <class 'pyscf.mcscf.casci.CASCI'> ********
CAS (2e+2e, 4o), ncore = 13, nvir = 33
natorb = False
canonicalization = True
sorting_mo_energy = False
max_memory 4000 MB (current use 453 MB)
******** <class 'pyscf.fci.direct_spin1.FCISolver'> ********
max. cycles = 200
conv_tol = 1e-08
davidson only = False
linear dependence = 1e-12
level shift = 0.001
max iter space = 12
max_memory 4000 MB
nroots = 1
pspace_size = 400
spin = None
Density matrix diagonal elements [1.99996710e+00 6.57091321e-05 1.99996713e+00 5.77099562e-08]
CASCI converged
CASCI E = -234.909290084811  E(CI) = -5.65004968311203  S^2 = 0.0000000

******** <class 'pyscf.mcscf.casci.CASCI'> ********
CAS (2e+2e, 4o), ncore = 13, nvir = 33
natorb = False
canonicalization = True
sorting_mo_energy = False
max_memory 4000 MB (current use 453 MB)
******** <class 'pyscf.fci.direct_spin1.FCISolver'> ********
max. cycles = 200
conv_tol = 1e-08
davidson only = False
linear dependence = 1e-12
level shift = 0.001
max iter space = 12
max_memory 4000 MB
nroots = 1
pspace_size = 400
spin = None
Density matrix diagonal elements [1.99996714e+00 6.56889844e-05 1.99996714e+00 2.87236381e-08]
CASCI converged
CASCI E = -234.909290015358  E(CI) = -5.65004961365852  S^2 = 0.0000000

******** <class 'pyscf.mcscf.casci.CASCI'> ********
CAS (2e+2e, 4o), ncore = 13, nvir = 33
natorb = False
canonicalization = True
sorting_mo_energy = False
max_memory 4000 MB (current use 453 MB)
******** <class 'pyscf.fci.direct_spin1.FCISolver'> ********
max. cycles = 200
conv_tol = 1e-08
davidson only = False
linear dependence = 1e-12
level shift = 0.001
max iter space = 12
max_memory 4000 MB
nroots = 1
pspace_size = 400
spin = None
Density matrix diagonal elements [1.99996714e+00 6.56890111e-05 1.99996714e+00 2.87367084e-08]
CASCI converged
CASCI E = -234.909290015390  E(CI) = -5.65004961369050  S^2 = 0.0000000

******** <class 'pyscf.mcscf.casci.CASCI'> ********
CAS (2e+2e, 4o), ncore = 13, nvir = 33
natorb = False
canonicalization = True
sorting_mo_energy = False
max_memory 4000 MB (current use 453 MB)
******** <class 'pyscf.fci.direct_spin1.FCISolver'> ********
max. cycles = 200
conv_tol = 1e-08
davidson only = False
linear dependence = 1e-12
level shift = 0.001
max iter space = 12
max_memory 4000 MB
nroots = 1
pspace_size = 400
spin = None
Density matrix diagonal elements [1.99996713e+00 6.57139391e-05 1.99996713e+00 2.18289678e-08]
CASCI converged
CASCI E = -234.909290012790  E(CI) = -5.65004961109040  S^2 = 0.0000000

******** <class 'pyscf.mcscf.casci.CASCI'> ********
CAS (2e+2e, 4o), ncore = 13, nvir = 33
natorb = False
canonicalization = True
sorting_mo_energy = False
max_memory 4000 MB (current use 453 MB)
******** <class 'pyscf.fci.direct_spin1.FCISolver'> ********
max. cycles = 200
conv_tol = 1e-08
davidson only = False
linear dependence = 1e-12
level shift = 0.001
max iter space = 12
max_memory 4000 MB
nroots = 1
pspace_size = 400
spin = None
Density matrix diagonal elements [1.99996715e+00 6.56942572e-05 1.99996715e+00 3.53553167e-11]
CASCI converged
CASCI E = -234.909289945274  E(CI) = -5.65004954357480  S^2 = 0.0000000

******** <class 'pyscf.mcscf.casci.CASCI'> ********
CAS (2e+2e, 4o), ncore = 13, nvir = 33
natorb = False
canonicalization = True
sorting_mo_energy = False
max_memory 4000 MB (current use 453 MB)
******** <class 'pyscf.fci.direct_spin1.FCISolver'> ********
max. cycles = 200
conv_tol = 1e-08
davidson only = False
linear dependence = 1e-12
level shift = 0.001
max iter space = 12
max_memory 4000 MB
nroots = 1
pspace_size = 400
spin = None
Density matrix diagonal elements [1.99996715e+00 6.56942572e-05 1.99996715e+00 3.53552859e-11]
CASCI converged
CASCI E = -234.909289945274  E(CI) = -5.65004954357480  S^2 = 0.0000000

******** <class 'pyscf.mcscf.casci.CASCI'> ********
CAS (2e+2e, 4o), ncore = 13, nvir = 33
natorb = False
canonicalization = True
sorting_mo_energy = False
max_memory 4000 MB (current use 453 MB)
******** <class 'pyscf.fci.direct_spin1.FCISolver'> ********
max. cycles = 200
conv_tol = 1e-08
davidson only = False
linear dependence = 1e-12
level shift = 0.001
max iter space = 12
max_memory 4000 MB
nroots = 1
pspace_size = 400
spin = None
Density matrix diagonal elements [1.99996715e+00 6.56939875e-05 1.99996715e+00 1.88502028e-10]
CASCI converged
CASCI E = -234.909289945916  E(CI) = -5.65004954421636  S^2 = 0.0000000

******** <class 'pyscf.mcscf.casci.CASCI'> ********
CAS (2e+2e, 4o), ncore = 13, nvir = 33
natorb = False
canonicalization = True
sorting_mo_energy = False
max_memory 4000 MB (current use 453 MB)
******** <class 'pyscf.fci.direct_spin1.FCISolver'> ********
max. cycles = 200
conv_tol = 1e-08
davidson only = False
linear dependence = 1e-12
level shift = 0.001
max iter space = 12
max_memory 4000 MB
nroots = 1
pspace_size = 400
spin = None
Density matrix diagonal elements [1.99996715e+00 6.56939875e-05 1.99996715e+00 1.88616148e-10]
CASCI converged
CASCI E = -234.909289945916  E(CI) = -5.65004954421684  S^2 = 0.0000000

******** <class 'pyscf.mcscf.casci.CASCI'> ********
CAS (2e+2e, 4o), ncore = 13, nvir = 33
natorb = False
canonicalization = True
sorting_mo_energy = False
max_memory 4000 MB (current use 453 MB)
******** <class 'pyscf.fci.direct_spin1.FCISolver'> ********
max. cycles = 200
conv_tol = 1e-08
davidson only = False
linear dependence = 1e-12
level shift = 0.001
max iter space = 12
max_memory 4000 MB
nroots = 1
pspace_size = 400
spin = None
Density matrix diagonal elements [1.99996586e+00 6.77024384e-05 1.99996586e+00 5.74278973e-07]
CASCI converged
CASCI E = -234.909292268035  E(CI) = -5.65005186633582  S^2 = 0.0000000

******** <class 'pyscf.mcscf.casci.CASCI'> ********
CAS (2e+2e, 4o), ncore = 13, nvir = 33
natorb = False
canonicalization = True
sorting_mo_energy = False
max_memory 4000 MB (current use 453 MB)
******** <class 'pyscf.fci.direct_spin1.FCISolver'> ********
max. cycles = 200
conv_tol = 1e-08
davidson only = False
linear dependence = 1e-12
level shift = 0.001
max iter space = 12
max_memory 4000 MB
nroots = 1
pspace_size = 400
spin = None
Density matrix diagonal elements [1.99996673e+00 6.63656179e-05 1.99996673e+00 1.78409742e-07]
CASCI converged
CASCI E = -234.909290788738  E(CI) = -5.65005038703899  S^2 = 0.0000000

******** <class 'pyscf.mcscf.casci.CASCI'> ********
CAS (1e+1e, 4o), ncore = 14, nvir = 32
natorb = False
canonicalization = True
sorting_mo_energy = False
max_memory 4000 MB (current use 453 MB)
******** <class 'pyscf.fci.direct_spin1.FCISolver'> ********
max. cycles = 200
conv_tol = 1e-08
davidson only = False
linear dependence = 1e-12
level shift = 0.001
max iter space = 12
max_memory 4000 MB
nroots = 1
pspace_size = 400
spin = None
Density matrix diagonal elements [1.99996146e+00 3.34661240e-05 2.53919008e-06 2.53963939e-06]
CASCI converged
CASCI E = -234.909281436845  E(CI) = -1.32927766436202  S^2 = 0.0000000

******** <class 'pyscf.mcscf.casci.CASCI'> ********
CAS (1e+1e, 4o), ncore = 14, nvir = 32
natorb = False
canonicalization = True
sorting_mo_energy = False
max_memory 4000 MB (current use 453 MB)
******** <class 'pyscf.fci.direct_spin1.FCISolver'> ********
max. cycles = 200
conv_tol = 1e-08
davidson only = False
linear dependence = 1e-12
level shift = 0.001
max iter space = 12
max_memory 4000 MB
nroots = 1
pspace_size = 400
spin = None
Density matrix diagonal elements [1.99982848e+00 9.79957555e-05 1.90932407e-06 7.16177392e-05]
CASCI converged
CASCI E = -234.909316370449  E(CI) = -1.32931259796615  S^2 = 0.0000000

******** <class 'pyscf.mcscf.casci.CASCI'> ********
CAS (1e+1e, 4o), ncore = 14, nvir = 32
natorb = False
canonicalization = True
sorting_mo_energy = False
max_memory 4000 MB (current use 453 MB)
******** <class 'pyscf.fci.direct_spin1.FCISolver'> ********
max. cycles = 200
conv_tol = 1e-08
davidson only = False
linear dependence = 1e-12
level shift = 0.001
max iter space = 12
max_memory 4000 MB
nroots = 1
pspace_size = 400
spin = None
Density matrix diagonal elements [1.99954957e+00 2.83269666e-05 6.61585351e-05 3.55941503e-04]
CASCI converged
CASCI E = -234.909400246282  E(CI) = -1.32939647379982  S^2 = 0.0000000

******** <class 'pyscf.mcscf.casci.CASCI'> ********
CAS (1e+1e, 4o), ncore = 14, nvir = 32
natorb = False
canonicalization = True
sorting_mo_energy = False
max_memory 4000 MB (current use 453 MB)
******** <class 'pyscf.fci.direct_spin1.FCISolver'> ********
max. cycles = 200
conv_tol = 1e-08
davidson only = False
linear dependence = 1e-12
level shift = 0.001
max iter space = 12
max_memory 4000 MB
nroots = 1
pspace_size = 400
spin = None
Density matrix diagonal elements [1.99972768e+00 3.11828589e-05 2.48687001e-06 2.38647453e-04]
CASCI converged
CASCI E = -234.909360645580  E(CI) = -1.32935687309725  S^2 = 0.0000000

******** <class 'pyscf.mcscf.casci.CASCI'> ********
CAS (1e+1e, 4o), ncore = 14, nvir = 32
natorb = False
canonicalization = True
sorting_mo_energy = False
max_memory 4000 MB (current use 453 MB)
******** <class 'pyscf.fci.direct_spin1.FCISolver'> ********
max. cycles = 200
conv_tol = 1e-08
davidson only = False
linear dependence = 1e-12
level shift = 0.001
max iter space = 12
max_memory 4000 MB
nroots = 1
pspace_size = 400
spin = None
Density matrix diagonal elements [1.99992129e+00 4.21070403e-05 2.51472824e-06 3.40914981e-05]
CASCI converged
CASCI E = -234.909294293345  E(CI) = -1.32929052086214  S^2 = 0.0000000

******** <class 'pyscf.mcscf.casci.CASCI'> ********
CAS (1e+1e, 4o), ncore = 14, nvir = 32
natorb = False
canonicalization = True
sorting_mo_energy = False
max_memory 4000 MB (current use 453 MB)
******** <class 'pyscf.fci.direct_spin1.FCISolver'> ********
max. cycles = 200
conv_tol = 1e-08
davidson only = False
linear dependence = 1e-12
level shift = 0.001
max iter space = 12
max_memory 4000 MB
nroots = 1
pspace_size = 400
spin = None
Density matrix diagonal elements [1.99987812e+00 3.09123283e-05 6.24019886e-06 8.47246054e-05]
CASCI converged
CASCI E = -234.909320644299  E(CI) = -1.32931687181599  S^2 = 0.0000000

******** <class 'pyscf.mcscf.casci.CASCI'> ********
CAS (1e+1e, 4o), ncore = 14, nvir = 32
natorb = False
canonicalization = True
sorting_mo_energy = False
max_memory 4000 MB (current use 453 MB)
******** <class 'pyscf.fci.direct_spin1.FCISolver'> ********
max. cycles = 200
conv_tol = 1e-08
davidson only = False
linear dependence = 1e-12
level shift = 0.001
max iter space = 12
max_memory 4000 MB
nroots = 1
pspace_size = 400
spin = None
Density matrix diagonal elements [1.99988664e+00 3.17853419e-05 2.53914357e-06 7.90315834e-05]
CASCI converged
CASCI E = -234.909317567433  E(CI) = -1.32931379495037  S^2 = 0.0000000

******** <class 'pyscf.mcscf.casci.CASCI'> ********
CAS (1e+1e, 4o), ncore = 14, nvir = 32
natorb = False
canonicalization = True
sorting_mo_energy = False
max_memory 4000 MB (current use 453 MB)
******** <class 'pyscf.fci.direct_spin1.FCISolver'> ********
max. cycles = 200
conv_tol = 1e-08
davidson only = False
linear dependence = 1e-12
level shift = 0.001
max iter space = 12
max_memory 4000 MB
nroots = 1
pspace_size = 400
spin = None
Density matrix diagonal elements [1.98773330e+00 1.26270975e-03 1.52290780e-06 1.10024706e-02]
CASCI converged
CASCI E = -234.911235938772  E(CI) = -1.33123216628897  S^2 = 0.0000000

******** <class 'pyscf.mcscf.casci.CASCI'> ********
CAS (1e+1e, 4o), ncore = 14, nvir = 32
natorb = False
canonicalization = True
sorting_mo_energy = False
max_memory 4000 MB (current use 453 MB)
******** <class 'pyscf.fci.direct_spin1.FCISolver'> ********
max. cycles = 200
conv_tol = 1e-08
davidson only = False
linear dependence = 1e-12
level shift = 0.001
max iter space = 12
max_memory 4000 MB
nroots = 1
pspace_size = 400
spin = None
Density matrix diagonal elements [1.99989928e+00 3.71183941e-05 2.48601010e-06 6.11204350e-05]
CASCI converged
CASCI E = -234.909318995456  E(CI) = -1.32931522297321  S^2 = 0.0000000

******** <class 'pyscf.mcscf.casci.CASCI'> ********
CAS (1e+1e, 4o), ncore = 14, nvir = 32
natorb = False
canonicalization = True
sorting_mo_energy = False
max_memory 4000 MB (current use 453 MB)
******** <class 'pyscf.fci.direct_spin1.FCISolver'> ********
max. cycles = 200
conv_tol = 1e-08
davidson only = False
linear dependence = 1e-12
level shift = 0.001
max iter space = 12
max_memory 4000 MB
nroots = 1
pspace_size = 400
spin = None
Density matrix diagonal elements [1.99986548e+00 3.95291882e-05 2.52596216e-06 9.24648363e-05]
CASCI converged
CASCI E = -234.909349718149  E(CI) = -1.32934594566632  S^2 = 0.0000000

******** <class 'pyscf.mcscf.casci.CASCI'> ********
CAS (1e+1e, 4o), ncore = 14, nvir = 32
natorb = False
canonicalization = True
sorting_mo_energy = False
max_memory 4000 MB (current use 453 MB)
******** <class 'pyscf.fci.direct_spin1.FCISolver'> ********
max. cycles = 200
conv_tol = 1e-08
davidson only = False
linear dependence = 1e-12
level shift = 0.001
max iter space = 12
max_memory 4000 MB
nroots = 1
pspace_size = 400
spin = None
Density matrix diagonal elements [1.99996309e+00 3.39958456e-05 2.71403260e-06 1.98763356e-07]
CASCI converged
CASCI E = -234.909280557164  E(CI) = -1.32927678468192  S^2 = 0.0000000

******** <class 'pyscf.mcscf.casci.CASCI'> ********
CAS (1e+1e, 4o), ncore = 14, nvir = 32
natorb = False
canonicalization = True
sorting_mo_energy = False
max_memory 4000 MB (current use 453 MB)
******** <class 'pyscf.fci.direct_spin1.FCISolver'> ********
max. cycles = 200
conv_tol = 1e-08
davidson only = False
linear dependence = 1e-12
level shift = 0.001
max iter space = 12
max_memory 4000 MB
nroots = 1
pspace_size = 400
spin = None
Density matrix diagonal elements [1.99996339e+00 3.39414274e-05 2.58157672e-06 8.66258513e-08]
CASCI converged
CASCI E = -234.909280391245  E(CI) = -1.32927661876238  S^2 = 0.0000000

******** <class 'pyscf.mcscf.casci.CASCI'> ********
CAS (1e+1e, 4o), ncore = 14, nvir = 32
natorb = False
canonicalization = True
sorting_mo_energy = False
max_memory 4000 MB (current use 453 MB)
******** <class 'pyscf.fci.direct_spin1.FCISolver'> ********
max. cycles = 200
conv_tol = 1e-08
davidson only = False
linear dependence = 1e-12
level shift = 0.001
max iter space = 12
max_memory 4000 MB
nroots = 1
pspace_size = 400
spin = None
Density matrix diagonal elements [1.99992754e+00 3.30344964e-05 2.49045245e-06 3.69331612e-05]
CASCI converged
CASCI E = -234.909306612102  E(CI) = -1.32930283961940  S^2 = 0.0000000

******** <class 'pyscf.mcscf.casci.CASCI'> ********
CAS (1e+1e, 4o), ncore = 14, nvir = 32
natorb = False
canonicalization = True
sorting_mo_energy = False
max_memory 4000 MB (current use 453 MB)
******** <class 'pyscf.fci.direct_spin1.FCISolver'> ********
max. cycles = 200
conv_tol = 1e-08
davidson only = False
linear dependence = 1e-12
level shift = 0.001
max iter space = 12
max_memory 4000 MB
nroots = 1
pspace_size = 400
spin = None
Density matrix diagonal elements [1.98748481e+00 2.05057068e-05 1.27262529e-06 1.24934105e-02]
CASCI converged
CASCI E = -234.918901540867  E(CI) = -1.33889776838473  S^2 = 0.0000000

******** <class 'pyscf.mcscf.casci.CASCI'> ********
CAS (1e+1e, 4o), ncore = 14, nvir = 32
natorb = False
canonicalization = True
sorting_mo_energy = False
max_memory 4000 MB (current use 453 MB)
******** <class 'pyscf.fci.direct_spin1.FCISolver'> ********
max. cycles = 200
conv_tol = 1e-08
davidson only = False
linear dependence = 1e-12
level shift = 0.001
max iter space = 12
max_memory 4000 MB
nroots = 1
pspace_size = 400
spin = None
Density matrix diagonal elements [1.99990825e+00 3.28807772e-05 4.49206437e-06 5.43813998e-05]
CASCI converged
CASCI E = -234.909328528878  E(CI) = -1.32932475639515  S^2 = 0.0000000

******** <class 'pyscf.mcscf.casci.CASCI'> ********
CAS (1e+1e, 4o), ncore = 14, nvir = 32
natorb = False
canonicalization = True
sorting_mo_energy = False
max_memory 4000 MB (current use 453 MB)
******** <class 'pyscf.fci.direct_spin1.FCISolver'> ********
max. cycles = 200
conv_tol = 1e-08
davidson only = False
linear dependence = 1e-12
level shift = 0.001
max iter space = 12
max_memory 4000 MB
nroots = 1
pspace_size = 400
spin = None
Density matrix diagonal elements [1.99991264e+00 3.26832337e-05 2.57201091e-06 5.21094582e-05]
CASCI converged
CASCI E = -234.909326423862  E(CI) = -1.32932265137919  S^2 = 0.0000000

******** <class 'pyscf.mcscf.casci.CASCI'> ********
CAS (1e+1e, 4o), ncore = 14, nvir = 32
natorb = False
canonicalization = True
sorting_mo_energy = False
max_memory 4000 MB (current use 453 MB)
******** <class 'pyscf.fci.direct_spin1.FCISolver'> ********
max. cycles = 200
conv_tol = 1e-08
davidson only = False
linear dependence = 1e-12
level shift = 0.001
max iter space = 12
max_memory 4000 MB
nroots = 1
pspace_size = 400
spin = None
Density matrix diagonal elements [1.99995728e+00 3.47687923e-05 2.57357058e-06 5.37979607e-06]
CASCI converged
CASCI E = -234.909287390644  E(CI) = -1.32928361816133  S^2 = 0.0000000

******** <class 'pyscf.mcscf.casci.CASCI'> ********
CAS (1e+1e, 4o), ncore = 14, nvir = 32
natorb = False
canonicalization = True
sorting_mo_energy = False
max_memory 4000 MB (current use 453 MB)
******** <class 'pyscf.fci.direct_spin1.FCISolver'> ********
max. cycles = 200
conv_tol = 1e-08
davidson only = False
linear dependence = 1e-12
level shift = 0.001
max iter space = 12
max_memory 4000 MB
nroots = 1
pspace_size = 400
spin = None
Density matrix diagonal elements [1.99995261e+00 3.39351896e-05 2.56354331e-06 1.08875681e-05]
CASCI converged
CASCI E = -234.909293713167  E(CI) = -1.32928994068484  S^2 = 0.0000000

******** <class 'pyscf.mcscf.casci.CASCI'> ********
CAS (1e+1e, 4o), ncore = 14, nvir = 32
natorb = False
canonicalization = True
sorting_mo_energy = False
max_memory 4000 MB (current use 453 MB)
******** <class 'pyscf.fci.direct_spin1.FCISolver'> ********
max. cycles = 200
conv_tol = 1e-08
davidson only = False
linear dependence = 1e-12
level shift = 0.001
max iter space = 12
max_memory 4000 MB
nroots = 1
pspace_size = 400
spin = None
Density matrix diagonal elements [1.99996115e+00 3.43243698e-05 2.57516500e-06 1.95081482e-06]
CASCI converged
CASCI E = -234.909283462467  E(CI) = -1.32927968998453  S^2 = 0.0000000

******** <class 'pyscf.mcscf.casci.CASCI'> ********
CAS (1e+1e, 4o), ncore = 14, nvir = 32
natorb = False
canonicalization = True
sorting_mo_energy = False
max_memory 4000 MB (current use 453 MB)
******** <class 'pyscf.fci.direct_spin1.FCISolver'> ********
max. cycles = 200
conv_tol = 1e-08
davidson only = False
linear dependence = 1e-12
level shift = 0.001
max iter space = 12
max_memory 4000 MB
nroots = 1
pspace_size = 400
spin = None
Density matrix diagonal elements [1.99996345e+00 3.39501591e-05 2.58228321e-06 1.43813248e-08]
CASCI converged
CASCI E = -234.909280318578  E(CI) = -1.32927654609497  S^2 = 0.0000000

******** <class 'pyscf.mcscf.casci.CASCI'> ********
CAS (1e+1e, 4o), ncore = 14, nvir = 32
natorb = False
canonicalization = True
sorting_mo_energy = False
max_memory 4000 MB (current use 453 MB)
******** <class 'pyscf.fci.direct_spin1.FCISolver'> ********
max. cycles = 200
conv_tol = 1e-08
davidson only = False
linear dependence = 1e-12
level shift = 0.001
max iter space = 12
max_memory 4000 MB
nroots = 1
pspace_size = 400
spin = None
Density matrix diagonal elements [1.99996344e+00 3.39492057e-05 2.58890008e-06 1.86488422e-08]
CASCI converged
CASCI E = -234.909280328260  E(CI) = -1.32927655577731  S^2 = 0.0000000

******** <class 'pyscf.mcscf.casci.CASCI'> ********
CAS (1e+1e, 4o), ncore = 14, nvir = 32
natorb = False
canonicalization = True
sorting_mo_energy = False
max_memory 4000 MB (current use 453 MB)
******** <class 'pyscf.fci.direct_spin1.FCISolver'> ********
max. cycles = 200
conv_tol = 1e-08
davidson only = False
linear dependence = 1e-12
level shift = 0.001
max iter space = 12
max_memory 4000 MB
nroots = 1
pspace_size = 400
spin = None
Density matrix diagonal elements [1.99996270e+00 3.45436967e-05 2.58013408e-06 1.81154749e-07]
CASCI converged
CASCI E = -234.909280689828  E(CI) = -1.32927691734534  S^2 = 0.0000000

******** <class 'pyscf.mcscf.casci.CASCI'> ********
CAS (1e+1e, 4o), ncore = 14, nvir = 32
natorb = False
canonicalization = True
sorting_mo_energy = False
max_memory 4000 MB (current use 453 MB)
******** <class 'pyscf.fci.direct_spin1.FCISolver'> ********
max. cycles = 200
conv_tol = 1e-08
davidson only = False
linear dependence = 1e-12
level shift = 0.001
max iter space = 12
max_memory 4000 MB
nroots = 1
pspace_size = 400
spin = None
Density matrix diagonal elements [1.99996347e+00 3.39514025e-05 2.58238372e-06 2.75441644e-10]
CASCI converged
CASCI E = -234.909280291330  E(CI) = -1.32927651884719  S^2 = 0.0000000

******** <class 'pyscf.mcscf.casci.CASCI'> ********
CAS (1e+1e, 4o), ncore = 14, nvir = 32
natorb = False
canonicalization = True
sorting_mo_energy = False
max_memory 4000 MB (current use 453 MB)
******** <class 'pyscf.fci.direct_spin1.FCISolver'> ********
max. cycles = 200
conv_tol = 1e-08
davidson only = False
linear dependence = 1e-12
level shift = 0.001
max iter space = 12
max_memory 4000 MB
nroots = 1
pspace_size = 400
spin = None
Density matrix diagonal elements [1.99996341e+00 3.39492671e-05 2.58184993e-06 5.65747617e-08]
CASCI converged
CASCI E = -234.909280426761  E(CI) = -1.32927665427826  S^2 = 0.0000000

******** <class 'pyscf.mcscf.casci.CASCI'> ********
CAS (1e+1e, 4o), ncore = 14, nvir = 32
natorb = False
canonicalization = True
sorting_mo_energy = False
max_memory 4000 MB (current use 453 MB)
******** <class 'pyscf.fci.direct_spin1.FCISolver'> ********
max. cycles = 200
conv_tol = 1e-08
davidson only = False
linear dependence = 1e-12
level shift = 0.001
max iter space = 12
max_memory 4000 MB
nroots = 1
pspace_size = 400
spin = None
Density matrix diagonal elements [1.99996345e+00 3.39494342e-05 2.58100837e-06 1.48296622e-08]
CASCI converged
CASCI E = -234.909280326936  E(CI) = -1.32927655445309  S^2 = 0.0000000

******** <class 'pyscf.mcscf.casci.CASCI'> ********
CAS (1e+1e, 4o), ncore = 14, nvir = 32
natorb = False
canonicalization = True
sorting_mo_energy = False
max_memory 4000 MB (current use 453 MB)
******** <class 'pyscf.fci.direct_spin1.FCISolver'> ********
max. cycles = 200
conv_tol = 1e-08
davidson only = False
linear dependence = 1e-12
level shift = 0.001
max iter space = 12
max_memory 4000 MB
nroots = 1
pspace_size = 400
spin = None
Density matrix diagonal elements [1.99996345e+00 3.39489290e-05 2.58235579e-06 1.44379319e-08]
CASCI converged
CASCI E = -234.909280325850  E(CI) = -1.32927655336738  S^2 = 0.0000000

******** <class 'pyscf.mcscf.casci.CASCI'> ********
CAS (1e+1e, 4o), ncore = 14, nvir = 32
natorb = False
canonicalization = True
sorting_mo_energy = False
max_memory 4000 MB (current use 453 MB)
******** <class 'pyscf.fci.direct_spin1.FCISolver'> ********
max. cycles = 200
conv_tol = 1e-08
davidson only = False
linear dependence = 1e-12
level shift = 0.001
max iter space = 12
max_memory 4000 MB
nroots = 1
pspace_size = 400
spin = None
Density matrix diagonal elements [1.99996344e+00 3.39620216e-05 2.58215638e-06 1.09605223e-08]
CASCI converged
CASCI E = -234.909280324542  E(CI) = -1.32927655205953  S^2 = 0.0000000

******** <class 'pyscf.mcscf.casci.CASCI'> ********
CAS (1e+1e, 4o), ncore = 14, nvir = 32
natorb = False
canonicalization = True
sorting_mo_energy = False
max_memory 4000 MB (current use 453 MB)
******** <class 'pyscf.fci.direct_spin1.FCISolver'> ********
max. cycles = 200
conv_tol = 1e-08
davidson only = False
linear dependence = 1e-12
level shift = 0.001
max iter space = 12
max_memory 4000 MB
nroots = 1
pspace_size = 400
spin = None
Density matrix diagonal elements [1.99996347e+00 3.39515637e-05 2.58242287e-06 7.53659169e-17]
CASCI converged
CASCI E = -234.909280290667  E(CI) = -1.32927651818466  S^2 = 0.0000000

******** <class 'pyscf.mcscf.casci.CASCI'> ********
CAS (1e+1e, 4o), ncore = 14, nvir = 32
natorb = False
canonicalization = True
sorting_mo_energy = False
max_memory 4000 MB (current use 453 MB)
******** <class 'pyscf.fci.direct_spin1.FCISolver'> ********
max. cycles = 200
conv_tol = 1e-08
davidson only = False
linear dependence = 1e-12
level shift = 0.001
max iter space = 12
max_memory 4000 MB
nroots = 1
pspace_size = 400
spin = None
Density matrix diagonal elements [1.99996347e+00 3.39515621e-05 2.58239350e-06 2.45333837e-11]
CASCI converged
CASCI E = -234.909280290759  E(CI) = -1.32927651827634  S^2 = 0.0000000

******** <class 'pyscf.mcscf.casci.CASCI'> ********
CAS (1e+1e, 4o), ncore = 14, nvir = 32
natorb = False
canonicalization = True
sorting_mo_energy = False
max_memory 4000 MB (current use 453 MB)
******** <class 'pyscf.fci.direct_spin1.FCISolver'> ********
max. cycles = 200
conv_tol = 1e-08
davidson only = False
linear dependence = 1e-12
level shift = 0.001
max iter space = 12
max_memory 4000 MB
nroots = 1
pspace_size = 400
spin = None
Density matrix diagonal elements [1.99996347e+00 3.39514198e-05 2.58249460e-06 1.41250628e-10]
CASCI converged
CASCI E = -234.909280291260  E(CI) = -1.32927651877756  S^2 = 0.0000000

******** <class 'pyscf.mcscf.casci.CASCI'> ********
CAS (1e+1e, 4o), ncore = 14, nvir = 32
natorb = False
canonicalization = True
sorting_mo_energy = False
max_memory 4000 MB (current use 453 MB)
******** <class 'pyscf.fci.direct_spin1.FCISolver'> ********
max. cycles = 200
conv_tol = 1e-08
davidson only = False
linear dependence = 1e-12
level shift = 0.001
max iter space = 12
max_memory 4000 MB
nroots = 1
pspace_size = 400
spin = None
Density matrix diagonal elements [1.99996347e+00 3.39515307e-05 2.58241513e-06 9.37306338e-11]
CASCI converged
CASCI E = -234.909280291055  E(CI) = -1.32927651857202  S^2 = 0.0000000

******** <class 'pyscf.mcscf.casci.CASCI'> ********
CAS (1e+1e, 4o), ncore = 14, nvir = 32
natorb = False
canonicalization = True
sorting_mo_energy = False
max_memory 4000 MB (current use 453 MB)
******** <class 'pyscf.fci.direct_spin1.FCISolver'> ********
max. cycles = 200
conv_tol = 1e-08
davidson only = False
linear dependence = 1e-12
level shift = 0.001
max iter space = 12
max_memory 4000 MB
nroots = 1
pspace_size = 400
spin = None
Density matrix diagonal elements [1.99996213e+00 3.50008790e-05 2.58255755e-06 2.90623068e-07]
CASCI converged
CASCI E = -234.909281462653  E(CI) = -1.32927769017056  S^2 = 0.0000000

******** <class 'pyscf.mcscf.casci.CASCI'> ********
CAS (1e+1e, 4o), ncore = 14, nvir = 32
natorb = False
canonicalization = True
sorting_mo_energy = False
max_memory 4000 MB (current use 453 MB)
******** <class 'pyscf.fci.direct_spin1.FCISolver'> ********
max. cycles = 200
conv_tol = 1e-08
davidson only = False
linear dependence = 1e-12
level shift = 0.001
max iter space = 12
max_memory 4000 MB
nroots = 1
pspace_size = 400
spin = None
Density matrix diagonal elements [1.99996302e+00 3.43026529e-05 2.58310067e-06 9.02304521e-08]
CASCI converged
CASCI E = -234.909280716222  E(CI) = -1.32927694373902  S^2 = 0.0000000

******** <class 'pyscf.mcscf.casci.CASCI'> ********
CAS (1e+1e, 4o), ncore = 14, nvir = 32
natorb = False
canonicalization = True
sorting_mo_energy = False
max_memory 4000 MB (current use 453 MB)
******** <class 'pyscf.fci.direct_spin1.FCISolver'> ********
max. cycles = 200
conv_tol = 1e-08
davidson only = False
linear dependence = 1e-12
level shift = 0.001
max iter space = 12
max_memory 4000 MB
nroots = 1
pspace_size = 400
spin = None
Density matrix diagonal elements [1.99982848e+00 9.79956756e-05 1.90973677e-06 7.16177015e-05]
CASCI converged
CASCI E = -234.909316370633  E(CI) = -1.32931259815055  S^2 = 0.0000000

******** <class 'pyscf.mcscf.casci.CASCI'> ********
CAS (1e+1e, 4o), ncore = 14, nvir = 32
natorb = False
canonicalization = True
sorting_mo_energy = False
max_memory 4000 MB (current use 453 MB)
******** <class 'pyscf.fci.direct_spin1.FCISolver'> ********
max. cycles = 200
conv_tol = 1e-08
davidson only = False
linear dependence = 1e-12
level shift = 0.001
max iter space = 12
max_memory 4000 MB
nroots = 1
pspace_size = 400
spin = None
Density matrix diagonal elements [1.99972782e+00 3.11838293e-05 2.48733954e-06 2.38506504e-04]
CASCI converged
CASCI E = -234.909360607799  E(CI) = -1.32935683531687  S^2 = 0.0000000

******** <class 'pyscf.mcscf.casci.CASCI'> ********
CAS (1e+1e, 4o), ncore = 14, nvir = 32
natorb = False
canonicalization = True
sorting_mo_energy = False
max_memory 4000 MB (current use 453 MB)
******** <class 'pyscf.fci.direct_spin1.FCISolver'> ********
max. cycles = 200
conv_tol = 1e-08
davidson only = False
linear dependence = 1e-12
level shift = 0.001
max iter space = 12
max_memory 4000 MB
nroots = 1
pspace_size = 400
spin = None
Density matrix diagonal elements [1.99954931e+00 2.83248617e-05 6.61973708e-05 3.56170194e-04]
CASCI converged
CASCI E = -234.909400304984  E(CI) = -1.32939653250139  S^2 = 0.0000000

******** <class 'pyscf.mcscf.casci.CASCI'> ********
CAS (1e+1e, 4o), ncore = 14, nvir = 32
natorb = False
canonicalization = True
sorting_mo_energy = False
max_memory 4000 MB (current use 453 MB)
******** <class 'pyscf.fci.direct_spin1.FCISolver'> ********
max. cycles = 200
conv_tol = 1e-08
davidson only = False
linear dependence = 1e-12
level shift = 0.001
max iter space = 12
max_memory 4000 MB
nroots = 1
pspace_size = 400
spin = None
Density matrix diagonal elements [1.99992129e+00 4.21069970e-05 2.51516944e-06 3.40914894e-05]
CASCI converged
CASCI E = -234.909294293541  E(CI) = -1.32929052105891  S^2 = 0.0000000

******** <class 'pyscf.mcscf.casci.CASCI'> ********
CAS (1e+1e, 4o), ncore = 14, nvir = 32
natorb = False
canonicalization = True
sorting_mo_energy = False
max_memory 4000 MB (current use 453 MB)
******** <class 'pyscf.fci.direct_spin1.FCISolver'> ********
max. cycles = 200
conv_tol = 1e-08
davidson only = False
linear dependence = 1e-12
level shift = 0.001
max iter space = 12
max_memory 4000 MB
nroots = 1
pspace_size = 400
spin = None
Density matrix diagonal elements [1.99988667e+00 3.17855466e-05 2.53959933e-06 7.90037778e-05]
CASCI converged
CASCI E = -234.909317556130  E(CI) = -1.32931378364754  S^2 = 0.0000000

******** <class 'pyscf.mcscf.casci.CASCI'> ********
CAS (1e+1e, 4o), ncore = 14, nvir = 32
natorb = False
canonicalization = True
sorting_mo_energy = False
max_memory 4000 MB (current use 453 MB)
******** <class 'pyscf.fci.direct_spin1.FCISolver'> ********
max. cycles = 200
conv_tol = 1e-08
davidson only = False
linear dependence = 1e-12
level shift = 0.001
max iter space = 12
max_memory 4000 MB
nroots = 1
pspace_size = 400
spin = None
Density matrix diagonal elements [1.99987810e+00 3.09125144e-05 6.23701541e-06 8.47474378e-05]
CASCI converged
CASCI E = -234.909320653041  E(CI) = -1.32931688055868  S^2 = 0.0000000

******** <class 'pyscf.mcscf.casci.CASCI'> ********
CAS (1e+1e, 4o), ncore = 14, nvir = 32
natorb = False
canonicalization = True
sorting_mo_energy = False
max_memory 4000 MB (current use 453 MB)
******** <class 'pyscf.fci.direct_spin1.FCISolver'> ********
max. cycles = 200
conv_tol = 1e-08
davidson only = False
linear dependence = 1e-12
level shift = 0.001
max iter space = 12
max_memory 4000 MB
nroots = 1
pspace_size = 400
spin = None
Density matrix diagonal elements [1.98773330e+00 1.26270987e-03 1.52339079e-06 1.10024705e-02]
CASCI converged
CASCI E = -234.911235938989  E(CI) = -1.33123216650597  S^2 = 0.0000000

******** <class 'pyscf.mcscf.casci.CASCI'> ********
CAS (1e+1e, 4o), ncore = 14, nvir = 32
natorb = False
canonicalization = True
sorting_mo_energy = False
max_memory 4000 MB (current use 453 MB)
******** <class 'pyscf.fci.direct_spin1.FCISolver'> ********
max. cycles = 200
conv_tol = 1e-08
davidson only = False
linear dependence = 1e-12
level shift = 0.001
max iter space = 12
max_memory 4000 MB
nroots = 1
pspace_size = 400
spin = None
Density matrix diagonal elements [1.99989927e+00 3.71183510e-05 2.48644980e-06 6.11204290e-05]
CASCI converged
CASCI E = -234.909318995652  E(CI) = -1.32931522316932  S^2 = 0.0000000

******** <class 'pyscf.mcscf.casci.CASCI'> ********
CAS (1e+1e, 4o), ncore = 14, nvir = 32
natorb = False
canonicalization = True
sorting_mo_energy = False
max_memory 4000 MB (current use 453 MB)
******** <class 'pyscf.fci.direct_spin1.FCISolver'> ********
max. cycles = 200
conv_tol = 1e-08
davidson only = False
linear dependence = 1e-12
level shift = 0.001
max iter space = 12
max_memory 4000 MB
nroots = 1
pspace_size = 400
spin = None
Density matrix diagonal elements [1.99986548e+00 3.95291459e-05 2.52640677e-06 9.24648337e-05]
CASCI converged
CASCI E = -234.909349718347  E(CI) = -1.32934594586465  S^2 = 0.0000000

******** <class 'pyscf.mcscf.casci.CASCI'> ********
CAS (1e+1e, 4o), ncore = 14, nvir = 32
natorb = False
canonicalization = True
sorting_mo_energy = False
max_memory 4000 MB (current use 453 MB)
******** <class 'pyscf.fci.direct_spin1.FCISolver'> ********
max. cycles = 200
conv_tol = 1e-08
davidson only = False
linear dependence = 1e-12
level shift = 0.001
max iter space = 12
max_memory 4000 MB
nroots = 1
pspace_size = 400
spin = None
Density matrix diagonal elements [1.99996339e+00 3.39413867e-05 2.58202606e-06 8.66350864e-08]
CASCI converged
CASCI E = -234.909280391456  E(CI) = -1.32927661897330  S^2 = 0.0000000

******** <class 'pyscf.mcscf.casci.CASCI'> ********
CAS (1e+1e, 4o), ncore = 14, nvir = 32
natorb = False
canonicalization = True
sorting_mo_energy = False
max_memory 4000 MB (current use 453 MB)
******** <class 'pyscf.fci.direct_spin1.FCISolver'> ********
max. cycles = 200
conv_tol = 1e-08
davidson only = False
linear dependence = 1e-12
level shift = 0.001
max iter space = 12
max_memory 4000 MB
nroots = 1
pspace_size = 400
spin = None
Density matrix diagonal elements [1.99996309e+00 3.39958082e-05 2.71449992e-06 1.98764676e-07]
CASCI converged
CASCI E = -234.909280557370  E(CI) = -1.32927678488747  S^2 = 0.0000000

******** <class 'pyscf.mcscf.casci.CASCI'> ********
CAS (1e+1e, 4o), ncore = 14, nvir = 32
natorb = False
canonicalization = True
sorting_mo_energy = False
max_memory 4000 MB (current use 453 MB)
******** <class 'pyscf.fci.direct_spin1.FCISolver'> ********
max. cycles = 200
conv_tol = 1e-08
davidson only = False
linear dependence = 1e-12
level shift = 0.001
max iter space = 12
max_memory 4000 MB
nroots = 1
pspace_size = 400
spin = None
Density matrix diagonal elements [1.99992754e+00 3.30344458e-05 2.49086722e-06 3.69331434e-05]
CASCI converged
CASCI E = -234.909306612287  E(CI) = -1.32930283980423  S^2 = 0.0000000

******** <class 'pyscf.mcscf.casci.CASCI'> ********
CAS (1e+1e, 4o), ncore = 14, nvir = 32
natorb = False
canonicalization = True
sorting_mo_energy = False
max_memory 4000 MB (current use 453 MB)
******** <class 'pyscf.fci.direct_spin1.FCISolver'> ********
max. cycles = 200
conv_tol = 1e-08
davidson only = False
linear dependence = 1e-12
level shift = 0.001
max iter space = 12
max_memory 4000 MB
nroots = 1
pspace_size = 400
spin = None
Density matrix diagonal elements [1.98748481e+00 2.05056697e-05 1.27299668e-06 1.24934104e-02]
CASCI converged
CASCI E = -234.918901541035  E(CI) = -1.33889776855295  S^2 = 0.0000000

******** <class 'pyscf.mcscf.casci.CASCI'> ********
CAS (1e+1e, 4o), ncore = 14, nvir = 32
natorb = False
canonicalization = True
sorting_mo_energy = False
max_memory 4000 MB (current use 453 MB)
******** <class 'pyscf.fci.direct_spin1.FCISolver'> ********
max. cycles = 200
conv_tol = 1e-08
davidson only = False
linear dependence = 1e-12
level shift = 0.001
max iter space = 12
max_memory 4000 MB
nroots = 1
pspace_size = 400
spin = None
Density matrix diagonal elements [1.99991264e+00 3.26832307e-05 2.57245979e-06 5.21029468e-05]
CASCI converged
CASCI E = -234.909326418312  E(CI) = -1.32932264582925  S^2 = 0.0000000

******** <class 'pyscf.mcscf.casci.CASCI'> ********
CAS (1e+1e, 4o), ncore = 14, nvir = 32
natorb = False
canonicalization = True
sorting_mo_energy = False
max_memory 4000 MB (current use 453 MB)
******** <class 'pyscf.fci.direct_spin1.FCISolver'> ********
max. cycles = 200
conv_tol = 1e-08
davidson only = False
linear dependence = 1e-12
level shift = 0.001
max iter space = 12
max_memory 4000 MB
nroots = 1
pspace_size = 400
spin = None
Density matrix diagonal elements [1.99990824e+00 3.28807704e-05 4.49415399e-06 5.43897860e-05]
CASCI converged
CASCI E = -234.909328536542  E(CI) = -1.32932476405963  S^2 = 0.0000000

******** <class 'pyscf.mcscf.casci.CASCI'> ********
CAS (1e+1e, 4o), ncore = 14, nvir = 32
natorb = False
canonicalization = True
sorting_mo_energy = False
max_memory 4000 MB (current use 453 MB)
******** <class 'pyscf.fci.direct_spin1.FCISolver'> ********
max. cycles = 200
conv_tol = 1e-08
davidson only = False
linear dependence = 1e-12
level shift = 0.001
max iter space = 12
max_memory 4000 MB
nroots = 1
pspace_size = 400
spin = None
Density matrix diagonal elements [1.99995728e+00 3.47687527e-05 2.57402285e-06 5.37979703e-06]
CASCI converged
CASCI E = -234.909287390846  E(CI) = -1.32928361836304  S^2 = 0.0000000

******** <class 'pyscf.mcscf.casci.CASCI'> ********
CAS (1e+1e, 4o), ncore = 14, nvir = 32
natorb = False
canonicalization = True
sorting_mo_energy = False
max_memory 4000 MB (current use 453 MB)
******** <class 'pyscf.fci.direct_spin1.FCISolver'> ********
max. cycles = 200
conv_tol = 1e-08
davidson only = False
linear dependence = 1e-12
level shift = 0.001
max iter space = 12
max_memory 4000 MB
nroots = 1
pspace_size = 400
spin = None
Density matrix diagonal elements [1.99995261e+00 3.39351503e-05 2.56399313e-06 1.08875683e-05]
CASCI converged
CASCI E = -234.909293713368  E(CI) = -1.32928994088545  S^2 = 0.0000000

******** <class 'pyscf.mcscf.casci.CASCI'> ********
CAS (1e+1e, 4o), ncore = 14, nvir = 32
natorb = False
canonicalization = True
sorting_mo_energy = False
max_memory 4000 MB (current use 453 MB)
******** <class 'pyscf.fci.direct_spin1.FCISolver'> ********
max. cycles = 200
conv_tol = 1e-08
davidson only = False
linear dependence = 1e-12
level shift = 0.001
max iter space = 12
max_memory 4000 MB
nroots = 1
pspace_size = 400
spin = None
Density matrix diagonal elements [1.99996115e+00 3.43243298e-05 2.57561444e-06 1.95081485e-06]
CASCI converged
CASCI E = -234.909283462668  E(CI) = -1.32927969018493  S^2 = 0.0000000

******** <class 'pyscf.mcscf.casci.CASCI'> ********
CAS (1e+1e, 4o), ncore = 14, nvir = 32
natorb = False
canonicalization = True
sorting_mo_energy = False
max_memory 4000 MB (current use 453 MB)
******** <class 'pyscf.fci.direct_spin1.FCISolver'> ********
max. cycles = 200
conv_tol = 1e-08
davidson only = False
linear dependence = 1e-12
level shift = 0.001
max iter space = 12
max_memory 4000 MB
nroots = 1
pspace_size = 400
spin = None
Density matrix diagonal elements [1.99996344e+00 3.39491649e-05 2.58935946e-06 1.86584621e-08]
CASCI converged
CASCI E = -234.909280328481  E(CI) = -1.32927655599806  S^2 = 0.0000000

******** <class 'pyscf.mcscf.casci.CASCI'> ********
CAS (1e+1e, 4o), ncore = 14, nvir = 32
natorb = False
canonicalization = True
sorting_mo_energy = False
max_memory 4000 MB (current use 453 MB)
******** <class 'pyscf.fci.direct_spin1.FCISolver'> ********
max. cycles = 200
conv_tol = 1e-08
davidson only = False
linear dependence = 1e-12
level shift = 0.001
max iter space = 12
max_memory 4000 MB
nroots = 1
pspace_size = 400
spin = None
Density matrix diagonal elements [1.99996345e+00 3.39501195e-05 2.58273261e-06 1.43781935e-08]
CASCI converged
CASCI E = -234.909280318772  E(CI) = -1.32927654628935  S^2 = 0.0000000

******** <class 'pyscf.mcscf.casci.CASCI'> ********
CAS (1e+1e, 4o), ncore = 14, nvir = 32
natorb = False
canonicalization = True
sorting_mo_energy = False
max_memory 4000 MB (current use 453 MB)
******** <class 'pyscf.fci.direct_spin1.FCISolver'> ********
max. cycles = 200
conv_tol = 1e-08
davidson only = False
linear dependence = 1e-12
level shift = 0.001
max iter space = 12
max_memory 4000 MB
nroots = 1
pspace_size = 400
spin = None
Density matrix diagonal elements [1.99996269e+00 3.45436564e-05 2.58058312e-06 1.81154683e-07]
CASCI converged
CASCI E = -234.909280690028  E(CI) = -1.32927691754560  S^2 = 0.0000000

******** <class 'pyscf.mcscf.casci.CASCI'> ********
CAS (1e+1e, 4o), ncore = 14, nvir = 32
natorb = False
canonicalization = True
sorting_mo_energy = False
max_memory 4000 MB (current use 453 MB)
******** <class 'pyscf.fci.direct_spin1.FCISolver'> ********
max. cycles = 200
conv_tol = 1e-08
davidson only = False
linear dependence = 1e-12
level shift = 0.001
max iter space = 12
max_memory 4000 MB
nroots = 1
pspace_size = 400
spin = None
Density matrix diagonal elements [1.99996347e+00 3.39513626e-05 2.58283308e-06 2.75440743e-10]
CASCI converged
CASCI E = -234.909280291530  E(CI) = -1.32927651904757  S^2 = 0.0000000

******** <class 'pyscf.mcscf.casci.CASCI'> ********
CAS (1e+1e, 4o), ncore = 14, nvir = 32
natorb = False
canonicalization = True
sorting_mo_energy = False
max_memory 4000 MB (current use 453 MB)
******** <class 'pyscf.fci.direct_spin1.FCISolver'> ********
max. cycles = 200
conv_tol = 1e-08
davidson only = False
linear dependence = 1e-12
level shift = 0.001
max iter space = 12
max_memory 4000 MB
nroots = 1
pspace_size = 400
spin = None
Density matrix diagonal elements [1.99996341e+00 3.39492272e-05 2.58229943e-06 5.65747875e-08]
CASCI converged
CASCI E = -234.909280426961  E(CI) = -1.32927665447872  S^2 = 0.0000000

******** <class 'pyscf.mcscf.casci.CASCI'> ********
CAS (1e+1e, 4o), ncore = 14, nvir = 32
natorb = False
canonicalization = True
sorting_mo_energy = False
max_memory 4000 MB (current use 453 MB)
******** <class 'pyscf.fci.direct_spin1.FCISolver'> ********
max. cycles = 200
conv_tol = 1e-08
davidson only = False
linear dependence = 1e-12
level shift = 0.001
max iter space = 12
max_memory 4000 MB
nroots = 1
pspace_size = 400
spin = None
Density matrix diagonal elements [1.99996345e+00 3.39488891e-05 2.58280517e-06 1.44376039e-08]
CASCI converged
CASCI E = -234.909280326049  E(CI) = -1.32927655356693  S^2 = 0.0000000

******** <class 'pyscf.mcscf.casci.CASCI'> ********
CAS (1e+1e, 4o), ncore = 14, nvir = 32
natorb = False
canonicalization = True
sorting_mo_energy = False
max_memory 4000 MB (current use 453 MB)
******** <class 'pyscf.fci.direct_spin1.FCISolver'> ********
max. cycles = 200
conv_tol = 1e-08
davidson only = False
linear dependence = 1e-12
level shift = 0.001
max iter space = 12
max_memory 4000 MB
nroots = 1
pspace_size = 400
spin = None
Density matrix diagonal elements [1.99996345e+00 3.39493938e-05 2.58145836e-06 1.48289168e-08]
CASCI converged
CASCI E = -234.909280327134  E(CI) = -1.32927655465141  S^2 = 0.0000000

******** <class 'pyscf.mcscf.casci.CASCI'> ********
CAS (1e+1e, 4o), ncore = 14, nvir = 32
natorb = False
canonicalization = True
sorting_mo_energy = False
max_memory 4000 MB (current use 453 MB)
******** <class 'pyscf.fci.direct_spin1.FCISolver'> ********
max. cycles = 200
conv_tol = 1e-08
davidson only = False
linear dependence = 1e-12
level shift = 0.001
max iter space = 12
max_memory 4000 MB
nroots = 1
pspace_size = 400
spin = None
Density matrix diagonal elements [1.99996344e+00 3.39619817e-05 2.58260578e-06 1.09605264e-08]
CASCI converged
CASCI E = -234.909280324742  E(CI) = -1.32927655225993  S^2 = 0.0000000

******** <class 'pyscf.mcscf.casci.CASCI'> ********
CAS (1e+1e, 4o), ncore = 14, nvir = 32
natorb = False
canonicalization = True
sorting_mo_energy = False
max_memory 4000 MB (current use 453 MB)
******** <class 'pyscf.fci.direct_spin1.FCISolver'> ********
max. cycles = 200
conv_tol = 1e-08
davidson only = False
linear dependence = 1e-12
level shift = 0.001
max iter space = 12
max_memory 4000 MB
nroots = 1
pspace_size = 400
spin = None
Density matrix diagonal elements [1.99996347e+00 3.39515238e-05 2.58287224e-06 9.61416865e-17]
CASCI converged
CASCI E = -234.909280290868  E(CI) = -1.32927651838506  S^2 = 0.0000000

******** <class 'pyscf.mcscf.casci.CASCI'> ********
CAS (1e+1e, 4o), ncore = 14, nvir = 32
natorb = False
canonicalization = True
sorting_mo_energy = False
max_memory 4000 MB (current use 453 MB)
******** <class 'pyscf.fci.direct_spin1.FCISolver'> ********
max. cycles = 200
conv_tol = 1e-08
davidson only = False
linear dependence = 1e-12
level shift = 0.001
max iter space = 12
max_memory 4000 MB
nroots = 1
pspace_size = 400
spin = None
Density matrix diagonal elements [1.99996347e+00 3.39515223e-05 2.58284287e-06 2.45339913e-11]
CASCI converged
CASCI E = -234.909280290959  E(CI) = -1.32927651847675  S^2 = 0.0000000

******** <class 'pyscf.mcscf.casci.CASCI'> ********
CAS (1e+1e, 4o), ncore = 14, nvir = 32
natorb = False
canonicalization = True
sorting_mo_energy = False
max_memory 4000 MB (current use 453 MB)
******** <class 'pyscf.fci.direct_spin1.FCISolver'> ********
max. cycles = 200
conv_tol = 1e-08
davidson only = False
linear dependence = 1e-12
level shift = 0.001
max iter space = 12
max_memory 4000 MB
nroots = 1
pspace_size = 400
spin = None
Density matrix diagonal elements [1.99996347e+00 3.39514908e-05 2.58286450e-06 9.37288948e-11]
CASCI converged
CASCI E = -234.909280291255  E(CI) = -1.32927651877239  S^2 = 0.0000000

******** <class 'pyscf.mcscf.casci.CASCI'> ********
CAS (1e+1e, 4o), ncore = 14, nvir = 32
natorb = False
canonicalization = True
sorting_mo_energy = False
max_memory 4000 MB (current use 453 MB)
******** <class 'pyscf.fci.direct_spin1.FCISolver'> ********
max. cycles = 200
conv_tol = 1e-08
davidson only = False
linear dependence = 1e-12
level shift = 0.001
max iter space = 12
max_memory 4000 MB
nroots = 1
pspace_size = 400
spin = None
Density matrix diagonal elements [1.99996347e+00 3.39513798e-05 2.58294421e-06 1.41389741e-10]
CASCI converged
CASCI E = -234.909280291461  E(CI) = -1.32927651897856  S^2 = 0.0000000

******** <class 'pyscf.mcscf.casci.CASCI'> ********
CAS (1e+1e, 4o), ncore = 14, nvir = 32
natorb = False
canonicalization = True
sorting_mo_energy = False
max_memory 4000 MB (current use 453 MB)
******** <class 'pyscf.fci.direct_spin1.FCISolver'> ********
max. cycles = 200
conv_tol = 1e-08
davidson only = False
linear dependence = 1e-12
level shift = 0.001
max iter space = 12
max_memory 4000 MB
nroots = 1
pspace_size = 400
spin = None
Density matrix diagonal elements [1.99996213e+00 3.50008385e-05 2.58300656e-06 2.90623027e-07]
CASCI converged
CASCI E = -234.909281462853  E(CI) = -1.32927769037079  S^2 = 0.0000000

******** <class 'pyscf.mcscf.casci.CASCI'> ********
CAS (1e+1e, 4o), ncore = 14, nvir = 32
natorb = False
canonicalization = True
sorting_mo_energy = False
max_memory 4000 MB (current use 453 MB)
******** <class 'pyscf.fci.direct_spin1.FCISolver'> ********
max. cycles = 200
conv_tol = 1e-08
davidson only = False
linear dependence = 1e-12
level shift = 0.001
max iter space = 12
max_memory 4000 MB
nroots = 1
pspace_size = 400
spin = None
Density matrix diagonal elements [1.99996302e+00 3.43026128e-05 2.58354997e-06 9.02304447e-08]
CASCI converged
CASCI E = -234.909280716422  E(CI) = -1.32927694393936  S^2 = 0.0000000

******** <class 'pyscf.mcscf.casci.CASCI'> ********
CAS (1e+1e, 4o), ncore = 14, nvir = 32
natorb = False
canonicalization = True
sorting_mo_energy = False
max_memory 4000 MB (current use 453 MB)
******** <class 'pyscf.fci.direct_spin1.FCISolver'> ********
max. cycles = 200
conv_tol = 1e-08
davidson only = False
linear dependence = 1e-12
level shift = 0.001
max iter space = 12
max_memory 4000 MB
nroots = 1
pspace_size = 400
spin = None
Density matrix diagonal elements [1.99960844e+00 9.19080494e-05 6.77137888e-05 2.31935106e-04]
CASCI converged
CASCI E = -234.909393580478  E(CI) = -1.32938980799563  S^2 = 0.0000000

******** <class 'pyscf.mcscf.casci.CASCI'> ********
CAS (1e+1e, 4o), ncore = 14, nvir = 32
natorb = False
canonicalization = True
sorting_mo_energy = False
max_memory 4000 MB (current use 453 MB)
******** <class 'pyscf.fci.direct_spin1.FCISolver'> ********
max. cycles = 200
conv_tol = 1e-08
davidson only = False
linear dependence = 1e-12
level shift = 0.001
max iter space = 12
max_memory 4000 MB
nroots = 1
pspace_size = 400
spin = None
Density matrix diagonal elements [1.99960831e+00 9.19057079e-05 6.77125847e-05 2.32073483e-04]
CASCI converged
CASCI E = -234.909393617836  E(CI) = -1.32938984535298  S^2 = 0.0000000

******** <class 'pyscf.mcscf.casci.CASCI'> ********
CAS (1e+1e, 4o), ncore = 14, nvir = 32
natorb = False
canonicalization = True
sorting_mo_energy = False
max_memory 4000 MB (current use 453 MB)
******** <class 'pyscf.fci.direct_spin1.FCISolver'> ********
max. cycles = 200
conv_tol = 1e-08
davidson only = False
linear dependence = 1e-12
level shift = 0.001
max iter space = 12
max_memory 4000 MB
nroots = 1
pspace_size = 400
spin = None
Density matrix diagonal elements [1.99979828e+00 1.03155491e-04 6.87014190e-05 2.98606829e-05]
CASCI converged
CASCI E = -234.909327686158  E(CI) = -1.32932391367561  S^2 = 0.0000000

******** <class 'pyscf.mcscf.casci.CASCI'> ********
CAS (1e+1e, 4o), ncore = 14, nvir = 32
natorb = False
canonicalization = True
sorting_mo_energy = False
max_memory 4000 MB (current use 453 MB)
******** <class 'pyscf.fci.direct_spin1.FCISolver'> ********
max. cycles = 200
conv_tol = 1e-08
davidson only = False
linear dependence = 1e-12
level shift = 0.001
max iter space = 12
max_memory 4000 MB
nroots = 1
pspace_size = 400
spin = None
Density matrix diagonal elements [1.99976089e+00 9.37976574e-05 6.93868343e-05 7.59295390e-05]
CASCI converged
CASCI E = -234.909351310264  E(CI) = -1.32934753778144  S^2 = 0.0000000

******** <class 'pyscf.mcscf.casci.CASCI'> ********
CAS (1e+1e, 4o), ncore = 14, nvir = 32
natorb = False
canonicalization = True
sorting_mo_energy = False
max_memory 4000 MB (current use 453 MB)
******** <class 'pyscf.fci.direct_spin1.FCISolver'> ********
max. cycles = 200
conv_tol = 1e-08
davidson only = False
linear dependence = 1e-12
level shift = 0.001
max iter space = 12
max_memory 4000 MB
nroots = 1
pspace_size = 400
spin = None
Density matrix diagonal elements [1.99976086e+00 9.37971014e-05 6.93865685e-05 7.59569302e-05]
CASCI converged
CASCI E = -234.909351321632  E(CI) = -1.32934754914947  S^2 = 0.0000000

******** <class 'pyscf.mcscf.casci.CASCI'> ********
CAS (1e+1e, 4o), ncore = 14, nvir = 32
natorb = False
canonicalization = True
sorting_mo_energy = False
max_memory 4000 MB (current use 453 MB)
******** <class 'pyscf.fci.direct_spin1.FCISolver'> ********
max. cycles = 200
conv_tol = 1e-08
davidson only = False
linear dependence = 1e-12
level shift = 0.001
max iter space = 12
max_memory 4000 MB
nroots = 1
pspace_size = 400
spin = None
Density matrix diagonal elements [1.         0.38041887 0.2114238  0.40815733]
CASCI converged
CASCI E = -234.946376761553  E(CI) = -1.36637298907073  S^2 = 2.0000000

******** <class 'pyscf.mcscf.casci.CASCI'> ********
CAS (1e+1e, 4o), ncore = 14, nvir = 32
natorb = False
canonicalization = True
sorting_mo_energy = False
max_memory 4000 MB (current use 453 MB)
******** <class 'pyscf.fci.direct_spin1.FCISolver'> ********
max. cycles = 200
conv_tol = 1e-08
davidson only = False
linear dependence = 1e-12
level shift = 0.001
max iter space = 12
max_memory 4000 MB
nroots = 1
pspace_size = 400
spin = None
Density matrix diagonal elements [1.99976794e+00 1.00450899e-04 7.12275490e-05 6.03801890e-05]
CASCI converged
CASCI E = -234.909353811208  E(CI) = -1.32935003872498  S^2 = 0.0000000

******** <class 'pyscf.mcscf.casci.CASCI'> ********
CAS (1e+1e, 4o), ncore = 14, nvir = 32
natorb = False
canonicalization = True
sorting_mo_energy = False
max_memory 4000 MB (current use 453 MB)
******** <class 'pyscf.fci.direct_spin1.FCISolver'> ********
max. cycles = 200
conv_tol = 1e-08
davidson only = False
linear dependence = 1e-12
level shift = 0.001
max iter space = 12
max_memory 4000 MB
nroots = 1
pspace_size = 400
spin = None
Density matrix diagonal elements [1.99973236e+00 1.05059013e-04 7.06930654e-05 9.18920588e-05]
CASCI converged
CASCI E = -234.909384644915  E(CI) = -1.32938087243213  S^2 = 0.0000000

******** <class 'pyscf.mcscf.casci.CASCI'> ********
CAS (1e+1e, 4o), ncore = 14, nvir = 32
natorb = False
canonicalization = True
sorting_mo_energy = False
max_memory 4000 MB (current use 453 MB)
******** <class 'pyscf.fci.direct_spin1.FCISolver'> ********
max. cycles = 200
conv_tol = 1e-08
davidson only = False
linear dependence = 1e-12
level shift = 0.001
max iter space = 12
max_memory 4000 MB
nroots = 1
pspace_size = 400
spin = None
Density matrix diagonal elements [1.99982884e+00 9.89087850e-05 7.21714419e-05 7.55849594e-08]
CASCI converged
CASCI E = -234.909315596965  E(CI) = -1.32931182448249  S^2 = 0.0000000

******** <class 'pyscf.mcscf.casci.CASCI'> ********
CAS (1e+1e, 4o), ncore = 14, nvir = 32
natorb = False
canonicalization = True
sorting_mo_energy = False
max_memory 4000 MB (current use 453 MB)
******** <class 'pyscf.fci.direct_spin1.FCISolver'> ********
max. cycles = 200
conv_tol = 1e-08
davidson only = False
linear dependence = 1e-12
level shift = 0.001
max iter space = 12
max_memory 4000 MB
nroots = 1
pspace_size = 400
spin = None
Density matrix diagonal elements [1.99982884e+00 9.89087874e-05 7.21714444e-05 7.55767492e-08]
CASCI converged
CASCI E = -234.909315596956  E(CI) = -1.32931182447314  S^2 = 0.0000000

******** <class 'pyscf.mcscf.casci.CASCI'> ********
CAS (1e+1e, 4o), ncore = 14, nvir = 32
natorb = False
canonicalization = True
sorting_mo_energy = False
max_memory 4000 MB (current use 453 MB)
******** <class 'pyscf.fci.direct_spin1.FCISolver'> ********
max. cycles = 200
conv_tol = 1e-08
davidson only = False
linear dependence = 1e-12
level shift = 0.001
max iter space = 12
max_memory 4000 MB
nroots = 1
pspace_size = 400
spin = None
Density matrix diagonal elements [1.99979716e+00 9.64432834e-05 7.05803765e-05 3.58185767e-05]
CASCI converged
CASCI E = -234.909341032381  E(CI) = -1.32933725989818  S^2 = 0.0000000

******** <class 'pyscf.mcscf.casci.CASCI'> ********
CAS (1e+1e, 4o), ncore = 14, nvir = 32
natorb = False
canonicalization = True
sorting_mo_energy = False
max_memory 4000 MB (current use 453 MB)
******** <class 'pyscf.fci.direct_spin1.FCISolver'> ********
max. cycles = 200
conv_tol = 1e-08
davidson only = False
linear dependence = 1e-12
level shift = 0.001
max iter space = 12
max_memory 4000 MB
nroots = 1
pspace_size = 400
spin = None
Density matrix diagonal elements [1.98740927e+00 6.13179574e-05 4.74710206e-05 1.24819417e-02]
CASCI converged
CASCI E = -234.918925001442  E(CI) = -1.33892122895924  S^2 = 0.0000000

******** <class 'pyscf.mcscf.casci.CASCI'> ********
CAS (1e+1e, 4o), ncore = 14, nvir = 32
natorb = False
canonicalization = True
sorting_mo_energy = False
max_memory 4000 MB (current use 453 MB)
******** <class 'pyscf.fci.direct_spin1.FCISolver'> ********
max. cycles = 200
conv_tol = 1e-08
davidson only = False
linear dependence = 1e-12
level shift = 0.001
max iter space = 12
max_memory 4000 MB
nroots = 1
pspace_size = 400
spin = None
Density matrix diagonal elements [1.99978179e+00 9.60999832e-05 7.08249900e-05 5.12900246e-05]
CASCI converged
CASCI E = -234.909360914061  E(CI) = -1.32935714157801  S^2 = 0.0000000

******** <class 'pyscf.mcscf.casci.CASCI'> ********
CAS (1e+1e, 4o), ncore = 14, nvir = 32
natorb = False
canonicalization = True
sorting_mo_energy = False
max_memory 4000 MB (current use 453 MB)
******** <class 'pyscf.fci.direct_spin1.FCISolver'> ********
max. cycles = 200
conv_tol = 1e-08
davidson only = False
linear dependence = 1e-12
level shift = 0.001
max iter space = 12
max_memory 4000 MB
nroots = 1
pspace_size = 400
spin = None
Density matrix diagonal elements [1.99978178e+00 9.60999329e-05 7.08249974e-05 5.12965387e-05]
CASCI converged
CASCI E = -234.909360919814  E(CI) = -1.32935714733108  S^2 = 0.0000000

******** <class 'pyscf.mcscf.casci.CASCI'> ********
CAS (1e+1e, 4o), ncore = 14, nvir = 32
natorb = False
canonicalization = True
sorting_mo_energy = False
max_memory 4000 MB (current use 453 MB)
******** <class 'pyscf.fci.direct_spin1.FCISolver'> ********
max. cycles = 200
conv_tol = 1e-08
davidson only = False
linear dependence = 1e-12
level shift = 0.001
max iter space = 12
max_memory 4000 MB
nroots = 1
pspace_size = 400
spin = None
Density matrix diagonal elements [1.99982309e+00 9.94795941e-05 7.20668293e-05 5.35970383e-06]
CASCI converged
CASCI E = -234.909322624490  E(CI) = -1.32931885200782  S^2 = 0.0000000

******** <class 'pyscf.mcscf.casci.CASCI'> ********
CAS (1e+1e, 4o), ncore = 14, nvir = 32
natorb = False
canonicalization = True
sorting_mo_energy = False
max_memory 4000 MB (current use 453 MB)
******** <class 'pyscf.fci.direct_spin1.FCISolver'> ********
max. cycles = 200
conv_tol = 1e-08
davidson only = False
linear dependence = 1e-12
level shift = 0.001
max iter space = 12
max_memory 4000 MB
nroots = 1
pspace_size = 400
spin = None
Density matrix diagonal elements [1.99982157e+00 9.70335635e-05 7.10802816e-05 1.03153813e-05]
CASCI converged
CASCI E = -234.909328138006  E(CI) = -1.32932436552341  S^2 = 0.0000000

******** <class 'pyscf.mcscf.casci.CASCI'> ********
CAS (1e+1e, 4o), ncore = 14, nvir = 32
natorb = False
canonicalization = True
sorting_mo_energy = False
max_memory 4000 MB (current use 453 MB)
******** <class 'pyscf.fci.direct_spin1.FCISolver'> ********
max. cycles = 200
conv_tol = 1e-08
davidson only = False
linear dependence = 1e-12
level shift = 0.001
max iter space = 12
max_memory 4000 MB
nroots = 1
pspace_size = 400
spin = None
Density matrix diagonal elements [1.99982721e+00 9.89474509e-05 7.19825579e-05 1.86174090e-06]
CASCI converged
CASCI E = -234.909318552792  E(CI) = -1.32931478030923  S^2 = 0.0000000

******** <class 'pyscf.mcscf.casci.CASCI'> ********
CAS (1e+1e, 4o), ncore = 14, nvir = 32
natorb = False
canonicalization = True
sorting_mo_energy = False
max_memory 4000 MB (current use 453 MB)
******** <class 'pyscf.fci.direct_spin1.FCISolver'> ********
max. cycles = 200
conv_tol = 1e-08
davidson only = False
linear dependence = 1e-12
level shift = 0.001
max iter space = 12
max_memory 4000 MB
nroots = 1
pspace_size = 400
spin = None
Density matrix diagonal elements [1.99982886e+00 9.89301766e-05 7.21986562e-05 1.37843673e-08]
CASCI converged
CASCI E = -234.909315535959  E(CI) = -1.32931176347640  S^2 = 0.0000000

******** <class 'pyscf.mcscf.casci.CASCI'> ********
CAS (1e+1e, 4o), ncore = 14, nvir = 32
natorb = False
canonicalization = True
sorting_mo_energy = False
max_memory 4000 MB (current use 453 MB)
******** <class 'pyscf.fci.direct_spin1.FCISolver'> ********
max. cycles = 200
conv_tol = 1e-08
davidson only = False
linear dependence = 1e-12
level shift = 0.001
max iter space = 12
max_memory 4000 MB
nroots = 1
pspace_size = 400
spin = None
Density matrix diagonal elements [1.99982886e+00 9.89301769e-05 7.21986566e-05 1.37812982e-08]
CASCI converged
CASCI E = -234.909315535953  E(CI) = -1.32931176347051  S^2 = 0.0000000

******** <class 'pyscf.mcscf.casci.CASCI'> ********
CAS (1e+1e, 4o), ncore = 14, nvir = 32
natorb = False
canonicalization = True
sorting_mo_energy = False
max_memory 4000 MB (current use 453 MB)
******** <class 'pyscf.fci.direct_spin1.FCISolver'> ********
max. cycles = 200
conv_tol = 1e-08
davidson only = False
linear dependence = 1e-12
level shift = 0.001
max iter space = 12
max_memory 4000 MB
nroots = 1
pspace_size = 400
spin = None
Density matrix diagonal elements [1.99982546e+00 1.00559058e-04 7.34599972e-05 5.24365417e-07]
CASCI converged
CASCI E = -234.909316660342  E(CI) = -1.32931288785960  S^2 = 0.0000000

******** <class 'pyscf.mcscf.casci.CASCI'> ********
CAS (1e+1e, 4o), ncore = 14, nvir = 32
natorb = False
canonicalization = True
sorting_mo_energy = False
max_memory 4000 MB (current use 453 MB)
******** <class 'pyscf.fci.direct_spin1.FCISolver'> ********
max. cycles = 200
conv_tol = 1e-08
davidson only = False
linear dependence = 1e-12
level shift = 0.001
max iter space = 12
max_memory 4000 MB
nroots = 1
pspace_size = 400
spin = None
Density matrix diagonal elements [1.99982887e+00 9.89322721e-05 7.22014484e-05 2.07872696e-10]
CASCI converged
CASCI E = -234.909315509707  E(CI) = -1.32931173722440  S^2 = 0.0000000

******** <class 'pyscf.mcscf.casci.CASCI'> ********
CAS (1e+1e, 4o), ncore = 14, nvir = 32
natorb = False
canonicalization = True
sorting_mo_energy = False
max_memory 4000 MB (current use 453 MB)
******** <class 'pyscf.fci.direct_spin1.FCISolver'> ********
max. cycles = 200
conv_tol = 1e-08
davidson only = False
linear dependence = 1e-12
level shift = 0.001
max iter space = 12
max_memory 4000 MB
nroots = 1
pspace_size = 400
spin = None
Density matrix diagonal elements [1.99982882e+00 9.89259932e-05 7.21965721e-05 5.55777277e-08]
CASCI converged
CASCI E = -234.909315642895  E(CI) = -1.32931187041223  S^2 = 0.0000000

******** <class 'pyscf.mcscf.casci.CASCI'> ********
CAS (1e+1e, 4o), ncore = 14, nvir = 32
natorb = False
canonicalization = True
sorting_mo_energy = False
max_memory 4000 MB (current use 453 MB)
******** <class 'pyscf.fci.direct_spin1.FCISolver'> ********
max. cycles = 200
conv_tol = 1e-08
davidson only = False
linear dependence = 1e-12
level shift = 0.001
max iter space = 12
max_memory 4000 MB
nroots = 1
pspace_size = 400
spin = None
Density matrix diagonal elements [1.99982887e+00 9.89247559e-05 7.21946092e-05 1.29941812e-08]
CASCI converged
CASCI E = -234.909315540872  E(CI) = -1.32931176838909  S^2 = 0.0000000

******** <class 'pyscf.mcscf.casci.CASCI'> ********
CAS (1e+1e, 4o), ncore = 14, nvir = 32
natorb = False
canonicalization = True
sorting_mo_energy = False
max_memory 4000 MB (current use 453 MB)
******** <class 'pyscf.fci.direct_spin1.FCISolver'> ********
max. cycles = 200
conv_tol = 1e-08
davidson only = False
linear dependence = 1e-12
level shift = 0.001
max iter space = 12
max_memory 4000 MB
nroots = 1
pspace_size = 400
spin = None
Density matrix diagonal elements [1.99982887e+00 9.89247558e-05 7.21946092e-05 1.29945148e-08]
CASCI converged
CASCI E = -234.909315540873  E(CI) = -1.32931176838991  S^2 = 0.0000000

******** <class 'pyscf.mcscf.casci.CASCI'> ********
CAS (1e+1e, 4o), ncore = 14, nvir = 32
natorb = False
canonicalization = True
sorting_mo_energy = False
max_memory 4000 MB (current use 453 MB)
******** <class 'pyscf.fci.direct_spin1.FCISolver'> ********
max. cycles = 200
conv_tol = 1e-08
davidson only = False
linear dependence = 1e-12
level shift = 0.001
max iter space = 12
max_memory 4000 MB
nroots = 1
pspace_size = 400
spin = None
Density matrix diagonal elements [1.99982887e+00 9.89398267e-05 7.21751607e-05 1.91297601e-08]
CASCI converged
CASCI E = -234.909315571016  E(CI) = -1.32931179853310  S^2 = 0.0000000

******** <class 'pyscf.mcscf.casci.CASCI'> ********
CAS (1e+1e, 4o), ncore = 14, nvir = 32
natorb = False
canonicalization = True
sorting_mo_energy = False
max_memory 4000 MB (current use 453 MB)
******** <class 'pyscf.fci.direct_spin1.FCISolver'> ********
max. cycles = 200
conv_tol = 1e-08
davidson only = False
linear dependence = 1e-12
level shift = 0.001
max iter space = 12
max_memory 4000 MB
nroots = 1
pspace_size = 400
spin = None
Density matrix diagonal elements [1.99982887e+00 9.89327037e-05 7.22017810e-05 4.59848909e-14]
CASCI converged
CASCI E = -234.909315509207  E(CI) = -1.32931173672458  S^2 = 0.0000000

******** <class 'pyscf.mcscf.casci.CASCI'> ********
CAS (1e+1e, 4o), ncore = 14, nvir = 32
natorb = False
canonicalization = True
sorting_mo_energy = False
max_memory 4000 MB (current use 453 MB)
******** <class 'pyscf.fci.direct_spin1.FCISolver'> ********
max. cycles = 200
conv_tol = 1e-08
davidson only = False
linear dependence = 1e-12
level shift = 0.001
max iter space = 12
max_memory 4000 MB
nroots = 1
pspace_size = 400
spin = None
Density matrix diagonal elements [1.99982887e+00 9.89327065e-05 7.22017707e-05 2.73105477e-11]
CASCI converged
CASCI E = -234.909315509309  E(CI) = -1.32931173682610  S^2 = 0.0000000

******** <class 'pyscf.mcscf.casci.CASCI'> ********
CAS (1e+1e, 4o), ncore = 14, nvir = 32
natorb = False
canonicalization = True
sorting_mo_energy = False
max_memory 4000 MB (current use 453 MB)
******** <class 'pyscf.fci.direct_spin1.FCISolver'> ********
max. cycles = 200
conv_tol = 1e-08
davidson only = False
linear dependence = 1e-12
level shift = 0.001
max iter space = 12
max_memory 4000 MB
nroots = 1
pspace_size = 400
spin = None
Density matrix diagonal elements [1.99982887e+00 9.89325990e-05 7.22016095e-05 7.60309623e-11]
CASCI converged
CASCI E = -234.909315509521  E(CI) = -1.32931173703864  S^2 = 0.0000000

******** <class 'pyscf.mcscf.casci.CASCI'> ********
CAS (1e+1e, 4o), ncore = 14, nvir = 32
natorb = False
canonicalization = True
sorting_mo_energy = False
max_memory 4000 MB (current use 453 MB)
******** <class 'pyscf.fci.direct_spin1.FCISolver'> ********
max. cycles = 200
conv_tol = 1e-08
davidson only = False
linear dependence = 1e-12
level shift = 0.001
max iter space = 12
max_memory 4000 MB
nroots = 1
pspace_size = 400
spin = None
Density matrix diagonal elements [1.99982887e+00 9.89325990e-05 7.22016095e-05 7.60325639e-11]
CASCI converged
CASCI E = -234.909315509521  E(CI) = -1.32931173703864  S^2 = 0.0000000

******** <class 'pyscf.mcscf.casci.CASCI'> ********
CAS (1e+1e, 4o), ncore = 14, nvir = 32
natorb = False
canonicalization = True
sorting_mo_energy = False
max_memory 4000 MB (current use 453 MB)
******** <class 'pyscf.fci.direct_spin1.FCISolver'> ********
max. cycles = 200
conv_tol = 1e-08
davidson only = False
linear dependence = 1e-12
level shift = 0.001
max iter space = 12
max_memory 4000 MB
nroots = 1
pspace_size = 400
spin = None
Density matrix diagonal elements [1.99982378e+00 1.01707238e-04 7.39793804e-05 5.37257626e-07]
CASCI converged
CASCI E = -234.909317672415  E(CI) = -1.32931389993271  S^2 = 0.0000000

******** <class 'pyscf.mcscf.casci.CASCI'> ********
CAS (1e+1e, 4o), ncore = 14, nvir = 32
natorb = False
canonicalization = True
sorting_mo_energy = False
max_memory 4000 MB (current use 453 MB)
******** <class 'pyscf.fci.direct_spin1.FCISolver'> ********
max. cycles = 200
conv_tol = 1e-08
davidson only = False
linear dependence = 1e-12
level shift = 0.001
max iter space = 12
max_memory 4000 MB
nroots = 1
pspace_size = 400
spin = None
Density matrix diagonal elements [1.99982713e+00 9.98759100e-05 7.28255170e-05 1.68464065e-07]
CASCI converged
CASCI E = -234.909316303481  E(CI) = -1.32931253099818  S^2 = 0.0000000

******** <class 'pyscf.mcscf.casci.CASCI'> ********
CAS (1e+1e, 4o), ncore = 14, nvir = 32
natorb = False
canonicalization = True
sorting_mo_energy = False
max_memory 4000 MB (current use 453 MB)
******** <class 'pyscf.fci.direct_spin1.FCISolver'> ********
max. cycles = 200
conv_tol = 1e-08
davidson only = False
linear dependence = 1e-12
level shift = 0.001
max iter space = 12
max_memory 4000 MB
nroots = 1
pspace_size = 400
spin = None
Density matrix diagonal elements [1.99950404e+00 2.90288215e-05 2.33397128e-04 2.33537511e-04]
CASCI converged
CASCI E = -234.909438118966  E(CI) = -1.32943434648351  S^2 = 0.0000000

******** <class 'pyscf.mcscf.casci.CASCI'> ********
CAS (1e+1e, 4o), ncore = 14, nvir = 32
natorb = False
canonicalization = True
sorting_mo_energy = False
max_memory 4000 MB (current use 453 MB)
******** <class 'pyscf.fci.direct_spin1.FCISolver'> ********
max. cycles = 200
conv_tol = 1e-08
davidson only = False
linear dependence = 1e-12
level shift = 0.001
max iter space = 12
max_memory 4000 MB
nroots = 1
pspace_size = 400
spin = None
Density matrix diagonal elements [1.99969262e+00 3.90618359e-05 2.36135471e-04 3.21823232e-05]
CASCI converged
CASCI E = -234.909372664868  E(CI) = -1.32936889238545  S^2 = 0.0000000

******** <class 'pyscf.mcscf.casci.CASCI'> ********
CAS (1e+1e, 4o), ncore = 14, nvir = 32
natorb = False
canonicalization = True
sorting_mo_energy = False
max_memory 4000 MB (current use 453 MB)
******** <class 'pyscf.fci.direct_spin1.FCISolver'> ********
max. cycles = 200
conv_tol = 1e-08
davidson only = False
linear dependence = 1e-12
level shift = 0.001
max iter space = 12
max_memory 4000 MB
nroots = 1
pspace_size = 400
spin = None
Density matrix diagonal elements [1.99968559e+00 2.91755328e-05 2.17616824e-04 6.76225264e-05]
CASCI converged
CASCI E = -234.909392927905  E(CI) = -1.32938915542218  S^2 = 0.0000000

******** <class 'pyscf.mcscf.casci.CASCI'> ********
CAS (1e+1e, 4o), ncore = 14, nvir = 32
natorb = False
canonicalization = True
sorting_mo_energy = False
max_memory 4000 MB (current use 453 MB)
******** <class 'pyscf.fci.direct_spin1.FCISolver'> ********
max. cycles = 200
conv_tol = 1e-08
davidson only = False
linear dependence = 1e-12
level shift = 0.001
max iter space = 12
max_memory 4000 MB
nroots = 1
pspace_size = 400
spin = None
Density matrix diagonal elements [1.99965649e+00 2.95893654e-05 2.36427427e-04 7.74961025e-05]
CASCI converged
CASCI E = -234.909396038964  E(CI) = -1.32939226648162  S^2 = 0.0000000

******** <class 'pyscf.mcscf.casci.CASCI'> ********
CAS (1e+1e, 4o), ncore = 14, nvir = 32
natorb = False
canonicalization = True
sorting_mo_energy = False
max_memory 4000 MB (current use 453 MB)
******** <class 'pyscf.fci.direct_spin1.FCISolver'> ********
max. cycles = 200
conv_tol = 1e-08
davidson only = False
linear dependence = 1e-12
level shift = 0.001
max iter space = 12
max_memory 4000 MB
nroots = 1
pspace_size = 400
spin = None
Density matrix diagonal elements [1.98771624e+00 1.23267362e-03 1.66726581e-04 1.08843608e-02]
CASCI converged
CASCI E = -234.911291478011  E(CI) = -1.33128770552821  S^2 = 0.0000000

******** <class 'pyscf.mcscf.casci.CASCI'> ********
CAS (1e+1e, 4o), ncore = 14, nvir = 32
natorb = False
canonicalization = True
sorting_mo_energy = False
max_memory 4000 MB (current use 453 MB)
******** <class 'pyscf.fci.direct_spin1.FCISolver'> ********
max. cycles = 200
conv_tol = 1e-08
davidson only = False
linear dependence = 1e-12
level shift = 0.001
max iter space = 12
max_memory 4000 MB
nroots = 1
pspace_size = 400
spin = None
Density matrix diagonal elements [1.99966978e+00 3.46676533e-05 2.35835074e-04 5.97184971e-05]
CASCI converged
CASCI E = -234.909397289120  E(CI) = -1.32939351663782  S^2 = 0.0000000

******** <class 'pyscf.mcscf.casci.CASCI'> ********
CAS (1e+1e, 4o), ncore = 14, nvir = 32
natorb = False
canonicalization = True
sorting_mo_energy = False
max_memory 4000 MB (current use 453 MB)
******** <class 'pyscf.fci.direct_spin1.FCISolver'> ********
max. cycles = 200
conv_tol = 1e-08
davidson only = False
linear dependence = 1e-12
level shift = 0.001
max iter space = 12
max_memory 4000 MB
nroots = 1
pspace_size = 400
spin = None
Density matrix diagonal elements [1.99963955e+00 3.67686562e-05 2.33456760e-04 9.02221380e-05]
CASCI converged
CASCI E = -234.909427188189  E(CI) = -1.32942341570615  S^2 = 0.0000000

******** <class 'pyscf.mcscf.casci.CASCI'> ********
CAS (1e+1e, 4o), ncore = 14, nvir = 32
natorb = False
canonicalization = True
sorting_mo_energy = False
max_memory 4000 MB (current use 453 MB)
******** <class 'pyscf.fci.direct_spin1.FCISolver'> ********
max. cycles = 200
conv_tol = 1e-08
davidson only = False
linear dependence = 1e-12
level shift = 0.001
max iter space = 12
max_memory 4000 MB
nroots = 1
pspace_size = 400
spin = None
Density matrix diagonal elements [1.99972472e+00 3.17488270e-05 2.42037510e-04 1.49812291e-06]
CASCI converged
CASCI E = -234.909361626780  E(CI) = -1.32935785429743  S^2 = 0.0000000

******** <class 'pyscf.mcscf.casci.CASCI'> ********
CAS (1e+1e, 4o), ncore = 14, nvir = 32
natorb = False
canonicalization = True
sorting_mo_energy = False
max_memory 4000 MB (current use 453 MB)
******** <class 'pyscf.fci.direct_spin1.FCISolver'> ********
max. cycles = 200
conv_tol = 1e-08
davidson only = False
linear dependence = 1e-12
level shift = 0.001
max iter space = 12
max_memory 4000 MB
nroots = 1
pspace_size = 400
spin = None
Density matrix diagonal elements [1.99972970e+00 3.16420154e-05 2.38587437e-04 7.30053731e-08]
CASCI converged
CASCI E = -234.909359569818  E(CI) = -1.32935579733544  S^2 = 0.0000000

******** <class 'pyscf.mcscf.casci.CASCI'> ********
CAS (1e+1e, 4o), ncore = 14, nvir = 32
natorb = False
canonicalization = True
sorting_mo_energy = False
max_memory 4000 MB (current use 453 MB)
******** <class 'pyscf.fci.direct_spin1.FCISolver'> ********
max. cycles = 200
conv_tol = 1e-08
davidson only = False
linear dependence = 1e-12
level shift = 0.001
max iter space = 12
max_memory 4000 MB
nroots = 1
pspace_size = 400
spin = None
Density matrix diagonal elements [1.99970115e+00 3.08439659e-05 2.33511848e-04 3.44952507e-05]
CASCI converged
CASCI E = -234.909384068138  E(CI) = -1.32938029565551  S^2 = 0.0000000

******** <class 'pyscf.mcscf.casci.CASCI'> ********
CAS (1e+1e, 4o), ncore = 14, nvir = 32
natorb = False
canonicalization = True
sorting_mo_energy = False
max_memory 4000 MB (current use 453 MB)
******** <class 'pyscf.fci.direct_spin1.FCISolver'> ********
max. cycles = 200
conv_tol = 1e-08
davidson only = False
linear dependence = 1e-12
level shift = 0.001
max iter space = 12
max_memory 4000 MB
nroots = 1
pspace_size = 400
spin = None
Density matrix diagonal elements [1.98736348e+00 1.90865753e-05 1.52855674e-04 1.24645773e-02]
CASCI converged
CASCI E = -234.918953141721  E(CI) = -1.33894936923821  S^2 = 0.0000000

******** <class 'pyscf.mcscf.casci.CASCI'> ********
CAS (1e+1e, 4o), ncore = 14, nvir = 32
natorb = False
canonicalization = True
sorting_mo_energy = False
max_memory 4000 MB (current use 453 MB)
******** <class 'pyscf.fci.direct_spin1.FCISolver'> ********
max. cycles = 200
conv_tol = 1e-08
davidson only = False
linear dependence = 1e-12
level shift = 0.001
max iter space = 12
max_memory 4000 MB
nroots = 1
pspace_size = 400
spin = None
Density matrix diagonal elements [1.99953090e+00 3.14363147e-05 3.38430058e-04 9.92300451e-05]
CASCI converged
CASCI E = -234.909449472391  E(CI) = -1.32944569990806  S^2 = 0.0000000

******** <class 'pyscf.mcscf.casci.CASCI'> ********
CAS (1e+1e, 4o), ncore = 14, nvir = 32
natorb = False
canonicalization = True
sorting_mo_energy = False
max_memory 4000 MB (current use 453 MB)
******** <class 'pyscf.fci.direct_spin1.FCISolver'> ********
max. cycles = 200
conv_tol = 1e-08
davidson only = False
linear dependence = 1e-12
level shift = 0.001
max iter space = 12
max_memory 4000 MB
nroots = 1
pspace_size = 400
spin = None
Density matrix diagonal elements [1.99968041e+00 3.04375322e-05 2.37476652e-04 5.16781111e-05]
CASCI converged
CASCI E = -234.909405237934  E(CI) = -1.32940146545144  S^2 = 0.0000000

******** <class 'pyscf.mcscf.casci.CASCI'> ********
CAS (1e+1e, 4o), ncore = 14, nvir = 32
natorb = False
canonicalization = True
sorting_mo_energy = False
max_memory 4000 MB (current use 453 MB)
******** <class 'pyscf.fci.direct_spin1.FCISolver'> ********
max. cycles = 200
conv_tol = 1e-08
davidson only = False
linear dependence = 1e-12
level shift = 0.001
max iter space = 12
max_memory 4000 MB
nroots = 1
pspace_size = 400
spin = None
Density matrix diagonal elements [1.99972464e+00 3.24242348e-05 2.37776012e-04 5.16295703e-06]
CASCI converged
CASCI E = -234.909366297944  E(CI) = -1.32936252546148  S^2 = 0.0000000

******** <class 'pyscf.mcscf.casci.CASCI'> ********
CAS (1e+1e, 4o), ncore = 14, nvir = 32
natorb = False
canonicalization = True
sorting_mo_energy = False
max_memory 4000 MB (current use 453 MB)
******** <class 'pyscf.fci.direct_spin1.FCISolver'> ********
max. cycles = 200
conv_tol = 1e-08
davidson only = False
linear dependence = 1e-12
level shift = 0.001
max iter space = 12
max_memory 4000 MB
nroots = 1
pspace_size = 400
spin = None
Density matrix diagonal elements [1.99972019e+00 3.16504059e-05 2.37555352e-04 1.06035563e-05]
CASCI converged
CASCI E = -234.909372551876  E(CI) = -1.32936877939323  S^2 = 0.0000000

******** <class 'pyscf.mcscf.casci.CASCI'> ********
CAS (1e+1e, 4o), ncore = 14, nvir = 32
natorb = False
canonicalization = True
sorting_mo_energy = False
max_memory 4000 MB (current use 453 MB)
******** <class 'pyscf.fci.direct_spin1.FCISolver'> ********
max. cycles = 200
conv_tol = 1e-08
davidson only = False
linear dependence = 1e-12
level shift = 0.001
max iter space = 12
max_memory 4000 MB
nroots = 1
pspace_size = 400
spin = None
Density matrix diagonal elements [1.99972786e+00 3.20026865e-05 2.38264017e-04 1.87633630e-06]
CASCI converged
CASCI E = -234.909362534713  E(CI) = -1.32935876223038  S^2 = 0.0000000

******** <class 'pyscf.mcscf.casci.CASCI'> ********
CAS (1e+1e, 4o), ncore = 14, nvir = 32
natorb = False
canonicalization = True
sorting_mo_energy = False
max_memory 4000 MB (current use 453 MB)
******** <class 'pyscf.fci.direct_spin1.FCISolver'> ********
max. cycles = 200
conv_tol = 1e-08
davidson only = False
linear dependence = 1e-12
level shift = 0.001
max iter space = 12
max_memory 4000 MB
nroots = 1
pspace_size = 400
spin = None
Density matrix diagonal elements [1.99972971e+00 3.16495670e-05 2.38624390e-04 1.27943161e-08]
CASCI converged
CASCI E = -234.909359509883  E(CI) = -1.32935573740056  S^2 = 0.0000000

******** <class 'pyscf.mcscf.casci.CASCI'> ********
CAS (1e+1e, 4o), ncore = 14, nvir = 32
natorb = False
canonicalization = True
sorting_mo_energy = False
max_memory 4000 MB (current use 453 MB)
******** <class 'pyscf.fci.direct_spin1.FCISolver'> ********
max. cycles = 200
conv_tol = 1e-08
davidson only = False
linear dependence = 1e-12
level shift = 0.001
max iter space = 12
max_memory 4000 MB
nroots = 1
pspace_size = 400
spin = None
Density matrix diagonal elements [1.99972923e+00 3.16562722e-05 2.39000645e-04 1.14814082e-07]
CASCI converged
CASCI E = -234.909359730210  E(CI) = -1.32935595772716  S^2 = 0.0000000

******** <class 'pyscf.mcscf.casci.CASCI'> ********
CAS (1e+1e, 4o), ncore = 14, nvir = 32
natorb = False
canonicalization = True
sorting_mo_energy = False
max_memory 4000 MB (current use 453 MB)
******** <class 'pyscf.fci.direct_spin1.FCISolver'> ********
max. cycles = 200
conv_tol = 1e-08
davidson only = False
linear dependence = 1e-12
level shift = 0.001
max iter space = 12
max_memory 4000 MB
nroots = 1
pspace_size = 400
spin = None
Density matrix diagonal elements [1.99972899e+00 3.22272315e-05 2.38609831e-04 1.77542707e-07]
CASCI converged
CASCI E = -234.909359876955  E(CI) = -1.32935610447251  S^2 = 0.0000000

******** <class 'pyscf.mcscf.casci.CASCI'> ********
CAS (1e+1e, 4o), ncore = 14, nvir = 32
natorb = False
canonicalization = True
sorting_mo_energy = False
max_memory 4000 MB (current use 453 MB)
******** <class 'pyscf.fci.direct_spin1.FCISolver'> ********
max. cycles = 200
conv_tol = 1e-08
davidson only = False
linear dependence = 1e-12
level shift = 0.001
max iter space = 12
max_memory 4000 MB
nroots = 1
pspace_size = 400
spin = None
Density matrix diagonal elements [1.99972967e+00 3.16510580e-05 2.38672843e-04 2.01231812e-09]
CASCI converged
CASCI E = -234.909359489895  E(CI) = -1.32935571741200  S^2 = 0.0000000

******** <class 'pyscf.mcscf.casci.CASCI'> ********
CAS (1e+1e, 4o), ncore = 14, nvir = 32
natorb = False
canonicalization = True
sorting_mo_energy = False
max_memory 4000 MB (current use 453 MB)
******** <class 'pyscf.fci.direct_spin1.FCISolver'> ********
max. cycles = 200
conv_tol = 1e-08
davidson only = False
linear dependence = 1e-12
level shift = 0.001
max iter space = 12
max_memory 4000 MB
nroots = 1
pspace_size = 400
spin = None
Density matrix diagonal elements [1.99972984e+00 3.16498594e-05 2.38479492e-04 3.13740917e-08]
CASCI converged
CASCI E = -234.909359560491  E(CI) = -1.32935578800814  S^2 = 0.0000000

******** <class 'pyscf.mcscf.casci.CASCI'> ********
CAS (1e+1e, 4o), ncore = 14, nvir = 32
natorb = False
canonicalization = True
sorting_mo_energy = False
max_memory 4000 MB (current use 453 MB)
******** <class 'pyscf.fci.direct_spin1.FCISolver'> ********
max. cycles = 200
conv_tol = 1e-08
davidson only = False
linear dependence = 1e-12
level shift = 0.001
max iter space = 12
max_memory 4000 MB
nroots = 1
pspace_size = 400
spin = None
Density matrix diagonal elements [1.99972894e+00 3.16372155e-05 2.39377546e-04 4.68778741e-08]
CASCI converged
CASCI E = -234.909359608454  E(CI) = -1.32935583597191  S^2 = 0.0000000

******** <class 'pyscf.mcscf.casci.CASCI'> ********
CAS (1e+1e, 4o), ncore = 14, nvir = 32
natorb = False
canonicalization = True
sorting_mo_energy = False
max_memory 4000 MB (current use 453 MB)
******** <class 'pyscf.fci.direct_spin1.FCISolver'> ********
max. cycles = 200
conv_tol = 1e-08
davidson only = False
linear dependence = 1e-12
level shift = 0.001
max iter space = 12
max_memory 4000 MB
nroots = 1
pspace_size = 400
spin = None
Density matrix diagonal elements [1.99972972e+00 3.16485045e-05 2.38620211e-04 1.25550906e-08]
CASCI converged
CASCI E = -234.909359515647  E(CI) = -1.32935574316471  S^2 = 0.0000000

******** <class 'pyscf.mcscf.casci.CASCI'> ********
CAS (1e+1e, 4o), ncore = 14, nvir = 32
natorb = False
canonicalization = True
sorting_mo_energy = False
max_memory 4000 MB (current use 453 MB)
******** <class 'pyscf.fci.direct_spin1.FCISolver'> ********
max. cycles = 200
conv_tol = 1e-08
davidson only = False
linear dependence = 1e-12
level shift = 0.001
max iter space = 12
max_memory 4000 MB
nroots = 1
pspace_size = 400
spin = None
Density matrix diagonal elements [1.99972973e+00 3.16606898e-05 2.38604398e-04 7.46765759e-09]
CASCI converged
CASCI E = -234.909359508142  E(CI) = -1.32935573565928  S^2 = 0.0000000

******** <class 'pyscf.mcscf.casci.CASCI'> ********
CAS (1e+1e, 4o), ncore = 14, nvir = 32
natorb = False
canonicalization = True
sorting_mo_energy = False
max_memory 4000 MB (current use 453 MB)
******** <class 'pyscf.fci.direct_spin1.FCISolver'> ********
max. cycles = 200
conv_tol = 1e-08
davidson only = False
linear dependence = 1e-12
level shift = 0.001
max iter space = 12
max_memory 4000 MB
nroots = 1
pspace_size = 400
spin = None
Density matrix diagonal elements [1.99972970e+00 3.16507664e-05 2.38644093e-04 4.71574146e-10]
CASCI converged
CASCI E = -234.909359486815  E(CI) = -1.32935571433239  S^2 = 0.0000000

******** <class 'pyscf.mcscf.casci.CASCI'> ********
CAS (1e+1e, 4o), ncore = 14, nvir = 32
natorb = False
canonicalization = True
sorting_mo_energy = False
max_memory 4000 MB (current use 453 MB)
******** <class 'pyscf.fci.direct_spin1.FCISolver'> ********
max. cycles = 200
conv_tol = 1e-08
davidson only = False
linear dependence = 1e-12
level shift = 0.001
max iter space = 12
max_memory 4000 MB
nroots = 1
pspace_size = 400
spin = None
Density matrix diagonal elements [1.99972971e+00 3.16507670e-05 2.38641752e-04 2.85322529e-10]
CASCI converged
CASCI E = -234.909359486116  E(CI) = -1.32935571363348  S^2 = 0.0000000

******** <class 'pyscf.mcscf.casci.CASCI'> ********
CAS (1e+1e, 4o), ncore = 14, nvir = 32
natorb = False
canonicalization = True
sorting_mo_energy = False
max_memory 4000 MB (current use 453 MB)
******** <class 'pyscf.fci.direct_spin1.FCISolver'> ********
max. cycles = 200
conv_tol = 1e-08
davidson only = False
linear dependence = 1e-12
level shift = 0.001
max iter space = 12
max_memory 4000 MB
nroots = 1
pspace_size = 400
spin = None
Density matrix diagonal elements [1.99972959e+00 3.16490342e-05 2.38749113e-04 7.62447074e-09]
CASCI converged
CASCI E = -234.909359517646  E(CI) = -1.32935574516392  S^2 = 0.0000000

******** <class 'pyscf.mcscf.casci.CASCI'> ********
CAS (1e+1e, 4o), ncore = 14, nvir = 32
natorb = False
canonicalization = True
sorting_mo_energy = False
max_memory 4000 MB (current use 453 MB)
******** <class 'pyscf.fci.direct_spin1.FCISolver'> ********
max. cycles = 200
conv_tol = 1e-08
davidson only = False
linear dependence = 1e-12
level shift = 0.001
max iter space = 12
max_memory 4000 MB
nroots = 1
pspace_size = 400
spin = None
Density matrix diagonal elements [1.99972972e+00 3.16507882e-05 2.38632917e-04 3.86153537e-11]
CASCI converged
CASCI E = -234.909359485212  E(CI) = -1.32935571272932  S^2 = 0.0000000

******** <class 'pyscf.mcscf.casci.CASCI'> ********
CAS (1e+1e, 4o), ncore = 14, nvir = 32
natorb = False
canonicalization = True
sorting_mo_energy = False
max_memory 4000 MB (current use 453 MB)
******** <class 'pyscf.fci.direct_spin1.FCISolver'> ********
max. cycles = 200
conv_tol = 1e-08
davidson only = False
linear dependence = 1e-12
level shift = 0.001
max iter space = 12
max_memory 4000 MB
nroots = 1
pspace_size = 400
spin = None
Density matrix diagonal elements [1.99972871e+00 3.26255296e-05 2.38395272e-04 2.70453686e-07]
CASCI converged
CASCI E = -234.909360575410  E(CI) = -1.32935680292704  S^2 = 0.0000000

******** <class 'pyscf.mcscf.casci.CASCI'> ********
CAS (1e+1e, 4o), ncore = 14, nvir = 32
natorb = False
canonicalization = True
sorting_mo_energy = False
max_memory 4000 MB (current use 453 MB)
******** <class 'pyscf.fci.direct_spin1.FCISolver'> ********
max. cycles = 200
conv_tol = 1e-08
davidson only = False
linear dependence = 1e-12
level shift = 0.001
max iter space = 12
max_memory 4000 MB
nroots = 1
pspace_size = 400
spin = None
Density matrix diagonal elements [1.99972942e+00 3.19734908e-05 2.38525633e-04 8.23073256e-08]
CASCI converged
CASCI E = -234.909359873186  E(CI) = -1.32935610070385  S^2 = 0.0000000

******** <class 'pyscf.mcscf.casci.CASCI'> ********
CAS (1e+1e, 4o), ncore = 14, nvir = 32
natorb = False
canonicalization = True
sorting_mo_energy = False
max_memory 4000 MB (current use 453 MB)
******** <class 'pyscf.fci.direct_spin1.FCISolver'> ********
max. cycles = 200
conv_tol = 1e-08
davidson only = False
linear dependence = 1e-12
level shift = 0.001
max iter space = 12
max_memory 4000 MB
nroots = 1
pspace_size = 400
spin = None
Density matrix diagonal elements [1.99969248e+00 3.90603456e-05 2.36274876e-04 3.21813065e-05]
CASCI converged
CASCI E = -234.909372702408  E(CI) = -1.32936892992566  S^2 = 0.0000000

******** <class 'pyscf.mcscf.casci.CASCI'> ********
CAS (1e+1e, 4o), ncore = 14, nvir = 32
natorb = False
canonicalization = True
sorting_mo_energy = False
max_memory 4000 MB (current use 453 MB)
******** <class 'pyscf.fci.direct_spin1.FCISolver'> ********
max. cycles = 200
conv_tol = 1e-08
davidson only = False
linear dependence = 1e-12
level shift = 0.001
max iter space = 12
max_memory 4000 MB
nroots = 1
pspace_size = 400
spin = None
Density matrix diagonal elements [1.99965638e+00 2.95886225e-05 2.36567901e-04 7.74681703e-05]
CASCI converged
CASCI E = -234.909396065361  E(CI) = -1.32939229287800  S^2 = 0.0000000

******** <class 'pyscf.mcscf.casci.CASCI'> ********
CAS (1e+1e, 4o), ncore = 14, nvir = 32
natorb = False
canonicalization = True
sorting_mo_energy = False
max_memory 4000 MB (current use 453 MB)
******** <class 'pyscf.fci.direct_spin1.FCISolver'> ********
max. cycles = 200
conv_tol = 1e-08
davidson only = False
linear dependence = 1e-12
level shift = 0.001
max iter space = 12
max_memory 4000 MB
nroots = 1
pspace_size = 400
spin = None
Density matrix diagonal elements [1.99968546e+00 2.91753742e-05 2.17732454e-04 6.76298665e-05]
CASCI converged
CASCI E = -234.909392964450  E(CI) = -1.32938919196778  S^2 = 0.0000000

******** <class 'pyscf.mcscf.casci.CASCI'> ********
CAS (1e+1e, 4o), ncore = 14, nvir = 32
natorb = False
canonicalization = True
sorting_mo_energy = False
max_memory 4000 MB (current use 453 MB)
******** <class 'pyscf.fci.direct_spin1.FCISolver'> ********
max. cycles = 200
conv_tol = 1e-08
davidson only = False
linear dependence = 1e-12
level shift = 0.001
max iter space = 12
max_memory 4000 MB
nroots = 1
pspace_size = 400
spin = None
Density matrix diagonal elements [1.98771614e+00 1.23266575e-03 1.66850878e-04 1.08843420e-02]
CASCI converged
CASCI E = -234.911291513328  E(CI) = -1.33128774084577  S^2 = 0.0000000

******** <class 'pyscf.mcscf.casci.CASCI'> ********
CAS (1e+1e, 4o), ncore = 14, nvir = 32
natorb = False
canonicalization = True
sorting_mo_energy = False
max_memory 4000 MB (current use 453 MB)
******** <class 'pyscf.fci.direct_spin1.FCISolver'> ********
max. cycles = 200
conv_tol = 1e-08
davidson only = False
linear dependence = 1e-12
level shift = 0.001
max iter space = 12
max_memory 4000 MB
nroots = 1
pspace_size = 400
spin = None
Density matrix diagonal elements [1.99966964e+00 3.46665512e-05 2.35974916e-04 5.97180749e-05]
CASCI converged
CASCI E = -234.909397326833  E(CI) = -1.32939355435082  S^2 = 0.0000000

******** <class 'pyscf.mcscf.casci.CASCI'> ********
CAS (1e+1e, 4o), ncore = 14, nvir = 32
natorb = False
canonicalization = True
sorting_mo_energy = False
max_memory 4000 MB (current use 453 MB)
******** <class 'pyscf.fci.direct_spin1.FCISolver'> ********
max. cycles = 200
conv_tol = 1e-08
davidson only = False
linear dependence = 1e-12
level shift = 0.001
max iter space = 12
max_memory 4000 MB
nroots = 1
pspace_size = 400
spin = None
Density matrix diagonal elements [1.99963942e+00 3.67674300e-05 2.33595301e-04 9.02213268e-05]
CASCI converged
CASCI E = -234.909427225553  E(CI) = -1.32942345307026  S^2 = 0.0000000

******** <class 'pyscf.mcscf.casci.CASCI'> ********
CAS (1e+1e, 4o), ncore = 14, nvir = 32
natorb = False
canonicalization = True
sorting_mo_energy = False
max_memory 4000 MB (current use 453 MB)
******** <class 'pyscf.fci.direct_spin1.FCISolver'> ********
max. cycles = 200
conv_tol = 1e-08
davidson only = False
linear dependence = 1e-12
level shift = 0.001
max iter space = 12
max_memory 4000 MB
nroots = 1
pspace_size = 400
spin = None
Density matrix diagonal elements [1.99972956e+00 3.16409959e-05 2.38728410e-04 7.30108497e-08]
CASCI converged
CASCI E = -234.909359607814  E(CI) = -1.32935583533154  S^2 = 0.0000000

******** <class 'pyscf.mcscf.casci.CASCI'> ********
CAS (1e+1e, 4o), ncore = 14, nvir = 32
natorb = False
canonicalization = True
sorting_mo_energy = False
max_memory 4000 MB (current use 453 MB)
******** <class 'pyscf.fci.direct_spin1.FCISolver'> ********
max. cycles = 200
conv_tol = 1e-08
davidson only = False
linear dependence = 1e-12
level shift = 0.001
max iter space = 12
max_memory 4000 MB
nroots = 1
pspace_size = 400
spin = None
Density matrix diagonal elements [1.99972457e+00 3.17478227e-05 2.42180158e-04 1.49848781e-06]
CASCI converged
CASCI E = -234.909361665237  E(CI) = -1.32935789275453  S^2 = 0.0000000

******** <class 'pyscf.mcscf.casci.CASCI'> ********
CAS (1e+1e, 4o), ncore = 14, nvir = 32
natorb = False
canonicalization = True
sorting_mo_energy = False
max_memory 4000 MB (current use 453 MB)
******** <class 'pyscf.fci.direct_spin1.FCISolver'> ********
max. cycles = 200
conv_tol = 1e-08
davidson only = False
linear dependence = 1e-12
level shift = 0.001
max iter space = 12
max_memory 4000 MB
nroots = 1
pspace_size = 400
spin = None
Density matrix diagonal elements [1.99970101e+00 3.08427582e-05 2.33649843e-04 3.44941263e-05]
CASCI converged
CASCI E = -234.909384105281  E(CI) = -1.32938033279811  S^2 = 0.0000000

******** <class 'pyscf.mcscf.casci.CASCI'> ********
CAS (1e+1e, 4o), ncore = 14, nvir = 32
natorb = False
canonicalization = True
sorting_mo_energy = False
max_memory 4000 MB (current use 453 MB)
******** <class 'pyscf.fci.direct_spin1.FCISolver'> ********
max. cycles = 200
conv_tol = 1e-08
davidson only = False
linear dependence = 1e-12
level shift = 0.001
max iter space = 12
max_memory 4000 MB
nroots = 1
pspace_size = 400
spin = None
Density matrix diagonal elements [1.98736339e+00 1.90859034e-05 1.52956261e-04 1.24645661e-02]
CASCI converged
CASCI E = -234.918953169980  E(CI) = -1.33894939749715  S^2 = 0.0000000

******** <class 'pyscf.mcscf.casci.CASCI'> ********
CAS (1e+1e, 4o), ncore = 14, nvir = 32
natorb = False
canonicalization = True
sorting_mo_energy = False
max_memory 4000 MB (current use 453 MB)
******** <class 'pyscf.fci.direct_spin1.FCISolver'> ********
max. cycles = 200
conv_tol = 1e-08
davidson only = False
linear dependence = 1e-12
level shift = 0.001
max iter space = 12
max_memory 4000 MB
nroots = 1
pspace_size = 400
spin = None
Density matrix diagonal elements [1.99968027e+00 3.04365716e-05 2.37617127e-04 5.16714570e-05]
CASCI converged
CASCI E = -234.909405270048  E(CI) = -1.32940149756521  S^2 = 0.0000000

******** <class 'pyscf.mcscf.casci.CASCI'> ********
CAS (1e+1e, 4o), ncore = 14, nvir = 32
natorb = False
canonicalization = True
sorting_mo_energy = False
max_memory 4000 MB (current use 453 MB)
******** <class 'pyscf.fci.direct_spin1.FCISolver'> ********
max. cycles = 200
conv_tol = 1e-08
davidson only = False
linear dependence = 1e-12
level shift = 0.001
max iter space = 12
max_memory 4000 MB
nroots = 1
pspace_size = 400
spin = None
Density matrix diagonal elements [1.99953062e+00 3.14355745e-05 3.38669605e-04 9.92724932e-05]
CASCI converged
CASCI E = -234.909449548226  E(CI) = -1.32944577574310  S^2 = 0.0000000

******** <class 'pyscf.mcscf.casci.CASCI'> ********
CAS (1e+1e, 4o), ncore = 14, nvir = 32
natorb = False
canonicalization = True
sorting_mo_energy = False
max_memory 4000 MB (current use 453 MB)
******** <class 'pyscf.fci.direct_spin1.FCISolver'> ********
max. cycles = 200
conv_tol = 1e-08
davidson only = False
linear dependence = 1e-12
level shift = 0.001
max iter space = 12
max_memory 4000 MB
nroots = 1
pspace_size = 400
spin = None
Density matrix diagonal elements [1.99972450e+00 3.24232122e-05 2.37916785e-04 5.16292678e-06]
CASCI converged
CASCI E = -234.909366335894  E(CI) = -1.32936256341193  S^2 = 0.0000000

******** <class 'pyscf.mcscf.casci.CASCI'> ********
CAS (1e+1e, 4o), ncore = 14, nvir = 32
natorb = False
canonicalization = True
sorting_mo_energy = False
max_memory 4000 MB (current use 453 MB)
******** <class 'pyscf.fci.direct_spin1.FCISolver'> ********
max. cycles = 200
conv_tol = 1e-08
davidson only = False
linear dependence = 1e-12
level shift = 0.001
max iter space = 12
max_memory 4000 MB
nroots = 1
pspace_size = 400
spin = None
Density matrix diagonal elements [1.99972005e+00 3.16493994e-05 2.37695925e-04 1.06034773e-05]
CASCI converged
CASCI E = -234.909372589767  E(CI) = -1.32936881728477  S^2 = 0.0000000

******** <class 'pyscf.mcscf.casci.CASCI'> ********
CAS (1e+1e, 4o), ncore = 14, nvir = 32
natorb = False
canonicalization = True
sorting_mo_energy = False
max_memory 4000 MB (current use 453 MB)
******** <class 'pyscf.fci.direct_spin1.FCISolver'> ********
max. cycles = 200
conv_tol = 1e-08
davidson only = False
linear dependence = 1e-12
level shift = 0.001
max iter space = 12
max_memory 4000 MB
nroots = 1
pspace_size = 400
spin = None
Density matrix diagonal elements [1.99972772e+00 3.20016602e-05 2.38404870e-04 1.87631665e-06]
CASCI converged
CASCI E = -234.909362572670  E(CI) = -1.32935880018789  S^2 = 0.0000000

******** <class 'pyscf.mcscf.casci.CASCI'> ********
CAS (1e+1e, 4o), ncore = 14, nvir = 32
natorb = False
canonicalization = True
sorting_mo_energy = False
max_memory 4000 MB (current use 453 MB)
******** <class 'pyscf.fci.direct_spin1.FCISolver'> ********
max. cycles = 200
conv_tol = 1e-08
davidson only = False
linear dependence = 1e-12
level shift = 0.001
max iter space = 12
max_memory 4000 MB
nroots = 1
pspace_size = 400
spin = None
Density matrix diagonal elements [1.99972909e+00 3.16552562e-05 2.39142222e-04 1.14939679e-07]
CASCI converged
CASCI E = -234.909359768462  E(CI) = -1.32935599597909  S^2 = 0.0000000

******** <class 'pyscf.mcscf.casci.CASCI'> ********
CAS (1e+1e, 4o), ncore = 14, nvir = 32
natorb = False
canonicalization = True
sorting_mo_energy = False
max_memory 4000 MB (current use 453 MB)
******** <class 'pyscf.fci.direct_spin1.FCISolver'> ********
max. cycles = 200
conv_tol = 1e-08
davidson only = False
linear dependence = 1e-12
level shift = 0.001
max iter space = 12
max_memory 4000 MB
nroots = 1
pspace_size = 400
spin = None
Density matrix diagonal elements [1.99972957e+00 3.16485482e-05 2.38765380e-04 1.27910970e-08]
CASCI converged
CASCI E = -234.909359547867  E(CI) = -1.32935577538430  S^2 = 0.0000000

******** <class 'pyscf.mcscf.casci.CASCI'> ********
CAS (1e+1e, 4o), ncore = 14, nvir = 32
natorb = False
canonicalization = True
sorting_mo_energy = False
max_memory 4000 MB (current use 453 MB)
******** <class 'pyscf.fci.direct_spin1.FCISolver'> ********
max. cycles = 200
conv_tol = 1e-08
davidson only = False
linear dependence = 1e-12
level shift = 0.001
max iter space = 12
max_memory 4000 MB
nroots = 1
pspace_size = 400
spin = None
Density matrix diagonal elements [1.99972885e+00 3.22262024e-05 2.38750806e-04 1.77540570e-07]
CASCI converged
CASCI E = -234.909359914940  E(CI) = -1.32935614245784  S^2 = 0.0000000

******** <class 'pyscf.mcscf.casci.CASCI'> ********
CAS (1e+1e, 4o), ncore = 14, nvir = 32
natorb = False
canonicalization = True
sorting_mo_energy = False
max_memory 4000 MB (current use 453 MB)
******** <class 'pyscf.fci.direct_spin1.FCISolver'> ********
max. cycles = 200
conv_tol = 1e-08
davidson only = False
linear dependence = 1e-12
level shift = 0.001
max iter space = 12
max_memory 4000 MB
nroots = 1
pspace_size = 400
spin = None
Density matrix diagonal elements [1.99972953e+00 3.16500389e-05 2.38813857e-04 2.01341401e-09]
CASCI converged
CASCI E = -234.909359527887  E(CI) = -1.32935575540458  S^2 = 0.0000000

******** <class 'pyscf.mcscf.casci.CASCI'> ********
CAS (1e+1e, 4o), ncore = 14, nvir = 32
natorb = False
canonicalization = True
sorting_mo_energy = False
max_memory 4000 MB (current use 453 MB)
******** <class 'pyscf.fci.direct_spin1.FCISolver'> ********
max. cycles = 200
conv_tol = 1e-08
davidson only = False
linear dependence = 1e-12
level shift = 0.001
max iter space = 12
max_memory 4000 MB
nroots = 1
pspace_size = 400
spin = None
Density matrix diagonal elements [1.99972970e+00 3.16488406e-05 2.38620443e-04 3.13695561e-08]
CASCI converged
CASCI E = -234.909359598470  E(CI) = -1.32935582598716  S^2 = 0.0000000

******** <class 'pyscf.mcscf.casci.CASCI'> ********
CAS (1e+1e, 4o), ncore = 14, nvir = 32
natorb = False
canonicalization = True
sorting_mo_energy = False
max_memory 4000 MB (current use 453 MB)
******** <class 'pyscf.fci.direct_spin1.FCISolver'> ********
max. cycles = 200
conv_tol = 1e-08
davidson only = False
linear dependence = 1e-12
level shift = 0.001
max iter space = 12
max_memory 4000 MB
nroots = 1
pspace_size = 400
spin = None
Density matrix diagonal elements [1.99972958e+00 3.16474855e-05 2.38761198e-04 1.25544371e-08]
CASCI converged
CASCI E = -234.909359553636  E(CI) = -1.32935578115303  S^2 = 0.0000000

******** <class 'pyscf.mcscf.casci.CASCI'> ********
CAS (1e+1e, 4o), ncore = 14, nvir = 32
natorb = False
canonicalization = True
sorting_mo_energy = False
max_memory 4000 MB (current use 453 MB)
******** <class 'pyscf.fci.direct_spin1.FCISolver'> ********
max. cycles = 200
conv_tol = 1e-08
davidson only = False
linear dependence = 1e-12
level shift = 0.001
max iter space = 12
max_memory 4000 MB
nroots = 1
pspace_size = 400
spin = None
Density matrix diagonal elements [1.99972880e+00 3.16361876e-05 2.39519315e-04 4.69278043e-08]
CASCI converged
CASCI E = -234.909359646575  E(CI) = -1.32935587409258  S^2 = 0.0000000

******** <class 'pyscf.mcscf.casci.CASCI'> ********
CAS (1e+1e, 4o), ncore = 14, nvir = 32
natorb = False
canonicalization = True
sorting_mo_energy = False
max_memory 4000 MB (current use 453 MB)
******** <class 'pyscf.fci.direct_spin1.FCISolver'> ********
max. cycles = 200
conv_tol = 1e-08
davidson only = False
linear dependence = 1e-12
level shift = 0.001
max iter space = 12
max_memory 4000 MB
nroots = 1
pspace_size = 400
spin = None
Density matrix diagonal elements [1.99972959e+00 3.16596705e-05 2.38745381e-04 7.46699057e-09]
CASCI converged
CASCI E = -234.909359546130  E(CI) = -1.32935577364714  S^2 = 0.0000000

******** <class 'pyscf.mcscf.casci.CASCI'> ********
CAS (1e+1e, 4o), ncore = 14, nvir = 32
natorb = False
canonicalization = True
sorting_mo_energy = False
max_memory 4000 MB (current use 453 MB)
******** <class 'pyscf.fci.direct_spin1.FCISolver'> ********
max. cycles = 200
conv_tol = 1e-08
davidson only = False
linear dependence = 1e-12
level shift = 0.001
max iter space = 12
max_memory 4000 MB
nroots = 1
pspace_size = 400
spin = None
Density matrix diagonal elements [1.99972956e+00 3.16497474e-05 2.38785088e-04 4.71701126e-10]
CASCI converged
CASCI E = -234.909359524805  E(CI) = -1.32935575232281  S^2 = 0.0000000

******** <class 'pyscf.mcscf.casci.CASCI'> ********
CAS (1e+1e, 4o), ncore = 14, nvir = 32
natorb = False
canonicalization = True
sorting_mo_energy = False
max_memory 4000 MB (current use 453 MB)
******** <class 'pyscf.fci.direct_spin1.FCISolver'> ********
max. cycles = 200
conv_tol = 1e-08
davidson only = False
linear dependence = 1e-12
level shift = 0.001
max iter space = 12
max_memory 4000 MB
nroots = 1
pspace_size = 400
spin = None
Density matrix diagonal elements [1.99972957e+00 3.16497479e-05 2.38782746e-04 2.85423256e-10]
CASCI converged
CASCI E = -234.909359524106  E(CI) = -1.32935575162378  S^2 = 0.0000000

******** <class 'pyscf.mcscf.casci.CASCI'> ********
CAS (1e+1e, 4o), ncore = 14, nvir = 32
natorb = False
canonicalization = True
sorting_mo_energy = False
max_memory 4000 MB (current use 453 MB)
******** <class 'pyscf.fci.direct_spin1.FCISolver'> ********
max. cycles = 200
conv_tol = 1e-08
davidson only = False
linear dependence = 1e-12
level shift = 0.001
max iter space = 12
max_memory 4000 MB
nroots = 1
pspace_size = 400
spin = None
Density matrix diagonal elements [1.99972958e+00 3.16497691e-05 2.38773908e-04 3.86071908e-11]
CASCI converged
CASCI E = -234.909359523202  E(CI) = -1.32935575071920  S^2 = 0.0000000

******** <class 'pyscf.mcscf.casci.CASCI'> ********
CAS (1e+1e, 4o), ncore = 14, nvir = 32
natorb = False
canonicalization = True
sorting_mo_energy = False
max_memory 4000 MB (current use 453 MB)
******** <class 'pyscf.fci.direct_spin1.FCISolver'> ********
max. cycles = 200
conv_tol = 1e-08
davidson only = False
linear dependence = 1e-12
level shift = 0.001
max iter space = 12
max_memory 4000 MB
nroots = 1
pspace_size = 400
spin = None
Density matrix diagonal elements [1.99972945e+00 3.16480142e-05 2.38890202e-04 7.63098363e-09]
CASCI converged
CASCI E = -234.909359555664  E(CI) = -1.32935578318131  S^2 = 0.0000000

******** <class 'pyscf.mcscf.casci.CASCI'> ********
CAS (1e+1e, 4o), ncore = 14, nvir = 32
natorb = False
canonicalization = True
sorting_mo_energy = False
max_memory 4000 MB (current use 453 MB)
******** <class 'pyscf.fci.direct_spin1.FCISolver'> ********
max. cycles = 200
conv_tol = 1e-08
davidson only = False
linear dependence = 1e-12
level shift = 0.001
max iter space = 12
max_memory 4000 MB
nroots = 1
pspace_size = 400
spin = None
Density matrix diagonal elements [1.99972857e+00 3.26244756e-05 2.38536132e-04 2.70444944e-07]
CASCI converged
CASCI E = -234.909360613364  E(CI) = -1.32935684088142  S^2 = 0.0000000

******** <class 'pyscf.mcscf.casci.CASCI'> ********
CAS (1e+1e, 4o), ncore = 14, nvir = 32
natorb = False
canonicalization = True
sorting_mo_energy = False
max_memory 4000 MB (current use 453 MB)
******** <class 'pyscf.fci.direct_spin1.FCISolver'> ********
max. cycles = 200
conv_tol = 1e-08
davidson only = False
linear dependence = 1e-12
level shift = 0.001
max iter space = 12
max_memory 4000 MB
nroots = 1
pspace_size = 400
spin = None
Density matrix diagonal elements [1.99972928e+00 3.19724585e-05 2.38666569e-04 8.23042084e-08]
CASCI converged
CASCI E = -234.909359911162  E(CI) = -1.32935613867897  S^2 = 0.0000000

******** <class 'pyscf.mcscf.casci.CASCI'> ********
CAS (1e+1e, 4o), ncore = 14, nvir = 32
natorb = False
canonicalization = True
sorting_mo_energy = False
max_memory 4000 MB (current use 453 MB)
******** <class 'pyscf.fci.direct_spin1.FCISolver'> ********
max. cycles = 200
conv_tol = 1e-08
davidson only = False
linear dependence = 1e-12
level shift = 0.001
max iter space = 12
max_memory 4000 MB
nroots = 1
pspace_size = 400
spin = None
Density matrix diagonal elements [1.99984809e+00 3.99350312e-05 3.35521792e-05 7.84249856e-05]
CASCI converged
CASCI E = -234.909330149112  E(CI) = -1.32932637662947  S^2 = 0.0000000

******** <class 'pyscf.mcscf.casci.CASCI'> ********
CAS (1e+1e, 4o), ncore = 14, nvir = 32
natorb = False
canonicalization = True
sorting_mo_energy = False
max_memory 4000 MB (current use 453 MB)
******** <class 'pyscf.fci.direct_spin1.FCISolver'> ********
max. cycles = 200
conv_tol = 1e-08
davidson only = False
linear dependence = 1e-12
level shift = 0.001
max iter space = 12
max_memory 4000 MB
nroots = 1
pspace_size = 400
spin = None
Density matrix diagonal elements [1.99984806e+00 3.99347382e-05 3.35521124e-05 7.84527087e-05]
CASCI converged
CASCI E = -234.909330160588  E(CI) = -1.32932638810536  S^2 = 0.0000000

******** <class 'pyscf.mcscf.casci.CASCI'> ********
CAS (1e+1e, 4o), ncore = 14, nvir = 32
natorb = False
canonicalization = True
sorting_mo_energy = False
max_memory 4000 MB (current use 453 MB)
******** <class 'pyscf.fci.direct_spin1.FCISolver'> ********
max. cycles = 200
conv_tol = 1e-08
davidson only = False
linear dependence = 1e-12
level shift = 0.001
max iter space = 12
max_memory 4000 MB
nroots = 1
pspace_size = 400
spin = None
Density matrix diagonal elements [1.98265906e+00 1.11960245e-03 1.14459422e-03 1.50767399e-02]
CASCI converged
CASCI E = -234.911671868753  E(CI) = -1.33166809627070  S^2 = 0.0000000

******** <class 'pyscf.mcscf.casci.CASCI'> ********
CAS (1e+1e, 4o), ncore = 14, nvir = 32
natorb = False
canonicalization = True
sorting_mo_energy = False
max_memory 4000 MB (current use 453 MB)
******** <class 'pyscf.fci.direct_spin1.FCISolver'> ********
max. cycles = 200
conv_tol = 1e-08
davidson only = False
linear dependence = 1e-12
level shift = 0.001
max iter space = 12
max_memory 4000 MB
nroots = 1
pspace_size = 400
spin = None
Density matrix diagonal elements [1.99972610e+00 5.74569610e-05 9.84708334e-05 1.17972880e-04]
CASCI converged
CASCI E = -234.909371390631  E(CI) = -1.32936761814830  S^2 = 0.0000000

******** <class 'pyscf.mcscf.casci.CASCI'> ********
CAS (1e+1e, 4o), ncore = 14, nvir = 32
natorb = False
canonicalization = True
sorting_mo_energy = False
max_memory 4000 MB (current use 453 MB)
******** <class 'pyscf.fci.direct_spin1.FCISolver'> ********
max. cycles = 200
conv_tol = 1e-08
davidson only = False
linear dependence = 1e-12
level shift = 0.001
max iter space = 12
max_memory 4000 MB
nroots = 1
pspace_size = 400
spin = None
Density matrix diagonal elements [1.99964877e+00 5.92517856e-05 1.16971577e-04 1.75011043e-04]
CASCI converged
CASCI E = -234.909420593063  E(CI) = -1.32941682058060  S^2 = 0.0000000

******** <class 'pyscf.mcscf.casci.CASCI'> ********
CAS (1e+1e, 4o), ncore = 14, nvir = 32
natorb = False
canonicalization = True
sorting_mo_energy = False
max_memory 4000 MB (current use 453 MB)
******** <class 'pyscf.fci.direct_spin1.FCISolver'> ********
max. cycles = 200
conv_tol = 1e-08
davidson only = False
linear dependence = 1e-12
level shift = 0.001
max iter space = 12
max_memory 4000 MB
nroots = 1
pspace_size = 400
spin = None
Density matrix diagonal elements [1.99992322e+00 4.25199932e-05 3.41787503e-05 7.90430137e-08]
CASCI converged
CASCI E = -234.909293250273  E(CI) = -1.32928947779016  S^2 = 0.0000000

******** <class 'pyscf.mcscf.casci.CASCI'> ********
CAS (1e+1e, 4o), ncore = 14, nvir = 32
natorb = False
canonicalization = True
sorting_mo_energy = False
max_memory 4000 MB (current use 453 MB)
******** <class 'pyscf.fci.direct_spin1.FCISolver'> ********
max. cycles = 200
conv_tol = 1e-08
davidson only = False
linear dependence = 1e-12
level shift = 0.001
max iter space = 12
max_memory 4000 MB
nroots = 1
pspace_size = 400
spin = None
Density matrix diagonal elements [1.99992322e+00 4.25199941e-05 3.41787523e-05 7.90344757e-08]
CASCI converged
CASCI E = -234.909293250263  E(CI) = -1.32928947778043  S^2 = 0.0000000

******** <class 'pyscf.mcscf.casci.CASCI'> ********
CAS (1e+1e, 4o), ncore = 14, nvir = 32
natorb = False
canonicalization = True
sorting_mo_energy = False
max_memory 4000 MB (current use 453 MB)
******** <class 'pyscf.fci.direct_spin1.FCISolver'> ********
max. cycles = 200
conv_tol = 1e-08
davidson only = False
linear dependence = 1e-12
level shift = 0.001
max iter space = 12
max_memory 4000 MB
nroots = 1
pspace_size = 400
spin = None
Density matrix diagonal elements [1.99988813e+00 4.14171389e-05 3.37354259e-05 3.67128099e-05]
CASCI converged
CASCI E = -234.909319322721  E(CI) = -1.32931555023868  S^2 = 0.0000000

******** <class 'pyscf.mcscf.casci.CASCI'> ********
CAS (1e+1e, 4o), ncore = 14, nvir = 32
natorb = False
canonicalization = True
sorting_mo_energy = False
max_memory 4000 MB (current use 453 MB)
******** <class 'pyscf.fci.direct_spin1.FCISolver'> ********
max. cycles = 200
conv_tol = 1e-08
davidson only = False
linear dependence = 1e-12
level shift = 0.001
max iter space = 12
max_memory 4000 MB
nroots = 1
pspace_size = 400
spin = None
Density matrix diagonal elements [1.98745869e+00 2.59069633e-05 2.55729265e-05 1.24898342e-02]
CASCI converged
CASCI E = -234.918911500013  E(CI) = -1.33890772753043  S^2 = 0.0000000

******** <class 'pyscf.mcscf.casci.CASCI'> ********
CAS (1e+1e, 4o), ncore = 14, nvir = 32
natorb = False
canonicalization = True
sorting_mo_energy = False
max_memory 4000 MB (current use 453 MB)
******** <class 'pyscf.fci.direct_spin1.FCISolver'> ********
max. cycles = 200
conv_tol = 1e-08
davidson only = False
linear dependence = 1e-12
level shift = 0.001
max iter space = 12
max_memory 4000 MB
nroots = 1
pspace_size = 400
spin = None
Density matrix diagonal elements [1.99987705e+00 4.03666504e-05 3.16778419e-05 5.09056786e-05]
CASCI converged
CASCI E = -234.909338202461  E(CI) = -1.32933442997873  S^2 = 0.0000000

******** <class 'pyscf.mcscf.casci.CASCI'> ********
CAS (1e+1e, 4o), ncore = 14, nvir = 32
natorb = False
canonicalization = True
sorting_mo_energy = False
max_memory 4000 MB (current use 453 MB)
******** <class 'pyscf.fci.direct_spin1.FCISolver'> ********
max. cycles = 200
conv_tol = 1e-08
davidson only = False
linear dependence = 1e-12
level shift = 0.001
max iter space = 12
max_memory 4000 MB
nroots = 1
pspace_size = 400
spin = None
Density matrix diagonal elements [1.99987704e+00 4.03665644e-05 3.16776925e-05 5.09121209e-05]
CASCI converged
CASCI E = -234.909338208148  E(CI) = -1.32933443566540  S^2 = 0.0000000

******** <class 'pyscf.mcscf.casci.CASCI'> ********
CAS (1e+1e, 4o), ncore = 14, nvir = 32
natorb = False
canonicalization = True
sorting_mo_energy = False
max_memory 4000 MB (current use 453 MB)
******** <class 'pyscf.fci.direct_spin1.FCISolver'> ********
max. cycles = 200
conv_tol = 1e-08
davidson only = False
linear dependence = 1e-12
level shift = 0.001
max iter space = 12
max_memory 4000 MB
nroots = 1
pspace_size = 400
spin = None
Density matrix diagonal elements [1.99989035e+00 4.55870866e-05 4.88310747e-05 1.52332327e-05]
CASCI converged
CASCI E = -234.909313675219  E(CI) = -1.32930990273672  S^2 = 0.0000000

******** <class 'pyscf.mcscf.casci.CASCI'> ********
CAS (1e+1e, 4o), ncore = 14, nvir = 32
natorb = False
canonicalization = True
sorting_mo_energy = False
max_memory 4000 MB (current use 453 MB)
******** <class 'pyscf.fci.direct_spin1.FCISolver'> ********
max. cycles = 200
conv_tol = 1e-08
davidson only = False
linear dependence = 1e-12
level shift = 0.001
max iter space = 12
max_memory 4000 MB
nroots = 1
pspace_size = 400
spin = None
Density matrix diagonal elements [1.99988988e+00 4.45644882e-05 4.60471384e-05 1.95132121e-05]
CASCI converged
CASCI E = -234.909319204102  E(CI) = -1.32931543161988  S^2 = 0.0000000

******** <class 'pyscf.mcscf.casci.CASCI'> ********
CAS (1e+1e, 4o), ncore = 14, nvir = 32
natorb = False
canonicalization = True
sorting_mo_energy = False
max_memory 4000 MB (current use 453 MB)
******** <class 'pyscf.fci.direct_spin1.FCISolver'> ********
max. cycles = 200
conv_tol = 1e-08
davidson only = False
linear dependence = 1e-12
level shift = 0.001
max iter space = 12
max_memory 4000 MB
nroots = 1
pspace_size = 400
spin = None
Density matrix diagonal elements [1.99990912e+00 4.40256348e-05 4.07118020e-05 6.14191793e-06]
CASCI converged
CASCI E = -234.909303511041  E(CI) = -1.32929973855843  S^2 = 0.0000000

******** <class 'pyscf.mcscf.casci.CASCI'> ********
CAS (1e+1e, 4o), ncore = 14, nvir = 32
natorb = False
canonicalization = True
sorting_mo_energy = False
max_memory 4000 MB (current use 453 MB)
******** <class 'pyscf.fci.direct_spin1.FCISolver'> ********
max. cycles = 200
conv_tol = 1e-08
davidson only = False
linear dependence = 1e-12
level shift = 0.001
max iter space = 12
max_memory 4000 MB
nroots = 1
pspace_size = 400
spin = None
Density matrix diagonal elements [1.99992326e+00 4.25289930e-05 3.41988703e-05 1.37724821e-08]
CASCI converged
CASCI E = -234.909293185229  E(CI) = -1.32928941274662  S^2 = 0.0000000

******** <class 'pyscf.mcscf.casci.CASCI'> ********
CAS (1e+1e, 4o), ncore = 14, nvir = 32
natorb = False
canonicalization = True
sorting_mo_energy = False
max_memory 4000 MB (current use 453 MB)
******** <class 'pyscf.fci.direct_spin1.FCISolver'> ********
max. cycles = 200
conv_tol = 1e-08
davidson only = False
linear dependence = 1e-12
level shift = 0.001
max iter space = 12
max_memory 4000 MB
nroots = 1
pspace_size = 400
spin = None
Density matrix diagonal elements [1.99992326e+00 4.25289933e-05 3.41988708e-05 1.37694519e-08]
CASCI converged
CASCI E = -234.909293185223  E(CI) = -1.32928941274079  S^2 = 0.0000000

******** <class 'pyscf.mcscf.casci.CASCI'> ********
CAS (1e+1e, 4o), ncore = 14, nvir = 32
natorb = False
canonicalization = True
sorting_mo_energy = False
max_memory 4000 MB (current use 453 MB)
******** <class 'pyscf.fci.direct_spin1.FCISolver'> ********
max. cycles = 200
conv_tol = 1e-08
davidson only = False
linear dependence = 1e-12
level shift = 0.001
max iter space = 12
max_memory 4000 MB
nroots = 1
pspace_size = 400
spin = None
Density matrix diagonal elements [1.99992217e+00 4.33360895e-05 3.42878199e-05 2.02493053e-07]
CASCI converged
CASCI E = -234.909293598278  E(CI) = -1.32928982579506  S^2 = 0.0000000

******** <class 'pyscf.mcscf.casci.CASCI'> ********
CAS (1e+1e, 4o), ncore = 14, nvir = 32
natorb = False
canonicalization = True
sorting_mo_energy = False
max_memory 4000 MB (current use 453 MB)
******** <class 'pyscf.fci.direct_spin1.FCISolver'> ********
max. cycles = 200
conv_tol = 1e-08
davidson only = False
linear dependence = 1e-12
level shift = 0.001
max iter space = 12
max_memory 4000 MB
nroots = 1
pspace_size = 400
spin = None
Density matrix diagonal elements [1.99992327e+00 4.25308902e-05 3.42017868e-05 2.70927229e-10]
CASCI converged
CASCI E = -234.909293159152  E(CI) = -1.32928938666953  S^2 = 0.0000000

******** <class 'pyscf.mcscf.casci.CASCI'> ********
CAS (1e+1e, 4o), ncore = 14, nvir = 32
natorb = False
canonicalization = True
sorting_mo_energy = False
max_memory 4000 MB (current use 453 MB)
******** <class 'pyscf.fci.direct_spin1.FCISolver'> ********
max. cycles = 200
conv_tol = 1e-08
davidson only = False
linear dependence = 1e-12
level shift = 0.001
max iter space = 12
max_memory 4000 MB
nroots = 1
pspace_size = 400
spin = None
Density matrix diagonal elements [1.99992321e+00 4.25282370e-05 3.42009115e-05 5.65103676e-08]
CASCI converged
CASCI E = -234.909293294440  E(CI) = -1.32928952195718  S^2 = 0.0000000

******** <class 'pyscf.mcscf.casci.CASCI'> ********
CAS (1e+1e, 4o), ncore = 14, nvir = 32
natorb = False
canonicalization = True
sorting_mo_energy = False
max_memory 4000 MB (current use 453 MB)
******** <class 'pyscf.fci.direct_spin1.FCISolver'> ********
max. cycles = 200
conv_tol = 1e-08
davidson only = False
linear dependence = 1e-12
level shift = 0.001
max iter space = 12
max_memory 4000 MB
nroots = 1
pspace_size = 400
spin = None
Density matrix diagonal elements [1.99992326e+00 4.25280088e-05 3.41979698e-05 1.38110729e-08]
CASCI converged
CASCI E = -234.909293192156  E(CI) = -1.32928941967305  S^2 = 0.0000000

******** <class 'pyscf.mcscf.casci.CASCI'> ********
CAS (1e+1e, 4o), ncore = 14, nvir = 32
natorb = False
canonicalization = True
sorting_mo_energy = False
max_memory 4000 MB (current use 453 MB)
******** <class 'pyscf.fci.direct_spin1.FCISolver'> ********
max. cycles = 200
conv_tol = 1e-08
davidson only = False
linear dependence = 1e-12
level shift = 0.001
max iter space = 12
max_memory 4000 MB
nroots = 1
pspace_size = 400
spin = None
Density matrix diagonal elements [1.99992326e+00 4.25280087e-05 3.41979696e-05 1.38113782e-08]
CASCI converged
CASCI E = -234.909293192156  E(CI) = -1.32928941967378  S^2 = 0.0000000

******** <class 'pyscf.mcscf.casci.CASCI'> ********
CAS (1e+1e, 4o), ncore = 14, nvir = 32
natorb = False
canonicalization = True
sorting_mo_energy = False
max_memory 4000 MB (current use 453 MB)
******** <class 'pyscf.fci.direct_spin1.FCISolver'> ********
max. cycles = 200
conv_tol = 1e-08
davidson only = False
linear dependence = 1e-12
level shift = 0.001
max iter space = 12
max_memory 4000 MB
nroots = 1
pspace_size = 400
spin = None
Density matrix diagonal elements [1.99992285e+00 4.25619940e-05 3.44386687e-05 1.45993123e-07]
CASCI converged
CASCI E = -234.909293624719  E(CI) = -1.32928985223600  S^2 = 0.0000000

******** <class 'pyscf.mcscf.casci.CASCI'> ********
CAS (1e+1e, 4o), ncore = 14, nvir = 32
natorb = False
canonicalization = True
sorting_mo_energy = False
max_memory 4000 MB (current use 453 MB)
******** <class 'pyscf.fci.direct_spin1.FCISolver'> ********
max. cycles = 200
conv_tol = 1e-08
davidson only = False
linear dependence = 1e-12
level shift = 0.001
max iter space = 12
max_memory 4000 MB
nroots = 1
pspace_size = 400
spin = None
Density matrix diagonal elements [1.99992327e+00 4.25310888e-05 3.42018510e-05 8.86196840e-14]
CASCI converged
CASCI E = -234.909293158501  E(CI) = -1.32928938601819  S^2 = 0.0000000

******** <class 'pyscf.mcscf.casci.CASCI'> ********
CAS (1e+1e, 4o), ncore = 14, nvir = 32
natorb = False
canonicalization = True
sorting_mo_energy = False
max_memory 4000 MB (current use 453 MB)
******** <class 'pyscf.fci.direct_spin1.FCISolver'> ********
max. cycles = 200
conv_tol = 1e-08
davidson only = False
linear dependence = 1e-12
level shift = 0.001
max iter space = 12
max_memory 4000 MB
nroots = 1
pspace_size = 400
spin = None
Density matrix diagonal elements [1.99992327e+00 4.25310827e-05 3.42018460e-05 2.75854327e-11]
CASCI converged
CASCI E = -234.909293158604  E(CI) = -1.32928938612093  S^2 = 0.0000000

******** <class 'pyscf.mcscf.casci.CASCI'> ********
CAS (1e+1e, 4o), ncore = 14, nvir = 32
natorb = False
canonicalization = True
sorting_mo_energy = False
max_memory 4000 MB (current use 453 MB)
******** <class 'pyscf.fci.direct_spin1.FCISolver'> ********
max. cycles = 200
conv_tol = 1e-08
davidson only = False
linear dependence = 1e-12
level shift = 0.001
max iter space = 12
max_memory 4000 MB
nroots = 1
pspace_size = 400
spin = None
Density matrix diagonal elements [1.99992327e+00 4.25310554e-05 3.42017752e-05 8.73797428e-11]
CASCI converged
CASCI E = -234.909293158862  E(CI) = -1.32928938637897  S^2 = 0.0000000

******** <class 'pyscf.mcscf.casci.CASCI'> ********
CAS (1e+1e, 4o), ncore = 14, nvir = 32
natorb = False
canonicalization = True
sorting_mo_energy = False
max_memory 4000 MB (current use 453 MB)
******** <class 'pyscf.fci.direct_spin1.FCISolver'> ********
max. cycles = 200
conv_tol = 1e-08
davidson only = False
linear dependence = 1e-12
level shift = 0.001
max iter space = 12
max_memory 4000 MB
nroots = 1
pspace_size = 400
spin = None
Density matrix diagonal elements [1.99992327e+00 4.25310554e-05 3.42017752e-05 8.73815345e-11]
CASCI converged
CASCI E = -234.909293158862  E(CI) = -1.32928938637897  S^2 = 0.0000000

******** <class 'pyscf.mcscf.casci.CASCI'> ********
CAS (1e+1e, 4o), ncore = 14, nvir = 32
natorb = False
canonicalization = True
sorting_mo_energy = False
max_memory 4000 MB (current use 453 MB)
******** <class 'pyscf.fci.direct_spin1.FCISolver'> ********
max. cycles = 200
conv_tol = 1e-08
davidson only = False
linear dependence = 1e-12
level shift = 0.001
max iter space = 12
max_memory 4000 MB
nroots = 1
pspace_size = 400
spin = None
Density matrix diagonal elements [1.99992033e+00 4.41416920e-05 3.50976008e-05 4.35320721e-07]
CASCI converged
CASCI E = -234.909294902079  E(CI) = -1.32929112959687  S^2 = 0.0000000

******** <class 'pyscf.mcscf.casci.CASCI'> ********
CAS (1e+1e, 4o), ncore = 14, nvir = 32
natorb = False
canonicalization = True
sorting_mo_energy = False
max_memory 4000 MB (current use 453 MB)
******** <class 'pyscf.fci.direct_spin1.FCISolver'> ********
max. cycles = 200
conv_tol = 1e-08
davidson only = False
linear dependence = 1e-12
level shift = 0.001
max iter space = 12
max_memory 4000 MB
nroots = 1
pspace_size = 400
spin = None
Density matrix diagonal elements [1.99992238e+00 4.30698002e-05 3.44355267e-05 1.16075782e-07]
CASCI converged
CASCI E = -234.909293700704  E(CI) = -1.32928992822158  S^2 = 0.0000000

******** <class 'pyscf.mcscf.casci.CASCI'> ********
CAS (1e+1e, 4o), ncore = 14, nvir = 32
natorb = False
canonicalization = True
sorting_mo_energy = False
max_memory 4000 MB (current use 453 MB)
******** <class 'pyscf.fci.direct_spin1.FCISolver'> ********
max. cycles = 200
conv_tol = 1e-08
davidson only = False
linear dependence = 1e-12
level shift = 0.001
max iter space = 12
max_memory 4000 MB
nroots = 1
pspace_size = 400
spin = None
Density matrix diagonal elements [1.99981478e+00 3.01879517e-05 7.75022445e-05 7.75299935e-05]
CASCI converged
CASCI E = -234.909352976213  E(CI) = -1.32934920372998  S^2 = 0.0000000

******** <class 'pyscf.mcscf.casci.CASCI'> ********
CAS (1e+1e, 4o), ncore = 14, nvir = 32
natorb = False
canonicalization = True
sorting_mo_energy = False
max_memory 4000 MB (current use 453 MB)
******** <class 'pyscf.fci.direct_spin1.FCISolver'> ********
max. cycles = 200
conv_tol = 1e-08
davidson only = False
linear dependence = 1e-12
level shift = 0.001
max iter space = 12
max_memory 4000 MB
nroots = 1
pspace_size = 400
spin = None
Density matrix diagonal elements [1.98774887e+00 1.24535617e-03 5.54659544e-05 1.09503122e-02]
CASCI converged
CASCI E = -234.911261447657  E(CI) = -1.33125767517396  S^2 = 0.0000000

******** <class 'pyscf.mcscf.casci.CASCI'> ********
CAS (1e+1e, 4o), ncore = 14, nvir = 32
natorb = False
canonicalization = True
sorting_mo_energy = False
max_memory 4000 MB (current use 453 MB)
******** <class 'pyscf.fci.direct_spin1.FCISolver'> ********
max. cycles = 200
conv_tol = 1e-08
davidson only = False
linear dependence = 1e-12
level shift = 0.001
max iter space = 12
max_memory 4000 MB
nroots = 1
pspace_size = 400
spin = None
Density matrix diagonal elements [1.99982915e+00 3.52298408e-05 7.63838452e-05 5.92412242e-05]
CASCI converged
CASCI E = -234.909353892806  E(CI) = -1.32935012032362  S^2 = 0.0000000

******** <class 'pyscf.mcscf.casci.CASCI'> ********
CAS (1e+1e, 4o), ncore = 14, nvir = 32
natorb = False
canonicalization = True
sorting_mo_energy = False
max_memory 4000 MB (current use 453 MB)
******** <class 'pyscf.fci.direct_spin1.FCISolver'> ********
max. cycles = 200
conv_tol = 1e-08
davidson only = False
linear dependence = 1e-12
level shift = 0.001
max iter space = 12
max_memory 4000 MB
nroots = 1
pspace_size = 400
spin = None
Density matrix diagonal elements [1.99979358e+00 3.77158622e-05 7.72943781e-05 9.14095906e-05]
CASCI converged
CASCI E = -234.909385037172  E(CI) = -1.32938126468909  S^2 = 0.0000000

******** <class 'pyscf.mcscf.casci.CASCI'> ********
CAS (1e+1e, 4o), ncore = 14, nvir = 32
natorb = False
canonicalization = True
sorting_mo_energy = False
max_memory 4000 MB (current use 453 MB)
******** <class 'pyscf.fci.direct_spin1.FCISolver'> ********
max. cycles = 200
conv_tol = 1e-08
davidson only = False
linear dependence = 1e-12
level shift = 0.001
max iter space = 12
max_memory 4000 MB
nroots = 1
pspace_size = 400
spin = None
Density matrix diagonal elements [1.99988835e+00 3.22187527e-05 7.93309933e-05 1.01768391e-07]
CASCI converged
CASCI E = -234.909316562101  E(CI) = -1.32931278961792  S^2 = 0.0000000

******** <class 'pyscf.mcscf.casci.CASCI'> ********
CAS (1e+1e, 4o), ncore = 14, nvir = 32
natorb = False
canonicalization = True
sorting_mo_energy = False
max_memory 4000 MB (current use 453 MB)
******** <class 'pyscf.fci.direct_spin1.FCISolver'> ********
max. cycles = 200
conv_tol = 1e-08
davidson only = False
linear dependence = 1e-12
level shift = 0.001
max iter space = 12
max_memory 4000 MB
nroots = 1
pspace_size = 400
spin = None
Density matrix diagonal elements [1.99988865e+00 3.22531709e-05 7.90191132e-05 7.60728905e-08]
CASCI converged
CASCI E = -234.909316498171  E(CI) = -1.32931272568806  S^2 = 0.0000000

******** <class 'pyscf.mcscf.casci.CASCI'> ********
CAS (1e+1e, 4o), ncore = 14, nvir = 32
natorb = False
canonicalization = True
sorting_mo_energy = False
max_memory 4000 MB (current use 453 MB)
******** <class 'pyscf.fci.direct_spin1.FCISolver'> ********
max. cycles = 200
conv_tol = 1e-08
davidson only = False
linear dependence = 1e-12
level shift = 0.001
max iter space = 12
max_memory 4000 MB
nroots = 1
pspace_size = 400
spin = None
Density matrix diagonal elements [1.99985510e+00 3.14011897e-05 7.75262332e-05 3.59687270e-05]
CASCI converged
CASCI E = -234.909342043677  E(CI) = -1.32933827119484  S^2 = 0.0000000

******** <class 'pyscf.mcscf.casci.CASCI'> ********
CAS (1e+1e, 4o), ncore = 14, nvir = 32
natorb = False
canonicalization = True
sorting_mo_energy = False
max_memory 4000 MB (current use 453 MB)
******** <class 'pyscf.fci.direct_spin1.FCISolver'> ********
max. cycles = 200
conv_tol = 1e-08
davidson only = False
linear dependence = 1e-12
level shift = 0.001
max iter space = 12
max_memory 4000 MB
nroots = 1
pspace_size = 400
spin = None
Density matrix diagonal elements [1.98744558e+00 1.94048903e-05 5.37115558e-05 1.24813066e-02]
CASCI converged
CASCI E = -234.918926549547  E(CI) = -1.33892277706471  S^2 = 0.0000000

******** <class 'pyscf.mcscf.casci.CASCI'> ********
CAS (1e+1e, 4o), ncore = 14, nvir = 32
natorb = False
canonicalization = True
sorting_mo_energy = False
max_memory 4000 MB (current use 453 MB)
******** <class 'pyscf.fci.direct_spin1.FCISolver'> ********
max. cycles = 200
conv_tol = 1e-08
davidson only = False
linear dependence = 1e-12
level shift = 0.001
max iter space = 12
max_memory 4000 MB
nroots = 1
pspace_size = 400
spin = None
Density matrix diagonal elements [1.99972103e+00 2.92354329e-05 1.52444374e-04 9.72914065e-05]
CASCI converged
CASCI E = -234.909404325116  E(CI) = -1.32940055263325  S^2 = 0.0000000

******** <class 'pyscf.mcscf.casci.CASCI'> ********
CAS (1e+1e, 4o), ncore = 14, nvir = 32
natorb = False
canonicalization = True
sorting_mo_energy = False
max_memory 4000 MB (current use 453 MB)
******** <class 'pyscf.fci.direct_spin1.FCISolver'> ********
max. cycles = 200
conv_tol = 1e-08
davidson only = False
linear dependence = 1e-12
level shift = 0.001
max iter space = 12
max_memory 4000 MB
nroots = 1
pspace_size = 400
spin = None
Density matrix diagonal elements [1.99983834e+00 3.10320646e-05 7.86971703e-05 5.19303960e-05]
CASCI converged
CASCI E = -234.909362385270  E(CI) = -1.32935861278739  S^2 = 0.0000000

******** <class 'pyscf.mcscf.casci.CASCI'> ********
CAS (1e+1e, 4o), ncore = 14, nvir = 32
natorb = False
canonicalization = True
sorting_mo_energy = False
max_memory 4000 MB (current use 453 MB)
******** <class 'pyscf.fci.direct_spin1.FCISolver'> ********
max. cycles = 200
conv_tol = 1e-08
davidson only = False
linear dependence = 1e-12
level shift = 0.001
max iter space = 12
max_memory 4000 MB
nroots = 1
pspace_size = 400
spin = None
Density matrix diagonal elements [1.99988321e+00 3.30626592e-05 7.85268084e-05 5.19599264e-06]
CASCI converged
CASCI E = -234.909323267460  E(CI) = -1.32931949497780  S^2 = 0.0000000

******** <class 'pyscf.mcscf.casci.CASCI'> ********
CAS (1e+1e, 4o), ncore = 14, nvir = 32
natorb = False
canonicalization = True
sorting_mo_energy = False
max_memory 4000 MB (current use 453 MB)
******** <class 'pyscf.fci.direct_spin1.FCISolver'> ********
max. cycles = 200
conv_tol = 1e-08
davidson only = False
linear dependence = 1e-12
level shift = 0.001
max iter space = 12
max_memory 4000 MB
nroots = 1
pspace_size = 400
spin = None
Density matrix diagonal elements [1.99987873e+00 3.22330583e-05 7.83854134e-05 1.06521999e-05]
CASCI converged
CASCI E = -234.909329527411  E(CI) = -1.32932575492836  S^2 = 0.0000000

******** <class 'pyscf.mcscf.casci.CASCI'> ********
CAS (1e+1e, 4o), ncore = 14, nvir = 32
natorb = False
canonicalization = True
sorting_mo_energy = False
max_memory 4000 MB (current use 453 MB)
******** <class 'pyscf.fci.direct_spin1.FCISolver'> ********
max. cycles = 200
conv_tol = 1e-08
davidson only = False
linear dependence = 1e-12
level shift = 0.001
max iter space = 12
max_memory 4000 MB
nroots = 1
pspace_size = 400
spin = None
Density matrix diagonal elements [1.99988667e+00 3.26207832e-05 7.88212419e-05 1.88779374e-06]
CASCI converged
CASCI E = -234.909319478548  E(CI) = -1.32931570606539  S^2 = 0.0000000

******** <class 'pyscf.mcscf.casci.CASCI'> ********
CAS (1e+1e, 4o), ncore = 14, nvir = 32
natorb = False
canonicalization = True
sorting_mo_energy = False
max_memory 4000 MB (current use 453 MB)
******** <class 'pyscf.fci.direct_spin1.FCISolver'> ********
max. cycles = 200
conv_tol = 1e-08
davidson only = False
linear dependence = 1e-12
level shift = 0.001
max iter space = 12
max_memory 4000 MB
nroots = 1
pspace_size = 400
spin = None
Density matrix diagonal elements [1.99988869e+00 3.22608958e-05 7.90400409e-05 1.31787208e-08]
CASCI converged
CASCI E = -234.909316435422  E(CI) = -1.32931266293912  S^2 = 0.0000000

******** <class 'pyscf.mcscf.casci.CASCI'> ********
CAS (1e+1e, 4o), ncore = 14, nvir = 32
natorb = False
canonicalization = True
sorting_mo_energy = False
max_memory 4000 MB (current use 453 MB)
******** <class 'pyscf.fci.direct_spin1.FCISolver'> ********
max. cycles = 200
conv_tol = 1e-08
davidson only = False
linear dependence = 1e-12
level shift = 0.001
max iter space = 12
max_memory 4000 MB
nroots = 1
pspace_size = 400
spin = None
Density matrix diagonal elements [1.99988798e+00 3.22535225e-05 7.95439655e-05 2.26866316e-07]
CASCI converged
CASCI E = -234.909316930369  E(CI) = -1.32931315788608  S^2 = 0.0000000

******** <class 'pyscf.mcscf.casci.CASCI'> ********
CAS (1e+1e, 4o), ncore = 14, nvir = 32
natorb = False
canonicalization = True
sorting_mo_energy = False
max_memory 4000 MB (current use 453 MB)
******** <class 'pyscf.fci.direct_spin1.FCISolver'> ********
max. cycles = 200
conv_tol = 1e-08
davidson only = False
linear dependence = 1e-12
level shift = 0.001
max iter space = 12
max_memory 4000 MB
nroots = 1
pspace_size = 400
spin = None
Density matrix diagonal elements [1.99988798e+00 3.28350313e-05 7.90143415e-05 1.74699568e-07]
CASCI converged
CASCI E = -234.909316795274  E(CI) = -1.32931302279141  S^2 = 0.0000000

******** <class 'pyscf.mcscf.casci.CASCI'> ********
CAS (1e+1e, 4o), ncore = 14, nvir = 32
natorb = False
canonicalization = True
sorting_mo_energy = False
max_memory 4000 MB (current use 453 MB)
******** <class 'pyscf.fci.direct_spin1.FCISolver'> ********
max. cycles = 200
conv_tol = 1e-08
davidson only = False
linear dependence = 1e-12
level shift = 0.001
max iter space = 12
max_memory 4000 MB
nroots = 1
pspace_size = 400
spin = None
Density matrix diagonal elements [1.99988866e+00 3.22625735e-05 7.90765907e-05 2.35084862e-09]
CASCI converged
CASCI E = -234.909316415518  E(CI) = -1.32931264303576  S^2 = 0.0000000

******** <class 'pyscf.mcscf.casci.CASCI'> ********
CAS (1e+1e, 4o), ncore = 14, nvir = 32
natorb = False
canonicalization = True
sorting_mo_energy = False
max_memory 4000 MB (current use 453 MB)
******** <class 'pyscf.fci.direct_spin1.FCISolver'> ********
max. cycles = 200
conv_tol = 1e-08
davidson only = False
linear dependence = 1e-12
level shift = 0.001
max iter space = 12
max_memory 4000 MB
nroots = 1
pspace_size = 400
spin = None
Density matrix diagonal elements [1.99988877e+00 3.22620366e-05 7.89354754e-05 3.15216496e-08]
CASCI converged
CASCI E = -234.909316485647  E(CI) = -1.32931271316394  S^2 = 0.0000000

******** <class 'pyscf.mcscf.casci.CASCI'> ********
CAS (1e+1e, 4o), ncore = 14, nvir = 32
natorb = False
canonicalization = True
sorting_mo_energy = False
max_memory 4000 MB (current use 453 MB)
******** <class 'pyscf.fci.direct_spin1.FCISolver'> ********
max. cycles = 200
conv_tol = 1e-08
davidson only = False
linear dependence = 1e-12
level shift = 0.001
max iter space = 12
max_memory 4000 MB
nroots = 1
pspace_size = 400
spin = None
Density matrix diagonal elements [1.99988799e+00 3.22575820e-05 7.96355694e-05 1.15229009e-07]
CASCI converged
CASCI E = -234.909316733820  E(CI) = -1.32931296133711  S^2 = 0.0000000

******** <class 'pyscf.mcscf.casci.CASCI'> ********
CAS (1e+1e, 4o), ncore = 14, nvir = 32
natorb = False
canonicalization = True
sorting_mo_energy = False
max_memory 4000 MB (current use 453 MB)
******** <class 'pyscf.fci.direct_spin1.FCISolver'> ********
max. cycles = 200
conv_tol = 1e-08
davidson only = False
linear dependence = 1e-12
level shift = 0.001
max iter space = 12
max_memory 4000 MB
nroots = 1
pspace_size = 400
spin = None
Density matrix diagonal elements [1.99988869e+00 3.22598364e-05 7.90368449e-05 1.28214982e-08]
CASCI converged
CASCI E = -234.909316441089  E(CI) = -1.32931266860641  S^2 = 0.0000000

******** <class 'pyscf.mcscf.casci.CASCI'> ********
CAS (1e+1e, 4o), ncore = 14, nvir = 32
natorb = False
canonicalization = True
sorting_mo_energy = False
max_memory 4000 MB (current use 453 MB)
******** <class 'pyscf.fci.direct_spin1.FCISolver'> ********
max. cycles = 200
conv_tol = 1e-08
davidson only = False
linear dependence = 1e-12
level shift = 0.001
max iter space = 12
max_memory 4000 MB
nroots = 1
pspace_size = 400
spin = None
Density matrix diagonal elements [1.99988869e+00 3.22742133e-05 7.90283510e-05 8.13992137e-09]
CASCI converged
CASCI E = -234.909316435025  E(CI) = -1.32931266254263  S^2 = 0.0000000

******** <class 'pyscf.mcscf.casci.CASCI'> ********
CAS (1e+1e, 4o), ncore = 14, nvir = 32
natorb = False
canonicalization = True
sorting_mo_energy = False
max_memory 4000 MB (current use 453 MB)
******** <class 'pyscf.fci.direct_spin1.FCISolver'> ********
max. cycles = 200
conv_tol = 1e-08
davidson only = False
linear dependence = 1e-12
level shift = 0.001
max iter space = 12
max_memory 4000 MB
nroots = 1
pspace_size = 400
spin = None
Density matrix diagonal elements [1.99988869e+00 3.22621098e-05 7.90510840e-05 3.76838498e-10]
CASCI converged
CASCI E = -234.909316411252  E(CI) = -1.32931263876978  S^2 = 0.0000000

******** <class 'pyscf.mcscf.casci.CASCI'> ********
CAS (1e+1e, 4o), ncore = 14, nvir = 32
natorb = False
canonicalization = True
sorting_mo_energy = False
max_memory 4000 MB (current use 453 MB)
******** <class 'pyscf.fci.direct_spin1.FCISolver'> ********
max. cycles = 200
conv_tol = 1e-08
davidson only = False
linear dependence = 1e-12
level shift = 0.001
max iter space = 12
max_memory 4000 MB
nroots = 1
pspace_size = 400
spin = None
Density matrix diagonal elements [1.99988869e+00 3.22621113e-05 7.90492378e-05 1.93490128e-10]
CASCI converged
CASCI E = -234.909316410568  E(CI) = -1.32931263808507  S^2 = 0.0000000

******** <class 'pyscf.mcscf.casci.CASCI'> ********
CAS (1e+1e, 4o), ncore = 14, nvir = 32
natorb = False
canonicalization = True
sorting_mo_energy = False
max_memory 4000 MB (current use 453 MB)
******** <class 'pyscf.fci.direct_spin1.FCISolver'> ********
max. cycles = 200
conv_tol = 1e-08
davidson only = False
linear dependence = 1e-12
level shift = 0.001
max iter space = 12
max_memory 4000 MB
nroots = 1
pspace_size = 400
spin = None
Density matrix diagonal elements [1.99988862e+00 3.22625859e-05 7.91087291e-05 1.12239013e-08]
CASCI converged
CASCI E = -234.909316459775  E(CI) = -1.32931268729257  S^2 = 0.0000000

******** <class 'pyscf.mcscf.casci.CASCI'> ********
CAS (1e+1e, 4o), ncore = 14, nvir = 32
natorb = False
canonicalization = True
sorting_mo_energy = False
max_memory 4000 MB (current use 453 MB)
******** <class 'pyscf.fci.direct_spin1.FCISolver'> ********
max. cycles = 200
conv_tol = 1e-08
davidson only = False
linear dependence = 1e-12
level shift = 0.001
max iter space = 12
max_memory 4000 MB
nroots = 1
pspace_size = 400
spin = None
Density matrix diagonal elements [1.99988869e+00 3.22621339e-05 7.90446454e-05 4.27612979e-11]
CASCI converged
CASCI E = -234.909316410022  E(CI) = -1.32931263753926  S^2 = 0.0000000

******** <class 'pyscf.mcscf.casci.CASCI'> ********
CAS (1e+1e, 4o), ncore = 14, nvir = 32
natorb = False
canonicalization = True
sorting_mo_energy = False
max_memory 4000 MB (current use 453 MB)
******** <class 'pyscf.fci.direct_spin1.FCISolver'> ********
max. cycles = 200
conv_tol = 1e-08
davidson only = False
linear dependence = 1e-12
level shift = 0.001
max iter space = 12
max_memory 4000 MB
nroots = 1
pspace_size = 400
spin = None
Density matrix diagonal elements [1.99988747e+00 3.32739021e-05 7.89758649e-05 2.82467443e-07]
CASCI converged
CASCI E = -234.909317548964  E(CI) = -1.32931377648134  S^2 = 0.0000000

******** <class 'pyscf.mcscf.casci.CASCI'> ********
CAS (1e+1e, 4o), ncore = 14, nvir = 32
natorb = False
canonicalization = True
sorting_mo_energy = False
max_memory 4000 MB (current use 453 MB)
******** <class 'pyscf.fci.direct_spin1.FCISolver'> ********
max. cycles = 200
conv_tol = 1e-08
davidson only = False
linear dependence = 1e-12
level shift = 0.001
max iter space = 12
max_memory 4000 MB
nroots = 1
pspace_size = 400
spin = None
Density matrix diagonal elements [1.99988831e+00 3.25980691e-05 7.90049276e-05 8.61033826e-08]
CASCI converged
CASCI E = -234.909316815976  E(CI) = -1.32931304349390  S^2 = 0.0000000

******** <class 'pyscf.mcscf.casci.CASCI'> ********
CAS (1e+1e, 4o), ncore = 14, nvir = 32
natorb = False
canonicalization = True
sorting_mo_energy = False
max_memory 4000 MB (current use 453 MB)
******** <class 'pyscf.fci.direct_spin1.FCISolver'> ********
max. cycles = 200
conv_tol = 1e-08
davidson only = False
linear dependence = 1e-12
level shift = 0.001
max iter space = 12
max_memory 4000 MB
nroots = 1
pspace_size = 400
spin = None
Density matrix diagonal elements [1.98774885e+00 1.24535449e-03 5.54917768e-05 1.09503080e-02]
CASCI converged
CASCI E = -234.911261458727  E(CI) = -1.33125768624424  S^2 = 0.0000000

******** <class 'pyscf.mcscf.casci.CASCI'> ********
CAS (1e+1e, 4o), ncore = 14, nvir = 32
natorb = False
canonicalization = True
sorting_mo_energy = False
max_memory 4000 MB (current use 453 MB)
******** <class 'pyscf.fci.direct_spin1.FCISolver'> ********
max. cycles = 200
conv_tol = 1e-08
davidson only = False
linear dependence = 1e-12
level shift = 0.001
max iter space = 12
max_memory 4000 MB
nroots = 1
pspace_size = 400
spin = None
Density matrix diagonal elements [1.99982912e+00 3.52295291e-05 7.64109569e-05 5.92407938e-05]
CASCI converged
CASCI E = -234.909353904031  E(CI) = -1.32935013154813  S^2 = 0.0000000

******** <class 'pyscf.mcscf.casci.CASCI'> ********
CAS (1e+1e, 4o), ncore = 14, nvir = 32
natorb = False
canonicalization = True
sorting_mo_energy = False
max_memory 4000 MB (current use 453 MB)
******** <class 'pyscf.fci.direct_spin1.FCISolver'> ********
max. cycles = 200
conv_tol = 1e-08
davidson only = False
linear dependence = 1e-12
level shift = 0.001
max iter space = 12
max_memory 4000 MB
nroots = 1
pspace_size = 400
spin = None
Density matrix diagonal elements [1.99979355e+00 3.77155467e-05 7.73216877e-05 9.14093292e-05]
CASCI converged
CASCI E = -234.909385048475  E(CI) = -1.32938127599294  S^2 = 0.0000000

******** <class 'pyscf.mcscf.casci.CASCI'> ********
CAS (1e+1e, 4o), ncore = 14, nvir = 32
natorb = False
canonicalization = True
sorting_mo_energy = False
max_memory 4000 MB (current use 453 MB)
******** <class 'pyscf.fci.direct_spin1.FCISolver'> ********
max. cycles = 200
conv_tol = 1e-08
davidson only = False
linear dependence = 1e-12
level shift = 0.001
max iter space = 12
max_memory 4000 MB
nroots = 1
pspace_size = 400
spin = None
Density matrix diagonal elements [1.99988862e+00 3.22529241e-05 7.90469198e-05 7.60796769e-08]
CASCI converged
CASCI E = -234.909316509684  E(CI) = -1.32931273720189  S^2 = 0.0000000

******** <class 'pyscf.mcscf.casci.CASCI'> ********
CAS (1e+1e, 4o), ncore = 14, nvir = 32
natorb = False
canonicalization = True
sorting_mo_energy = False
max_memory 4000 MB (current use 453 MB)
******** <class 'pyscf.fci.direct_spin1.FCISolver'> ********
max. cycles = 200
conv_tol = 1e-08
davidson only = False
linear dependence = 1e-12
level shift = 0.001
max iter space = 12
max_memory 4000 MB
nroots = 1
pspace_size = 400
spin = None
Density matrix diagonal elements [1.99988832e+00 3.22185054e-05 7.93589338e-05 1.01775915e-07]
CASCI converged
CASCI E = -234.909316573624  E(CI) = -1.32931280114127  S^2 = 0.0000000

******** <class 'pyscf.mcscf.casci.CASCI'> ********
CAS (1e+1e, 4o), ncore = 14, nvir = 32
natorb = False
canonicalization = True
sorting_mo_energy = False
max_memory 4000 MB (current use 453 MB)
******** <class 'pyscf.fci.direct_spin1.FCISolver'> ********
max. cycles = 200
conv_tol = 1e-08
davidson only = False
linear dependence = 1e-12
level shift = 0.001
max iter space = 12
max_memory 4000 MB
nroots = 1
pspace_size = 400
spin = None
Density matrix diagonal elements [1.99985508e+00 3.14008203e-05 7.75532589e-05 3.59682790e-05]
CASCI converged
CASCI E = -234.909342054836  E(CI) = -1.32933828235360  S^2 = 0.0000000

******** <class 'pyscf.mcscf.casci.CASCI'> ********
CAS (1e+1e, 4o), ncore = 14, nvir = 32
natorb = False
canonicalization = True
sorting_mo_energy = False
max_memory 4000 MB (current use 453 MB)
******** <class 'pyscf.fci.direct_spin1.FCISolver'> ********
max. cycles = 200
conv_tol = 1e-08
davidson only = False
linear dependence = 1e-12
level shift = 0.001
max iter space = 12
max_memory 4000 MB
nroots = 1
pspace_size = 400
spin = None
Density matrix diagonal elements [1.98744556e+00 1.94047093e-05 5.37326796e-05 1.24813035e-02]
CASCI converged
CASCI E = -234.918926558515  E(CI) = -1.33892278603213  S^2 = 0.0000000

******** <class 'pyscf.mcscf.casci.CASCI'> ********
CAS (1e+1e, 4o), ncore = 14, nvir = 32
natorb = False
canonicalization = True
sorting_mo_energy = False
max_memory 4000 MB (current use 453 MB)
******** <class 'pyscf.fci.direct_spin1.FCISolver'> ********
max. cycles = 200
conv_tol = 1e-08
davidson only = False
linear dependence = 1e-12
level shift = 0.001
max iter space = 12
max_memory 4000 MB
nroots = 1
pspace_size = 400
spin = None
Density matrix diagonal elements [1.99983832e+00 3.10318589e-05 7.87249157e-05 5.19238568e-05]
CASCI converged
CASCI E = -234.909362391001  E(CI) = -1.32935861851877  S^2 = 0.0000000

******** <class 'pyscf.mcscf.casci.CASCI'> ********
CAS (1e+1e, 4o), ncore = 14, nvir = 32
natorb = False
canonicalization = True
sorting_mo_energy = False
max_memory 4000 MB (current use 453 MB)
******** <class 'pyscf.fci.direct_spin1.FCISolver'> ********
max. cycles = 200
conv_tol = 1e-08
davidson only = False
linear dependence = 1e-12
level shift = 0.001
max iter space = 12
max_memory 4000 MB
nroots = 1
pspace_size = 400
spin = None
Density matrix diagonal elements [1.99972094e+00 2.92348401e-05 1.52507530e-04 9.73163996e-05]
CASCI converged
CASCI E = -234.909404358858  E(CI) = -1.32940058637544  S^2 = 0.0000000

******** <class 'pyscf.mcscf.casci.CASCI'> ********
CAS (1e+1e, 4o), ncore = 14, nvir = 32
natorb = False
canonicalization = True
sorting_mo_energy = False
max_memory 4000 MB (current use 453 MB)
******** <class 'pyscf.fci.direct_spin1.FCISolver'> ********
max. cycles = 200
conv_tol = 1e-08
davidson only = False
linear dependence = 1e-12
level shift = 0.001
max iter space = 12
max_memory 4000 MB
nroots = 1
pspace_size = 400
spin = None
Density matrix diagonal elements [1.99988319e+00 3.30624162e-05 7.85545477e-05 5.19597338e-06]
CASCI converged
CASCI E = -234.909323278942  E(CI) = -1.32931950645911  S^2 = 0.0000000

******** <class 'pyscf.mcscf.casci.CASCI'> ********
CAS (1e+1e, 4o), ncore = 14, nvir = 32
natorb = False
canonicalization = True
sorting_mo_energy = False
max_memory 4000 MB (current use 453 MB)
******** <class 'pyscf.fci.direct_spin1.FCISolver'> ********
max. cycles = 200
conv_tol = 1e-08
davidson only = False
linear dependence = 1e-12
level shift = 0.001
max iter space = 12
max_memory 4000 MB
nroots = 1
pspace_size = 400
spin = None
Density matrix diagonal elements [1.99987870e+00 3.22328112e-05 7.84131285e-05 1.06521738e-05]
CASCI converged
CASCI E = -234.909329538884  E(CI) = -1.32932576640121  S^2 = 0.0000000

******** <class 'pyscf.mcscf.casci.CASCI'> ********
CAS (1e+1e, 4o), ncore = 14, nvir = 32
natorb = False
canonicalization = True
sorting_mo_energy = False
max_memory 4000 MB (current use 453 MB)
******** <class 'pyscf.fci.direct_spin1.FCISolver'> ********
max. cycles = 200
conv_tol = 1e-08
davidson only = False
linear dependence = 1e-12
level shift = 0.001
max iter space = 12
max_memory 4000 MB
nroots = 1
pspace_size = 400
spin = None
Density matrix diagonal elements [1.99988664e+00 3.26205360e-05 7.88490199e-05 1.88778609e-06]
CASCI converged
CASCI E = -234.909319490042  E(CI) = -1.32931571755918  S^2 = 0.0000000

******** <class 'pyscf.mcscf.casci.CASCI'> ********
CAS (1e+1e, 4o), ncore = 14, nvir = 32
natorb = False
canonicalization = True
sorting_mo_energy = False
max_memory 4000 MB (current use 453 MB)
******** <class 'pyscf.fci.direct_spin1.FCISolver'> ********
max. cycles = 200
conv_tol = 1e-08
davidson only = False
linear dependence = 1e-12
level shift = 0.001
max iter space = 12
max_memory 4000 MB
nroots = 1
pspace_size = 400
spin = None
Density matrix diagonal elements [1.99988795e+00 3.22532742e-05 7.95720717e-05 2.26963272e-07]
CASCI converged
CASCI E = -234.909316942090  E(CI) = -1.32931316960787  S^2 = 0.0000000

******** <class 'pyscf.mcscf.casci.CASCI'> ********
CAS (1e+1e, 4o), ncore = 14, nvir = 32
natorb = False
canonicalization = True
sorting_mo_energy = False
max_memory 4000 MB (current use 453 MB)
******** <class 'pyscf.fci.direct_spin1.FCISolver'> ********
max. cycles = 200
conv_tol = 1e-08
davidson only = False
linear dependence = 1e-12
level shift = 0.001
max iter space = 12
max_memory 4000 MB
nroots = 1
pspace_size = 400
spin = None
Density matrix diagonal elements [1.99988866e+00 3.22606499e-05 7.90678542e-05 1.31755880e-08]
CASCI converged
CASCI E = -234.909316446922  E(CI) = -1.32931267443922  S^2 = 0.0000000

******** <class 'pyscf.mcscf.casci.CASCI'> ********
CAS (1e+1e, 4o), ncore = 14, nvir = 32
natorb = False
canonicalization = True
sorting_mo_energy = False
max_memory 4000 MB (current use 453 MB)
******** <class 'pyscf.fci.direct_spin1.FCISolver'> ********
max. cycles = 200
conv_tol = 1e-08
davidson only = False
linear dependence = 1e-12
level shift = 0.001
max iter space = 12
max_memory 4000 MB
nroots = 1
pspace_size = 400
spin = None
Density matrix diagonal elements [1.99988795e+00 3.28347823e-05 7.90421495e-05 1.74698627e-07]
CASCI converged
CASCI E = -234.909316806778  E(CI) = -1.32931303429552  S^2 = 0.0000000

******** <class 'pyscf.mcscf.casci.CASCI'> ********
CAS (1e+1e, 4o), ncore = 14, nvir = 32
natorb = False
canonicalization = True
sorting_mo_energy = False
max_memory 4000 MB (current use 453 MB)
******** <class 'pyscf.fci.direct_spin1.FCISolver'> ********
max. cycles = 200
conv_tol = 1e-08
davidson only = False
linear dependence = 1e-12
level shift = 0.001
max iter space = 12
max_memory 4000 MB
nroots = 1
pspace_size = 400
spin = None
Density matrix diagonal elements [1.99988863e+00 3.22623273e-05 7.91044162e-05 2.35163102e-09]
CASCI converged
CASCI E = -234.909316427026  E(CI) = -1.32931265454377  S^2 = 0.0000000

******** <class 'pyscf.mcscf.casci.CASCI'> ********
CAS (1e+1e, 4o), ncore = 14, nvir = 32
natorb = False
canonicalization = True
sorting_mo_energy = False
max_memory 4000 MB (current use 453 MB)
******** <class 'pyscf.fci.direct_spin1.FCISolver'> ********
max. cycles = 200
conv_tol = 1e-08
davidson only = False
linear dependence = 1e-12
level shift = 0.001
max iter space = 12
max_memory 4000 MB
nroots = 1
pspace_size = 400
spin = None
Density matrix diagonal elements [1.99988874e+00 3.22617905e-05 7.89632727e-05 3.15182133e-08]
CASCI converged
CASCI E = -234.909316497144  E(CI) = -1.32931272466180  S^2 = 0.0000000

******** <class 'pyscf.mcscf.casci.CASCI'> ********
CAS (1e+1e, 4o), ncore = 14, nvir = 32
natorb = False
canonicalization = True
sorting_mo_energy = False
max_memory 4000 MB (current use 453 MB)
******** <class 'pyscf.fci.direct_spin1.FCISolver'> ********
max. cycles = 200
conv_tol = 1e-08
davidson only = False
linear dependence = 1e-12
level shift = 0.001
max iter space = 12
max_memory 4000 MB
nroots = 1
pspace_size = 400
spin = None
Density matrix diagonal elements [1.99988866e+00 3.22595904e-05 7.90646569e-05 1.28209479e-08]
CASCI converged
CASCI E = -234.909316452594  E(CI) = -1.32931268011117  S^2 = 0.0000000

******** <class 'pyscf.mcscf.casci.CASCI'> ********
CAS (1e+1e, 4o), ncore = 14, nvir = 32
natorb = False
canonicalization = True
sorting_mo_energy = False
max_memory 4000 MB (current use 453 MB)
******** <class 'pyscf.fci.direct_spin1.FCISolver'> ********
max. cycles = 200
conv_tol = 1e-08
davidson only = False
linear dependence = 1e-12
level shift = 0.001
max iter space = 12
max_memory 4000 MB
nroots = 1
pspace_size = 400
spin = None
Density matrix diagonal elements [1.99988796e+00 3.22573344e-05 7.96636373e-05 1.15270468e-07]
CASCI converged
CASCI E = -234.909316745441  E(CI) = -1.32931297295872  S^2 = 0.0000000

******** <class 'pyscf.mcscf.casci.CASCI'> ********
CAS (1e+1e, 4o), ncore = 14, nvir = 32
natorb = False
canonicalization = True
sorting_mo_energy = False
max_memory 4000 MB (current use 453 MB)
******** <class 'pyscf.fci.direct_spin1.FCISolver'> ********
max. cycles = 200
conv_tol = 1e-08
davidson only = False
linear dependence = 1e-12
level shift = 0.001
max iter space = 12
max_memory 4000 MB
nroots = 1
pspace_size = 400
spin = None
Density matrix diagonal elements [1.99988866e+00 3.22739674e-05 7.90561618e-05 8.13952589e-09]
CASCI converged
CASCI E = -234.909316446530  E(CI) = -1.32931267404754  S^2 = 0.0000000

******** <class 'pyscf.mcscf.casci.CASCI'> ********
CAS (1e+1e, 4o), ncore = 14, nvir = 32
natorb = False
canonicalization = True
sorting_mo_energy = False
max_memory 4000 MB (current use 453 MB)
******** <class 'pyscf.fci.direct_spin1.FCISolver'> ********
max. cycles = 200
conv_tol = 1e-08
davidson only = False
linear dependence = 1e-12
level shift = 0.001
max iter space = 12
max_memory 4000 MB
nroots = 1
pspace_size = 400
spin = None
Density matrix diagonal elements [1.99988866e+00 3.22618637e-05 7.90788989e-05 3.76905316e-10]
CASCI converged
CASCI E = -234.909316422759  E(CI) = -1.32931265027617  S^2 = 0.0000000

******** <class 'pyscf.mcscf.casci.CASCI'> ********
CAS (1e+1e, 4o), ncore = 14, nvir = 32
natorb = False
canonicalization = True
sorting_mo_energy = False
max_memory 4000 MB (current use 453 MB)
******** <class 'pyscf.fci.direct_spin1.FCISolver'> ********
max. cycles = 200
conv_tol = 1e-08
davidson only = False
linear dependence = 1e-12
level shift = 0.001
max iter space = 12
max_memory 4000 MB
nroots = 1
pspace_size = 400
spin = None
Density matrix diagonal elements [1.99988866e+00 3.22618652e-05 7.90770524e-05 1.93544068e-10]
CASCI converged
CASCI E = -234.909316422074  E(CI) = -1.32931264959140  S^2 = 0.0000000

******** <class 'pyscf.mcscf.casci.CASCI'> ********
CAS (1e+1e, 4o), ncore = 14, nvir = 32
natorb = False
canonicalization = True
sorting_mo_energy = False
max_memory 4000 MB (current use 453 MB)
******** <class 'pyscf.fci.direct_spin1.FCISolver'> ********
max. cycles = 200
conv_tol = 1e-08
davidson only = False
linear dependence = 1e-12
level shift = 0.001
max iter space = 12
max_memory 4000 MB
nroots = 1
pspace_size = 400
spin = None
Density matrix diagonal elements [1.99988867e+00 3.22618878e-05 7.90724588e-05 4.27547732e-11]
CASCI converged
CASCI E = -234.909316421528  E(CI) = -1.32931264904536  S^2 = 0.0000000

******** <class 'pyscf.mcscf.casci.CASCI'> ********
CAS (1e+1e, 4o), ncore = 14, nvir = 32
natorb = False
canonicalization = True
sorting_mo_energy = False
max_memory 4000 MB (current use 453 MB)
******** <class 'pyscf.fci.direct_spin1.FCISolver'> ********
max. cycles = 200
conv_tol = 1e-08
davidson only = False
linear dependence = 1e-12
level shift = 0.001
max iter space = 12
max_memory 4000 MB
nroots = 1
pspace_size = 400
spin = None
Density matrix diagonal elements [1.99988859e+00 3.22623398e-05 7.91365698e-05 1.12278132e-08]
CASCI converged
CASCI E = -234.909316471298  E(CI) = -1.32931269881581  S^2 = 0.0000000

******** <class 'pyscf.mcscf.casci.CASCI'> ********
CAS (1e+1e, 4o), ncore = 14, nvir = 32
natorb = False
canonicalization = True
sorting_mo_energy = False
max_memory 4000 MB (current use 453 MB)
******** <class 'pyscf.fci.direct_spin1.FCISolver'> ********
max. cycles = 200
conv_tol = 1e-08
davidson only = False
linear dependence = 1e-12
level shift = 0.001
max iter space = 12
max_memory 4000 MB
nroots = 1
pspace_size = 400
spin = None
Density matrix diagonal elements [1.99988744e+00 3.32736528e-05 7.90036720e-05 2.82467028e-07]
CASCI converged
CASCI E = -234.909317560468  E(CI) = -1.32931378798591  S^2 = 0.0000000

******** <class 'pyscf.mcscf.casci.CASCI'> ********
CAS (1e+1e, 4o), ncore = 14, nvir = 32
natorb = False
canonicalization = True
sorting_mo_energy = False
max_memory 4000 MB (current use 453 MB)
******** <class 'pyscf.fci.direct_spin1.FCISolver'> ********
max. cycles = 200
conv_tol = 1e-08
davidson only = False
linear dependence = 1e-12
level shift = 0.001
max iter space = 12
max_memory 4000 MB
nroots = 1
pspace_size = 400
spin = None
Density matrix diagonal elements [1.99988828e+00 3.25978218e-05 7.90327367e-05 8.61031074e-08]
CASCI converged
CASCI E = -234.909316827481  E(CI) = -1.32931305499878  S^2 = 0.0000000

******** <class 'pyscf.mcscf.casci.CASCI'> ********
CAS (1e+1e, 4o), ncore = 14, nvir = 32
natorb = False
canonicalization = True
sorting_mo_energy = False
max_memory 4000 MB (current use 453 MB)
******** <class 'pyscf.fci.direct_spin1.FCISolver'> ********
max. cycles = 200
conv_tol = 1e-08
davidson only = False
linear dependence = 1e-12
level shift = 0.001
max iter space = 12
max_memory 4000 MB
nroots = 1
pspace_size = 400
spin = None
Density matrix diagonal elements [1.98064872e+00 1.64226660e-03 1.65388832e-02 1.17012855e-03]
CASCI converged
CASCI E = -234.911889154796  E(CI) = -1.33188538231371  S^2 = 0.0000000

******** <class 'pyscf.mcscf.casci.CASCI'> ********
CAS (1e+1e, 4o), ncore = 14, nvir = 32
natorb = False
canonicalization = True
sorting_mo_energy = False
max_memory 4000 MB (current use 453 MB)
******** <class 'pyscf.fci.direct_spin1.FCISolver'> ********
max. cycles = 200
conv_tol = 1e-08
davidson only = False
linear dependence = 1e-12
level shift = 0.001
max iter space = 12
max_memory 4000 MB
nroots = 1
pspace_size = 400
spin = None
Density matrix diagonal elements [1.97915075e+00 1.65638293e-03 1.79237899e-02 1.26908083e-03]
CASCI converged
CASCI E = -234.912076233292  E(CI) = -1.33207246080966  S^2 = 0.0000000

******** <class 'pyscf.mcscf.casci.CASCI'> ********
CAS (1e+1e, 4o), ncore = 14, nvir = 32
natorb = False
canonicalization = True
sorting_mo_energy = False
max_memory 4000 MB (current use 453 MB)
******** <class 'pyscf.fci.direct_spin1.FCISolver'> ********
max. cycles = 200
conv_tol = 1e-08
davidson only = False
linear dependence = 1e-12
level shift = 0.001
max iter space = 12
max_memory 4000 MB
nroots = 1
pspace_size = 400
spin = None
Density matrix diagonal elements [1.98773197e+00 1.26321065e-03 1.10047775e-02 3.73171713e-08]
CASCI converged
CASCI E = -234.911235293339  E(CI) = -1.33123152085619  S^2 = 0.0000000

******** <class 'pyscf.mcscf.casci.CASCI'> ********
CAS (1e+1e, 4o), ncore = 14, nvir = 32
natorb = False
canonicalization = True
sorting_mo_energy = False
max_memory 4000 MB (current use 453 MB)
******** <class 'pyscf.fci.direct_spin1.FCISolver'> ********
max. cycles = 200
conv_tol = 1e-08
davidson only = False
linear dependence = 1e-12
level shift = 0.001
max iter space = 12
max_memory 4000 MB
nroots = 1
pspace_size = 400
spin = None
Density matrix diagonal elements [1.98773197e+00 1.26321066e-03 1.10047775e-02 3.73146612e-08]
CASCI converged
CASCI E = -234.911235293336  E(CI) = -1.33123152085335  S^2 = 0.0000000

******** <class 'pyscf.mcscf.casci.CASCI'> ********
CAS (1e+1e, 4o), ncore = 14, nvir = 32
natorb = False
canonicalization = True
sorting_mo_energy = False
max_memory 4000 MB (current use 453 MB)
******** <class 'pyscf.fci.direct_spin1.FCISolver'> ********
max. cycles = 200
conv_tol = 1e-08
davidson only = False
linear dependence = 1e-12
level shift = 0.001
max iter space = 12
max_memory 4000 MB
nroots = 1
pspace_size = 400
spin = None
Density matrix diagonal elements [1.98778112e+00 1.25122424e-03 1.09479217e-02 1.97352995e-05]
CASCI converged
CASCI E = -234.911249318503  E(CI) = -1.33124554602040  S^2 = 0.0000000

******** <class 'pyscf.mcscf.casci.CASCI'> ********
CAS (1e+1e, 4o), ncore = 14, nvir = 32
natorb = False
canonicalization = True
sorting_mo_energy = False
max_memory 4000 MB (current use 453 MB)
******** <class 'pyscf.fci.direct_spin1.FCISolver'> ********
max. cycles = 200
conv_tol = 1e-08
davidson only = False
linear dependence = 1e-12
level shift = 0.001
max iter space = 12
max_memory 4000 MB
nroots = 1
pspace_size = 400
spin = None
Density matrix diagonal elements [0.96971324 0.6928131  0.3071869  0.03028676]
CASCI converged
CASCI E = -234.921791265157  E(CI) = -1.34178749267465  S^2 = 2.0000000

******** <class 'pyscf.mcscf.casci.CASCI'> ********
CAS (1e+1e, 4o), ncore = 14, nvir = 32
natorb = False
canonicalization = True
sorting_mo_energy = False
max_memory 4000 MB (current use 453 MB)
******** <class 'pyscf.fci.direct_spin1.FCISolver'> ********
max. cycles = 200
conv_tol = 1e-08
davidson only = False
linear dependence = 1e-12
level shift = 0.001
max iter space = 12
max_memory 4000 MB
nroots = 1
pspace_size = 400
spin = None
Density matrix diagonal elements [1.98774610e+00 1.25448080e-03 1.09573107e-02 4.21108186e-05]
CASCI converged
CASCI E = -234.911272562617  E(CI) = -1.33126879013446  S^2 = 0.0000000

******** <class 'pyscf.mcscf.casci.CASCI'> ********
CAS (1e+1e, 4o), ncore = 14, nvir = 32
natorb = False
canonicalization = True
sorting_mo_energy = False
max_memory 4000 MB (current use 453 MB)
******** <class 'pyscf.fci.direct_spin1.FCISolver'> ********
max. cycles = 200
conv_tol = 1e-08
davidson only = False
linear dependence = 1e-12
level shift = 0.001
max iter space = 12
max_memory 4000 MB
nroots = 1
pspace_size = 400
spin = None
Density matrix diagonal elements [1.98774609e+00 1.25448123e-03 1.09573113e-02 4.21176322e-05]
CASCI converged
CASCI E = -234.911272568645  E(CI) = -1.33126879616208  S^2 = 0.0000000

******** <class 'pyscf.mcscf.casci.CASCI'> ********
CAS (1e+1e, 4o), ncore = 14, nvir = 32
natorb = False
canonicalization = True
sorting_mo_energy = False
max_memory 4000 MB (current use 453 MB)
******** <class 'pyscf.fci.direct_spin1.FCISolver'> ********
max. cycles = 200
conv_tol = 1e-08
davidson only = False
linear dependence = 1e-12
level shift = 0.001
max iter space = 12
max_memory 4000 MB
nroots = 1
pspace_size = 400
spin = None
Density matrix diagonal elements [1.98528556e+00 1.41891548e-03 1.30791481e-02 2.16374475e-04]
CASCI converged
CASCI E = -234.911491750040  E(CI) = -1.33148797755700  S^2 = 0.0000000

******** <class 'pyscf.mcscf.casci.CASCI'> ********
CAS (1e+1e, 4o), ncore = 14, nvir = 32
natorb = False
canonicalization = True
sorting_mo_energy = False
max_memory 4000 MB (current use 453 MB)
******** <class 'pyscf.fci.direct_spin1.FCISolver'> ********
max. cycles = 200
conv_tol = 1e-08
davidson only = False
linear dependence = 1e-12
level shift = 0.001
max iter space = 12
max_memory 4000 MB
nroots = 1
pspace_size = 400
spin = None
Density matrix diagonal elements [1.98545964e+00 1.46680749e-03 1.28918787e-02 1.81677995e-04]
CASCI converged
CASCI E = -234.911458315029  E(CI) = -1.33145454254662  S^2 = 0.0000000

******** <class 'pyscf.mcscf.casci.CASCI'> ********
CAS (1e+1e, 4o), ncore = 14, nvir = 32
natorb = False
canonicalization = True
sorting_mo_energy = False
max_memory 4000 MB (current use 453 MB)
******** <class 'pyscf.fci.direct_spin1.FCISolver'> ********
max. cycles = 200
conv_tol = 1e-08
davidson only = False
linear dependence = 1e-12
level shift = 0.001
max iter space = 12
max_memory 4000 MB
nroots = 1
pspace_size = 400
spin = None
Density matrix diagonal elements [1.98623746e+00 1.37235638e-03 1.22872392e-02 1.02946746e-04]
CASCI converged
CASCI E = -234.911390121695  E(CI) = -1.33138634921204  S^2 = 0.0000000

******** <class 'pyscf.mcscf.casci.CASCI'> ********
CAS (1e+1e, 4o), ncore = 14, nvir = 32
natorb = False
canonicalization = True
sorting_mo_energy = False
max_memory 4000 MB (current use 453 MB)
******** <class 'pyscf.fci.direct_spin1.FCISolver'> ********
max. cycles = 200
conv_tol = 1e-08
davidson only = False
linear dependence = 1e-12
level shift = 0.001
max iter space = 12
max_memory 4000 MB
nroots = 1
pspace_size = 400
spin = None
Density matrix diagonal elements [1.98773178e+00 1.26324035e-03 1.10049722e-02 7.43004809e-09]
CASCI converged
CASCI E = -234.911235264402  E(CI) = -1.33123149191962  S^2 = 0.0000000

******** <class 'pyscf.mcscf.casci.CASCI'> ********
CAS (1e+1e, 4o), ncore = 14, nvir = 32
natorb = False
canonicalization = True
sorting_mo_energy = False
max_memory 4000 MB (current use 453 MB)
******** <class 'pyscf.fci.direct_spin1.FCISolver'> ********
max. cycles = 200
conv_tol = 1e-08
davidson only = False
linear dependence = 1e-12
level shift = 0.001
max iter space = 12
max_memory 4000 MB
nroots = 1
pspace_size = 400
spin = None
Density matrix diagonal elements [1.98773178e+00 1.26324035e-03 1.10049722e-02 7.42775808e-09]
CASCI converged
CASCI E = -234.911235264398  E(CI) = -1.33123149191519  S^2 = 0.0000000

******** <class 'pyscf.mcscf.casci.CASCI'> ********
CAS (1e+1e, 4o), ncore = 14, nvir = 32
natorb = False
canonicalization = True
sorting_mo_energy = False
max_memory 4000 MB (current use 453 MB)
******** <class 'pyscf.fci.direct_spin1.FCISolver'> ********
max. cycles = 200
conv_tol = 1e-08
davidson only = False
linear dependence = 1e-12
level shift = 0.001
max iter space = 12
max_memory 4000 MB
nroots = 1
pspace_size = 400
spin = None
Density matrix diagonal elements [1.98757091e+00 1.28808038e-03 1.11314137e-02 9.60056981e-06]
CASCI converged
CASCI E = -234.911254642196  E(CI) = -1.33125086971322  S^2 = 0.0000000

******** <class 'pyscf.mcscf.casci.CASCI'> ********
CAS (1e+1e, 4o), ncore = 14, nvir = 32
natorb = False
canonicalization = True
sorting_mo_energy = False
max_memory 4000 MB (current use 453 MB)
******** <class 'pyscf.fci.direct_spin1.FCISolver'> ********
max. cycles = 200
conv_tol = 1e-08
davidson only = False
linear dependence = 1e-12
level shift = 0.001
max iter space = 12
max_memory 4000 MB
nroots = 1
pspace_size = 400
spin = None
Density matrix diagonal elements [1.98773172e+00 1.26325068e-03 1.10050339e-02 3.86383204e-11]
CASCI converged
CASCI E = -234.911235250068  E(CI) = -1.33123147758562  S^2 = 0.0000000

******** <class 'pyscf.mcscf.casci.CASCI'> ********
CAS (1e+1e, 4o), ncore = 14, nvir = 32
natorb = False
canonicalization = True
sorting_mo_energy = False
max_memory 4000 MB (current use 453 MB)
******** <class 'pyscf.fci.direct_spin1.FCISolver'> ********
max. cycles = 200
conv_tol = 1e-08
davidson only = False
linear dependence = 1e-12
level shift = 0.001
max iter space = 12
max_memory 4000 MB
nroots = 1
pspace_size = 400
spin = None
Density matrix diagonal elements [1.98773140e+00 1.26328974e-03 1.10052492e-02 6.48332140e-08]
CASCI converged
CASCI E = -234.911235400127  E(CI) = -1.33123162764443  S^2 = 0.0000000

******** <class 'pyscf.mcscf.casci.CASCI'> ********
CAS (1e+1e, 4o), ncore = 14, nvir = 32
natorb = False
canonicalization = True
sorting_mo_energy = False
max_memory 4000 MB (current use 453 MB)
******** <class 'pyscf.fci.direct_spin1.FCISolver'> ********
max. cycles = 200
conv_tol = 1e-08
davidson only = False
linear dependence = 1e-12
level shift = 0.001
max iter space = 12
max_memory 4000 MB
nroots = 1
pspace_size = 400
spin = None
Density matrix diagonal elements [1.98773179e+00 1.26323379e-03 1.10049664e-02 8.51581110e-09]
CASCI converged
CASCI E = -234.911235270735  E(CI) = -1.33123149825246  S^2 = 0.0000000

******** <class 'pyscf.mcscf.casci.CASCI'> ********
CAS (1e+1e, 4o), ncore = 14, nvir = 32
natorb = False
canonicalization = True
sorting_mo_energy = False
max_memory 4000 MB (current use 453 MB)
******** <class 'pyscf.fci.direct_spin1.FCISolver'> ********
max. cycles = 200
conv_tol = 1e-08
davidson only = False
linear dependence = 1e-12
level shift = 0.001
max iter space = 12
max_memory 4000 MB
nroots = 1
pspace_size = 400
spin = None
Density matrix diagonal elements [1.98773179e+00 1.26323379e-03 1.10049664e-02 8.51671699e-09]
CASCI converged
CASCI E = -234.911235270737  E(CI) = -1.33123149825468  S^2 = 0.0000000

******** <class 'pyscf.mcscf.casci.CASCI'> ********
CAS (1e+1e, 4o), ncore = 14, nvir = 32
natorb = False
canonicalization = True
sorting_mo_energy = False
max_memory 4000 MB (current use 453 MB)
******** <class 'pyscf.fci.direct_spin1.FCISolver'> ********
max. cycles = 200
conv_tol = 1e-08
davidson only = False
linear dependence = 1e-12
level shift = 0.001
max iter space = 12
max_memory 4000 MB
nroots = 1
pspace_size = 400
spin = None
Density matrix diagonal elements [1.98760960e+00 1.27012982e-03 1.11152523e-02 5.01471649e-06]
CASCI converged
CASCI E = -234.911250237517  E(CI) = -1.33124646503410  S^2 = 0.0000000

******** <class 'pyscf.mcscf.casci.CASCI'> ********
CAS (1e+1e, 4o), ncore = 14, nvir = 32
natorb = False
canonicalization = True
sorting_mo_energy = False
max_memory 4000 MB (current use 453 MB)
******** <class 'pyscf.fci.direct_spin1.FCISolver'> ********
max. cycles = 200
conv_tol = 1e-08
davidson only = False
linear dependence = 1e-12
level shift = 0.001
max iter space = 12
max_memory 4000 MB
nroots = 1
pspace_size = 400
spin = None
Density matrix diagonal elements [1.98773171e+00 1.26325124e-03 1.10050357e-02 2.29878007e-12]
CASCI converged
CASCI E = -234.911235249984  E(CI) = -1.33123147750123  S^2 = 0.0000000

******** <class 'pyscf.mcscf.casci.CASCI'> ********
CAS (1e+1e, 4o), ncore = 14, nvir = 32
natorb = False
canonicalization = True
sorting_mo_energy = False
max_memory 4000 MB (current use 453 MB)
******** <class 'pyscf.fci.direct_spin1.FCISolver'> ********
max. cycles = 200
conv_tol = 1e-08
davidson only = False
linear dependence = 1e-12
level shift = 0.001
max iter space = 12
max_memory 4000 MB
nroots = 1
pspace_size = 400
spin = None
Density matrix diagonal elements [1.98773171e+00 1.26325238e-03 1.10050412e-02 1.86562738e-10]
CASCI converged
CASCI E = -234.911235250565  E(CI) = -1.33123147808195  S^2 = 0.0000000

******** <class 'pyscf.mcscf.casci.CASCI'> ********
CAS (1e+1e, 4o), ncore = 14, nvir = 32
natorb = False
canonicalization = True
sorting_mo_energy = False
max_memory 4000 MB (current use 453 MB)
******** <class 'pyscf.fci.direct_spin1.FCISolver'> ********
max. cycles = 200
conv_tol = 1e-08
davidson only = False
linear dependence = 1e-12
level shift = 0.001
max iter space = 12
max_memory 4000 MB
nroots = 1
pspace_size = 400
spin = None
Density matrix diagonal elements [1.98773171e+00 1.26325102e-03 1.10050345e-02 2.37156599e-11]
CASCI converged
CASCI E = -234.911235250073  E(CI) = -1.33123147759065  S^2 = 0.0000000

******** <class 'pyscf.mcscf.casci.CASCI'> ********
CAS (1e+1e, 4o), ncore = 14, nvir = 32
natorb = False
canonicalization = True
sorting_mo_energy = False
max_memory 4000 MB (current use 453 MB)
******** <class 'pyscf.fci.direct_spin1.FCISolver'> ********
max. cycles = 200
conv_tol = 1e-08
davidson only = False
linear dependence = 1e-12
level shift = 0.001
max iter space = 12
max_memory 4000 MB
nroots = 1
pspace_size = 400
spin = None
Density matrix diagonal elements [1.98773171e+00 1.26325102e-03 1.10050345e-02 2.37176718e-11]
CASCI converged
CASCI E = -234.911235250073  E(CI) = -1.33123147759068  S^2 = 0.0000000

******** <class 'pyscf.mcscf.casci.CASCI'> ********
CAS (1e+1e, 4o), ncore = 14, nvir = 32
natorb = False
canonicalization = True
sorting_mo_energy = False
max_memory 4000 MB (current use 453 MB)
******** <class 'pyscf.fci.direct_spin1.FCISolver'> ********
max. cycles = 200
conv_tol = 1e-08
davidson only = False
linear dependence = 1e-12
level shift = 0.001
max iter space = 12
max_memory 4000 MB
nroots = 1
pspace_size = 400
spin = None
Density matrix diagonal elements [1.98773090e+00 1.26621420e-03 1.10025829e-02 3.03545572e-07]
CASCI converged
CASCI E = -234.911236454058  E(CI) = -1.33123268157559  S^2 = 0.0000000

******** <class 'pyscf.mcscf.casci.CASCI'> ********
CAS (1e+1e, 4o), ncore = 14, nvir = 32
natorb = False
canonicalization = True
sorting_mo_energy = False
max_memory 4000 MB (current use 453 MB)
******** <class 'pyscf.fci.direct_spin1.FCISolver'> ********
max. cycles = 200
conv_tol = 1e-08
davidson only = False
linear dependence = 1e-12
level shift = 0.001
max iter space = 12
max_memory 4000 MB
nroots = 1
pspace_size = 400
spin = None
Density matrix diagonal elements [1.98772634e+00 1.26560845e-03 1.10077937e-02 2.57176820e-07]
CASCI converged
CASCI E = -234.911236436695  E(CI) = -1.33123266421285  S^2 = 0.0000000

******** <class 'pyscf.mcscf.casci.CASCI'> ********
CAS (1e+1e, 4o), ncore = 14, nvir = 32
natorb = False
canonicalization = True
sorting_mo_energy = False
max_memory 4000 MB (current use 453 MB)
******** <class 'pyscf.fci.direct_spin1.FCISolver'> ********
max. cycles = 200
conv_tol = 1e-08
davidson only = False
linear dependence = 1e-12
level shift = 0.001
max iter space = 12
max_memory 4000 MB
nroots = 1
pspace_size = 400
spin = None
Density matrix diagonal elements [1.99933419e+00 5.06397762e-05 2.99080226e-04 3.16091630e-04]
CASCI converged
CASCI E = -234.909573021960  E(CI) = -1.32956924947763  S^2 = 0.0000000

******** <class 'pyscf.mcscf.casci.CASCI'> ********
CAS (1e+1e, 4o), ncore = 14, nvir = 32
natorb = False
canonicalization = True
sorting_mo_energy = False
max_memory 4000 MB (current use 453 MB)
******** <class 'pyscf.fci.direct_spin1.FCISolver'> ********
max. cycles = 200
conv_tol = 1e-08
davidson only = False
linear dependence = 1e-12
level shift = 0.001
max iter space = 12
max_memory 4000 MB
nroots = 1
pspace_size = 400
spin = None
Density matrix diagonal elements [1.99990118e+00 3.76227819e-05 6.11345555e-05 5.76782685e-08]
CASCI converged
CASCI E = -234.909317940344  E(CI) = -1.32931416786170  S^2 = 0.0000000

******** <class 'pyscf.mcscf.casci.CASCI'> ********
CAS (1e+1e, 4o), ncore = 14, nvir = 32
natorb = False
canonicalization = True
sorting_mo_energy = False
max_memory 4000 MB (current use 453 MB)
******** <class 'pyscf.fci.direct_spin1.FCISolver'> ********
max. cycles = 200
conv_tol = 1e-08
davidson only = False
linear dependence = 1e-12
level shift = 0.001
max iter space = 12
max_memory 4000 MB
nroots = 1
pspace_size = 400
spin = None
Density matrix diagonal elements [1.99990118e+00 3.76227827e-05 6.11345580e-05 5.76702657e-08]
CASCI converged
CASCI E = -234.909317940335  E(CI) = -1.32931416785257  S^2 = 0.0000000

******** <class 'pyscf.mcscf.casci.CASCI'> ********
CAS (1e+1e, 4o), ncore = 14, nvir = 32
natorb = False
canonicalization = True
sorting_mo_energy = False
max_memory 4000 MB (current use 453 MB)
******** <class 'pyscf.fci.direct_spin1.FCISolver'> ********
max. cycles = 200
conv_tol = 1e-08
davidson only = False
linear dependence = 1e-12
level shift = 0.001
max iter space = 12
max_memory 4000 MB
nroots = 1
pspace_size = 400
spin = None
Density matrix diagonal elements [1.99986618e+00 3.65904437e-05 6.06953189e-05 3.65366154e-05]
CASCI converged
CASCI E = -234.909343912185  E(CI) = -1.32934013970291  S^2 = 0.0000000

******** <class 'pyscf.mcscf.casci.CASCI'> ********
CAS (1e+1e, 4o), ncore = 14, nvir = 32
natorb = False
canonicalization = True
sorting_mo_energy = False
max_memory 4000 MB (current use 453 MB)
******** <class 'pyscf.fci.direct_spin1.FCISolver'> ********
max. cycles = 200
conv_tol = 1e-08
davidson only = False
linear dependence = 1e-12
level shift = 0.001
max iter space = 12
max_memory 4000 MB
nroots = 1
pspace_size = 400
spin = None
Density matrix diagonal elements [1.98744233e+00 2.22939447e-05 5.05347271e-05 1.24848434e-02]
CASCI converged
CASCI E = -234.918933024388  E(CI) = -1.33892925190588  S^2 = 0.0000000

******** <class 'pyscf.mcscf.casci.CASCI'> ********
CAS (1e+1e, 4o), ncore = 14, nvir = 32
natorb = False
canonicalization = True
sorting_mo_energy = False
max_memory 4000 MB (current use 453 MB)
******** <class 'pyscf.fci.direct_spin1.FCISolver'> ********
max. cycles = 200
conv_tol = 1e-08
davidson only = False
linear dependence = 1e-12
level shift = 0.001
max iter space = 12
max_memory 4000 MB
nroots = 1
pspace_size = 400
spin = None
Density matrix diagonal elements [1.99985245e+00 3.63505013e-05 5.99545668e-05 5.12421387e-05]
CASCI converged
CASCI E = -234.909363235663  E(CI) = -1.32935946317991  S^2 = 0.0000000

******** <class 'pyscf.mcscf.casci.CASCI'> ********
CAS (1e+1e, 4o), ncore = 14, nvir = 32
natorb = False
canonicalization = True
sorting_mo_energy = False
max_memory 4000 MB (current use 453 MB)
******** <class 'pyscf.fci.direct_spin1.FCISolver'> ********
max. cycles = 200
conv_tol = 1e-08
davidson only = False
linear dependence = 1e-12
level shift = 0.001
max iter space = 12
max_memory 4000 MB
nroots = 1
pspace_size = 400
spin = None
Density matrix diagonal elements [1.99985245e+00 3.63504590e-05 5.99544982e-05 5.12486008e-05]
CASCI converged
CASCI E = -234.909363241369  E(CI) = -1.32935946888648  S^2 = 0.0000000

******** <class 'pyscf.mcscf.casci.CASCI'> ********
CAS (1e+1e, 4o), ncore = 14, nvir = 32
natorb = False
canonicalization = True
sorting_mo_energy = False
max_memory 4000 MB (current use 453 MB)
******** <class 'pyscf.fci.direct_spin1.FCISolver'> ********
max. cycles = 200
conv_tol = 1e-08
davidson only = False
linear dependence = 1e-12
level shift = 0.001
max iter space = 12
max_memory 4000 MB
nroots = 1
pspace_size = 400
spin = None
Density matrix diagonal elements [1.99983005e+00 3.92329717e-05 1.00077343e-04 3.06352736e-05]
CASCI converged
CASCI E = -234.909365388551  E(CI) = -1.32936161606892  S^2 = 0.0000000

******** <class 'pyscf.mcscf.casci.CASCI'> ********
CAS (1e+1e, 4o), ncore = 14, nvir = 32
natorb = False
canonicalization = True
sorting_mo_energy = False
max_memory 4000 MB (current use 453 MB)
******** <class 'pyscf.fci.direct_spin1.FCISolver'> ********
max. cycles = 200
conv_tol = 1e-08
davidson only = False
linear dependence = 1e-12
level shift = 0.001
max iter space = 12
max_memory 4000 MB
nroots = 1
pspace_size = 400
spin = None
Density matrix diagonal elements [1.99982722e+00 3.81945209e-05 9.85390901e-05 3.60463063e-05]
CASCI converged
CASCI E = -234.909370215560  E(CI) = -1.32936644307725  S^2 = 0.0000000

******** <class 'pyscf.mcscf.casci.CASCI'> ********
CAS (1e+1e, 4o), ncore = 14, nvir = 32
natorb = False
canonicalization = True
sorting_mo_energy = False
max_memory 4000 MB (current use 453 MB)
******** <class 'pyscf.fci.direct_spin1.FCISolver'> ********
max. cycles = 200
conv_tol = 1e-08
davidson only = False
linear dependence = 1e-12
level shift = 0.001
max iter space = 12
max_memory 4000 MB
nroots = 1
pspace_size = 400
spin = None
Density matrix diagonal elements [1.99987745e+00 3.81623807e-05 7.44203201e-05 9.96280499e-06]
CASCI converged
CASCI E = -234.909337671116  E(CI) = -1.32933389863356  S^2 = 0.0000000

******** <class 'pyscf.mcscf.casci.CASCI'> ********
CAS (1e+1e, 4o), ncore = 14, nvir = 32
natorb = False
canonicalization = True
sorting_mo_energy = False
max_memory 4000 MB (current use 453 MB)
******** <class 'pyscf.fci.direct_spin1.FCISolver'> ********
max. cycles = 200
conv_tol = 1e-08
davidson only = False
linear dependence = 1e-12
level shift = 0.001
max iter space = 12
max_memory 4000 MB
nroots = 1
pspace_size = 400
spin = None
Density matrix diagonal elements [1.99990119e+00 3.76298831e-05 6.11679799e-05 8.70225977e-09]
CASCI converged
CASCI E = -234.909317890270  E(CI) = -1.32931411778745  S^2 = 0.0000000

******** <class 'pyscf.mcscf.casci.CASCI'> ********
CAS (1e+1e, 4o), ncore = 14, nvir = 32
natorb = False
canonicalization = True
sorting_mo_energy = False
max_memory 4000 MB (current use 453 MB)
******** <class 'pyscf.fci.direct_spin1.FCISolver'> ********
max. cycles = 200
conv_tol = 1e-08
davidson only = False
linear dependence = 1e-12
level shift = 0.001
max iter space = 12
max_memory 4000 MB
nroots = 1
pspace_size = 400
spin = None
Density matrix diagonal elements [1.99990119e+00 3.76298834e-05 6.11679820e-05 8.69979714e-09]
CASCI converged
CASCI E = -234.909317890265  E(CI) = -1.32931411778270  S^2 = 0.0000000

******** <class 'pyscf.mcscf.casci.CASCI'> ********
CAS (1e+1e, 4o), ncore = 14, nvir = 32
natorb = False
canonicalization = True
sorting_mo_energy = False
max_memory 4000 MB (current use 453 MB)
******** <class 'pyscf.fci.direct_spin1.FCISolver'> ********
max. cycles = 200
conv_tol = 1e-08
davidson only = False
linear dependence = 1e-12
level shift = 0.001
max iter space = 12
max_memory 4000 MB
nroots = 1
pspace_size = 400
spin = None
Density matrix diagonal elements [1.99990031e+00 3.82421020e-05 6.12674438e-05 1.84920177e-07]
CASCI converged
CASCI E = -234.909318285554  E(CI) = -1.32931451307121  S^2 = 0.0000000

******** <class 'pyscf.mcscf.casci.CASCI'> ********
CAS (1e+1e, 4o), ncore = 14, nvir = 32
natorb = False
canonicalization = True
sorting_mo_energy = False
max_memory 4000 MB (current use 453 MB)
******** <class 'pyscf.fci.direct_spin1.FCISolver'> ********
max. cycles = 200
conv_tol = 1e-08
davidson only = False
linear dependence = 1e-12
level shift = 0.001
max iter space = 12
max_memory 4000 MB
nroots = 1
pspace_size = 400
spin = None
Density matrix diagonal elements [1.99990118e+00 3.76314587e-05 6.11835790e-05 2.21351918e-12]
CASCI converged
CASCI E = -234.909317873387  E(CI) = -1.32931410090447  S^2 = 0.0000000

******** <class 'pyscf.mcscf.casci.CASCI'> ********
CAS (1e+1e, 4o), ncore = 14, nvir = 32
natorb = False
canonicalization = True
sorting_mo_energy = False
max_memory 4000 MB (current use 453 MB)
******** <class 'pyscf.fci.direct_spin1.FCISolver'> ********
max. cycles = 200
conv_tol = 1e-08
davidson only = False
linear dependence = 1e-12
level shift = 0.001
max iter space = 12
max_memory 4000 MB
nroots = 1
pspace_size = 400
spin = None
Density matrix diagonal elements [1.99990117e+00 3.76275851e-05 6.11528521e-05 4.82997814e-08]
CASCI converged
CASCI E = -234.909317989567  E(CI) = -1.32931421708457  S^2 = 0.0000000

******** <class 'pyscf.mcscf.casci.CASCI'> ********
CAS (1e+1e, 4o), ncore = 14, nvir = 32
natorb = False
canonicalization = True
sorting_mo_energy = False
max_memory 4000 MB (current use 453 MB)
******** <class 'pyscf.fci.direct_spin1.FCISolver'> ********
max. cycles = 200
conv_tol = 1e-08
davidson only = False
linear dependence = 1e-12
level shift = 0.001
max iter space = 12
max_memory 4000 MB
nroots = 1
pspace_size = 400
spin = None
Density matrix diagonal elements [1.99990118e+00 3.76289135e-05 6.11787624e-05 1.32460143e-08]
CASCI converged
CASCI E = -234.909317905660  E(CI) = -1.32931413317752  S^2 = 0.0000000

******** <class 'pyscf.mcscf.casci.CASCI'> ********
CAS (1e+1e, 4o), ncore = 14, nvir = 32
natorb = False
canonicalization = True
sorting_mo_energy = False
max_memory 4000 MB (current use 453 MB)
******** <class 'pyscf.fci.direct_spin1.FCISolver'> ********
max. cycles = 200
conv_tol = 1e-08
davidson only = False
linear dependence = 1e-12
level shift = 0.001
max iter space = 12
max_memory 4000 MB
nroots = 1
pspace_size = 400
spin = None
Density matrix diagonal elements [1.99990118e+00 3.76289135e-05 6.11787622e-05 1.32463131e-08]
CASCI converged
CASCI E = -234.909317905661  E(CI) = -1.32931413317826  S^2 = 0.0000000

******** <class 'pyscf.mcscf.casci.CASCI'> ********
CAS (1e+1e, 4o), ncore = 14, nvir = 32
natorb = False
canonicalization = True
sorting_mo_energy = False
max_memory 4000 MB (current use 453 MB)
******** <class 'pyscf.fci.direct_spin1.FCISolver'> ********
max. cycles = 200
conv_tol = 1e-08
davidson only = False
linear dependence = 1e-12
level shift = 0.001
max iter space = 12
max_memory 4000 MB
nroots = 1
pspace_size = 400
spin = None
Density matrix diagonal elements [1.99990083e+00 3.76525861e-05 6.12724895e-05 2.43135757e-07]
CASCI converged
CASCI E = -234.909318750812  E(CI) = -1.32931497832942  S^2 = 0.0000000

******** <class 'pyscf.mcscf.casci.CASCI'> ********
CAS (1e+1e, 4o), ncore = 14, nvir = 32
natorb = False
canonicalization = True
sorting_mo_energy = False
max_memory 4000 MB (current use 453 MB)
******** <class 'pyscf.fci.direct_spin1.FCISolver'> ********
max. cycles = 200
conv_tol = 1e-08
davidson only = False
linear dependence = 1e-12
level shift = 0.001
max iter space = 12
max_memory 4000 MB
nroots = 1
pspace_size = 400
spin = None
Density matrix diagonal elements [1.99990118e+00 3.76314431e-05 6.11835723e-05 1.54463889e-11]
CASCI converged
CASCI E = -234.909317873439  E(CI) = -1.32931410095688  S^2 = 0.0000000

******** <class 'pyscf.mcscf.casci.CASCI'> ********
CAS (1e+1e, 4o), ncore = 14, nvir = 32
natorb = False
canonicalization = True
sorting_mo_energy = False
max_memory 4000 MB (current use 453 MB)
******** <class 'pyscf.fci.direct_spin1.FCISolver'> ********
max. cycles = 200
conv_tol = 1e-08
davidson only = False
linear dependence = 1e-12
level shift = 0.001
max iter space = 12
max_memory 4000 MB
nroots = 1
pspace_size = 400
spin = None
Density matrix diagonal elements [1.99990119e+00 3.76314305e-05 6.11833206e-05 1.05153121e-12]
CASCI converged
CASCI E = -234.909317873386  E(CI) = -1.32931410090308  S^2 = 0.0000000

******** <class 'pyscf.mcscf.casci.CASCI'> ********
CAS (1e+1e, 4o), ncore = 14, nvir = 32
natorb = False
canonicalization = True
sorting_mo_energy = False
max_memory 4000 MB (current use 453 MB)
******** <class 'pyscf.fci.direct_spin1.FCISolver'> ********
max. cycles = 200
conv_tol = 1e-08
davidson only = False
linear dependence = 1e-12
level shift = 0.001
max iter space = 12
max_memory 4000 MB
nroots = 1
pspace_size = 400
spin = None
Density matrix diagonal elements [1.99990119e+00 3.76314237e-05 6.11831700e-05 3.92863605e-12]
CASCI converged
CASCI E = -234.909317873398  E(CI) = -1.32931410091538  S^2 = 0.0000000

******** <class 'pyscf.mcscf.casci.CASCI'> ********
CAS (1e+1e, 4o), ncore = 14, nvir = 32
natorb = False
canonicalization = True
sorting_mo_energy = False
max_memory 4000 MB (current use 453 MB)
******** <class 'pyscf.fci.direct_spin1.FCISolver'> ********
max. cycles = 200
conv_tol = 1e-08
davidson only = False
linear dependence = 1e-12
level shift = 0.001
max iter space = 12
max_memory 4000 MB
nroots = 1
pspace_size = 400
spin = None
Density matrix diagonal elements [1.99990119e+00 3.76314237e-05 6.11831700e-05 3.92902797e-12]
CASCI converged
CASCI E = -234.909317873398  E(CI) = -1.32931410091538  S^2 = 0.0000000

******** <class 'pyscf.mcscf.casci.CASCI'> ********
CAS (1e+1e, 4o), ncore = 14, nvir = 32
natorb = False
canonicalization = True
sorting_mo_energy = False
max_memory 4000 MB (current use 453 MB)
******** <class 'pyscf.fci.direct_spin1.FCISolver'> ********
max. cycles = 200
conv_tol = 1e-08
davidson only = False
linear dependence = 1e-12
level shift = 0.001
max iter space = 12
max_memory 4000 MB
nroots = 1
pspace_size = 400
spin = None
Density matrix diagonal elements [1.99989997e+00 3.86009971e-05 6.11402948e-05 2.93417506e-07]
CASCI converged
CASCI E = -234.909319063409  E(CI) = -1.32931529092622  S^2 = 0.0000000

******** <class 'pyscf.mcscf.casci.CASCI'> ********
CAS (1e+1e, 4o), ncore = 14, nvir = 32
natorb = False
canonicalization = True
sorting_mo_energy = False
max_memory 4000 MB (current use 453 MB)
******** <class 'pyscf.fci.direct_spin1.FCISolver'> ********
max. cycles = 200
conv_tol = 1e-08
davidson only = False
linear dependence = 1e-12
level shift = 0.001
max iter space = 12
max_memory 4000 MB
nroots = 1
pspace_size = 400
spin = None
Density matrix diagonal elements [1.99990064e+00 3.79337527e-05 6.12764677e-05 1.51350686e-07]
CASCI converged
CASCI E = -234.909318618268  E(CI) = -1.32931484578546  S^2 = 0.0000000

******** <class 'pyscf.mcscf.casci.CASCI'> ********
CAS (1e+1e, 4o), ncore = 14, nvir = 32
natorb = False
canonicalization = True
sorting_mo_energy = False
max_memory 4000 MB (current use 453 MB)
******** <class 'pyscf.fci.direct_spin1.FCISolver'> ********
max. cycles = 200
conv_tol = 1e-08
davidson only = False
linear dependence = 1e-12
level shift = 0.001
max iter space = 12
max_memory 4000 MB
nroots = 1
pspace_size = 400
spin = None
Density matrix diagonal elements [1.99986754e+00 4.00034002e-05 9.24411313e-05 1.07280647e-08]
CASCI converged
CASCI E = -234.909348590453  E(CI) = -1.32934481797054  S^2 = 0.0000000

******** <class 'pyscf.mcscf.casci.CASCI'> ********
CAS (1e+1e, 4o), ncore = 14, nvir = 32
natorb = False
canonicalization = True
sorting_mo_energy = False
max_memory 4000 MB (current use 453 MB)
******** <class 'pyscf.fci.direct_spin1.FCISolver'> ********
max. cycles = 200
conv_tol = 1e-08
davidson only = False
linear dependence = 1e-12
level shift = 0.001
max iter space = 12
max_memory 4000 MB
nroots = 1
pspace_size = 400
spin = None
Density matrix diagonal elements [1.99986754e+00 4.00034012e-05 9.24411409e-05 1.07244723e-08]
CASCI converged
CASCI E = -234.909348590449  E(CI) = -1.32934481796639  S^2 = 0.0000000

******** <class 'pyscf.mcscf.casci.CASCI'> ********
CAS (1e+1e, 4o), ncore = 14, nvir = 32
natorb = False
canonicalization = True
sorting_mo_energy = False
max_memory 4000 MB (current use 453 MB)
******** <class 'pyscf.fci.direct_spin1.FCISolver'> ********
max. cycles = 200
conv_tol = 1e-08
davidson only = False
linear dependence = 1e-12
level shift = 0.001
max iter space = 12
max_memory 4000 MB
nroots = 1
pspace_size = 400
spin = None
Density matrix diagonal elements [1.99983311e+00 3.89192020e-05 9.17682583e-05 3.61988129e-05]
CASCI converged
CASCI E = -234.909374376091  E(CI) = -1.32937060360817  S^2 = 0.0000000

******** <class 'pyscf.mcscf.casci.CASCI'> ********
CAS (1e+1e, 4o), ncore = 14, nvir = 32
natorb = False
canonicalization = True
sorting_mo_energy = False
max_memory 4000 MB (current use 453 MB)
******** <class 'pyscf.fci.direct_spin1.FCISolver'> ********
max. cycles = 200
conv_tol = 1e-08
davidson only = False
linear dependence = 1e-12
level shift = 0.001
max iter space = 12
max_memory 4000 MB
nroots = 1
pspace_size = 400
spin = None
Density matrix diagonal elements [1.98742186e+00 2.38092174e-05 7.65491117e-05 1.24777790e-02]
CASCI converged
CASCI E = -234.918958663906  E(CI) = -1.33895489142364  S^2 = 0.0000000

******** <class 'pyscf.mcscf.casci.CASCI'> ********
CAS (1e+1e, 4o), ncore = 14, nvir = 32
natorb = False
canonicalization = True
sorting_mo_energy = False
max_memory 4000 MB (current use 453 MB)
******** <class 'pyscf.fci.direct_spin1.FCISolver'> ********
max. cycles = 200
conv_tol = 1e-08
davidson only = False
linear dependence = 1e-12
level shift = 0.001
max iter space = 12
max_memory 4000 MB
nroots = 1
pspace_size = 400
spin = None
Density matrix diagonal elements [1.99981800e+00 3.86167384e-05 9.18439148e-05 5.15428605e-05]
CASCI converged
CASCI E = -234.909394210330  E(CI) = -1.32939043784697  S^2 = 0.0000000

******** <class 'pyscf.mcscf.casci.CASCI'> ********
CAS (1e+1e, 4o), ncore = 14, nvir = 32
natorb = False
canonicalization = True
sorting_mo_energy = False
max_memory 4000 MB (current use 453 MB)
******** <class 'pyscf.fci.direct_spin1.FCISolver'> ********
max. cycles = 200
conv_tol = 1e-08
davidson only = False
linear dependence = 1e-12
level shift = 0.001
max iter space = 12
max_memory 4000 MB
nroots = 1
pspace_size = 400
spin = None
Density matrix diagonal elements [1.99981799e+00 3.86166792e-05 9.18437881e-05 5.15492621e-05]
CASCI converged
CASCI E = -234.909394215983  E(CI) = -1.32939044350005  S^2 = 0.0000000

******** <class 'pyscf.mcscf.casci.CASCI'> ********
CAS (1e+1e, 4o), ncore = 14, nvir = 32
natorb = False
canonicalization = True
sorting_mo_energy = False
max_memory 4000 MB (current use 453 MB)
******** <class 'pyscf.fci.direct_spin1.FCISolver'> ********
max. cycles = 200
conv_tol = 1e-08
davidson only = False
linear dependence = 1e-12
level shift = 0.001
max iter space = 12
max_memory 4000 MB
nroots = 1
pspace_size = 400
spin = None
Density matrix diagonal elements [1.99976778e+00 4.26004144e-05 1.48504763e-04 4.11162718e-05]
CASCI converged
CASCI E = -234.909415483031  E(CI) = -1.32941171054867  S^2 = 0.0000000

******** <class 'pyscf.mcscf.casci.CASCI'> ********
CAS (1e+1e, 4o), ncore = 14, nvir = 32
natorb = False
canonicalization = True
sorting_mo_energy = False
max_memory 4000 MB (current use 453 MB)
******** <class 'pyscf.fci.direct_spin1.FCISolver'> ********
max. cycles = 200
conv_tol = 1e-08
davidson only = False
linear dependence = 1e-12
level shift = 0.001
max iter space = 12
max_memory 4000 MB
nroots = 1
pspace_size = 400
spin = None
Density matrix diagonal elements [1.99978622e+00 4.12322417e-05 1.33219860e-04 3.93262676e-05]
CASCI converged
CASCI E = -234.909410842393  E(CI) = -1.32940706991076  S^2 = 0.0000000

******** <class 'pyscf.mcscf.casci.CASCI'> ********
CAS (1e+1e, 4o), ncore = 14, nvir = 32
natorb = False
canonicalization = True
sorting_mo_energy = False
max_memory 4000 MB (current use 453 MB)
******** <class 'pyscf.fci.direct_spin1.FCISolver'> ********
max. cycles = 200
conv_tol = 1e-08
davidson only = False
linear dependence = 1e-12
level shift = 0.001
max iter space = 12
max_memory 4000 MB
nroots = 1
pspace_size = 400
spin = None
Density matrix diagonal elements [1.99983000e+00 4.11986711e-05 1.14205711e-04 1.45919543e-05]
CASCI converged
CASCI E = -234.909377966573  E(CI) = -1.32937419409078  S^2 = 0.0000000

******** <class 'pyscf.mcscf.casci.CASCI'> ********
CAS (1e+1e, 4o), ncore = 14, nvir = 32
natorb = False
canonicalization = True
sorting_mo_energy = False
max_memory 4000 MB (current use 453 MB)
******** <class 'pyscf.fci.direct_spin1.FCISolver'> ********
max. cycles = 200
conv_tol = 1e-08
davidson only = False
linear dependence = 1e-12
level shift = 0.001
max iter space = 12
max_memory 4000 MB
nroots = 1
pspace_size = 400
spin = None
Density matrix diagonal elements [1.99986748e+00 4.00068837e-05 9.24981659e-05 1.26051848e-08]
CASCI converged
CASCI E = -234.909348602468  E(CI) = -1.32934482998573  S^2 = 0.0000000

******** <class 'pyscf.mcscf.casci.CASCI'> ********
CAS (1e+1e, 4o), ncore = 14, nvir = 32
natorb = False
canonicalization = True
sorting_mo_energy = False
max_memory 4000 MB (current use 453 MB)
******** <class 'pyscf.fci.direct_spin1.FCISolver'> ********
max. cycles = 200
conv_tol = 1e-08
davidson only = False
linear dependence = 1e-12
level shift = 0.001
max iter space = 12
max_memory 4000 MB
nroots = 1
pspace_size = 400
spin = None
Density matrix diagonal elements [1.99986748e+00 4.00068839e-05 9.24981664e-05 1.26022709e-08]
CASCI converged
CASCI E = -234.909348602463  E(CI) = -1.32934482998010  S^2 = 0.0000000

******** <class 'pyscf.mcscf.casci.CASCI'> ********
CAS (1e+1e, 4o), ncore = 14, nvir = 32
natorb = False
canonicalization = True
sorting_mo_energy = False
max_memory 4000 MB (current use 453 MB)
******** <class 'pyscf.fci.direct_spin1.FCISolver'> ********
max. cycles = 200
conv_tol = 1e-08
davidson only = False
linear dependence = 1e-12
level shift = 0.001
max iter space = 12
max_memory 4000 MB
nroots = 1
pspace_size = 400
spin = None
Density matrix diagonal elements [1.99986677e+00 4.05770947e-05 9.24761304e-05 1.72441395e-07]
CASCI converged
CASCI E = -234.909348959680  E(CI) = -1.32934518719756  S^2 = 0.0000000

******** <class 'pyscf.mcscf.casci.CASCI'> ********
CAS (1e+1e, 4o), ncore = 14, nvir = 32
natorb = False
canonicalization = True
sorting_mo_energy = False
max_memory 4000 MB (current use 453 MB)
******** <class 'pyscf.fci.direct_spin1.FCISolver'> ********
max. cycles = 200
conv_tol = 1e-08
davidson only = False
linear dependence = 1e-12
level shift = 0.001
max iter space = 12
max_memory 4000 MB
nroots = 1
pspace_size = 400
spin = None
Density matrix diagonal elements [1.99986749e+00 4.00084282e-05 9.25035316e-05 3.25377734e-11]
CASCI converged
CASCI E = -234.909348578083  E(CI) = -1.32934480560030  S^2 = 0.0000000

******** <class 'pyscf.mcscf.casci.CASCI'> ********
CAS (1e+1e, 4o), ncore = 14, nvir = 32
natorb = False
canonicalization = True
sorting_mo_energy = False
max_memory 4000 MB (current use 453 MB)
******** <class 'pyscf.fci.direct_spin1.FCISolver'> ********
max. cycles = 200
conv_tol = 1e-08
davidson only = False
linear dependence = 1e-12
level shift = 0.001
max iter space = 12
max_memory 4000 MB
nroots = 1
pspace_size = 400
spin = None
Density matrix diagonal elements [1.99986748e+00 4.00039489e-05 9.24716756e-05 4.64629085e-08]
CASCI converged
CASCI E = -234.909348689772  E(CI) = -1.32934491728898  S^2 = 0.0000000

******** <class 'pyscf.mcscf.casci.CASCI'> ********
CAS (1e+1e, 4o), ncore = 14, nvir = 32
natorb = False
canonicalization = True
sorting_mo_energy = False
max_memory 4000 MB (current use 453 MB)
******** <class 'pyscf.fci.direct_spin1.FCISolver'> ********
max. cycles = 200
conv_tol = 1e-08
davidson only = False
linear dependence = 1e-12
level shift = 0.001
max iter space = 12
max_memory 4000 MB
nroots = 1
pspace_size = 400
spin = None
Density matrix diagonal elements [1.99986750e+00 4.00048761e-05 9.24861519e-05 8.55817100e-09]
CASCI converged
CASCI E = -234.909348598859  E(CI) = -1.32934482637648  S^2 = 0.0000000

******** <class 'pyscf.mcscf.casci.CASCI'> ********
CAS (1e+1e, 4o), ncore = 14, nvir = 32
natorb = False
canonicalization = True
sorting_mo_energy = False
max_memory 4000 MB (current use 453 MB)
******** <class 'pyscf.fci.direct_spin1.FCISolver'> ********
max. cycles = 200
conv_tol = 1e-08
davidson only = False
linear dependence = 1e-12
level shift = 0.001
max iter space = 12
max_memory 4000 MB
nroots = 1
pspace_size = 400
spin = None
Density matrix diagonal elements [1.99986750e+00 4.00048761e-05 9.24861518e-05 8.55850173e-09]
CASCI converged
CASCI E = -234.909348598860  E(CI) = -1.32934482637731  S^2 = 0.0000000

******** <class 'pyscf.mcscf.casci.CASCI'> ********
CAS (1e+1e, 4o), ncore = 14, nvir = 32
natorb = False
canonicalization = True
sorting_mo_energy = False
max_memory 4000 MB (current use 453 MB)
******** <class 'pyscf.fci.direct_spin1.FCISolver'> ********
max. cycles = 200
conv_tol = 1e-08
davidson only = False
linear dependence = 1e-12
level shift = 0.001
max iter space = 12
max_memory 4000 MB
nroots = 1
pspace_size = 400
spin = None
Density matrix diagonal elements [1.99986502e+00 4.00746371e-05 9.42761371e-05 6.28558912e-07]
CASCI converged
CASCI E = -234.909350908758  E(CI) = -1.32934713627540  S^2 = 0.0000000

******** <class 'pyscf.mcscf.casci.CASCI'> ********
CAS (1e+1e, 4o), ncore = 14, nvir = 32
natorb = False
canonicalization = True
sorting_mo_energy = False
max_memory 4000 MB (current use 453 MB)
******** <class 'pyscf.fci.direct_spin1.FCISolver'> ********
max. cycles = 200
conv_tol = 1e-08
davidson only = False
linear dependence = 1e-12
level shift = 0.001
max iter space = 12
max_memory 4000 MB
nroots = 1
pspace_size = 400
spin = None
Density matrix diagonal elements [1.99986749e+00 4.00083155e-05 9.25027286e-05 1.38574510e-12]
CASCI converged
CASCI E = -234.909348578010  E(CI) = -1.32934480552720  S^2 = 0.0000000

******** <class 'pyscf.mcscf.casci.CASCI'> ********
CAS (1e+1e, 4o), ncore = 14, nvir = 32
natorb = False
canonicalization = True
sorting_mo_energy = False
max_memory 4000 MB (current use 453 MB)
******** <class 'pyscf.fci.direct_spin1.FCISolver'> ********
max. cycles = 200
conv_tol = 1e-08
davidson only = False
linear dependence = 1e-12
level shift = 0.001
max iter space = 12
max_memory 4000 MB
nroots = 1
pspace_size = 400
spin = None
Density matrix diagonal elements [1.99986749e+00 4.00083061e-05 9.25026530e-05 1.42343786e-11]
CASCI converged
CASCI E = -234.909348578058  E(CI) = -1.32934480557523  S^2 = 0.0000000

******** <class 'pyscf.mcscf.casci.CASCI'> ********
CAS (1e+1e, 4o), ncore = 14, nvir = 32
natorb = False
canonicalization = True
sorting_mo_energy = False
max_memory 4000 MB (current use 453 MB)
******** <class 'pyscf.fci.direct_spin1.FCISolver'> ********
max. cycles = 200
conv_tol = 1e-08
davidson only = False
linear dependence = 1e-12
level shift = 0.001
max iter space = 12
max_memory 4000 MB
nroots = 1
pspace_size = 400
spin = None
Density matrix diagonal elements [1.99986749e+00 4.00082837e-05 9.25024536e-05 1.87595240e-11]
CASCI converged
CASCI E = -234.909348578082  E(CI) = -1.32934480559956  S^2 = 0.0000000

******** <class 'pyscf.mcscf.casci.CASCI'> ********
CAS (1e+1e, 4o), ncore = 14, nvir = 32
natorb = False
canonicalization = True
sorting_mo_energy = False
max_memory 4000 MB (current use 453 MB)
******** <class 'pyscf.fci.direct_spin1.FCISolver'> ********
max. cycles = 200
conv_tol = 1e-08
davidson only = False
linear dependence = 1e-12
level shift = 0.001
max iter space = 12
max_memory 4000 MB
nroots = 1
pspace_size = 400
spin = None
Density matrix diagonal elements [1.99986749e+00 4.00082837e-05 9.25024536e-05 1.87608459e-11]
CASCI converged
CASCI E = -234.909348578082  E(CI) = -1.32934480559956  S^2 = 0.0000000

******** <class 'pyscf.mcscf.casci.CASCI'> ********
CAS (1e+1e, 4o), ncore = 14, nvir = 32
natorb = False
canonicalization = True
sorting_mo_energy = False
max_memory 4000 MB (current use 453 MB)
******** <class 'pyscf.fci.direct_spin1.FCISolver'> ********
max. cycles = 200
conv_tol = 1e-08
davidson only = False
linear dependence = 1e-12
level shift = 0.001
max iter space = 12
max_memory 4000 MB
nroots = 1
pspace_size = 400
spin = None
Density matrix diagonal elements [1.99986641e+00 4.09202087e-05 9.23955311e-05 2.78329498e-07]
CASCI converged
CASCI E = -234.909349708368  E(CI) = -1.32934593588519  S^2 = 0.0000000

******** <class 'pyscf.mcscf.casci.CASCI'> ********
CAS (1e+1e, 4o), ncore = 14, nvir = 32
natorb = False
canonicalization = True
sorting_mo_energy = False
max_memory 4000 MB (current use 453 MB)
******** <class 'pyscf.fci.direct_spin1.FCISolver'> ********
max. cycles = 200
conv_tol = 1e-08
davidson only = False
linear dependence = 1e-12
level shift = 0.001
max iter space = 12
max_memory 4000 MB
nroots = 1
pspace_size = 400
spin = None
Density matrix diagonal elements [1.99986688e+00 4.02259059e-05 9.27154378e-05 1.79565705e-07]
CASCI converged
CASCI E = -234.909349480285  E(CI) = -1.32934570780262  S^2 = 0.0000000

******** <class 'pyscf.mcscf.casci.CASCI'> ********
CAS (1e+1e, 4o), ncore = 14, nvir = 32
natorb = False
canonicalization = True
sorting_mo_energy = False
max_memory 4000 MB (current use 453 MB)
******** <class 'pyscf.fci.direct_spin1.FCISolver'> ********
max. cycles = 200
conv_tol = 1e-08
davidson only = False
linear dependence = 1e-12
level shift = 0.001
max iter space = 12
max_memory 4000 MB
nroots = 1
pspace_size = 400
spin = None
Density matrix diagonal elements [1.99996540e+00 3.44284119e-05 8.54229859e-08 8.54137415e-08]
CASCI converged
CASCI E = -234.909279325229  E(CI) = -1.32927555274654  S^2 = 0.0000000

******** <class 'pyscf.mcscf.casci.CASCI'> ********
CAS (1e+1e, 4o), ncore = 14, nvir = 32
natorb = False
canonicalization = True
sorting_mo_energy = False
max_memory 4000 MB (current use 453 MB)
******** <class 'pyscf.fci.direct_spin1.FCISolver'> ********
max. cycles = 200
conv_tol = 1e-08
davidson only = False
linear dependence = 1e-12
level shift = 0.001
max iter space = 12
max_memory 4000 MB
nroots = 1
pspace_size = 400
spin = None
Density matrix diagonal elements [1.99992942e+00 3.35054274e-05 8.39073717e-08 3.69860970e-05]
CASCI converged
CASCI E = -234.909305585531  E(CI) = -1.32930181304849  S^2 = 0.0000000

******** <class 'pyscf.mcscf.casci.CASCI'> ********
CAS (1e+1e, 4o), ncore = 14, nvir = 32
natorb = False
canonicalization = True
sorting_mo_energy = False
max_memory 4000 MB (current use 453 MB)
******** <class 'pyscf.fci.direct_spin1.FCISolver'> ********
max. cycles = 200
conv_tol = 1e-08
davidson only = False
linear dependence = 1e-12
level shift = 0.001
max iter space = 12
max_memory 4000 MB
nroots = 1
pspace_size = 400
spin = None
Density matrix diagonal elements [1.98748527e+00 2.07668859e-05 4.35703373e-08 1.24939166e-02]
CASCI converged
CASCI E = -234.918901011152  E(CI) = -1.33889723866926  S^2 = 0.0000000

******** <class 'pyscf.mcscf.casci.CASCI'> ********
CAS (1e+1e, 4o), ncore = 14, nvir = 32
natorb = False
canonicalization = True
sorting_mo_energy = False
max_memory 4000 MB (current use 453 MB)
******** <class 'pyscf.fci.direct_spin1.FCISolver'> ********
max. cycles = 200
conv_tol = 1e-08
davidson only = False
linear dependence = 1e-12
level shift = 0.001
max iter space = 12
max_memory 4000 MB
nroots = 1
pspace_size = 400
spin = None
Density matrix diagonal elements [1.99990939e+00 3.30284434e-05 2.13155473e-06 5.54547344e-05]
CASCI converged
CASCI E = -234.909329107122  E(CI) = -1.32932533463924  S^2 = 0.0000000

******** <class 'pyscf.mcscf.casci.CASCI'> ********
CAS (1e+1e, 4o), ncore = 14, nvir = 32
natorb = False
canonicalization = True
sorting_mo_energy = False
max_memory 4000 MB (current use 453 MB)
******** <class 'pyscf.fci.direct_spin1.FCISolver'> ********
max. cycles = 200
conv_tol = 1e-08
davidson only = False
linear dependence = 1e-12
level shift = 0.001
max iter space = 12
max_memory 4000 MB
nroots = 1
pspace_size = 400
spin = None
Density matrix diagonal elements [1.99991465e+00 3.31602038e-05 8.38371681e-08 5.21106643e-05]
CASCI converged
CASCI E = -234.909325360273  E(CI) = -1.32932158779002  S^2 = 0.0000000

******** <class 'pyscf.mcscf.casci.CASCI'> ********
CAS (1e+1e, 4o), ncore = 14, nvir = 32
natorb = False
canonicalization = True
sorting_mo_energy = False
max_memory 4000 MB (current use 453 MB)
******** <class 'pyscf.fci.direct_spin1.FCISolver'> ********
max. cycles = 200
conv_tol = 1e-08
davidson only = False
linear dependence = 1e-12
level shift = 0.001
max iter space = 12
max_memory 4000 MB
nroots = 1
pspace_size = 400
spin = None
Density matrix diagonal elements [1.99995929e+00 3.52592465e-05 7.50257492e-08 5.37253390e-06]
CASCI converged
CASCI E = -234.909286316163  E(CI) = -1.32928254367988  S^2 = 0.0000000

******** <class 'pyscf.mcscf.casci.CASCI'> ********
CAS (1e+1e, 4o), ncore = 14, nvir = 32
natorb = False
canonicalization = True
sorting_mo_energy = False
max_memory 4000 MB (current use 453 MB)
******** <class 'pyscf.fci.direct_spin1.FCISolver'> ********
max. cycles = 200
conv_tol = 1e-08
davidson only = False
linear dependence = 1e-12
level shift = 0.001
max iter space = 12
max_memory 4000 MB
nroots = 1
pspace_size = 400
spin = None
Density matrix diagonal elements [1.99995461e+00 3.44134370e-05 8.23384054e-08 1.08897202e-05]
CASCI converged
CASCI E = -234.909292651702  E(CI) = -1.32928887921943  S^2 = 0.0000000

******** <class 'pyscf.mcscf.casci.CASCI'> ********
CAS (1e+1e, 4o), ncore = 14, nvir = 32
natorb = False
canonicalization = True
sorting_mo_energy = False
max_memory 4000 MB (current use 453 MB)
******** <class 'pyscf.fci.direct_spin1.FCISolver'> ********
max. cycles = 200
conv_tol = 1e-08
davidson only = False
linear dependence = 1e-12
level shift = 0.001
max iter space = 12
max_memory 4000 MB
nroots = 1
pspace_size = 400
spin = None
Density matrix diagonal elements [1.99996315e+00 3.48123987e-05 8.57665740e-08 1.95186254e-06]
CASCI converged
CASCI E = -234.909282399750  E(CI) = -1.32927862726714  S^2 = 0.0000000

******** <class 'pyscf.mcscf.casci.CASCI'> ********
CAS (1e+1e, 4o), ncore = 14, nvir = 32
natorb = False
canonicalization = True
sorting_mo_energy = False
max_memory 4000 MB (current use 453 MB)
******** <class 'pyscf.fci.direct_spin1.FCISolver'> ********
max. cycles = 200
conv_tol = 1e-08
davidson only = False
linear dependence = 1e-12
level shift = 0.001
max iter space = 12
max_memory 4000 MB
nroots = 1
pspace_size = 400
spin = None
Density matrix diagonal elements [1.99996546e+00 3.44371140e-05 8.69047710e-08 1.43782119e-08]
CASCI converged
CASCI E = -234.909279253971  E(CI) = -1.32927548148842  S^2 = 0.0000000

******** <class 'pyscf.mcscf.casci.CASCI'> ********
CAS (1e+1e, 4o), ncore = 14, nvir = 32
natorb = False
canonicalization = True
sorting_mo_energy = False
max_memory 4000 MB (current use 453 MB)
******** <class 'pyscf.fci.direct_spin1.FCISolver'> ********
max. cycles = 200
conv_tol = 1e-08
davidson only = False
linear dependence = 1e-12
level shift = 0.001
max iter space = 12
max_memory 4000 MB
nroots = 1
pspace_size = 400
spin = None
Density matrix diagonal elements [1.99996545e+00 3.44373845e-05 9.45636043e-08 2.15663570e-08]
CASCI converged
CASCI E = -234.909279277198  E(CI) = -1.32927550471550  S^2 = 0.0000000

******** <class 'pyscf.mcscf.casci.CASCI'> ********
CAS (1e+1e, 4o), ncore = 14, nvir = 32
natorb = False
canonicalization = True
sorting_mo_energy = False
max_memory 4000 MB (current use 453 MB)
******** <class 'pyscf.fci.direct_spin1.FCISolver'> ********
max. cycles = 200
conv_tol = 1e-08
davidson only = False
linear dependence = 1e-12
level shift = 0.001
max iter space = 12
max_memory 4000 MB
nroots = 1
pspace_size = 400
spin = None
Density matrix diagonal elements [1.99996470e+00 3.50344864e-05 8.68618889e-08 1.81562716e-07]
CASCI converged
CASCI E = -234.909279626141  E(CI) = -1.32927585365874  S^2 = 0.0000000

******** <class 'pyscf.mcscf.casci.CASCI'> ********
CAS (1e+1e, 4o), ncore = 14, nvir = 32
natorb = False
canonicalization = True
sorting_mo_energy = False
max_memory 4000 MB (current use 453 MB)
******** <class 'pyscf.fci.direct_spin1.FCISolver'> ********
max. cycles = 200
conv_tol = 1e-08
davidson only = False
linear dependence = 1e-12
level shift = 0.001
max iter space = 12
max_memory 4000 MB
nroots = 1
pspace_size = 400
spin = None
Density matrix diagonal elements [1.99996547e+00 3.44383927e-05 8.68604015e-08 2.29987223e-10]
CASCI converged
CASCI E = -234.909279226620  E(CI) = -1.32927545413733  S^2 = 0.0000000

******** <class 'pyscf.mcscf.casci.CASCI'> ********
CAS (1e+1e, 4o), ncore = 14, nvir = 32
natorb = False
canonicalization = True
sorting_mo_energy = False
max_memory 4000 MB (current use 453 MB)
******** <class 'pyscf.fci.direct_spin1.FCISolver'> ********
max. cycles = 200
conv_tol = 1e-08
davidson only = False
linear dependence = 1e-12
level shift = 0.001
max iter space = 12
max_memory 4000 MB
nroots = 1
pspace_size = 400
spin = None
Density matrix diagonal elements [1.99996542e+00 3.44362793e-05 8.53474892e-08 5.59028941e-08]
CASCI converged
CASCI E = -234.909279360535  E(CI) = -1.32927558805267  S^2 = 0.0000000

******** <class 'pyscf.mcscf.casci.CASCI'> ********
CAS (1e+1e, 4o), ncore = 14, nvir = 32
natorb = False
canonicalization = True
sorting_mo_energy = False
max_memory 4000 MB (current use 453 MB)
******** <class 'pyscf.fci.direct_spin1.FCISolver'> ********
max. cycles = 200
conv_tol = 1e-08
davidson only = False
linear dependence = 1e-12
level shift = 0.001
max iter space = 12
max_memory 4000 MB
nroots = 1
pspace_size = 400
spin = None
Density matrix diagonal elements [1.99996545e+00 3.44337260e-05 9.47151288e-08 2.13555293e-08]
CASCI converged
CASCI E = -234.909279284958  E(CI) = -1.32927551247499  S^2 = 0.0000000

******** <class 'pyscf.mcscf.casci.CASCI'> ********
CAS (1e+1e, 4o), ncore = 14, nvir = 32
natorb = False
canonicalization = True
sorting_mo_energy = False
max_memory 4000 MB (current use 453 MB)
******** <class 'pyscf.fci.direct_spin1.FCISolver'> ********
max. cycles = 200
conv_tol = 1e-08
davidson only = False
linear dependence = 1e-12
level shift = 0.001
max iter space = 12
max_memory 4000 MB
nroots = 1
pspace_size = 400
spin = None
Density matrix diagonal elements [1.99996546e+00 3.44358907e-05 8.68337771e-08 1.43881377e-08]
CASCI converged
CASCI E = -234.909279261128  E(CI) = -1.32927548864546  S^2 = 0.0000000

******** <class 'pyscf.mcscf.casci.CASCI'> ********
CAS (1e+1e, 4o), ncore = 14, nvir = 32
natorb = False
canonicalization = True
sorting_mo_energy = False
max_memory 4000 MB (current use 453 MB)
******** <class 'pyscf.fci.direct_spin1.FCISolver'> ********
max. cycles = 200
conv_tol = 1e-08
davidson only = False
linear dependence = 1e-12
level shift = 0.001
max iter space = 12
max_memory 4000 MB
nroots = 1
pspace_size = 400
spin = None
Density matrix diagonal elements [1.99996545e+00 3.44491761e-05 8.66861420e-08 1.08944429e-08]
CASCI converged
CASCI E = -234.909279259738  E(CI) = -1.32927548725556  S^2 = 0.0000000

******** <class 'pyscf.mcscf.casci.CASCI'> ********
CAS (1e+1e, 4o), ncore = 14, nvir = 32
natorb = False
canonicalization = True
sorting_mo_energy = False
max_memory 4000 MB (current use 453 MB)
******** <class 'pyscf.fci.direct_spin1.FCISolver'> ********
max. cycles = 200
conv_tol = 1e-08
davidson only = False
linear dependence = 1e-12
level shift = 0.001
max iter space = 12
max_memory 4000 MB
nroots = 1
pspace_size = 400
spin = None
Density matrix diagonal elements [1.99996547e+00 3.44385381e-05 8.69641273e-08 8.59092310e-14]
CASCI converged
CASCI E = -234.909279226067  E(CI) = -1.32927545358447  S^2 = 0.0000000

******** <class 'pyscf.mcscf.casci.CASCI'> ********
CAS (1e+1e, 4o), ncore = 14, nvir = 32
natorb = False
canonicalization = True
sorting_mo_energy = False
max_memory 4000 MB (current use 453 MB)
******** <class 'pyscf.fci.direct_spin1.FCISolver'> ********
max. cycles = 200
conv_tol = 1e-08
davidson only = False
linear dependence = 1e-12
level shift = 0.001
max iter space = 12
max_memory 4000 MB
nroots = 1
pspace_size = 400
spin = None
Density matrix diagonal elements [1.99996547e+00 3.44385339e-05 8.69619455e-08 2.74904950e-11]
CASCI converged
CASCI E = -234.909279226169  E(CI) = -1.32927545368690  S^2 = 0.0000000

******** <class 'pyscf.mcscf.casci.CASCI'> ********
CAS (1e+1e, 4o), ncore = 14, nvir = 32
natorb = False
canonicalization = True
sorting_mo_energy = False
max_memory 4000 MB (current use 453 MB)
******** <class 'pyscf.fci.direct_spin1.FCISolver'> ********
max. cycles = 200
conv_tol = 1e-08
davidson only = False
linear dependence = 1e-12
level shift = 0.001
max iter space = 12
max_memory 4000 MB
nroots = 1
pspace_size = 400
spin = None
Density matrix diagonal elements [1.99996547e+00 3.44384017e-05 8.71549745e-08 1.65226890e-10]
CASCI converged
CASCI E = -234.909279226823  E(CI) = -1.32927545434049  S^2 = 0.0000000

******** <class 'pyscf.mcscf.casci.CASCI'> ********
CAS (1e+1e, 4o), ncore = 14, nvir = 32
natorb = False
canonicalization = True
sorting_mo_energy = False
max_memory 4000 MB (current use 453 MB)
******** <class 'pyscf.fci.direct_spin1.FCISolver'> ********
max. cycles = 200
conv_tol = 1e-08
davidson only = False
linear dependence = 1e-12
level shift = 0.001
max iter space = 12
max_memory 4000 MB
nroots = 1
pspace_size = 400
spin = None
Density matrix diagonal elements [1.99996547e+00 3.44385047e-05 8.69596391e-08 9.32789938e-11]
CASCI converged
CASCI E = -234.909279226452  E(CI) = -1.32927545396964  S^2 = 0.0000000

******** <class 'pyscf.mcscf.casci.CASCI'> ********
CAS (1e+1e, 4o), ncore = 14, nvir = 32
natorb = False
canonicalization = True
sorting_mo_energy = False
max_memory 4000 MB (current use 453 MB)
******** <class 'pyscf.fci.direct_spin1.FCISolver'> ********
max. cycles = 200
conv_tol = 1e-08
davidson only = False
linear dependence = 1e-12
level shift = 0.001
max iter space = 12
max_memory 4000 MB
nroots = 1
pspace_size = 400
spin = None
Density matrix diagonal elements [1.99996413e+00 3.54934577e-05 8.67584162e-08 2.90555644e-07]
CASCI converged
CASCI E = -234.909280397752  E(CI) = -1.32927662526924  S^2 = 0.0000000

******** <class 'pyscf.mcscf.casci.CASCI'> ********
CAS (1e+1e, 4o), ncore = 14, nvir = 32
natorb = False
canonicalization = True
sorting_mo_energy = False
max_memory 4000 MB (current use 453 MB)
******** <class 'pyscf.fci.direct_spin1.FCISolver'> ********
max. cycles = 200
conv_tol = 1e-08
davidson only = False
linear dependence = 1e-12
level shift = 0.001
max iter space = 12
max_memory 4000 MB
nroots = 1
pspace_size = 400
spin = None
Density matrix diagonal elements [1.99996503e+00 3.47913395e-05 8.67810436e-08 9.01227005e-08]
CASCI converged
CASCI E = -234.909279651102  E(CI) = -1.32927587861985  S^2 = 0.0000000

******** <class 'pyscf.mcscf.casci.CASCI'> ********
CAS (1e+1e, 4o), ncore = 14, nvir = 32
natorb = False
canonicalization = True
sorting_mo_energy = False
max_memory 4000 MB (current use 453 MB)
******** <class 'pyscf.fci.direct_spin1.FCISolver'> ********
max. cycles = 200
conv_tol = 1e-08
davidson only = False
linear dependence = 1e-12
level shift = 0.001
max iter space = 12
max_memory 4000 MB
nroots = 1
pspace_size = 400
spin = None
Density matrix diagonal elements [1.99992942e+00 3.35054280e-05 8.38987948e-08 3.69860982e-05]
CASCI converged
CASCI E = -234.909305585521  E(CI) = -1.32930181303874  S^2 = 0.0000000

******** <class 'pyscf.mcscf.casci.CASCI'> ********
CAS (1e+1e, 4o), ncore = 14, nvir = 32
natorb = False
canonicalization = True
sorting_mo_energy = False
max_memory 4000 MB (current use 453 MB)
******** <class 'pyscf.fci.direct_spin1.FCISolver'> ********
max. cycles = 200
conv_tol = 1e-08
davidson only = False
linear dependence = 1e-12
level shift = 0.001
max iter space = 12
max_memory 4000 MB
nroots = 1
pspace_size = 400
spin = None
Density matrix diagonal elements [1.98748527e+00 2.07668864e-05 4.35651490e-08 1.24939166e-02]
CASCI converged
CASCI E = -234.918901011146  E(CI) = -1.33889723866332  S^2 = 0.0000000

******** <class 'pyscf.mcscf.casci.CASCI'> ********
CAS (1e+1e, 4o), ncore = 14, nvir = 32
natorb = False
canonicalization = True
sorting_mo_energy = False
max_memory 4000 MB (current use 453 MB)
******** <class 'pyscf.fci.direct_spin1.FCISolver'> ********
max. cycles = 200
conv_tol = 1e-08
davidson only = False
linear dependence = 1e-12
level shift = 0.001
max iter space = 12
max_memory 4000 MB
nroots = 1
pspace_size = 400
spin = None
Density matrix diagonal elements [1.99991465e+00 3.31602412e-05 8.38282135e-08 5.21041534e-05]
CASCI converged
CASCI E = -234.909325354512  E(CI) = -1.32932158202968  S^2 = 0.0000000

******** <class 'pyscf.mcscf.casci.CASCI'> ********
CAS (1e+1e, 4o), ncore = 14, nvir = 32
natorb = False
canonicalization = True
sorting_mo_energy = False
max_memory 4000 MB (current use 453 MB)
******** <class 'pyscf.fci.direct_spin1.FCISolver'> ********
max. cycles = 200
conv_tol = 1e-08
davidson only = False
linear dependence = 1e-12
level shift = 0.001
max iter space = 12
max_memory 4000 MB
nroots = 1
pspace_size = 400
spin = None
Density matrix diagonal elements [1.99990938e+00 3.30284186e-05 2.13148761e-06 5.54612185e-05]
CASCI converged
CASCI E = -234.909329112764  E(CI) = -1.32932534028163  S^2 = 0.0000000

******** <class 'pyscf.mcscf.casci.CASCI'> ********
CAS (1e+1e, 4o), ncore = 14, nvir = 32
natorb = False
canonicalization = True
sorting_mo_energy = False
max_memory 4000 MB (current use 453 MB)
******** <class 'pyscf.fci.direct_spin1.FCISolver'> ********
max. cycles = 200
conv_tol = 1e-08
davidson only = False
linear dependence = 1e-12
level shift = 0.001
max iter space = 12
max_memory 4000 MB
nroots = 1
pspace_size = 400
spin = None
Density matrix diagonal elements [1.99995929e+00 3.52592473e-05 7.50173663e-08 5.37253463e-06]
CASCI converged
CASCI E = -234.909286316153  E(CI) = -1.32928254367033  S^2 = 0.0000000

******** <class 'pyscf.mcscf.casci.CASCI'> ********
CAS (1e+1e, 4o), ncore = 14, nvir = 32
natorb = False
canonicalization = True
sorting_mo_energy = False
max_memory 4000 MB (current use 453 MB)
******** <class 'pyscf.fci.direct_spin1.FCISolver'> ********
max. cycles = 200
conv_tol = 1e-08
davidson only = False
linear dependence = 1e-12
level shift = 0.001
max iter space = 12
max_memory 4000 MB
nroots = 1
pspace_size = 400
spin = None
Density matrix diagonal elements [1.99995461e+00 3.44134379e-05 8.23294130e-08 1.08897205e-05]
CASCI converged
CASCI E = -234.909292651692  E(CI) = -1.32928887920920  S^2 = 0.0000000

******** <class 'pyscf.mcscf.casci.CASCI'> ********
CAS (1e+1e, 4o), ncore = 14, nvir = 32
natorb = False
canonicalization = True
sorting_mo_energy = False
max_memory 4000 MB (current use 453 MB)
******** <class 'pyscf.fci.direct_spin1.FCISolver'> ********
max. cycles = 200
conv_tol = 1e-08
davidson only = False
linear dependence = 1e-12
level shift = 0.001
max iter space = 12
max_memory 4000 MB
nroots = 1
pspace_size = 400
spin = None
Density matrix diagonal elements [1.99996315e+00 3.48123996e-05 8.57574204e-08 1.95186261e-06]
CASCI converged
CASCI E = -234.909282399739  E(CI) = -1.32927862725671  S^2 = 0.0000000

******** <class 'pyscf.mcscf.casci.CASCI'> ********
CAS (1e+1e, 4o), ncore = 14, nvir = 32
natorb = False
canonicalization = True
sorting_mo_energy = False
max_memory 4000 MB (current use 453 MB)
******** <class 'pyscf.fci.direct_spin1.FCISolver'> ********
max. cycles = 200
conv_tol = 1e-08
davidson only = False
linear dependence = 1e-12
level shift = 0.001
max iter space = 12
max_memory 4000 MB
nroots = 1
pspace_size = 400
spin = None
Density matrix diagonal elements [1.99996545e+00 3.44373852e-05 9.45543895e-08 2.15694798e-08]
CASCI converged
CASCI E = -234.909279277194  E(CI) = -1.32927550471129  S^2 = 0.0000000

******** <class 'pyscf.mcscf.casci.CASCI'> ********
CAS (1e+1e, 4o), ncore = 14, nvir = 32
natorb = False
canonicalization = True
sorting_mo_energy = False
max_memory 4000 MB (current use 453 MB)
******** <class 'pyscf.fci.direct_spin1.FCISolver'> ********
max. cycles = 200
conv_tol = 1e-08
davidson only = False
linear dependence = 1e-12
level shift = 0.001
max iter space = 12
max_memory 4000 MB
nroots = 1
pspace_size = 400
spin = None
Density matrix diagonal elements [1.99996546e+00 3.44371150e-05 8.68955329e-08 1.43750795e-08]
CASCI converged
CASCI E = -234.909279253954  E(CI) = -1.32927548147188  S^2 = 0.0000000

******** <class 'pyscf.mcscf.casci.CASCI'> ********
CAS (1e+1e, 4o), ncore = 14, nvir = 32
natorb = False
canonicalization = True
sorting_mo_energy = False
max_memory 4000 MB (current use 453 MB)
******** <class 'pyscf.fci.direct_spin1.FCISolver'> ********
max. cycles = 200
conv_tol = 1e-08
davidson only = False
linear dependence = 1e-12
level shift = 0.001
max iter space = 12
max_memory 4000 MB
nroots = 1
pspace_size = 400
spin = None
Density matrix diagonal elements [1.99996470e+00 3.50344872e-05 8.68526374e-08 1.81562714e-07]
CASCI converged
CASCI E = -234.909279626131  E(CI) = -1.32927585364823  S^2 = 0.0000000

******** <class 'pyscf.mcscf.casci.CASCI'> ********
CAS (1e+1e, 4o), ncore = 14, nvir = 32
natorb = False
canonicalization = True
sorting_mo_energy = False
max_memory 4000 MB (current use 453 MB)
******** <class 'pyscf.fci.direct_spin1.FCISolver'> ********
max. cycles = 200
conv_tol = 1e-08
davidson only = False
linear dependence = 1e-12
level shift = 0.001
max iter space = 12
max_memory 4000 MB
nroots = 1
pspace_size = 400
spin = None
Density matrix diagonal elements [1.99996547e+00 3.44383936e-05 8.68511560e-08 2.29988324e-10]
CASCI converged
CASCI E = -234.909279226609  E(CI) = -1.32927545412682  S^2 = 0.0000000

******** <class 'pyscf.mcscf.casci.CASCI'> ********
CAS (1e+1e, 4o), ncore = 14, nvir = 32
natorb = False
canonicalization = True
sorting_mo_energy = False
max_memory 4000 MB (current use 453 MB)
******** <class 'pyscf.fci.direct_spin1.FCISolver'> ********
max. cycles = 200
conv_tol = 1e-08
davidson only = False
linear dependence = 1e-12
level shift = 0.001
max iter space = 12
max_memory 4000 MB
nroots = 1
pspace_size = 400
spin = None
Density matrix diagonal elements [1.99996542e+00 3.44362801e-05 8.53383720e-08 5.59029552e-08]
CASCI converged
CASCI E = -234.909279360525  E(CI) = -1.32927558804229  S^2 = 0.0000000

******** <class 'pyscf.mcscf.casci.CASCI'> ********
CAS (1e+1e, 4o), ncore = 14, nvir = 32
natorb = False
canonicalization = True
sorting_mo_energy = False
max_memory 4000 MB (current use 453 MB)
******** <class 'pyscf.fci.direct_spin1.FCISolver'> ********
max. cycles = 200
conv_tol = 1e-08
davidson only = False
linear dependence = 1e-12
level shift = 0.001
max iter space = 12
max_memory 4000 MB
nroots = 1
pspace_size = 400
spin = None
Density matrix diagonal elements [1.99996546e+00 3.44358916e-05 8.68245413e-08 1.43878120e-08]
CASCI converged
CASCI E = -234.909279261117  E(CI) = -1.32927548863412  S^2 = 0.0000000

******** <class 'pyscf.mcscf.casci.CASCI'> ********
CAS (1e+1e, 4o), ncore = 14, nvir = 32
natorb = False
canonicalization = True
sorting_mo_energy = False
max_memory 4000 MB (current use 453 MB)
******** <class 'pyscf.fci.direct_spin1.FCISolver'> ********
max. cycles = 200
conv_tol = 1e-08
davidson only = False
linear dependence = 1e-12
level shift = 0.001
max iter space = 12
max_memory 4000 MB
nroots = 1
pspace_size = 400
spin = None
Density matrix diagonal elements [1.99996545e+00 3.44337271e-05 9.47048064e-08 2.13549751e-08]
CASCI converged
CASCI E = -234.909279284945  E(CI) = -1.32927551246223  S^2 = 0.0000000

******** <class 'pyscf.mcscf.casci.CASCI'> ********
CAS (1e+1e, 4o), ncore = 14, nvir = 32
natorb = False
canonicalization = True
sorting_mo_energy = False
max_memory 4000 MB (current use 453 MB)
******** <class 'pyscf.fci.direct_spin1.FCISolver'> ********
max. cycles = 200
conv_tol = 1e-08
davidson only = False
linear dependence = 1e-12
level shift = 0.001
max iter space = 12
max_memory 4000 MB
nroots = 1
pspace_size = 400
spin = None
Density matrix diagonal elements [1.99996545e+00 3.44491770e-05 8.66769135e-08 1.08944497e-08]
CASCI converged
CASCI E = -234.909279259728  E(CI) = -1.32927548724507  S^2 = 0.0000000

******** <class 'pyscf.mcscf.casci.CASCI'> ********
CAS (1e+1e, 4o), ncore = 14, nvir = 32
natorb = False
canonicalization = True
sorting_mo_energy = False
max_memory 4000 MB (current use 453 MB)
******** <class 'pyscf.fci.direct_spin1.FCISolver'> ********
max. cycles = 200
conv_tol = 1e-08
davidson only = False
linear dependence = 1e-12
level shift = 0.001
max iter space = 12
max_memory 4000 MB
nroots = 1
pspace_size = 400
spin = None
Density matrix diagonal elements [1.99996547e+00 3.44385389e-05 8.69548801e-08 8.58283687e-14]
CASCI converged
CASCI E = -234.909279226057  E(CI) = -1.32927545357396  S^2 = 0.0000000

******** <class 'pyscf.mcscf.casci.CASCI'> ********
CAS (1e+1e, 4o), ncore = 14, nvir = 32
natorb = False
canonicalization = True
sorting_mo_energy = False
max_memory 4000 MB (current use 453 MB)
******** <class 'pyscf.fci.direct_spin1.FCISolver'> ********
max. cycles = 200
conv_tol = 1e-08
davidson only = False
linear dependence = 1e-12
level shift = 0.001
max iter space = 12
max_memory 4000 MB
nroots = 1
pspace_size = 400
spin = None
Density matrix diagonal elements [1.99996547e+00 3.44385348e-05 8.69526987e-08 2.74905525e-11]
CASCI converged
CASCI E = -234.909279226159  E(CI) = -1.32927545367639  S^2 = 0.0000000

******** <class 'pyscf.mcscf.casci.CASCI'> ********
CAS (1e+1e, 4o), ncore = 14, nvir = 32
natorb = False
canonicalization = True
sorting_mo_energy = False
max_memory 4000 MB (current use 453 MB)
******** <class 'pyscf.fci.direct_spin1.FCISolver'> ********
max. cycles = 200
conv_tol = 1e-08
davidson only = False
linear dependence = 1e-12
level shift = 0.001
max iter space = 12
max_memory 4000 MB
nroots = 1
pspace_size = 400
spin = None
Density matrix diagonal elements [1.99996547e+00 3.44385056e-05 8.69503925e-08 9.32772058e-11]
CASCI converged
CASCI E = -234.909279226442  E(CI) = -1.32927545395910  S^2 = 0.0000000

******** <class 'pyscf.mcscf.casci.CASCI'> ********
CAS (1e+1e, 4o), ncore = 14, nvir = 32
natorb = False
canonicalization = True
sorting_mo_energy = False
max_memory 4000 MB (current use 453 MB)
******** <class 'pyscf.fci.direct_spin1.FCISolver'> ********
max. cycles = 200
conv_tol = 1e-08
davidson only = False
linear dependence = 1e-12
level shift = 0.001
max iter space = 12
max_memory 4000 MB
nroots = 1
pspace_size = 400
spin = None
Density matrix diagonal elements [1.99996547e+00 3.44384026e-05 8.71456905e-08 1.65214550e-10]
CASCI converged
CASCI E = -234.909279226812  E(CI) = -1.32927545432989  S^2 = 0.0000000

******** <class 'pyscf.mcscf.casci.CASCI'> ********
CAS (1e+1e, 4o), ncore = 14, nvir = 32
natorb = False
canonicalization = True
sorting_mo_energy = False
max_memory 4000 MB (current use 453 MB)
******** <class 'pyscf.fci.direct_spin1.FCISolver'> ********
max. cycles = 200
conv_tol = 1e-08
davidson only = False
linear dependence = 1e-12
level shift = 0.001
max iter space = 12
max_memory 4000 MB
nroots = 1
pspace_size = 400
spin = None
Density matrix diagonal elements [1.99996413e+00 3.54934586e-05 8.67491865e-08 2.90555649e-07]
CASCI converged
CASCI E = -234.909280397741  E(CI) = -1.32927662525873  S^2 = 0.0000000

******** <class 'pyscf.mcscf.casci.CASCI'> ********
CAS (1e+1e, 4o), ncore = 14, nvir = 32
natorb = False
canonicalization = True
sorting_mo_energy = False
max_memory 4000 MB (current use 453 MB)
******** <class 'pyscf.fci.direct_spin1.FCISolver'> ********
max. cycles = 200
conv_tol = 1e-08
davidson only = False
linear dependence = 1e-12
level shift = 0.001
max iter space = 12
max_memory 4000 MB
nroots = 1
pspace_size = 400
spin = None
Density matrix diagonal elements [1.99996503e+00 3.47913403e-05 8.67718099e-08 9.01227038e-08]
CASCI converged
CASCI E = -234.909279651092  E(CI) = -1.32927587860934  S^2 = 0.0000000

******** <class 'pyscf.mcscf.casci.CASCI'> ********
CAS (1e+1e, 4o), ncore = 14, nvir = 32
natorb = False
canonicalization = True
sorting_mo_energy = False
max_memory 4000 MB (current use 453 MB)
******** <class 'pyscf.fci.direct_spin1.FCISolver'> ********
max. cycles = 200
conv_tol = 1e-08
davidson only = False
linear dependence = 1e-12
level shift = 0.001
max iter space = 12
max_memory 4000 MB
nroots = 1
pspace_size = 400
spin = None
Density matrix diagonal elements [1.98746469e+00 2.01501103e-05 2.84771481e-05 1.24866780e-02]
CASCI converged
CASCI E = -234.918921391697  E(CI) = -1.33891761921399  S^2 = 0.0000000

******** <class 'pyscf.mcscf.casci.CASCI'> ********
CAS (1e+1e, 4o), ncore = 14, nvir = 32
natorb = False
canonicalization = True
sorting_mo_energy = False
max_memory 4000 MB (current use 453 MB)
******** <class 'pyscf.fci.direct_spin1.FCISolver'> ********
max. cycles = 200
conv_tol = 1e-08
davidson only = False
linear dependence = 1e-12
level shift = 0.001
max iter space = 12
max_memory 4000 MB
nroots = 1
pspace_size = 400
spin = None
Density matrix diagonal elements [1.99988014e+00 3.22754843e-05 3.61474502e-05 5.14345025e-05]
CASCI converged
CASCI E = -234.909351018492  E(CI) = -1.32934724600960  S^2 = 0.0000000

******** <class 'pyscf.mcscf.casci.CASCI'> ********
CAS (1e+1e, 4o), ncore = 14, nvir = 32
natorb = False
canonicalization = True
sorting_mo_energy = False
max_memory 4000 MB (current use 453 MB)
******** <class 'pyscf.fci.direct_spin1.FCISolver'> ********
max. cycles = 200
conv_tol = 1e-08
davidson only = False
linear dependence = 1e-12
level shift = 0.001
max iter space = 12
max_memory 4000 MB
nroots = 1
pspace_size = 400
spin = None
Density matrix diagonal elements [1.99988014e+00 3.22753746e-05 3.61473428e-05 5.14409109e-05]
CASCI converged
CASCI E = -234.909351024151  E(CI) = -1.32934725166862  S^2 = 0.0000000

******** <class 'pyscf.mcscf.casci.CASCI'> ********
CAS (1e+1e, 4o), ncore = 14, nvir = 32
natorb = False
canonicalization = True
sorting_mo_energy = False
max_memory 4000 MB (current use 453 MB)
******** <class 'pyscf.fci.direct_spin1.FCISolver'> ********
max. cycles = 200
conv_tol = 1e-08
davidson only = False
linear dependence = 1e-12
level shift = 0.001
max iter space = 12
max_memory 4000 MB
nroots = 1
pspace_size = 400
spin = None
Density matrix diagonal elements [1.99992349e+00 3.43037949e-05 3.68818802e-05 5.32479895e-06]
CASCI converged
CASCI E = -234.909312513981  E(CI) = -1.32930874149861  S^2 = 0.0000000

******** <class 'pyscf.mcscf.casci.CASCI'> ********
CAS (1e+1e, 4o), ncore = 14, nvir = 32
natorb = False
canonicalization = True
sorting_mo_energy = False
max_memory 4000 MB (current use 453 MB)
******** <class 'pyscf.fci.direct_spin1.FCISolver'> ********
max. cycles = 200
conv_tol = 1e-08
davidson only = False
linear dependence = 1e-12
level shift = 0.001
max iter space = 12
max_memory 4000 MB
nroots = 1
pspace_size = 400
spin = None
Density matrix diagonal elements [1.99991915e+00 3.34762260e-05 3.66633609e-05 1.07116227e-05]
CASCI converged
CASCI E = -234.909318684410  E(CI) = -1.32931491192744  S^2 = 0.0000000

******** <class 'pyscf.mcscf.casci.CASCI'> ********
CAS (1e+1e, 4o), ncore = 14, nvir = 32
natorb = False
canonicalization = True
sorting_mo_energy = False
max_memory 4000 MB (current use 453 MB)
******** <class 'pyscf.fci.direct_spin1.FCISolver'> ********
max. cycles = 200
conv_tol = 1e-08
davidson only = False
linear dependence = 1e-12
level shift = 0.001
max iter space = 12
max_memory 4000 MB
nroots = 1
pspace_size = 400
spin = None
Density matrix diagonal elements [1.99992729e+00 3.38719363e-05 3.69147061e-05 1.92006793e-06]
CASCI converged
CASCI E = -234.909308608439  E(CI) = -1.32930483595601  S^2 = 0.0000000

******** <class 'pyscf.mcscf.casci.CASCI'> ********
CAS (1e+1e, 4o), ncore = 14, nvir = 32
natorb = False
canonicalization = True
sorting_mo_energy = False
max_memory 4000 MB (current use 453 MB)
******** <class 'pyscf.fci.direct_spin1.FCISolver'> ********
max. cycles = 200
conv_tol = 1e-08
davidson only = False
linear dependence = 1e-12
level shift = 0.001
max iter space = 12
max_memory 4000 MB
nroots = 1
pspace_size = 400
spin = None
Density matrix diagonal elements [1.99992948e+00 3.35139616e-05 3.69905227e-05 1.42256922e-08]
CASCI converged
CASCI E = -234.909305515717  E(CI) = -1.32930174323479  S^2 = 0.0000000

******** <class 'pyscf.mcscf.casci.CASCI'> ********
CAS (1e+1e, 4o), ncore = 14, nvir = 32
natorb = False
canonicalization = True
sorting_mo_energy = False
max_memory 4000 MB (current use 453 MB)
******** <class 'pyscf.fci.direct_spin1.FCISolver'> ********
max. cycles = 200
conv_tol = 1e-08
davidson only = False
linear dependence = 1e-12
level shift = 0.001
max iter space = 12
max_memory 4000 MB
nroots = 1
pspace_size = 400
spin = None
Density matrix diagonal elements [1.99992948e+00 3.35139618e-05 3.69905228e-05 1.42226005e-08]
CASCI converged
CASCI E = -234.909305515711  E(CI) = -1.32930174322885  S^2 = 0.0000000

******** <class 'pyscf.mcscf.casci.CASCI'> ********
CAS (1e+1e, 4o), ncore = 14, nvir = 32
natorb = False
canonicalization = True
sorting_mo_energy = False
max_memory 4000 MB (current use 453 MB)
******** <class 'pyscf.fci.direct_spin1.FCISolver'> ********
max. cycles = 200
conv_tol = 1e-08
davidson only = False
linear dependence = 1e-12
level shift = 0.001
max iter space = 12
max_memory 4000 MB
nroots = 1
pspace_size = 400
spin = None
Density matrix diagonal elements [1.99992873e+00 3.41031481e-05 3.69876959e-05 1.80551045e-07]
CASCI converged
CASCI E = -234.909305885928  E(CI) = -1.32930211344532  S^2 = 0.0000000

******** <class 'pyscf.mcscf.casci.CASCI'> ********
CAS (1e+1e, 4o), ncore = 14, nvir = 32
natorb = False
canonicalization = True
sorting_mo_energy = False
max_memory 4000 MB (current use 453 MB)
******** <class 'pyscf.fci.direct_spin1.FCISolver'> ********
max. cycles = 200
conv_tol = 1e-08
davidson only = False
linear dependence = 1e-12
level shift = 0.001
max iter space = 12
max_memory 4000 MB
nroots = 1
pspace_size = 400
spin = None
Density matrix diagonal elements [1.99992931e+00 3.35042063e-05 3.71265187e-05 6.31491162e-08]
CASCI converged
CASCI E = -234.909305666666  E(CI) = -1.32930189418320  S^2 = 0.0000000

******** <class 'pyscf.mcscf.casci.CASCI'> ********
CAS (1e+1e, 4o), ncore = 14, nvir = 32
natorb = False
canonicalization = True
sorting_mo_energy = False
max_memory 4000 MB (current use 453 MB)
******** <class 'pyscf.fci.direct_spin1.FCISolver'> ********
max. cycles = 200
conv_tol = 1e-08
davidson only = False
linear dependence = 1e-12
level shift = 0.001
max iter space = 12
max_memory 4000 MB
nroots = 1
pspace_size = 400
spin = None
Density matrix diagonal elements [1.99992944e+00 3.35130405e-05 3.69904705e-05 5.65155422e-08]
CASCI converged
CASCI E = -234.909305624061  E(CI) = -1.32930185157855  S^2 = 0.0000000

******** <class 'pyscf.mcscf.casci.CASCI'> ********
CAS (1e+1e, 4o), ncore = 14, nvir = 32
natorb = False
canonicalization = True
sorting_mo_energy = False
max_memory 4000 MB (current use 453 MB)
******** <class 'pyscf.fci.direct_spin1.FCISolver'> ********
max. cycles = 200
conv_tol = 1e-08
davidson only = False
linear dependence = 1e-12
level shift = 0.001
max iter space = 12
max_memory 4000 MB
nroots = 1
pspace_size = 400
spin = None
Density matrix diagonal elements [1.99992948e+00 3.35127789e-05 3.69898230e-05 1.40938978e-08]
CASCI converged
CASCI E = -234.909305522453  E(CI) = -1.32930174997082  S^2 = 0.0000000

******** <class 'pyscf.mcscf.casci.CASCI'> ********
CAS (1e+1e, 4o), ncore = 14, nvir = 32
natorb = False
canonicalization = True
sorting_mo_energy = False
max_memory 4000 MB (current use 453 MB)
******** <class 'pyscf.fci.direct_spin1.FCISolver'> ********
max. cycles = 200
conv_tol = 1e-08
davidson only = False
linear dependence = 1e-12
level shift = 0.001
max iter space = 12
max_memory 4000 MB
nroots = 1
pspace_size = 400
spin = None
Density matrix diagonal elements [1.99992948e+00 3.35127789e-05 3.69898228e-05 1.40941735e-08]
CASCI converged
CASCI E = -234.909305522454  E(CI) = -1.32930174997151  S^2 = 0.0000000

******** <class 'pyscf.mcscf.casci.CASCI'> ********
CAS (1e+1e, 4o), ncore = 14, nvir = 32
natorb = False
canonicalization = True
sorting_mo_energy = False
max_memory 4000 MB (current use 453 MB)
******** <class 'pyscf.fci.direct_spin1.FCISolver'> ********
max. cycles = 200
conv_tol = 1e-08
davidson only = False
linear dependence = 1e-12
level shift = 0.001
max iter space = 12
max_memory 4000 MB
nroots = 1
pspace_size = 400
spin = None
Density matrix diagonal elements [1.99992947e+00 3.35253727e-05 3.69903367e-05 1.08378931e-08]
CASCI converged
CASCI E = -234.909305521603  E(CI) = -1.32930174912045  S^2 = 0.0000000

******** <class 'pyscf.mcscf.casci.CASCI'> ********
CAS (1e+1e, 4o), ncore = 14, nvir = 32
natorb = False
canonicalization = True
sorting_mo_energy = False
max_memory 4000 MB (current use 453 MB)
******** <class 'pyscf.fci.direct_spin1.FCISolver'> ********
max. cycles = 200
conv_tol = 1e-08
davidson only = False
linear dependence = 1e-12
level shift = 0.001
max iter space = 12
max_memory 4000 MB
nroots = 1
pspace_size = 400
spin = None
Density matrix diagonal elements [1.99992949e+00 3.35151670e-05 3.69923778e-05 6.31188975e-10]
CASCI converged
CASCI E = -234.909305490642  E(CI) = -1.32930171815966  S^2 = 0.0000000

******** <class 'pyscf.mcscf.casci.CASCI'> ********
CAS (1e+1e, 4o), ncore = 14, nvir = 32
natorb = False
canonicalization = True
sorting_mo_energy = False
max_memory 4000 MB (current use 453 MB)
******** <class 'pyscf.fci.direct_spin1.FCISolver'> ********
max. cycles = 200
conv_tol = 1e-08
davidson only = False
linear dependence = 1e-12
level shift = 0.001
max iter space = 12
max_memory 4000 MB
nroots = 1
pspace_size = 400
spin = None
Density matrix diagonal elements [1.99992949e+00 3.35153520e-05 3.69910333e-05 2.81390309e-11]
CASCI converged
CASCI E = -234.909305488214  E(CI) = -1.32930171573148  S^2 = 0.0000000

******** <class 'pyscf.mcscf.casci.CASCI'> ********
CAS (1e+1e, 4o), ncore = 14, nvir = 32
natorb = False
canonicalization = True
sorting_mo_energy = False
max_memory 4000 MB (current use 453 MB)
******** <class 'pyscf.fci.direct_spin1.FCISolver'> ********
max. cycles = 200
conv_tol = 1e-08
davidson only = False
linear dependence = 1e-12
level shift = 0.001
max iter space = 12
max_memory 4000 MB
nroots = 1
pspace_size = 400
spin = None
Density matrix diagonal elements [1.99992949e+00 3.35153232e-05 3.69910196e-05 9.21315583e-11]
CASCI converged
CASCI E = -234.909305488490  E(CI) = -1.32930171600708  S^2 = 0.0000000

******** <class 'pyscf.mcscf.casci.CASCI'> ********
CAS (1e+1e, 4o), ncore = 14, nvir = 32
natorb = False
canonicalization = True
sorting_mo_energy = False
max_memory 4000 MB (current use 453 MB)
******** <class 'pyscf.fci.direct_spin1.FCISolver'> ********
max. cycles = 200
conv_tol = 1e-08
davidson only = False
linear dependence = 1e-12
level shift = 0.001
max iter space = 12
max_memory 4000 MB
nroots = 1
pspace_size = 400
spin = None
Density matrix diagonal elements [1.99992949e+00 3.35153232e-05 3.69910196e-05 9.21328815e-11]
CASCI converged
CASCI E = -234.909305488490  E(CI) = -1.32930171600708  S^2 = 0.0000000

******** <class 'pyscf.mcscf.casci.CASCI'> ********
CAS (1e+1e, 4o), ncore = 14, nvir = 32
natorb = False
canonicalization = True
sorting_mo_energy = False
max_memory 4000 MB (current use 453 MB)
******** <class 'pyscf.fci.direct_spin1.FCISolver'> ********
max. cycles = 200
conv_tol = 1e-08
davidson only = False
linear dependence = 1e-12
level shift = 0.001
max iter space = 12
max_memory 4000 MB
nroots = 1
pspace_size = 400
spin = None
Density matrix diagonal elements [1.99992822e+00 3.45428609e-05 3.69557798e-05 2.84411732e-07]
CASCI converged
CASCI E = -234.909306634783  E(CI) = -1.32930286230001  S^2 = 0.0000000

******** <class 'pyscf.mcscf.casci.CASCI'> ********
CAS (1e+1e, 4o), ncore = 14, nvir = 32
natorb = False
canonicalization = True
sorting_mo_energy = False
max_memory 4000 MB (current use 453 MB)
******** <class 'pyscf.fci.direct_spin1.FCISolver'> ********
max. cycles = 200
conv_tol = 1e-08
davidson only = False
linear dependence = 1e-12
level shift = 0.001
max iter space = 12
max_memory 4000 MB
nroots = 1
pspace_size = 400
spin = None
Density matrix diagonal elements [1.99992908e+00 3.38581657e-05 3.69771320e-05 8.80694113e-08]
CASCI converged
CASCI E = -234.909305903392  E(CI) = -1.32930213090935  S^2 = 0.0000000

******** <class 'pyscf.mcscf.casci.CASCI'> ********
CAS (1e+1e, 4o), ncore = 14, nvir = 32
natorb = False
canonicalization = True
sorting_mo_energy = False
max_memory 4000 MB (current use 453 MB)
******** <class 'pyscf.fci.direct_spin1.FCISolver'> ********
max. cycles = 200
conv_tol = 1e-08
davidson only = False
linear dependence = 1e-12
level shift = 0.001
max iter space = 12
max_memory 4000 MB
nroots = 1
pspace_size = 400
spin = None
Density matrix diagonal elements [1.98745960e+00 1.99258128e-05 1.24807381e-02 3.97336436e-05]
CASCI converged
CASCI E = -234.918936325210  E(CI) = -1.33893255272750  S^2 = 0.0000000

******** <class 'pyscf.mcscf.casci.CASCI'> ********
CAS (1e+1e, 4o), ncore = 14, nvir = 32
natorb = False
canonicalization = True
sorting_mo_energy = False
max_memory 4000 MB (current use 453 MB)
******** <class 'pyscf.fci.direct_spin1.FCISolver'> ********
max. cycles = 200
conv_tol = 1e-08
davidson only = False
linear dependence = 1e-12
level shift = 0.001
max iter space = 12
max_memory 4000 MB
nroots = 1
pspace_size = 400
spin = None
Density matrix diagonal elements [1.98745960e+00 1.99257843e-05 1.24807367e-02 3.97390166e-05]
CASCI converged
CASCI E = -234.918936329981  E(CI) = -1.33893255749868  S^2 = 0.0000000

******** <class 'pyscf.mcscf.casci.CASCI'> ********
CAS (1e+1e, 4o), ncore = 14, nvir = 32
natorb = False
canonicalization = True
sorting_mo_energy = False
max_memory 4000 MB (current use 453 MB)
******** <class 'pyscf.fci.direct_spin1.FCISolver'> ********
max. cycles = 200
conv_tol = 1e-08
davidson only = False
linear dependence = 1e-12
level shift = 0.001
max iter space = 12
max_memory 4000 MB
nroots = 1
pspace_size = 400
spin = None
Density matrix diagonal elements [1.98748246e+00 2.11310099e-05 1.24921181e-02 4.28731158e-06]
CASCI converged
CASCI E = -234.918906621325  E(CI) = -1.33890284884285  S^2 = 0.0000000

******** <class 'pyscf.mcscf.casci.CASCI'> ********
CAS (1e+1e, 4o), ncore = 14, nvir = 32
natorb = False
canonicalization = True
sorting_mo_energy = False
max_memory 4000 MB (current use 453 MB)
******** <class 'pyscf.fci.direct_spin1.FCISolver'> ********
max. cycles = 200
conv_tol = 1e-08
davidson only = False
linear dependence = 1e-12
level shift = 0.001
max iter space = 12
max_memory 4000 MB
nroots = 1
pspace_size = 400
spin = None
Density matrix diagonal elements [1.98748193e+00 2.05674365e-05 1.24896414e-02 7.85889452e-06]
CASCI converged
CASCI E = -234.918910580505  E(CI) = -1.33890680802210  S^2 = 0.0000000

******** <class 'pyscf.mcscf.casci.CASCI'> ********
CAS (1e+1e, 4o), ncore = 14, nvir = 32
natorb = False
canonicalization = True
sorting_mo_energy = False
max_memory 4000 MB (current use 453 MB)
******** <class 'pyscf.fci.direct_spin1.FCISolver'> ********
max. cycles = 200
conv_tol = 1e-08
davidson only = False
linear dependence = 1e-12
level shift = 0.001
max iter space = 12
max_memory 4000 MB
nroots = 1
pspace_size = 400
spin = None
Density matrix diagonal elements [1.98748471e+00 2.09046719e-05 1.24929696e-02 1.41748785e-06]
CASCI converged
CASCI E = -234.918903253415  E(CI) = -1.33889948093201  S^2 = 0.0000000

******** <class 'pyscf.mcscf.casci.CASCI'> ********
CAS (1e+1e, 4o), ncore = 14, nvir = 32
natorb = False
canonicalization = True
sorting_mo_energy = False
max_memory 4000 MB (current use 453 MB)
******** <class 'pyscf.fci.direct_spin1.FCISolver'> ********
max. cycles = 200
conv_tol = 1e-08
davidson only = False
linear dependence = 1e-12
level shift = 0.001
max iter space = 12
max_memory 4000 MB
nroots = 1
pspace_size = 400
spin = None
Density matrix diagonal elements [1.98748526e+00 2.07714683e-05 1.24939572e-02 1.11299422e-08]
CASCI converged
CASCI E = -234.918900982008  E(CI) = -1.33889720952590  S^2 = 0.0000000

******** <class 'pyscf.mcscf.casci.CASCI'> ********
CAS (1e+1e, 4o), ncore = 14, nvir = 32
natorb = False
canonicalization = True
sorting_mo_energy = False
max_memory 4000 MB (current use 453 MB)
******** <class 'pyscf.fci.direct_spin1.FCISolver'> ********
max. cycles = 200
conv_tol = 1e-08
davidson only = False
linear dependence = 1e-12
level shift = 0.001
max iter space = 12
max_memory 4000 MB
nroots = 1
pspace_size = 400
spin = None
Density matrix diagonal elements [1.98748526e+00 2.07714684e-05 1.24939572e-02 1.11274416e-08]
CASCI converged
CASCI E = -234.918900982004  E(CI) = -1.33889720952109  S^2 = 0.0000000

******** <class 'pyscf.mcscf.casci.CASCI'> ********
CAS (1e+1e, 4o), ncore = 14, nvir = 32
natorb = False
canonicalization = True
sorting_mo_energy = False
max_memory 4000 MB (current use 453 MB)
******** <class 'pyscf.fci.direct_spin1.FCISolver'> ********
max. cycles = 200
conv_tol = 1e-08
davidson only = False
linear dependence = 1e-12
level shift = 0.001
max iter space = 12
max_memory 4000 MB
nroots = 1
pspace_size = 400
spin = None
Density matrix diagonal elements [1.98748467e+00 2.12366523e-05 1.24939288e-02 1.64398187e-07]
CASCI converged
CASCI E = -234.918901324151  E(CI) = -1.33889755166791  S^2 = 0.0000000

******** <class 'pyscf.mcscf.casci.CASCI'> ********
CAS (1e+1e, 4o), ncore = 14, nvir = 32
natorb = False
canonicalization = True
sorting_mo_energy = False
max_memory 4000 MB (current use 453 MB)
******** <class 'pyscf.fci.direct_spin1.FCISolver'> ********
max. cycles = 200
conv_tol = 1e-08
davidson only = False
linear dependence = 1e-12
level shift = 0.001
max iter space = 12
max_memory 4000 MB
nroots = 1
pspace_size = 400
spin = None
Density matrix diagonal elements [1.98748526e+00 2.07723409e-05 1.24939646e-02 1.22307406e-10]
CASCI converged
CASCI E = -234.918900960650  E(CI) = -1.33889718816690  S^2 = 0.0000000

******** <class 'pyscf.mcscf.casci.CASCI'> ********
CAS (1e+1e, 4o), ncore = 14, nvir = 32
natorb = False
canonicalization = True
sorting_mo_energy = False
max_memory 4000 MB (current use 453 MB)
******** <class 'pyscf.fci.direct_spin1.FCISolver'> ********
max. cycles = 200
conv_tol = 1e-08
davidson only = False
linear dependence = 1e-12
level shift = 0.001
max iter space = 12
max_memory 4000 MB
nroots = 1
pspace_size = 400
spin = None
Density matrix diagonal elements [1.98744601e+00 2.06554687e-05 1.25203709e-02 1.29593794e-05]
CASCI converged
CASCI E = -234.918938510357  E(CI) = -1.33893473787472  S^2 = 0.0000000

******** <class 'pyscf.mcscf.casci.CASCI'> ********
CAS (1e+1e, 4o), ncore = 14, nvir = 32
natorb = False
canonicalization = True
sorting_mo_energy = False
max_memory 4000 MB (current use 453 MB)
******** <class 'pyscf.fci.direct_spin1.FCISolver'> ********
max. cycles = 200
conv_tol = 1e-08
davidson only = False
linear dependence = 1e-12
level shift = 0.001
max iter space = 12
max_memory 4000 MB
nroots = 1
pspace_size = 400
spin = None
Density matrix diagonal elements [1.98748527e+00 2.07708027e-05 1.24939526e-02 9.33776541e-09]
CASCI converged
CASCI E = -234.918900983154  E(CI) = -1.33889721067149  S^2 = 0.0000000

******** <class 'pyscf.mcscf.casci.CASCI'> ********
CAS (1e+1e, 4o), ncore = 14, nvir = 32
natorb = False
canonicalization = True
sorting_mo_energy = False
max_memory 4000 MB (current use 453 MB)
******** <class 'pyscf.fci.direct_spin1.FCISolver'> ********
max. cycles = 200
conv_tol = 1e-08
davidson only = False
linear dependence = 1e-12
level shift = 0.001
max iter space = 12
max_memory 4000 MB
nroots = 1
pspace_size = 400
spin = None
Density matrix diagonal elements [1.98748527e+00 2.07708027e-05 1.24939526e-02 9.33800210e-09]
CASCI converged
CASCI E = -234.918900983155  E(CI) = -1.33889721067209  S^2 = 0.0000000

******** <class 'pyscf.mcscf.casci.CASCI'> ********
CAS (1e+1e, 4o), ncore = 14, nvir = 32
natorb = False
canonicalization = True
sorting_mo_energy = False
max_memory 4000 MB (current use 453 MB)
******** <class 'pyscf.fci.direct_spin1.FCISolver'> ********
max. cycles = 200
conv_tol = 1e-08
davidson only = False
linear dependence = 1e-12
level shift = 0.001
max iter space = 12
max_memory 4000 MB
nroots = 1
pspace_size = 400
spin = None
Density matrix diagonal elements [1.98748526e+00 2.07747432e-05 1.24939557e-02 8.32589152e-09]
CASCI converged
CASCI E = -234.918900986109  E(CI) = -1.33889721362644  S^2 = 0.0000000

******** <class 'pyscf.mcscf.casci.CASCI'> ********
CAS (1e+1e, 4o), ncore = 14, nvir = 32
natorb = False
canonicalization = True
sorting_mo_energy = False
max_memory 4000 MB (current use 453 MB)
******** <class 'pyscf.fci.direct_spin1.FCISolver'> ********
max. cycles = 200
conv_tol = 1e-08
davidson only = False
linear dependence = 1e-12
level shift = 0.001
max iter space = 12
max_memory 4000 MB
nroots = 1
pspace_size = 400
spin = None
Density matrix diagonal elements [1.98748526e+00 2.07724252e-05 1.24939649e-02 4.25572710e-14]
CASCI converged
CASCI E = -234.918900960355  E(CI) = -1.33889718787228  S^2 = 0.0000000

******** <class 'pyscf.mcscf.casci.CASCI'> ********
CAS (1e+1e, 4o), ncore = 14, nvir = 32
natorb = False
canonicalization = True
sorting_mo_energy = False
max_memory 4000 MB (current use 453 MB)
******** <class 'pyscf.fci.direct_spin1.FCISolver'> ********
max. cycles = 200
conv_tol = 1e-08
davidson only = False
linear dependence = 1e-12
level shift = 0.001
max iter space = 12
max_memory 4000 MB
nroots = 1
pspace_size = 400
spin = None
Density matrix diagonal elements [1.98748494e+00 2.07705742e-05 1.24941870e-02 1.06880876e-07]
CASCI converged
CASCI E = -234.918901398108  E(CI) = -1.33889762562518  S^2 = 0.0000000

******** <class 'pyscf.mcscf.casci.CASCI'> ********
CAS (1e+1e, 4o), ncore = 14, nvir = 32
natorb = False
canonicalization = True
sorting_mo_energy = False
max_memory 4000 MB (current use 453 MB)
******** <class 'pyscf.fci.direct_spin1.FCISolver'> ********
max. cycles = 200
conv_tol = 1e-08
davidson only = False
linear dependence = 1e-12
level shift = 0.001
max iter space = 12
max_memory 4000 MB
nroots = 1
pspace_size = 400
spin = None
Density matrix diagonal elements [1.98748526e+00 2.07724049e-05 1.24939648e-02 5.87567391e-11]
CASCI converged
CASCI E = -234.918900960598  E(CI) = -1.33889718811520  S^2 = 0.0000000

******** <class 'pyscf.mcscf.casci.CASCI'> ********
CAS (1e+1e, 4o), ncore = 14, nvir = 32
natorb = False
canonicalization = True
sorting_mo_energy = False
max_memory 4000 MB (current use 453 MB)
******** <class 'pyscf.fci.direct_spin1.FCISolver'> ********
max. cycles = 200
conv_tol = 1e-08
davidson only = False
linear dependence = 1e-12
level shift = 0.001
max iter space = 12
max_memory 4000 MB
nroots = 1
pspace_size = 400
spin = None
Density matrix diagonal elements [1.98748526e+00 2.07724049e-05 1.24939648e-02 5.87581189e-11]
CASCI converged
CASCI E = -234.918900960598  E(CI) = -1.33889718811523  S^2 = 0.0000000

******** <class 'pyscf.mcscf.casci.CASCI'> ********
CAS (1e+1e, 4o), ncore = 14, nvir = 32
natorb = False
canonicalization = True
sorting_mo_energy = False
max_memory 4000 MB (current use 453 MB)
******** <class 'pyscf.fci.direct_spin1.FCISolver'> ********
max. cycles = 200
conv_tol = 1e-08
davidson only = False
linear dependence = 1e-12
level shift = 0.001
max iter space = 12
max_memory 4000 MB
nroots = 1
pspace_size = 400
spin = None
Density matrix diagonal elements [1.98748479e+00 2.14170777e-05 1.24935905e-02 1.99146375e-07]
CASCI converged
CASCI E = -234.918901762271  E(CI) = -1.33889798978797  S^2 = 0.0000000

******** <class 'pyscf.mcscf.casci.CASCI'> ********
CAS (1e+1e, 4o), ncore = 14, nvir = 32
natorb = False
canonicalization = True
sorting_mo_energy = False
max_memory 4000 MB (current use 453 MB)
******** <class 'pyscf.fci.direct_spin1.FCISolver'> ********
max. cycles = 200
conv_tol = 1e-08
davidson only = False
linear dependence = 1e-12
level shift = 0.001
max iter space = 12
max_memory 4000 MB
nroots = 1
pspace_size = 400
spin = None
Density matrix diagonal elements [1.98748514e+00 2.09783867e-05 1.24938237e-02 5.99196998e-08]
CASCI converged
CASCI E = -234.918901242619  E(CI) = -1.33889747013689  S^2 = 0.0000000

******** <class 'pyscf.mcscf.casci.CASCI'> ********
CAS (1e+1e, 4o), ncore = 14, nvir = 32
natorb = False
canonicalization = True
sorting_mo_energy = False
max_memory 4000 MB (current use 453 MB)
******** <class 'pyscf.fci.direct_spin1.FCISolver'> ********
max. cycles = 200
conv_tol = 1e-08
davidson only = False
linear dependence = 1e-12
level shift = 0.001
max iter space = 12
max_memory 4000 MB
nroots = 1
pspace_size = 400
spin = None
Density matrix diagonal elements [1.99986538e+00 3.19341656e-05 5.13380031e-05 5.13445144e-05]
CASCI converged
CASCI E = -234.909370711755  E(CI) = -1.32936693927289  S^2 = 0.0000000

******** <class 'pyscf.mcscf.casci.CASCI'> ********
CAS (1e+1e, 4o), ncore = 14, nvir = 32
natorb = False
canonicalization = True
sorting_mo_energy = False
max_memory 4000 MB (current use 453 MB)
******** <class 'pyscf.fci.direct_spin1.FCISolver'> ********
max. cycles = 200
conv_tol = 1e-08
davidson only = False
linear dependence = 1e-12
level shift = 0.001
max iter space = 12
max_memory 4000 MB
nroots = 1
pspace_size = 400
spin = None
Density matrix diagonal elements [1.99990859e+00 3.39913559e-05 5.20660128e-05 5.35388714e-06]
CASCI converged
CASCI E = -234.909332323878  E(CI) = -1.32932855139529  S^2 = 0.0000000

******** <class 'pyscf.mcscf.casci.CASCI'> ********
CAS (1e+1e, 4o), ncore = 14, nvir = 32
natorb = False
canonicalization = True
sorting_mo_energy = False
max_memory 4000 MB (current use 453 MB)
******** <class 'pyscf.fci.direct_spin1.FCISolver'> ********
max. cycles = 200
conv_tol = 1e-08
davidson only = False
linear dependence = 1e-12
level shift = 0.001
max iter space = 12
max_memory 4000 MB
nroots = 1
pspace_size = 400
spin = None
Density matrix diagonal elements [1.99990398e+00 3.32104087e-05 5.20025002e-05 1.08028567e-05]
CASCI converged
CASCI E = -234.909338593460  E(CI) = -1.32933482097769  S^2 = 0.0000000

******** <class 'pyscf.mcscf.casci.CASCI'> ********
CAS (1e+1e, 4o), ncore = 14, nvir = 32
natorb = False
canonicalization = True
sorting_mo_energy = False
max_memory 4000 MB (current use 453 MB)
******** <class 'pyscf.fci.direct_spin1.FCISolver'> ********
max. cycles = 200
conv_tol = 1e-08
davidson only = False
linear dependence = 1e-12
level shift = 0.001
max iter space = 12
max_memory 4000 MB
nroots = 1
pspace_size = 400
spin = None
Density matrix diagonal elements [1.99991244e+00 3.35518260e-05 5.20722286e-05 1.93199400e-06]
CASCI converged
CASCI E = -234.909328400226  E(CI) = -1.32932462774335  S^2 = 0.0000000

******** <class 'pyscf.mcscf.casci.CASCI'> ********
CAS (1e+1e, 4o), ncore = 14, nvir = 32
natorb = False
canonicalization = True
sorting_mo_energy = False
max_memory 4000 MB (current use 453 MB)
******** <class 'pyscf.fci.direct_spin1.FCISolver'> ********
max. cycles = 200
conv_tol = 1e-08
davidson only = False
linear dependence = 1e-12
level shift = 0.001
max iter space = 12
max_memory 4000 MB
nroots = 1
pspace_size = 400
spin = None
Density matrix diagonal elements [1.99991471e+00 3.31687826e-05 5.21065069e-05 1.36226007e-08]
CASCI converged
CASCI E = -234.909325283619  E(CI) = -1.32932151113644  S^2 = 0.0000000

******** <class 'pyscf.mcscf.casci.CASCI'> ********
CAS (1e+1e, 4o), ncore = 14, nvir = 32
natorb = False
canonicalization = True
sorting_mo_energy = False
max_memory 4000 MB (current use 453 MB)
******** <class 'pyscf.fci.direct_spin1.FCISolver'> ********
max. cycles = 200
conv_tol = 1e-08
davidson only = False
linear dependence = 1e-12
level shift = 0.001
max iter space = 12
max_memory 4000 MB
nroots = 1
pspace_size = 400
spin = None
Density matrix diagonal elements [1.99991103e+00 3.30821633e-05 5.46604133e-05 1.23010633e-06]
CASCI converged
CASCI E = -234.909328375697  E(CI) = -1.32932460321399  S^2 = 0.0000000

******** <class 'pyscf.mcscf.casci.CASCI'> ********
CAS (1e+1e, 4o), ncore = 14, nvir = 32
natorb = False
canonicalization = True
sorting_mo_energy = False
max_memory 4000 MB (current use 453 MB)
******** <class 'pyscf.fci.direct_spin1.FCISolver'> ********
max. cycles = 200
conv_tol = 1e-08
davidson only = False
linear dependence = 1e-12
level shift = 0.001
max iter space = 12
max_memory 4000 MB
nroots = 1
pspace_size = 400
spin = None
Density matrix diagonal elements [1.99991400e+00 3.37415763e-05 5.20858652e-05 1.72379677e-07]
CASCI converged
CASCI E = -234.909325637281  E(CI) = -1.32932186479809  S^2 = 0.0000000

******** <class 'pyscf.mcscf.casci.CASCI'> ********
CAS (1e+1e, 4o), ncore = 14, nvir = 32
natorb = False
canonicalization = True
sorting_mo_energy = False
max_memory 4000 MB (current use 453 MB)
******** <class 'pyscf.fci.direct_spin1.FCISolver'> ********
max. cycles = 200
conv_tol = 1e-08
davidson only = False
linear dependence = 1e-12
level shift = 0.001
max iter space = 12
max_memory 4000 MB
nroots = 1
pspace_size = 400
spin = None
Density matrix diagonal elements [1.99991472e+00 3.31700010e-05 5.21080235e-05 1.94056188e-10]
CASCI converged
CASCI E = -234.909325257648  E(CI) = -1.32932148516545  S^2 = 0.0000000

******** <class 'pyscf.mcscf.casci.CASCI'> ********
CAS (1e+1e, 4o), ncore = 14, nvir = 32
natorb = False
canonicalization = True
sorting_mo_energy = False
max_memory 4000 MB (current use 453 MB)
******** <class 'pyscf.fci.direct_spin1.FCISolver'> ********
max. cycles = 200
conv_tol = 1e-08
davidson only = False
linear dependence = 1e-12
level shift = 0.001
max iter space = 12
max_memory 4000 MB
nroots = 1
pspace_size = 400
spin = None
Density matrix diagonal elements [1.99991467e+00 3.31678818e-05 5.21041826e-05 5.51882374e-08]
CASCI converged
CASCI E = -234.909325389940  E(CI) = -1.32932161745782  S^2 = 0.0000000

******** <class 'pyscf.mcscf.casci.CASCI'> ********
CAS (1e+1e, 4o), ncore = 14, nvir = 32
natorb = False
canonicalization = True
sorting_mo_energy = False
max_memory 4000 MB (current use 453 MB)
******** <class 'pyscf.fci.direct_spin1.FCISolver'> ********
max. cycles = 200
conv_tol = 1e-08
davidson only = False
linear dependence = 1e-12
level shift = 0.001
max iter space = 12
max_memory 4000 MB
nroots = 1
pspace_size = 400
spin = None
Density matrix diagonal elements [1.99991418e+00 3.31265523e-05 5.24853204e-05 2.09765947e-07]
CASCI converged
CASCI E = -234.909325896186  E(CI) = -1.32932212370358  S^2 = 0.0000000

******** <class 'pyscf.mcscf.casci.CASCI'> ********
CAS (1e+1e, 4o), ncore = 14, nvir = 32
natorb = False
canonicalization = True
sorting_mo_energy = False
max_memory 4000 MB (current use 453 MB)
******** <class 'pyscf.fci.direct_spin1.FCISolver'> ********
max. cycles = 200
conv_tol = 1e-08
davidson only = False
linear dependence = 1e-12
level shift = 0.001
max iter space = 12
max_memory 4000 MB
nroots = 1
pspace_size = 400
spin = None
Density matrix diagonal elements [1.99991471e+00 3.31675829e-05 5.21067114e-05 1.38980805e-08]
CASCI converged
CASCI E = -234.909325291048  E(CI) = -1.32932151856582  S^2 = 0.0000000

******** <class 'pyscf.mcscf.casci.CASCI'> ********
CAS (1e+1e, 4o), ncore = 14, nvir = 32
natorb = False
canonicalization = True
sorting_mo_energy = False
max_memory 4000 MB (current use 453 MB)
******** <class 'pyscf.fci.direct_spin1.FCISolver'> ********
max. cycles = 200
conv_tol = 1e-08
davidson only = False
linear dependence = 1e-12
level shift = 0.001
max iter space = 12
max_memory 4000 MB
nroots = 1
pspace_size = 400
spin = None
Density matrix diagonal elements [1.99991470e+00 3.31797742e-05 5.21057388e-05 1.02767421e-08]
CASCI converged
CASCI E = -234.909325288941  E(CI) = -1.32932151645795  S^2 = 0.0000000

******** <class 'pyscf.mcscf.casci.CASCI'> ********
CAS (1e+1e, 4o), ncore = 14, nvir = 32
natorb = False
canonicalization = True
sorting_mo_energy = False
max_memory 4000 MB (current use 453 MB)
******** <class 'pyscf.fci.direct_spin1.FCISolver'> ********
max. cycles = 200
conv_tol = 1e-08
davidson only = False
linear dependence = 1e-12
level shift = 0.001
max iter space = 12
max_memory 4000 MB
nroots = 1
pspace_size = 400
spin = None
Density matrix diagonal elements [1.99991472e+00 3.31701276e-05 5.21082753e-05 6.01149155e-12]
CASCI converged
CASCI E = -234.909325257203  E(CI) = -1.32932148472079  S^2 = 0.0000000

******** <class 'pyscf.mcscf.casci.CASCI'> ********
CAS (1e+1e, 4o), ncore = 14, nvir = 32
natorb = False
canonicalization = True
sorting_mo_energy = False
max_memory 4000 MB (current use 453 MB)
******** <class 'pyscf.fci.direct_spin1.FCISolver'> ********
max. cycles = 200
conv_tol = 1e-08
davidson only = False
linear dependence = 1e-12
level shift = 0.001
max iter space = 12
max_memory 4000 MB
nroots = 1
pspace_size = 400
spin = None
Density matrix diagonal elements [1.99991472e+00 3.31701246e-05 5.21081579e-05 6.54933535e-12]
CASCI converged
CASCI E = -234.909325257205  E(CI) = -1.32932148472278  S^2 = 0.0000000

******** <class 'pyscf.mcscf.casci.CASCI'> ********
CAS (1e+1e, 4o), ncore = 14, nvir = 32
natorb = False
canonicalization = True
sorting_mo_energy = False
max_memory 4000 MB (current use 453 MB)
******** <class 'pyscf.fci.direct_spin1.FCISolver'> ********
max. cycles = 200
conv_tol = 1e-08
davidson only = False
linear dependence = 1e-12
level shift = 0.001
max iter space = 12
max_memory 4000 MB
nroots = 1
pspace_size = 400
spin = None
Density matrix diagonal elements [1.99991471e+00 3.31707440e-05 5.21165323e-05 1.10734686e-09]
CASCI converged
CASCI E = -234.909325262399  E(CI) = -1.32932148991614  S^2 = 0.0000000

******** <class 'pyscf.mcscf.casci.CASCI'> ********
CAS (1e+1e, 4o), ncore = 14, nvir = 32
natorb = False
canonicalization = True
sorting_mo_energy = False
max_memory 4000 MB (current use 453 MB)
******** <class 'pyscf.fci.direct_spin1.FCISolver'> ********
max. cycles = 200
conv_tol = 1e-08
davidson only = False
linear dependence = 1e-12
level shift = 0.001
max iter space = 12
max_memory 4000 MB
nroots = 1
pspace_size = 400
spin = None
Density matrix diagonal elements [1.99991472e+00 3.31700953e-05 5.21081583e-05 8.14595889e-11]
CASCI converged
CASCI E = -234.909325257518  E(CI) = -1.32932148503497  S^2 = 0.0000000

******** <class 'pyscf.mcscf.casci.CASCI'> ********
CAS (1e+1e, 4o), ncore = 14, nvir = 32
natorb = False
canonicalization = True
sorting_mo_energy = False
max_memory 4000 MB (current use 453 MB)
******** <class 'pyscf.fci.direct_spin1.FCISolver'> ********
max. cycles = 200
conv_tol = 1e-08
davidson only = False
linear dependence = 1e-12
level shift = 0.001
max iter space = 12
max_memory 4000 MB
nroots = 1
pspace_size = 400
spin = None
Density matrix diagonal elements [1.99991353e+00 3.41729343e-05 5.20265268e-05 2.72357072e-07]
CASCI converged
CASCI E = -234.909326355615  E(CI) = -1.32932258313230  S^2 = 0.0000000

******** <class 'pyscf.mcscf.casci.CASCI'> ********
CAS (1e+1e, 4o), ncore = 14, nvir = 32
natorb = False
canonicalization = True
sorting_mo_energy = False
max_memory 4000 MB (current use 453 MB)
******** <class 'pyscf.fci.direct_spin1.FCISolver'> ********
max. cycles = 200
conv_tol = 1e-08
davidson only = False
linear dependence = 1e-12
level shift = 0.001
max iter space = 12
max_memory 4000 MB
nroots = 1
pspace_size = 400
spin = None
Density matrix diagonal elements [1.99991433e+00 3.35037763e-05 5.20770439e-05 8.42225069e-08]
CASCI converged
CASCI E = -234.909325654361  E(CI) = -1.32932188187871  S^2 = 0.0000000

******** <class 'pyscf.mcscf.casci.CASCI'> ********
CAS (1e+1e, 4o), ncore = 14, nvir = 32
natorb = False
canonicalization = True
sorting_mo_energy = False
max_memory 4000 MB (current use 453 MB)
******** <class 'pyscf.fci.direct_spin1.FCISolver'> ********
max. cycles = 200
conv_tol = 1e-08
davidson only = False
linear dependence = 1e-12
level shift = 0.001
max iter space = 12
max_memory 4000 MB
nroots = 1
pspace_size = 400
spin = None
Density matrix diagonal elements [1.99990858e+00 3.39913241e-05 5.20725256e-05 5.35388792e-06]
CASCI converged
CASCI E = -234.909332329629  E(CI) = -1.32932855714685  S^2 = 0.0000000

******** <class 'pyscf.mcscf.casci.CASCI'> ********
CAS (1e+1e, 4o), ncore = 14, nvir = 32
natorb = False
canonicalization = True
sorting_mo_energy = False
max_memory 4000 MB (current use 453 MB)
******** <class 'pyscf.fci.direct_spin1.FCISolver'> ********
max. cycles = 200
conv_tol = 1e-08
davidson only = False
linear dependence = 1e-12
level shift = 0.001
max iter space = 12
max_memory 4000 MB
nroots = 1
pspace_size = 400
spin = None
Density matrix diagonal elements [1.99990398e+00 3.32103760e-05 5.20089988e-05 1.08028464e-05]
CASCI converged
CASCI E = -234.909338599199  E(CI) = -1.32933482671646  S^2 = 0.0000000

******** <class 'pyscf.mcscf.casci.CASCI'> ********
CAS (1e+1e, 4o), ncore = 14, nvir = 32
natorb = False
canonicalization = True
sorting_mo_energy = False
max_memory 4000 MB (current use 453 MB)
******** <class 'pyscf.fci.direct_spin1.FCISolver'> ********
max. cycles = 200
conv_tol = 1e-08
davidson only = False
linear dependence = 1e-12
level shift = 0.001
max iter space = 12
max_memory 4000 MB
nroots = 1
pspace_size = 400
spin = None
Density matrix diagonal elements [1.99991244e+00 3.35517903e-05 5.20787365e-05 1.93199212e-06]
CASCI converged
CASCI E = -234.909328405973  E(CI) = -1.32932463349059  S^2 = 0.0000000

******** <class 'pyscf.mcscf.casci.CASCI'> ********
CAS (1e+1e, 4o), ncore = 14, nvir = 32
natorb = False
canonicalization = True
sorting_mo_energy = False
max_memory 4000 MB (current use 453 MB)
******** <class 'pyscf.fci.direct_spin1.FCISolver'> ********
max. cycles = 200
conv_tol = 1e-08
davidson only = False
linear dependence = 1e-12
level shift = 0.001
max iter space = 12
max_memory 4000 MB
nroots = 1
pspace_size = 400
spin = None
Density matrix diagonal elements [1.99991102e+00 3.30821173e-05 5.46674508e-05 1.23035045e-06]
CASCI converged
CASCI E = -234.909328382052  E(CI) = -1.32932460956960  S^2 = 0.0000000

******** <class 'pyscf.mcscf.casci.CASCI'> ********
CAS (1e+1e, 4o), ncore = 14, nvir = 32
natorb = False
canonicalization = True
sorting_mo_energy = False
max_memory 4000 MB (current use 453 MB)
******** <class 'pyscf.fci.direct_spin1.FCISolver'> ********
max. cycles = 200
conv_tol = 1e-08
davidson only = False
linear dependence = 1e-12
level shift = 0.001
max iter space = 12
max_memory 4000 MB
nroots = 1
pspace_size = 400
spin = None
Density matrix diagonal elements [1.99991470e+00 3.31687463e-05 5.21130182e-05 1.36195045e-08]
CASCI converged
CASCI E = -234.909325289363  E(CI) = -1.32932151688064  S^2 = 0.0000000

******** <class 'pyscf.mcscf.casci.CASCI'> ********
CAS (1e+1e, 4o), ncore = 14, nvir = 32
natorb = False
canonicalization = True
sorting_mo_energy = False
max_memory 4000 MB (current use 453 MB)
******** <class 'pyscf.fci.direct_spin1.FCISolver'> ********
max. cycles = 200
conv_tol = 1e-08
davidson only = False
linear dependence = 1e-12
level shift = 0.001
max iter space = 12
max_memory 4000 MB
nroots = 1
pspace_size = 400
spin = None
Density matrix diagonal elements [1.99991399e+00 3.37415391e-05 5.20923756e-05 1.72379336e-07]
CASCI converged
CASCI E = -234.909325643030  E(CI) = -1.32932187054749  S^2 = 0.0000000

******** <class 'pyscf.mcscf.casci.CASCI'> ********
CAS (1e+1e, 4o), ncore = 14, nvir = 32
natorb = False
canonicalization = True
sorting_mo_energy = False
max_memory 4000 MB (current use 453 MB)
******** <class 'pyscf.fci.direct_spin1.FCISolver'> ********
max. cycles = 200
conv_tol = 1e-08
davidson only = False
linear dependence = 1e-12
level shift = 0.001
max iter space = 12
max_memory 4000 MB
nroots = 1
pspace_size = 400
spin = None
Density matrix diagonal elements [1.99991472e+00 3.31699645e-05 5.21145346e-05 1.94024381e-10]
CASCI converged
CASCI E = -234.909325263398  E(CI) = -1.32932149091550  S^2 = 0.0000000

******** <class 'pyscf.mcscf.casci.CASCI'> ********
CAS (1e+1e, 4o), ncore = 14, nvir = 32
natorb = False
canonicalization = True
sorting_mo_energy = False
max_memory 4000 MB (current use 453 MB)
******** <class 'pyscf.fci.direct_spin1.FCISolver'> ********
max. cycles = 200
conv_tol = 1e-08
davidson only = False
linear dependence = 1e-12
level shift = 0.001
max iter space = 12
max_memory 4000 MB
nroots = 1
pspace_size = 400
spin = None
Density matrix diagonal elements [1.99991467e+00 3.31678453e-05 5.21106935e-05 5.51881573e-08]
CASCI converged
CASCI E = -234.909325395690  E(CI) = -1.32932162320779  S^2 = 0.0000000

******** <class 'pyscf.mcscf.casci.CASCI'> ********
CAS (1e+1e, 4o), ncore = 14, nvir = 32
natorb = False
canonicalization = True
sorting_mo_energy = False
max_memory 4000 MB (current use 453 MB)
******** <class 'pyscf.fci.direct_spin1.FCISolver'> ********
max. cycles = 200
conv_tol = 1e-08
davidson only = False
linear dependence = 1e-12
level shift = 0.001
max iter space = 12
max_memory 4000 MB
nroots = 1
pspace_size = 400
spin = None
Density matrix diagonal elements [1.99991471e+00 3.31675464e-05 5.21132225e-05 1.38977308e-08]
CASCI converged
CASCI E = -234.909325296798  E(CI) = -1.32932152431508  S^2 = 0.0000000

******** <class 'pyscf.mcscf.casci.CASCI'> ********
CAS (1e+1e, 4o), ncore = 14, nvir = 32
natorb = False
canonicalization = True
sorting_mo_energy = False
max_memory 4000 MB (current use 453 MB)
******** <class 'pyscf.fci.direct_spin1.FCISolver'> ********
max. cycles = 200
conv_tol = 1e-08
davidson only = False
linear dependence = 1e-12
level shift = 0.001
max iter space = 12
max_memory 4000 MB
nroots = 1
pspace_size = 400
spin = None
Density matrix diagonal elements [1.99991417e+00 3.31265180e-05 5.24918258e-05 2.09756182e-07]
CASCI converged
CASCI E = -234.909325901906  E(CI) = -1.32932212942299  S^2 = 0.0000000

******** <class 'pyscf.mcscf.casci.CASCI'> ********
CAS (1e+1e, 4o), ncore = 14, nvir = 32
natorb = False
canonicalization = True
sorting_mo_energy = False
max_memory 4000 MB (current use 453 MB)
******** <class 'pyscf.fci.direct_spin1.FCISolver'> ********
max. cycles = 200
conv_tol = 1e-08
davidson only = False
linear dependence = 1e-12
level shift = 0.001
max iter space = 12
max_memory 4000 MB
nroots = 1
pspace_size = 400
spin = None
Density matrix diagonal elements [1.99991470e+00 3.31797377e-05 5.21122498e-05 1.02767043e-08]
CASCI converged
CASCI E = -234.909325294691  E(CI) = -1.32932152220801  S^2 = 0.0000000

******** <class 'pyscf.mcscf.casci.CASCI'> ********
CAS (1e+1e, 4o), ncore = 14, nvir = 32
natorb = False
canonicalization = True
sorting_mo_energy = False
max_memory 4000 MB (current use 453 MB)
******** <class 'pyscf.fci.direct_spin1.FCISolver'> ********
max. cycles = 200
conv_tol = 1e-08
davidson only = False
linear dependence = 1e-12
level shift = 0.001
max iter space = 12
max_memory 4000 MB
nroots = 1
pspace_size = 400
spin = None
Density matrix diagonal elements [1.99991472e+00 3.31700911e-05 5.21147865e-05 6.01075359e-12]
CASCI converged
CASCI E = -234.909325262953  E(CI) = -1.32932149047093  S^2 = 0.0000000

******** <class 'pyscf.mcscf.casci.CASCI'> ********
CAS (1e+1e, 4o), ncore = 14, nvir = 32
natorb = False
canonicalization = True
sorting_mo_energy = False
max_memory 4000 MB (current use 453 MB)
******** <class 'pyscf.fci.direct_spin1.FCISolver'> ********
max. cycles = 200
conv_tol = 1e-08
davidson only = False
linear dependence = 1e-12
level shift = 0.001
max iter space = 12
max_memory 4000 MB
nroots = 1
pspace_size = 400
spin = None
Density matrix diagonal elements [1.99991472e+00 3.31700882e-05 5.21146691e-05 6.54889777e-12]
CASCI converged
CASCI E = -234.909325262955  E(CI) = -1.32932149047292  S^2 = 0.0000000

******** <class 'pyscf.mcscf.casci.CASCI'> ********
CAS (1e+1e, 4o), ncore = 14, nvir = 32
natorb = False
canonicalization = True
sorting_mo_energy = False
max_memory 4000 MB (current use 453 MB)
******** <class 'pyscf.fci.direct_spin1.FCISolver'> ********
max. cycles = 200
conv_tol = 1e-08
davidson only = False
linear dependence = 1e-12
level shift = 0.001
max iter space = 12
max_memory 4000 MB
nroots = 1
pspace_size = 400
spin = None
Density matrix diagonal elements [1.99991472e+00 3.31700588e-05 5.21146695e-05 8.14573094e-11]
CASCI converged
CASCI E = -234.909325263268  E(CI) = -1.32932149078511  S^2 = 0.0000000

******** <class 'pyscf.mcscf.casci.CASCI'> ********
CAS (1e+1e, 4o), ncore = 14, nvir = 32
natorb = False
canonicalization = True
sorting_mo_energy = False
max_memory 4000 MB (current use 453 MB)
******** <class 'pyscf.fci.direct_spin1.FCISolver'> ********
max. cycles = 200
conv_tol = 1e-08
davidson only = False
linear dependence = 1e-12
level shift = 0.001
max iter space = 12
max_memory 4000 MB
nroots = 1
pspace_size = 400
spin = None
Density matrix diagonal elements [1.99991471e+00 3.31707076e-05 5.21230465e-05 1.10792196e-09]
CASCI converged
CASCI E = -234.909325268152  E(CI) = -1.32932149566901  S^2 = 0.0000000

******** <class 'pyscf.mcscf.casci.CASCI'> ********
CAS (1e+1e, 4o), ncore = 14, nvir = 32
natorb = False
canonicalization = True
sorting_mo_energy = False
max_memory 4000 MB (current use 453 MB)
******** <class 'pyscf.fci.direct_spin1.FCISolver'> ********
max. cycles = 200
conv_tol = 1e-08
davidson only = False
linear dependence = 1e-12
level shift = 0.001
max iter space = 12
max_memory 4000 MB
nroots = 1
pspace_size = 400
spin = None
Density matrix diagonal elements [1.99991352e+00 3.41728959e-05 5.20330349e-05 2.72356365e-07]
CASCI converged
CASCI E = -234.909326361362  E(CI) = -1.32932258887962  S^2 = 0.0000000

******** <class 'pyscf.mcscf.casci.CASCI'> ********
CAS (1e+1e, 4o), ncore = 14, nvir = 32
natorb = False
canonicalization = True
sorting_mo_energy = False
max_memory 4000 MB (current use 453 MB)
******** <class 'pyscf.fci.direct_spin1.FCISolver'> ********
max. cycles = 200
conv_tol = 1e-08
davidson only = False
linear dependence = 1e-12
level shift = 0.001
max iter space = 12
max_memory 4000 MB
nroots = 1
pspace_size = 400
spin = None
Density matrix diagonal elements [1.99991433e+00 3.35037391e-05 5.20835538e-05 8.42222717e-08]
CASCI converged
CASCI E = -234.909325660110  E(CI) = -1.32932188762774  S^2 = 0.0000000

******** <class 'pyscf.mcscf.casci.CASCI'> ********
CAS (1e+1e, 4o), ncore = 14, nvir = 32
natorb = False
canonicalization = True
sorting_mo_energy = False
max_memory 4000 MB (current use 453 MB)
******** <class 'pyscf.fci.direct_spin1.FCISolver'> ********
max. cycles = 200
conv_tol = 1e-08
davidson only = False
linear dependence = 1e-12
level shift = 0.001
max iter space = 12
max_memory 4000 MB
nroots = 1
pspace_size = 400
spin = None
Density matrix diagonal elements [1.99992864e+00 3.52470287e-05 1.53524879e-05 2.07633144e-05]
CASCI converged
CASCI E = -234.909318928629  E(CI) = -1.32931515614612  S^2 = 0.0000000

******** <class 'pyscf.mcscf.casci.CASCI'> ********
CAS (1e+1e, 4o), ncore = 14, nvir = 32
natorb = False
canonicalization = True
sorting_mo_energy = False
max_memory 4000 MB (current use 453 MB)
******** <class 'pyscf.fci.direct_spin1.FCISolver'> ********
max. cycles = 200
conv_tol = 1e-08
davidson only = False
linear dependence = 1e-12
level shift = 0.001
max iter space = 12
max_memory 4000 MB
nroots = 1
pspace_size = 400
spin = None
Density matrix diagonal elements [1.99994848e+00 3.58166709e-05 9.77368529e-06 5.93117165e-06]
CASCI converged
CASCI E = -234.909298943528  E(CI) = -1.32929517104520  S^2 = 0.0000000

******** <class 'pyscf.mcscf.casci.CASCI'> ********
CAS (1e+1e, 4o), ncore = 14, nvir = 32
natorb = False
canonicalization = True
sorting_mo_energy = False
max_memory 4000 MB (current use 453 MB)
******** <class 'pyscf.fci.direct_spin1.FCISolver'> ********
max. cycles = 200
conv_tol = 1e-08
davidson only = False
linear dependence = 1e-12
level shift = 0.001
max iter space = 12
max_memory 4000 MB
nroots = 1
pspace_size = 400
spin = None
Density matrix diagonal elements [1.99995934e+00 3.52673354e-05 5.38031620e-06 1.27253022e-08]
CASCI converged
CASCI E = -234.909286253757  E(CI) = -1.32928248127396  S^2 = 0.0000000

******** <class 'pyscf.mcscf.casci.CASCI'> ********
CAS (1e+1e, 4o), ncore = 14, nvir = 32
natorb = False
canonicalization = True
sorting_mo_energy = False
max_memory 4000 MB (current use 453 MB)
******** <class 'pyscf.fci.direct_spin1.FCISolver'> ********
max. cycles = 200
conv_tol = 1e-08
davidson only = False
linear dependence = 1e-12
level shift = 0.001
max iter space = 12
max_memory 4000 MB
nroots = 1
pspace_size = 400
spin = None
Density matrix diagonal elements [1.99995934e+00 3.52673355e-05 5.38031647e-06 1.27223446e-08]
CASCI converged
CASCI E = -234.909286253751  E(CI) = -1.32928248126828  S^2 = 0.0000000

******** <class 'pyscf.mcscf.casci.CASCI'> ********
CAS (1e+1e, 4o), ncore = 14, nvir = 32
natorb = False
canonicalization = True
sorting_mo_energy = False
max_memory 4000 MB (current use 453 MB)
******** <class 'pyscf.fci.direct_spin1.FCISolver'> ********
max. cycles = 200
conv_tol = 1e-08
davidson only = False
linear dependence = 1e-12
level shift = 0.001
max iter space = 12
max_memory 4000 MB
nroots = 1
pspace_size = 400
spin = None
Density matrix diagonal elements [1.99995858e+00 3.58516787e-05 5.38679537e-06 1.85095073e-07]
CASCI converged
CASCI E = -234.909286646470  E(CI) = -1.32928287398761  S^2 = 0.0000000

******** <class 'pyscf.mcscf.casci.CASCI'> ********
CAS (1e+1e, 4o), ncore = 14, nvir = 32
natorb = False
canonicalization = True
sorting_mo_energy = False
max_memory 4000 MB (current use 453 MB)
******** <class 'pyscf.fci.direct_spin1.FCISolver'> ********
max. cycles = 200
conv_tol = 1e-08
davidson only = False
linear dependence = 1e-12
level shift = 0.001
max iter space = 12
max_memory 4000 MB
nroots = 1
pspace_size = 400
spin = None
Density matrix diagonal elements [1.99995935e+00 3.52684438e-05 5.38252262e-06 1.32323958e-10]
CASCI converged
CASCI E = -234.909286229379  E(CI) = -1.32928245689624  S^2 = 0.0000000

******** <class 'pyscf.mcscf.casci.CASCI'> ********
CAS (1e+1e, 4o), ncore = 14, nvir = 32
natorb = False
canonicalization = True
sorting_mo_energy = False
max_memory 4000 MB (current use 453 MB)
******** <class 'pyscf.fci.direct_spin1.FCISolver'> ********
max. cycles = 200
conv_tol = 1e-08
davidson only = False
linear dependence = 1e-12
level shift = 0.001
max iter space = 12
max_memory 4000 MB
nroots = 1
pspace_size = 400
spin = None
Density matrix diagonal elements [1.99995930e+00 3.52666225e-05 5.37818017e-06 5.41799305e-08]
CASCI converged
CASCI E = -234.909286359392  E(CI) = -1.32928258690902  S^2 = 0.0000000

******** <class 'pyscf.mcscf.casci.CASCI'> ********
CAS (1e+1e, 4o), ncore = 14, nvir = 32
natorb = False
canonicalization = True
sorting_mo_energy = False
max_memory 4000 MB (current use 453 MB)
******** <class 'pyscf.fci.direct_spin1.FCISolver'> ********
max. cycles = 200
conv_tol = 1e-08
davidson only = False
linear dependence = 1e-12
level shift = 0.001
max iter space = 12
max_memory 4000 MB
nroots = 1
pspace_size = 400
spin = None
Density matrix diagonal elements [1.99995934e+00 3.52658757e-05 5.37856690e-06 1.20907141e-08]
CASCI converged
CASCI E = -234.909286258522  E(CI) = -1.32928248603980  S^2 = 0.0000000

******** <class 'pyscf.mcscf.casci.CASCI'> ********
CAS (1e+1e, 4o), ncore = 14, nvir = 32
natorb = False
canonicalization = True
sorting_mo_energy = False
max_memory 4000 MB (current use 453 MB)
******** <class 'pyscf.fci.direct_spin1.FCISolver'> ********
max. cycles = 200
conv_tol = 1e-08
davidson only = False
linear dependence = 1e-12
level shift = 0.001
max iter space = 12
max_memory 4000 MB
nroots = 1
pspace_size = 400
spin = None
Density matrix diagonal elements [1.99995934e+00 3.52658757e-05 5.37856684e-06 1.20910124e-08]
CASCI converged
CASCI E = -234.909286258523  E(CI) = -1.32928248604057  S^2 = 0.0000000

******** <class 'pyscf.mcscf.casci.CASCI'> ********
CAS (1e+1e, 4o), ncore = 14, nvir = 32
natorb = False
canonicalization = True
sorting_mo_energy = False
max_memory 4000 MB (current use 453 MB)
******** <class 'pyscf.fci.direct_spin1.FCISolver'> ********
max. cycles = 200
conv_tol = 1e-08
davidson only = False
linear dependence = 1e-12
level shift = 0.001
max iter space = 12
max_memory 4000 MB
nroots = 1
pspace_size = 400
spin = None
Density matrix diagonal elements [1.99995871e+00 3.52908716e-05 5.79957546e-06 2.03946881e-07]
CASCI converged
CASCI E = -234.909287103110  E(CI) = -1.32928333062702  S^2 = 0.0000000

******** <class 'pyscf.mcscf.casci.CASCI'> ********
CAS (1e+1e, 4o), ncore = 14, nvir = 32
natorb = False
canonicalization = True
sorting_mo_energy = False
max_memory 4000 MB (current use 453 MB)
******** <class 'pyscf.fci.direct_spin1.FCISolver'> ********
max. cycles = 200
conv_tol = 1e-08
davidson only = False
linear dependence = 1e-12
level shift = 0.001
max iter space = 12
max_memory 4000 MB
nroots = 1
pspace_size = 400
spin = None
Density matrix diagonal elements [1.99995935e+00 3.52685390e-05 5.38286395e-06 1.86560618e-11]
CASCI converged
CASCI E = -234.909286229130  E(CI) = -1.32928245664769  S^2 = 0.0000000

******** <class 'pyscf.mcscf.casci.CASCI'> ********
CAS (1e+1e, 4o), ncore = 14, nvir = 32
natorb = False
canonicalization = True
sorting_mo_energy = False
max_memory 4000 MB (current use 453 MB)
******** <class 'pyscf.fci.direct_spin1.FCISolver'> ********
max. cycles = 200
conv_tol = 1e-08
davidson only = False
linear dependence = 1e-12
level shift = 0.001
max iter space = 12
max_memory 4000 MB
nroots = 1
pspace_size = 400
spin = None
Density matrix diagonal elements [1.99995935e+00 3.52685398e-05 5.38273153e-06 4.28967512e-13]
CASCI converged
CASCI E = -234.909286229062  E(CI) = -1.32928245657953  S^2 = 0.0000000

******** <class 'pyscf.mcscf.casci.CASCI'> ********
CAS (1e+1e, 4o), ncore = 14, nvir = 32
natorb = False
canonicalization = True
sorting_mo_energy = False
max_memory 4000 MB (current use 453 MB)
******** <class 'pyscf.fci.direct_spin1.FCISolver'> ********
max. cycles = 200
conv_tol = 1e-08
davidson only = False
linear dependence = 1e-12
level shift = 0.001
max iter space = 12
max_memory 4000 MB
nroots = 1
pspace_size = 400
spin = None
Density matrix diagonal elements [1.99995935e+00 3.52685330e-05 5.38264960e-06 4.13984103e-12]
CASCI converged
CASCI E = -234.909286229078  E(CI) = -1.32928245659508  S^2 = 0.0000000

******** <class 'pyscf.mcscf.casci.CASCI'> ********
CAS (1e+1e, 4o), ncore = 14, nvir = 32
natorb = False
canonicalization = True
sorting_mo_energy = False
max_memory 4000 MB (current use 453 MB)
******** <class 'pyscf.fci.direct_spin1.FCISolver'> ********
max. cycles = 200
conv_tol = 1e-08
davidson only = False
linear dependence = 1e-12
level shift = 0.001
max iter space = 12
max_memory 4000 MB
nroots = 1
pspace_size = 400
spin = None
Density matrix diagonal elements [1.99995935e+00 3.52685330e-05 5.38264959e-06 4.14024814e-12]
CASCI converged
CASCI E = -234.909286229078  E(CI) = -1.32928245659508  S^2 = 0.0000000

******** <class 'pyscf.mcscf.casci.CASCI'> ********
CAS (1e+1e, 4o), ncore = 14, nvir = 32
natorb = False
canonicalization = True
sorting_mo_energy = False
max_memory 4000 MB (current use 453 MB)
******** <class 'pyscf.fci.direct_spin1.FCISolver'> ********
max. cycles = 200
conv_tol = 1e-08
davidson only = False
linear dependence = 1e-12
level shift = 0.001
max iter space = 12
max_memory 4000 MB
nroots = 1
pspace_size = 400
spin = None
Density matrix diagonal elements [1.99995804e+00 3.63094576e-05 5.36506199e-06 2.84202545e-07]
CASCI converged
CASCI E = -234.909287376946  E(CI) = -1.32928360446309  S^2 = 0.0000000

******** <class 'pyscf.mcscf.casci.CASCI'> ********
CAS (1e+1e, 4o), ncore = 14, nvir = 32
natorb = False
canonicalization = True
sorting_mo_energy = False
max_memory 4000 MB (current use 453 MB)
******** <class 'pyscf.fci.direct_spin1.FCISolver'> ********
max. cycles = 200
conv_tol = 1e-08
davidson only = False
linear dependence = 1e-12
level shift = 0.001
max iter space = 12
max_memory 4000 MB
nroots = 1
pspace_size = 400
spin = None
Density matrix diagonal elements [1.99995890e+00 3.56140879e-05 5.38801139e-06 9.55289340e-08]
CASCI converged
CASCI E = -234.909286693310  E(CI) = -1.32928292082786  S^2 = 0.0000000

******** <class 'pyscf.mcscf.casci.CASCI'> ********
CAS (1e+1e, 4o), ncore = 14, nvir = 32
natorb = False
canonicalization = True
sorting_mo_energy = False
max_memory 4000 MB (current use 453 MB)
******** <class 'pyscf.fci.direct_spin1.FCISolver'> ********
max. cycles = 200
conv_tol = 1e-08
davidson only = False
linear dependence = 1e-12
level shift = 0.001
max iter space = 12
max_memory 4000 MB
nroots = 1
pspace_size = 400
spin = None
Density matrix diagonal elements [1.99993708e+00 3.47420023e-05 1.92396406e-05 8.93643351e-06]
CASCI converged
CASCI E = -234.909311061576  E(CI) = -1.32930728909332  S^2 = 0.0000000

******** <class 'pyscf.mcscf.casci.CASCI'> ********
CAS (1e+1e, 4o), ncore = 14, nvir = 32
natorb = False
canonicalization = True
sorting_mo_energy = False
max_memory 4000 MB (current use 453 MB)
******** <class 'pyscf.fci.direct_spin1.FCISolver'> ********
max. cycles = 200
conv_tol = 1e-08
davidson only = False
linear dependence = 1e-12
level shift = 0.001
max iter space = 12
max_memory 4000 MB
nroots = 1
pspace_size = 400
spin = None
Density matrix diagonal elements [1.99995468e+00 3.44220736e-05 1.08906349e-05 1.21752758e-08]
CASCI converged
CASCI E = -234.909292579731  E(CI) = -1.32928880724859  S^2 = 0.0000000

******** <class 'pyscf.mcscf.casci.CASCI'> ********
CAS (1e+1e, 4o), ncore = 14, nvir = 32
natorb = False
canonicalization = True
sorting_mo_energy = False
max_memory 4000 MB (current use 453 MB)
******** <class 'pyscf.fci.direct_spin1.FCISolver'> ********
max. cycles = 200
conv_tol = 1e-08
davidson only = False
linear dependence = 1e-12
level shift = 0.001
max iter space = 12
max_memory 4000 MB
nroots = 1
pspace_size = 400
spin = None
Density matrix diagonal elements [1.99995468e+00 3.44220737e-05 1.08906353e-05 1.21723947e-08]
CASCI converged
CASCI E = -234.909292579726  E(CI) = -1.32928880724305  S^2 = 0.0000000

******** <class 'pyscf.mcscf.casci.CASCI'> ********
CAS (1e+1e, 4o), ncore = 14, nvir = 32
natorb = False
canonicalization = True
sorting_mo_energy = False
max_memory 4000 MB (current use 453 MB)
******** <class 'pyscf.fci.direct_spin1.FCISolver'> ********
max. cycles = 200
conv_tol = 1e-08
davidson only = False
linear dependence = 1e-12
level shift = 0.001
max iter space = 12
max_memory 4000 MB
nroots = 1
pspace_size = 400
spin = None
Density matrix diagonal elements [1.99995390e+00 3.48940640e-05 1.09908535e-05 2.10802203e-07]
CASCI converged
CASCI E = -234.909293068233  E(CI) = -1.32928929575064  S^2 = 0.0000000

******** <class 'pyscf.mcscf.casci.CASCI'> ********
CAS (1e+1e, 4o), ncore = 14, nvir = 32
natorb = False
canonicalization = True
sorting_mo_energy = False
max_memory 4000 MB (current use 453 MB)
******** <class 'pyscf.fci.direct_spin1.FCISolver'> ********
max. cycles = 200
conv_tol = 1e-08
davidson only = False
linear dependence = 1e-12
level shift = 0.001
max iter space = 12
max_memory 4000 MB
nroots = 1
pspace_size = 400
spin = None
Density matrix diagonal elements [1.99995468e+00 3.44229804e-05 1.08940118e-05 2.10956620e-10]
CASCI converged
CASCI E = -234.909292556610  E(CI) = -1.32928878412741  S^2 = 0.0000000

******** <class 'pyscf.mcscf.casci.CASCI'> ********
CAS (1e+1e, 4o), ncore = 14, nvir = 32
natorb = False
canonicalization = True
sorting_mo_energy = False
max_memory 4000 MB (current use 453 MB)
******** <class 'pyscf.fci.direct_spin1.FCISolver'> ********
max. cycles = 200
conv_tol = 1e-08
davidson only = False
linear dependence = 1e-12
level shift = 0.001
max iter space = 12
max_memory 4000 MB
nroots = 1
pspace_size = 400
spin = None
Density matrix diagonal elements [1.99995463e+00 3.44206981e-05 1.08920360e-05 5.55947460e-08]
CASCI converged
CASCI E = -234.909292689839  E(CI) = -1.32928891735654  S^2 = 0.0000000

******** <class 'pyscf.mcscf.casci.CASCI'> ********
CAS (1e+1e, 4o), ncore = 14, nvir = 32
natorb = False
canonicalization = True
sorting_mo_energy = False
max_memory 4000 MB (current use 453 MB)
******** <class 'pyscf.fci.direct_spin1.FCISolver'> ********
max. cycles = 200
conv_tol = 1e-08
davidson only = False
linear dependence = 1e-12
level shift = 0.001
max iter space = 12
max_memory 4000 MB
nroots = 1
pspace_size = 400
spin = None
Density matrix diagonal elements [1.99995467e+00 3.44208344e-05 1.08921854e-05 1.34967153e-08]
CASCI converged
CASCI E = -234.909292588992  E(CI) = -1.32928881650901  S^2 = 0.0000000

******** <class 'pyscf.mcscf.casci.CASCI'> ********
CAS (1e+1e, 4o), ncore = 14, nvir = 32
natorb = False
canonicalization = True
sorting_mo_energy = False
max_memory 4000 MB (current use 453 MB)
******** <class 'pyscf.fci.direct_spin1.FCISolver'> ********
max. cycles = 200
conv_tol = 1e-08
davidson only = False
linear dependence = 1e-12
level shift = 0.001
max iter space = 12
max_memory 4000 MB
nroots = 1
pspace_size = 400
spin = None
Density matrix diagonal elements [1.99995467e+00 3.44208343e-05 1.08921854e-05 1.34970378e-08]
CASCI converged
CASCI E = -234.909292588992  E(CI) = -1.32928881650980  S^2 = 0.0000000

******** <class 'pyscf.mcscf.casci.CASCI'> ********
CAS (1e+1e, 4o), ncore = 14, nvir = 32
natorb = False
canonicalization = True
sorting_mo_energy = False
max_memory 4000 MB (current use 453 MB)
******** <class 'pyscf.fci.direct_spin1.FCISolver'> ********
max. cycles = 200
conv_tol = 1e-08
davidson only = False
linear dependence = 1e-12
level shift = 0.001
max iter space = 12
max_memory 4000 MB
nroots = 1
pspace_size = 400
spin = None
Density matrix diagonal elements [1.99995444e+00 3.44431747e-05 1.09950528e-05 1.23259621e-07]
CASCI converged
CASCI E = -234.909293062961  E(CI) = -1.32928929047841  S^2 = 0.0000000

******** <class 'pyscf.mcscf.casci.CASCI'> ********
CAS (1e+1e, 4o), ncore = 14, nvir = 32
natorb = False
canonicalization = True
sorting_mo_energy = False
max_memory 4000 MB (current use 453 MB)
******** <class 'pyscf.fci.direct_spin1.FCISolver'> ********
max. cycles = 200
conv_tol = 1e-08
davidson only = False
linear dependence = 1e-12
level shift = 0.001
max iter space = 12
max_memory 4000 MB
nroots = 1
pspace_size = 400
spin = None
Density matrix diagonal elements [1.99995468e+00 3.44231321e-05 1.08941448e-05 3.20125084e-13]
CASCI converged
CASCI E = -234.909292556104  E(CI) = -1.32928878362119  S^2 = 0.0000000

******** <class 'pyscf.mcscf.casci.CASCI'> ********
CAS (1e+1e, 4o), ncore = 14, nvir = 32
natorb = False
canonicalization = True
sorting_mo_energy = False
max_memory 4000 MB (current use 453 MB)
******** <class 'pyscf.fci.direct_spin1.FCISolver'> ********
max. cycles = 200
conv_tol = 1e-08
davidson only = False
linear dependence = 1e-12
level shift = 0.001
max iter space = 12
max_memory 4000 MB
nroots = 1
pspace_size = 400
spin = None
Density matrix diagonal elements [1.99995468e+00 3.44231283e-05 1.08941165e-05 1.92637204e-11]
CASCI converged
CASCI E = -234.909292556175  E(CI) = -1.32928878369196  S^2 = 0.0000000

******** <class 'pyscf.mcscf.casci.CASCI'> ********
CAS (1e+1e, 4o), ncore = 14, nvir = 32
natorb = False
canonicalization = True
sorting_mo_energy = False
max_memory 4000 MB (current use 453 MB)
******** <class 'pyscf.fci.direct_spin1.FCISolver'> ********
max. cycles = 200
conv_tol = 1e-08
davidson only = False
linear dependence = 1e-12
level shift = 0.001
max iter space = 12
max_memory 4000 MB
nroots = 1
pspace_size = 400
spin = None
Density matrix diagonal elements [1.99995468e+00 3.44231179e-05 1.08939803e-05 2.83139993e-11]
CASCI converged
CASCI E = -234.909292556220  E(CI) = -1.32928878373698  S^2 = 0.0000000

******** <class 'pyscf.mcscf.casci.CASCI'> ********
CAS (1e+1e, 4o), ncore = 14, nvir = 32
natorb = False
canonicalization = True
sorting_mo_energy = False
max_memory 4000 MB (current use 453 MB)
******** <class 'pyscf.fci.direct_spin1.FCISolver'> ********
max. cycles = 200
conv_tol = 1e-08
davidson only = False
linear dependence = 1e-12
level shift = 0.001
max iter space = 12
max_memory 4000 MB
nroots = 1
pspace_size = 400
spin = None
Density matrix diagonal elements [1.99995468e+00 3.44231179e-05 1.08939803e-05 2.83150267e-11]
CASCI converged
CASCI E = -234.909292556220  E(CI) = -1.32928878373701  S^2 = 0.0000000

******** <class 'pyscf.mcscf.casci.CASCI'> ********
CAS (1e+1e, 4o), ncore = 14, nvir = 32
natorb = False
canonicalization = True
sorting_mo_energy = False
max_memory 4000 MB (current use 453 MB)
******** <class 'pyscf.fci.direct_spin1.FCISolver'> ********
max. cycles = 200
conv_tol = 1e-08
davidson only = False
linear dependence = 1e-12
level shift = 0.001
max iter space = 12
max_memory 4000 MB
nroots = 1
pspace_size = 400
spin = None
Density matrix diagonal elements [1.99995329e+00 3.54973675e-05 1.09007455e-05 3.08946002e-07]
CASCI converged
CASCI E = -234.909293833861  E(CI) = -1.32929006137866  S^2 = 0.0000000

******** <class 'pyscf.mcscf.casci.CASCI'> ********
CAS (1e+1e, 4o), ncore = 14, nvir = 32
natorb = False
canonicalization = True
sorting_mo_energy = False
max_memory 4000 MB (current use 453 MB)
******** <class 'pyscf.fci.direct_spin1.FCISolver'> ********
max. cycles = 200
conv_tol = 1e-08
davidson only = False
linear dependence = 1e-12
level shift = 0.001
max iter space = 12
max_memory 4000 MB
nroots = 1
pspace_size = 400
spin = None
Density matrix diagonal elements [1.99995427e+00 3.47653538e-05 1.08785863e-05 8.66583989e-08]
CASCI converged
CASCI E = -234.909292966069  E(CI) = -1.32928919358667  S^2 = 0.0000000

******** <class 'pyscf.mcscf.casci.CASCI'> ********
CAS (1e+1e, 4o), ncore = 14, nvir = 32
natorb = False
canonicalization = True
sorting_mo_energy = False
max_memory 4000 MB (current use 453 MB)
******** <class 'pyscf.fci.direct_spin1.FCISolver'> ********
max. cycles = 200
conv_tol = 1e-08
davidson only = False
linear dependence = 1e-12
level shift = 0.001
max iter space = 12
max_memory 4000 MB
nroots = 1
pspace_size = 400
spin = None
Density matrix diagonal elements [1.99996322e+00 3.48211374e-05 1.95049843e-06 1.24944763e-08]
CASCI converged
CASCI E = -234.909282324417  E(CI) = -1.32927855193469  S^2 = 0.0000000

******** <class 'pyscf.mcscf.casci.CASCI'> ********
CAS (1e+1e, 4o), ncore = 14, nvir = 32
natorb = False
canonicalization = True
sorting_mo_energy = False
max_memory 4000 MB (current use 453 MB)
******** <class 'pyscf.fci.direct_spin1.FCISolver'> ********
max. cycles = 200
conv_tol = 1e-08
davidson only = False
linear dependence = 1e-12
level shift = 0.001
max iter space = 12
max_memory 4000 MB
nroots = 1
pspace_size = 400
spin = None
Density matrix diagonal elements [1.99996322e+00 3.48211376e-05 1.95049869e-06 1.24915540e-08]
CASCI converged
CASCI E = -234.909282324412  E(CI) = -1.32927855192906  S^2 = 0.0000000

******** <class 'pyscf.mcscf.casci.CASCI'> ********
CAS (1e+1e, 4o), ncore = 14, nvir = 32
natorb = False
canonicalization = True
sorting_mo_energy = False
max_memory 4000 MB (current use 453 MB)
******** <class 'pyscf.fci.direct_spin1.FCISolver'> ********
max. cycles = 200
conv_tol = 1e-08
davidson only = False
linear dependence = 1e-12
level shift = 0.001
max iter space = 12
max_memory 4000 MB
nroots = 1
pspace_size = 400
spin = None
Density matrix diagonal elements [1.99996245e+00 3.54059351e-05 1.95871083e-06 1.88957247e-07]
CASCI converged
CASCI E = -234.909282732081  E(CI) = -1.32927895959847  S^2 = 0.0000000

******** <class 'pyscf.mcscf.casci.CASCI'> ********
CAS (1e+1e, 4o), ncore = 14, nvir = 32
natorb = False
canonicalization = True
sorting_mo_energy = False
max_memory 4000 MB (current use 453 MB)
******** <class 'pyscf.fci.direct_spin1.FCISolver'> ********
max. cycles = 200
conv_tol = 1e-08
davidson only = False
linear dependence = 1e-12
level shift = 0.001
max iter space = 12
max_memory 4000 MB
nroots = 1
pspace_size = 400
spin = None
Density matrix diagonal elements [1.99996322e+00 3.48223656e-05 1.95266805e-06 2.32938094e-10]
CASCI converged
CASCI E = -234.909282300730  E(CI) = -1.32927852824773  S^2 = 0.0000000

******** <class 'pyscf.mcscf.casci.CASCI'> ********
CAS (1e+1e, 4o), ncore = 14, nvir = 32
natorb = False
canonicalization = True
sorting_mo_energy = False
max_memory 4000 MB (current use 453 MB)
******** <class 'pyscf.fci.direct_spin1.FCISolver'> ********
max. cycles = 200
conv_tol = 1e-08
davidson only = False
linear dependence = 1e-12
level shift = 0.001
max iter space = 12
max_memory 4000 MB
nroots = 1
pspace_size = 400
spin = None
Density matrix diagonal elements [1.99996317e+00 3.48203703e-05 1.95161391e-06 5.59433099e-08]
CASCI converged
CASCI E = -234.909282434744  E(CI) = -1.32927866226163  S^2 = 0.0000000

******** <class 'pyscf.mcscf.casci.CASCI'> ********
CAS (1e+1e, 4o), ncore = 14, nvir = 32
natorb = False
canonicalization = True
sorting_mo_energy = False
max_memory 4000 MB (current use 453 MB)
******** <class 'pyscf.fci.direct_spin1.FCISolver'> ********
max. cycles = 200
conv_tol = 1e-08
davidson only = False
linear dependence = 1e-12
level shift = 0.001
max iter space = 12
max_memory 4000 MB
nroots = 1
pspace_size = 400
spin = None
Density matrix diagonal elements [1.99996321e+00 3.48198532e-05 1.95197664e-06 1.39416949e-08]
CASCI converged
CASCI E = -234.909282334143  E(CI) = -1.32927856166074  S^2 = 0.0000000

******** <class 'pyscf.mcscf.casci.CASCI'> ********
CAS (1e+1e, 4o), ncore = 14, nvir = 32
natorb = False
canonicalization = True
sorting_mo_energy = False
max_memory 4000 MB (current use 453 MB)
******** <class 'pyscf.fci.direct_spin1.FCISolver'> ********
max. cycles = 200
conv_tol = 1e-08
davidson only = False
linear dependence = 1e-12
level shift = 0.001
max iter space = 12
max_memory 4000 MB
nroots = 1
pspace_size = 400
spin = None
Density matrix diagonal elements [1.99996321e+00 3.48198532e-05 1.95197663e-06 1.39420208e-08]
CASCI converged
CASCI E = -234.909282334144  E(CI) = -1.32927856166157  S^2 = 0.0000000

******** <class 'pyscf.mcscf.casci.CASCI'> ********
CAS (1e+1e, 4o), ncore = 14, nvir = 32
natorb = False
canonicalization = True
sorting_mo_energy = False
max_memory 4000 MB (current use 453 MB)
******** <class 'pyscf.fci.direct_spin1.FCISolver'> ********
max. cycles = 200
conv_tol = 1e-08
davidson only = False
linear dependence = 1e-12
level shift = 0.001
max iter space = 12
max_memory 4000 MB
nroots = 1
pspace_size = 400
spin = None
Density matrix diagonal elements [1.99996292e+00 3.48433366e-05 2.12551862e-06 1.11198857e-07]
CASCI converged
CASCI E = -234.909282786541  E(CI) = -1.32927901405864  S^2 = 0.0000000

******** <class 'pyscf.mcscf.casci.CASCI'> ********
CAS (1e+1e, 4o), ncore = 14, nvir = 32
natorb = False
canonicalization = True
sorting_mo_energy = False
max_memory 4000 MB (current use 453 MB)
******** <class 'pyscf.fci.direct_spin1.FCISolver'> ********
max. cycles = 200
conv_tol = 1e-08
davidson only = False
linear dependence = 1e-12
level shift = 0.001
max iter space = 12
max_memory 4000 MB
nroots = 1
pspace_size = 400
spin = None
Density matrix diagonal elements [1.99996322e+00 3.48225044e-05 1.95274175e-06 9.67358513e-14]
CASCI converged
CASCI E = -234.909282300170  E(CI) = -1.32927852768779  S^2 = 0.0000000

******** <class 'pyscf.mcscf.casci.CASCI'> ********
CAS (1e+1e, 4o), ncore = 14, nvir = 32
natorb = False
canonicalization = True
sorting_mo_energy = False
max_memory 4000 MB (current use 453 MB)
******** <class 'pyscf.fci.direct_spin1.FCISolver'> ********
max. cycles = 200
conv_tol = 1e-08
davidson only = False
linear dependence = 1e-12
level shift = 0.001
max iter space = 12
max_memory 4000 MB
nroots = 1
pspace_size = 400
spin = None
Density matrix diagonal elements [1.99996322e+00 3.48225001e-05 1.95272627e-06 2.15494765e-11]
CASCI converged
CASCI E = -234.909282300250  E(CI) = -1.32927852776794  S^2 = 0.0000000

******** <class 'pyscf.mcscf.casci.CASCI'> ********
CAS (1e+1e, 4o), ncore = 14, nvir = 32
natorb = False
canonicalization = True
sorting_mo_energy = False
max_memory 4000 MB (current use 453 MB)
******** <class 'pyscf.fci.direct_spin1.FCISolver'> ********
max. cycles = 200
conv_tol = 1e-08
davidson only = False
linear dependence = 1e-12
level shift = 0.001
max iter space = 12
max_memory 4000 MB
nroots = 1
pspace_size = 400
spin = None
Density matrix diagonal elements [1.99996322e+00 3.48224803e-05 1.95265029e-06 5.39357985e-11]
CASCI converged
CASCI E = -234.909282300393  E(CI) = -1.32927852791033  S^2 = 0.0000000

******** <class 'pyscf.mcscf.casci.CASCI'> ********
CAS (1e+1e, 4o), ncore = 14, nvir = 32
natorb = False
canonicalization = True
sorting_mo_energy = False
max_memory 4000 MB (current use 453 MB)
******** <class 'pyscf.fci.direct_spin1.FCISolver'> ********
max. cycles = 200
conv_tol = 1e-08
davidson only = False
linear dependence = 1e-12
level shift = 0.001
max iter space = 12
max_memory 4000 MB
nroots = 1
pspace_size = 400
spin = None
Density matrix diagonal elements [1.99996322e+00 3.48224803e-05 1.95265029e-06 5.39372654e-11]
CASCI converged
CASCI E = -234.909282300393  E(CI) = -1.32927852791033  S^2 = 0.0000000

******** <class 'pyscf.mcscf.casci.CASCI'> ********
CAS (1e+1e, 4o), ncore = 14, nvir = 32
natorb = False
canonicalization = True
sorting_mo_energy = False
max_memory 4000 MB (current use 453 MB)
******** <class 'pyscf.fci.direct_spin1.FCISolver'> ********
max. cycles = 200
conv_tol = 1e-08
davidson only = False
linear dependence = 1e-12
level shift = 0.001
max iter space = 12
max_memory 4000 MB
nroots = 1
pspace_size = 400
spin = None
Density matrix diagonal elements [1.99996181e+00 3.59028177e-05 1.98218036e-06 3.09950163e-07]
CASCI converged
CASCI E = -234.909283572533  E(CI) = -1.32927980005056  S^2 = 0.0000000

******** <class 'pyscf.mcscf.casci.CASCI'> ********
CAS (1e+1e, 4o), ncore = 14, nvir = 32
natorb = False
canonicalization = True
sorting_mo_energy = False
max_memory 4000 MB (current use 453 MB)
******** <class 'pyscf.fci.direct_spin1.FCISolver'> ********
max. cycles = 200
conv_tol = 1e-08
davidson only = False
linear dependence = 1e-12
level shift = 0.001
max iter space = 12
max_memory 4000 MB
nroots = 1
pspace_size = 400
spin = None
Density matrix diagonal elements [1.99996278e+00 3.51777089e-05 1.95083117e-06 8.96817954e-08]
CASCI converged
CASCI E = -234.909282723720  E(CI) = -1.32927895123697  S^2 = 0.0000000

******** <class 'pyscf.mcscf.casci.CASCI'> ********
CAS (1e+1e, 4o), ncore = 14, nvir = 32
natorb = False
canonicalization = True
sorting_mo_energy = False
max_memory 4000 MB (current use 453 MB)
******** <class 'pyscf.fci.direct_spin1.FCISolver'> ********
max. cycles = 200
conv_tol = 1e-08
davidson only = False
linear dependence = 1e-12
level shift = 0.001
max iter space = 12
max_memory 4000 MB
nroots = 1
pspace_size = 400
spin = None
Density matrix diagonal elements [1.99996553e+00 3.44460086e-05 1.42392732e-08 1.42361357e-08]
CASCI converged
CASCI E = -234.909279180697  E(CI) = -1.32927540821470  S^2 = 0.0000000

******** <class 'pyscf.mcscf.casci.CASCI'> ********
CAS (1e+1e, 4o), ncore = 14, nvir = 32
natorb = False
canonicalization = True
sorting_mo_energy = False
max_memory 4000 MB (current use 453 MB)
******** <class 'pyscf.fci.direct_spin1.FCISolver'> ********
max. cycles = 200
conv_tol = 1e-08
davidson only = False
linear dependence = 1e-12
level shift = 0.001
max iter space = 12
max_memory 4000 MB
nroots = 1
pspace_size = 400
spin = None
Density matrix diagonal elements [1.99996476e+00 3.50434877e-05 1.41367375e-08 1.81348451e-07]
CASCI converged
CASCI E = -234.909279552721  E(CI) = -1.32927578023887  S^2 = 0.0000000

******** <class 'pyscf.mcscf.casci.CASCI'> ********
CAS (1e+1e, 4o), ncore = 14, nvir = 32
natorb = False
canonicalization = True
sorting_mo_energy = False
max_memory 4000 MB (current use 453 MB)
******** <class 'pyscf.fci.direct_spin1.FCISolver'> ********
max. cycles = 200
conv_tol = 1e-08
davidson only = False
linear dependence = 1e-12
level shift = 0.001
max iter space = 12
max_memory 4000 MB
nroots = 1
pspace_size = 400
spin = None
Density matrix diagonal elements [1.99996554e+00 3.44472529e-05 1.44123271e-08 2.81719825e-10]
CASCI converged
CASCI E = -234.909279153747  E(CI) = -1.32927538126475  S^2 = 0.0000000

******** <class 'pyscf.mcscf.casci.CASCI'> ********
CAS (1e+1e, 4o), ncore = 14, nvir = 32
natorb = False
canonicalization = True
sorting_mo_energy = False
max_memory 4000 MB (current use 453 MB)
******** <class 'pyscf.fci.direct_spin1.FCISolver'> ********
max. cycles = 200
conv_tol = 1e-08
davidson only = False
linear dependence = 1e-12
level shift = 0.001
max iter space = 12
max_memory 4000 MB
nroots = 1
pspace_size = 400
spin = None
Density matrix diagonal elements [1.99996548e+00 3.44450501e-05 1.43927965e-08 5.66653240e-08]
CASCI converged
CASCI E = -234.909279289381  E(CI) = -1.32927551689849  S^2 = 0.0000000

******** <class 'pyscf.mcscf.casci.CASCI'> ********
CAS (1e+1e, 4o), ncore = 14, nvir = 32
natorb = False
canonicalization = True
sorting_mo_energy = False
max_memory 4000 MB (current use 453 MB)
******** <class 'pyscf.fci.direct_spin1.FCISolver'> ********
max. cycles = 200
conv_tol = 1e-08
davidson only = False
linear dependence = 1e-12
level shift = 0.001
max iter space = 12
max_memory 4000 MB
nroots = 1
pspace_size = 400
spin = None
Density matrix diagonal elements [1.99996553e+00 3.44447609e-05 1.44018407e-08 1.44404826e-08]
CASCI converged
CASCI E = -234.909279188259  E(CI) = -1.32927541577601  S^2 = 0.0000000

******** <class 'pyscf.mcscf.casci.CASCI'> ********
CAS (1e+1e, 4o), ncore = 14, nvir = 32
natorb = False
canonicalization = True
sorting_mo_energy = False
max_memory 4000 MB (current use 453 MB)
******** <class 'pyscf.fci.direct_spin1.FCISolver'> ********
max. cycles = 200
conv_tol = 1e-08
davidson only = False
linear dependence = 1e-12
level shift = 0.001
max iter space = 12
max_memory 4000 MB
nroots = 1
pspace_size = 400
spin = None
Density matrix diagonal elements [1.99996552e+00 3.44438288e-05 1.76888013e-08 1.79739597e-08]
CASCI converged
CASCI E = -234.909279203007  E(CI) = -1.32927543052472  S^2 = 0.0000000

******** <class 'pyscf.mcscf.casci.CASCI'> ********
CAS (1e+1e, 4o), ncore = 14, nvir = 32
natorb = False
canonicalization = True
sorting_mo_energy = False
max_memory 4000 MB (current use 453 MB)
******** <class 'pyscf.fci.direct_spin1.FCISolver'> ********
max. cycles = 200
conv_tol = 1e-08
davidson only = False
linear dependence = 1e-12
level shift = 0.001
max iter space = 12
max_memory 4000 MB
nroots = 1
pspace_size = 400
spin = None
Density matrix diagonal elements [1.99996552e+00 3.44579970e-05 1.43405549e-08 1.09533397e-08]
CASCI converged
CASCI E = -234.909279186923  E(CI) = -1.32927541444010  S^2 = 0.0000000

******** <class 'pyscf.mcscf.casci.CASCI'> ********
CAS (1e+1e, 4o), ncore = 14, nvir = 32
natorb = False
canonicalization = True
sorting_mo_energy = False
max_memory 4000 MB (current use 453 MB)
******** <class 'pyscf.fci.direct_spin1.FCISolver'> ********
max. cycles = 200
conv_tol = 1e-08
davidson only = False
linear dependence = 1e-12
level shift = 0.001
max iter space = 12
max_memory 4000 MB
nroots = 1
pspace_size = 400
spin = None
Density matrix diagonal elements [1.99996554e+00 3.44474209e-05 1.44137276e-08 5.87340750e-15]
CASCI converged
CASCI E = -234.909279153070  E(CI) = -1.32927538058715  S^2 = 0.0000000

******** <class 'pyscf.mcscf.casci.CASCI'> ********
CAS (1e+1e, 4o), ncore = 14, nvir = 32
natorb = False
canonicalization = True
sorting_mo_energy = False
max_memory 4000 MB (current use 453 MB)
******** <class 'pyscf.fci.direct_spin1.FCISolver'> ********
max. cycles = 200
conv_tol = 1e-08
davidson only = False
linear dependence = 1e-12
level shift = 0.001
max iter space = 12
max_memory 4000 MB
nroots = 1
pspace_size = 400
spin = None
Density matrix diagonal elements [1.99996554e+00 3.44474168e-05 1.44083195e-08 2.52794414e-11]
CASCI converged
CASCI E = -234.909279153164  E(CI) = -1.32927538068159  S^2 = 0.0000000

******** <class 'pyscf.mcscf.casci.CASCI'> ********
CAS (1e+1e, 4o), ncore = 14, nvir = 32
natorb = False
canonicalization = True
sorting_mo_energy = False
max_memory 4000 MB (current use 453 MB)
******** <class 'pyscf.fci.direct_spin1.FCISolver'> ********
max. cycles = 200
conv_tol = 1e-08
davidson only = False
linear dependence = 1e-12
level shift = 0.001
max iter space = 12
max_memory 4000 MB
nroots = 1
pspace_size = 400
spin = None
Density matrix diagonal elements [1.99996554e+00 3.44473871e-05 1.44117289e-08 9.35966037e-11]
CASCI converged
CASCI E = -234.909279153456  E(CI) = -1.32927538097391  S^2 = 0.0000000

******** <class 'pyscf.mcscf.casci.CASCI'> ********
CAS (1e+1e, 4o), ncore = 14, nvir = 32
natorb = False
canonicalization = True
sorting_mo_energy = False
max_memory 4000 MB (current use 453 MB)
******** <class 'pyscf.fci.direct_spin1.FCISolver'> ********
max. cycles = 200
conv_tol = 1e-08
davidson only = False
linear dependence = 1e-12
level shift = 0.001
max iter space = 12
max_memory 4000 MB
nroots = 1
pspace_size = 400
spin = None
Density matrix diagonal elements [1.99996554e+00 3.44473922e-05 1.44087058e-08 9.10912079e-11]
CASCI converged
CASCI E = -234.909279153449  E(CI) = -1.32927538096675  S^2 = 0.0000000

******** <class 'pyscf.mcscf.casci.CASCI'> ********
CAS (1e+1e, 4o), ncore = 14, nvir = 32
natorb = False
canonicalization = True
sorting_mo_energy = False
max_memory 4000 MB (current use 453 MB)
******** <class 'pyscf.fci.direct_spin1.FCISolver'> ********
max. cycles = 200
conv_tol = 1e-08
davidson only = False
linear dependence = 1e-12
level shift = 0.001
max iter space = 12
max_memory 4000 MB
nroots = 1
pspace_size = 400
spin = None
Density matrix diagonal elements [1.99996419e+00 3.55022229e-05 1.43314186e-08 2.90580500e-07]
CASCI converged
CASCI E = -234.909280324834  E(CI) = -1.32927655235136  S^2 = 0.0000000

******** <class 'pyscf.mcscf.casci.CASCI'> ********
CAS (1e+1e, 4o), ncore = 14, nvir = 32
natorb = False
canonicalization = True
sorting_mo_energy = False
max_memory 4000 MB (current use 453 MB)
******** <class 'pyscf.fci.direct_spin1.FCISolver'> ********
max. cycles = 200
conv_tol = 1e-08
davidson only = False
linear dependence = 1e-12
level shift = 0.001
max iter space = 12
max_memory 4000 MB
nroots = 1
pspace_size = 400
spin = None
Density matrix diagonal elements [1.99996510e+00 3.48001472e-05 1.42727094e-08 9.01106755e-08]
CASCI converged
CASCI E = -234.909279578044  E(CI) = -1.32927580556174  S^2 = 0.0000000

******** <class 'pyscf.mcscf.casci.CASCI'> ********
CAS (1e+1e, 4o), ncore = 14, nvir = 32
natorb = False
canonicalization = True
sorting_mo_energy = False
max_memory 4000 MB (current use 453 MB)
******** <class 'pyscf.fci.direct_spin1.FCISolver'> ********
max. cycles = 200
conv_tol = 1e-08
davidson only = False
linear dependence = 1e-12
level shift = 0.001
max iter space = 12
max_memory 4000 MB
nroots = 1
pspace_size = 400
spin = None
Density matrix diagonal elements [1.99996476e+00 3.50434879e-05 1.41336312e-08 1.81348483e-07]
CASCI converged
CASCI E = -234.909279552716  E(CI) = -1.32927578023290  S^2 = 0.0000000

******** <class 'pyscf.mcscf.casci.CASCI'> ********
CAS (1e+1e, 4o), ncore = 14, nvir = 32
natorb = False
canonicalization = True
sorting_mo_energy = False
max_memory 4000 MB (current use 453 MB)
******** <class 'pyscf.fci.direct_spin1.FCISolver'> ********
max. cycles = 200
conv_tol = 1e-08
davidson only = False
linear dependence = 1e-12
level shift = 0.001
max iter space = 12
max_memory 4000 MB
nroots = 1
pspace_size = 400
spin = None
Density matrix diagonal elements [1.99996554e+00 3.44472531e-05 1.44091896e-08 2.81719965e-10]
CASCI converged
CASCI E = -234.909279153741  E(CI) = -1.32927538125870  S^2 = 0.0000000

******** <class 'pyscf.mcscf.casci.CASCI'> ********
CAS (1e+1e, 4o), ncore = 14, nvir = 32
natorb = False
canonicalization = True
sorting_mo_energy = False
max_memory 4000 MB (current use 453 MB)
******** <class 'pyscf.fci.direct_spin1.FCISolver'> ********
max. cycles = 200
conv_tol = 1e-08
davidson only = False
linear dependence = 1e-12
level shift = 0.001
max iter space = 12
max_memory 4000 MB
nroots = 1
pspace_size = 400
spin = None
Density matrix diagonal elements [1.99996548e+00 3.44450503e-05 1.43896606e-08 5.66653254e-08]
CASCI converged
CASCI E = -234.909279289375  E(CI) = -1.32927551689247  S^2 = 0.0000000

******** <class 'pyscf.mcscf.casci.CASCI'> ********
CAS (1e+1e, 4o), ncore = 14, nvir = 32
natorb = False
canonicalization = True
sorting_mo_energy = False
max_memory 4000 MB (current use 453 MB)
******** <class 'pyscf.fci.direct_spin1.FCISolver'> ********
max. cycles = 200
conv_tol = 1e-08
davidson only = False
linear dependence = 1e-12
level shift = 0.001
max iter space = 12
max_memory 4000 MB
nroots = 1
pspace_size = 400
spin = None
Density matrix diagonal elements [1.99996552e+00 3.44438291e-05 1.76855522e-08 1.79735011e-08]
CASCI converged
CASCI E = -234.909279203000  E(CI) = -1.32927543051733  S^2 = 0.0000000

******** <class 'pyscf.mcscf.casci.CASCI'> ********
CAS (1e+1e, 4o), ncore = 14, nvir = 32
natorb = False
canonicalization = True
sorting_mo_energy = False
max_memory 4000 MB (current use 453 MB)
******** <class 'pyscf.fci.direct_spin1.FCISolver'> ********
max. cycles = 200
conv_tol = 1e-08
davidson only = False
linear dependence = 1e-12
level shift = 0.001
max iter space = 12
max_memory 4000 MB
nroots = 1
pspace_size = 400
spin = None
Density matrix diagonal elements [1.99996553e+00 3.44447611e-05 1.43987042e-08 1.44408144e-08]
CASCI converged
CASCI E = -234.909279188253  E(CI) = -1.32927541577081  S^2 = 0.0000000

******** <class 'pyscf.mcscf.casci.CASCI'> ********
CAS (1e+1e, 4o), ncore = 14, nvir = 32
natorb = False
canonicalization = True
sorting_mo_energy = False
max_memory 4000 MB (current use 453 MB)
******** <class 'pyscf.fci.direct_spin1.FCISolver'> ********
max. cycles = 200
conv_tol = 1e-08
davidson only = False
linear dependence = 1e-12
level shift = 0.001
max iter space = 12
max_memory 4000 MB
nroots = 1
pspace_size = 400
spin = None
Density matrix diagonal elements [1.99996552e+00 3.44579971e-05 1.43374247e-08 1.09533442e-08]
CASCI converged
CASCI E = -234.909279186917  E(CI) = -1.32927541443408  S^2 = 0.0000000

******** <class 'pyscf.mcscf.casci.CASCI'> ********
CAS (1e+1e, 4o), ncore = 14, nvir = 32
natorb = False
canonicalization = True
sorting_mo_energy = False
max_memory 4000 MB (current use 453 MB)
******** <class 'pyscf.fci.direct_spin1.FCISolver'> ********
max. cycles = 200
conv_tol = 1e-08
davidson only = False
linear dependence = 1e-12
level shift = 0.001
max iter space = 12
max_memory 4000 MB
nroots = 1
pspace_size = 400
spin = None
Density matrix diagonal elements [1.99996554e+00 3.44474211e-05 1.44105900e-08 5.91191010e-15]
CASCI converged
CASCI E = -234.909279153064  E(CI) = -1.32927538058112  S^2 = 0.0000000

******** <class 'pyscf.mcscf.casci.CASCI'> ********
CAS (1e+1e, 4o), ncore = 14, nvir = 32
natorb = False
canonicalization = True
sorting_mo_energy = False
max_memory 4000 MB (current use 453 MB)
******** <class 'pyscf.fci.direct_spin1.FCISolver'> ********
max. cycles = 200
conv_tol = 1e-08
davidson only = False
linear dependence = 1e-12
level shift = 0.001
max iter space = 12
max_memory 4000 MB
nroots = 1
pspace_size = 400
spin = None
Density matrix diagonal elements [1.99996554e+00 3.44474170e-05 1.44051824e-08 2.52797123e-11]
CASCI converged
CASCI E = -234.909279153158  E(CI) = -1.32927538067557  S^2 = 0.0000000

******** <class 'pyscf.mcscf.casci.CASCI'> ********
CAS (1e+1e, 4o), ncore = 14, nvir = 32
natorb = False
canonicalization = True
sorting_mo_energy = False
max_memory 4000 MB (current use 453 MB)
******** <class 'pyscf.fci.direct_spin1.FCISolver'> ********
max. cycles = 200
conv_tol = 1e-08
davidson only = False
linear dependence = 1e-12
level shift = 0.001
max iter space = 12
max_memory 4000 MB
nroots = 1
pspace_size = 400
spin = None
Density matrix diagonal elements [1.99996554e+00 3.44473924e-05 1.44055638e-08 9.10874543e-11]
CASCI converged
CASCI E = -234.909279153443  E(CI) = -1.32927538096067  S^2 = 0.0000000

******** <class 'pyscf.mcscf.casci.CASCI'> ********
CAS (1e+1e, 4o), ncore = 14, nvir = 32
natorb = False
canonicalization = True
sorting_mo_energy = False
max_memory 4000 MB (current use 453 MB)
******** <class 'pyscf.fci.direct_spin1.FCISolver'> ********
max. cycles = 200
conv_tol = 1e-08
davidson only = False
linear dependence = 1e-12
level shift = 0.001
max iter space = 12
max_memory 4000 MB
nroots = 1
pspace_size = 400
spin = None
Density matrix diagonal elements [1.99996554e+00 3.44473873e-05 1.44085914e-08 9.35985826e-11]
CASCI converged
CASCI E = -234.909279153450  E(CI) = -1.32927538096789  S^2 = 0.0000000

******** <class 'pyscf.mcscf.casci.CASCI'> ********
CAS (1e+1e, 4o), ncore = 14, nvir = 32
natorb = False
canonicalization = True
sorting_mo_energy = False
max_memory 4000 MB (current use 453 MB)
******** <class 'pyscf.fci.direct_spin1.FCISolver'> ********
max. cycles = 200
conv_tol = 1e-08
davidson only = False
linear dependence = 1e-12
level shift = 0.001
max iter space = 12
max_memory 4000 MB
nroots = 1
pspace_size = 400
spin = None
Density matrix diagonal elements [1.99996419e+00 3.55022231e-05 1.43282914e-08 2.90580505e-07]
CASCI converged
CASCI E = -234.909280324828  E(CI) = -1.32927655234536  S^2 = 0.0000000

******** <class 'pyscf.mcscf.casci.CASCI'> ********
CAS (1e+1e, 4o), ncore = 14, nvir = 32
natorb = False
canonicalization = True
sorting_mo_energy = False
max_memory 4000 MB (current use 453 MB)
******** <class 'pyscf.fci.direct_spin1.FCISolver'> ********
max. cycles = 200
conv_tol = 1e-08
davidson only = False
linear dependence = 1e-12
level shift = 0.001
max iter space = 12
max_memory 4000 MB
nroots = 1
pspace_size = 400
spin = None
Density matrix diagonal elements [1.99996510e+00 3.48001474e-05 1.42695865e-08 9.01106815e-08]
CASCI converged
CASCI E = -234.909279578038  E(CI) = -1.32927580555571  S^2 = 0.0000000

******** <class 'pyscf.mcscf.casci.CASCI'> ********
CAS (1e+1e, 4o), ncore = 14, nvir = 32
natorb = False
canonicalization = True
sorting_mo_energy = False
max_memory 4000 MB (current use 453 MB)
******** <class 'pyscf.fci.direct_spin1.FCISolver'> ********
max. cycles = 200
conv_tol = 1e-08
davidson only = False
linear dependence = 1e-12
level shift = 0.001
max iter space = 12
max_memory 4000 MB
nroots = 1
pspace_size = 400
spin = None
Density matrix diagonal elements [1.99996477e+00 3.50445317e-05 1.81629790e-07 2.82108462e-10]
CASCI converged
CASCI E = -234.909279525969  E(CI) = -1.32927575348637  S^2 = 0.0000000

******** <class 'pyscf.mcscf.casci.CASCI'> ********
CAS (1e+1e, 4o), ncore = 14, nvir = 32
natorb = False
canonicalization = True
sorting_mo_energy = False
max_memory 4000 MB (current use 453 MB)
******** <class 'pyscf.fci.direct_spin1.FCISolver'> ********
max. cycles = 200
conv_tol = 1e-08
davidson only = False
linear dependence = 1e-12
level shift = 0.001
max iter space = 12
max_memory 4000 MB
nroots = 1
pspace_size = 400
spin = None
Density matrix diagonal elements [1.99996472e+00 3.50424214e-05 1.81611559e-07 5.66709695e-08]
CASCI converged
CASCI E = -234.909279661615  E(CI) = -1.32927588913265  S^2 = 0.0000000

******** <class 'pyscf.mcscf.casci.CASCI'> ********
CAS (1e+1e, 4o), ncore = 14, nvir = 32
natorb = False
canonicalization = True
sorting_mo_energy = False
max_memory 4000 MB (current use 453 MB)
******** <class 'pyscf.fci.direct_spin1.FCISolver'> ********
max. cycles = 200
conv_tol = 1e-08
davidson only = False
linear dependence = 1e-12
level shift = 0.001
max iter space = 12
max_memory 4000 MB
nroots = 1
pspace_size = 400
spin = None
Density matrix diagonal elements [1.99996476e+00 3.50419482e-05 1.81533277e-07 1.43669419e-08]
CASCI converged
CASCI E = -234.909279560300  E(CI) = -1.32927578781738  S^2 = 0.0000000

******** <class 'pyscf.mcscf.casci.CASCI'> ********
CAS (1e+1e, 4o), ncore = 14, nvir = 32
natorb = False
canonicalization = True
sorting_mo_energy = False
max_memory 4000 MB (current use 453 MB)
******** <class 'pyscf.fci.direct_spin1.FCISolver'> ********
max. cycles = 200
conv_tol = 1e-08
davidson only = False
linear dependence = 1e-12
level shift = 0.001
max iter space = 12
max_memory 4000 MB
nroots = 1
pspace_size = 400
spin = None
Density matrix diagonal elements [1.99996476e+00 3.50419481e-05 1.81533275e-07 1.43672717e-08]
CASCI converged
CASCI E = -234.909279560301  E(CI) = -1.32927578781820  S^2 = 0.0000000

******** <class 'pyscf.mcscf.casci.CASCI'> ********
CAS (1e+1e, 4o), ncore = 14, nvir = 32
natorb = False
canonicalization = True
sorting_mo_energy = False
max_memory 4000 MB (current use 453 MB)
******** <class 'pyscf.fci.direct_spin1.FCISolver'> ********
max. cycles = 200
conv_tol = 1e-08
davidson only = False
linear dependence = 1e-12
level shift = 0.001
max iter space = 12
max_memory 4000 MB
nroots = 1
pspace_size = 400
spin = None
Density matrix diagonal elements [1.99996475e+00 3.50566381e-05 1.81802401e-07 1.12515906e-08]
CASCI converged
CASCI E = -234.909279560605  E(CI) = -1.32927578812252  S^2 = 0.0000000

******** <class 'pyscf.mcscf.casci.CASCI'> ********
CAS (1e+1e, 4o), ncore = 14, nvir = 32
natorb = False
canonicalization = True
sorting_mo_energy = False
max_memory 4000 MB (current use 453 MB)
******** <class 'pyscf.fci.direct_spin1.FCISolver'> ********
max. cycles = 200
conv_tol = 1e-08
davidson only = False
linear dependence = 1e-12
level shift = 0.001
max iter space = 12
max_memory 4000 MB
nroots = 1
pspace_size = 400
spin = None
Density matrix diagonal elements [1.99996477e+00 3.50446927e-05 1.81631059e-07 3.10433894e-14]
CASCI converged
CASCI E = -234.909279525291  E(CI) = -1.32927575280794  S^2 = 0.0000000

******** <class 'pyscf.mcscf.casci.CASCI'> ********
CAS (1e+1e, 4o), ncore = 14, nvir = 32
natorb = False
canonicalization = True
sorting_mo_energy = False
max_memory 4000 MB (current use 453 MB)
******** <class 'pyscf.fci.direct_spin1.FCISolver'> ********
max. cycles = 200
conv_tol = 1e-08
davidson only = False
linear dependence = 1e-12
level shift = 0.001
max iter space = 12
max_memory 4000 MB
nroots = 1
pspace_size = 400
spin = None
Density matrix diagonal elements [1.99996477e+00 3.50446890e-05 1.81627640e-07 2.63073865e-11]
CASCI converged
CASCI E = -234.909279525389  E(CI) = -1.32927575290614  S^2 = 0.0000000

******** <class 'pyscf.mcscf.casci.CASCI'> ********
CAS (1e+1e, 4o), ncore = 14, nvir = 32
natorb = False
canonicalization = True
sorting_mo_energy = False
max_memory 4000 MB (current use 453 MB)
******** <class 'pyscf.fci.direct_spin1.FCISolver'> ********
max. cycles = 200
conv_tol = 1e-08
davidson only = False
linear dependence = 1e-12
level shift = 0.001
max iter space = 12
max_memory 4000 MB
nroots = 1
pspace_size = 400
spin = None
Density matrix diagonal elements [1.99996477e+00 3.50446618e-05 1.81626111e-07 9.21916549e-11]
CASCI converged
CASCI E = -234.909279525671  E(CI) = -1.32927575318880  S^2 = 0.0000000

******** <class 'pyscf.mcscf.casci.CASCI'> ********
CAS (1e+1e, 4o), ncore = 14, nvir = 32
natorb = False
canonicalization = True
sorting_mo_energy = False
max_memory 4000 MB (current use 453 MB)
******** <class 'pyscf.fci.direct_spin1.FCISolver'> ********
max. cycles = 200
conv_tol = 1e-08
davidson only = False
linear dependence = 1e-12
level shift = 0.001
max iter space = 12
max_memory 4000 MB
nroots = 1
pspace_size = 400
spin = None
Density matrix diagonal elements [1.99996477e+00 3.50446618e-05 1.81626111e-07 9.21935188e-11]
CASCI converged
CASCI E = -234.909279525671  E(CI) = -1.32927575318882  S^2 = 0.0000000

******** <class 'pyscf.mcscf.casci.CASCI'> ********
CAS (1e+1e, 4o), ncore = 14, nvir = 32
natorb = False
canonicalization = True
sorting_mo_energy = False
max_memory 4000 MB (current use 453 MB)
******** <class 'pyscf.fci.direct_spin1.FCISolver'> ********
max. cycles = 200
conv_tol = 1e-08
davidson only = False
linear dependence = 1e-12
level shift = 0.001
max iter space = 12
max_memory 4000 MB
nroots = 1
pspace_size = 400
spin = None
Density matrix diagonal elements [1.99996340e+00 3.61174513e-05 1.89894963e-07 2.96548482e-07]
CASCI converged
CASCI E = -234.909280722571  E(CI) = -1.32927695008854  S^2 = 0.0000000

******** <class 'pyscf.mcscf.casci.CASCI'> ********
CAS (1e+1e, 4o), ncore = 14, nvir = 32
natorb = False
canonicalization = True
sorting_mo_energy = False
max_memory 4000 MB (current use 453 MB)
******** <class 'pyscf.fci.direct_spin1.FCISolver'> ********
max. cycles = 200
conv_tol = 1e-08
davidson only = False
linear dependence = 1e-12
level shift = 0.001
max iter space = 12
max_memory 4000 MB
nroots = 1
pspace_size = 400
spin = None
Density matrix diagonal elements [1.99996433e+00 3.54003727e-05 1.82502974e-07 9.06702479e-08]
CASCI converged
CASCI E = -234.909279953192  E(CI) = -1.32927618070897  S^2 = 0.0000000

******** <class 'pyscf.mcscf.casci.CASCI'> ********
CAS (1e+1e, 4o), ncore = 14, nvir = 32
natorb = False
canonicalization = True
sorting_mo_energy = False
max_memory 4000 MB (current use 453 MB)
******** <class 'pyscf.fci.direct_spin1.FCISolver'> ********
max. cycles = 200
conv_tol = 1e-08
davidson only = False
linear dependence = 1e-12
level shift = 0.001
max iter space = 12
max_memory 4000 MB
nroots = 1
pspace_size = 400
spin = None
Density matrix diagonal elements [1.99996550e+00 3.44463202e-05 2.51886272e-10 5.66521420e-08]
CASCI converged
CASCI E = -234.909279262054  E(CI) = -1.32927548957176  S^2 = 0.0000000

******** <class 'pyscf.mcscf.casci.CASCI'> ********
CAS (1e+1e, 4o), ncore = 14, nvir = 32
natorb = False
canonicalization = True
sorting_mo_energy = False
max_memory 4000 MB (current use 453 MB)
******** <class 'pyscf.fci.direct_spin1.FCISolver'> ********
max. cycles = 200
conv_tol = 1e-08
davidson only = False
linear dependence = 1e-12
level shift = 0.001
max iter space = 12
max_memory 4000 MB
nroots = 1
pspace_size = 400
spin = None
Density matrix diagonal elements [1.99996554e+00 3.44460299e-05 2.59782014e-10 1.44276702e-08]
CASCI converged
CASCI E = -234.909279160933  E(CI) = -1.32927538845072  S^2 = 0.0000000

******** <class 'pyscf.mcscf.casci.CASCI'> ********
CAS (1e+1e, 4o), ncore = 14, nvir = 32
natorb = False
canonicalization = True
sorting_mo_energy = False
max_memory 4000 MB (current use 453 MB)
******** <class 'pyscf.fci.direct_spin1.FCISolver'> ********
max. cycles = 200
conv_tol = 1e-08
davidson only = False
linear dependence = 1e-12
level shift = 0.001
max iter space = 12
max_memory 4000 MB
nroots = 1
pspace_size = 400
spin = None
Density matrix diagonal elements [1.99996554e+00 3.44460299e-05 2.59780539e-10 1.44279996e-08]
CASCI converged
CASCI E = -234.909279160934  E(CI) = -1.32927538845155  S^2 = 0.0000000

******** <class 'pyscf.mcscf.casci.CASCI'> ********
CAS (1e+1e, 4o), ncore = 14, nvir = 32
natorb = False
canonicalization = True
sorting_mo_energy = False
max_memory 4000 MB (current use 453 MB)
******** <class 'pyscf.fci.direct_spin1.FCISolver'> ********
max. cycles = 200
conv_tol = 1e-08
davidson only = False
linear dependence = 1e-12
level shift = 0.001
max iter space = 12
max_memory 4000 MB
nroots = 1
pspace_size = 400
spin = None
Density matrix diagonal elements [1.99996553e+00 3.44592747e-05 2.65549148e-10 1.09860284e-08]
CASCI converged
CASCI E = -234.909279159730  E(CI) = -1.32927538724778  S^2 = 0.0000000

******** <class 'pyscf.mcscf.casci.CASCI'> ********
CAS (1e+1e, 4o), ncore = 14, nvir = 32
natorb = False
canonicalization = True
sorting_mo_energy = False
max_memory 4000 MB (current use 453 MB)
******** <class 'pyscf.fci.direct_spin1.FCISolver'> ********
max. cycles = 200
conv_tol = 1e-08
davidson only = False
linear dependence = 1e-12
level shift = 0.001
max iter space = 12
max_memory 4000 MB
nroots = 1
pspace_size = 400
spin = None
Density matrix diagonal elements [1.99996555e+00 3.44486715e-05 2.88778502e-10 6.49473912e-12]
CASCI converged
CASCI E = -234.909279125814  E(CI) = -1.32927535333170  S^2 = 0.0000000

******** <class 'pyscf.mcscf.casci.CASCI'> ********
CAS (1e+1e, 4o), ncore = 14, nvir = 32
natorb = False
canonicalization = True
sorting_mo_energy = False
max_memory 4000 MB (current use 453 MB)
******** <class 'pyscf.fci.direct_spin1.FCISolver'> ********
max. cycles = 200
conv_tol = 1e-08
davidson only = False
linear dependence = 1e-12
level shift = 0.001
max iter space = 12
max_memory 4000 MB
nroots = 1
pspace_size = 400
spin = None
Density matrix diagonal elements [1.99996555e+00 3.44486777e-05 2.82850186e-10 2.81668853e-11]
CASCI converged
CASCI E = -234.909279125882  E(CI) = -1.32927535339954  S^2 = 0.0000000

******** <class 'pyscf.mcscf.casci.CASCI'> ********
CAS (1e+1e, 4o), ncore = 14, nvir = 32
natorb = False
canonicalization = True
sorting_mo_energy = False
max_memory 4000 MB (current use 453 MB)
******** <class 'pyscf.fci.direct_spin1.FCISolver'> ********
max. cycles = 200
conv_tol = 1e-08
davidson only = False
linear dependence = 1e-12
level shift = 0.001
max iter space = 12
max_memory 4000 MB
nroots = 1
pspace_size = 400
spin = None
Density matrix diagonal elements [1.99996555e+00 3.44486485e-05 2.82235918e-10 9.41795307e-11]
CASCI converged
CASCI E = -234.909279126166  E(CI) = -1.32927535368347  S^2 = 0.0000000

******** <class 'pyscf.mcscf.casci.CASCI'> ********
CAS (1e+1e, 4o), ncore = 14, nvir = 32
natorb = False
canonicalization = True
sorting_mo_energy = False
max_memory 4000 MB (current use 453 MB)
******** <class 'pyscf.fci.direct_spin1.FCISolver'> ********
max. cycles = 200
conv_tol = 1e-08
davidson only = False
linear dependence = 1e-12
level shift = 0.001
max iter space = 12
max_memory 4000 MB
nroots = 1
pspace_size = 400
spin = None
Density matrix diagonal elements [1.99996555e+00 3.44486485e-05 2.82235892e-10 9.41814087e-11]
CASCI converged
CASCI E = -234.909279126166  E(CI) = -1.32927535368350  S^2 = 0.0000000

******** <class 'pyscf.mcscf.casci.CASCI'> ********
CAS (1e+1e, 4o), ncore = 14, nvir = 32
natorb = False
canonicalization = True
sorting_mo_energy = False
max_memory 4000 MB (current use 453 MB)
******** <class 'pyscf.fci.direct_spin1.FCISolver'> ********
max. cycles = 200
conv_tol = 1e-08
davidson only = False
linear dependence = 1e-12
level shift = 0.001
max iter space = 12
max_memory 4000 MB
nroots = 1
pspace_size = 400
spin = None
Density matrix diagonal elements [1.99996421e+00 3.55035281e-05 2.80879471e-10 2.90619897e-07]
CASCI converged
CASCI E = -234.909280297696  E(CI) = -1.32927652521352  S^2 = 0.0000000

******** <class 'pyscf.mcscf.casci.CASCI'> ********
CAS (1e+1e, 4o), ncore = 14, nvir = 32
natorb = False
canonicalization = True
sorting_mo_energy = False
max_memory 4000 MB (current use 453 MB)
******** <class 'pyscf.fci.direct_spin1.FCISolver'> ********
max. cycles = 200
conv_tol = 1e-08
davidson only = False
linear dependence = 1e-12
level shift = 0.001
max iter space = 12
max_memory 4000 MB
nroots = 1
pspace_size = 400
spin = None
Density matrix diagonal elements [1.99996511e+00 3.48014334e-05 2.78556610e-10 9.01674195e-08]
CASCI converged
CASCI E = -234.909279551015  E(CI) = -1.32927577853232  S^2 = 0.0000000

******** <class 'pyscf.mcscf.casci.CASCI'> ********
CAS (1e+1e, 4o), ncore = 14, nvir = 32
natorb = False
canonicalization = True
sorting_mo_energy = False
max_memory 4000 MB (current use 453 MB)
******** <class 'pyscf.fci.direct_spin1.FCISolver'> ********
max. cycles = 200
conv_tol = 1e-08
davidson only = False
linear dependence = 1e-12
level shift = 0.001
max iter space = 12
max_memory 4000 MB
nroots = 1
pspace_size = 400
spin = None
Density matrix diagonal elements [1.99996549e+00 3.44438537e-05 5.63516584e-08 1.41222299e-08]
CASCI converged
CASCI E = -234.909279295861  E(CI) = -1.32927552337810  S^2 = 0.0000000

******** <class 'pyscf.mcscf.casci.CASCI'> ********
CAS (1e+1e, 4o), ncore = 14, nvir = 32
natorb = False
canonicalization = True
sorting_mo_energy = False
max_memory 4000 MB (current use 453 MB)
******** <class 'pyscf.fci.direct_spin1.FCISolver'> ********
max. cycles = 200
conv_tol = 1e-08
davidson only = False
linear dependence = 1e-12
level shift = 0.001
max iter space = 12
max_memory 4000 MB
nroots = 1
pspace_size = 400
spin = None
Density matrix diagonal elements [1.99996549e+00 3.44438537e-05 5.63516549e-08 1.41225576e-08]
CASCI converged
CASCI E = -234.909279295861  E(CI) = -1.32927552337893  S^2 = 0.0000000

******** <class 'pyscf.mcscf.casci.CASCI'> ********
CAS (1e+1e, 4o), ncore = 14, nvir = 32
natorb = False
canonicalization = True
sorting_mo_energy = False
max_memory 4000 MB (current use 453 MB)
******** <class 'pyscf.fci.direct_spin1.FCISolver'> ********
max. cycles = 200
conv_tol = 1e-08
davidson only = False
linear dependence = 1e-12
level shift = 0.001
max iter space = 12
max_memory 4000 MB
nroots = 1
pspace_size = 400
spin = None
Density matrix diagonal elements [1.99996548e+00 3.44571560e-05 5.64355545e-08 1.08059726e-08]
CASCI converged
CASCI E = -234.909279294847  E(CI) = -1.32927552236413  S^2 = 0.0000000

******** <class 'pyscf.mcscf.casci.CASCI'> ********
CAS (1e+1e, 4o), ncore = 14, nvir = 32
natorb = False
canonicalization = True
sorting_mo_energy = False
max_memory 4000 MB (current use 453 MB)
******** <class 'pyscf.fci.direct_spin1.FCISolver'> ********
max. cycles = 200
conv_tol = 1e-08
davidson only = False
linear dependence = 1e-12
level shift = 0.001
max iter space = 12
max_memory 4000 MB
nroots = 1
pspace_size = 400
spin = None
Density matrix diagonal elements [1.99996550e+00 3.44464783e-05 5.66822177e-08 9.12546847e-14]
CASCI converged
CASCI E = -234.909279261449  E(CI) = -1.32927548896626  S^2 = 0.0000000

******** <class 'pyscf.mcscf.casci.CASCI'> ********
CAS (1e+1e, 4o), ncore = 14, nvir = 32
natorb = False
canonicalization = True
sorting_mo_energy = False
max_memory 4000 MB (current use 454 MB)
******** <class 'pyscf.fci.direct_spin1.FCISolver'> ********
max. cycles = 200
conv_tol = 1e-08
davidson only = False
linear dependence = 1e-12
level shift = 0.001
max iter space = 12
max_memory 4000 MB
nroots = 1
pspace_size = 400
spin = None
Density matrix diagonal elements [1.99996549e+00 3.44463259e-05 5.78153177e-08 1.26167896e-09]
CASCI converged
CASCI E = -234.909279268705  E(CI) = -1.32927549622266  S^2 = 0.0000000

******** <class 'pyscf.mcscf.casci.CASCI'> ********
CAS (1e+1e, 4o), ncore = 14, nvir = 32
natorb = False
canonicalization = True
sorting_mo_energy = False
max_memory 4000 MB (current use 454 MB)
******** <class 'pyscf.fci.direct_spin1.FCISolver'> ********
max. cycles = 200
conv_tol = 1e-08
davidson only = False
linear dependence = 1e-12
level shift = 0.001
max iter space = 12
max_memory 4000 MB
nroots = 1
pspace_size = 400
spin = None
Density matrix diagonal elements [1.99996550e+00 3.44464456e-05 5.66728954e-08 8.90347513e-11]
CASCI converged
CASCI E = -234.909279261816  E(CI) = -1.32927548933387  S^2 = 0.0000000

******** <class 'pyscf.mcscf.casci.CASCI'> ********
CAS (1e+1e, 4o), ncore = 14, nvir = 32
natorb = False
canonicalization = True
sorting_mo_energy = False
max_memory 4000 MB (current use 454 MB)
******** <class 'pyscf.fci.direct_spin1.FCISolver'> ********
max. cycles = 200
conv_tol = 1e-08
davidson only = False
linear dependence = 1e-12
level shift = 0.001
max iter space = 12
max_memory 4000 MB
nroots = 1
pspace_size = 400
spin = None
Density matrix diagonal elements [1.99996550e+00 3.44464456e-05 5.66728953e-08 8.90365844e-11]
CASCI converged
CASCI E = -234.909279261816  E(CI) = -1.32927548933387  S^2 = 0.0000000

******** <class 'pyscf.mcscf.casci.CASCI'> ********
CAS (1e+1e, 4o), ncore = 14, nvir = 32
natorb = False
canonicalization = True
sorting_mo_energy = False
max_memory 4000 MB (current use 454 MB)
******** <class 'pyscf.fci.direct_spin1.FCISolver'> ********
max. cycles = 200
conv_tol = 1e-08
davidson only = False
linear dependence = 1e-12
level shift = 0.001
max iter space = 12
max_memory 4000 MB
nroots = 1
pspace_size = 400
spin = None
Density matrix diagonal elements [1.99996415e+00 3.55013530e-05 5.66535573e-08 2.90602273e-07]
CASCI converged
CASCI E = -234.909280433304  E(CI) = -1.32927666082111  S^2 = 0.0000000

******** <class 'pyscf.mcscf.casci.CASCI'> ********
CAS (1e+1e, 4o), ncore = 14, nvir = 32
natorb = False
canonicalization = True
sorting_mo_energy = False
max_memory 4000 MB (current use 454 MB)
******** <class 'pyscf.fci.direct_spin1.FCISolver'> ********
max. cycles = 200
conv_tol = 1e-08
davidson only = False
linear dependence = 1e-12
level shift = 0.001
max iter space = 12
max_memory 4000 MB
nroots = 1
pspace_size = 400
spin = None
Density matrix diagonal elements [1.99996505e+00 3.47991918e-05 5.66204119e-08 9.01377217e-08]
CASCI converged
CASCI E = -234.909279686548  E(CI) = -1.32927591406565  S^2 = 0.0000000

******** <class 'pyscf.mcscf.casci.CASCI'> ********
CAS (1e+1e, 4o), ncore = 14, nvir = 32
natorb = False
canonicalization = True
sorting_mo_energy = False
max_memory 4000 MB (current use 454 MB)
******** <class 'pyscf.fci.direct_spin1.FCISolver'> ********
max. cycles = 200
conv_tol = 1e-08
davidson only = False
linear dependence = 1e-12
level shift = 0.001
max iter space = 12
max_memory 4000 MB
nroots = 1
pspace_size = 400
spin = None
Density matrix diagonal elements [1.99996553e+00 3.44435562e-05 1.42964559e-08 1.42967869e-08]
CASCI converged
CASCI E = -234.909279195146  E(CI) = -1.32927542266364  S^2 = 0.0000000

******** <class 'pyscf.mcscf.casci.CASCI'> ********
CAS (1e+1e, 4o), ncore = 14, nvir = 32
natorb = False
canonicalization = True
sorting_mo_energy = False
max_memory 4000 MB (current use 454 MB)
******** <class 'pyscf.fci.direct_spin1.FCISolver'> ********
max. cycles = 200
conv_tol = 1e-08
davidson only = False
linear dependence = 1e-12
level shift = 0.001
max iter space = 12
max_memory 4000 MB
nroots = 1
pspace_size = 400
spin = None
Density matrix diagonal elements [1.99996552e+00 3.44567809e-05 1.43338555e-08 1.09076500e-08]
CASCI converged
CASCI E = -234.909279194020  E(CI) = -1.32927542153746  S^2 = 0.0000000

******** <class 'pyscf.mcscf.casci.CASCI'> ********
CAS (1e+1e, 4o), ncore = 14, nvir = 32
natorb = False
canonicalization = True
sorting_mo_energy = False
max_memory 4000 MB (current use 454 MB)
******** <class 'pyscf.fci.direct_spin1.FCISolver'> ********
max. cycles = 200
conv_tol = 1e-08
davidson only = False
linear dependence = 1e-12
level shift = 0.001
max iter space = 12
max_memory 4000 MB
nroots = 1
pspace_size = 400
spin = None
Density matrix diagonal elements [1.99996554e+00 3.44461891e-05 1.44499168e-08 3.14929603e-14]
CASCI converged
CASCI E = -234.909279160309  E(CI) = -1.32927538782599  S^2 = 0.0000000

******** <class 'pyscf.mcscf.casci.CASCI'> ********
CAS (1e+1e, 4o), ncore = 14, nvir = 32
natorb = False
canonicalization = True
sorting_mo_energy = False
max_memory 4000 MB (current use 454 MB)
******** <class 'pyscf.fci.direct_spin1.FCISolver'> ********
max. cycles = 200
conv_tol = 1e-08
davidson only = False
linear dependence = 1e-12
level shift = 0.001
max iter space = 12
max_memory 4000 MB
nroots = 1
pspace_size = 400
spin = None
Density matrix diagonal elements [1.99996554e+00 3.44461851e-05 1.44471338e-08 2.62984492e-11]
CASCI converged
CASCI E = -234.909279160407  E(CI) = -1.32927538792416  S^2 = 0.0000000

******** <class 'pyscf.mcscf.casci.CASCI'> ********
CAS (1e+1e, 4o), ncore = 14, nvir = 32
natorb = False
canonicalization = True
sorting_mo_energy = False
max_memory 4000 MB (current use 454 MB)
******** <class 'pyscf.fci.direct_spin1.FCISolver'> ********
max. cycles = 200
conv_tol = 1e-08
davidson only = False
linear dependence = 1e-12
level shift = 0.001
max iter space = 12
max_memory 4000 MB
nroots = 1
pspace_size = 400
spin = None
Density matrix diagonal elements [1.99996554e+00 3.44457474e-05 1.54163076e-08 9.41334574e-10]
CASCI converged
CASCI E = -234.909279166132  E(CI) = -1.32927539364928  S^2 = 0.0000000

******** <class 'pyscf.mcscf.casci.CASCI'> ********
CAS (1e+1e, 4o), ncore = 14, nvir = 32
natorb = False
canonicalization = True
sorting_mo_energy = False
max_memory 4000 MB (current use 454 MB)
******** <class 'pyscf.fci.direct_spin1.FCISolver'> ********
max. cycles = 200
conv_tol = 1e-08
davidson only = False
linear dependence = 1e-12
level shift = 0.001
max iter space = 12
max_memory 4000 MB
nroots = 1
pspace_size = 400
spin = None
Density matrix diagonal elements [1.99996554e+00 3.44461561e-05 1.44452466e-08 9.17454292e-11]
CASCI converged
CASCI E = -234.909279160688  E(CI) = -1.32927538820502  S^2 = 0.0000000

******** <class 'pyscf.mcscf.casci.CASCI'> ********
CAS (1e+1e, 4o), ncore = 14, nvir = 32
natorb = False
canonicalization = True
sorting_mo_energy = False
max_memory 4000 MB (current use 454 MB)
******** <class 'pyscf.fci.direct_spin1.FCISolver'> ********
max. cycles = 200
conv_tol = 1e-08
davidson only = False
linear dependence = 1e-12
level shift = 0.001
max iter space = 12
max_memory 4000 MB
nroots = 1
pspace_size = 400
spin = None
Density matrix diagonal elements [1.99996419e+00 3.55010112e-05 1.43630836e-08 2.90566469e-07]
CASCI converged
CASCI E = -234.909280332021  E(CI) = -1.32927655953819  S^2 = 0.0000000

******** <class 'pyscf.mcscf.casci.CASCI'> ********
CAS (1e+1e, 4o), ncore = 14, nvir = 32
natorb = False
canonicalization = True
sorting_mo_energy = False
max_memory 4000 MB (current use 454 MB)
******** <class 'pyscf.fci.direct_spin1.FCISolver'> ********
max. cycles = 200
conv_tol = 1e-08
davidson only = False
linear dependence = 1e-12
level shift = 0.001
max iter space = 12
max_memory 4000 MB
nroots = 1
pspace_size = 400
spin = None
Density matrix diagonal elements [1.99996510e+00 3.47989476e-05 1.43749915e-08 9.01299514e-08]
CASCI converged
CASCI E = -234.909279585374  E(CI) = -1.32927581289155  S^2 = 0.0000000

******** <class 'pyscf.mcscf.casci.CASCI'> ********
CAS (1e+1e, 4o), ncore = 14, nvir = 32
natorb = False
canonicalization = True
sorting_mo_energy = False
max_memory 4000 MB (current use 454 MB)
******** <class 'pyscf.fci.direct_spin1.FCISolver'> ********
max. cycles = 200
conv_tol = 1e-08
davidson only = False
linear dependence = 1e-12
level shift = 0.001
max iter space = 12
max_memory 4000 MB
nroots = 1
pspace_size = 400
spin = None
Density matrix diagonal elements [1.99996552e+00 3.44567809e-05 1.43341856e-08 1.09076493e-08]
CASCI converged
CASCI E = -234.909279194021  E(CI) = -1.32927542153831  S^2 = 0.0000000

******** <class 'pyscf.mcscf.casci.CASCI'> ********
CAS (1e+1e, 4o), ncore = 14, nvir = 32
natorb = False
canonicalization = True
sorting_mo_energy = False
max_memory 4000 MB (current use 454 MB)
******** <class 'pyscf.fci.direct_spin1.FCISolver'> ********
max. cycles = 200
conv_tol = 1e-08
davidson only = False
linear dependence = 1e-12
level shift = 0.001
max iter space = 12
max_memory 4000 MB
nroots = 1
pspace_size = 400
spin = None
Density matrix diagonal elements [1.99996554e+00 3.44461891e-05 1.44502477e-08 3.14394150e-14]
CASCI converged
CASCI E = -234.909279160309  E(CI) = -1.32927538782684  S^2 = 0.0000000

******** <class 'pyscf.mcscf.casci.CASCI'> ********
CAS (1e+1e, 4o), ncore = 14, nvir = 32
natorb = False
canonicalization = True
sorting_mo_energy = False
max_memory 4000 MB (current use 454 MB)
******** <class 'pyscf.fci.direct_spin1.FCISolver'> ********
max. cycles = 200
conv_tol = 1e-08
davidson only = False
linear dependence = 1e-12
level shift = 0.001
max iter space = 12
max_memory 4000 MB
nroots = 1
pspace_size = 400
spin = None
Density matrix diagonal elements [1.99996554e+00 3.44461851e-05 1.44474647e-08 2.62984327e-11]
CASCI converged
CASCI E = -234.909279160408  E(CI) = -1.32927538792498  S^2 = 0.0000000

******** <class 'pyscf.mcscf.casci.CASCI'> ********
CAS (1e+1e, 4o), ncore = 14, nvir = 32
natorb = False
canonicalization = True
sorting_mo_energy = False
max_memory 4000 MB (current use 454 MB)
******** <class 'pyscf.fci.direct_spin1.FCISolver'> ********
max. cycles = 200
conv_tol = 1e-08
davidson only = False
linear dependence = 1e-12
level shift = 0.001
max iter space = 12
max_memory 4000 MB
nroots = 1
pspace_size = 400
spin = None
Density matrix diagonal elements [1.99996554e+00 3.44461561e-05 1.44455775e-08 9.17435299e-11]
CASCI converged
CASCI E = -234.909279160688  E(CI) = -1.32927538820584  S^2 = 0.0000000

******** <class 'pyscf.mcscf.casci.CASCI'> ********
CAS (1e+1e, 4o), ncore = 14, nvir = 32
natorb = False
canonicalization = True
sorting_mo_energy = False
max_memory 4000 MB (current use 454 MB)
******** <class 'pyscf.fci.direct_spin1.FCISolver'> ********
max. cycles = 200
conv_tol = 1e-08
davidson only = False
linear dependence = 1e-12
level shift = 0.001
max iter space = 12
max_memory 4000 MB
nroots = 1
pspace_size = 400
spin = None
Density matrix diagonal elements [1.99996554e+00 3.44457474e-05 1.54166595e-08 9.41354109e-10]
CASCI converged
CASCI E = -234.909279166133  E(CI) = -1.32927539365022  S^2 = 0.0000000

******** <class 'pyscf.mcscf.casci.CASCI'> ********
CAS (1e+1e, 4o), ncore = 14, nvir = 32
natorb = False
canonicalization = True
sorting_mo_energy = False
max_memory 4000 MB (current use 454 MB)
******** <class 'pyscf.fci.direct_spin1.FCISolver'> ********
max. cycles = 200
conv_tol = 1e-08
davidson only = False
linear dependence = 1e-12
level shift = 0.001
max iter space = 12
max_memory 4000 MB
nroots = 1
pspace_size = 400
spin = None
Density matrix diagonal elements [1.99996419e+00 3.55010112e-05 1.43634133e-08 2.90566468e-07]
CASCI converged
CASCI E = -234.909280332022  E(CI) = -1.32927655953901  S^2 = 0.0000000

******** <class 'pyscf.mcscf.casci.CASCI'> ********
CAS (1e+1e, 4o), ncore = 14, nvir = 32
natorb = False
canonicalization = True
sorting_mo_energy = False
max_memory 4000 MB (current use 454 MB)
******** <class 'pyscf.fci.direct_spin1.FCISolver'> ********
max. cycles = 200
conv_tol = 1e-08
davidson only = False
linear dependence = 1e-12
level shift = 0.001
max iter space = 12
max_memory 4000 MB
nroots = 1
pspace_size = 400
spin = None
Density matrix diagonal elements [1.99996510e+00 3.47989476e-05 1.43753216e-08 9.01299509e-08]
CASCI converged
CASCI E = -234.909279585375  E(CI) = -1.32927581289238  S^2 = 0.0000000

******** <class 'pyscf.mcscf.casci.CASCI'> ********
CAS (1e+1e, 4o), ncore = 14, nvir = 32
natorb = False
canonicalization = True
sorting_mo_energy = False
max_memory 4000 MB (current use 454 MB)
******** <class 'pyscf.fci.direct_spin1.FCISolver'> ********
max. cycles = 200
conv_tol = 1e-08
davidson only = False
linear dependence = 1e-12
level shift = 0.001
max iter space = 12
max_memory 4000 MB
nroots = 1
pspace_size = 400
spin = None
Density matrix diagonal elements [1.99996553e+00 3.44594314e-05 1.09992947e-08 5.68161208e-14]
CASCI converged
CASCI E = -234.909279159092  E(CI) = -1.32927538660928  S^2 = 0.0000000

******** <class 'pyscf.mcscf.casci.CASCI'> ********
CAS (1e+1e, 4o), ncore = 14, nvir = 32
natorb = False
canonicalization = True
sorting_mo_energy = False
max_memory 4000 MB (current use 454 MB)
******** <class 'pyscf.fci.direct_spin1.FCISolver'> ********
max. cycles = 200
conv_tol = 1e-08
davidson only = False
linear dependence = 1e-12
level shift = 0.001
max iter space = 12
max_memory 4000 MB
nroots = 1
pspace_size = 400
spin = None
Density matrix diagonal elements [1.99996553e+00 3.44594270e-05 1.09978485e-08 2.69428441e-11]
CASCI converged
CASCI E = -234.909279159192  E(CI) = -1.32927538670975  S^2 = 0.0000000

******** <class 'pyscf.mcscf.casci.CASCI'> ********
CAS (1e+1e, 4o), ncore = 14, nvir = 32
natorb = False
canonicalization = True
sorting_mo_energy = False
max_memory 4000 MB (current use 454 MB)
******** <class 'pyscf.fci.direct_spin1.FCISolver'> ********
max. cycles = 200
conv_tol = 1e-08
davidson only = False
linear dependence = 1e-12
level shift = 0.001
max iter space = 12
max_memory 4000 MB
nroots = 1
pspace_size = 400
spin = None
Density matrix diagonal elements [1.99996553e+00 3.44593975e-05 1.09961777e-08 9.21795033e-11]
CASCI converged
CASCI E = -234.909279159473  E(CI) = -1.32927538698999  S^2 = 0.0000000

******** <class 'pyscf.mcscf.casci.CASCI'> ********
CAS (1e+1e, 4o), ncore = 14, nvir = 32
natorb = False
canonicalization = True
sorting_mo_energy = False
max_memory 4000 MB (current use 454 MB)
******** <class 'pyscf.fci.direct_spin1.FCISolver'> ********
max. cycles = 200
conv_tol = 1e-08
davidson only = False
linear dependence = 1e-12
level shift = 0.001
max iter space = 12
max_memory 4000 MB
nroots = 1
pspace_size = 400
spin = None
Density matrix diagonal elements [1.99996553e+00 3.44593975e-05 1.09961776e-08 9.21813708e-11]
CASCI converged
CASCI E = -234.909279159473  E(CI) = -1.32927538699002  S^2 = 0.0000000

******** <class 'pyscf.mcscf.casci.CASCI'> ********
CAS (1e+1e, 4o), ncore = 14, nvir = 32
natorb = False
canonicalization = True
sorting_mo_energy = False
max_memory 4000 MB (current use 454 MB)
******** <class 'pyscf.fci.direct_spin1.FCISolver'> ********
max. cycles = 200
conv_tol = 1e-08
davidson only = False
linear dependence = 1e-12
level shift = 0.001
max iter space = 12
max_memory 4000 MB
nroots = 1
pspace_size = 400
spin = None
Density matrix diagonal elements [1.99996418e+00 3.55172392e-05 1.16971489e-08 2.91411335e-07]
CASCI converged
CASCI E = -234.909280334492  E(CI) = -1.32927656200897  S^2 = 0.0000000

******** <class 'pyscf.mcscf.casci.CASCI'> ********
CAS (1e+1e, 4o), ncore = 14, nvir = 32
natorb = False
canonicalization = True
sorting_mo_energy = False
max_memory 4000 MB (current use 454 MB)
******** <class 'pyscf.fci.direct_spin1.FCISolver'> ********
max. cycles = 200
conv_tol = 1e-08
davidson only = False
linear dependence = 1e-12
level shift = 0.001
max iter space = 12
max_memory 4000 MB
nroots = 1
pspace_size = 400
spin = None
Density matrix diagonal elements [1.99996509e+00 3.48106533e-05 1.09664826e-08 9.03790046e-08]
CASCI converged
CASCI E = -234.909279585969  E(CI) = -1.32927581348676  S^2 = 0.0000000

******** <class 'pyscf.mcscf.casci.CASCI'> ********
CAS (1e+1e, 4o), ncore = 14, nvir = 32
natorb = False
canonicalization = True
sorting_mo_energy = False
max_memory 4000 MB (current use 454 MB)
******** <class 'pyscf.fci.direct_spin1.FCISolver'> ********
max. cycles = 200
conv_tol = 1e-08
davidson only = False
linear dependence = 1e-12
level shift = 0.001
max iter space = 12
max_memory 4000 MB
nroots = 1
pspace_size = 400
spin = None
Density matrix diagonal elements [1.99996555e+00 3.44488458e-05 1.16786373e-13 2.81980138e-11]
CASCI converged
CASCI E = -234.909279125202  E(CI) = -1.32927535271963  S^2 = 0.0000000

******** <class 'pyscf.mcscf.casci.CASCI'> ********
CAS (1e+1e, 4o), ncore = 14, nvir = 32
natorb = False
canonicalization = True
sorting_mo_energy = False
max_memory 4000 MB (current use 454 MB)
******** <class 'pyscf.fci.direct_spin1.FCISolver'> ********
max. cycles = 200
conv_tol = 1e-08
davidson only = False
linear dependence = 1e-12
level shift = 0.001
max iter space = 12
max_memory 4000 MB
nroots = 1
pspace_size = 400
spin = None
Density matrix diagonal elements [1.99996555e+00 3.44488164e-05 9.87640676e-14 9.45505895e-11]
CASCI converged
CASCI E = -234.909279125488  E(CI) = -1.32927535300499  S^2 = 0.0000000

******** <class 'pyscf.mcscf.casci.CASCI'> ********
CAS (1e+1e, 4o), ncore = 14, nvir = 32
natorb = False
canonicalization = True
sorting_mo_energy = False
max_memory 4000 MB (current use 454 MB)
******** <class 'pyscf.fci.direct_spin1.FCISolver'> ********
max. cycles = 200
conv_tol = 1e-08
davidson only = False
linear dependence = 1e-12
level shift = 0.001
max iter space = 12
max_memory 4000 MB
nroots = 1
pspace_size = 400
spin = None
Density matrix diagonal elements [1.99996555e+00 3.44488164e-05 9.87587405e-14 9.45524782e-11]
CASCI converged
CASCI E = -234.909279125488  E(CI) = -1.32927535300499  S^2 = 0.0000000

******** <class 'pyscf.mcscf.casci.CASCI'> ********
CAS (1e+1e, 4o), ncore = 14, nvir = 32
natorb = False
canonicalization = True
sorting_mo_energy = False
max_memory 4000 MB (current use 454 MB)
******** <class 'pyscf.fci.direct_spin1.FCISolver'> ********
max. cycles = 200
conv_tol = 1e-08
davidson only = False
linear dependence = 1e-12
level shift = 0.001
max iter space = 12
max_memory 4000 MB
nroots = 1
pspace_size = 400
spin = None
Density matrix diagonal elements [1.99996421e+00 3.55036941e-05 5.16220934e-14 2.90621502e-07]
CASCI converged
CASCI E = -234.909280297021  E(CI) = -1.32927652453813  S^2 = 0.0000000

******** <class 'pyscf.mcscf.casci.CASCI'> ********
CAS (1e+1e, 4o), ncore = 14, nvir = 32
natorb = False
canonicalization = True
sorting_mo_energy = False
max_memory 4000 MB (current use 454 MB)
******** <class 'pyscf.fci.direct_spin1.FCISolver'> ********
max. cycles = 200
conv_tol = 1e-08
davidson only = False
linear dependence = 1e-12
level shift = 0.001
max iter space = 12
max_memory 4000 MB
nroots = 1
pspace_size = 400
spin = None
Density matrix diagonal elements [1.99996511e+00 3.48016037e-05 3.24072265e-14 9.01698199e-08]
CASCI converged
CASCI E = -234.909279550345  E(CI) = -1.32927577786242  S^2 = 0.0000000

******** <class 'pyscf.mcscf.casci.CASCI'> ********
CAS (1e+1e, 4o), ncore = 14, nvir = 32
natorb = False
canonicalization = True
sorting_mo_energy = False
max_memory 4000 MB (current use 454 MB)
******** <class 'pyscf.fci.direct_spin1.FCISolver'> ********
max. cycles = 200
conv_tol = 1e-08
davidson only = False
linear dependence = 1e-12
level shift = 0.001
max iter space = 12
max_memory 4000 MB
nroots = 1
pspace_size = 400
spin = None
Density matrix diagonal elements [1.99996555e+00 3.44488122e-05 2.77386799e-11 9.41512016e-11]
CASCI converged
CASCI E = -234.909279125591  E(CI) = -1.32927535310827  S^2 = 0.0000000

******** <class 'pyscf.mcscf.casci.CASCI'> ********
CAS (1e+1e, 4o), ncore = 14, nvir = 32
natorb = False
canonicalization = True
sorting_mo_energy = False
max_memory 4000 MB (current use 454 MB)
******** <class 'pyscf.fci.direct_spin1.FCISolver'> ********
max. cycles = 200
conv_tol = 1e-08
davidson only = False
linear dependence = 1e-12
level shift = 0.001
max iter space = 12
max_memory 4000 MB
nroots = 1
pspace_size = 400
spin = None
Density matrix diagonal elements [1.99996555e+00 3.44488122e-05 2.77386754e-11 9.41530911e-11]
CASCI converged
CASCI E = -234.909279125591  E(CI) = -1.32927535310827  S^2 = 0.0000000

******** <class 'pyscf.mcscf.casci.CASCI'> ********
CAS (1e+1e, 4o), ncore = 14, nvir = 32
natorb = False
canonicalization = True
sorting_mo_energy = False
max_memory 4000 MB (current use 454 MB)
******** <class 'pyscf.fci.direct_spin1.FCISolver'> ********
max. cycles = 200
conv_tol = 1e-08
davidson only = False
linear dependence = 1e-12
level shift = 0.001
max iter space = 12
max_memory 4000 MB
nroots = 1
pspace_size = 400
spin = None
Density matrix diagonal elements [1.99996421e+00 3.55036931e-05 2.23369493e-11 2.90615834e-07]
CASCI converged
CASCI E = -234.909280297104  E(CI) = -1.32927652462138  S^2 = 0.0000000

******** <class 'pyscf.mcscf.casci.CASCI'> ********
CAS (1e+1e, 4o), ncore = 14, nvir = 32
natorb = False
canonicalization = True
sorting_mo_energy = False
max_memory 4000 MB (current use 454 MB)
******** <class 'pyscf.fci.direct_spin1.FCISolver'> ********
max. cycles = 200
conv_tol = 1e-08
davidson only = False
linear dependence = 1e-12
level shift = 0.001
max iter space = 12
max_memory 4000 MB
nroots = 1
pspace_size = 400
spin = None
Density matrix diagonal elements [1.99996511e+00 3.48015989e-05 2.27820447e-11 9.01655024e-08]
CASCI converged
CASCI E = -234.909279550430  E(CI) = -1.32927577794743  S^2 = 0.0000000

******** <class 'pyscf.mcscf.casci.CASCI'> ********
CAS (1e+1e, 4o), ncore = 14, nvir = 32
natorb = False
canonicalization = True
sorting_mo_energy = False
max_memory 4000 MB (current use 454 MB)
******** <class 'pyscf.fci.direct_spin1.FCISolver'> ********
max. cycles = 200
conv_tol = 1e-08
davidson only = False
linear dependence = 1e-12
level shift = 0.001
max iter space = 12
max_memory 4000 MB
nroots = 1
pspace_size = 400
spin = None
Density matrix diagonal elements [1.99996555e+00 3.44487828e-05 9.38705489e-11 9.38724426e-11]
CASCI converged
CASCI E = -234.909279125875  E(CI) = -1.32927535339255  S^2 = 0.0000000

******** <class 'pyscf.mcscf.casci.CASCI'> ********
CAS (1e+1e, 4o), ncore = 14, nvir = 32
natorb = False
canonicalization = True
sorting_mo_energy = False
max_memory 4000 MB (current use 454 MB)
******** <class 'pyscf.fci.direct_spin1.FCISolver'> ********
max. cycles = 200
conv_tol = 1e-08
davidson only = False
linear dependence = 1e-12
level shift = 0.001
max iter space = 12
max_memory 4000 MB
nroots = 1
pspace_size = 400
spin = None
Density matrix diagonal elements [1.99996421e+00 3.55036606e-05 8.72512010e-11 2.90613576e-07]
CASCI converged
CASCI E = -234.909280297381  E(CI) = -1.32927652489849  S^2 = 0.0000000

******** <class 'pyscf.mcscf.casci.CASCI'> ********
CAS (1e+1e, 4o), ncore = 14, nvir = 32
natorb = False
canonicalization = True
sorting_mo_energy = False
max_memory 4000 MB (current use 454 MB)
******** <class 'pyscf.fci.direct_spin1.FCISolver'> ********
max. cycles = 200
conv_tol = 1e-08
davidson only = False
linear dependence = 1e-12
level shift = 0.001
max iter space = 12
max_memory 4000 MB
nroots = 1
pspace_size = 400
spin = None
Density matrix diagonal elements [1.99996511e+00 3.48015728e-05 8.89322296e-11 9.01646568e-08]
CASCI converged
CASCI E = -234.909279550712  E(CI) = -1.32927577822980  S^2 = 0.0000000

******** <class 'pyscf.mcscf.casci.CASCI'> ********
CAS (1e+1e, 4o), ncore = 14, nvir = 32
natorb = False
canonicalization = True
sorting_mo_energy = False
max_memory 4000 MB (current use 454 MB)
******** <class 'pyscf.fci.direct_spin1.FCISolver'> ********
max. cycles = 200
conv_tol = 1e-08
davidson only = False
linear dependence = 1e-12
level shift = 0.001
max iter space = 12
max_memory 4000 MB
nroots = 1
pspace_size = 400
spin = None
Density matrix diagonal elements [1.99996421e+00 3.55036606e-05 8.72530355e-11 2.90613576e-07]
CASCI converged
CASCI E = -234.909280297381  E(CI) = -1.32927652489849  S^2 = 0.0000000

******** <class 'pyscf.mcscf.casci.CASCI'> ********
CAS (1e+1e, 4o), ncore = 14, nvir = 32
natorb = False
canonicalization = True
sorting_mo_energy = False
max_memory 4000 MB (current use 454 MB)
******** <class 'pyscf.fci.direct_spin1.FCISolver'> ********
max. cycles = 200
conv_tol = 1e-08
davidson only = False
linear dependence = 1e-12
level shift = 0.001
max iter space = 12
max_memory 4000 MB
nroots = 1
pspace_size = 400
spin = None
Density matrix diagonal elements [1.99996511e+00 3.48015728e-05 8.89340724e-11 9.01646567e-08]
CASCI converged
CASCI E = -234.909279550712  E(CI) = -1.32927577822983  S^2 = 0.0000000

******** <class 'pyscf.mcscf.casci.CASCI'> ********
CAS (1e+1e, 4o), ncore = 14, nvir = 32
natorb = False
canonicalization = True
sorting_mo_energy = False
max_memory 4000 MB (current use 454 MB)
******** <class 'pyscf.fci.direct_spin1.FCISolver'> ********
max. cycles = 200
conv_tol = 1e-08
davidson only = False
linear dependence = 1e-12
level shift = 0.001
max iter space = 12
max_memory 4000 MB
nroots = 1
pspace_size = 400
spin = None
Density matrix diagonal elements [1.99996364e+00 3.58410396e-05 3.61054131e-07 1.57086765e-07]
CASCI converged
CASCI E = -234.909281235493  E(CI) = -1.32927746301002  S^2 = 0.0000000
two-all : -0.13810862514191058
Total time for MBECAS:  928.2964127063751
