

******** <class 'pyscf.scf.hf.RHF'> ********
method = RHF
initial guess = minao
damping factor = 0
level_shift factor = 0
DIIS = <class 'pyscf.scf.diis.CDIIS'>
diis_start_cycle = 1
diis_space = 8
diis_damp = 0
SCF conv_tol = 1e-09
SCF conv_tol_grad = None
SCF max_cycles = 50
direct_scf = True
direct_scf_tol = 1e-13
chkfile to save SCF result = /tmp/tmp7e4miqyc
max_memory 4000 MB (current use 85 MB)
Set gradient conv threshold to 3.16228e-05
Initial guess from minao.
init E= -78.0514770966121
  HOMO = -0.284868131051343  LUMO = 0.0463134891473744
cycle= 1 E= -77.9564097134526  delta_E= 0.0951  |g|= 0.234  |ddm|= 2.13
  HOMO = -0.390429399818463  LUMO = 0.14808623585054
cycle= 2 E= -77.9761080269903  delta_E= -0.0197  |g|= 0.0584  |ddm|= 0.255
  HOMO = -0.370878900084216  LUMO = 0.167773044217814
cycle= 3 E= -77.9774794652844  delta_E= -0.00137  |g|= 0.0115  |ddm|= 0.0878
  HOMO = -0.376263556566571  LUMO = 0.163212751677767
cycle= 4 E= -77.9775227182449  delta_E= -4.33e-05  |g|= 0.00212  |ddm|= 0.0129
  HOMO = -0.37543471972869  LUMO = 0.163639079688962
cycle= 5 E= -77.9775248431203  delta_E= -2.12e-06  |g|= 0.000434  |ddm|= 0.00293
  HOMO = -0.37537445205715  LUMO = 0.163650227606652
cycle= 6 E= -77.9775249596123  delta_E= -1.16e-07  |g|= 7.06e-05  |ddm|= 0.000798
  HOMO = -0.375349533133044  LUMO = 0.16365971091277
cycle= 7 E= -77.977524962695  delta_E= -3.08e-09  |g|= 4.94e-06  |ddm|= 0.000145
  HOMO = -0.375349024382861  LUMO = 0.163659818401178
cycle= 8 E= -77.9775249627086  delta_E= -1.37e-11  |g|= 5.22e-07  |ddm|= 1.15e-05
  HOMO = -0.375348922792951  LUMO = 0.163659932670261
Extra cycle  E= -77.9775249627085  delta_E= 1.42e-13  |g|= 1.63e-07  |ddm|= 9.7e-07
converged SCF energy = -77.9775249627085

******** <class 'pyscf.mcscf.casci.CASCI'> ********
CAS (1e+1e, 2o), ncore = 7, nvir = 39
natorb = False
canonicalization = True
sorting_mo_energy = False
max_memory 4000 MB (current use 538 MB)
******** <class 'pyscf.fci.direct_spin1.FCISolver'> ********
max. cycles = 200
conv_tol = 1e-08
davidson only = False
linear dependence = 1e-12
level shift = 0.001
max iter space = 12
max_memory 4000 MB
nroots = 1
pspace_size = 400
spin = None
Density matrix diagonal elements [1.9343697 0.0656303]
CASCI converged
CASCI E = -77.9964177267322  E(CI) = -1.21431232095436  S^2 = 0.0000000
<class 'pyscf.mcscf.casci.CASCI'> does not have attributes  max_cycle

******** <class 'pyscf.mcscf.casci.CASCI'> ********
CAS (2e+2e, 3o), ncore = 6, nvir = 39
natorb = False
canonicalization = True
sorting_mo_energy = False
max_memory 4000 MB (current use 548 MB)
******** <class 'pyscf.fci.direct_spin1.FCISolver'> ********
max. cycles = 200
conv_tol = 1e-08
davidson only = False
linear dependence = 1e-12
level shift = 0.001
max iter space = 12
max_memory 4000 MB
nroots = 1
pspace_size = 400
spin = None
Density matrix diagonal elements [1.93437198 0.0656281  1.99999992]
CASCI converged
CASCI E = -77.9964186944916  E(CI) = -27.7579825055468  S^2 = 0.0000000

******** <class 'pyscf.mcscf.casci.CASCI'> ********
CAS (2e+2e, 3o), ncore = 6, nvir = 39
natorb = False
canonicalization = True
sorting_mo_energy = False
max_memory 4000 MB (current use 548 MB)
******** <class 'pyscf.fci.direct_spin1.FCISolver'> ********
max. cycles = 200
conv_tol = 1e-08
davidson only = False
linear dependence = 1e-12
level shift = 0.001
max iter space = 12
max_memory 4000 MB
nroots = 1
pspace_size = 400
spin = None
Density matrix diagonal elements [1.93437203 0.06562806 1.99999991]
CASCI converged
CASCI E = -77.9964188066903  E(CI) = -27.7558651876382  S^2 = 0.0000000

******** <class 'pyscf.mcscf.casci.CASCI'> ********
CAS (2e+2e, 3o), ncore = 6, nvir = 39
natorb = False
canonicalization = True
sorting_mo_energy = False
max_memory 4000 MB (current use 548 MB)
******** <class 'pyscf.fci.direct_spin1.FCISolver'> ********
max. cycles = 200
conv_tol = 1e-08
davidson only = False
linear dependence = 1e-12
level shift = 0.001
max iter space = 12
max_memory 4000 MB
nroots = 1
pspace_size = 400
spin = None
Density matrix diagonal elements [1.93513255 0.065008   1.99985945]
CASCI converged
CASCI E = -77.9965409469502  E(CI) = -5.47134856530482  S^2 = 0.0000000

******** <class 'pyscf.mcscf.casci.CASCI'> ********
CAS (2e+2e, 3o), ncore = 6, nvir = 39
natorb = False
canonicalization = True
sorting_mo_energy = False
max_memory 4000 MB (current use 548 MB)
******** <class 'pyscf.fci.direct_spin1.FCISolver'> ********
max. cycles = 200
conv_tol = 1e-08
davidson only = False
linear dependence = 1e-12
level shift = 0.001
max iter space = 12
max_memory 4000 MB
nroots = 1
pspace_size = 400
spin = None
Density matrix diagonal elements [1.93540134 0.0659876  1.99861106]
CASCI converged
CASCI E = -77.9973472449545  E(CI) = -4.62960422319146  S^2 = 0.0000000

******** <class 'pyscf.mcscf.casci.CASCI'> ********
CAS (2e+2e, 3o), ncore = 6, nvir = 39
natorb = False
canonicalization = True
sorting_mo_energy = False
max_memory 4000 MB (current use 550 MB)
******** <class 'pyscf.fci.direct_spin1.FCISolver'> ********
max. cycles = 200
conv_tol = 1e-08
davidson only = False
linear dependence = 1e-12
level shift = 0.001
max iter space = 12
max_memory 4000 MB
nroots = 1
pspace_size = 400
spin = None
Density matrix diagonal elements [1.93451319 0.06560651 1.9998803 ]
CASCI converged
CASCI E = -77.9964793045494  E(CI) = -4.39163525833584  S^2 = 0.0000000

******** <class 'pyscf.mcscf.casci.CASCI'> ********
CAS (2e+2e, 3o), ncore = 6, nvir = 39
natorb = False
canonicalization = True
sorting_mo_energy = False
max_memory 4000 MB (current use 550 MB)
******** <class 'pyscf.fci.direct_spin1.FCISolver'> ********
max. cycles = 200
conv_tol = 1e-08
davidson only = False
linear dependence = 1e-12
level shift = 0.001
max iter space = 12
max_memory 4000 MB
nroots = 1
pspace_size = 400
spin = None
Density matrix diagonal elements [1.93464714 0.06559215 1.9997607 ]
CASCI converged
CASCI E = -77.9965236691391  E(CI) = -4.48121980924907  S^2 = 0.0000000

******** <class 'pyscf.mcscf.casci.CASCI'> ********
CAS (2e+2e, 3o), ncore = 6, nvir = 39
natorb = False
canonicalization = True
sorting_mo_energy = False
max_memory 4000 MB (current use 550 MB)
******** <class 'pyscf.fci.direct_spin1.FCISolver'> ********
max. cycles = 200
conv_tol = 1e-08
davidson only = False
linear dependence = 1e-12
level shift = 0.001
max iter space = 12
max_memory 4000 MB
nroots = 1
pspace_size = 400
spin = None
Density matrix diagonal elements [1.93453078 0.06577254 1.99969668]
CASCI converged
CASCI E = -77.9965381247282  E(CI) = -4.01985084698012  S^2 = 0.0000000

******** <class 'pyscf.mcscf.casci.CASCI'> ********
CAS (1e+1e, 3o), ncore = 7, nvir = 38
natorb = False
canonicalization = True
sorting_mo_energy = False
max_memory 4000 MB (current use 551 MB)
******** <class 'pyscf.fci.direct_spin1.FCISolver'> ********
max. cycles = 200
conv_tol = 1e-08
davidson only = False
linear dependence = 1e-12
level shift = 0.001
max iter space = 12
max_memory 4000 MB
nroots = 1
pspace_size = 400
spin = None
Density matrix diagonal elements [1.93437118e+00 6.55906093e-02 3.82152362e-05]
CASCI converged
CASCI E = -77.9964346685511  E(CI) = -1.21432926277329  S^2 = 0.0000000

******** <class 'pyscf.mcscf.casci.CASCI'> ********
CAS (1e+1e, 3o), ncore = 7, nvir = 38
natorb = False
canonicalization = True
sorting_mo_energy = False
max_memory 4000 MB (current use 551 MB)
******** <class 'pyscf.fci.direct_spin1.FCISolver'> ********
max. cycles = 200
conv_tol = 1e-08
davidson only = False
linear dependence = 1e-12
level shift = 0.001
max iter space = 12
max_memory 4000 MB
nroots = 1
pspace_size = 400
spin = None
Density matrix diagonal elements [1.93435840e+00 6.56137540e-02 2.78487448e-05]
CASCI converged
CASCI E = -77.9964302231645  E(CI) = -1.21432481738663  S^2 = 0.0000000

******** <class 'pyscf.mcscf.casci.CASCI'> ********
CAS (1e+1e, 3o), ncore = 7, nvir = 38
natorb = False
canonicalization = True
sorting_mo_energy = False
max_memory 4000 MB (current use 551 MB)
******** <class 'pyscf.fci.direct_spin1.FCISolver'> ********
max. cycles = 200
conv_tol = 1e-08
davidson only = False
linear dependence = 1e-12
level shift = 0.001
max iter space = 12
max_memory 4000 MB
nroots = 1
pspace_size = 400
spin = None
Density matrix diagonal elements [1.93437969e+00 6.55775557e-02 4.27581145e-05]
CASCI converged
CASCI E = -77.9964389145132  E(CI) = -1.21433350873538  S^2 = 0.0000000

******** <class 'pyscf.mcscf.casci.CASCI'> ********
CAS (1e+1e, 3o), ncore = 7, nvir = 38
natorb = False
canonicalization = True
sorting_mo_energy = False
max_memory 4000 MB (current use 551 MB)
******** <class 'pyscf.fci.direct_spin1.FCISolver'> ********
max. cycles = 200
conv_tol = 1e-08
davidson only = False
linear dependence = 1e-12
level shift = 0.001
max iter space = 12
max_memory 4000 MB
nroots = 1
pspace_size = 400
spin = None
Density matrix diagonal elements [1.93437105e+00 6.56250347e-02 3.91865580e-06]
CASCI converged
CASCI E = -77.9964199573255  E(CI) = -1.21431455154766  S^2 = 0.0000000

******** <class 'pyscf.mcscf.casci.CASCI'> ********
CAS (1e+1e, 3o), ncore = 7, nvir = 38
natorb = False
canonicalization = True
sorting_mo_energy = False
max_memory 4000 MB (current use 551 MB)
******** <class 'pyscf.fci.direct_spin1.FCISolver'> ********
max. cycles = 200
conv_tol = 1e-08
davidson only = False
linear dependence = 1e-12
level shift = 0.001
max iter space = 12
max_memory 4000 MB
nroots = 1
pspace_size = 400
spin = None
Density matrix diagonal elements [1.93440523e+00 6.55491730e-02 4.56010435e-05]
CASCI converged
CASCI E = -77.9964469804765  E(CI) = -1.21434157469865  S^2 = 0.0000000

******** <class 'pyscf.mcscf.casci.CASCI'> ********
CAS (1e+1e, 3o), ncore = 7, nvir = 38
natorb = False
canonicalization = True
sorting_mo_energy = False
max_memory 4000 MB (current use 551 MB)
******** <class 'pyscf.fci.direct_spin1.FCISolver'> ********
max. cycles = 200
conv_tol = 1e-08
davidson only = False
linear dependence = 1e-12
level shift = 0.001
max iter space = 12
max_memory 4000 MB
nroots = 1
pspace_size = 400
spin = None
Density matrix diagonal elements [1.93407617e+00 6.54388173e-02 4.85009449e-04]
CASCI converged
CASCI E = -77.9967340040111  E(CI) = -1.21462859823330  S^2 = 0.0000000

******** <class 'pyscf.mcscf.casci.CASCI'> ********
CAS (1e+1e, 3o), ncore = 7, nvir = 38
natorb = False
canonicalization = True
sorting_mo_energy = False
max_memory 4000 MB (current use 551 MB)
******** <class 'pyscf.fci.direct_spin1.FCISolver'> ********
max. cycles = 200
conv_tol = 1e-08
davidson only = False
linear dependence = 1e-12
level shift = 0.001
max iter space = 12
max_memory 4000 MB
nroots = 1
pspace_size = 400
spin = None
Density matrix diagonal elements [1.93446553e+00 6.51877162e-02 3.46756207e-04]
CASCI converged
CASCI E = -77.9966858000374  E(CI) = -1.21458039425958  S^2 = 0.0000000

******** <class 'pyscf.mcscf.casci.CASCI'> ********
CAS (1e+1e, 3o), ncore = 7, nvir = 38
natorb = False
canonicalization = True
sorting_mo_energy = False
max_memory 4000 MB (current use 551 MB)
******** <class 'pyscf.fci.direct_spin1.FCISolver'> ********
max. cycles = 200
conv_tol = 1e-08
davidson only = False
linear dependence = 1e-12
level shift = 0.001
max iter space = 12
max_memory 4000 MB
nroots = 1
pspace_size = 400
spin = None
Density matrix diagonal elements [1.93434599e+00 6.56046656e-02 4.93464729e-05]
CASCI converged
CASCI E = -77.9964546517660  E(CI) = -1.21434924598817  S^2 = 0.0000000

******** <class 'pyscf.mcscf.casci.CASCI'> ********
CAS (1e+1e, 3o), ncore = 7, nvir = 38
natorb = False
canonicalization = True
sorting_mo_energy = False
max_memory 4000 MB (current use 551 MB)
******** <class 'pyscf.fci.direct_spin1.FCISolver'> ********
max. cycles = 200
conv_tol = 1e-08
davidson only = False
linear dependence = 1e-12
level shift = 0.001
max iter space = 12
max_memory 4000 MB
nroots = 1
pspace_size = 400
spin = None
Density matrix diagonal elements [1.93349834 0.06369323 0.00280844]
CASCI converged
CASCI E = -77.9986033948303  E(CI) = -1.21649798905248  S^2 = 0.0000000

******** <class 'pyscf.mcscf.casci.CASCI'> ********
CAS (1e+1e, 3o), ncore = 7, nvir = 38
natorb = False
canonicalization = True
sorting_mo_energy = False
max_memory 4000 MB (current use 551 MB)
******** <class 'pyscf.fci.direct_spin1.FCISolver'> ********
max. cycles = 200
conv_tol = 1e-08
davidson only = False
linear dependence = 1e-12
level shift = 0.001
max iter space = 12
max_memory 4000 MB
nroots = 1
pspace_size = 400
spin = None
Density matrix diagonal elements [1.93474148e+00 6.51516022e-02 1.06915261e-04]
CASCI converged
CASCI E = -77.9965127393858  E(CI) = -1.21440733360792  S^2 = 0.0000000

******** <class 'pyscf.mcscf.casci.CASCI'> ********
CAS (1e+1e, 3o), ncore = 7, nvir = 38
natorb = False
canonicalization = True
sorting_mo_energy = False
max_memory 4000 MB (current use 551 MB)
******** <class 'pyscf.fci.direct_spin1.FCISolver'> ********
max. cycles = 200
conv_tol = 1e-08
davidson only = False
linear dependence = 1e-12
level shift = 0.001
max iter space = 12
max_memory 4000 MB
nroots = 1
pspace_size = 400
spin = None
Density matrix diagonal elements [1.915653   0.07656409 0.00778292]
CASCI converged
CASCI E = -78.0051219330457  E(CI) = -1.22301652726782  S^2 = 0.0000000

******** <class 'pyscf.mcscf.casci.CASCI'> ********
CAS (1e+1e, 3o), ncore = 7, nvir = 38
natorb = False
canonicalization = True
sorting_mo_energy = False
max_memory 4000 MB (current use 551 MB)
******** <class 'pyscf.fci.direct_spin1.FCISolver'> ********
max. cycles = 200
conv_tol = 1e-08
davidson only = False
linear dependence = 1e-12
level shift = 0.001
max iter space = 12
max_memory 4000 MB
nroots = 1
pspace_size = 400
spin = None
Density matrix diagonal elements [1.93440560e+00 6.55596480e-02 3.47502155e-05]
CASCI converged
CASCI E = -77.9964531621089  E(CI) = -1.21434775633105  S^2 = 0.0000000

******** <class 'pyscf.mcscf.casci.CASCI'> ********
CAS (1e+1e, 3o), ncore = 7, nvir = 38
natorb = False
canonicalization = True
sorting_mo_energy = False
max_memory 4000 MB (current use 551 MB)
******** <class 'pyscf.fci.direct_spin1.FCISolver'> ********
max. cycles = 200
conv_tol = 1e-08
davidson only = False
linear dependence = 1e-12
level shift = 0.001
max iter space = 12
max_memory 4000 MB
nroots = 1
pspace_size = 400
spin = None
Density matrix diagonal elements [1.93443181e+00 6.55042916e-02 6.38942427e-05]
CASCI converged
CASCI E = -77.9964817916414  E(CI) = -1.21437638586353  S^2 = 0.0000000

******** <class 'pyscf.mcscf.casci.CASCI'> ********
CAS (1e+1e, 3o), ncore = 7, nvir = 38
natorb = False
canonicalization = True
sorting_mo_energy = False
max_memory 4000 MB (current use 551 MB)
******** <class 'pyscf.fci.direct_spin1.FCISolver'> ********
max. cycles = 200
conv_tol = 1e-08
davidson only = False
linear dependence = 1e-12
level shift = 0.001
max iter space = 12
max_memory 4000 MB
nroots = 1
pspace_size = 400
spin = None
Density matrix diagonal elements [1.93437158e+00 6.56141181e-02 1.43024494e-05]
CASCI converged
CASCI E = -77.9964317908622  E(CI) = -1.21432638508432  S^2 = 0.0000000

******** <class 'pyscf.mcscf.casci.CASCI'> ********
CAS (1e+1e, 3o), ncore = 7, nvir = 38
natorb = False
canonicalization = True
sorting_mo_energy = False
max_memory 4000 MB (current use 551 MB)
******** <class 'pyscf.fci.direct_spin1.FCISolver'> ********
max. cycles = 200
conv_tol = 1e-08
davidson only = False
linear dependence = 1e-12
level shift = 0.001
max iter space = 12
max_memory 4000 MB
nroots = 1
pspace_size = 400
spin = None
Density matrix diagonal elements [1.93437743e+00 6.56128170e-02 9.75264395e-06]
CASCI converged
CASCI E = -77.9964277297831  E(CI) = -1.21432232400527  S^2 = 0.0000000

******** <class 'pyscf.mcscf.casci.CASCI'> ********
CAS (1e+1e, 3o), ncore = 7, nvir = 38
natorb = False
canonicalization = True
sorting_mo_energy = False
max_memory 4000 MB (current use 551 MB)
******** <class 'pyscf.fci.direct_spin1.FCISolver'> ********
max. cycles = 200
conv_tol = 1e-08
davidson only = False
linear dependence = 1e-12
level shift = 0.001
max iter space = 12
max_memory 4000 MB
nroots = 1
pspace_size = 400
spin = None
Density matrix diagonal elements [1.93439597e+00 6.55466991e-02 5.73337904e-05]
CASCI converged
CASCI E = -77.9964802053199  E(CI) = -1.21437479954206  S^2 = 0.0000000

******** <class 'pyscf.mcscf.casci.CASCI'> ********
CAS (1e+1e, 3o), ncore = 7, nvir = 38
natorb = False
canonicalization = True
sorting_mo_energy = False
max_memory 4000 MB (current use 551 MB)
******** <class 'pyscf.fci.direct_spin1.FCISolver'> ********
max. cycles = 200
conv_tol = 1e-08
davidson only = False
linear dependence = 1e-12
level shift = 0.001
max iter space = 12
max_memory 4000 MB
nroots = 1
pspace_size = 400
spin = None
Density matrix diagonal elements [1.93438287e+00 6.56131814e-02 3.95259805e-06]
CASCI converged
CASCI E = -77.9964233689397  E(CI) = -1.21431796316188  S^2 = 0.0000000

******** <class 'pyscf.mcscf.casci.CASCI'> ********
CAS (1e+1e, 3o), ncore = 7, nvir = 38
natorb = False
canonicalization = True
sorting_mo_energy = False
max_memory 4000 MB (current use 551 MB)
******** <class 'pyscf.fci.direct_spin1.FCISolver'> ********
max. cycles = 200
conv_tol = 1e-08
davidson only = False
linear dependence = 1e-12
level shift = 0.001
max iter space = 12
max_memory 4000 MB
nroots = 1
pspace_size = 400
spin = None
Density matrix diagonal elements [1.93458284e+00 6.52736222e-02 1.43539036e-04]
CASCI converged
CASCI E = -77.9966355589051  E(CI) = -1.21453015312728  S^2 = 0.0000000

******** <class 'pyscf.mcscf.casci.CASCI'> ********
CAS (1e+1e, 3o), ncore = 7, nvir = 38
natorb = False
canonicalization = True
sorting_mo_energy = False
max_memory 4000 MB (current use 551 MB)
******** <class 'pyscf.fci.direct_spin1.FCISolver'> ********
max. cycles = 200
conv_tol = 1e-08
davidson only = False
linear dependence = 1e-12
level shift = 0.001
max iter space = 12
max_memory 4000 MB
nroots = 1
pspace_size = 400
spin = None
Density matrix diagonal elements [1.93450849e+00 6.54629605e-02 2.85505512e-05]
CASCI converged
CASCI E = -77.9964635939286  E(CI) = -1.21435818815078  S^2 = 0.0000000

******** <class 'pyscf.mcscf.casci.CASCI'> ********
CAS (1e+1e, 3o), ncore = 7, nvir = 38
natorb = False
canonicalization = True
sorting_mo_energy = False
max_memory 4000 MB (current use 551 MB)
******** <class 'pyscf.fci.direct_spin1.FCISolver'> ********
max. cycles = 200
conv_tol = 1e-08
davidson only = False
linear dependence = 1e-12
level shift = 0.001
max iter space = 12
max_memory 4000 MB
nroots = 1
pspace_size = 400
spin = None
Density matrix diagonal elements [1.93409438e+00 6.56207342e-02 2.84883146e-04]
CASCI converged
CASCI E = -77.9968618932489  E(CI) = -1.21475648747104  S^2 = 0.0000000

******** <class 'pyscf.mcscf.casci.CASCI'> ********
CAS (1e+1e, 3o), ncore = 7, nvir = 38
natorb = False
canonicalization = True
sorting_mo_energy = False
max_memory 4000 MB (current use 551 MB)
******** <class 'pyscf.fci.direct_spin1.FCISolver'> ********
max. cycles = 200
conv_tol = 1e-08
davidson only = False
linear dependence = 1e-12
level shift = 0.001
max iter space = 12
max_memory 4000 MB
nroots = 1
pspace_size = 400
spin = None
Density matrix diagonal elements [1.93437191e+00 6.56278303e-02 2.63580235e-07]
CASCI converged
CASCI E = -77.9964182603057  E(CI) = -1.21431285452786  S^2 = 0.0000000

******** <class 'pyscf.mcscf.casci.CASCI'> ********
CAS (1e+1e, 3o), ncore = 7, nvir = 38
natorb = False
canonicalization = True
sorting_mo_energy = False
max_memory 4000 MB (current use 551 MB)
******** <class 'pyscf.fci.direct_spin1.FCISolver'> ********
max. cycles = 200
conv_tol = 1e-08
davidson only = False
linear dependence = 1e-12
level shift = 0.001
max iter space = 12
max_memory 4000 MB
nroots = 1
pspace_size = 400
spin = None
Density matrix diagonal elements [1.93437151e+00 6.56279960e-02 4.90887433e-07]
CASCI converged
CASCI E = -77.9964187375568  E(CI) = -1.21431333177892  S^2 = 0.0000000

******** <class 'pyscf.mcscf.casci.CASCI'> ********
CAS (1e+1e, 3o), ncore = 7, nvir = 38
natorb = False
canonicalization = True
sorting_mo_energy = False
max_memory 4000 MB (current use 551 MB)
******** <class 'pyscf.fci.direct_spin1.FCISolver'> ********
max. cycles = 200
conv_tol = 1e-08
davidson only = False
linear dependence = 1e-12
level shift = 0.001
max iter space = 12
max_memory 4000 MB
nroots = 1
pspace_size = 400
spin = None
Density matrix diagonal elements [1.93437640e+00 6.56108584e-02 1.27456712e-05]
CASCI converged
CASCI E = -77.9964432474425  E(CI) = -1.21433784166464  S^2 = 0.0000000

******** <class 'pyscf.mcscf.casci.CASCI'> ********
CAS (1e+1e, 3o), ncore = 7, nvir = 38
natorb = False
canonicalization = True
sorting_mo_energy = False
max_memory 4000 MB (current use 551 MB)
******** <class 'pyscf.fci.direct_spin1.FCISolver'> ********
max. cycles = 200
conv_tol = 1e-08
davidson only = False
linear dependence = 1e-12
level shift = 0.001
max iter space = 12
max_memory 4000 MB
nroots = 1
pspace_size = 400
spin = None
Density matrix diagonal elements [1.93399205e+00 6.59200342e-02 8.79110034e-05]
CASCI converged
CASCI E = -77.9966219306845  E(CI) = -1.21451652490660  S^2 = 0.0000000

******** <class 'pyscf.mcscf.casci.CASCI'> ********
CAS (1e+1e, 3o), ncore = 7, nvir = 38
natorb = False
canonicalization = True
sorting_mo_energy = False
max_memory 4000 MB (current use 551 MB)
******** <class 'pyscf.fci.direct_spin1.FCISolver'> ********
max. cycles = 200
conv_tol = 1e-08
davidson only = False
linear dependence = 1e-12
level shift = 0.001
max iter space = 12
max_memory 4000 MB
nroots = 1
pspace_size = 400
spin = None
Density matrix diagonal elements [1.93439500e+00 6.55948832e-02 1.01152470e-05]
CASCI converged
CASCI E = -77.9964393301310  E(CI) = -1.21433392435310  S^2 = 0.0000000

******** <class 'pyscf.mcscf.casci.CASCI'> ********
CAS (1e+1e, 3o), ncore = 7, nvir = 38
natorb = False
canonicalization = True
sorting_mo_energy = False
max_memory 4000 MB (current use 551 MB)
******** <class 'pyscf.fci.direct_spin1.FCISolver'> ********
max. cycles = 200
conv_tol = 1e-08
davidson only = False
linear dependence = 1e-12
level shift = 0.001
max iter space = 12
max_memory 4000 MB
nroots = 1
pspace_size = 400
spin = None
Density matrix diagonal elements [1.93437228e+00 6.56255868e-02 2.13391010e-06]
CASCI converged
CASCI E = -77.9964222942649  E(CI) = -1.21431688848702  S^2 = 0.0000000

******** <class 'pyscf.mcscf.casci.CASCI'> ********
CAS (1e+1e, 3o), ncore = 7, nvir = 38
natorb = False
canonicalization = True
sorting_mo_energy = False
max_memory 4000 MB (current use 551 MB)
******** <class 'pyscf.fci.direct_spin1.FCISolver'> ********
max. cycles = 200
conv_tol = 1e-08
davidson only = False
linear dependence = 1e-12
level shift = 0.001
max iter space = 12
max_memory 4000 MB
nroots = 1
pspace_size = 400
spin = None
Density matrix diagonal elements [1.93462998e+00 6.52378899e-02 1.32129380e-04]
CASCI converged
CASCI E = -77.9966986740339  E(CI) = -1.21459326825602  S^2 = 0.0000000

******** <class 'pyscf.mcscf.casci.CASCI'> ********
CAS (1e+1e, 3o), ncore = 7, nvir = 38
natorb = False
canonicalization = True
sorting_mo_energy = False
max_memory 4000 MB (current use 551 MB)
******** <class 'pyscf.fci.direct_spin1.FCISolver'> ********
max. cycles = 200
conv_tol = 1e-08
davidson only = False
linear dependence = 1e-12
level shift = 0.001
max iter space = 12
max_memory 4000 MB
nroots = 1
pspace_size = 400
spin = None
Density matrix diagonal elements [1.93427783e+00 6.56804061e-02 4.17626754e-05]
CASCI converged
CASCI E = -77.9965129088336  E(CI) = -1.21440750305575  S^2 = 0.0000000

******** <class 'pyscf.mcscf.casci.CASCI'> ********
CAS (1e+1e, 3o), ncore = 7, nvir = 38
natorb = False
canonicalization = True
sorting_mo_energy = False
max_memory 4000 MB (current use 551 MB)
******** <class 'pyscf.fci.direct_spin1.FCISolver'> ********
max. cycles = 200
conv_tol = 1e-08
davidson only = False
linear dependence = 1e-12
level shift = 0.001
max iter space = 12
max_memory 4000 MB
nroots = 1
pspace_size = 400
spin = None
Density matrix diagonal elements [1.93444347e+00 6.54991048e-02 5.74257092e-05]
CASCI converged
CASCI E = -77.9965562723185  E(CI) = -1.21445086654067  S^2 = 0.0000000

******** <class 'pyscf.mcscf.casci.CASCI'> ********
CAS (1e+1e, 3o), ncore = 7, nvir = 38
natorb = False
canonicalization = True
sorting_mo_energy = False
max_memory 4000 MB (current use 551 MB)
******** <class 'pyscf.fci.direct_spin1.FCISolver'> ********
max. cycles = 200
conv_tol = 1e-08
davidson only = False
linear dependence = 1e-12
level shift = 0.001
max iter space = 12
max_memory 4000 MB
nroots = 1
pspace_size = 400
spin = None
Density matrix diagonal elements [1.93441765e+00 6.55709383e-02 1.14128679e-05]
CASCI converged
CASCI E = -77.9964467712814  E(CI) = -1.21434136550357  S^2 = 0.0000000

******** <class 'pyscf.mcscf.casci.CASCI'> ********
CAS (1e+1e, 3o), ncore = 7, nvir = 38
natorb = False
canonicalization = True
sorting_mo_energy = False
max_memory 4000 MB (current use 551 MB)
******** <class 'pyscf.fci.direct_spin1.FCISolver'> ********
max. cycles = 200
conv_tol = 1e-08
davidson only = False
linear dependence = 1e-12
level shift = 0.001
max iter space = 12
max_memory 4000 MB
nroots = 1
pspace_size = 400
spin = None
Density matrix diagonal elements [1.93437189e+00 6.56273688e-02 7.42016610e-07]
CASCI converged
CASCI E = -77.9964197061286  E(CI) = -1.21431430035072  S^2 = 0.0000000

******** <class 'pyscf.mcscf.casci.CASCI'> ********
CAS (1e+1e, 3o), ncore = 7, nvir = 38
natorb = False
canonicalization = True
sorting_mo_energy = False
max_memory 4000 MB (current use 551 MB)
******** <class 'pyscf.fci.direct_spin1.FCISolver'> ********
max. cycles = 200
conv_tol = 1e-08
davidson only = False
linear dependence = 1e-12
level shift = 0.001
max iter space = 12
max_memory 4000 MB
nroots = 1
pspace_size = 400
spin = None
Density matrix diagonal elements [1.93437536e+00 6.56228152e-02 1.81999300e-06]
CASCI converged
CASCI E = -77.9964227573823  E(CI) = -1.21431735160449  S^2 = 0.0000000

******** <class 'pyscf.mcscf.casci.CASCI'> ********
CAS (1e+1e, 3o), ncore = 7, nvir = 38
natorb = False
canonicalization = True
sorting_mo_energy = False
max_memory 4000 MB (current use 551 MB)
******** <class 'pyscf.fci.direct_spin1.FCISolver'> ********
max. cycles = 200
conv_tol = 1e-08
davidson only = False
linear dependence = 1e-12
level shift = 0.001
max iter space = 12
max_memory 4000 MB
nroots = 1
pspace_size = 400
spin = None
Density matrix diagonal elements [1.93446126e+00 6.55126505e-02 2.60899223e-05]
CASCI converged
CASCI E = -77.9964888276891  E(CI) = -1.21438342191121  S^2 = 0.0000000

******** <class 'pyscf.mcscf.casci.CASCI'> ********
CAS (1e+1e, 3o), ncore = 7, nvir = 38
natorb = False
canonicalization = True
sorting_mo_energy = False
max_memory 4000 MB (current use 551 MB)
******** <class 'pyscf.fci.direct_spin1.FCISolver'> ********
max. cycles = 200
conv_tol = 1e-08
davidson only = False
linear dependence = 1e-12
level shift = 0.001
max iter space = 12
max_memory 4000 MB
nroots = 1
pspace_size = 400
spin = None
Density matrix diagonal elements [1.93429251e+00 6.56588790e-02 4.86142572e-05]
CASCI converged
CASCI E = -77.9965560464108  E(CI) = -1.21445064063298  S^2 = 0.0000000

******** <class 'pyscf.mcscf.casci.CASCI'> ********
CAS (1e+1e, 3o), ncore = 7, nvir = 38
natorb = False
canonicalization = True
sorting_mo_energy = False
max_memory 4000 MB (current use 551 MB)
******** <class 'pyscf.fci.direct_spin1.FCISolver'> ********
max. cycles = 200
conv_tol = 1e-08
davidson only = False
linear dependence = 1e-12
level shift = 0.001
max iter space = 12
max_memory 4000 MB
nroots = 1
pspace_size = 400
spin = None
Density matrix diagonal elements [1.93437304e+00 6.56253479e-02 1.61007627e-06]
CASCI converged
CASCI E = -77.9964227566574  E(CI) = -1.21431735087950  S^2 = 0.0000000

******** <class 'pyscf.mcscf.casci.CASCI'> ********
CAS (1e+1e, 3o), ncore = 7, nvir = 38
natorb = False
canonicalization = True
sorting_mo_energy = False
max_memory 4000 MB (current use 551 MB)
******** <class 'pyscf.fci.direct_spin1.FCISolver'> ********
max. cycles = 200
conv_tol = 1e-08
davidson only = False
linear dependence = 1e-12
level shift = 0.001
max iter space = 12
max_memory 4000 MB
nroots = 1
pspace_size = 400
spin = None
Density matrix diagonal elements [1.93437239e+00 6.56269359e-02 6.70475865e-07]
CASCI converged
CASCI E = -77.9964198794046  E(CI) = -1.21431447362676  S^2 = 0.0000000

******** <class 'pyscf.mcscf.casci.CASCI'> ********
CAS (1e+1e, 3o), ncore = 7, nvir = 38
natorb = False
canonicalization = True
sorting_mo_energy = False
max_memory 4000 MB (current use 551 MB)
******** <class 'pyscf.fci.direct_spin1.FCISolver'> ********
max. cycles = 200
conv_tol = 1e-08
davidson only = False
linear dependence = 1e-12
level shift = 0.001
max iter space = 12
max_memory 4000 MB
nroots = 1
pspace_size = 400
spin = None
Density matrix diagonal elements [1.93438679e+00 6.56098962e-02 3.30966563e-06]
CASCI converged
CASCI E = -77.9964282762798  E(CI) = -1.21432287050197  S^2 = 0.0000000

******** <class 'pyscf.mcscf.casci.CASCI'> ********
CAS (1e+1e, 3o), ncore = 7, nvir = 38
natorb = False
canonicalization = True
sorting_mo_energy = False
max_memory 4000 MB (current use 551 MB)
******** <class 'pyscf.fci.direct_spin1.FCISolver'> ********
max. cycles = 200
conv_tol = 1e-08
davidson only = False
linear dependence = 1e-12
level shift = 0.001
max iter space = 12
max_memory 4000 MB
nroots = 1
pspace_size = 400
spin = None
Density matrix diagonal elements [1.93437507e+00 6.56235424e-02 1.38398566e-06]
CASCI converged
CASCI E = -77.9964225336678  E(CI) = -1.21431712788997  S^2 = 0.0000000

******** <class 'pyscf.mcscf.casci.CASCI'> ********
CAS (1e+1e, 3o), ncore = 7, nvir = 38
natorb = False
canonicalization = True
sorting_mo_energy = False
max_memory 4000 MB (current use 551 MB)
******** <class 'pyscf.fci.direct_spin1.FCISolver'> ********
max. cycles = 200
conv_tol = 1e-08
davidson only = False
linear dependence = 1e-12
level shift = 0.001
max iter space = 12
max_memory 4000 MB
nroots = 1
pspace_size = 400
spin = None
Density matrix diagonal elements [1.93437287e+00 6.56265413e-02 5.92074716e-07]
CASCI converged
CASCI E = -77.9964199294642  E(CI) = -1.21431452368635  S^2 = 0.0000000
one-all : -0.03386562762720757

******** <class 'pyscf.mcscf.casci.CASCI'> ********
CAS (3e+3e, 4o), ncore = 5, nvir = 39
natorb = False
canonicalization = True
sorting_mo_energy = False
max_memory 4000 MB (current use 551 MB)
******** <class 'pyscf.fci.direct_spin1.FCISolver'> ********
max. cycles = 200
conv_tol = 1e-08
davidson only = False
linear dependence = 1e-12
level shift = 0.001
max iter space = 12
max_memory 4000 MB
nroots = 1
pspace_size = 400
spin = None
Density matrix diagonal elements [1.93437403 0.06562612 1.99999993 1.99999992]
CASCI converged
CASCI E = -77.9964196470330  E(CI) = -58.9744335137272  S^2 = 0.0000000

******** <class 'pyscf.mcscf.casci.CASCI'> ********
CAS (3e+3e, 4o), ncore = 5, nvir = 39
natorb = False
canonicalization = True
sorting_mo_energy = False
max_memory 4000 MB (current use 551 MB)
******** <class 'pyscf.fci.direct_spin1.FCISolver'> ********
max. cycles = 200
conv_tol = 1e-08
davidson only = False
linear dependence = 1e-12
level shift = 0.001
max iter space = 12
max_memory 4000 MB
nroots = 1
pspace_size = 400
spin = None
Density matrix diagonal elements [1.93514462 0.06499629 1.99999969 1.9998594 ]
CASCI converged
CASCI E = -77.9965446261426  E(CI) = -34.4510369435416  S^2 = 0.0000000

******** <class 'pyscf.mcscf.casci.CASCI'> ********
CAS (3e+3e, 4o), ncore = 5, nvir = 39
natorb = False
canonicalization = True
sorting_mo_energy = False
max_memory 4000 MB (current use 551 MB)
******** <class 'pyscf.fci.direct_spin1.FCISolver'> ********
max. cycles = 200
conv_tol = 1e-08
davidson only = False
linear dependence = 1e-12
level shift = 0.001
max iter space = 12
max_memory 4000 MB
nroots = 1
pspace_size = 400
spin = None
Density matrix diagonal elements [1.93540331 0.06598546 1.99999993 1.9986113 ]
CASCI converged
CASCI E = -77.9973480459816  E(CI) = -33.1176620798817  S^2 = 0.0000000

******** <class 'pyscf.mcscf.casci.CASCI'> ********
CAS (3e+3e, 4o), ncore = 5, nvir = 39
natorb = False
canonicalization = True
sorting_mo_energy = False
max_memory 4000 MB (current use 551 MB)
******** <class 'pyscf.fci.direct_spin1.FCISolver'> ********
max. cycles = 200
conv_tol = 1e-08
davidson only = False
linear dependence = 1e-12
level shift = 0.001
max iter space = 12
max_memory 4000 MB
nroots = 1
pspace_size = 400
spin = None
Density matrix diagonal elements [1.93451543 0.06560431 1.99999992 1.99988034]
CASCI converged
CASCI E = -77.9964802545730  E(CI) = -32.8692798572649  S^2 = 0.0000000

******** <class 'pyscf.mcscf.casci.CASCI'> ********
CAS (3e+3e, 4o), ncore = 5, nvir = 39
natorb = False
canonicalization = True
sorting_mo_energy = False
max_memory 4000 MB (current use 551 MB)
******** <class 'pyscf.fci.direct_spin1.FCISolver'> ********
max. cycles = 200
conv_tol = 1e-08
davidson only = False
linear dependence = 1e-12
level shift = 0.001
max iter space = 12
max_memory 4000 MB
nroots = 1
pspace_size = 400
spin = None
Density matrix diagonal elements [1.93464875 0.06559068 1.99999987 1.99976069]
CASCI converged
CASCI E = -77.9965251218057  E(CI) = -33.2868992908113  S^2 = 0.0000000

******** <class 'pyscf.mcscf.casci.CASCI'> ********
CAS (3e+3e, 4o), ncore = 5, nvir = 39
natorb = False
canonicalization = True
sorting_mo_energy = False
max_memory 4000 MB (current use 551 MB)
******** <class 'pyscf.fci.direct_spin1.FCISolver'> ********
max. cycles = 200
conv_tol = 1e-08
davidson only = False
linear dependence = 1e-12
level shift = 0.001
max iter space = 12
max_memory 4000 MB
nroots = 1
pspace_size = 400
spin = None
Density matrix diagonal elements [1.93453302 0.06577032 1.99999992 1.99969674]
CASCI converged
CASCI E = -77.9965390685415  E(CI) = -32.3619114860734  S^2 = 0.0000000

******** <class 'pyscf.mcscf.casci.CASCI'> ********
CAS (2e+2e, 4o), ncore = 6, nvir = 38
natorb = False
canonicalization = True
sorting_mo_energy = False
max_memory 4000 MB (current use 551 MB)
******** <class 'pyscf.fci.direct_spin1.FCISolver'> ********
max. cycles = 200
conv_tol = 1e-08
davidson only = False
linear dependence = 1e-12
level shift = 0.001
max iter space = 12
max_memory 4000 MB
nroots = 1
pspace_size = 400
spin = None
Density matrix diagonal elements [1.93437286e+00 6.55890411e-02 1.99999985e+00 3.82541702e-05]
CASCI converged
CASCI E = -77.9964364527686  E(CI) = -27.7580002638239  S^2 = 0.0000000

******** <class 'pyscf.mcscf.casci.CASCI'> ********
CAS (2e+2e, 4o), ncore = 6, nvir = 38
natorb = False
canonicalization = True
sorting_mo_energy = False
max_memory 4000 MB (current use 551 MB)
******** <class 'pyscf.fci.direct_spin1.FCISolver'> ********
max. cycles = 200
conv_tol = 1e-08
davidson only = False
linear dependence = 1e-12
level shift = 0.001
max iter space = 12
max_memory 4000 MB
nroots = 1
pspace_size = 400
spin = None
Density matrix diagonal elements [1.93436069e+00 6.56115551e-02 1.99999990e+00 2.78587725e-05]
CASCI converged
CASCI E = -77.9964314479369  E(CI) = -27.7579952589922  S^2 = 0.0000000

******** <class 'pyscf.mcscf.casci.CASCI'> ********
CAS (2e+2e, 4o), ncore = 6, nvir = 38
natorb = False
canonicalization = True
sorting_mo_energy = False
max_memory 4000 MB (current use 551 MB)
******** <class 'pyscf.fci.direct_spin1.FCISolver'> ********
max. cycles = 200
conv_tol = 1e-08
davidson only = False
linear dependence = 1e-12
level shift = 0.001
max iter space = 12
max_memory 4000 MB
nroots = 1
pspace_size = 400
spin = None
Density matrix diagonal elements [1.93437928e+00 6.55780971e-02 1.99999942e+00 4.32057207e-05]
CASCI converged
CASCI E = -77.9964456619855  E(CI) = -27.7580094730408  S^2 = 0.0000000

******** <class 'pyscf.mcscf.casci.CASCI'> ********
CAS (2e+2e, 4o), ncore = 6, nvir = 38
natorb = False
canonicalization = True
sorting_mo_energy = False
max_memory 4000 MB (current use 551 MB)
******** <class 'pyscf.fci.direct_spin1.FCISolver'> ********
max. cycles = 200
conv_tol = 1e-08
davidson only = False
linear dependence = 1e-12
level shift = 0.001
max iter space = 12
max_memory 4000 MB
nroots = 1
pspace_size = 400
spin = None
Density matrix diagonal elements [1.93437334e+00 6.56228313e-02 1.99999990e+00 3.92929326e-06]
CASCI converged
CASCI E = -77.9964210862204  E(CI) = -27.7579848972756  S^2 = 0.0000000

******** <class 'pyscf.mcscf.casci.CASCI'> ********
CAS (2e+2e, 4o), ncore = 6, nvir = 38
natorb = False
canonicalization = True
sorting_mo_energy = False
max_memory 4000 MB (current use 551 MB)
******** <class 'pyscf.fci.direct_spin1.FCISolver'> ********
max. cycles = 200
conv_tol = 1e-08
davidson only = False
linear dependence = 1e-12
level shift = 0.001
max iter space = 12
max_memory 4000 MB
nroots = 1
pspace_size = 400
spin = None
Density matrix diagonal elements [1.93440893e+00 6.55455960e-02 1.99999952e+00 4.59556541e-05]
CASCI converged
CASCI E = -77.9964525815640  E(CI) = -27.7580163926193  S^2 = 0.0000000

******** <class 'pyscf.mcscf.casci.CASCI'> ********
CAS (2e+2e, 4o), ncore = 6, nvir = 38
natorb = False
canonicalization = True
sorting_mo_energy = False
max_memory 4000 MB (current use 551 MB)
******** <class 'pyscf.fci.direct_spin1.FCISolver'> ********
max. cycles = 200
conv_tol = 1e-08
davidson only = False
linear dependence = 1e-12
level shift = 0.001
max iter space = 12
max_memory 4000 MB
nroots = 1
pspace_size = 400
spin = None
Density matrix diagonal elements [1.93407671e+00 6.54384836e-02 1.99999962e+00 4.85186553e-04]
CASCI converged
CASCI E = -77.9967385226183  E(CI) = -27.7583023336736  S^2 = 0.0000000

******** <class 'pyscf.mcscf.casci.CASCI'> ********
CAS (2e+2e, 4o), ncore = 6, nvir = 38
natorb = False
canonicalization = True
sorting_mo_energy = False
max_memory 4000 MB (current use 551 MB)
******** <class 'pyscf.fci.direct_spin1.FCISolver'> ********
max. cycles = 200
conv_tol = 1e-08
davidson only = False
linear dependence = 1e-12
level shift = 0.001
max iter space = 12
max_memory 4000 MB
nroots = 1
pspace_size = 400
spin = None
Density matrix diagonal elements [1.93446776e+00 6.51856003e-02 1.99999987e+00 3.46774745e-04]
CASCI converged
CASCI E = -77.9966873947002  E(CI) = -27.7582512057555  S^2 = 0.0000000

******** <class 'pyscf.mcscf.casci.CASCI'> ********
CAS (2e+2e, 4o), ncore = 6, nvir = 38
natorb = False
canonicalization = True
sorting_mo_energy = False
max_memory 4000 MB (current use 551 MB)
******** <class 'pyscf.fci.direct_spin1.FCISolver'> ********
max. cycles = 200
conv_tol = 1e-08
davidson only = False
linear dependence = 1e-12
level shift = 0.001
max iter space = 12
max_memory 4000 MB
nroots = 1
pspace_size = 400
spin = None
Density matrix diagonal elements [1.93434828e+00 6.56024602e-02 1.99999992e+00 4.93464225e-05]
CASCI converged
CASCI E = -77.9964556200471  E(CI) = -27.7580194311024  S^2 = 0.0000000

******** <class 'pyscf.mcscf.casci.CASCI'> ********
CAS (2e+2e, 4o), ncore = 6, nvir = 38
natorb = False
canonicalization = True
sorting_mo_energy = False
max_memory 4000 MB (current use 551 MB)
******** <class 'pyscf.fci.direct_spin1.FCISolver'> ********
max. cycles = 200
conv_tol = 1e-08
davidson only = False
linear dependence = 1e-12
level shift = 0.001
max iter space = 12
max_memory 4000 MB
nroots = 1
pspace_size = 400
spin = None
Density matrix diagonal elements [1.93349902 0.06369326 1.999999   0.00280872]
CASCI converged
CASCI E = -77.9986154596126  E(CI) = -27.7601792706679  S^2 = 0.0000000

******** <class 'pyscf.mcscf.casci.CASCI'> ********
CAS (2e+2e, 4o), ncore = 6, nvir = 38
natorb = False
canonicalization = True
sorting_mo_energy = False
max_memory 4000 MB (current use 551 MB)
******** <class 'pyscf.fci.direct_spin1.FCISolver'> ********
max. cycles = 200
conv_tol = 1e-08
davidson only = False
linear dependence = 1e-12
level shift = 0.001
max iter space = 12
max_memory 4000 MB
nroots = 1
pspace_size = 400
spin = None
Density matrix diagonal elements [1.93474023e+00 6.51529437e-02 1.99999955e+00 1.07276952e-04]
CASCI converged
CASCI E = -77.9965180874038  E(CI) = -27.7580818984591  S^2 = 0.0000000

******** <class 'pyscf.mcscf.casci.CASCI'> ********
CAS (2e+2e, 4o), ncore = 6, nvir = 38
natorb = False
canonicalization = True
sorting_mo_energy = False
max_memory 4000 MB (current use 551 MB)
******** <class 'pyscf.fci.direct_spin1.FCISolver'> ********
max. cycles = 200
conv_tol = 1e-08
davidson only = False
linear dependence = 1e-12
level shift = 0.001
max iter space = 12
max_memory 4000 MB
nroots = 1
pspace_size = 400
spin = None
Density matrix diagonal elements [1.91566245 0.07655685 1.9999977  0.00778299]
CASCI converged
CASCI E = -78.0051489551395  E(CI) = -27.7667127661948  S^2 = 0.0000000

******** <class 'pyscf.mcscf.casci.CASCI'> ********
CAS (2e+2e, 4o), ncore = 6, nvir = 38
natorb = False
canonicalization = True
sorting_mo_energy = False
max_memory 4000 MB (current use 551 MB)
******** <class 'pyscf.fci.direct_spin1.FCISolver'> ********
max. cycles = 200
conv_tol = 1e-08
davidson only = False
linear dependence = 1e-12
level shift = 0.001
max iter space = 12
max_memory 4000 MB
nroots = 1
pspace_size = 400
spin = None
Density matrix diagonal elements [1.93440506e+00 6.55603294e-02 1.99999866e+00 3.59577078e-05]
CASCI converged
CASCI E = -77.9964697532725  E(CI) = -27.7580335643278  S^2 = 0.0000000

******** <class 'pyscf.mcscf.casci.CASCI'> ********
CAS (2e+2e, 4o), ncore = 6, nvir = 38
natorb = False
canonicalization = True
sorting_mo_energy = False
max_memory 4000 MB (current use 551 MB)
******** <class 'pyscf.fci.direct_spin1.FCISolver'> ********
max. cycles = 200
conv_tol = 1e-08
davidson only = False
linear dependence = 1e-12
level shift = 0.001
max iter space = 12
max_memory 4000 MB
nroots = 1
pspace_size = 400
spin = None
Density matrix diagonal elements [1.93442862e+00 6.55077138e-02 1.99999626e+00 6.74055672e-05]
CASCI converged
CASCI E = -77.9965275279798  E(CI) = -27.7580913390351  S^2 = 0.0000000

******** <class 'pyscf.mcscf.casci.CASCI'> ********
CAS (2e+2e, 4o), ncore = 6, nvir = 38
natorb = False
canonicalization = True
sorting_mo_energy = False
max_memory 4000 MB (current use 551 MB)
******** <class 'pyscf.fci.direct_spin1.FCISolver'> ********
max. cycles = 200
conv_tol = 1e-08
davidson only = False
linear dependence = 1e-12
level shift = 0.001
max iter space = 12
max_memory 4000 MB
nroots = 1
pspace_size = 400
spin = None
Density matrix diagonal elements [1.93437387e+00 6.56119316e-02 1.99999915e+00 1.50491718e-05]
CASCI converged
CASCI E = -77.9964422270762  E(CI) = -27.7580060381315  S^2 = 0.0000000

******** <class 'pyscf.mcscf.casci.CASCI'> ********
CAS (2e+2e, 4o), ncore = 6, nvir = 38
natorb = False
canonicalization = True
sorting_mo_energy = False
max_memory 4000 MB (current use 551 MB)
******** <class 'pyscf.fci.direct_spin1.FCISolver'> ********
max. cycles = 200
conv_tol = 1e-08
davidson only = False
linear dependence = 1e-12
level shift = 0.001
max iter space = 12
max_memory 4000 MB
nroots = 1
pspace_size = 400
spin = None
Density matrix diagonal elements [1.93437972e+00 6.56106300e-02 1.99999890e+00 1.07534897e-05]
CASCI converged
CASCI E = -77.9964412610775  E(CI) = -27.7580050721327  S^2 = 0.0000000

******** <class 'pyscf.mcscf.casci.CASCI'> ********
CAS (2e+2e, 4o), ncore = 6, nvir = 38
natorb = False
canonicalization = True
sorting_mo_energy = False
max_memory 4000 MB (current use 551 MB)
******** <class 'pyscf.fci.direct_spin1.FCISolver'> ********
max. cycles = 200
conv_tol = 1e-08
davidson only = False
linear dependence = 1e-12
level shift = 0.001
max iter space = 12
max_memory 4000 MB
nroots = 1
pspace_size = 400
spin = None
Density matrix diagonal elements [1.93441546e+00 6.55274328e-02 1.99999581e+00 6.13004785e-05]
CASCI converged
CASCI E = -77.9965312030469  E(CI) = -27.7580950141022  S^2 = 0.0000000

******** <class 'pyscf.mcscf.casci.CASCI'> ********
CAS (2e+2e, 4o), ncore = 6, nvir = 38
natorb = False
canonicalization = True
sorting_mo_energy = False
max_memory 4000 MB (current use 551 MB)
******** <class 'pyscf.fci.direct_spin1.FCISolver'> ********
max. cycles = 200
conv_tol = 1e-08
davidson only = False
linear dependence = 1e-12
level shift = 0.001
max iter space = 12
max_memory 4000 MB
nroots = 1
pspace_size = 400
spin = None
Density matrix diagonal elements [1.93438515e+00 6.56109756e-02 1.99999992e+00 3.95266006e-06]
CASCI converged
CASCI E = -77.9964243378372  E(CI) = -27.7579881488925  S^2 = 0.0000000

******** <class 'pyscf.mcscf.casci.CASCI'> ********
CAS (2e+2e, 4o), ncore = 6, nvir = 38
natorb = False
canonicalization = True
sorting_mo_energy = False
max_memory 4000 MB (current use 551 MB)
******** <class 'pyscf.fci.direct_spin1.FCISolver'> ********
max. cycles = 200
conv_tol = 1e-08
davidson only = False
linear dependence = 1e-12
level shift = 0.001
max iter space = 12
max_memory 4000 MB
nroots = 1
pspace_size = 400
spin = None
Density matrix diagonal elements [1.93458512e+00 6.52714217e-02 1.99999992e+00 1.43539908e-04]
CASCI converged
CASCI E = -77.9966365302764  E(CI) = -27.7582003413317  S^2 = 0.0000000

******** <class 'pyscf.mcscf.casci.CASCI'> ********
CAS (2e+2e, 4o), ncore = 6, nvir = 38
natorb = False
canonicalization = True
sorting_mo_energy = False
max_memory 4000 MB (current use 551 MB)
******** <class 'pyscf.fci.direct_spin1.FCISolver'> ********
max. cycles = 200
conv_tol = 1e-08
davidson only = False
linear dependence = 1e-12
level shift = 0.001
max iter space = 12
max_memory 4000 MB
nroots = 1
pspace_size = 400
spin = None
Density matrix diagonal elements [1.93451078e+00 6.54607559e-02 1.99999992e+00 2.85510013e-05]
CASCI converged
CASCI E = -77.9964645634406  E(CI) = -27.7580283744959  S^2 = 0.0000000

******** <class 'pyscf.mcscf.casci.CASCI'> ********
CAS (2e+2e, 4o), ncore = 6, nvir = 38
natorb = False
canonicalization = True
sorting_mo_energy = False
max_memory 4000 MB (current use 551 MB)
******** <class 'pyscf.fci.direct_spin1.FCISolver'> ********
max. cycles = 200
conv_tol = 1e-08
davidson only = False
linear dependence = 1e-12
level shift = 0.001
max iter space = 12
max_memory 4000 MB
nroots = 1
pspace_size = 400
spin = None
Density matrix diagonal elements [1.93409667e+00 6.56185361e-02 1.99999992e+00 2.84881433e-04]
CASCI converged
CASCI E = -77.9968628741763  E(CI) = -27.7584266852316  S^2 = 0.0000000

******** <class 'pyscf.mcscf.casci.CASCI'> ********
CAS (2e+2e, 4o), ncore = 6, nvir = 38
natorb = False
canonicalization = True
sorting_mo_energy = False
max_memory 4000 MB (current use 551 MB)
******** <class 'pyscf.fci.direct_spin1.FCISolver'> ********
max. cycles = 200
conv_tol = 1e-08
davidson only = False
linear dependence = 1e-12
level shift = 0.001
max iter space = 12
max_memory 4000 MB
nroots = 1
pspace_size = 400
spin = None
Density matrix diagonal elements [1.93437420e+00 6.56256242e-02 1.99999992e+00 2.63587444e-07]
CASCI converged
CASCI E = -77.9964192281347  E(CI) = -27.7579830391900  S^2 = 0.0000000

******** <class 'pyscf.mcscf.casci.CASCI'> ********
CAS (2e+2e, 4o), ncore = 6, nvir = 38
natorb = False
canonicalization = True
sorting_mo_energy = False
max_memory 4000 MB (current use 551 MB)
******** <class 'pyscf.fci.direct_spin1.FCISolver'> ********
max. cycles = 200
conv_tol = 1e-08
davidson only = False
linear dependence = 1e-12
level shift = 0.001
max iter space = 12
max_memory 4000 MB
nroots = 1
pspace_size = 400
spin = None
Density matrix diagonal elements [1.93437380e+00 6.56257900e-02 1.99999992e+00 4.91228649e-07]
CASCI converged
CASCI E = -77.9964197104828  E(CI) = -27.7579835215381  S^2 = 0.0000000

******** <class 'pyscf.mcscf.casci.CASCI'> ********
CAS (2e+2e, 4o), ncore = 6, nvir = 38
natorb = False
canonicalization = True
sorting_mo_energy = False
max_memory 4000 MB (current use 551 MB)
******** <class 'pyscf.fci.direct_spin1.FCISolver'> ********
max. cycles = 200
conv_tol = 1e-08
davidson only = False
linear dependence = 1e-12
level shift = 0.001
max iter space = 12
max_memory 4000 MB
nroots = 1
pspace_size = 400
spin = None
Density matrix diagonal elements [1.93437842e+00 6.56089227e-02 1.99999991e+00 1.27501129e-05]
CASCI converged
CASCI E = -77.9964442841095  E(CI) = -27.7580080951648  S^2 = 0.0000000

******** <class 'pyscf.mcscf.casci.CASCI'> ********
CAS (2e+2e, 4o), ncore = 6, nvir = 38
natorb = False
canonicalization = True
sorting_mo_energy = False
max_memory 4000 MB (current use 551 MB)
******** <class 'pyscf.fci.direct_spin1.FCISolver'> ********
max. cycles = 200
conv_tol = 1e-08
davidson only = False
linear dependence = 1e-12
level shift = 0.001
max iter space = 12
max_memory 4000 MB
nroots = 1
pspace_size = 400
spin = None
Density matrix diagonal elements [1.93399449e+00 6.59177119e-02 1.99999988e+00 8.79223455e-05]
CASCI converged
CASCI E = -77.9966233886592  E(CI) = -27.7581871997145  S^2 = 0.0000000

******** <class 'pyscf.mcscf.casci.CASCI'> ********
CAS (2e+2e, 4o), ncore = 6, nvir = 38
natorb = False
canonicalization = True
sorting_mo_energy = False
max_memory 4000 MB (current use 551 MB)
******** <class 'pyscf.fci.direct_spin1.FCISolver'> ********
max. cycles = 200
conv_tol = 1e-08
davidson only = False
linear dependence = 1e-12
level shift = 0.001
max iter space = 12
max_memory 4000 MB
nroots = 1
pspace_size = 400
spin = None
Density matrix diagonal elements [1.93439525e+00 6.55947295e-02 1.99999932e+00 1.07002177e-05]
CASCI converged
CASCI E = -77.9964481120721  E(CI) = -27.7580119231274  S^2 = 0.0000000

******** <class 'pyscf.mcscf.casci.CASCI'> ********
CAS (2e+2e, 4o), ncore = 6, nvir = 38
natorb = False
canonicalization = True
sorting_mo_energy = False
max_memory 4000 MB (current use 551 MB)
******** <class 'pyscf.fci.direct_spin1.FCISolver'> ********
max. cycles = 200
conv_tol = 1e-08
davidson only = False
linear dependence = 1e-12
level shift = 0.001
max iter space = 12
max_memory 4000 MB
nroots = 1
pspace_size = 400
spin = None
Density matrix diagonal elements [1.93437457e+00 6.56233810e-02 1.99999992e+00 2.13454244e-06]
CASCI converged
CASCI E = -77.9964232721646  E(CI) = -27.7579870832199  S^2 = 0.0000000

******** <class 'pyscf.mcscf.casci.CASCI'> ********
CAS (2e+2e, 4o), ncore = 6, nvir = 38
natorb = False
canonicalization = True
sorting_mo_energy = False
max_memory 4000 MB (current use 551 MB)
******** <class 'pyscf.fci.direct_spin1.FCISolver'> ********
max. cycles = 200
conv_tol = 1e-08
davidson only = False
linear dependence = 1e-12
level shift = 0.001
max iter space = 12
max_memory 4000 MB
nroots = 1
pspace_size = 400
spin = None
Density matrix diagonal elements [1.93463214e+00 6.52358236e-02 1.99999990e+00 1.32143223e-04]
CASCI converged
CASCI E = -77.9966999064937  E(CI) = -27.7582637175490  S^2 = 0.0000000

******** <class 'pyscf.mcscf.casci.CASCI'> ********
CAS (2e+2e, 4o), ncore = 6, nvir = 38
natorb = False
canonicalization = True
sorting_mo_energy = False
max_memory 4000 MB (current use 551 MB)
******** <class 'pyscf.fci.direct_spin1.FCISolver'> ********
max. cycles = 200
conv_tol = 1e-08
davidson only = False
linear dependence = 1e-12
level shift = 0.001
max iter space = 12
max_memory 4000 MB
nroots = 1
pspace_size = 400
spin = None
Density matrix diagonal elements [1.93427994e+00 6.56783829e-02 1.99999991e+00 4.17695492e-05]
CASCI converged
CASCI E = -77.9965140272202  E(CI) = -27.7580778382755  S^2 = 0.0000000

******** <class 'pyscf.mcscf.casci.CASCI'> ********
CAS (2e+2e, 4o), ncore = 6, nvir = 38
natorb = False
canonicalization = True
sorting_mo_energy = False
max_memory 4000 MB (current use 551 MB)
******** <class 'pyscf.fci.direct_spin1.FCISolver'> ********
max. cycles = 200
conv_tol = 1e-08
davidson only = False
linear dependence = 1e-12
level shift = 0.001
max iter space = 12
max_memory 4000 MB
nroots = 1
pspace_size = 400
spin = None
Density matrix diagonal elements [1.93444576e+00 6.54969027e-02 1.99999992e+00 5.74263019e-05]
CASCI converged
CASCI E = -77.9965572536169  E(CI) = -27.7581210646722  S^2 = 0.0000000

******** <class 'pyscf.mcscf.casci.CASCI'> ********
CAS (2e+2e, 4o), ncore = 6, nvir = 38
natorb = False
canonicalization = True
sorting_mo_energy = False
max_memory 4000 MB (current use 551 MB)
******** <class 'pyscf.fci.direct_spin1.FCISolver'> ********
max. cycles = 200
conv_tol = 1e-08
davidson only = False
linear dependence = 1e-12
level shift = 0.001
max iter space = 12
max_memory 4000 MB
nroots = 1
pspace_size = 400
spin = None
Density matrix diagonal elements [1.93441344e+00 6.55752275e-02 1.99999927e+00 1.20601546e-05]
CASCI converged
CASCI E = -77.9964565085745  E(CI) = -27.7580203196298  S^2 = 0.0000000

******** <class 'pyscf.mcscf.casci.CASCI'> ********
CAS (2e+2e, 4o), ncore = 6, nvir = 38
natorb = False
canonicalization = True
sorting_mo_energy = False
max_memory 4000 MB (current use 551 MB)
******** <class 'pyscf.fci.direct_spin1.FCISolver'> ********
max. cycles = 200
conv_tol = 1e-08
davidson only = False
linear dependence = 1e-12
level shift = 0.001
max iter space = 12
max_memory 4000 MB
nroots = 1
pspace_size = 400
spin = None
Density matrix diagonal elements [1.93437418e+00 6.56251611e-02 1.99999948e+00 1.17919478e-06]
CASCI converged
CASCI E = -77.9964268131363  E(CI) = -27.7579906241916  S^2 = 0.0000000

******** <class 'pyscf.mcscf.casci.CASCI'> ********
CAS (2e+2e, 4o), ncore = 6, nvir = 38
natorb = False
canonicalization = True
sorting_mo_energy = False
max_memory 4000 MB (current use 551 MB)
******** <class 'pyscf.fci.direct_spin1.FCISolver'> ********
max. cycles = 200
conv_tol = 1e-08
davidson only = False
linear dependence = 1e-12
level shift = 0.001
max iter space = 12
max_memory 4000 MB
nroots = 1
pspace_size = 400
spin = None
Density matrix diagonal elements [1.93437732e+00 6.56209483e-02 1.99999989e+00 1.85071265e-06]
CASCI converged
CASCI E = -77.9964241658346  E(CI) = -27.7579879768898  S^2 = 0.0000000

******** <class 'pyscf.mcscf.casci.CASCI'> ********
CAS (2e+2e, 4o), ncore = 6, nvir = 38
natorb = False
canonicalization = True
sorting_mo_energy = False
max_memory 4000 MB (current use 551 MB)
******** <class 'pyscf.fci.direct_spin1.FCISolver'> ********
max. cycles = 200
conv_tol = 1e-08
davidson only = False
linear dependence = 1e-12
level shift = 0.001
max iter space = 12
max_memory 4000 MB
nroots = 1
pspace_size = 400
spin = None
Density matrix diagonal elements [1.93446355e+00 6.55104482e-02 1.99999992e+00 2.60912522e-05]
CASCI converged
CASCI E = -77.9964898186915  E(CI) = -27.7580536297468  S^2 = 0.0000000

******** <class 'pyscf.mcscf.casci.CASCI'> ********
CAS (2e+2e, 4o), ncore = 6, nvir = 38
natorb = False
canonicalization = True
sorting_mo_energy = False
max_memory 4000 MB (current use 551 MB)
******** <class 'pyscf.fci.direct_spin1.FCISolver'> ********
max. cycles = 200
conv_tol = 1e-08
davidson only = False
linear dependence = 1e-12
level shift = 0.001
max iter space = 12
max_memory 4000 MB
nroots = 1
pspace_size = 400
spin = None
Density matrix diagonal elements [1.93429484e+00 6.56566377e-02 1.99999990e+00 4.86212351e-05]
CASCI converged
CASCI E = -77.9965572030521  E(CI) = -27.7581210141073  S^2 = 0.0000000

******** <class 'pyscf.mcscf.casci.CASCI'> ********
CAS (2e+2e, 4o), ncore = 6, nvir = 38
natorb = False
canonicalization = True
sorting_mo_energy = False
max_memory 4000 MB (current use 551 MB)
******** <class 'pyscf.fci.direct_spin1.FCISolver'> ********
max. cycles = 200
conv_tol = 1e-08
davidson only = False
linear dependence = 1e-12
level shift = 0.001
max iter space = 12
max_memory 4000 MB
nroots = 1
pspace_size = 400
spin = None
Density matrix diagonal elements [1.93437414e+00 6.56243375e-02 1.99999930e+00 2.22228280e-06]
CASCI converged
CASCI E = -77.9964326095754  E(CI) = -27.7579964206307  S^2 = 0.0000000

******** <class 'pyscf.mcscf.casci.CASCI'> ********
CAS (2e+2e, 4o), ncore = 6, nvir = 38
natorb = False
canonicalization = True
sorting_mo_energy = False
max_memory 4000 MB (current use 551 MB)
******** <class 'pyscf.fci.direct_spin1.FCISolver'> ********
max. cycles = 200
conv_tol = 1e-08
davidson only = False
linear dependence = 1e-12
level shift = 0.001
max iter space = 12
max_memory 4000 MB
nroots = 1
pspace_size = 400
spin = None
Density matrix diagonal elements [1.93437469e+00 6.56247250e-02 1.99999904e+00 1.54776202e-06]
CASCI converged
CASCI E = -77.9964335544386  E(CI) = -27.7579973654939  S^2 = 0.0000000

******** <class 'pyscf.mcscf.casci.CASCI'> ********
CAS (2e+2e, 4o), ncore = 6, nvir = 38
natorb = False
canonicalization = True
sorting_mo_energy = False
max_memory 4000 MB (current use 551 MB)
******** <class 'pyscf.fci.direct_spin1.FCISolver'> ********
max. cycles = 200
conv_tol = 1e-08
davidson only = False
linear dependence = 1e-12
level shift = 0.001
max iter space = 12
max_memory 4000 MB
nroots = 1
pspace_size = 400
spin = None
Density matrix diagonal elements [1.93439234e+00 6.56044332e-02 1.99999873e+00 4.49756631e-06]
CASCI converged
CASCI E = -77.9964463735732  E(CI) = -27.7580101846284  S^2 = 0.0000000

******** <class 'pyscf.mcscf.casci.CASCI'> ********
CAS (2e+2e, 4o), ncore = 6, nvir = 38
natorb = False
canonicalization = True
sorting_mo_energy = False
max_memory 4000 MB (current use 551 MB)
******** <class 'pyscf.fci.direct_spin1.FCISolver'> ********
max. cycles = 200
conv_tol = 1e-08
davidson only = False
linear dependence = 1e-12
level shift = 0.001
max iter space = 12
max_memory 4000 MB
nroots = 1
pspace_size = 400
spin = None
Density matrix diagonal elements [1.93437856e+00 6.56201452e-02 1.99999935e+00 1.94469621e-06]
CASCI converged
CASCI E = -77.9964317673760  E(CI) = -27.7579955784313  S^2 = 0.0000000

******** <class 'pyscf.mcscf.casci.CASCI'> ********
CAS (2e+2e, 4o), ncore = 6, nvir = 38
natorb = False
canonicalization = True
sorting_mo_energy = False
max_memory 4000 MB (current use 551 MB)
******** <class 'pyscf.fci.direct_spin1.FCISolver'> ********
max. cycles = 200
conv_tol = 1e-08
davidson only = False
linear dependence = 1e-12
level shift = 0.001
max iter space = 12
max_memory 4000 MB
nroots = 1
pspace_size = 400
spin = None
Density matrix diagonal elements [1.93437515e+00 6.56243371e-02 1.99999982e+00 6.87690739e-07]
CASCI converged
CASCI E = -77.9964223379084  E(CI) = -27.7579861489637  S^2 = 0.0000000

******** <class 'pyscf.mcscf.casci.CASCI'> ********
CAS (3e+3e, 4o), ncore = 5, nvir = 39
natorb = False
canonicalization = True
sorting_mo_energy = False
max_memory 4000 MB (current use 551 MB)
******** <class 'pyscf.fci.direct_spin1.FCISolver'> ********
max. cycles = 200
conv_tol = 1e-08
davidson only = False
linear dependence = 1e-12
level shift = 0.001
max iter space = 12
max_memory 4000 MB
nroots = 1
pspace_size = 400
spin = None
Density matrix diagonal elements [1.93513448 0.06500605 1.99999992 1.99985955]
CASCI converged
CASCI E = -77.9965419339647  E(CI) = -34.4490130655718  S^2 = 0.0000000

******** <class 'pyscf.mcscf.casci.CASCI'> ********
CAS (3e+3e, 4o), ncore = 5, nvir = 39
natorb = False
canonicalization = True
sorting_mo_energy = False
max_memory 4000 MB (current use 551 MB)
******** <class 'pyscf.fci.direct_spin1.FCISolver'> ********
max. cycles = 200
conv_tol = 1e-08
davidson only = False
linear dependence = 1e-12
level shift = 0.001
max iter space = 12
max_memory 4000 MB
nroots = 1
pspace_size = 400
spin = None
Density matrix diagonal elements [1.93541146 0.06597744 1.99999947 1.99861163]
CASCI converged
CASCI E = -77.9973533916478  E(CI) = -33.1153447821595  S^2 = 0.0000000

******** <class 'pyscf.mcscf.casci.CASCI'> ********
CAS (3e+3e, 4o), ncore = 5, nvir = 39
natorb = False
canonicalization = True
sorting_mo_energy = False
max_memory 4000 MB (current use 551 MB)
******** <class 'pyscf.fci.direct_spin1.FCISolver'> ********
max. cycles = 200
conv_tol = 1e-08
davidson only = False
linear dependence = 1e-12
level shift = 0.001
max iter space = 12
max_memory 4000 MB
nroots = 1
pspace_size = 400
spin = None
Density matrix diagonal elements [1.93451548 0.06560427 1.99999991 1.99988034]
CASCI converged
CASCI E = -77.9964803665171  E(CI) = -32.8676736649545  S^2 = 0.0000000

******** <class 'pyscf.mcscf.casci.CASCI'> ********
CAS (3e+3e, 4o), ncore = 5, nvir = 39
natorb = False
canonicalization = True
sorting_mo_energy = False
max_memory 4000 MB (current use 551 MB)
******** <class 'pyscf.fci.direct_spin1.FCISolver'> ********
max. cycles = 200
conv_tol = 1e-08
davidson only = False
linear dependence = 1e-12
level shift = 0.001
max iter space = 12
max_memory 4000 MB
nroots = 1
pspace_size = 400
spin = None
Density matrix diagonal elements [1.93464937 0.06558992 1.99999991 1.9997608 ]
CASCI converged
CASCI E = -77.9965247075248  E(CI) = -33.2863382203083  S^2 = 0.0000000

******** <class 'pyscf.mcscf.casci.CASCI'> ********
CAS (3e+3e, 4o), ncore = 5, nvir = 39
natorb = False
canonicalization = True
sorting_mo_energy = False
max_memory 4000 MB (current use 551 MB)
******** <class 'pyscf.fci.direct_spin1.FCISolver'> ********
max. cycles = 200
conv_tol = 1e-08
davidson only = False
linear dependence = 1e-12
level shift = 0.001
max iter space = 12
max_memory 4000 MB
nroots = 1
pspace_size = 400
spin = None
Density matrix diagonal elements [1.93453307 0.06577028 1.99999991 1.99969674]
CASCI converged
CASCI E = -77.9965391784417  E(CI) = -32.3595076661247  S^2 = 0.0000000

******** <class 'pyscf.mcscf.casci.CASCI'> ********
CAS (2e+2e, 4o), ncore = 6, nvir = 38
natorb = False
canonicalization = True
sorting_mo_energy = False
max_memory 4000 MB (current use 551 MB)
******** <class 'pyscf.fci.direct_spin1.FCISolver'> ********
max. cycles = 200
conv_tol = 1e-08
davidson only = False
linear dependence = 1e-12
level shift = 0.001
max iter space = 12
max_memory 4000 MB
nroots = 1
pspace_size = 400
spin = None
Density matrix diagonal elements [1.93437133e+00 6.55905788e-02 1.99999960e+00 3.84865199e-05]
CASCI converged
CASCI E = -77.9964392706060  E(CI) = -27.7558856515539  S^2 = 0.0000000

******** <class 'pyscf.mcscf.casci.CASCI'> ********
CAS (2e+2e, 4o), ncore = 6, nvir = 38
natorb = False
canonicalization = True
sorting_mo_energy = False
max_memory 4000 MB (current use 551 MB)
******** <class 'pyscf.fci.direct_spin1.FCISolver'> ********
max. cycles = 200
conv_tol = 1e-08
davidson only = False
linear dependence = 1e-12
level shift = 0.001
max iter space = 12
max_memory 4000 MB
nroots = 1
pspace_size = 400
spin = None
Density matrix diagonal elements [1.93436074e+00 6.56115164e-02 1.99999989e+00 2.78580825e-05]
CASCI converged
CASCI E = -77.9964315381991  E(CI) = -27.7558779191470  S^2 = 0.0000000

******** <class 'pyscf.mcscf.casci.CASCI'> ********
CAS (2e+2e, 4o), ncore = 6, nvir = 38
natorb = False
canonicalization = True
sorting_mo_energy = False
max_memory 4000 MB (current use 551 MB)
******** <class 'pyscf.fci.direct_spin1.FCISolver'> ********
max. cycles = 200
conv_tol = 1e-08
davidson only = False
linear dependence = 1e-12
level shift = 0.001
max iter space = 12
max_memory 4000 MB
nroots = 1
pspace_size = 400
spin = None
Density matrix diagonal elements [1.93438180e+00 6.55755693e-02 1.99999980e+00 4.28367672e-05]
CASCI converged
CASCI E = -77.9964413259874  E(CI) = -27.7558877069353  S^2 = 0.0000000

******** <class 'pyscf.mcscf.casci.CASCI'> ********
CAS (2e+2e, 4o), ncore = 6, nvir = 38
natorb = False
canonicalization = True
sorting_mo_energy = False
max_memory 4000 MB (current use 551 MB)
******** <class 'pyscf.fci.direct_spin1.FCISolver'> ********
max. cycles = 200
conv_tol = 1e-08
davidson only = False
linear dependence = 1e-12
level shift = 0.001
max iter space = 12
max_memory 4000 MB
nroots = 1
pspace_size = 400
spin = None
Density matrix diagonal elements [1.93437338e+00 6.56227930e-02 1.99999989e+00 3.93029720e-06]
CASCI converged
CASCI E = -77.9964212097821  E(CI) = -27.7558675907300  S^2 = 0.0000000

******** <class 'pyscf.mcscf.casci.CASCI'> ********
CAS (2e+2e, 4o), ncore = 6, nvir = 38
natorb = False
canonicalization = True
sorting_mo_energy = False
max_memory 4000 MB (current use 551 MB)
******** <class 'pyscf.fci.direct_spin1.FCISolver'> ********
max. cycles = 200
conv_tol = 1e-08
davidson only = False
linear dependence = 1e-12
level shift = 0.001
max iter space = 12
max_memory 4000 MB
nroots = 1
pspace_size = 400
spin = None
Density matrix diagonal elements [1.93440710e+00 6.55473976e-02 1.99999986e+00 4.56351321e-05]
CASCI converged
CASCI E = -77.9964485768907  E(CI) = -27.7558949578386  S^2 = 0.0000000

******** <class 'pyscf.mcscf.casci.CASCI'> ********
CAS (2e+2e, 4o), ncore = 6, nvir = 38
natorb = False
canonicalization = True
sorting_mo_energy = False
max_memory 4000 MB (current use 551 MB)
******** <class 'pyscf.fci.direct_spin1.FCISolver'> ********
max. cycles = 200
conv_tol = 1e-08
davidson only = False
linear dependence = 1e-12
level shift = 0.001
max iter space = 12
max_memory 4000 MB
nroots = 1
pspace_size = 400
spin = None
Density matrix diagonal elements [1.93408309e+00 6.54321013e-02 1.99999946e+00 4.85342291e-04]
CASCI converged
CASCI E = -77.9967404218417  E(CI) = -27.7561868027896  S^2 = 0.0000000

******** <class 'pyscf.mcscf.casci.CASCI'> ********
CAS (2e+2e, 4o), ncore = 6, nvir = 38
natorb = False
canonicalization = True
sorting_mo_energy = False
max_memory 4000 MB (current use 551 MB)
******** <class 'pyscf.fci.direct_spin1.FCISolver'> ********
max. cycles = 200
conv_tol = 1e-08
davidson only = False
linear dependence = 1e-12
level shift = 0.001
max iter space = 12
max_memory 4000 MB
nroots = 1
pspace_size = 400
spin = None
Density matrix diagonal elements [1.93446750e+00 6.51858890e-02 1.99999978e+00 3.46829640e-04]
CASCI converged
CASCI E = -77.9966883765156  E(CI) = -27.7561347574635  S^2 = 0.0000000

******** <class 'pyscf.mcscf.casci.CASCI'> ********
CAS (2e+2e, 4o), ncore = 6, nvir = 38
natorb = False
canonicalization = True
sorting_mo_energy = False
max_memory 4000 MB (current use 551 MB)
******** <class 'pyscf.fci.direct_spin1.FCISolver'> ********
max. cycles = 200
conv_tol = 1e-08
davidson only = False
linear dependence = 1e-12
level shift = 0.001
max iter space = 12
max_memory 4000 MB
nroots = 1
pspace_size = 400
spin = None
Density matrix diagonal elements [1.93434832e+00 6.56024220e-02 1.99999991e+00 4.93464534e-05]
CASCI converged
CASCI E = -77.9964557322235  E(CI) = -27.7559021131714  S^2 = 0.0000000

******** <class 'pyscf.mcscf.casci.CASCI'> ********
CAS (2e+2e, 4o), ncore = 6, nvir = 38
natorb = False
canonicalization = True
sorting_mo_energy = False
max_memory 4000 MB (current use 551 MB)
******** <class 'pyscf.fci.direct_spin1.FCISolver'> ********
max. cycles = 200
conv_tol = 1e-08
davidson only = False
linear dependence = 1e-12
level shift = 0.001
max iter space = 12
max_memory 4000 MB
nroots = 1
pspace_size = 400
spin = None
Density matrix diagonal elements [1.93349918 0.06369306 1.99999904 0.00280872]
CASCI converged
CASCI E = -77.9986149166552  E(CI) = -27.7580612976031  S^2 = 0.0000000

******** <class 'pyscf.mcscf.casci.CASCI'> ********
CAS (2e+2e, 4o), ncore = 6, nvir = 38
natorb = False
canonicalization = True
sorting_mo_energy = False
max_memory 4000 MB (current use 551 MB)
******** <class 'pyscf.fci.direct_spin1.FCISolver'> ********
max. cycles = 200
conv_tol = 1e-08
davidson only = False
linear dependence = 1e-12
level shift = 0.001
max iter space = 12
max_memory 4000 MB
nroots = 1
pspace_size = 400
spin = None
Density matrix diagonal elements [1.93474310e+00 6.51500725e-02 1.99999989e+00 1.06935064e-04]
CASCI converged
CASCI E = -77.9965139714424  E(CI) = -27.7559603523903  S^2 = 0.0000000

******** <class 'pyscf.mcscf.casci.CASCI'> ********
CAS (2e+2e, 4o), ncore = 6, nvir = 38
natorb = False
canonicalization = True
sorting_mo_energy = False
max_memory 4000 MB (current use 551 MB)
******** <class 'pyscf.fci.direct_spin1.FCISolver'> ********
max. cycles = 200
conv_tol = 1e-08
davidson only = False
linear dependence = 1e-12
level shift = 0.001
max iter space = 12
max_memory 4000 MB
nroots = 1
pspace_size = 400
spin = None
Density matrix diagonal elements [1.91566279 0.07655657 1.99999756 0.00778308]
CASCI converged
CASCI E = -78.0051506263906  E(CI) = -27.7645970073386  S^2 = 0.0000000

******** <class 'pyscf.mcscf.casci.CASCI'> ********
CAS (2e+2e, 4o), ncore = 6, nvir = 38
natorb = False
canonicalization = True
sorting_mo_energy = False
max_memory 4000 MB (current use 551 MB)
******** <class 'pyscf.fci.direct_spin1.FCISolver'> ********
max. cycles = 200
conv_tol = 1e-08
davidson only = False
linear dependence = 1e-12
level shift = 0.001
max iter space = 12
max_memory 4000 MB
nroots = 1
pspace_size = 400
spin = None
Density matrix diagonal elements [1.93440104e+00 6.55643580e-02 1.99999805e+00 3.65573429e-05]
CASCI converged
CASCI E = -77.9964769446303  E(CI) = -27.7559233255782  S^2 = 0.0000000

******** <class 'pyscf.mcscf.casci.CASCI'> ********
CAS (2e+2e, 4o), ncore = 6, nvir = 38
natorb = False
canonicalization = True
sorting_mo_energy = False
max_memory 4000 MB (current use 551 MB)
******** <class 'pyscf.fci.direct_spin1.FCISolver'> ********
max. cycles = 200
conv_tol = 1e-08
davidson only = False
linear dependence = 1e-12
level shift = 0.001
max iter space = 12
max_memory 4000 MB
nroots = 1
pspace_size = 400
spin = None
Density matrix diagonal elements [1.93443340e+00 6.55028933e-02 1.99999738e+00 6.63304478e-05]
CASCI converged
CASCI E = -77.9965141256840  E(CI) = -27.7559605066319  S^2 = 0.0000000

******** <class 'pyscf.mcscf.casci.CASCI'> ********
CAS (2e+2e, 4o), ncore = 6, nvir = 38
natorb = False
canonicalization = True
sorting_mo_energy = False
max_memory 4000 MB (current use 551 MB)
******** <class 'pyscf.fci.direct_spin1.FCISolver'> ********
max. cycles = 200
conv_tol = 1e-08
davidson only = False
linear dependence = 1e-12
level shift = 0.001
max iter space = 12
max_memory 4000 MB
nroots = 1
pspace_size = 400
spin = None
Density matrix diagonal elements [1.93437392e+00 6.56118927e-02 1.99999918e+00 1.50060405e-05]
CASCI converged
CASCI E = -77.9964417835062  E(CI) = -27.7558881644541  S^2 = 0.0000000

******** <class 'pyscf.mcscf.casci.CASCI'> ********
CAS (2e+2e, 4o), ncore = 6, nvir = 38
natorb = False
canonicalization = True
sorting_mo_energy = False
max_memory 4000 MB (current use 551 MB)
******** <class 'pyscf.fci.direct_spin1.FCISolver'> ********
max. cycles = 200
conv_tol = 1e-08
davidson only = False
linear dependence = 1e-12
level shift = 0.001
max iter space = 12
max_memory 4000 MB
nroots = 1
pspace_size = 400
spin = None
Density matrix diagonal elements [1.93437977e+00 6.56105909e-02 1.99999883e+00 1.08140155e-05]
CASCI converged
CASCI E = -77.9964421091892  E(CI) = -27.7558884901372  S^2 = 0.0000000

******** <class 'pyscf.mcscf.casci.CASCI'> ********
CAS (2e+2e, 4o), ncore = 6, nvir = 38
natorb = False
canonicalization = True
sorting_mo_energy = False
max_memory 4000 MB (current use 551 MB)
******** <class 'pyscf.fci.direct_spin1.FCISolver'> ********
max. cycles = 200
conv_tol = 1e-08
davidson only = False
linear dependence = 1e-12
level shift = 0.001
max iter space = 12
max_memory 4000 MB
nroots = 1
pspace_size = 400
spin = None
Density matrix diagonal elements [1.93439243e+00 6.55503966e-02 1.99999688e+00 6.02927144e-05]
CASCI converged
CASCI E = -77.9965182942869  E(CI) = -27.7559646752349  S^2 = 0.0000000

******** <class 'pyscf.mcscf.casci.CASCI'> ********
CAS (2e+2e, 4o), ncore = 6, nvir = 38
natorb = False
canonicalization = True
sorting_mo_energy = False
max_memory 4000 MB (current use 551 MB)
******** <class 'pyscf.fci.direct_spin1.FCISolver'> ********
max. cycles = 200
conv_tol = 1e-08
davidson only = False
linear dependence = 1e-12
level shift = 0.001
max iter space = 12
max_memory 4000 MB
nroots = 1
pspace_size = 400
spin = None
Density matrix diagonal elements [1.93438520e+00 6.56109374e-02 1.99999991e+00 3.95266637e-06]
CASCI converged
CASCI E = -77.9964244500452  E(CI) = -27.7558708309931  S^2 = 0.0000000

******** <class 'pyscf.mcscf.casci.CASCI'> ********
CAS (2e+2e, 4o), ncore = 6, nvir = 38
natorb = False
canonicalization = True
sorting_mo_energy = False
max_memory 4000 MB (current use 551 MB)
******** <class 'pyscf.fci.direct_spin1.FCISolver'> ********
max. cycles = 200
conv_tol = 1e-08
davidson only = False
linear dependence = 1e-12
level shift = 0.001
max iter space = 12
max_memory 4000 MB
nroots = 1
pspace_size = 400
spin = None
Density matrix diagonal elements [1.93458517e+00 6.52713837e-02 1.99999991e+00 1.43539970e-04]
CASCI converged
CASCI E = -77.9966366424730  E(CI) = -27.7560830234210  S^2 = 0.0000000

******** <class 'pyscf.mcscf.casci.CASCI'> ********
CAS (2e+2e, 4o), ncore = 6, nvir = 38
natorb = False
canonicalization = True
sorting_mo_energy = False
max_memory 4000 MB (current use 551 MB)
******** <class 'pyscf.fci.direct_spin1.FCISolver'> ********
max. cycles = 200
conv_tol = 1e-08
davidson only = False
linear dependence = 1e-12
level shift = 0.001
max iter space = 12
max_memory 4000 MB
nroots = 1
pspace_size = 400
spin = None
Density matrix diagonal elements [1.93451082e+00 6.54607178e-02 1.99999991e+00 2.85510218e-05]
CASCI converged
CASCI E = -77.9964646757003  E(CI) = -27.7559110566483  S^2 = 0.0000000

******** <class 'pyscf.mcscf.casci.CASCI'> ********
CAS (2e+2e, 4o), ncore = 6, nvir = 38
natorb = False
canonicalization = True
sorting_mo_energy = False
max_memory 4000 MB (current use 551 MB)
******** <class 'pyscf.fci.direct_spin1.FCISolver'> ********
max. cycles = 200
conv_tol = 1e-08
davidson only = False
linear dependence = 1e-12
level shift = 0.001
max iter space = 12
max_memory 4000 MB
nroots = 1
pspace_size = 400
spin = None
Density matrix diagonal elements [1.93409671e+00 6.56184995e-02 1.99999991e+00 2.84881477e-04]
CASCI converged
CASCI E = -77.9968629859514  E(CI) = -27.7563093668993  S^2 = 0.0000000

******** <class 'pyscf.mcscf.casci.CASCI'> ********
CAS (2e+2e, 4o), ncore = 6, nvir = 38
natorb = False
canonicalization = True
sorting_mo_energy = False
max_memory 4000 MB (current use 551 MB)
******** <class 'pyscf.fci.direct_spin1.FCISolver'> ********
max. cycles = 200
conv_tol = 1e-08
davidson only = False
linear dependence = 1e-12
level shift = 0.001
max iter space = 12
max_memory 4000 MB
nroots = 1
pspace_size = 400
spin = None
Density matrix diagonal elements [1.93437424e+00 6.56255859e-02 1.99999991e+00 2.63587843e-07]
CASCI converged
CASCI E = -77.9964193403353  E(CI) = -27.7558657212832  S^2 = 0.0000000

******** <class 'pyscf.mcscf.casci.CASCI'> ********
CAS (2e+2e, 4o), ncore = 6, nvir = 38
natorb = False
canonicalization = True
sorting_mo_energy = False
max_memory 4000 MB (current use 551 MB)
******** <class 'pyscf.fci.direct_spin1.FCISolver'> ********
max. cycles = 200
conv_tol = 1e-08
davidson only = False
linear dependence = 1e-12
level shift = 0.001
max iter space = 12
max_memory 4000 MB
nroots = 1
pspace_size = 400
spin = None
Density matrix diagonal elements [1.93437385e+00 6.56257518e-02 1.99999991e+00 4.91197065e-07]
CASCI converged
CASCI E = -77.9964198221889  E(CI) = -27.7558662031369  S^2 = 0.0000000

******** <class 'pyscf.mcscf.casci.CASCI'> ********
CAS (2e+2e, 4o), ncore = 6, nvir = 38
natorb = False
canonicalization = True
sorting_mo_energy = False
max_memory 4000 MB (current use 551 MB)
******** <class 'pyscf.fci.direct_spin1.FCISolver'> ********
max. cycles = 200
conv_tol = 1e-08
davidson only = False
linear dependence = 1e-12
level shift = 0.001
max iter space = 12
max_memory 4000 MB
nroots = 1
pspace_size = 400
spin = None
Density matrix diagonal elements [1.93437813e+00 6.56092171e-02 1.99999979e+00 1.28640631e-05]
CASCI converged
CASCI E = -77.9964459013594  E(CI) = -27.7558922823074  S^2 = 0.0000000

******** <class 'pyscf.mcscf.casci.CASCI'> ********
CAS (2e+2e, 4o), ncore = 6, nvir = 38
natorb = False
canonicalization = True
sorting_mo_energy = False
max_memory 4000 MB (current use 551 MB)
******** <class 'pyscf.fci.direct_spin1.FCISolver'> ********
max. cycles = 200
conv_tol = 1e-08
davidson only = False
linear dependence = 1e-12
level shift = 0.001
max iter space = 12
max_memory 4000 MB
nroots = 1
pspace_size = 400
spin = None
Density matrix diagonal elements [1.93399454e+00 6.59176671e-02 1.99999987e+00 8.79239386e-05]
CASCI converged
CASCI E = -77.9966235373644  E(CI) = -27.7560699183124  S^2 = 0.0000000

******** <class 'pyscf.mcscf.casci.CASCI'> ********
CAS (2e+2e, 4o), ncore = 6, nvir = 38
natorb = False
canonicalization = True
sorting_mo_energy = False
max_memory 4000 MB (current use 551 MB)
******** <class 'pyscf.fci.direct_spin1.FCISolver'> ********
max. cycles = 200
conv_tol = 1e-08
davidson only = False
linear dependence = 1e-12
level shift = 0.001
max iter space = 12
max_memory 4000 MB
nroots = 1
pspace_size = 400
spin = None
Density matrix diagonal elements [1.93439697e+00 6.55930065e-02 1.99999985e+00 1.01717679e-05]
CASCI converged
CASCI E = -77.9964411966296  E(CI) = -27.7558875775776  S^2 = 0.0000000

******** <class 'pyscf.mcscf.casci.CASCI'> ********
CAS (2e+2e, 4o), ncore = 6, nvir = 38
natorb = False
canonicalization = True
sorting_mo_energy = False
max_memory 4000 MB (current use 551 MB)
******** <class 'pyscf.fci.direct_spin1.FCISolver'> ********
max. cycles = 200
conv_tol = 1e-08
davidson only = False
linear dependence = 1e-12
level shift = 0.001
max iter space = 12
max_memory 4000 MB
nroots = 1
pspace_size = 400
spin = None
Density matrix diagonal elements [1.93437462e+00 6.56233428e-02 1.99999991e+00 2.13441990e-06]
CASCI converged
CASCI E = -77.9964233824403  E(CI) = -27.7558697633883  S^2 = 0.0000000

******** <class 'pyscf.mcscf.casci.CASCI'> ********
CAS (2e+2e, 4o), ncore = 6, nvir = 38
natorb = False
canonicalization = True
sorting_mo_energy = False
max_memory 4000 MB (current use 551 MB)
******** <class 'pyscf.fci.direct_spin1.FCISolver'> ********
max. cycles = 200
conv_tol = 1e-08
davidson only = False
linear dependence = 1e-12
level shift = 0.001
max iter space = 12
max_memory 4000 MB
nroots = 1
pspace_size = 400
spin = None
Density matrix diagonal elements [1.93461737e+00 6.52506509e-02 1.99999828e+00 1.33701383e-04]
CASCI converged
CASCI E = -77.9967211734680  E(CI) = -27.7561675544159  S^2 = 0.0000000

******** <class 'pyscf.mcscf.casci.CASCI'> ********
CAS (2e+2e, 4o), ncore = 6, nvir = 38
natorb = False
canonicalization = True
sorting_mo_energy = False
max_memory 4000 MB (current use 551 MB)
******** <class 'pyscf.fci.direct_spin1.FCISolver'> ********
max. cycles = 200
conv_tol = 1e-08
davidson only = False
linear dependence = 1e-12
level shift = 0.001
max iter space = 12
max_memory 4000 MB
nroots = 1
pspace_size = 400
spin = None
Density matrix diagonal elements [1.93427999e+00 6.56783429e-02 1.99999990e+00 4.17695739e-05]
CASCI converged
CASCI E = -77.9965141386025  E(CI) = -27.7559605195504  S^2 = 0.0000000

******** <class 'pyscf.mcscf.casci.CASCI'> ********
CAS (2e+2e, 4o), ncore = 6, nvir = 38
natorb = False
canonicalization = True
sorting_mo_energy = False
max_memory 4000 MB (current use 551 MB)
******** <class 'pyscf.fci.direct_spin1.FCISolver'> ********
max. cycles = 200
conv_tol = 1e-08
davidson only = False
linear dependence = 1e-12
level shift = 0.001
max iter space = 12
max_memory 4000 MB
nroots = 1
pspace_size = 400
spin = None
Density matrix diagonal elements [1.93444580e+00 6.54968645e-02 1.99999991e+00 5.74263163e-05]
CASCI converged
CASCI E = -77.9965573652570  E(CI) = -27.7560037462050  S^2 = 0.0000000

******** <class 'pyscf.mcscf.casci.CASCI'> ********
CAS (2e+2e, 4o), ncore = 6, nvir = 38
natorb = False
canonicalization = True
sorting_mo_energy = False
max_memory 4000 MB (current use 551 MB)
******** <class 'pyscf.fci.direct_spin1.FCISolver'> ********
max. cycles = 200
conv_tol = 1e-08
davidson only = False
linear dependence = 1e-12
level shift = 0.001
max iter space = 12
max_memory 4000 MB
nroots = 1
pspace_size = 400
spin = None
Density matrix diagonal elements [1.93441858e+00 6.55701002e-02 1.99999974e+00 1.15715640e-05]
CASCI converged
CASCI E = -77.9964501285503  E(CI) = -27.7558965094982  S^2 = 0.0000000

******** <class 'pyscf.mcscf.casci.CASCI'> ********
CAS (2e+2e, 4o), ncore = 6, nvir = 38
natorb = False
canonicalization = True
sorting_mo_energy = False
max_memory 4000 MB (current use 551 MB)
******** <class 'pyscf.fci.direct_spin1.FCISolver'> ********
max. cycles = 200
conv_tol = 1e-08
davidson only = False
linear dependence = 1e-12
level shift = 0.001
max iter space = 12
max_memory 4000 MB
nroots = 1
pspace_size = 400
spin = None
Density matrix diagonal elements [1.93437423e+00 6.56251224e-02 1.99999945e+00 1.20179243e-06]
CASCI converged
CASCI E = -77.9964272404691  E(CI) = -27.7558736214170  S^2 = 0.0000000

******** <class 'pyscf.mcscf.casci.CASCI'> ********
CAS (2e+2e, 4o), ncore = 6, nvir = 38
natorb = False
canonicalization = True
sorting_mo_energy = False
max_memory 4000 MB (current use 551 MB)
******** <class 'pyscf.fci.direct_spin1.FCISolver'> ********
max. cycles = 200
conv_tol = 1e-08
davidson only = False
linear dependence = 1e-12
level shift = 0.001
max iter space = 12
max_memory 4000 MB
nroots = 1
pspace_size = 400
spin = None
Density matrix diagonal elements [1.93437742e+00 6.56208577e-02 1.99999981e+00 1.91533365e-06]
CASCI converged
CASCI E = -77.9964251674449  E(CI) = -27.7558715483929  S^2 = 0.0000000

******** <class 'pyscf.mcscf.casci.CASCI'> ********
CAS (2e+2e, 4o), ncore = 6, nvir = 38
natorb = False
canonicalization = True
sorting_mo_energy = False
max_memory 4000 MB (current use 551 MB)
******** <class 'pyscf.fci.direct_spin1.FCISolver'> ********
max. cycles = 200
conv_tol = 1e-08
davidson only = False
linear dependence = 1e-12
level shift = 0.001
max iter space = 12
max_memory 4000 MB
nroots = 1
pspace_size = 400
spin = None
Density matrix diagonal elements [1.93446359e+00 6.55104100e-02 1.99999991e+00 2.60913229e-05]
CASCI converged
CASCI E = -77.9964899315255  E(CI) = -27.7559363124735  S^2 = 0.0000000

******** <class 'pyscf.mcscf.casci.CASCI'> ********
CAS (2e+2e, 4o), ncore = 6, nvir = 38
natorb = False
canonicalization = True
sorting_mo_energy = False
max_memory 4000 MB (current use 551 MB)
******** <class 'pyscf.fci.direct_spin1.FCISolver'> ********
max. cycles = 200
conv_tol = 1e-08
davidson only = False
linear dependence = 1e-12
level shift = 0.001
max iter space = 12
max_memory 4000 MB
nroots = 1
pspace_size = 400
spin = None
Density matrix diagonal elements [1.93429489e+00 6.56565950e-02 1.99999989e+00 4.86223642e-05]
CASCI converged
CASCI E = -77.9965573409372  E(CI) = -27.7560037218852  S^2 = 0.0000000

******** <class 'pyscf.mcscf.casci.CASCI'> ********
CAS (2e+2e, 4o), ncore = 6, nvir = 38
natorb = False
canonicalization = True
sorting_mo_energy = False
max_memory 4000 MB (current use 551 MB)
******** <class 'pyscf.fci.direct_spin1.FCISolver'> ********
max. cycles = 200
conv_tol = 1e-08
davidson only = False
linear dependence = 1e-12
level shift = 0.001
max iter space = 12
max_memory 4000 MB
nroots = 1
pspace_size = 400
spin = None
Density matrix diagonal elements [1.93437567e+00 6.56228170e-02 1.99999930e+00 2.21481991e-06]
CASCI converged
CASCI E = -77.9964326024084  E(CI) = -27.7558789833563  S^2 = 0.0000000

******** <class 'pyscf.mcscf.casci.CASCI'> ********
CAS (2e+2e, 4o), ncore = 6, nvir = 38
natorb = False
canonicalization = True
sorting_mo_energy = False
max_memory 4000 MB (current use 551 MB)
******** <class 'pyscf.fci.direct_spin1.FCISolver'> ********
max. cycles = 200
conv_tol = 1e-08
davidson only = False
linear dependence = 1e-12
level shift = 0.001
max iter space = 12
max_memory 4000 MB
nroots = 1
pspace_size = 400
spin = None
Density matrix diagonal elements [1.93437474e+00 6.56246866e-02 1.99999904e+00 1.53347990e-06]
CASCI converged
CASCI E = -77.9964334572788  E(CI) = -27.7558798382267  S^2 = 0.0000000

******** <class 'pyscf.mcscf.casci.CASCI'> ********
CAS (2e+2e, 4o), ncore = 6, nvir = 38
natorb = False
canonicalization = True
sorting_mo_energy = False
max_memory 4000 MB (current use 551 MB)
******** <class 'pyscf.fci.direct_spin1.FCISolver'> ********
max. cycles = 200
conv_tol = 1e-08
davidson only = False
linear dependence = 1e-12
level shift = 0.001
max iter space = 12
max_memory 4000 MB
nroots = 1
pspace_size = 400
spin = None
Density matrix diagonal elements [1.93438868e+00 6.56081047e-02 1.99999893e+00 4.28424603e-06]
CASCI converged
CASCI E = -77.9964434744358  E(CI) = -27.7558898553837  S^2 = 0.0000000

******** <class 'pyscf.mcscf.casci.CASCI'> ********
CAS (2e+2e, 4o), ncore = 6, nvir = 38
natorb = False
canonicalization = True
sorting_mo_energy = False
max_memory 4000 MB (current use 551 MB)
******** <class 'pyscf.fci.direct_spin1.FCISolver'> ********
max. cycles = 200
conv_tol = 1e-08
davidson only = False
linear dependence = 1e-12
level shift = 0.001
max iter space = 12
max_memory 4000 MB
nroots = 1
pspace_size = 400
spin = None
Density matrix diagonal elements [1.93437502e+00 6.56236931e-02 1.99999940e+00 1.89446007e-06]
CASCI converged
CASCI E = -77.9964311628315  E(CI) = -27.7558775437794  S^2 = 0.0000000

******** <class 'pyscf.mcscf.casci.CASCI'> ********
CAS (2e+2e, 4o), ncore = 6, nvir = 38
natorb = False
canonicalization = True
sorting_mo_energy = False
max_memory 4000 MB (current use 551 MB)
******** <class 'pyscf.fci.direct_spin1.FCISolver'> ********
max. cycles = 200
conv_tol = 1e-08
davidson only = False
linear dependence = 1e-12
level shift = 0.001
max iter space = 12
max_memory 4000 MB
nroots = 1
pspace_size = 400
spin = None
Density matrix diagonal elements [1.93437520e+00 6.56242988e-02 1.99999981e+00 6.88679449e-07]
CASCI converged
CASCI E = -77.9964224644689  E(CI) = -27.7558688454168  S^2 = 0.0000000

******** <class 'pyscf.mcscf.casci.CASCI'> ********
CAS (3e+3e, 4o), ncore = 5, nvir = 39
natorb = False
canonicalization = True
sorting_mo_energy = False
max_memory 4000 MB (current use 551 MB)
******** <class 'pyscf.fci.direct_spin1.FCISolver'> ********
max. cycles = 200
conv_tol = 1e-08
davidson only = False
linear dependence = 1e-12
level shift = 0.001
max iter space = 12
max_memory 4000 MB
nroots = 1
pspace_size = 400
spin = None
Density matrix diagonal elements [1.9360284  0.06541671 1.9998975  1.99865739]
CASCI converged
CASCI E = -77.9974368850485  E(CI) = -10.3154130964206  S^2 = 0.0000000

******** <class 'pyscf.mcscf.casci.CASCI'> ********
CAS (3e+3e, 4o), ncore = 5, nvir = 39
natorb = False
canonicalization = True
sorting_mo_energy = False
max_memory 4000 MB (current use 551 MB)
******** <class 'pyscf.fci.direct_spin1.FCISolver'> ********
max. cycles = 200
conv_tol = 1e-08
davidson only = False
linear dependence = 1e-12
level shift = 0.001
max iter space = 12
max_memory 4000 MB
nroots = 1
pspace_size = 400
spin = None
Density matrix diagonal elements [1.93523747 0.06499611 1.99986918 1.99989724]
CASCI converged
CASCI E = -77.9965936658896  E(CI) = -10.2027279971428  S^2 = 0.0000000

******** <class 'pyscf.mcscf.casci.CASCI'> ********
CAS (3e+3e, 4o), ncore = 5, nvir = 39
natorb = False
canonicalization = True
sorting_mo_energy = False
max_memory 4000 MB (current use 551 MB)
******** <class 'pyscf.fci.direct_spin1.FCISolver'> ********
max. cycles = 200
conv_tol = 1e-08
davidson only = False
linear dependence = 1e-12
level shift = 0.001
max iter space = 12
max_memory 4000 MB
nroots = 1
pspace_size = 400
spin = None
Density matrix diagonal elements [1.93506916 0.0656205  1.99968817 1.99962216]
CASCI converged
CASCI E = -77.9968780053932  E(CI) = -10.4577492966546  S^2 = 0.0000000

******** <class 'pyscf.mcscf.casci.CASCI'> ********
CAS (3e+3e, 4o), ncore = 5, nvir = 39
natorb = False
canonicalization = True
sorting_mo_energy = False
max_memory 4000 MB (current use 551 MB)
******** <class 'pyscf.fci.direct_spin1.FCISolver'> ********
max. cycles = 200
conv_tol = 1e-08
davidson only = False
linear dependence = 1e-12
level shift = 0.001
max iter space = 12
max_memory 4000 MB
nroots = 1
pspace_size = 400
spin = None
Density matrix diagonal elements [1.93526191 0.06515296 1.99986848 1.99971665]
CASCI converged
CASCI E = -77.9966533008425  E(CI) = -9.76842996801490  S^2 = 0.0000000

******** <class 'pyscf.mcscf.casci.CASCI'> ********
CAS (2e+2e, 4o), ncore = 6, nvir = 38
natorb = False
canonicalization = True
sorting_mo_energy = False
max_memory 4000 MB (current use 551 MB)
******** <class 'pyscf.fci.direct_spin1.FCISolver'> ********
max. cycles = 200
conv_tol = 1e-08
davidson only = False
linear dependence = 1e-12
level shift = 0.001
max iter space = 12
max_memory 4000 MB
nroots = 1
pspace_size = 400
spin = None
Density matrix diagonal elements [1.93513423e+00 6.49721083e-02 1.99983311e+00 6.05584858e-05]
CASCI converged
CASCI E = -77.9965871872524  E(CI) = -5.47139480560706  S^2 = 0.0000000

******** <class 'pyscf.mcscf.casci.CASCI'> ********
CAS (2e+2e, 4o), ncore = 6, nvir = 38
natorb = False
canonicalization = True
sorting_mo_energy = False
max_memory 4000 MB (current use 551 MB)
******** <class 'pyscf.fci.direct_spin1.FCISolver'> ********
max. cycles = 200
conv_tol = 1e-08
davidson only = False
linear dependence = 1e-12
level shift = 0.001
max iter space = 12
max_memory 4000 MB
nroots = 1
pspace_size = 400
spin = None
Density matrix diagonal elements [1.93512512e+00 6.49943972e-02 1.99975402e+00 1.26466512e-04]
CASCI converged
CASCI E = -77.9966691696363  E(CI) = -5.47147678799097  S^2 = 0.0000000

******** <class 'pyscf.mcscf.casci.CASCI'> ********
CAS (2e+2e, 4o), ncore = 6, nvir = 38
natorb = False
canonicalization = True
sorting_mo_energy = False
max_memory 4000 MB (current use 551 MB)
******** <class 'pyscf.fci.direct_spin1.FCISolver'> ********
max. cycles = 200
conv_tol = 1e-08
davidson only = False
linear dependence = 1e-12
level shift = 0.001
max iter space = 12
max_memory 4000 MB
nroots = 1
pspace_size = 400
spin = None
Density matrix diagonal elements [1.93494470e+00 6.51580237e-02 1.99900997e+00 8.87310876e-04]
CASCI converged
CASCI E = -77.9977569173923  E(CI) = -5.47256453574691  S^2 = 0.0000000

******** <class 'pyscf.mcscf.casci.CASCI'> ********
CAS (2e+2e, 4o), ncore = 6, nvir = 38
natorb = False
canonicalization = True
sorting_mo_energy = False
max_memory 4000 MB (current use 551 MB)
******** <class 'pyscf.fci.direct_spin1.FCISolver'> ********
max. cycles = 200
conv_tol = 1e-08
davidson only = False
linear dependence = 1e-12
level shift = 0.001
max iter space = 12
max_memory 4000 MB
nroots = 1
pspace_size = 400
spin = None
Density matrix diagonal elements [1.93513379e+00 6.50034891e-02 1.99984595e+00 1.67693686e-05]
CASCI converged
CASCI E = -77.9965598419474  E(CI) = -5.47136746030206  S^2 = 0.0000000

******** <class 'pyscf.mcscf.casci.CASCI'> ********
CAS (2e+2e, 4o), ncore = 6, nvir = 38
natorb = False
canonicalization = True
sorting_mo_energy = False
max_memory 4000 MB (current use 551 MB)
******** <class 'pyscf.fci.direct_spin1.FCISolver'> ********
max. cycles = 200
conv_tol = 1e-08
davidson only = False
linear dependence = 1e-12
level shift = 0.001
max iter space = 12
max_memory 4000 MB
nroots = 1
pspace_size = 400
spin = None
Density matrix diagonal elements [1.93466377e+00 6.54391569e-02 1.99921719e+00 6.79880703e-04]
CASCI converged
CASCI E = -77.9975477158500  E(CI) = -5.47235533420458  S^2 = 0.0000000

******** <class 'pyscf.mcscf.casci.CASCI'> ********
CAS (2e+2e, 4o), ncore = 6, nvir = 38
natorb = False
canonicalization = True
sorting_mo_energy = False
max_memory 4000 MB (current use 551 MB)
******** <class 'pyscf.fci.direct_spin1.FCISolver'> ********
max. cycles = 200
conv_tol = 1e-08
davidson only = False
linear dependence = 1e-12
level shift = 0.001
max iter space = 12
max_memory 4000 MB
nroots = 1
pspace_size = 400
spin = None
Density matrix diagonal elements [1.93456990e+00 6.51239914e-02 1.99953982e+00 7.66287061e-04]
CASCI converged
CASCI E = -77.9972777327855  E(CI) = -5.47208535114011  S^2 = 0.0000000

******** <class 'pyscf.mcscf.casci.CASCI'> ********
CAS (2e+2e, 4o), ncore = 6, nvir = 38
natorb = False
canonicalization = True
sorting_mo_energy = False
max_memory 4000 MB (current use 551 MB)
******** <class 'pyscf.fci.direct_spin1.FCISolver'> ********
max. cycles = 200
conv_tol = 1e-08
davidson only = False
linear dependence = 1e-12
level shift = 0.001
max iter space = 12
max_memory 4000 MB
nroots = 1
pspace_size = 400
spin = None
Density matrix diagonal elements [1.93513206e+00 6.46719967e-02 1.99981776e+00 3.78183007e-04]
CASCI converged
CASCI E = -77.9968712378953  E(CI) = -5.47167885624989  S^2 = 0.0000000

******** <class 'pyscf.mcscf.casci.CASCI'> ********
CAS (2e+2e, 4o), ncore = 6, nvir = 38
natorb = False
canonicalization = True
sorting_mo_energy = False
max_memory 4000 MB (current use 551 MB)
******** <class 'pyscf.fci.direct_spin1.FCISolver'> ********
max. cycles = 200
conv_tol = 1e-08
davidson only = False
linear dependence = 1e-12
level shift = 0.001
max iter space = 12
max_memory 4000 MB
nroots = 1
pspace_size = 400
spin = None
Density matrix diagonal elements [1.93511176e+00 6.49858851e-02 1.99972535e+00 1.77000454e-04]
CASCI converged
CASCI E = -77.9967621866498  E(CI) = -5.47156980500439  S^2 = 0.0000000

******** <class 'pyscf.mcscf.casci.CASCI'> ********
CAS (2e+2e, 4o), ncore = 6, nvir = 38
natorb = False
canonicalization = True
sorting_mo_energy = False
max_memory 4000 MB (current use 551 MB)
******** <class 'pyscf.fci.direct_spin1.FCISolver'> ********
max. cycles = 200
conv_tol = 1e-08
davidson only = False
linear dependence = 1e-12
level shift = 0.001
max iter space = 12
max_memory 4000 MB
nroots = 1
pspace_size = 400
spin = None
Density matrix diagonal elements [1.93417376 0.06319413 1.99977832 0.00285379]
CASCI converged
CASCI E = -77.9988460986981  E(CI) = -5.47365371705268  S^2 = 0.0000000

******** <class 'pyscf.mcscf.casci.CASCI'> ********
CAS (2e+2e, 4o), ncore = 6, nvir = 38
natorb = False
canonicalization = True
sorting_mo_energy = False
max_memory 4000 MB (current use 551 MB)
******** <class 'pyscf.fci.direct_spin1.FCISolver'> ********
max. cycles = 200
conv_tol = 1e-08
davidson only = False
linear dependence = 1e-12
level shift = 0.001
max iter space = 12
max_memory 4000 MB
nroots = 1
pspace_size = 400
spin = None
Density matrix diagonal elements [1.93256930e+00 6.74668966e-02 1.99905230e+00 9.11500895e-04]
CASCI converged
CASCI E = -77.9980491363535  E(CI) = -5.47285675470813  S^2 = 0.0000000

******** <class 'pyscf.mcscf.casci.CASCI'> ********
CAS (2e+2e, 4o), ncore = 6, nvir = 38
natorb = False
canonicalization = True
sorting_mo_energy = False
max_memory 4000 MB (current use 551 MB)
******** <class 'pyscf.fci.direct_spin1.FCISolver'> ********
max. cycles = 200
conv_tol = 1e-08
davidson only = False
linear dependence = 1e-12
level shift = 0.001
max iter space = 12
max_memory 4000 MB
nroots = 1
pspace_size = 400
spin = None
Density matrix diagonal elements [1.91677139 0.07578404 1.99964568 0.00779889]
CASCI converged
CASCI E = -78.0054823320048  E(CI) = -5.48028995035941  S^2 = 0.0000000

******** <class 'pyscf.mcscf.casci.CASCI'> ********
CAS (2e+2e, 4o), ncore = 6, nvir = 38
natorb = False
canonicalization = True
sorting_mo_energy = False
max_memory 4000 MB (current use 551 MB)
******** <class 'pyscf.fci.direct_spin1.FCISolver'> ********
max. cycles = 200
conv_tol = 1e-08
davidson only = False
linear dependence = 1e-12
level shift = 0.001
max iter space = 12
max_memory 4000 MB
nroots = 1
pspace_size = 400
spin = None
Density matrix diagonal elements [1.93516294e+00 6.49442275e-02 1.99981551e+00 7.73252554e-05]
CASCI converged
CASCI E = -77.9966506793041  E(CI) = -5.47145829765870  S^2 = 0.0000000

******** <class 'pyscf.mcscf.casci.CASCI'> ********
CAS (2e+2e, 4o), ncore = 6, nvir = 38
natorb = False
canonicalization = True
sorting_mo_energy = False
max_memory 4000 MB (current use 551 MB)
******** <class 'pyscf.fci.direct_spin1.FCISolver'> ********
max. cycles = 200
conv_tol = 1e-08
davidson only = False
linear dependence = 1e-12
level shift = 0.001
max iter space = 12
max_memory 4000 MB
nroots = 1
pspace_size = 400
spin = None
Density matrix diagonal elements [1.93570066e+00 6.43861426e-02 1.99912322e+00 7.89975764e-04]
CASCI converged
CASCI E = -77.9980195164826  E(CI) = -5.47282713483720  S^2 = 0.0000000

******** <class 'pyscf.mcscf.casci.CASCI'> ********
CAS (2e+2e, 4o), ncore = 6, nvir = 38
natorb = False
canonicalization = True
sorting_mo_energy = False
max_memory 4000 MB (current use 551 MB)
******** <class 'pyscf.fci.direct_spin1.FCISolver'> ********
max. cycles = 200
conv_tol = 1e-08
davidson only = False
linear dependence = 1e-12
level shift = 0.001
max iter space = 12
max_memory 4000 MB
nroots = 1
pspace_size = 400
spin = None
Density matrix diagonal elements [1.93513338e+00 6.49947469e-02 1.99976802e+00 1.03857260e-04]
CASCI converged
CASCI E = -77.9967005293507  E(CI) = -5.47150814770535  S^2 = 0.0000000

******** <class 'pyscf.mcscf.casci.CASCI'> ********
CAS (2e+2e, 4o), ncore = 6, nvir = 38
natorb = False
canonicalization = True
sorting_mo_energy = False
max_memory 4000 MB (current use 551 MB)
******** <class 'pyscf.fci.direct_spin1.FCISolver'> ********
max. cycles = 200
conv_tol = 1e-08
davidson only = False
linear dependence = 1e-12
level shift = 0.001
max iter space = 12
max_memory 4000 MB
nroots = 1
pspace_size = 400
spin = None
Density matrix diagonal elements [1.93513844e+00 6.49933971e-02 1.99979053e+00 7.76352804e-05]
CASCI converged
CASCI E = -77.9966639343833  E(CI) = -5.47147155273795  S^2 = 0.0000000

******** <class 'pyscf.mcscf.casci.CASCI'> ********
CAS (2e+2e, 4o), ncore = 6, nvir = 38
natorb = False
canonicalization = True
sorting_mo_energy = False
max_memory 4000 MB (current use 551 MB)
******** <class 'pyscf.fci.direct_spin1.FCISolver'> ********
max. cycles = 200
conv_tol = 1e-08
davidson only = False
linear dependence = 1e-12
level shift = 0.001
max iter space = 12
max_memory 4000 MB
nroots = 1
pspace_size = 400
spin = None
Density matrix diagonal elements [1.93619057e+00 6.39073308e-02 1.99884339e+00 1.05870480e-03]
CASCI converged
CASCI E = -77.9985645947527  E(CI) = -5.47337221310734  S^2 = 0.0000000

******** <class 'pyscf.mcscf.casci.CASCI'> ********
CAS (2e+2e, 4o), ncore = 6, nvir = 38
natorb = False
canonicalization = True
sorting_mo_energy = False
max_memory 4000 MB (current use 551 MB)
******** <class 'pyscf.fci.direct_spin1.FCISolver'> ********
max. cycles = 200
conv_tol = 1e-08
davidson only = False
linear dependence = 1e-12
level shift = 0.001
max iter space = 12
max_memory 4000 MB
nroots = 1
pspace_size = 400
spin = None
Density matrix diagonal elements [1.93514432e+00 6.49922321e-02 1.99985001e+00 1.34386167e-05]
CASCI converged
CASCI E = -77.9965667096951  E(CI) = -5.47137432804976  S^2 = 0.0000000

******** <class 'pyscf.mcscf.casci.CASCI'> ********
CAS (2e+2e, 4o), ncore = 6, nvir = 38
natorb = False
canonicalization = True
sorting_mo_energy = False
max_memory 4000 MB (current use 551 MB)
******** <class 'pyscf.fci.direct_spin1.FCISolver'> ********
max. cycles = 200
conv_tol = 1e-08
davidson only = False
linear dependence = 1e-12
level shift = 0.001
max iter space = 12
max_memory 4000 MB
nroots = 1
pspace_size = 400
spin = None
Density matrix diagonal elements [1.93533551e+00 6.46631292e-02 1.99981375e+00 1.87616705e-04]
CASCI converged
CASCI E = -77.9968595882934  E(CI) = -5.47166720664799  S^2 = 0.0000000

******** <class 'pyscf.mcscf.casci.CASCI'> ********
CAS (2e+2e, 4o), ncore = 6, nvir = 38
natorb = False
canonicalization = True
sorting_mo_energy = False
max_memory 4000 MB (current use 551 MB)
******** <class 'pyscf.fci.direct_spin1.FCISolver'> ********
max. cycles = 200
conv_tol = 1e-08
davidson only = False
linear dependence = 1e-12
level shift = 0.001
max iter space = 12
max_memory 4000 MB
nroots = 1
pspace_size = 400
spin = None
Density matrix diagonal elements [1.93526326e+00 6.48480177e-02 1.99983797e+00 5.07536509e-05]
CASCI converged
CASCI E = -77.9966384248817  E(CI) = -5.47144604323636  S^2 = 0.0000000

******** <class 'pyscf.mcscf.casci.CASCI'> ********
CAS (2e+2e, 4o), ncore = 6, nvir = 38
natorb = False
canonicalization = True
sorting_mo_energy = False
max_memory 4000 MB (current use 551 MB)
******** <class 'pyscf.fci.direct_spin1.FCISolver'> ********
max. cycles = 200
conv_tol = 1e-08
davidson only = False
linear dependence = 1e-12
level shift = 0.001
max iter space = 12
max_memory 4000 MB
nroots = 1
pspace_size = 400
spin = None
Density matrix diagonal elements [1.93475974e+00 6.50972303e-02 1.99975745e+00 3.85580173e-04]
CASCI converged
CASCI E = -77.9972132271389  E(CI) = -5.47202084549350  S^2 = 0.0000000

******** <class 'pyscf.mcscf.casci.CASCI'> ********
CAS (2e+2e, 4o), ncore = 6, nvir = 38
natorb = False
canonicalization = True
sorting_mo_energy = False
max_memory 4000 MB (current use 551 MB)
******** <class 'pyscf.fci.direct_spin1.FCISolver'> ********
max. cycles = 200
conv_tol = 1e-08
davidson only = False
linear dependence = 1e-12
level shift = 0.001
max iter space = 12
max_memory 4000 MB
nroots = 1
pspace_size = 400
spin = None
Density matrix diagonal elements [1.93513428e+00 6.50059094e-02 1.99985531e+00 4.49499189e-06]
CASCI converged
CASCI E = -77.9965527904856  E(CI) = -5.47136040884027  S^2 = 0.0000000

******** <class 'pyscf.mcscf.casci.CASCI'> ********
CAS (2e+2e, 4o), ncore = 6, nvir = 38
natorb = False
canonicalization = True
sorting_mo_energy = False
max_memory 4000 MB (current use 551 MB)
******** <class 'pyscf.fci.direct_spin1.FCISolver'> ********
max. cycles = 200
conv_tol = 1e-08
davidson only = False
linear dependence = 1e-12
level shift = 0.001
max iter space = 12
max_memory 4000 MB
nroots = 1
pspace_size = 400
spin = None
Density matrix diagonal elements [1.93513400e+00 6.50060149e-02 1.99985203e+00 7.95578388e-06]
CASCI converged
CASCI E = -77.9965621260299  E(CI) = -5.47136974438455  S^2 = 0.0000000

******** <class 'pyscf.mcscf.casci.CASCI'> ********
CAS (2e+2e, 4o), ncore = 6, nvir = 38
natorb = False
canonicalization = True
sorting_mo_energy = False
max_memory 4000 MB (current use 551 MB)
******** <class 'pyscf.fci.direct_spin1.FCISolver'> ********
max. cycles = 200
conv_tol = 1e-08
davidson only = False
linear dependence = 1e-12
level shift = 0.001
max iter space = 12
max_memory 4000 MB
nroots = 1
pspace_size = 400
spin = None
Density matrix diagonal elements [1.93513021e+00 6.49983741e-02 1.99983309e+00 3.83285624e-05]
CASCI converged
CASCI E = -77.9966349239643  E(CI) = -5.47144254231895  S^2 = 0.0000000

******** <class 'pyscf.mcscf.casci.CASCI'> ********
CAS (2e+2e, 4o), ncore = 6, nvir = 38
natorb = False
canonicalization = True
sorting_mo_energy = False
max_memory 4000 MB (current use 551 MB)
******** <class 'pyscf.fci.direct_spin1.FCISolver'> ********
max. cycles = 200
conv_tol = 1e-08
davidson only = False
linear dependence = 1e-12
level shift = 0.001
max iter space = 12
max_memory 4000 MB
nroots = 1
pspace_size = 400
spin = None
Density matrix diagonal elements [1.93475357e+00 6.52985434e-02 1.99985476e+00 9.31247293e-05]
CASCI converged
CASCI E = -77.9967601131159  E(CI) = -5.47156773147054  S^2 = 0.0000000

******** <class 'pyscf.mcscf.casci.CASCI'> ********
CAS (2e+2e, 4o), ncore = 6, nvir = 38
natorb = False
canonicalization = True
sorting_mo_energy = False
max_memory 4000 MB (current use 551 MB)
******** <class 'pyscf.fci.direct_spin1.FCISolver'> ********
max. cycles = 200
conv_tol = 1e-08
davidson only = False
linear dependence = 1e-12
level shift = 0.001
max iter space = 12
max_memory 4000 MB
nroots = 1
pspace_size = 400
spin = None
Density matrix diagonal elements [1.93474726e+00 6.53876348e-02 1.99971297e+00 1.52134237e-04]
CASCI converged
CASCI E = -77.9969851099136  E(CI) = -5.47179272826824  S^2 = 0.0000000

******** <class 'pyscf.mcscf.casci.CASCI'> ********
CAS (2e+2e, 4o), ncore = 6, nvir = 38
natorb = False
canonicalization = True
sorting_mo_energy = False
max_memory 4000 MB (current use 551 MB)
******** <class 'pyscf.fci.direct_spin1.FCISolver'> ********
max. cycles = 200
conv_tol = 1e-08
davidson only = False
linear dependence = 1e-12
level shift = 0.001
max iter space = 12
max_memory 4000 MB
nroots = 1
pspace_size = 400
spin = None
Density matrix diagonal elements [1.93513425e+00 6.50042691e-02 1.99980653e+00 5.49539457e-05]
CASCI converged
CASCI E = -77.9966902172152  E(CI) = -5.47149783556985  S^2 = 0.0000000

******** <class 'pyscf.mcscf.casci.CASCI'> ********
CAS (2e+2e, 4o), ncore = 6, nvir = 38
natorb = False
canonicalization = True
sorting_mo_energy = False
max_memory 4000 MB (current use 551 MB)
******** <class 'pyscf.fci.direct_spin1.FCISolver'> ********
max. cycles = 200
conv_tol = 1e-08
davidson only = False
linear dependence = 1e-12
level shift = 0.001
max iter space = 12
max_memory 4000 MB
nroots = 1
pspace_size = 400
spin = None
Density matrix diagonal elements [1.93534147e+00 6.46693371e-02 1.99981759e+00 1.71602919e-04]
CASCI converged
CASCI E = -77.9969376536040  E(CI) = -5.47174527195864  S^2 = 0.0000000

******** <class 'pyscf.mcscf.casci.CASCI'> ********
CAS (2e+2e, 4o), ncore = 6, nvir = 38
natorb = False
canonicalization = True
sorting_mo_energy = False
max_memory 4000 MB (current use 551 MB)
******** <class 'pyscf.fci.direct_spin1.FCISolver'> ********
max. cycles = 200
conv_tol = 1e-08
davidson only = False
linear dependence = 1e-12
level shift = 0.001
max iter space = 12
max_memory 4000 MB
nroots = 1
pspace_size = 400
spin = None
Density matrix diagonal elements [1.93499582e+00 6.51028214e-02 1.99983805e+00 6.33152798e-05]
CASCI converged
CASCI E = -77.9967008389543  E(CI) = -5.47150845730893  S^2 = 0.0000000

******** <class 'pyscf.mcscf.casci.CASCI'> ********
CAS (2e+2e, 4o), ncore = 6, nvir = 38
natorb = False
canonicalization = True
sorting_mo_energy = False
max_memory 4000 MB (current use 551 MB)
******** <class 'pyscf.fci.direct_spin1.FCISolver'> ********
max. cycles = 200
conv_tol = 1e-08
davidson only = False
linear dependence = 1e-12
level shift = 0.001
max iter space = 12
max_memory 4000 MB
nroots = 1
pspace_size = 400
spin = None
Density matrix diagonal elements [1.93520234e+00 6.48813109e-02 1.99983566e+00 8.06939052e-05]
CASCI converged
CASCI E = -77.9967524849503  E(CI) = -5.47156010330492  S^2 = 0.0000000

******** <class 'pyscf.mcscf.casci.CASCI'> ********
CAS (2e+2e, 4o), ncore = 6, nvir = 38
natorb = False
canonicalization = True
sorting_mo_energy = False
max_memory 4000 MB (current use 551 MB)
******** <class 'pyscf.fci.direct_spin1.FCISolver'> ********
max. cycles = 200
conv_tol = 1e-08
davidson only = False
linear dependence = 1e-12
level shift = 0.001
max iter space = 12
max_memory 4000 MB
nroots = 1
pspace_size = 400
spin = None
Density matrix diagonal elements [1.93473429e+00 6.53942763e-02 1.99974509e+00 1.26342391e-04]
CASCI converged
CASCI E = -77.9969578430492  E(CI) = -5.47176546140383  S^2 = 0.0000000

******** <class 'pyscf.mcscf.casci.CASCI'> ********
CAS (2e+2e, 4o), ncore = 6, nvir = 38
natorb = False
canonicalization = True
sorting_mo_energy = False
max_memory 4000 MB (current use 551 MB)
******** <class 'pyscf.fci.direct_spin1.FCISolver'> ********
max. cycles = 200
conv_tol = 1e-08
davidson only = False
linear dependence = 1e-12
level shift = 0.001
max iter space = 12
max_memory 4000 MB
nroots = 1
pspace_size = 400
spin = None
Density matrix diagonal elements [1.93513429e+00 6.50054707e-02 1.99984997e+00 1.02608176e-05]
CASCI converged
CASCI E = -77.9965741464174  E(CI) = -5.47138176477199  S^2 = 0.0000000

******** <class 'pyscf.mcscf.casci.CASCI'> ********
CAS (2e+2e, 4o), ncore = 6, nvir = 38
natorb = False
canonicalization = True
sorting_mo_energy = False
max_memory 4000 MB (current use 551 MB)
******** <class 'pyscf.fci.direct_spin1.FCISolver'> ********
max. cycles = 200
conv_tol = 1e-08
davidson only = False
linear dependence = 1e-12
level shift = 0.001
max iter space = 12
max_memory 4000 MB
nroots = 1
pspace_size = 400
spin = None
Density matrix diagonal elements [1.93510946e+00 6.50293592e-02 1.99983756e+00 2.36144778e-05]
CASCI converged
CASCI E = -77.9966201816941  E(CI) = -5.47142780004869  S^2 = 0.0000000

******** <class 'pyscf.mcscf.casci.CASCI'> ********
CAS (2e+2e, 4o), ncore = 6, nvir = 38
natorb = False
canonicalization = True
sorting_mo_energy = False
max_memory 4000 MB (current use 551 MB)
******** <class 'pyscf.fci.direct_spin1.FCISolver'> ********
max. cycles = 200
conv_tol = 1e-08
davidson only = False
linear dependence = 1e-12
level shift = 0.001
max iter space = 12
max_memory 4000 MB
nroots = 1
pspace_size = 400
spin = None
Density matrix diagonal elements [1.93522003e+00 6.48941669e-02 1.99984704e+00 3.87687380e-05]
CASCI converged
CASCI E = -77.9966556888876  E(CI) = -5.47146330724223  S^2 = 0.0000000

******** <class 'pyscf.mcscf.casci.CASCI'> ********
CAS (2e+2e, 4o), ncore = 6, nvir = 38
natorb = False
canonicalization = True
sorting_mo_energy = False
max_memory 4000 MB (current use 551 MB)
******** <class 'pyscf.fci.direct_spin1.FCISolver'> ********
max. cycles = 200
conv_tol = 1e-08
davidson only = False
linear dependence = 1e-12
level shift = 0.001
max iter space = 12
max_memory 4000 MB
nroots = 1
pspace_size = 400
spin = None
Density matrix diagonal elements [1.93506517e+00 6.50335276e-02 1.99983035e+00 7.09562284e-05]
CASCI converged
CASCI E = -77.9967617226655  E(CI) = -5.47156934102019  S^2 = 0.0000000

******** <class 'pyscf.mcscf.casci.CASCI'> ********
CAS (2e+2e, 4o), ncore = 6, nvir = 38
natorb = False
canonicalization = True
sorting_mo_energy = False
max_memory 4000 MB (current use 551 MB)
******** <class 'pyscf.fci.direct_spin1.FCISolver'> ********
max. cycles = 200
conv_tol = 1e-08
davidson only = False
linear dependence = 1e-12
level shift = 0.001
max iter space = 12
max_memory 4000 MB
nroots = 1
pspace_size = 400
spin = None
Density matrix diagonal elements [1.93512839e+00 6.50106875e-02 1.99984818e+00 1.27413021e-05]
CASCI converged
CASCI E = -77.9965877438129  E(CI) = -5.47139536216756  S^2 = 0.0000000

******** <class 'pyscf.mcscf.casci.CASCI'> ********
CAS (2e+2e, 4o), ncore = 6, nvir = 38
natorb = False
canonicalization = True
sorting_mo_energy = False
max_memory 4000 MB (current use 551 MB)
******** <class 'pyscf.fci.direct_spin1.FCISolver'> ********
max. cycles = 200
conv_tol = 1e-08
davidson only = False
linear dependence = 1e-12
level shift = 0.001
max iter space = 12
max_memory 4000 MB
nroots = 1
pspace_size = 400
spin = None
Density matrix diagonal elements [1.93513467e+00 6.50051249e-02 1.99984982e+00 1.03802344e-05]
CASCI converged
CASCI E = -77.9965801539092  E(CI) = -5.47138777226380  S^2 = 0.0000000

******** <class 'pyscf.mcscf.casci.CASCI'> ********
CAS (2e+2e, 4o), ncore = 6, nvir = 38
natorb = False
canonicalization = True
sorting_mo_energy = False
max_memory 4000 MB (current use 551 MB)
******** <class 'pyscf.fci.direct_spin1.FCISolver'> ********
max. cycles = 200
conv_tol = 1e-08
davidson only = False
linear dependence = 1e-12
level shift = 0.001
max iter space = 12
max_memory 4000 MB
nroots = 1
pspace_size = 400
spin = None
Density matrix diagonal elements [1.93509351e+00 6.50423339e-02 1.99978755e+00 7.66010006e-05]
CASCI converged
CASCI E = -77.9968408146090  E(CI) = -5.47164843296363  S^2 = 0.0000000

******** <class 'pyscf.mcscf.casci.CASCI'> ********
CAS (2e+2e, 4o), ncore = 6, nvir = 38
natorb = False
canonicalization = True
sorting_mo_energy = False
max_memory 4000 MB (current use 551 MB)
******** <class 'pyscf.fci.direct_spin1.FCISolver'> ********
max. cycles = 200
conv_tol = 1e-08
davidson only = False
linear dependence = 1e-12
level shift = 0.001
max iter space = 12
max_memory 4000 MB
nroots = 1
pspace_size = 400
spin = None
Density matrix diagonal elements [1.93507703e+00 6.50625975e-02 1.99984013e+00 2.02415292e-05]
CASCI converged
CASCI E = -77.9966252697760  E(CI) = -5.47143288813062  S^2 = 0.0000000

******** <class 'pyscf.mcscf.casci.CASCI'> ********
CAS (2e+2e, 4o), ncore = 6, nvir = 38
natorb = False
canonicalization = True
sorting_mo_energy = False
max_memory 4000 MB (current use 551 MB)
******** <class 'pyscf.fci.direct_spin1.FCISolver'> ********
max. cycles = 200
conv_tol = 1e-08
davidson only = False
linear dependence = 1e-12
level shift = 0.001
max iter space = 12
max_memory 4000 MB
nroots = 1
pspace_size = 400
spin = None
Density matrix diagonal elements [1.93513508e+00 6.50047704e-02 1.99985158e+00 8.57387048e-06]
CASCI converged
CASCI E = -77.9965775809781  E(CI) = -5.47138519933276  S^2 = 0.0000000

******** <class 'pyscf.mcscf.casci.CASCI'> ********
CAS (3e+3e, 4o), ncore = 5, nvir = 39
natorb = False
canonicalization = True
sorting_mo_energy = False
max_memory 4000 MB (current use 551 MB)
******** <class 'pyscf.fci.direct_spin1.FCISolver'> ********
max. cycles = 200
conv_tol = 1e-08
davidson only = False
linear dependence = 1e-12
level shift = 0.001
max iter space = 12
max_memory 4000 MB
nroots = 1
pspace_size = 400
spin = None
Density matrix diagonal elements [1.93550126 0.06593202 1.99864162 1.99992509]
CASCI converged
CASCI E = -77.9973857021055  E(CI) = -9.23011362568512  S^2 = 0.0000000

******** <class 'pyscf.mcscf.casci.CASCI'> ********
CAS (3e+3e, 4o), ncore = 5, nvir = 39
natorb = False
canonicalization = True
sorting_mo_energy = False
max_memory 4000 MB (current use 551 MB)
******** <class 'pyscf.fci.direct_spin1.FCISolver'> ********
max. cycles = 200
conv_tol = 1e-08
davidson only = False
linear dependence = 1e-12
level shift = 0.001
max iter space = 12
max_memory 4000 MB
nroots = 1
pspace_size = 400
spin = None
Density matrix diagonal elements [1.93556759 0.06587376 1.99867765 1.99988099]
CASCI converged
CASCI E = -77.9973994355713  E(CI) = -9.30098398986695  S^2 = 0.0000000

******** <class 'pyscf.mcscf.casci.CASCI'> ********
CAS (3e+3e, 4o), ncore = 5, nvir = 39
natorb = False
canonicalization = True
sorting_mo_energy = False
max_memory 4000 MB (current use 551 MB)
******** <class 'pyscf.fci.direct_spin1.FCISolver'> ********
max. cycles = 200
conv_tol = 1e-08
davidson only = False
linear dependence = 1e-12
level shift = 0.001
max iter space = 12
max_memory 4000 MB
nroots = 1
pspace_size = 400
spin = None
Density matrix diagonal elements [1.93549512 0.06600338 1.99867722 1.99982428]
CASCI converged
CASCI E = -77.9974165274153  E(CI) = -8.79999461931230  S^2 = 0.0000000

******** <class 'pyscf.mcscf.casci.CASCI'> ********
CAS (2e+2e, 4o), ncore = 6, nvir = 38
natorb = False
canonicalization = True
sorting_mo_energy = False
max_memory 4000 MB (current use 551 MB)
******** <class 'pyscf.fci.direct_spin1.FCISolver'> ********
max. cycles = 200
conv_tol = 1e-08
davidson only = False
linear dependence = 1e-12
level shift = 0.001
max iter space = 12
max_memory 4000 MB
nroots = 1
pspace_size = 400
spin = None
Density matrix diagonal elements [1.93581926e+00 6.55664513e-02 1.99672638e+00 1.88791301e-03]
CASCI converged
CASCI E = -77.9993335030193  E(CI) = -4.63159048125625  S^2 = 0.0000000

******** <class 'pyscf.mcscf.casci.CASCI'> ********
CAS (2e+2e, 4o), ncore = 6, nvir = 38
natorb = False
canonicalization = True
sorting_mo_energy = False
max_memory 4000 MB (current use 551 MB)
******** <class 'pyscf.fci.direct_spin1.FCISolver'> ********
max. cycles = 200
conv_tol = 1e-08
davidson only = False
linear dependence = 1e-12
level shift = 0.001
max iter space = 12
max_memory 4000 MB
nroots = 1
pspace_size = 400
spin = None
Density matrix diagonal elements [1.93538897e+00 6.59724439e-02 1.99857535e+00 6.32328845e-05]
CASCI converged
CASCI E = -77.9973901696748  E(CI) = -4.62964714791180  S^2 = 0.0000000

******** <class 'pyscf.mcscf.casci.CASCI'> ********
CAS (2e+2e, 4o), ncore = 6, nvir = 38
natorb = False
canonicalization = True
sorting_mo_energy = False
max_memory 4000 MB (current use 551 MB)
******** <class 'pyscf.fci.direct_spin1.FCISolver'> ********
max. cycles = 200
conv_tol = 1e-08
davidson only = False
linear dependence = 1e-12
level shift = 0.001
max iter space = 12
max_memory 4000 MB
nroots = 1
pspace_size = 400
spin = None
Density matrix diagonal elements [1.93531079e+00 6.60276682e-02 1.99835726e+00 3.04277315e-04]
CASCI converged
CASCI E = -77.9976026005761  E(CI) = -4.62985957881313  S^2 = 0.0000000

******** <class 'pyscf.mcscf.casci.CASCI'> ********
CAS (2e+2e, 4o), ncore = 6, nvir = 38
natorb = False
canonicalization = True
sorting_mo_energy = False
max_memory 4000 MB (current use 551 MB)
******** <class 'pyscf.fci.direct_spin1.FCISolver'> ********
max. cycles = 200
conv_tol = 1e-08
davidson only = False
linear dependence = 1e-12
level shift = 0.001
max iter space = 12
max_memory 4000 MB
nroots = 1
pspace_size = 400
spin = None
Density matrix diagonal elements [1.93540198e+00 6.59824982e-02 1.99857238e+00 4.31438320e-05]
CASCI converged
CASCI E = -77.9973866632241  E(CI) = -4.62964364146113  S^2 = 0.0000000

******** <class 'pyscf.mcscf.casci.CASCI'> ********
CAS (2e+2e, 4o), ncore = 6, nvir = 38
natorb = False
canonicalization = True
sorting_mo_energy = False
max_memory 4000 MB (current use 551 MB)
******** <class 'pyscf.fci.direct_spin1.FCISolver'> ********
max. cycles = 200
conv_tol = 1e-08
davidson only = False
linear dependence = 1e-12
level shift = 0.001
max iter space = 12
max_memory 4000 MB
nroots = 1
pspace_size = 400
spin = None
Density matrix diagonal elements [1.93516865e+00 6.61617215e-02 1.99829847e+00 3.71159101e-04]
CASCI converged
CASCI E = -77.9977198466140  E(CI) = -4.62997682485100  S^2 = 0.0000000

******** <class 'pyscf.mcscf.casci.CASCI'> ********
CAS (2e+2e, 4o), ncore = 6, nvir = 38
natorb = False
canonicalization = True
sorting_mo_energy = False
max_memory 4000 MB (current use 551 MB)
******** <class 'pyscf.fci.direct_spin1.FCISolver'> ********
max. cycles = 200
conv_tol = 1e-08
davidson only = False
linear dependence = 1e-12
level shift = 0.001
max iter space = 12
max_memory 4000 MB
nroots = 1
pspace_size = 400
spin = None
Density matrix diagonal elements [1.93496175e+00 6.59267719e-02 1.99811899e+00 9.92484610e-04]
CASCI converged
CASCI E = -77.9983900244870  E(CI) = -4.63064700272399  S^2 = 0.0000000

******** <class 'pyscf.mcscf.casci.CASCI'> ********
CAS (2e+2e, 4o), ncore = 6, nvir = 38
natorb = False
canonicalization = True
sorting_mo_energy = False
max_memory 4000 MB (current use 551 MB)
******** <class 'pyscf.fci.direct_spin1.FCISolver'> ********
max. cycles = 200
conv_tol = 1e-08
davidson only = False
linear dependence = 1e-12
level shift = 0.001
max iter space = 12
max_memory 4000 MB
nroots = 1
pspace_size = 400
spin = None
Density matrix diagonal elements [1.93449645e+00 6.64876521e-02 1.99733707e+00 1.67882342e-03]
CASCI converged
CASCI E = -77.9995206276451  E(CI) = -4.63177760588211  S^2 = 0.0000000

******** <class 'pyscf.mcscf.casci.CASCI'> ********
CAS (2e+2e, 4o), ncore = 6, nvir = 38
natorb = False
canonicalization = True
sorting_mo_energy = False
max_memory 4000 MB (current use 551 MB)
******** <class 'pyscf.fci.direct_spin1.FCISolver'> ********
max. cycles = 200
conv_tol = 1e-08
davidson only = False
linear dependence = 1e-12
level shift = 0.001
max iter space = 12
max_memory 4000 MB
nroots = 1
pspace_size = 400
spin = None
Density matrix diagonal elements [1.93537171e+00 6.59685531e-02 1.99830436e+00 3.55373340e-04]
CASCI converged
CASCI E = -77.9977335010623  E(CI) = -4.62999047929927  S^2 = 0.0000000

******** <class 'pyscf.mcscf.casci.CASCI'> ********
CAS (2e+2e, 4o), ncore = 6, nvir = 38
natorb = False
canonicalization = True
sorting_mo_energy = False
max_memory 4000 MB (current use 551 MB)
******** <class 'pyscf.fci.direct_spin1.FCISolver'> ********
max. cycles = 200
conv_tol = 1e-08
davidson only = False
linear dependence = 1e-12
level shift = 0.001
max iter space = 12
max_memory 4000 MB
nroots = 1
pspace_size = 400
spin = None
Density matrix diagonal elements [1.93449488 0.0640857  1.99859406 0.00282536]
CASCI converged
CASCI E = -77.9995549157847  E(CI) = -4.63181189402169  S^2 = 0.0000000

******** <class 'pyscf.mcscf.casci.CASCI'> ********
CAS (2e+2e, 4o), ncore = 6, nvir = 38
natorb = False
canonicalization = True
sorting_mo_energy = False
max_memory 4000 MB (current use 551 MB)
******** <class 'pyscf.fci.direct_spin1.FCISolver'> ********
max. cycles = 200
conv_tol = 1e-08
davidson only = False
linear dependence = 1e-12
level shift = 0.001
max iter space = 12
max_memory 4000 MB
nroots = 1
pspace_size = 400
spin = None
Density matrix diagonal elements [1.93565727e+00 6.55989522e-02 1.99851279e+00 2.30989239e-04]
CASCI converged
CASCI E = -77.9976023842900  E(CI) = -4.62985936252704  S^2 = 0.0000000

******** <class 'pyscf.mcscf.casci.CASCI'> ********
CAS (2e+2e, 4o), ncore = 6, nvir = 38
natorb = False
canonicalization = True
sorting_mo_energy = False
max_memory 4000 MB (current use 551 MB)
******** <class 'pyscf.fci.direct_spin1.FCISolver'> ********
max. cycles = 200
conv_tol = 1e-08
davidson only = False
linear dependence = 1e-12
level shift = 0.001
max iter space = 12
max_memory 4000 MB
nroots = 1
pspace_size = 400
spin = None
Density matrix diagonal elements [1.91691178 0.0768447  1.998398   0.00784552]
CASCI converged
CASCI E = -78.0062484070425  E(CI) = -4.63850538527946  S^2 = 0.0000000

******** <class 'pyscf.mcscf.casci.CASCI'> ********
CAS (2e+2e, 4o), ncore = 6, nvir = 38
natorb = False
canonicalization = True
sorting_mo_energy = False
max_memory 4000 MB (current use 551 MB)
******** <class 'pyscf.fci.direct_spin1.FCISolver'> ********
max. cycles = 200
conv_tol = 1e-08
davidson only = False
linear dependence = 1e-12
level shift = 0.001
max iter space = 12
max_memory 4000 MB
nroots = 1
pspace_size = 400
spin = None
Density matrix diagonal elements [1.93561334e+00 6.57569893e-02 1.99748230e+00 1.14736829e-03]
CASCI converged
CASCI E = -77.9991116004602  E(CI) = -4.63136857869722  S^2 = 0.0000000

******** <class 'pyscf.mcscf.casci.CASCI'> ********
CAS (2e+2e, 4o), ncore = 6, nvir = 38
natorb = False
canonicalization = True
sorting_mo_energy = False
max_memory 4000 MB (current use 551 MB)
******** <class 'pyscf.fci.direct_spin1.FCISolver'> ********
max. cycles = 200
conv_tol = 1e-08
davidson only = False
linear dependence = 1e-12
level shift = 0.001
max iter space = 12
max_memory 4000 MB
nroots = 1
pspace_size = 400
spin = None
Density matrix diagonal elements [1.93535511e+00 6.59545716e-02 1.99825709e+00 4.33228711e-04]
CASCI converged
CASCI E = -77.9979314331648  E(CI) = -4.63018841140176  S^2 = 0.0000000

******** <class 'pyscf.mcscf.casci.CASCI'> ********
CAS (2e+2e, 4o), ncore = 6, nvir = 38
natorb = False
canonicalization = True
sorting_mo_energy = False
max_memory 4000 MB (current use 551 MB)
******** <class 'pyscf.fci.direct_spin1.FCISolver'> ********
max. cycles = 200
conv_tol = 1e-08
davidson only = False
linear dependence = 1e-12
level shift = 0.001
max iter space = 12
max_memory 4000 MB
nroots = 1
pspace_size = 400
spin = None
Density matrix diagonal elements [1.93540114e+00 6.59729347e-02 1.99857937e+00 4.65584892e-05]
CASCI converged
CASCI E = -77.9974071321103  E(CI) = -4.62966411034733  S^2 = 0.0000000

******** <class 'pyscf.mcscf.casci.CASCI'> ********
CAS (2e+2e, 4o), ncore = 6, nvir = 38
natorb = False
canonicalization = True
sorting_mo_energy = False
max_memory 4000 MB (current use 551 MB)
******** <class 'pyscf.fci.direct_spin1.FCISolver'> ********
max. cycles = 200
conv_tol = 1e-08
davidson only = False
linear dependence = 1e-12
level shift = 0.001
max iter space = 12
max_memory 4000 MB
nroots = 1
pspace_size = 400
spin = None
Density matrix diagonal elements [1.93540529e+00 6.59717539e-02 1.99851994e+00 1.03022001e-04]
CASCI converged
CASCI E = -77.9974904728373  E(CI) = -4.62974745107431  S^2 = 0.0000000

******** <class 'pyscf.mcscf.casci.CASCI'> ********
CAS (2e+2e, 4o), ncore = 6, nvir = 38
natorb = False
canonicalization = True
sorting_mo_energy = False
max_memory 4000 MB (current use 551 MB)
******** <class 'pyscf.fci.direct_spin1.FCISolver'> ********
max. cycles = 200
conv_tol = 1e-08
davidson only = False
linear dependence = 1e-12
level shift = 0.001
max iter space = 12
max_memory 4000 MB
nroots = 1
pspace_size = 400
spin = None
Density matrix diagonal elements [1.93537015e+00 6.59571687e-02 1.99852222e+00 1.50458994e-04]
CASCI converged
CASCI E = -77.9975557793467  E(CI) = -4.62981275758371  S^2 = 0.0000000

******** <class 'pyscf.mcscf.casci.CASCI'> ********
CAS (2e+2e, 4o), ncore = 6, nvir = 38
natorb = False
canonicalization = True
sorting_mo_energy = False
max_memory 4000 MB (current use 551 MB)
******** <class 'pyscf.fci.direct_spin1.FCISolver'> ********
max. cycles = 200
conv_tol = 1e-08
davidson only = False
linear dependence = 1e-12
level shift = 0.001
max iter space = 12
max_memory 4000 MB
nroots = 1
pspace_size = 400
spin = None
Density matrix diagonal elements [1.93541122e+00 6.59703358e-02 1.99855265e+00 6.57954416e-05]
CASCI converged
CASCI E = -77.9974638256378  E(CI) = -4.62972080387482  S^2 = 0.0000000

******** <class 'pyscf.mcscf.casci.CASCI'> ********
CAS (2e+2e, 4o), ncore = 6, nvir = 38
natorb = False
canonicalization = True
sorting_mo_energy = False
max_memory 4000 MB (current use 551 MB)
******** <class 'pyscf.fci.direct_spin1.FCISolver'> ********
max. cycles = 200
conv_tol = 1e-08
davidson only = False
linear dependence = 1e-12
level shift = 0.001
max iter space = 12
max_memory 4000 MB
nroots = 1
pspace_size = 400
spin = None
Density matrix diagonal elements [1.93559478e+00 6.56402002e-02 1.99852530e+00 2.39723013e-04]
CASCI converged
CASCI E = -77.9977474683320  E(CI) = -4.63000444656903  S^2 = 0.0000000

******** <class 'pyscf.mcscf.casci.CASCI'> ********
CAS (2e+2e, 4o), ncore = 6, nvir = 38
natorb = False
canonicalization = True
sorting_mo_energy = False
max_memory 4000 MB (current use 551 MB)
******** <class 'pyscf.fci.direct_spin1.FCISolver'> ********
max. cycles = 200
conv_tol = 1e-08
davidson only = False
linear dependence = 1e-12
level shift = 0.001
max iter space = 12
max_memory 4000 MB
nroots = 1
pspace_size = 400
spin = None
Density matrix diagonal elements [1.93552476e+00 6.58201515e-02 1.99852717e+00 1.27919533e-04]
CASCI converged
CASCI E = -77.9975880579415  E(CI) = -4.62984503617854  S^2 = 0.0000000

******** <class 'pyscf.mcscf.casci.CASCI'> ********
CAS (2e+2e, 4o), ncore = 6, nvir = 38
natorb = False
canonicalization = True
sorting_mo_energy = False
max_memory 4000 MB (current use 551 MB)
******** <class 'pyscf.fci.direct_spin1.FCISolver'> ********
max. cycles = 200
conv_tol = 1e-08
davidson only = False
linear dependence = 1e-12
level shift = 0.001
max iter space = 12
max_memory 4000 MB
nroots = 1
pspace_size = 400
spin = None
Density matrix diagonal elements [1.93508835e+00 6.59954998e-02 1.99852579e+00 3.90357204e-04]
CASCI converged
CASCI E = -77.9980086352527  E(CI) = -4.63026561348974  S^2 = 0.0000000

******** <class 'pyscf.mcscf.casci.CASCI'> ********
CAS (2e+2e, 4o), ncore = 6, nvir = 38
natorb = False
canonicalization = True
sorting_mo_energy = False
max_memory 4000 MB (current use 551 MB)
******** <class 'pyscf.fci.direct_spin1.FCISolver'> ********
max. cycles = 200
conv_tol = 1e-08
davidson only = False
linear dependence = 1e-12
level shift = 0.001
max iter space = 12
max_memory 4000 MB
nroots = 1
pspace_size = 400
spin = None
Density matrix diagonal elements [1.93540242e+00 6.59844308e-02 1.99857240e+00 4.07523256e-05]
CASCI converged
CASCI E = -77.9974423069790  E(CI) = -4.62969928521596  S^2 = 0.0000000

******** <class 'pyscf.mcscf.casci.CASCI'> ********
CAS (2e+2e, 4o), ncore = 6, nvir = 38
natorb = False
canonicalization = True
sorting_mo_energy = False
max_memory 4000 MB (current use 551 MB)
******** <class 'pyscf.fci.direct_spin1.FCISolver'> ********
max. cycles = 200
conv_tol = 1e-08
davidson only = False
linear dependence = 1e-12
level shift = 0.001
max iter space = 12
max_memory 4000 MB
nroots = 1
pspace_size = 400
spin = None
Density matrix diagonal elements [1.93540220e+00 6.59850188e-02 1.99856823e+00 4.45534451e-05]
CASCI converged
CASCI E = -77.9974530046678  E(CI) = -4.62970998290484  S^2 = 0.0000000

******** <class 'pyscf.mcscf.casci.CASCI'> ********
CAS (2e+2e, 4o), ncore = 6, nvir = 38
natorb = False
canonicalization = True
sorting_mo_energy = False
max_memory 4000 MB (current use 551 MB)
******** <class 'pyscf.fci.direct_spin1.FCISolver'> ********
max. cycles = 200
conv_tol = 1e-08
davidson only = False
linear dependence = 1e-12
level shift = 0.001
max iter space = 12
max_memory 4000 MB
nroots = 1
pspace_size = 400
spin = None
Density matrix diagonal elements [1.93536821e+00 6.59989686e-02 1.99854168e+00 9.11431445e-05]
CASCI converged
CASCI E = -77.9975695067737  E(CI) = -4.62982648501068  S^2 = 0.0000000

******** <class 'pyscf.mcscf.casci.CASCI'> ********
CAS (2e+2e, 4o), ncore = 6, nvir = 38
natorb = False
canonicalization = True
sorting_mo_energy = False
max_memory 4000 MB (current use 551 MB)
******** <class 'pyscf.fci.direct_spin1.FCISolver'> ********
max. cycles = 200
conv_tol = 1e-08
davidson only = False
linear dependence = 1e-12
level shift = 0.001
max iter space = 12
max_memory 4000 MB
nroots = 1
pspace_size = 400
spin = None
Density matrix diagonal elements [1.93505530e+00 6.63008384e-02 1.99848000e+00 1.63857579e-04]
CASCI converged
CASCI E = -77.9977646225890  E(CI) = -4.63002160082603  S^2 = 0.0000000

******** <class 'pyscf.mcscf.casci.CASCI'> ********
CAS (2e+2e, 4o), ncore = 6, nvir = 38
natorb = False
canonicalization = True
sorting_mo_energy = False
max_memory 4000 MB (current use 551 MB)
******** <class 'pyscf.fci.direct_spin1.FCISolver'> ********
max. cycles = 200
conv_tol = 1e-08
davidson only = False
linear dependence = 1e-12
level shift = 0.001
max iter space = 12
max_memory 4000 MB
nroots = 1
pspace_size = 400
spin = None
Density matrix diagonal elements [1.93542236e+00 6.59547891e-02 1.99858785e+00 3.50079539e-05]
CASCI converged
CASCI E = -77.9974313599835  E(CI) = -4.62968833822049  S^2 = 0.0000000

******** <class 'pyscf.mcscf.casci.CASCI'> ********
CAS (2e+2e, 4o), ncore = 6, nvir = 38
natorb = False
canonicalization = True
sorting_mo_energy = False
max_memory 4000 MB (current use 551 MB)
******** <class 'pyscf.fci.direct_spin1.FCISolver'> ********
max. cycles = 200
conv_tol = 1e-08
davidson only = False
linear dependence = 1e-12
level shift = 0.001
max iter space = 12
max_memory 4000 MB
nroots = 1
pspace_size = 400
spin = None
Density matrix diagonal elements [1.93540249e+00 6.59836362e-02 1.99858080e+00 3.30704643e-05]
CASCI converged
CASCI E = -77.9974300889589  E(CI) = -4.62968706719587  S^2 = 0.0000000

******** <class 'pyscf.mcscf.casci.CASCI'> ********
CAS (2e+2e, 4o), ncore = 6, nvir = 38
natorb = False
canonicalization = True
sorting_mo_energy = False
max_memory 4000 MB (current use 551 MB)
******** <class 'pyscf.fci.direct_spin1.FCISolver'> ********
max. cycles = 200
conv_tol = 1e-08
davidson only = False
linear dependence = 1e-12
level shift = 0.001
max iter space = 12
max_memory 4000 MB
nroots = 1
pspace_size = 400
spin = None
Density matrix diagonal elements [1.93451592e+00 6.67011513e-02 1.99818928e+00 5.93651607e-04]
CASCI converged
CASCI E = -77.9989158473979  E(CI) = -4.63117282563491  S^2 = 0.0000000

******** <class 'pyscf.mcscf.casci.CASCI'> ********
CAS (2e+2e, 4o), ncore = 6, nvir = 38
natorb = False
canonicalization = True
sorting_mo_energy = False
max_memory 4000 MB (current use 551 MB)
******** <class 'pyscf.fci.direct_spin1.FCISolver'> ********
max. cycles = 200
conv_tol = 1e-08
davidson only = False
linear dependence = 1e-12
level shift = 0.001
max iter space = 12
max_memory 4000 MB
nroots = 1
pspace_size = 400
spin = None
Density matrix diagonal elements [1.93530507e+00 6.60377392e-02 1.99859767e+00 5.95217770e-05]
CASCI converged
CASCI E = -77.9974904628084  E(CI) = -4.62974744104537  S^2 = 0.0000000

******** <class 'pyscf.mcscf.casci.CASCI'> ********
CAS (2e+2e, 4o), ncore = 6, nvir = 38
natorb = False
canonicalization = True
sorting_mo_energy = False
max_memory 4000 MB (current use 551 MB)
******** <class 'pyscf.fci.direct_spin1.FCISolver'> ********
max. cycles = 200
conv_tol = 1e-08
davidson only = False
linear dependence = 1e-12
level shift = 0.001
max iter space = 12
max_memory 4000 MB
nroots = 1
pspace_size = 400
spin = None
Density matrix diagonal elements [1.93547069e+00 6.58599903e-02 1.99860470e+00 6.46281542e-05]
CASCI converged
CASCI E = -77.9975064929011  E(CI) = -4.62976347113813  S^2 = 0.0000000

******** <class 'pyscf.mcscf.casci.CASCI'> ********
CAS (2e+2e, 4o), ncore = 6, nvir = 38
natorb = False
canonicalization = True
sorting_mo_energy = False
max_memory 4000 MB (current use 551 MB)
******** <class 'pyscf.fci.direct_spin1.FCISolver'> ********
max. cycles = 200
conv_tol = 1e-08
davidson only = False
linear dependence = 1e-12
level shift = 0.001
max iter space = 12
max_memory 4000 MB
nroots = 1
pspace_size = 400
spin = None
Density matrix diagonal elements [1.93542902e+00 6.59443012e-02 1.99859369e+00 3.29914152e-05]
CASCI converged
CASCI E = -77.9974395558696  E(CI) = -4.62969653410660  S^2 = 0.0000000

******** <class 'pyscf.mcscf.casci.CASCI'> ********
CAS (2e+2e, 4o), ncore = 6, nvir = 38
natorb = False
canonicalization = True
sorting_mo_energy = False
max_memory 4000 MB (current use 551 MB)
******** <class 'pyscf.fci.direct_spin1.FCISolver'> ********
max. cycles = 200
conv_tol = 1e-08
davidson only = False
linear dependence = 1e-12
level shift = 0.001
max iter space = 12
max_memory 4000 MB
nroots = 1
pspace_size = 400
spin = None
Density matrix diagonal elements [1.93540260e+00 6.59848868e-02 1.99859241e+00 2.00943473e-05]
CASCI converged
CASCI E = -77.9974078734984  E(CI) = -4.62966485173540  S^2 = 0.0000000

******** <class 'pyscf.mcscf.casci.CASCI'> ********
CAS (2e+2e, 4o), ncore = 6, nvir = 38
natorb = False
canonicalization = True
sorting_mo_energy = False
max_memory 4000 MB (current use 551 MB)
******** <class 'pyscf.fci.direct_spin1.FCISolver'> ********
max. cycles = 200
conv_tol = 1e-08
davidson only = False
linear dependence = 1e-12
level shift = 0.001
max iter space = 12
max_memory 4000 MB
nroots = 1
pspace_size = 400
spin = None
Density matrix diagonal elements [1.93538124e+00 6.60025411e-02 1.99858255e+00 3.36696752e-05]
CASCI converged
CASCI E = -77.9974551284217  E(CI) = -4.62971210665870  S^2 = 0.0000000

******** <class 'pyscf.mcscf.casci.CASCI'> ********
CAS (2e+2e, 4o), ncore = 6, nvir = 38
natorb = False
canonicalization = True
sorting_mo_energy = False
max_memory 4000 MB (current use 551 MB)
******** <class 'pyscf.fci.direct_spin1.FCISolver'> ********
max. cycles = 200
conv_tol = 1e-08
davidson only = False
linear dependence = 1e-12
level shift = 0.001
max iter space = 12
max_memory 4000 MB
nroots = 1
pspace_size = 400
spin = None
Density matrix diagonal elements [1.93548845e+00 6.58721235e-02 1.99860541e+00 3.40202421e-05]
CASCI converged
CASCI E = -77.9974435743331  E(CI) = -4.62970055257011  S^2 = 0.0000000

******** <class 'pyscf.mcscf.casci.CASCI'> ********
CAS (2e+2e, 4o), ncore = 6, nvir = 38
natorb = False
canonicalization = True
sorting_mo_energy = False
max_memory 4000 MB (current use 551 MB)
******** <class 'pyscf.fci.direct_spin1.FCISolver'> ********
max. cycles = 200
conv_tol = 1e-08
davidson only = False
linear dependence = 1e-12
level shift = 0.001
max iter space = 12
max_memory 4000 MB
nroots = 1
pspace_size = 400
spin = None
Density matrix diagonal elements [1.93534776e+00 6.60287549e-02 1.99852315e+00 1.00330683e-04]
CASCI converged
CASCI E = -77.9976725943527  E(CI) = -4.62992957258965  S^2 = 0.0000000

******** <class 'pyscf.mcscf.casci.CASCI'> ********
CAS (2e+2e, 4o), ncore = 6, nvir = 38
natorb = False
canonicalization = True
sorting_mo_energy = False
max_memory 4000 MB (current use 551 MB)
******** <class 'pyscf.fci.direct_spin1.FCISolver'> ********
max. cycles = 200
conv_tol = 1e-08
davidson only = False
linear dependence = 1e-12
level shift = 0.001
max iter space = 12
max_memory 4000 MB
nroots = 1
pspace_size = 400
spin = None
Density matrix diagonal elements [1.93538838e+00 6.59964157e-02 1.99859065e+00 2.45573383e-05]
CASCI converged
CASCI E = -77.9974351302072  E(CI) = -4.62969210844422  S^2 = 0.0000000

******** <class 'pyscf.mcscf.casci.CASCI'> ********
CAS (2e+2e, 4o), ncore = 6, nvir = 38
natorb = False
canonicalization = True
sorting_mo_energy = False
max_memory 4000 MB (current use 551 MB)
******** <class 'pyscf.fci.direct_spin1.FCISolver'> ********
max. cycles = 200
conv_tol = 1e-08
davidson only = False
linear dependence = 1e-12
level shift = 0.001
max iter space = 12
max_memory 4000 MB
nroots = 1
pspace_size = 400
spin = None
Density matrix diagonal elements [1.93540333e+00 6.59844070e-02 1.99860343e+00 8.82910570e-06]
CASCI converged
CASCI E = -77.9973786548800  E(CI) = -4.62963563311699  S^2 = 0.0000000

******** <class 'pyscf.mcscf.casci.CASCI'> ********
CAS (2e+2e, 4o), ncore = 6, nvir = 38
natorb = False
canonicalization = True
sorting_mo_energy = False
max_memory 4000 MB (current use 551 MB)
******** <class 'pyscf.fci.direct_spin1.FCISolver'> ********
max. cycles = 200
conv_tol = 1e-08
davidson only = False
linear dependence = 1e-12
level shift = 0.001
max iter space = 12
max_memory 4000 MB
nroots = 1
pspace_size = 400
spin = None
Density matrix diagonal elements [1.93540900e+00 6.59742004e-02 1.99859612e+00 2.06717564e-05]
CASCI converged
CASCI E = -77.9974203018481  E(CI) = -4.62967728008505  S^2 = 0.0000000

******** <class 'pyscf.mcscf.casci.CASCI'> ********
CAS (2e+2e, 4o), ncore = 6, nvir = 38
natorb = False
canonicalization = True
sorting_mo_energy = False
max_memory 4000 MB (current use 551 MB)
******** <class 'pyscf.fci.direct_spin1.FCISolver'> ********
max. cycles = 200
conv_tol = 1e-08
davidson only = False
linear dependence = 1e-12
level shift = 0.001
max iter space = 12
max_memory 4000 MB
nroots = 1
pspace_size = 400
spin = None
Density matrix diagonal elements [1.93539034e+00 6.59967841e-02 1.99860129e+00 1.15856437e-05]
CASCI converged
CASCI E = -77.9973918991111  E(CI) = -4.62964887734810  S^2 = 0.0000000

******** <class 'pyscf.mcscf.casci.CASCI'> ********
CAS (2e+2e, 4o), ncore = 6, nvir = 38
natorb = False
canonicalization = True
sorting_mo_energy = False
max_memory 4000 MB (current use 551 MB)
******** <class 'pyscf.fci.direct_spin1.FCISolver'> ********
max. cycles = 200
conv_tol = 1e-08
davidson only = False
linear dependence = 1e-12
level shift = 0.001
max iter space = 12
max_memory 4000 MB
nroots = 1
pspace_size = 400
spin = None
Density matrix diagonal elements [1.93540364e+00 6.59840104e-02 1.99860246e+00 9.88900937e-06]
CASCI converged
CASCI E = -77.9973876482320  E(CI) = -4.62964462646899  S^2 = 0.0000000

******** <class 'pyscf.mcscf.casci.CASCI'> ********
CAS (3e+3e, 4o), ncore = 5, nvir = 39
natorb = False
canonicalization = True
sorting_mo_energy = False
max_memory 4000 MB (current use 551 MB)
******** <class 'pyscf.fci.direct_spin1.FCISolver'> ********
max. cycles = 200
conv_tol = 1e-08
davidson only = False
linear dependence = 1e-12
level shift = 0.001
max iter space = 12
max_memory 4000 MB
nroots = 1
pspace_size = 400
spin = None
Density matrix diagonal elements [1.93477653 0.06556004 1.99989073 1.9997727 ]
CASCI converged
CASCI E = -77.9965798180945  E(CI) = -9.20413728675334  S^2 = 0.0000000

******** <class 'pyscf.mcscf.casci.CASCI'> ********
CAS (3e+3e, 4o), ncore = 5, nvir = 39
natorb = False
canonicalization = True
sorting_mo_energy = False
max_memory 4000 MB (current use 551 MB)
******** <class 'pyscf.fci.direct_spin1.FCISolver'> ********
max. cycles = 200
conv_tol = 1e-08
davidson only = False
linear dependence = 1e-12
level shift = 0.001
max iter space = 12
max_memory 4000 MB
nroots = 1
pspace_size = 400
spin = None
Density matrix diagonal elements [1.93462949 0.06569828 1.99992342 1.99974881]
CASCI converged
CASCI E = -77.9965765483268  E(CI) = -8.47239832867081  S^2 = 0.0000000

******** <class 'pyscf.mcscf.casci.CASCI'> ********
CAS (2e+2e, 4o), ncore = 6, nvir = 38
natorb = False
canonicalization = True
sorting_mo_energy = False
max_memory 4000 MB (current use 551 MB)
******** <class 'pyscf.fci.direct_spin1.FCISolver'> ********
max. cycles = 200
conv_tol = 1e-08
davidson only = False
linear dependence = 1e-12
level shift = 0.001
max iter space = 12
max_memory 4000 MB
nroots = 1
pspace_size = 400
spin = None
Density matrix diagonal elements [1.93451512e+00 6.55668208e-02 1.99971091e+00 2.07151551e-04]
CASCI converged
CASCI E = -77.9966103322263  E(CI) = -4.39176628601277  S^2 = 0.0000000

******** <class 'pyscf.mcscf.casci.CASCI'> ********
CAS (2e+2e, 4o), ncore = 6, nvir = 38
natorb = False
canonicalization = True
sorting_mo_energy = False
max_memory 4000 MB (current use 551 MB)
******** <class 'pyscf.fci.direct_spin1.FCISolver'> ********
max. cycles = 200
conv_tol = 1e-08
davidson only = False
linear dependence = 1e-12
level shift = 0.001
max iter space = 12
max_memory 4000 MB
nroots = 1
pspace_size = 400
spin = None
Density matrix diagonal elements [1.93407050e+00 6.60216161e-02 1.99894752e+00 9.60355427e-04]
CASCI converged
CASCI E = -77.9971689007501  E(CI) = -4.39232485453662  S^2 = 0.0000000

******** <class 'pyscf.mcscf.casci.CASCI'> ********
CAS (2e+2e, 4o), ncore = 6, nvir = 38
natorb = False
canonicalization = True
sorting_mo_energy = False
max_memory 4000 MB (current use 551 MB)
******** <class 'pyscf.fci.direct_spin1.FCISolver'> ********
max. cycles = 200
conv_tol = 1e-08
davidson only = False
linear dependence = 1e-12
level shift = 0.001
max iter space = 12
max_memory 4000 MB
nroots = 1
pspace_size = 400
spin = None
Density matrix diagonal elements [1.93452272e+00 6.55541993e-02 1.99982371e+00 9.93731126e-05]
CASCI converged
CASCI E = -77.9965419337739  E(CI) = -4.39169788756038  S^2 = 0.0000000

******** <class 'pyscf.mcscf.casci.CASCI'> ********
CAS (2e+2e, 4o), ncore = 6, nvir = 38
natorb = False
canonicalization = True
sorting_mo_energy = False
max_memory 4000 MB (current use 551 MB)
******** <class 'pyscf.fci.direct_spin1.FCISolver'> ********
max. cycles = 200
conv_tol = 1e-08
davidson only = False
linear dependence = 1e-12
level shift = 0.001
max iter space = 12
max_memory 4000 MB
nroots = 1
pspace_size = 400
spin = None
Density matrix diagonal elements [1.93548953e+00 6.46327415e-02 1.99864637e+00 1.23135553e-03]
CASCI converged
CASCI E = -77.9978288576970  E(CI) = -4.39298481148343  S^2 = 0.0000000

******** <class 'pyscf.mcscf.casci.CASCI'> ********
CAS (2e+2e, 4o), ncore = 6, nvir = 38
natorb = False
canonicalization = True
sorting_mo_energy = False
max_memory 4000 MB (current use 551 MB)
******** <class 'pyscf.fci.direct_spin1.FCISolver'> ********
max. cycles = 200
conv_tol = 1e-08
davidson only = False
linear dependence = 1e-12
level shift = 0.001
max iter space = 12
max_memory 4000 MB
nroots = 1
pspace_size = 400
spin = None
Density matrix diagonal elements [1.93454683e+00 6.55259904e-02 1.99974631e+00 1.80864587e-04]
CASCI converged
CASCI E = -77.9966284169236  E(CI) = -4.39178437071011  S^2 = 0.0000000

******** <class 'pyscf.mcscf.casci.CASCI'> ********
CAS (2e+2e, 4o), ncore = 6, nvir = 38
natorb = False
canonicalization = True
sorting_mo_energy = False
max_memory 4000 MB (current use 551 MB)
******** <class 'pyscf.fci.direct_spin1.FCISolver'> ********
max. cycles = 200
conv_tol = 1e-08
davidson only = False
linear dependence = 1e-12
level shift = 0.001
max iter space = 12
max_memory 4000 MB
nroots = 1
pspace_size = 400
spin = None
Density matrix diagonal elements [1.93421871e+00 6.54195240e-02 1.99977388e+00 5.87887663e-04]
CASCI converged
CASCI E = -77.9968946152876  E(CI) = -4.39205056907406  S^2 = 0.0000000

******** <class 'pyscf.mcscf.casci.CASCI'> ********
CAS (2e+2e, 4o), ncore = 6, nvir = 38
natorb = False
canonicalization = True
sorting_mo_energy = False
max_memory 4000 MB (current use 551 MB)
******** <class 'pyscf.fci.direct_spin1.FCISolver'> ********
max. cycles = 200
conv_tol = 1e-08
davidson only = False
linear dependence = 1e-12
level shift = 0.001
max iter space = 12
max_memory 4000 MB
nroots = 1
pspace_size = 400
spin = None
Density matrix diagonal elements [1.93460392e+00 6.51675560e-02 1.99966425e+00 5.64276624e-04]
CASCI converged
CASCI E = -77.9969713485517  E(CI) = -4.39212730233822  S^2 = 0.0000000

******** <class 'pyscf.mcscf.casci.CASCI'> ********
CAS (2e+2e, 4o), ncore = 6, nvir = 38
natorb = False
canonicalization = True
sorting_mo_energy = False
max_memory 4000 MB (current use 551 MB)
******** <class 'pyscf.fci.direct_spin1.FCISolver'> ********
max. cycles = 200
conv_tol = 1e-08
davidson only = False
linear dependence = 1e-12
level shift = 0.001
max iter space = 12
max_memory 4000 MB
nroots = 1
pspace_size = 400
spin = None
Density matrix diagonal elements [1.93423856e+00 6.58324441e-02 1.99907338e+00 8.55623400e-04]
CASCI converged
CASCI E = -77.9973140647605  E(CI) = -4.39247001854702  S^2 = 0.0000000

******** <class 'pyscf.mcscf.casci.CASCI'> ********
CAS (2e+2e, 4o), ncore = 6, nvir = 38
natorb = False
canonicalization = True
sorting_mo_energy = False
max_memory 4000 MB (current use 551 MB)
******** <class 'pyscf.fci.direct_spin1.FCISolver'> ********
max. cycles = 200
conv_tol = 1e-08
davidson only = False
linear dependence = 1e-12
level shift = 0.001
max iter space = 12
max_memory 4000 MB
nroots = 1
pspace_size = 400
spin = None
Density matrix diagonal elements [1.93363744 0.06367498 1.99987244 0.00281514]
CASCI converged
CASCI E = -77.9986738925767  E(CI) = -4.39382984636320  S^2 = 0.0000000

******** <class 'pyscf.mcscf.casci.CASCI'> ********
CAS (2e+2e, 4o), ncore = 6, nvir = 38
natorb = False
canonicalization = True
sorting_mo_energy = False
max_memory 4000 MB (current use 551 MB)
******** <class 'pyscf.fci.direct_spin1.FCISolver'> ********
max. cycles = 200
conv_tol = 1e-08
davidson only = False
linear dependence = 1e-12
level shift = 0.001
max iter space = 12
max_memory 4000 MB
nroots = 1
pspace_size = 400
spin = None
Density matrix diagonal elements [1.93487365e+00 6.51302503e-02 1.99976322e+00 2.32873594e-04]
CASCI converged
CASCI E = -77.9967189112090  E(CI) = -4.39187486499546  S^2 = 0.0000000

******** <class 'pyscf.mcscf.casci.CASCI'> ********
CAS (2e+2e, 4o), ncore = 6, nvir = 38
natorb = False
canonicalization = True
sorting_mo_energy = False
max_memory 4000 MB (current use 551 MB)
******** <class 'pyscf.fci.direct_spin1.FCISolver'> ********
max. cycles = 200
conv_tol = 1e-08
davidson only = False
linear dependence = 1e-12
level shift = 0.001
max iter space = 12
max_memory 4000 MB
nroots = 1
pspace_size = 400
spin = None
Density matrix diagonal elements [1.9158256  0.07652929 1.99985477 0.00779033]
CASCI converged
CASCI E = -78.0052045397919  E(CI) = -4.40036049357838  S^2 = 0.0000000

******** <class 'pyscf.mcscf.casci.CASCI'> ********
CAS (2e+2e, 4o), ncore = 6, nvir = 38
natorb = False
canonicalization = True
sorting_mo_energy = False
max_memory 4000 MB (current use 551 MB)
******** <class 'pyscf.fci.direct_spin1.FCISolver'> ********
max. cycles = 200
conv_tol = 1e-08
davidson only = False
linear dependence = 1e-12
level shift = 0.001
max iter space = 12
max_memory 4000 MB
nroots = 1
pspace_size = 400
spin = None
Density matrix diagonal elements [1.93454686e+00 6.55361497e-02 1.99969980e+00 2.17192828e-04]
CASCI converged
CASCI E = -77.9967417648445  E(CI) = -4.39189771863094  S^2 = 0.0000000

******** <class 'pyscf.mcscf.casci.CASCI'> ********
CAS (2e+2e, 4o), ncore = 6, nvir = 38
natorb = False
canonicalization = True
sorting_mo_energy = False
max_memory 4000 MB (current use 551 MB)
******** <class 'pyscf.fci.direct_spin1.FCISolver'> ********
max. cycles = 200
conv_tol = 1e-08
davidson only = False
linear dependence = 1e-12
level shift = 0.001
max iter space = 12
max_memory 4000 MB
nroots = 1
pspace_size = 400
spin = None
Density matrix diagonal elements [1.93457212e+00 6.54817667e-02 1.99976742e+00 1.78689649e-04]
CASCI converged
CASCI E = -77.9966868797733  E(CI) = -4.39184283355979  S^2 = 0.0000000

******** <class 'pyscf.mcscf.casci.CASCI'> ********
CAS (2e+2e, 4o), ncore = 6, nvir = 38
natorb = False
canonicalization = True
sorting_mo_energy = False
max_memory 4000 MB (current use 551 MB)
******** <class 'pyscf.fci.direct_spin1.FCISolver'> ********
max. cycles = 200
conv_tol = 1e-08
davidson only = False
linear dependence = 1e-12
level shift = 0.001
max iter space = 12
max_memory 4000 MB
nroots = 1
pspace_size = 400
spin = None
Density matrix diagonal elements [1.93426071e+00 6.58437235e-02 1.99929429e+00 6.01276802e-04]
CASCI converged
CASCI E = -77.9972378045132  E(CI) = -4.39239375829970  S^2 = 0.0000000

******** <class 'pyscf.mcscf.casci.CASCI'> ********
CAS (2e+2e, 4o), ncore = 6, nvir = 38
natorb = False
canonicalization = True
sorting_mo_energy = False
max_memory 4000 MB (current use 551 MB)
******** <class 'pyscf.fci.direct_spin1.FCISolver'> ********
max. cycles = 200
conv_tol = 1e-08
davidson only = False
linear dependence = 1e-12
level shift = 0.001
max iter space = 12
max_memory 4000 MB
nroots = 1
pspace_size = 400
spin = None
Density matrix diagonal elements [1.93567346e+00 6.44394991e-02 1.99873518e+00 1.15185388e-03]
CASCI converged
CASCI E = -77.9982139288591  E(CI) = -4.39336988264560  S^2 = 0.0000000

******** <class 'pyscf.mcscf.casci.CASCI'> ********
CAS (2e+2e, 4o), ncore = 6, nvir = 38
natorb = False
canonicalization = True
sorting_mo_energy = False
max_memory 4000 MB (current use 551 MB)
******** <class 'pyscf.fci.direct_spin1.FCISolver'> ********
max. cycles = 200
conv_tol = 1e-08
davidson only = False
linear dependence = 1e-12
level shift = 0.001
max iter space = 12
max_memory 4000 MB
nroots = 1
pspace_size = 400
spin = None
Density matrix diagonal elements [1.93453722e+00 6.55245885e-02 1.99983152e+00 1.06667374e-04]
CASCI converged
CASCI E = -77.9966106150746  E(CI) = -4.39176656886109  S^2 = 0.0000000

******** <class 'pyscf.mcscf.casci.CASCI'> ********
CAS (2e+2e, 4o), ncore = 6, nvir = 38
natorb = False
canonicalization = True
sorting_mo_energy = False
max_memory 4000 MB (current use 551 MB)
******** <class 'pyscf.fci.direct_spin1.FCISolver'> ********
max. cycles = 200
conv_tol = 1e-08
davidson only = False
linear dependence = 1e-12
level shift = 0.001
max iter space = 12
max_memory 4000 MB
nroots = 1
pspace_size = 400
spin = None
Density matrix diagonal elements [1.93444407e+00 6.56696223e-02 1.99974199e+00 1.44326067e-04]
CASCI converged
CASCI E = -77.9967253927467  E(CI) = -4.39188134653317  S^2 = 0.0000000

******** <class 'pyscf.mcscf.casci.CASCI'> ********
CAS (2e+2e, 4o), ncore = 6, nvir = 38
natorb = False
canonicalization = True
sorting_mo_energy = False
max_memory 4000 MB (current use 551 MB)
******** <class 'pyscf.fci.direct_spin1.FCISolver'> ********
max. cycles = 200
conv_tol = 1e-08
davidson only = False
linear dependence = 1e-12
level shift = 0.001
max iter space = 12
max_memory 4000 MB
nroots = 1
pspace_size = 400
spin = None
Density matrix diagonal elements [1.93471663e+00 6.52533603e-02 1.99961681e+00 4.13199499e-04]
CASCI converged
CASCI E = -77.9971687231997  E(CI) = -4.39232467698623  S^2 = 0.0000000

******** <class 'pyscf.mcscf.casci.CASCI'> ********
CAS (2e+2e, 4o), ncore = 6, nvir = 38
natorb = False
canonicalization = True
sorting_mo_energy = False
max_memory 4000 MB (current use 551 MB)
******** <class 'pyscf.fci.direct_spin1.FCISolver'> ********
max. cycles = 200
conv_tol = 1e-08
davidson only = False
linear dependence = 1e-12
level shift = 0.001
max iter space = 12
max_memory 4000 MB
nroots = 1
pspace_size = 400
spin = None
Density matrix diagonal elements [1.93464438e+00 6.54396426e-02 1.99973079e+00 1.85187402e-04]
CASCI converged
CASCI E = -77.9968101104602  E(CI) = -4.39196606424667  S^2 = 0.0000000

******** <class 'pyscf.mcscf.casci.CASCI'> ********
CAS (2e+2e, 4o), ncore = 6, nvir = 38
natorb = False
canonicalization = True
sorting_mo_energy = False
max_memory 4000 MB (current use 551 MB)
******** <class 'pyscf.fci.direct_spin1.FCISolver'> ********
max. cycles = 200
conv_tol = 1e-08
davidson only = False
linear dependence = 1e-12
level shift = 0.001
max iter space = 12
max_memory 4000 MB
nroots = 1
pspace_size = 400
spin = None
Density matrix diagonal elements [1.93423269e+00 6.55990272e-02 1.99985622e+00 3.12058459e-04]
CASCI converged
CASCI E = -77.9969747589124  E(CI) = -4.39213071269887  S^2 = 0.0000000

******** <class 'pyscf.mcscf.casci.CASCI'> ********
CAS (2e+2e, 4o), ncore = 6, nvir = 38
natorb = False
canonicalization = True
sorting_mo_energy = False
max_memory 4000 MB (current use 551 MB)
******** <class 'pyscf.fci.direct_spin1.FCISolver'> ********
max. cycles = 200
conv_tol = 1e-08
davidson only = False
linear dependence = 1e-12
level shift = 0.001
max iter space = 12
max_memory 4000 MB
nroots = 1
pspace_size = 400
spin = None
Density matrix diagonal elements [1.93454954e+00 6.55705146e-02 1.99979626e+00 8.36906583e-05]
CASCI converged
CASCI E = -77.9966736759778  E(CI) = -4.39182962976427  S^2 = 0.0000000

******** <class 'pyscf.mcscf.casci.CASCI'> ********
CAS (2e+2e, 4o), ncore = 6, nvir = 38
natorb = False
canonicalization = True
sorting_mo_energy = False
max_memory 4000 MB (current use 551 MB)
******** <class 'pyscf.fci.direct_spin1.FCISolver'> ********
max. cycles = 200
conv_tol = 1e-08
davidson only = False
linear dependence = 1e-12
level shift = 0.001
max iter space = 12
max_memory 4000 MB
nroots = 1
pspace_size = 400
spin = None
Density matrix diagonal elements [1.93447657e+00 6.56423425e-02 1.99982477e+00 5.63265033e-05]
CASCI converged
CASCI E = -77.9966067427665  E(CI) = -4.39176269655303  S^2 = 0.0000000

******** <class 'pyscf.mcscf.casci.CASCI'> ********
CAS (2e+2e, 4o), ncore = 6, nvir = 38
natorb = False
canonicalization = True
sorting_mo_energy = False
max_memory 4000 MB (current use 551 MB)
******** <class 'pyscf.fci.direct_spin1.FCISolver'> ********
max. cycles = 200
conv_tol = 1e-08
davidson only = False
linear dependence = 1e-12
level shift = 0.001
max iter space = 12
max_memory 4000 MB
nroots = 1
pspace_size = 400
spin = None
Density matrix diagonal elements [1.93451889e+00 6.55877497e-02 1.99977762e+00 1.15738973e-04]
CASCI converged
CASCI E = -77.9967334999668  E(CI) = -4.39188945375322  S^2 = 0.0000000

******** <class 'pyscf.mcscf.casci.CASCI'> ********
CAS (2e+2e, 4o), ncore = 6, nvir = 38
natorb = False
canonicalization = True
sorting_mo_energy = False
max_memory 4000 MB (current use 551 MB)
******** <class 'pyscf.fci.direct_spin1.FCISolver'> ********
max. cycles = 200
conv_tol = 1e-08
davidson only = False
linear dependence = 1e-12
level shift = 0.001
max iter space = 12
max_memory 4000 MB
nroots = 1
pspace_size = 400
spin = None
Density matrix diagonal elements [1.93414736e+00 6.59053212e-02 1.99980909e+00 1.38234304e-04]
CASCI converged
CASCI E = -77.9968092411581  E(CI) = -4.39196519494459  S^2 = 0.0000000

******** <class 'pyscf.mcscf.casci.CASCI'> ********
CAS (2e+2e, 4o), ncore = 6, nvir = 38
natorb = False
canonicalization = True
sorting_mo_energy = False
max_memory 4000 MB (current use 551 MB)
******** <class 'pyscf.fci.direct_spin1.FCISolver'> ********
max. cycles = 200
conv_tol = 1e-08
davidson only = False
linear dependence = 1e-12
level shift = 0.001
max iter space = 12
max_memory 4000 MB
nroots = 1
pspace_size = 400
spin = None
Density matrix diagonal elements [1.93453698e+00 6.55714893e-02 1.99983457e+00 5.69632263e-05]
CASCI converged
CASCI E = -77.9966109179639  E(CI) = -4.39176687175041  S^2 = 0.0000000

******** <class 'pyscf.mcscf.casci.CASCI'> ********
CAS (2e+2e, 4o), ncore = 6, nvir = 38
natorb = False
canonicalization = True
sorting_mo_energy = False
max_memory 4000 MB (current use 551 MB)
******** <class 'pyscf.fci.direct_spin1.FCISolver'> ********
max. cycles = 200
conv_tol = 1e-08
davidson only = False
linear dependence = 1e-12
level shift = 0.001
max iter space = 12
max_memory 4000 MB
nroots = 1
pspace_size = 400
spin = None
Density matrix diagonal elements [1.93447622e+00 6.56409339e-02 1.99981135e+00 7.14960505e-05]
CASCI converged
CASCI E = -77.9966486931036  E(CI) = -4.39180464689008  S^2 = 0.0000000

******** <class 'pyscf.mcscf.casci.CASCI'> ********
CAS (2e+2e, 4o), ncore = 6, nvir = 38
natorb = False
canonicalization = True
sorting_mo_energy = False
max_memory 4000 MB (current use 551 MB)
******** <class 'pyscf.fci.direct_spin1.FCISolver'> ********
max. cycles = 200
conv_tol = 1e-08
davidson only = False
linear dependence = 1e-12
level shift = 0.001
max iter space = 12
max_memory 4000 MB
nroots = 1
pspace_size = 400
spin = None
Density matrix diagonal elements [1.93477080e+00 6.52156219e-02 1.99987214e+00 1.41437749e-04]
CASCI converged
CASCI E = -77.9967830559560  E(CI) = -4.39193900974246  S^2 = 0.0000000

******** <class 'pyscf.mcscf.casci.CASCI'> ********
CAS (2e+2e, 4o), ncore = 6, nvir = 38
natorb = False
canonicalization = True
sorting_mo_energy = False
max_memory 4000 MB (current use 551 MB)
******** <class 'pyscf.fci.direct_spin1.FCISolver'> ********
max. cycles = 200
conv_tol = 1e-08
davidson only = False
linear dependence = 1e-12
level shift = 0.001
max iter space = 12
max_memory 4000 MB
nroots = 1
pspace_size = 400
spin = None
Density matrix diagonal elements [1.93441330e+00 6.56635690e-02 1.99986952e+00 5.36108970e-05]
CASCI converged
CASCI E = -77.9966044992178  E(CI) = -4.39176045300427  S^2 = 0.0000000

******** <class 'pyscf.mcscf.casci.CASCI'> ********
CAS (2e+2e, 4o), ncore = 6, nvir = 38
natorb = False
canonicalization = True
sorting_mo_energy = False
max_memory 4000 MB (current use 551 MB)
******** <class 'pyscf.fci.direct_spin1.FCISolver'> ********
max. cycles = 200
conv_tol = 1e-08
davidson only = False
linear dependence = 1e-12
level shift = 0.001
max iter space = 12
max_memory 4000 MB
nroots = 1
pspace_size = 400
spin = None
Density matrix diagonal elements [1.93458456e+00 6.54768939e-02 1.99985028e+00 8.82699655e-05]
CASCI converged
CASCI E = -77.9967006621823  E(CI) = -4.39185661596882  S^2 = 0.0000000

******** <class 'pyscf.mcscf.casci.CASCI'> ********
CAS (2e+2e, 4o), ncore = 6, nvir = 38
natorb = False
canonicalization = True
sorting_mo_energy = False
max_memory 4000 MB (current use 551 MB)
******** <class 'pyscf.fci.direct_spin1.FCISolver'> ********
max. cycles = 200
conv_tol = 1e-08
davidson only = False
linear dependence = 1e-12
level shift = 0.001
max iter space = 12
max_memory 4000 MB
nroots = 1
pspace_size = 400
spin = None
Density matrix diagonal elements [1.93455976e+00 6.55474509e-02 1.99986697e+00 2.58203242e-05]
CASCI converged
CASCI E = -77.9965484778301  E(CI) = -4.39170443161655  S^2 = 0.0000000

******** <class 'pyscf.mcscf.casci.CASCI'> ********
CAS (2e+2e, 4o), ncore = 6, nvir = 38
natorb = False
canonicalization = True
sorting_mo_energy = False
max_memory 4000 MB (current use 551 MB)
******** <class 'pyscf.fci.direct_spin1.FCISolver'> ********
max. cycles = 200
conv_tol = 1e-08
davidson only = False
linear dependence = 1e-12
level shift = 0.001
max iter space = 12
max_memory 4000 MB
nroots = 1
pspace_size = 400
spin = None
Density matrix diagonal elements [1.93451588e+00 6.56028376e-02 1.99984051e+00 4.07701597e-05]
CASCI converged
CASCI E = -77.9965968643581  E(CI) = -4.39175281814464  S^2 = 0.0000000

******** <class 'pyscf.mcscf.casci.CASCI'> ********
CAS (2e+2e, 4o), ncore = 6, nvir = 38
natorb = False
canonicalization = True
sorting_mo_energy = False
max_memory 4000 MB (current use 551 MB)
******** <class 'pyscf.fci.direct_spin1.FCISolver'> ********
max. cycles = 200
conv_tol = 1e-08
davidson only = False
linear dependence = 1e-12
level shift = 0.001
max iter space = 12
max_memory 4000 MB
nroots = 1
pspace_size = 400
spin = None
Density matrix diagonal elements [1.93451842e+00 6.55991583e-02 1.99986693e+00 1.54996316e-05]
CASCI converged
CASCI E = -77.9965253340895  E(CI) = -4.39168128787603  S^2 = 0.0000000

******** <class 'pyscf.mcscf.casci.CASCI'> ********
CAS (2e+2e, 4o), ncore = 6, nvir = 38
natorb = False
canonicalization = True
sorting_mo_energy = False
max_memory 4000 MB (current use 551 MB)
******** <class 'pyscf.fci.direct_spin1.FCISolver'> ********
max. cycles = 200
conv_tol = 1e-08
davidson only = False
linear dependence = 1e-12
level shift = 0.001
max iter space = 12
max_memory 4000 MB
nroots = 1
pspace_size = 400
spin = None
Density matrix diagonal elements [1.93460244e+00 6.54896901e-02 1.99986252e+00 4.53514705e-05]
CASCI converged
CASCI E = -77.9966083066328  E(CI) = -4.39176426041932  S^2 = 0.0000000

******** <class 'pyscf.mcscf.casci.CASCI'> ********
CAS (2e+2e, 4o), ncore = 6, nvir = 38
natorb = False
canonicalization = True
sorting_mo_energy = False
max_memory 4000 MB (current use 551 MB)
******** <class 'pyscf.fci.direct_spin1.FCISolver'> ********
max. cycles = 200
conv_tol = 1e-08
davidson only = False
linear dependence = 1e-12
level shift = 0.001
max iter space = 12
max_memory 4000 MB
nroots = 1
pspace_size = 400
spin = None
Density matrix diagonal elements [1.93443704e+00 6.56351324e-02 1.99987661e+00 5.12177463e-05]
CASCI converged
CASCI E = -77.9966264365410  E(CI) = -4.39178239032751  S^2 = 0.0000000

******** <class 'pyscf.mcscf.casci.CASCI'> ********
CAS (2e+2e, 4o), ncore = 6, nvir = 38
natorb = False
canonicalization = True
sorting_mo_energy = False
max_memory 4000 MB (current use 551 MB)
******** <class 'pyscf.fci.direct_spin1.FCISolver'> ********
max. cycles = 200
conv_tol = 1e-08
davidson only = False
linear dependence = 1e-12
level shift = 0.001
max iter space = 12
max_memory 4000 MB
nroots = 1
pspace_size = 400
spin = None
Density matrix diagonal elements [1.93451611e+00 6.56017764e-02 1.99985950e+00 2.26161051e-05]
CASCI converged
CASCI E = -77.9965544829807  E(CI) = -4.39171043676720  S^2 = 0.0000000

******** <class 'pyscf.mcscf.casci.CASCI'> ********
CAS (2e+2e, 4o), ncore = 6, nvir = 38
natorb = False
canonicalization = True
sorting_mo_energy = False
max_memory 4000 MB (current use 551 MB)
******** <class 'pyscf.fci.direct_spin1.FCISolver'> ********
max. cycles = 200
conv_tol = 1e-08
davidson only = False
linear dependence = 1e-12
level shift = 0.001
max iter space = 12
max_memory 4000 MB
nroots = 1
pspace_size = 400
spin = None
Density matrix diagonal elements [1.93451469e+00 6.56040396e-02 1.99985677e+00 2.45057657e-05]
CASCI converged
CASCI E = -77.9965632946055  E(CI) = -4.39171924839196  S^2 = 0.0000000

******** <class 'pyscf.mcscf.casci.CASCI'> ********
CAS (2e+2e, 4o), ncore = 6, nvir = 38
natorb = False
canonicalization = True
sorting_mo_energy = False
max_memory 4000 MB (current use 551 MB)
******** <class 'pyscf.fci.direct_spin1.FCISolver'> ********
max. cycles = 200
conv_tol = 1e-08
davidson only = False
linear dependence = 1e-12
level shift = 0.001
max iter space = 12
max_memory 4000 MB
nroots = 1
pspace_size = 400
spin = None
Density matrix diagonal elements [1.93452979e+00 6.55862282e-02 1.99987648e+00 7.50811304e-06]
CASCI converged
CASCI E = -77.9965043933307  E(CI) = -4.39166034711718  S^2 = 0.0000000

******** <class 'pyscf.mcscf.casci.CASCI'> ********
CAS (2e+2e, 4o), ncore = 6, nvir = 38
natorb = False
canonicalization = True
sorting_mo_energy = False
max_memory 4000 MB (current use 551 MB)
******** <class 'pyscf.fci.direct_spin1.FCISolver'> ********
max. cycles = 200
conv_tol = 1e-08
davidson only = False
linear dependence = 1e-12
level shift = 0.001
max iter space = 12
max_memory 4000 MB
nroots = 1
pspace_size = 400
spin = None
Density matrix diagonal elements [1.93451805e+00 6.55999462e-02 1.99986670e+00 1.53007795e-05]
CASCI converged
CASCI E = -77.9965357136397  E(CI) = -4.39169166742620  S^2 = 0.0000000

******** <class 'pyscf.mcscf.casci.CASCI'> ********
CAS (2e+2e, 4o), ncore = 6, nvir = 38
natorb = False
canonicalization = True
sorting_mo_energy = False
max_memory 4000 MB (current use 551 MB)
******** <class 'pyscf.fci.direct_spin1.FCISolver'> ********
max. cycles = 200
conv_tol = 1e-08
davidson only = False
linear dependence = 1e-12
level shift = 0.001
max iter space = 12
max_memory 4000 MB
nroots = 1
pspace_size = 400
spin = None
Density matrix diagonal elements [1.93457851e+00 6.55405904e-02 1.99985566e+00 2.52424072e-05]
CASCI converged
CASCI E = -77.9965828160567  E(CI) = -4.39173876984320  S^2 = 0.0000000

******** <class 'pyscf.mcscf.casci.CASCI'> ********
CAS (3e+3e, 4o), ncore = 5, nvir = 39
natorb = False
canonicalization = True
sorting_mo_energy = False
max_memory 4000 MB (current use 551 MB)
******** <class 'pyscf.fci.direct_spin1.FCISolver'> ********
max. cycles = 200
conv_tol = 1e-08
davidson only = False
linear dependence = 1e-12
level shift = 0.001
max iter space = 12
max_memory 4000 MB
nroots = 1
pspace_size = 400
spin = None
Density matrix diagonal elements [1.93478699 0.06570817 1.99978318 1.99972167]
CASCI converged
CASCI E = -77.9966339155922  E(CI) = -8.75422234193334  S^2 = 0.0000000

******** <class 'pyscf.mcscf.casci.CASCI'> ********
CAS (2e+2e, 4o), ncore = 6, nvir = 38
natorb = False
canonicalization = True
sorting_mo_energy = False
max_memory 4000 MB (current use 551 MB)
******** <class 'pyscf.fci.direct_spin1.FCISolver'> ********
max. cycles = 200
conv_tol = 1e-08
davidson only = False
linear dependence = 1e-12
level shift = 0.001
max iter space = 12
max_memory 4000 MB
nroots = 1
pspace_size = 400
spin = None
Density matrix diagonal elements [1.93462407e+00 6.55766876e-02 1.99947277e+00 3.26470800e-04]
CASCI converged
CASCI E = -77.9967302809164  E(CI) = -4.48142642102637  S^2 = 0.0000000

******** <class 'pyscf.mcscf.casci.CASCI'> ********
CAS (2e+2e, 4o), ncore = 6, nvir = 38
natorb = False
canonicalization = True
sorting_mo_energy = False
max_memory 4000 MB (current use 551 MB)
******** <class 'pyscf.fci.direct_spin1.FCISolver'> ********
max. cycles = 200
conv_tol = 1e-08
davidson only = False
linear dependence = 1e-12
level shift = 0.001
max iter space = 12
max_memory 4000 MB
nroots = 1
pspace_size = 400
spin = None
Density matrix diagonal elements [1.93463749e+00 6.55752355e-02 1.99960038e+00 1.86890301e-04]
CASCI converged
CASCI E = -77.9966406913971  E(CI) = -4.48133683150701  S^2 = 0.0000000

******** <class 'pyscf.mcscf.casci.CASCI'> ********
CAS (2e+2e, 4o), ncore = 6, nvir = 38
natorb = False
canonicalization = True
sorting_mo_energy = False
max_memory 4000 MB (current use 551 MB)
******** <class 'pyscf.fci.direct_spin1.FCISolver'> ********
max. cycles = 200
conv_tol = 1e-08
davidson only = False
linear dependence = 1e-12
level shift = 0.001
max iter space = 12
max_memory 4000 MB
nroots = 1
pspace_size = 400
spin = None
Density matrix diagonal elements [1.93469741e+00 6.54977821e-02 1.99959580e+00 2.09000037e-04]
CASCI converged
CASCI E = -77.9966785011025  E(CI) = -4.48137464121245  S^2 = 0.0000000

******** <class 'pyscf.mcscf.casci.CASCI'> ********
CAS (2e+2e, 4o), ncore = 6, nvir = 38
natorb = False
canonicalization = True
sorting_mo_energy = False
max_memory 4000 MB (current use 551 MB)
******** <class 'pyscf.fci.direct_spin1.FCISolver'> ********
max. cycles = 200
conv_tol = 1e-08
davidson only = False
linear dependence = 1e-12
level shift = 0.001
max iter space = 12
max_memory 4000 MB
nroots = 1
pspace_size = 400
spin = None
Density matrix diagonal elements [1.93464842e+00 6.55868598e-02 1.99974659e+00 1.81356501e-05]
CASCI converged
CASCI E = -77.9965369034628  E(CI) = -4.48123304357279  S^2 = 0.0000000

******** <class 'pyscf.mcscf.casci.CASCI'> ********
CAS (2e+2e, 4o), ncore = 6, nvir = 38
natorb = False
canonicalization = True
sorting_mo_energy = False
max_memory 4000 MB (current use 551 MB)
******** <class 'pyscf.fci.direct_spin1.FCISolver'> ********
max. cycles = 200
conv_tol = 1e-08
davidson only = False
linear dependence = 1e-12
level shift = 0.001
max iter space = 12
max_memory 4000 MB
nroots = 1
pspace_size = 400
spin = None
Density matrix diagonal elements [1.9369087  0.06329794 1.99679827 0.00299509]
CASCI converged
CASCI E = -77.9999659407033  E(CI) = -4.48466208081324  S^2 = 0.0000000

******** <class 'pyscf.mcscf.casci.CASCI'> ********
CAS (2e+2e, 4o), ncore = 6, nvir = 38
natorb = False
canonicalization = True
sorting_mo_energy = False
max_memory 4000 MB (current use 551 MB)
******** <class 'pyscf.fci.direct_spin1.FCISolver'> ********
max. cycles = 200
conv_tol = 1e-08
davidson only = False
linear dependence = 1e-12
level shift = 0.001
max iter space = 12
max_memory 4000 MB
nroots = 1
pspace_size = 400
spin = None
Density matrix diagonal elements [1.93360599e+00 6.61641376e-02 1.99859597e+00 1.63390484e-03]
CASCI converged
CASCI E = -77.9979112035427  E(CI) = -4.48260734365262  S^2 = 0.0000000

******** <class 'pyscf.mcscf.casci.CASCI'> ********
CAS (2e+2e, 4o), ncore = 6, nvir = 38
natorb = False
canonicalization = True
sorting_mo_energy = False
max_memory 4000 MB (current use 551 MB)
******** <class 'pyscf.fci.direct_spin1.FCISolver'> ********
max. cycles = 200
conv_tol = 1e-08
davidson only = False
linear dependence = 1e-12
level shift = 0.001
max iter space = 12
max_memory 4000 MB
nroots = 1
pspace_size = 400
spin = None
Density matrix diagonal elements [1.93473693e+00 6.51536530e-02 1.99967194e+00 4.37475720e-04]
CASCI converged
CASCI E = -77.9968821786547  E(CI) = -4.48157831876460  S^2 = 0.0000000

******** <class 'pyscf.mcscf.casci.CASCI'> ********
CAS (2e+2e, 4o), ncore = 6, nvir = 38
natorb = False
canonicalization = True
sorting_mo_energy = False
max_memory 4000 MB (current use 551 MB)
******** <class 'pyscf.fci.direct_spin1.FCISolver'> ********
max. cycles = 200
conv_tol = 1e-08
davidson only = False
linear dependence = 1e-12
level shift = 0.001
max iter space = 12
max_memory 4000 MB
nroots = 1
pspace_size = 400
spin = None
Density matrix diagonal elements [1.93462620e+00 6.55659296e-02 1.99919818e+00 6.09686019e-04]
CASCI converged
CASCI E = -77.9970952666017  E(CI) = -4.48179140671164  S^2 = 0.0000000

******** <class 'pyscf.mcscf.casci.CASCI'> ********
CAS (2e+2e, 4o), ncore = 6, nvir = 38
natorb = False
canonicalization = True
sorting_mo_energy = False
max_memory 4000 MB (current use 551 MB)
******** <class 'pyscf.fci.direct_spin1.FCISolver'> ********
max. cycles = 200
conv_tol = 1e-08
davidson only = False
linear dependence = 1e-12
level shift = 0.001
max iter space = 12
max_memory 4000 MB
nroots = 1
pspace_size = 400
spin = None
Density matrix diagonal elements [1.93375431 0.06367722 1.99972097 0.0028475 ]
CASCI converged
CASCI E = -77.9987550136797  E(CI) = -4.48345115378969  S^2 = 0.0000000

******** <class 'pyscf.mcscf.casci.CASCI'> ********
CAS (2e+2e, 4o), ncore = 6, nvir = 38
natorb = False
canonicalization = True
sorting_mo_energy = False
max_memory 4000 MB (current use 551 MB)
******** <class 'pyscf.fci.direct_spin1.FCISolver'> ********
max. cycles = 200
conv_tol = 1e-08
davidson only = False
linear dependence = 1e-12
level shift = 0.001
max iter space = 12
max_memory 4000 MB
nroots = 1
pspace_size = 400
spin = None
Density matrix diagonal elements [1.93540471e+00 6.47056561e-02 1.99912104e+00 7.68591118e-04]
CASCI converged
CASCI E = -77.9975274611402  E(CI) = -4.48222360125010  S^2 = 0.0000000

******** <class 'pyscf.mcscf.casci.CASCI'> ********
CAS (2e+2e, 4o), ncore = 6, nvir = 38
natorb = False
canonicalization = True
sorting_mo_energy = False
max_memory 4000 MB (current use 551 MB)
******** <class 'pyscf.fci.direct_spin1.FCISolver'> ********
max. cycles = 200
conv_tol = 1e-08
davidson only = False
linear dependence = 1e-12
level shift = 0.001
max iter space = 12
max_memory 4000 MB
nroots = 1
pspace_size = 400
spin = None
Density matrix diagonal elements [1.9159823  0.07651009 1.99970924 0.00779838]
CASCI converged
CASCI E = -78.0052608089053  E(CI) = -4.48995694901525  S^2 = 0.0000000

******** <class 'pyscf.mcscf.casci.CASCI'> ********
CAS (2e+2e, 4o), ncore = 6, nvir = 38
natorb = False
canonicalization = True
sorting_mo_energy = False
max_memory 4000 MB (current use 551 MB)
******** <class 'pyscf.fci.direct_spin1.FCISolver'> ********
max. cycles = 200
conv_tol = 1e-08
davidson only = False
linear dependence = 1e-12
level shift = 0.001
max iter space = 12
max_memory 4000 MB
nroots = 1
pspace_size = 400
spin = None
Density matrix diagonal elements [1.93461603e+00 6.55832628e-02 1.99938569e+00 4.15023497e-04]
CASCI converged
CASCI E = -77.9970185682826  E(CI) = -4.48171470839254  S^2 = 0.0000000

******** <class 'pyscf.mcscf.casci.CASCI'> ********
CAS (2e+2e, 4o), ncore = 6, nvir = 38
natorb = False
canonicalization = True
sorting_mo_energy = False
max_memory 4000 MB (current use 551 MB)
******** <class 'pyscf.fci.direct_spin1.FCISolver'> ********
max. cycles = 200
conv_tol = 1e-08
davidson only = False
linear dependence = 1e-12
level shift = 0.001
max iter space = 12
max_memory 4000 MB
nroots = 1
pspace_size = 400
spin = None
Density matrix diagonal elements [1.93470488e+00 6.54670435e-02 1.99963107e+00 1.97000741e-04]
CASCI converged
CASCI E = -77.9967506652196  E(CI) = -4.48144680532954  S^2 = 0.0000000

******** <class 'pyscf.mcscf.casci.CASCI'> ********
CAS (2e+2e, 4o), ncore = 6, nvir = 38
natorb = False
canonicalization = True
sorting_mo_energy = False
max_memory 4000 MB (current use 551 MB)
******** <class 'pyscf.fci.direct_spin1.FCISolver'> ********
max. cycles = 200
conv_tol = 1e-08
davidson only = False
linear dependence = 1e-12
level shift = 0.001
max iter space = 12
max_memory 4000 MB
nroots = 1
pspace_size = 400
spin = None
Density matrix diagonal elements [1.93464799e+00 6.55766865e-02 1.99968591e+00 8.94094308e-05]
CASCI converged
CASCI E = -77.9966265935991  E(CI) = -4.48132273370904  S^2 = 0.0000000

******** <class 'pyscf.mcscf.casci.CASCI'> ********
CAS (2e+2e, 4o), ncore = 6, nvir = 38
natorb = False
canonicalization = True
sorting_mo_energy = False
max_memory 4000 MB (current use 551 MB)
******** <class 'pyscf.fci.direct_spin1.FCISolver'> ********
max. cycles = 200
conv_tol = 1e-08
davidson only = False
linear dependence = 1e-12
level shift = 0.001
max iter space = 12
max_memory 4000 MB
nroots = 1
pspace_size = 400
spin = None
Density matrix diagonal elements [1.93465372e+00 6.55749906e-02 1.99970113e+00 7.01614119e-05]
CASCI converged
CASCI E = -77.9966065203610  E(CI) = -4.48130266047096  S^2 = 0.0000000

******** <class 'pyscf.mcscf.casci.CASCI'> ********
CAS (2e+2e, 4o), ncore = 6, nvir = 38
natorb = False
canonicalization = True
sorting_mo_energy = False
max_memory 4000 MB (current use 551 MB)
******** <class 'pyscf.fci.direct_spin1.FCISolver'> ********
max. cycles = 200
conv_tol = 1e-08
davidson only = False
linear dependence = 1e-12
level shift = 0.001
max iter space = 12
max_memory 4000 MB
nroots = 1
pspace_size = 400
spin = None
Density matrix diagonal elements [1.93954884 0.06066827 1.99553374 0.00424915]
CASCI converged
CASCI E = -78.0033472821988  E(CI) = -4.48804342230878  S^2 = 0.0000000

******** <class 'pyscf.mcscf.casci.CASCI'> ********
CAS (2e+2e, 4o), ncore = 6, nvir = 38
natorb = False
canonicalization = True
sorting_mo_energy = False
max_memory 4000 MB (current use 551 MB)
******** <class 'pyscf.fci.direct_spin1.FCISolver'> ********
max. cycles = 200
conv_tol = 1e-08
davidson only = False
linear dependence = 1e-12
level shift = 0.001
max iter space = 12
max_memory 4000 MB
nroots = 1
pspace_size = 400
spin = None
Density matrix diagonal elements [1.93465892e+00 6.55747031e-02 1.99971578e+00 5.05968763e-05]
CASCI converged
CASCI E = -77.9966050973070  E(CI) = -4.48130123741696  S^2 = 0.0000000

******** <class 'pyscf.mcscf.casci.CASCI'> ********
CAS (2e+2e, 4o), ncore = 6, nvir = 38
natorb = False
canonicalization = True
sorting_mo_energy = False
max_memory 4000 MB (current use 551 MB)
******** <class 'pyscf.fci.direct_spin1.FCISolver'> ********
max. cycles = 200
conv_tol = 1e-08
davidson only = False
linear dependence = 1e-12
level shift = 0.001
max iter space = 12
max_memory 4000 MB
nroots = 1
pspace_size = 400
spin = None
Density matrix diagonal elements [1.93485479e+00 6.52377935e-02 1.99973468e+00 1.72734550e-04]
CASCI converged
CASCI E = -77.9967918128163  E(CI) = -4.48148795292619  S^2 = 0.0000000

******** <class 'pyscf.mcscf.casci.CASCI'> ********
CAS (2e+2e, 4o), ncore = 6, nvir = 38
natorb = False
canonicalization = True
sorting_mo_energy = False
max_memory 4000 MB (current use 551 MB)
******** <class 'pyscf.fci.direct_spin1.FCISolver'> ********
max. cycles = 200
conv_tol = 1e-08
davidson only = False
linear dependence = 1e-12
level shift = 0.001
max iter space = 12
max_memory 4000 MB
nroots = 1
pspace_size = 400
spin = None
Density matrix diagonal elements [1.93478082e+00 6.54250145e-02 1.99973746e+00 5.67059467e-05]
CASCI converged
CASCI E = -77.9966200551369  E(CI) = -4.48131619524683  S^2 = 0.0000000

******** <class 'pyscf.mcscf.casci.CASCI'> ********
CAS (2e+2e, 4o), ncore = 6, nvir = 38
natorb = False
canonicalization = True
sorting_mo_energy = False
max_memory 4000 MB (current use 551 MB)
******** <class 'pyscf.fci.direct_spin1.FCISolver'> ********
max. cycles = 200
conv_tol = 1e-08
davidson only = False
linear dependence = 1e-12
level shift = 0.001
max iter space = 12
max_memory 4000 MB
nroots = 1
pspace_size = 400
spin = None
Density matrix diagonal elements [1.93432469e+00 6.56127367e-02 1.99941143e+00 6.51138482e-04]
CASCI converged
CASCI E = -77.9976130808031  E(CI) = -4.48230922091308  S^2 = 0.0000000

******** <class 'pyscf.mcscf.casci.CASCI'> ********
CAS (2e+2e, 4o), ncore = 6, nvir = 38
natorb = False
canonicalization = True
sorting_mo_energy = False
max_memory 4000 MB (current use 551 MB)
******** <class 'pyscf.fci.direct_spin1.FCISolver'> ********
max. cycles = 200
conv_tol = 1e-08
davidson only = False
linear dependence = 1e-12
level shift = 0.001
max iter space = 12
max_memory 4000 MB
nroots = 1
pspace_size = 400
spin = None
Density matrix diagonal elements [1.93464897e+00 6.55892768e-02 1.99973835e+00 2.33972616e-05]
CASCI converged
CASCI E = -77.9965746533773  E(CI) = -4.48127079348725  S^2 = 0.0000000

******** <class 'pyscf.mcscf.casci.CASCI'> ********
CAS (2e+2e, 4o), ncore = 6, nvir = 38
natorb = False
canonicalization = True
sorting_mo_energy = False
max_memory 4000 MB (current use 551 MB)
******** <class 'pyscf.fci.direct_spin1.FCISolver'> ********
max. cycles = 200
conv_tol = 1e-08
davidson only = False
linear dependence = 1e-12
level shift = 0.001
max iter space = 12
max_memory 4000 MB
nroots = 1
pspace_size = 400
spin = None
Density matrix diagonal elements [1.93464880e+00 6.55894038e-02 1.99972420e+00 3.76032879e-05]
CASCI converged
CASCI E = -77.9966068720916  E(CI) = -4.48130301220159  S^2 = 0.0000000

******** <class 'pyscf.mcscf.casci.CASCI'> ********
CAS (2e+2e, 4o), ncore = 6, nvir = 38
natorb = False
canonicalization = True
sorting_mo_energy = False
max_memory 4000 MB (current use 551 MB)
******** <class 'pyscf.fci.direct_spin1.FCISolver'> ********
max. cycles = 200
conv_tol = 1e-08
davidson only = False
linear dependence = 1e-12
level shift = 0.001
max iter space = 12
max_memory 4000 MB
nroots = 1
pspace_size = 400
spin = None
Density matrix diagonal elements [1.93458093e+00 6.56442086e-02 1.99972652e+00 4.83434182e-05]
CASCI converged
CASCI E = -77.9966289345796  E(CI) = -4.48132507468952  S^2 = 0.0000000

******** <class 'pyscf.mcscf.casci.CASCI'> ********
CAS (2e+2e, 4o), ncore = 6, nvir = 38
natorb = False
canonicalization = True
sorting_mo_energy = False
max_memory 4000 MB (current use 551 MB)
******** <class 'pyscf.fci.direct_spin1.FCISolver'> ********
max. cycles = 200
conv_tol = 1e-08
davidson only = False
linear dependence = 1e-12
level shift = 0.001
max iter space = 12
max_memory 4000 MB
nroots = 1
pspace_size = 400
spin = None
Density matrix diagonal elements [1.93427625e+00 6.58883282e-02 1.99971063e+00 1.24783304e-04]
CASCI converged
CASCI E = -77.9968188970114  E(CI) = -4.48151503712131  S^2 = 0.0000000

******** <class 'pyscf.mcscf.casci.CASCI'> ********
CAS (2e+2e, 4o), ncore = 6, nvir = 38
natorb = False
canonicalization = True
sorting_mo_energy = False
max_memory 4000 MB (current use 551 MB)
******** <class 'pyscf.fci.direct_spin1.FCISolver'> ********
max. cycles = 200
conv_tol = 1e-08
davidson only = False
linear dependence = 1e-12
level shift = 0.001
max iter space = 12
max_memory 4000 MB
nroots = 1
pspace_size = 400
spin = None
Density matrix diagonal elements [1.93480576e+00 6.54242069e-02 1.99968774e+00 8.22987807e-05]
CASCI converged
CASCI E = -77.9967313029314  E(CI) = -4.48142744304135  S^2 = 0.0000000

******** <class 'pyscf.mcscf.casci.CASCI'> ********
CAS (2e+2e, 4o), ncore = 6, nvir = 38
natorb = False
canonicalization = True
sorting_mo_energy = False
max_memory 4000 MB (current use 551 MB)
******** <class 'pyscf.fci.direct_spin1.FCISolver'> ********
max. cycles = 200
conv_tol = 1e-08
davidson only = False
linear dependence = 1e-12
level shift = 0.001
max iter space = 12
max_memory 4000 MB
nroots = 1
pspace_size = 400
spin = None
Density matrix diagonal elements [1.93464885e+00 6.55875765e-02 1.99964261e+00 1.20969872e-04]
CASCI converged
CASCI E = -77.9968024019971  E(CI) = -4.48149854210703  S^2 = 0.0000000

******** <class 'pyscf.mcscf.casci.CASCI'> ********
CAS (2e+2e, 4o), ncore = 6, nvir = 38
natorb = False
canonicalization = True
sorting_mo_energy = False
max_memory 4000 MB (current use 551 MB)
******** <class 'pyscf.fci.direct_spin1.FCISolver'> ********
max. cycles = 200
conv_tol = 1e-08
davidson only = False
linear dependence = 1e-12
level shift = 0.001
max iter space = 12
max_memory 4000 MB
nroots = 1
pspace_size = 400
spin = None
Density matrix diagonal elements [1.93474153e+00 6.53611837e-02 1.99970125e+00 1.96042304e-04]
CASCI converged
CASCI E = -77.9969585160902  E(CI) = -4.48165465620013  S^2 = 0.0000000

******** <class 'pyscf.mcscf.casci.CASCI'> ********
CAS (2e+2e, 4o), ncore = 6, nvir = 38
natorb = False
canonicalization = True
sorting_mo_energy = False
max_memory 4000 MB (current use 551 MB)
******** <class 'pyscf.fci.direct_spin1.FCISolver'> ********
max. cycles = 200
conv_tol = 1e-08
davidson only = False
linear dependence = 1e-12
level shift = 0.001
max iter space = 12
max_memory 4000 MB
nroots = 1
pspace_size = 400
spin = None
Density matrix diagonal elements [1.93453583e+00 6.56579982e-02 1.99972185e+00 8.43192445e-05]
CASCI converged
CASCI E = -77.9967237293698  E(CI) = -4.48141986947971  S^2 = 0.0000000

******** <class 'pyscf.mcscf.casci.CASCI'> ********
CAS (2e+2e, 4o), ncore = 6, nvir = 38
natorb = False
canonicalization = True
sorting_mo_energy = False
max_memory 4000 MB (current use 551 MB)
******** <class 'pyscf.fci.direct_spin1.FCISolver'> ********
max. cycles = 200
conv_tol = 1e-08
davidson only = False
linear dependence = 1e-12
level shift = 0.001
max iter space = 12
max_memory 4000 MB
nroots = 1
pspace_size = 400
spin = None
Density matrix diagonal elements [1.93471914e+00 6.54621739e-02 1.99975396e+00 6.47283025e-05]
CASCI converged
CASCI E = -77.9966815711908  E(CI) = -4.48137771130072  S^2 = 0.0000000

******** <class 'pyscf.mcscf.casci.CASCI'> ********
CAS (2e+2e, 4o), ncore = 6, nvir = 38
natorb = False
canonicalization = True
sorting_mo_energy = False
max_memory 4000 MB (current use 551 MB)
******** <class 'pyscf.fci.direct_spin1.FCISolver'> ********
max. cycles = 200
conv_tol = 1e-08
davidson only = False
linear dependence = 1e-12
level shift = 0.001
max iter space = 12
max_memory 4000 MB
nroots = 1
pspace_size = 400
spin = None
Density matrix diagonal elements [1.93472414e+00 6.55008000e-02 1.99972866e+00 4.63957856e-05]
CASCI converged
CASCI E = -77.9966517782569  E(CI) = -4.48134791836679  S^2 = 0.0000000

******** <class 'pyscf.mcscf.casci.CASCI'> ********
CAS (2e+2e, 4o), ncore = 6, nvir = 38
natorb = False
canonicalization = True
sorting_mo_energy = False
max_memory 4000 MB (current use 551 MB)
******** <class 'pyscf.fci.direct_spin1.FCISolver'> ********
max. cycles = 200
conv_tol = 1e-08
davidson only = False
linear dependence = 1e-12
level shift = 0.001
max iter space = 12
max_memory 4000 MB
nroots = 1
pspace_size = 400
spin = None
Density matrix diagonal elements [1.93464896e+00 6.55892042e-02 1.99974140e+00 2.04285486e-05]
CASCI converged
CASCI E = -77.9965812628259  E(CI) = -4.48127740293586  S^2 = 0.0000000

******** <class 'pyscf.mcscf.casci.CASCI'> ********
CAS (2e+2e, 4o), ncore = 6, nvir = 38
natorb = False
canonicalization = True
sorting_mo_energy = False
max_memory 4000 MB (current use 551 MB)
******** <class 'pyscf.fci.direct_spin1.FCISolver'> ********
max. cycles = 200
conv_tol = 1e-08
davidson only = False
linear dependence = 1e-12
level shift = 0.001
max iter space = 12
max_memory 4000 MB
nroots = 1
pspace_size = 400
spin = None
Density matrix diagonal elements [1.93456691e+00 6.56693747e-02 1.99968854e+00 7.51675202e-05]
CASCI converged
CASCI E = -77.9967448112643  E(CI) = -4.48144095137421  S^2 = 0.0000000

******** <class 'pyscf.mcscf.casci.CASCI'> ********
CAS (2e+2e, 4o), ncore = 6, nvir = 38
natorb = False
canonicalization = True
sorting_mo_energy = False
max_memory 4000 MB (current use 551 MB)
******** <class 'pyscf.fci.direct_spin1.FCISolver'> ********
max. cycles = 200
conv_tol = 1e-08
davidson only = False
linear dependence = 1e-12
level shift = 0.001
max iter space = 12
max_memory 4000 MB
nroots = 1
pspace_size = 400
spin = None
Density matrix diagonal elements [1.93473753e+00 6.54750271e-02 1.99975939e+00 2.80493888e-05]
CASCI converged
CASCI E = -77.9966006203848  E(CI) = -4.48129676049474  S^2 = 0.0000000

******** <class 'pyscf.mcscf.casci.CASCI'> ********
CAS (2e+2e, 4o), ncore = 6, nvir = 38
natorb = False
canonicalization = True
sorting_mo_energy = False
max_memory 4000 MB (current use 551 MB)
******** <class 'pyscf.fci.direct_spin1.FCISolver'> ********
max. cycles = 200
conv_tol = 1e-08
davidson only = False
linear dependence = 1e-12
level shift = 0.001
max iter space = 12
max_memory 4000 MB
nroots = 1
pspace_size = 400
spin = None
Density matrix diagonal elements [1.93456730e+00 6.56222699e-02 1.99971069e+00 9.97413907e-05]
CASCI converged
CASCI E = -77.9968195412252  E(CI) = -4.48151568133517  S^2 = 0.0000000

******** <class 'pyscf.mcscf.casci.CASCI'> ********
CAS (2e+2e, 4o), ncore = 6, nvir = 38
natorb = False
canonicalization = True
sorting_mo_energy = False
max_memory 4000 MB (current use 551 MB)
******** <class 'pyscf.fci.direct_spin1.FCISolver'> ********
max. cycles = 200
conv_tol = 1e-08
davidson only = False
linear dependence = 1e-12
level shift = 0.001
max iter space = 12
max_memory 4000 MB
nroots = 1
pspace_size = 400
spin = None
Density matrix diagonal elements [1.93463510e+00 6.56020183e-02 1.99974382e+00 1.90594408e-05]
CASCI converged
CASCI E = -77.9965864208936  E(CI) = -4.48128256100358  S^2 = 0.0000000

******** <class 'pyscf.mcscf.casci.CASCI'> ********
CAS (2e+2e, 4o), ncore = 6, nvir = 38
natorb = False
canonicalization = True
sorting_mo_energy = False
max_memory 4000 MB (current use 551 MB)
******** <class 'pyscf.fci.direct_spin1.FCISolver'> ********
max. cycles = 200
conv_tol = 1e-08
davidson only = False
linear dependence = 1e-12
level shift = 0.001
max iter space = 12
max_memory 4000 MB
nroots = 1
pspace_size = 400
spin = None
Density matrix diagonal elements [1.93464944e+00 6.55888250e-02 1.99974975e+00 1.19808186e-05]
CASCI converged
CASCI E = -77.9965639063467  E(CI) = -4.48126004645667  S^2 = 0.0000000

******** <class 'pyscf.mcscf.casci.CASCI'> ********
CAS (2e+2e, 4o), ncore = 6, nvir = 38
natorb = False
canonicalization = True
sorting_mo_energy = False
max_memory 4000 MB (current use 551 MB)
******** <class 'pyscf.fci.direct_spin1.FCISolver'> ********
max. cycles = 200
conv_tol = 1e-08
davidson only = False
linear dependence = 1e-12
level shift = 0.001
max iter space = 12
max_memory 4000 MB
nroots = 1
pspace_size = 400
spin = None
Density matrix diagonal elements [1.93470980e+00 6.55237373e-02 1.99969565e+00 7.08118195e-05]
CASCI converged
CASCI E = -77.9967631818727  E(CI) = -4.48145932198264  S^2 = 0.0000000

******** <class 'pyscf.mcscf.casci.CASCI'> ********
CAS (2e+2e, 4o), ncore = 6, nvir = 38
natorb = False
canonicalization = True
sorting_mo_energy = False
max_memory 4000 MB (current use 551 MB)
******** <class 'pyscf.fci.direct_spin1.FCISolver'> ********
max. cycles = 200
conv_tol = 1e-08
davidson only = False
linear dependence = 1e-12
level shift = 0.001
max iter space = 12
max_memory 4000 MB
nroots = 1
pspace_size = 400
spin = None
Density matrix diagonal elements [1.93469298e+00 6.55449903e-02 1.99973948e+00 2.25492233e-05]
CASCI converged
CASCI E = -77.9966088976619  E(CI) = -4.48130503777180  S^2 = 0.0000000

******** <class 'pyscf.mcscf.casci.CASCI'> ********
CAS (2e+2e, 4o), ncore = 6, nvir = 38
natorb = False
canonicalization = True
sorting_mo_energy = False
max_memory 4000 MB (current use 551 MB)
******** <class 'pyscf.fci.direct_spin1.FCISolver'> ********
max. cycles = 200
conv_tol = 1e-08
davidson only = False
linear dependence = 1e-12
level shift = 0.001
max iter space = 12
max_memory 4000 MB
nroots = 1
pspace_size = 400
spin = None
Density matrix diagonal elements [1.93464978e+00 6.55884469e-02 1.99974837e+00 1.34060517e-05]
CASCI converged
CASCI E = -77.9965755539077  E(CI) = -4.48127169401759  S^2 = 0.0000000

******** <class 'pyscf.mcscf.casci.CASCI'> ********
CAS (2e+2e, 4o), ncore = 6, nvir = 38
natorb = False
canonicalization = True
sorting_mo_energy = False
max_memory 4000 MB (current use 551 MB)
******** <class 'pyscf.fci.direct_spin1.FCISolver'> ********
max. cycles = 200
conv_tol = 1e-08
davidson only = False
linear dependence = 1e-12
level shift = 0.001
max iter space = 12
max_memory 4000 MB
nroots = 1
pspace_size = 400
spin = None
Density matrix diagonal elements [1.93453133e+00 6.57318355e-02 1.99954476e+00 1.92066560e-04]
CASCI converged
CASCI E = -77.9966363969569  E(CI) = -4.01994911920880  S^2 = 0.0000000

******** <class 'pyscf.mcscf.casci.CASCI'> ********
CAS (2e+2e, 4o), ncore = 6, nvir = 38
natorb = False
canonicalization = True
sorting_mo_energy = False
max_memory 4000 MB (current use 551 MB)
******** <class 'pyscf.fci.direct_spin1.FCISolver'> ********
max. cycles = 200
conv_tol = 1e-08
davidson only = False
linear dependence = 1e-12
level shift = 0.001
max iter space = 12
max_memory 4000 MB
nroots = 1
pspace_size = 400
spin = None
Density matrix diagonal elements [1.93450264e+00 6.57732671e-02 1.99908042e+00 6.43672451e-04]
CASCI converged
CASCI E = -77.9969304316047  E(CI) = -4.02024315385664  S^2 = 0.0000000

******** <class 'pyscf.mcscf.casci.CASCI'> ********
CAS (2e+2e, 4o), ncore = 6, nvir = 38
natorb = False
canonicalization = True
sorting_mo_energy = False
max_memory 4000 MB (current use 551 MB)
******** <class 'pyscf.fci.direct_spin1.FCISolver'> ********
max. cycles = 200
conv_tol = 1e-08
davidson only = False
linear dependence = 1e-12
level shift = 0.001
max iter space = 12
max_memory 4000 MB
nroots = 1
pspace_size = 400
spin = None
Density matrix diagonal elements [1.93453946e+00 6.57177357e-02 1.99947968e+00 2.63124223e-04]
CASCI converged
CASCI E = -77.9966871942469  E(CI) = -4.01999991649886  S^2 = 0.0000000

******** <class 'pyscf.mcscf.casci.CASCI'> ********
CAS (2e+2e, 4o), ncore = 6, nvir = 38
natorb = False
canonicalization = True
sorting_mo_energy = False
max_memory 4000 MB (current use 551 MB)
******** <class 'pyscf.fci.direct_spin1.FCISolver'> ********
max. cycles = 200
conv_tol = 1e-08
davidson only = False
linear dependence = 1e-12
level shift = 0.001
max iter space = 12
max_memory 4000 MB
nroots = 1
pspace_size = 400
spin = None
Density matrix diagonal elements [1.93435904e+00 6.59365283e-02 1.99913179e+00 5.72640607e-04]
CASCI converged
CASCI E = -77.9969278486606  E(CI) = -4.02024057091258  S^2 = 0.0000000

******** <class 'pyscf.mcscf.casci.CASCI'> ********
CAS (2e+2e, 4o), ncore = 6, nvir = 38
natorb = False
canonicalization = True
sorting_mo_energy = False
max_memory 4000 MB (current use 551 MB)
******** <class 'pyscf.fci.direct_spin1.FCISolver'> ********
max. cycles = 200
conv_tol = 1e-08
davidson only = False
linear dependence = 1e-12
level shift = 0.001
max iter space = 12
max_memory 4000 MB
nroots = 1
pspace_size = 400
spin = None
Density matrix diagonal elements [1.93456223e+00 6.56880765e-02 1.99936697e+00 3.82722250e-04]
CASCI converged
CASCI E = -77.9968198582860  E(CI) = -4.02013258053799  S^2 = 0.0000000

******** <class 'pyscf.mcscf.casci.CASCI'> ********
CAS (2e+2e, 4o), ncore = 6, nvir = 38
natorb = False
canonicalization = True
sorting_mo_energy = False
max_memory 4000 MB (current use 551 MB)
******** <class 'pyscf.fci.direct_spin1.FCISolver'> ********
max. cycles = 200
conv_tol = 1e-08
davidson only = False
linear dependence = 1e-12
level shift = 0.001
max iter space = 12
max_memory 4000 MB
nroots = 1
pspace_size = 400
spin = None
Density matrix diagonal elements [1.93423551e+00 6.55834772e-02 1.99967879e+00 5.02225166e-04]
CASCI converged
CASCI E = -77.9968690663833  E(CI) = -4.02018178863521  S^2 = 0.0000000

******** <class 'pyscf.mcscf.casci.CASCI'> ********
CAS (2e+2e, 4o), ncore = 6, nvir = 38
natorb = False
canonicalization = True
sorting_mo_energy = False
max_memory 4000 MB (current use 551 MB)
******** <class 'pyscf.fci.direct_spin1.FCISolver'> ********
max. cycles = 200
conv_tol = 1e-08
davidson only = False
linear dependence = 1e-12
level shift = 0.001
max iter space = 12
max_memory 4000 MB
nroots = 1
pspace_size = 400
spin = None
Density matrix diagonal elements [1.93461667e+00 6.53281449e-02 1.99934345e+00 7.11731545e-04]
CASCI converged
CASCI E = -77.9971270790525  E(CI) = -4.02043980130448  S^2 = 0.0000000

******** <class 'pyscf.mcscf.casci.CASCI'> ********
CAS (2e+2e, 4o), ncore = 6, nvir = 38
natorb = False
canonicalization = True
sorting_mo_energy = False
max_memory 4000 MB (current use 551 MB)
******** <class 'pyscf.fci.direct_spin1.FCISolver'> ********
max. cycles = 200
conv_tol = 1e-08
davidson only = False
linear dependence = 1e-12
level shift = 0.001
max iter space = 12
max_memory 4000 MB
nroots = 1
pspace_size = 400
spin = None
Density matrix diagonal elements [1.93642752 0.06381708 1.99667332 0.00308207]
CASCI converged
CASCI E = -77.9999445474655  E(CI) = -4.02325726971746  S^2 = 0.0000000

******** <class 'pyscf.mcscf.casci.CASCI'> ********
CAS (2e+2e, 4o), ncore = 6, nvir = 38
natorb = False
canonicalization = True
sorting_mo_energy = False
max_memory 4000 MB (current use 551 MB)
******** <class 'pyscf.fci.direct_spin1.FCISolver'> ********
max. cycles = 200
conv_tol = 1e-08
davidson only = False
linear dependence = 1e-12
level shift = 0.001
max iter space = 12
max_memory 4000 MB
nroots = 1
pspace_size = 400
spin = None
Density matrix diagonal elements [1.93365341 0.06384141 1.99969201 0.00281317]
CASCI converged
CASCI E = -77.9987288363977  E(CI) = -4.02204155864966  S^2 = 0.0000000

******** <class 'pyscf.mcscf.casci.CASCI'> ********
CAS (2e+2e, 4o), ncore = 6, nvir = 38
natorb = False
canonicalization = True
sorting_mo_energy = False
max_memory 4000 MB (current use 551 MB)
******** <class 'pyscf.fci.direct_spin1.FCISolver'> ********
max. cycles = 200
conv_tol = 1e-08
davidson only = False
linear dependence = 1e-12
level shift = 0.001
max iter space = 12
max_memory 4000 MB
nroots = 1
pspace_size = 400
spin = None
Density matrix diagonal elements [1.93488317e+00 6.52805238e-02 1.99940636e+00 4.29949263e-04]
CASCI converged
CASCI E = -77.9969579190046  E(CI) = -4.02027064125656  S^2 = 0.0000000

******** <class 'pyscf.mcscf.casci.CASCI'> ********
CAS (2e+2e, 4o), ncore = 6, nvir = 38
natorb = False
canonicalization = True
sorting_mo_energy = False
max_memory 4000 MB (current use 551 MB)
******** <class 'pyscf.fci.direct_spin1.FCISolver'> ********
max. cycles = 200
conv_tol = 1e-08
davidson only = False
linear dependence = 1e-12
level shift = 0.001
max iter space = 12
max_memory 4000 MB
nroots = 1
pspace_size = 400
spin = None
Density matrix diagonal elements [1.91583811 0.07669354 1.99967744 0.00779091]
CASCI converged
CASCI E = -78.0052585120820  E(CI) = -4.02857123433398  S^2 = 0.0000000

******** <class 'pyscf.mcscf.casci.CASCI'> ********
CAS (2e+2e, 4o), ncore = 6, nvir = 38
natorb = False
canonicalization = True
sorting_mo_energy = False
max_memory 4000 MB (current use 551 MB)
******** <class 'pyscf.fci.direct_spin1.FCISolver'> ********
max. cycles = 200
conv_tol = 1e-08
davidson only = False
linear dependence = 1e-12
level shift = 0.001
max iter space = 12
max_memory 4000 MB
nroots = 1
pspace_size = 400
spin = None
Density matrix diagonal elements [1.93456191e+00 6.56988748e-02 1.99932455e+00 4.14663943e-04]
CASCI converged
CASCI E = -77.9969923112450  E(CI) = -4.02030503349690  S^2 = 0.0000000

******** <class 'pyscf.mcscf.casci.CASCI'> ********
CAS (2e+2e, 4o), ncore = 6, nvir = 38
natorb = False
canonicalization = True
sorting_mo_energy = False
max_memory 4000 MB (current use 551 MB)
******** <class 'pyscf.fci.direct_spin1.FCISolver'> ********
max. cycles = 200
conv_tol = 1e-08
davidson only = False
linear dependence = 1e-12
level shift = 0.001
max iter space = 12
max_memory 4000 MB
nroots = 1
pspace_size = 400
spin = None
Density matrix diagonal elements [1.93458657e+00 6.56447389e-02 1.99944925e+00 3.19440260e-04]
CASCI converged
CASCI E = -77.9968868055344  E(CI) = -4.02019952778639  S^2 = 0.0000000

******** <class 'pyscf.mcscf.casci.CASCI'> ********
CAS (2e+2e, 4o), ncore = 6, nvir = 38
natorb = False
canonicalization = True
sorting_mo_energy = False
max_memory 4000 MB (current use 551 MB)
******** <class 'pyscf.fci.direct_spin1.FCISolver'> ********
max. cycles = 200
conv_tol = 1e-08
davidson only = False
linear dependence = 1e-12
level shift = 0.001
max iter space = 12
max_memory 4000 MB
nroots = 1
pspace_size = 400
spin = None
Density matrix diagonal elements [1.93503755e+00 6.52526573e-02 1.99909676e+00 6.13030242e-04]
CASCI converged
CASCI E = -77.9973499378471  E(CI) = -4.02066266009903  S^2 = 0.0000000

******** <class 'pyscf.mcscf.casci.CASCI'> ********
CAS (2e+2e, 4o), ncore = 6, nvir = 38
natorb = False
canonicalization = True
sorting_mo_energy = False
max_memory 4000 MB (current use 551 MB)
******** <class 'pyscf.fci.direct_spin1.FCISolver'> ********
max. cycles = 200
conv_tol = 1e-08
davidson only = False
linear dependence = 1e-12
level shift = 0.001
max iter space = 12
max_memory 4000 MB
nroots = 1
pspace_size = 400
spin = None
Density matrix diagonal elements [1.93419085e+00 6.60951239e-02 1.99878493e+00 9.29100655e-04]
CASCI converged
CASCI E = -77.9976320913289  E(CI) = -4.02094481358084  S^2 = 0.0000000

******** <class 'pyscf.mcscf.casci.CASCI'> ********
CAS (2e+2e, 4o), ncore = 6, nvir = 38
natorb = False
canonicalization = True
sorting_mo_energy = False
max_memory 4000 MB (current use 551 MB)
******** <class 'pyscf.fci.direct_spin1.FCISolver'> ********
max. cycles = 200
conv_tol = 1e-08
davidson only = False
linear dependence = 1e-12
level shift = 0.001
max iter space = 12
max_memory 4000 MB
nroots = 1
pspace_size = 400
spin = None
Density matrix diagonal elements [1.93455421e+00 6.56899181e-02 1.99965316e+00 1.02715332e-04]
CASCI converged
CASCI E = -77.9966592612912  E(CI) = -4.01997198354310  S^2 = 0.0000000

******** <class 'pyscf.mcscf.casci.CASCI'> ********
CAS (2e+2e, 4o), ncore = 6, nvir = 38
natorb = False
canonicalization = True
sorting_mo_energy = False
max_memory 4000 MB (current use 551 MB)
******** <class 'pyscf.fci.direct_spin1.FCISolver'> ********
max. cycles = 200
conv_tol = 1e-08
davidson only = False
linear dependence = 1e-12
level shift = 0.001
max iter space = 12
max_memory 4000 MB
nroots = 1
pspace_size = 400
spin = None
Density matrix diagonal elements [1.93445255e+00 6.58411955e-02 1.99950880e+00 1.97449738e-04]
CASCI converged
CASCI E = -77.9968378400239  E(CI) = -4.02015056227586  S^2 = 0.0000000

******** <class 'pyscf.mcscf.casci.CASCI'> ********
CAS (2e+2e, 4o), ncore = 6, nvir = 38
natorb = False
canonicalization = True
sorting_mo_energy = False
max_memory 4000 MB (current use 551 MB)
******** <class 'pyscf.fci.direct_spin1.FCISolver'> ********
max. cycles = 200
conv_tol = 1e-08
davidson only = False
linear dependence = 1e-12
level shift = 0.001
max iter space = 12
max_memory 4000 MB
nroots = 1
pspace_size = 400
spin = None
Density matrix diagonal elements [1.93473141e+00 6.54138355e-02 1.99945911e+00 3.95647526e-04]
CASCI converged
CASCI E = -77.9971614523198  E(CI) = -4.02047417457179  S^2 = 0.0000000

******** <class 'pyscf.mcscf.casci.CASCI'> ********
CAS (2e+2e, 4o), ncore = 6, nvir = 38
natorb = False
canonicalization = True
sorting_mo_energy = False
max_memory 4000 MB (current use 551 MB)
******** <class 'pyscf.fci.direct_spin1.FCISolver'> ********
max. cycles = 200
conv_tol = 1e-08
davidson only = False
linear dependence = 1e-12
level shift = 0.001
max iter space = 12
max_memory 4000 MB
nroots = 1
pspace_size = 400
spin = None
Density matrix diagonal elements [1.93465720e+00 6.55957790e-02 1.99940979e+00 3.37234396e-04]
CASCI converged
CASCI E = -77.9971039937212  E(CI) = -4.02041671597318  S^2 = 0.0000000

******** <class 'pyscf.mcscf.casci.CASCI'> ********
CAS (2e+2e, 4o), ncore = 6, nvir = 38
natorb = False
canonicalization = True
sorting_mo_energy = False
max_memory 4000 MB (current use 551 MB)
******** <class 'pyscf.fci.direct_spin1.FCISolver'> ********
max. cycles = 200
conv_tol = 1e-08
davidson only = False
linear dependence = 1e-12
level shift = 0.001
max iter space = 12
max_memory 4000 MB
nroots = 1
pspace_size = 400
spin = None
Density matrix diagonal elements [1.93424697e+00 6.57615030e-02 1.99966250e+00 3.29031863e-04]
CASCI converged
CASCI E = -77.9970595045150  E(CI) = -4.02037222676691  S^2 = 0.0000000

******** <class 'pyscf.mcscf.casci.CASCI'> ********
CAS (2e+2e, 4o), ncore = 6, nvir = 38
natorb = False
canonicalization = True
sorting_mo_energy = False
max_memory 4000 MB (current use 551 MB)
******** <class 'pyscf.fci.direct_spin1.FCISolver'> ********
max. cycles = 200
conv_tol = 1e-08
davidson only = False
linear dependence = 1e-12
level shift = 0.001
max iter space = 12
max_memory 4000 MB
nroots = 1
pspace_size = 400
spin = None
Density matrix diagonal elements [1.93451561e+00 6.57854049e-02 1.99959063e+00 1.08352601e-04]
CASCI converged
CASCI E = -77.9967612765008  E(CI) = -4.02007399875279  S^2 = 0.0000000

******** <class 'pyscf.mcscf.casci.CASCI'> ********
CAS (2e+2e, 4o), ncore = 6, nvir = 38
natorb = False
canonicalization = True
sorting_mo_energy = False
max_memory 4000 MB (current use 551 MB)
******** <class 'pyscf.fci.direct_spin1.FCISolver'> ********
max. cycles = 200
conv_tol = 1e-08
davidson only = False
linear dependence = 1e-12
level shift = 0.001
max iter space = 12
max_memory 4000 MB
nroots = 1
pspace_size = 400
spin = None
Density matrix diagonal elements [1.93471239e+00 6.55918128e-02 1.99953894e+00 1.56851085e-04]
CASCI converged
CASCI E = -77.9968920863875  E(CI) = -4.02020480863943  S^2 = 0.0000000

******** <class 'pyscf.mcscf.casci.CASCI'> ********
CAS (2e+2e, 4o), ncore = 6, nvir = 38
natorb = False
canonicalization = True
sorting_mo_energy = False
max_memory 4000 MB (current use 551 MB)
******** <class 'pyscf.fci.direct_spin1.FCISolver'> ********
max. cycles = 200
conv_tol = 1e-08
davidson only = False
linear dependence = 1e-12
level shift = 0.001
max iter space = 12
max_memory 4000 MB
nroots = 1
pspace_size = 400
spin = None
Density matrix diagonal elements [1.93453565e+00 6.57539962e-02 1.99960422e+00 1.06131798e-04]
CASCI converged
CASCI E = -77.9967585097372  E(CI) = -4.02007123198918  S^2 = 0.0000000

******** <class 'pyscf.mcscf.casci.CASCI'> ********
CAS (2e+2e, 4o), ncore = 6, nvir = 38
natorb = False
canonicalization = True
sorting_mo_energy = False
max_memory 4000 MB (current use 551 MB)
******** <class 'pyscf.fci.direct_spin1.FCISolver'> ********
max. cycles = 200
conv_tol = 1e-08
davidson only = False
linear dependence = 1e-12
level shift = 0.001
max iter space = 12
max_memory 4000 MB
nroots = 1
pspace_size = 400
spin = None
Density matrix diagonal elements [1.93417964e+00 6.60913959e-02 1.99953466e+00 1.94299754e-04]
CASCI converged
CASCI E = -77.9969889333823  E(CI) = -4.02030165563421  S^2 = 0.0000000

******** <class 'pyscf.mcscf.casci.CASCI'> ********
CAS (2e+2e, 4o), ncore = 6, nvir = 38
natorb = False
canonicalization = True
sorting_mo_energy = False
max_memory 4000 MB (current use 551 MB)
******** <class 'pyscf.fci.direct_spin1.FCISolver'> ********
max. cycles = 200
conv_tol = 1e-08
davidson only = False
linear dependence = 1e-12
level shift = 0.001
max iter space = 12
max_memory 4000 MB
nroots = 1
pspace_size = 400
spin = None
Density matrix diagonal elements [1.93455349e+00 6.57364935e-02 1.99962331e+00 8.67148162e-05]
CASCI converged
CASCI E = -77.9967294577214  E(CI) = -4.02004217997334  S^2 = 0.0000000

******** <class 'pyscf.mcscf.casci.CASCI'> ********
CAS (2e+2e, 4o), ncore = 6, nvir = 38
natorb = False
canonicalization = True
sorting_mo_energy = False
max_memory 4000 MB (current use 551 MB)
******** <class 'pyscf.fci.direct_spin1.FCISolver'> ********
max. cycles = 200
conv_tol = 1e-08
davidson only = False
linear dependence = 1e-12
level shift = 0.001
max iter space = 12
max_memory 4000 MB
nroots = 1
pspace_size = 400
spin = None
Density matrix diagonal elements [1.93494773e+00 6.53553198e-02 1.99950637e+00 1.90579091e-04]
CASCI converged
CASCI E = -77.9970124157978  E(CI) = -4.02032513804970  S^2 = 0.0000000

******** <class 'pyscf.mcscf.casci.CASCI'> ********
CAS (2e+2e, 4o), ncore = 6, nvir = 38
natorb = False
canonicalization = True
sorting_mo_energy = False
max_memory 4000 MB (current use 551 MB)
******** <class 'pyscf.fci.direct_spin1.FCISolver'> ********
max. cycles = 200
conv_tol = 1e-08
davidson only = False
linear dependence = 1e-12
level shift = 0.001
max iter space = 12
max_memory 4000 MB
nroots = 1
pspace_size = 400
spin = None
Density matrix diagonal elements [1.93478792e+00 6.53808487e-02 1.99969120e+00 1.40027115e-04]
CASCI converged
CASCI E = -77.9968373853457  E(CI) = -4.02015010759763  S^2 = 0.0000000

******** <class 'pyscf.mcscf.casci.CASCI'> ********
CAS (2e+2e, 4o), ncore = 6, nvir = 38
natorb = False
canonicalization = True
sorting_mo_energy = False
max_memory 4000 MB (current use 551 MB)
******** <class 'pyscf.fci.direct_spin1.FCISolver'> ********
max. cycles = 200
conv_tol = 1e-08
davidson only = False
linear dependence = 1e-12
level shift = 0.001
max iter space = 12
max_memory 4000 MB
nroots = 1
pspace_size = 400
spin = None
Density matrix diagonal elements [1.93443204e+00 6.58267391e-02 1.99968167e+00 5.95552102e-05]
CASCI converged
CASCI E = -77.9966758945084  E(CI) = -4.01998861676037  S^2 = 0.0000000

******** <class 'pyscf.mcscf.casci.CASCI'> ********
CAS (2e+2e, 4o), ncore = 6, nvir = 38
natorb = False
canonicalization = True
sorting_mo_energy = False
max_memory 4000 MB (current use 551 MB)
******** <class 'pyscf.fci.direct_spin1.FCISolver'> ********
max. cycles = 200
conv_tol = 1e-08
davidson only = False
linear dependence = 1e-12
level shift = 0.001
max iter space = 12
max_memory 4000 MB
nroots = 1
pspace_size = 400
spin = None
Density matrix diagonal elements [1.93460206e+00 6.56423459e-02 1.99968016e+00 7.54319069e-05]
CASCI converged
CASCI E = -77.9967228401464  E(CI) = -4.02003556239832  S^2 = 0.0000000

******** <class 'pyscf.mcscf.casci.CASCI'> ********
CAS (2e+2e, 4o), ncore = 6, nvir = 38
natorb = False
canonicalization = True
sorting_mo_energy = False
max_memory 4000 MB (current use 551 MB)
******** <class 'pyscf.fci.direct_spin1.FCISolver'> ********
max. cycles = 200
conv_tol = 1e-08
davidson only = False
linear dependence = 1e-12
level shift = 0.001
max iter space = 12
max_memory 4000 MB
nroots = 1
pspace_size = 400
spin = None
Density matrix diagonal elements [1.93457661e+00 6.57123309e-02 1.99967634e+00 3.47249657e-05]
CASCI converged
CASCI E = -77.9966289429223  E(CI) = -4.01994166517429  S^2 = 0.0000000

******** <class 'pyscf.mcscf.casci.CASCI'> ********
CAS (2e+2e, 4o), ncore = 6, nvir = 38
natorb = False
canonicalization = True
sorting_mo_energy = False
max_memory 4000 MB (current use 551 MB)
******** <class 'pyscf.fci.direct_spin1.FCISolver'> ********
max. cycles = 200
conv_tol = 1e-08
davidson only = False
linear dependence = 1e-12
level shift = 0.001
max iter space = 12
max_memory 4000 MB
nroots = 1
pspace_size = 400
spin = None
Density matrix diagonal elements [1.93449825e+00 6.58032229e-02 1.99964346e+00 5.50596845e-05]
CASCI converged
CASCI E = -77.9966899141656  E(CI) = -4.02000263641753  S^2 = 0.0000000

******** <class 'pyscf.mcscf.casci.CASCI'> ********
CAS (2e+2e, 4o), ncore = 6, nvir = 38
natorb = False
canonicalization = True
sorting_mo_energy = False
max_memory 4000 MB (current use 551 MB)
******** <class 'pyscf.fci.direct_spin1.FCISolver'> ********
max. cycles = 200
conv_tol = 1e-08
davidson only = False
linear dependence = 1e-12
level shift = 0.001
max iter space = 12
max_memory 4000 MB
nroots = 1
pspace_size = 400
spin = None
Density matrix diagonal elements [1.93453580e+00 6.57649786e-02 1.99968103e+00 1.81999978e-05]
CASCI converged
CASCI E = -77.9965902043366  E(CI) = -4.01990292658857  S^2 = 0.0000000

******** <class 'pyscf.mcscf.casci.CASCI'> ********
CAS (2e+2e, 4o), ncore = 6, nvir = 38
natorb = False
canonicalization = True
sorting_mo_energy = False
max_memory 4000 MB (current use 551 MB)
******** <class 'pyscf.fci.direct_spin1.FCISolver'> ********
max. cycles = 200
conv_tol = 1e-08
davidson only = False
linear dependence = 1e-12
level shift = 0.001
max iter space = 12
max_memory 4000 MB
nroots = 1
pspace_size = 400
spin = None
Density matrix diagonal elements [1.93461946e+00 6.56545179e-02 1.99968001e+00 4.60083386e-05]
CASCI converged
CASCI E = -77.9966668139422  E(CI) = -4.01997953619419  S^2 = 0.0000000

******** <class 'pyscf.mcscf.casci.CASCI'> ********
CAS (2e+2e, 4o), ncore = 6, nvir = 38
natorb = False
canonicalization = True
sorting_mo_energy = False
max_memory 4000 MB (current use 551 MB)
******** <class 'pyscf.fci.direct_spin1.FCISolver'> ********
max. cycles = 200
conv_tol = 1e-08
davidson only = False
linear dependence = 1e-12
level shift = 0.001
max iter space = 12
max_memory 4000 MB
nroots = 1
pspace_size = 400
spin = None
Density matrix diagonal elements [1.93445370e+00 6.58003779e-02 1.99969508e+00 5.08438173e-05]
CASCI converged
CASCI E = -77.9966835439574  E(CI) = -4.01999626620933  S^2 = 0.0000000

******** <class 'pyscf.mcscf.casci.CASCI'> ********
CAS (2e+2e, 4o), ncore = 6, nvir = 38
natorb = False
canonicalization = True
sorting_mo_energy = False
max_memory 4000 MB (current use 551 MB)
******** <class 'pyscf.fci.direct_spin1.FCISolver'> ********
max. cycles = 200
conv_tol = 1e-08
davidson only = False
linear dependence = 1e-12
level shift = 0.001
max iter space = 12
max_memory 4000 MB
nroots = 1
pspace_size = 400
spin = None
Density matrix diagonal elements [1.93453353e+00 6.57677461e-02 1.99967812e+00 2.06040186e-05]
CASCI converged
CASCI E = -77.9966042173129  E(CI) = -4.01991693956481  S^2 = 0.0000000

******** <class 'pyscf.mcscf.casci.CASCI'> ********
CAS (2e+2e, 4o), ncore = 6, nvir = 38
natorb = False
canonicalization = True
sorting_mo_energy = False
max_memory 4000 MB (current use 551 MB)
******** <class 'pyscf.fci.direct_spin1.FCISolver'> ********
max. cycles = 200
conv_tol = 1e-08
davidson only = False
linear dependence = 1e-12
level shift = 0.001
max iter space = 12
max_memory 4000 MB
nroots = 1
pspace_size = 400
spin = None
Density matrix diagonal elements [1.93469651e+00 6.56075053e-02 1.99963525e+00 6.07352091e-05]
CASCI converged
CASCI E = -77.9967516571000  E(CI) = -4.02006437935191  S^2 = 0.0000000

******** <class 'pyscf.mcscf.casci.CASCI'> ********
CAS (2e+2e, 4o), ncore = 6, nvir = 38
natorb = False
canonicalization = True
sorting_mo_energy = False
max_memory 4000 MB (current use 551 MB)
******** <class 'pyscf.fci.direct_spin1.FCISolver'> ********
max. cycles = 200
conv_tol = 1e-08
davidson only = False
linear dependence = 1e-12
level shift = 0.001
max iter space = 12
max_memory 4000 MB
nroots = 1
pspace_size = 400
spin = None
Density matrix diagonal elements [1.93454719e+00 6.57519224e-02 1.99969212e+00 8.76548436e-06]
CASCI converged
CASCI E = -77.9965669291763  E(CI) = -4.01987965142821  S^2 = 0.0000000

******** <class 'pyscf.mcscf.casci.CASCI'> ********
CAS (2e+2e, 4o), ncore = 6, nvir = 38
natorb = False
canonicalization = True
sorting_mo_energy = False
max_memory 4000 MB (current use 551 MB)
******** <class 'pyscf.fci.direct_spin1.FCISolver'> ********
max. cycles = 200
conv_tol = 1e-08
davidson only = False
linear dependence = 1e-12
level shift = 0.001
max iter space = 12
max_memory 4000 MB
nroots = 1
pspace_size = 400
spin = None
Density matrix diagonal elements [1.93453546e+00 6.57657755e-02 1.99968293e+00 1.58349696e-05]
CASCI converged
CASCI E = -77.9965948841439  E(CI) = -4.01990760639589  S^2 = 0.0000000

******** <class 'pyscf.mcscf.casci.CASCI'> ********
CAS (2e+2e, 4o), ncore = 6, nvir = 38
natorb = False
canonicalization = True
sorting_mo_energy = False
max_memory 4000 MB (current use 551 MB)
******** <class 'pyscf.fci.direct_spin1.FCISolver'> ********
max. cycles = 200
conv_tol = 1e-08
davidson only = False
linear dependence = 1e-12
level shift = 0.001
max iter space = 12
max_memory 4000 MB
nroots = 1
pspace_size = 400
spin = None
Density matrix diagonal elements [1.93452390e+00 6.57781833e-02 1.99968148e+00 1.64281260e-05]
CASCI converged
CASCI E = -77.9966014254918  E(CI) = -4.01991414774373  S^2 = 0.0000000

******** <class 'pyscf.mcscf.casci.CASCI'> ********
CAS (1e+1e, 4o), ncore = 7, nvir = 37
natorb = False
canonicalization = True
sorting_mo_energy = False
max_memory 4000 MB (current use 551 MB)
******** <class 'pyscf.fci.direct_spin1.FCISolver'> ********
max. cycles = 200
conv_tol = 1e-08
davidson only = False
linear dependence = 1e-12
level shift = 0.001
max iter space = 12
max_memory 4000 MB
nroots = 1
pspace_size = 400
spin = None
Density matrix diagonal elements [1.93436367e+00 6.55769927e-02 3.48452718e-05 2.44881447e-05]
CASCI converged
CASCI E = -77.9964456227020  E(CI) = -1.21434021692411  S^2 = 0.0000000

******** <class 'pyscf.mcscf.casci.CASCI'> ********
CAS (1e+1e, 4o), ncore = 7, nvir = 37
natorb = False
canonicalization = True
sorting_mo_energy = False
max_memory 4000 MB (current use 551 MB)
******** <class 'pyscf.fci.direct_spin1.FCISolver'> ********
max. cycles = 200
conv_tol = 1e-08
davidson only = False
linear dependence = 1e-12
level shift = 0.001
max iter space = 12
max_memory 4000 MB
nroots = 1
pspace_size = 400
spin = None
Density matrix diagonal elements [1.93438500e+00 6.55436280e-02 3.31271565e-05 3.82426771e-05]
CASCI converged
CASCI E = -77.9964535385303  E(CI) = -1.21434813275248  S^2 = 0.0000000

******** <class 'pyscf.mcscf.casci.CASCI'> ********
CAS (1e+1e, 4o), ncore = 7, nvir = 37
natorb = False
canonicalization = True
sorting_mo_energy = False
max_memory 4000 MB (current use 551 MB)
******** <class 'pyscf.fci.direct_spin1.FCISolver'> ********
max. cycles = 200
conv_tol = 1e-08
davidson only = False
linear dependence = 1e-12
level shift = 0.001
max iter space = 12
max_memory 4000 MB
nroots = 1
pspace_size = 400
spin = None
Density matrix diagonal elements [1.93437311e+00 6.55863027e-02 3.73608687e-05 3.22306617e-06]
CASCI converged
CASCI E = -77.9964365010834  E(CI) = -1.21433109530552  S^2 = 0.0000000

******** <class 'pyscf.mcscf.casci.CASCI'> ********
CAS (1e+1e, 4o), ncore = 7, nvir = 37
natorb = False
canonicalization = True
sorting_mo_energy = False
max_memory 4000 MB (current use 551 MB)
******** <class 'pyscf.fci.direct_spin1.FCISolver'> ********
max. cycles = 200
conv_tol = 1e-08
davidson only = False
linear dependence = 1e-12
level shift = 0.001
max iter space = 12
max_memory 4000 MB
nroots = 1
pspace_size = 400
spin = None
Density matrix diagonal elements [1.93440717e+00 6.55106094e-02 3.72675258e-05 4.49481344e-05]
CASCI converged
CASCI E = -77.9964635011739  E(CI) = -1.21435809539612  S^2 = 0.0000000

******** <class 'pyscf.mcscf.casci.CASCI'> ********
CAS (1e+1e, 4o), ncore = 7, nvir = 37
natorb = False
canonicalization = True
sorting_mo_energy = False
max_memory 4000 MB (current use 551 MB)
******** <class 'pyscf.fci.direct_spin1.FCISolver'> ********
max. cycles = 200
conv_tol = 1e-08
davidson only = False
linear dependence = 1e-12
level shift = 0.001
max iter space = 12
max_memory 4000 MB
nroots = 1
pspace_size = 400
spin = None
Density matrix diagonal elements [1.93407795e+00 6.53982510e-02 3.85424226e-05 4.85261368e-04]
CASCI converged
CASCI E = -77.9967541502092  E(CI) = -1.21464874443137  S^2 = 0.0000000

******** <class 'pyscf.mcscf.casci.CASCI'> ********
CAS (1e+1e, 4o), ncore = 7, nvir = 37
natorb = False
canonicalization = True
sorting_mo_energy = False
max_memory 4000 MB (current use 551 MB)
******** <class 'pyscf.fci.direct_spin1.FCISolver'> ********
max. cycles = 200
conv_tol = 1e-08
davidson only = False
linear dependence = 1e-12
level shift = 0.001
max iter space = 12
max_memory 4000 MB
nroots = 1
pspace_size = 400
spin = None
Density matrix diagonal elements [1.93447049e+00 6.51142172e-02 5.33813312e-05 3.61915692e-04]
CASCI converged
CASCI E = -77.9967223321749  E(CI) = -1.21461692639707  S^2 = 0.0000000

******** <class 'pyscf.mcscf.casci.CASCI'> ********
CAS (1e+1e, 4o), ncore = 7, nvir = 37
natorb = False
canonicalization = True
sorting_mo_energy = False
max_memory 4000 MB (current use 551 MB)
******** <class 'pyscf.fci.direct_spin1.FCISolver'> ********
max. cycles = 200
conv_tol = 1e-08
davidson only = False
linear dependence = 1e-12
level shift = 0.001
max iter space = 12
max_memory 4000 MB
nroots = 1
pspace_size = 400
spin = None
Density matrix diagonal elements [1.93434903e+00 6.55662348e-02 3.64363523e-05 4.82998674e-05]
CASCI converged
CASCI E = -77.9964708014128  E(CI) = -1.21436539563499  S^2 = 0.0000000

******** <class 'pyscf.mcscf.casci.CASCI'> ********
CAS (1e+1e, 4o), ncore = 7, nvir = 37
natorb = False
canonicalization = True
sorting_mo_energy = False
max_memory 4000 MB (current use 551 MB)
******** <class 'pyscf.fci.direct_spin1.FCISolver'> ********
max. cycles = 200
conv_tol = 1e-08
davidson only = False
linear dependence = 1e-12
level shift = 0.001
max iter space = 12
max_memory 4000 MB
nroots = 1
pspace_size = 400
spin = None
Density matrix diagonal elements [1.93350117e+00 6.36573749e-02 3.48925973e-05 2.80656516e-03]
CASCI converged
CASCI E = -77.9986189013675  E(CI) = -1.21651349558965  S^2 = 0.0000000

******** <class 'pyscf.mcscf.casci.CASCI'> ********
CAS (1e+1e, 4o), ncore = 7, nvir = 37
natorb = False
canonicalization = True
sorting_mo_energy = False
max_memory 4000 MB (current use 551 MB)
******** <class 'pyscf.fci.direct_spin1.FCISolver'> ********
max. cycles = 200
conv_tol = 1e-08
davidson only = False
linear dependence = 1e-12
level shift = 0.001
max iter space = 12
max_memory 4000 MB
nroots = 1
pspace_size = 400
spin = None
Density matrix diagonal elements [1.93474276e+00 6.51125388e-02 3.79293044e-05 1.06773844e-04]
CASCI converged
CASCI E = -77.9965295562018  E(CI) = -1.21442415042395  S^2 = 0.0000000

******** <class 'pyscf.mcscf.casci.CASCI'> ********
CAS (1e+1e, 4o), ncore = 7, nvir = 37
natorb = False
canonicalization = True
sorting_mo_energy = False
max_memory 4000 MB (current use 551 MB)
******** <class 'pyscf.fci.direct_spin1.FCISolver'> ********
max. cycles = 200
conv_tol = 1e-08
davidson only = False
linear dependence = 1e-12
level shift = 0.001
max iter space = 12
max_memory 4000 MB
nroots = 1
pspace_size = 400
spin = None
Density matrix diagonal elements [1.91566676e+00 7.65264123e-02 2.78007106e-05 7.77902585e-03]
CASCI converged
CASCI E = -78.0051343781972  E(CI) = -1.22302897241937  S^2 = 0.0000000

******** <class 'pyscf.mcscf.casci.CASCI'> ********
CAS (1e+1e, 4o), ncore = 7, nvir = 37
natorb = False
canonicalization = True
sorting_mo_energy = False
max_memory 4000 MB (current use 551 MB)
******** <class 'pyscf.fci.direct_spin1.FCISolver'> ********
max. cycles = 200
conv_tol = 1e-08
davidson only = False
linear dependence = 1e-12
level shift = 0.001
max iter space = 12
max_memory 4000 MB
nroots = 1
pspace_size = 400
spin = None
Density matrix diagonal elements [1.93441936e+00 6.54302437e-02 8.24957502e-05 6.78977243e-05]
CASCI converged
CASCI E = -77.9965127370289  E(CI) = -1.21440733125104  S^2 = 0.0000000

******** <class 'pyscf.mcscf.casci.CASCI'> ********
CAS (1e+1e, 4o), ncore = 7, nvir = 37
natorb = False
canonicalization = True
sorting_mo_energy = False
max_memory 4000 MB (current use 551 MB)
******** <class 'pyscf.fci.direct_spin1.FCISolver'> ********
max. cycles = 200
conv_tol = 1e-08
davidson only = False
linear dependence = 1e-12
level shift = 0.001
max iter space = 12
max_memory 4000 MB
nroots = 1
pspace_size = 400
spin = None
Density matrix diagonal elements [1.93443405e+00 6.54663657e-02 3.64572355e-05 6.31244149e-05]
CASCI converged
CASCI E = -77.9964979529001  E(CI) = -1.21439254712223  S^2 = 0.0000000

******** <class 'pyscf.mcscf.casci.CASCI'> ********
CAS (1e+1e, 4o), ncore = 7, nvir = 37
natorb = False
canonicalization = True
sorting_mo_energy = False
max_memory 4000 MB (current use 551 MB)
******** <class 'pyscf.fci.direct_spin1.FCISolver'> ********
max. cycles = 200
conv_tol = 1e-08
davidson only = False
linear dependence = 1e-12
level shift = 0.001
max iter space = 12
max_memory 4000 MB
nroots = 1
pspace_size = 400
spin = None
Density matrix diagonal elements [1.93437343e+00 6.55748987e-02 3.76291655e-05 1.40381582e-05]
CASCI converged
CASCI E = -77.9964484719060  E(CI) = -1.21434306612819  S^2 = 0.0000000

******** <class 'pyscf.mcscf.casci.CASCI'> ********
CAS (1e+1e, 4o), ncore = 7, nvir = 37
natorb = False
canonicalization = True
sorting_mo_energy = False
max_memory 4000 MB (current use 551 MB)
******** <class 'pyscf.fci.direct_spin1.FCISolver'> ********
max. cycles = 200
conv_tol = 1e-08
davidson only = False
linear dependence = 1e-12
level shift = 0.001
max iter space = 12
max_memory 4000 MB
nroots = 1
pspace_size = 400
spin = None
Density matrix diagonal elements [1.93437906e+00 6.55734196e-02 3.79028890e-05 9.61754704e-06]
CASCI converged
CASCI E = -77.9964445328328  E(CI) = -1.21433912705494  S^2 = 0.0000000

******** <class 'pyscf.mcscf.casci.CASCI'> ********
CAS (1e+1e, 4o), ncore = 7, nvir = 37
natorb = False
canonicalization = True
sorting_mo_energy = False
max_memory 4000 MB (current use 551 MB)
******** <class 'pyscf.fci.direct_spin1.FCISolver'> ********
max. cycles = 200
conv_tol = 1e-08
davidson only = False
linear dependence = 1e-12
level shift = 0.001
max iter space = 12
max_memory 4000 MB
nroots = 1
pspace_size = 400
spin = None
Density matrix diagonal elements [1.93439806e+00 6.55079991e-02 3.70683442e-05 5.68704523e-05]
CASCI converged
CASCI E = -77.9964966388114  E(CI) = -1.21439123303354  S^2 = 0.0000000

******** <class 'pyscf.mcscf.casci.CASCI'> ********
CAS (1e+1e, 4o), ncore = 7, nvir = 37
natorb = False
canonicalization = True
sorting_mo_energy = False
max_memory 4000 MB (current use 551 MB)
******** <class 'pyscf.fci.direct_spin1.FCISolver'> ********
max. cycles = 200
conv_tol = 1e-08
davidson only = False
linear dependence = 1e-12
level shift = 0.001
max iter space = 12
max_memory 4000 MB
nroots = 1
pspace_size = 400
spin = None
Density matrix diagonal elements [1.93438435e+00 6.55736839e-02 3.80576056e-05 3.90359155e-06]
CASCI converged
CASCI E = -77.9964402407641  E(CI) = -1.21433483498625  S^2 = 0.0000000

******** <class 'pyscf.mcscf.casci.CASCI'> ********
CAS (1e+1e, 4o), ncore = 7, nvir = 37
natorb = False
canonicalization = True
sorting_mo_energy = False
max_memory 4000 MB (current use 551 MB)
******** <class 'pyscf.fci.direct_spin1.FCISolver'> ********
max. cycles = 200
conv_tol = 1e-08
davidson only = False
linear dependence = 1e-12
level shift = 0.001
max iter space = 12
max_memory 4000 MB
nroots = 1
pspace_size = 400
spin = None
Density matrix diagonal elements [1.93458435e+00 6.52344212e-02 3.78079676e-05 1.43422269e-04]
CASCI converged
CASCI E = -77.9966523242495  E(CI) = -1.21454691847165  S^2 = 0.0000000

******** <class 'pyscf.mcscf.casci.CASCI'> ********
CAS (1e+1e, 4o), ncore = 7, nvir = 37
natorb = False
canonicalization = True
sorting_mo_energy = False
max_memory 4000 MB (current use 551 MB)
******** <class 'pyscf.fci.direct_spin1.FCISolver'> ********
max. cycles = 200
conv_tol = 1e-08
davidson only = False
linear dependence = 1e-12
level shift = 0.001
max iter space = 12
max_memory 4000 MB
nroots = 1
pspace_size = 400
spin = None
Density matrix diagonal elements [1.93450990e+00 6.54235691e-02 3.80313296e-05 2.85002319e-05]
CASCI converged
CASCI E = -77.9964804550517  E(CI) = -1.21437504927387  S^2 = 0.0000000

******** <class 'pyscf.mcscf.casci.CASCI'> ********
CAS (1e+1e, 4o), ncore = 7, nvir = 37
natorb = False
canonicalization = True
sorting_mo_energy = False
max_memory 4000 MB (current use 551 MB)
******** <class 'pyscf.fci.direct_spin1.FCISolver'> ********
max. cycles = 200
conv_tol = 1e-08
davidson only = False
linear dependence = 1e-12
level shift = 0.001
max iter space = 12
max_memory 4000 MB
nroots = 1
pspace_size = 400
spin = None
Density matrix diagonal elements [1.93409464e+00 6.55826241e-02 3.79334009e-05 2.84806649e-04]
CASCI converged
CASCI E = -77.9968787181564  E(CI) = -1.21477331237857  S^2 = 0.0000000

******** <class 'pyscf.mcscf.casci.CASCI'> ********
CAS (1e+1e, 4o), ncore = 7, nvir = 37
natorb = False
canonicalization = True
sorting_mo_energy = False
max_memory 4000 MB (current use 551 MB)
******** <class 'pyscf.fci.direct_spin1.FCISolver'> ********
max. cycles = 200
conv_tol = 1e-08
davidson only = False
linear dependence = 1e-12
level shift = 0.001
max iter space = 12
max_memory 4000 MB
nroots = 1
pspace_size = 400
spin = None
Density matrix diagonal elements [1.93437337e+00 6.55882091e-02 3.81691982e-05 2.53404522e-07]
CASCI converged
CASCI E = -77.9964351815216  E(CI) = -1.21432977574378  S^2 = 0.0000000

******** <class 'pyscf.mcscf.casci.CASCI'> ********
CAS (1e+1e, 4o), ncore = 7, nvir = 37
natorb = False
canonicalization = True
sorting_mo_energy = False
max_memory 4000 MB (current use 551 MB)
******** <class 'pyscf.fci.direct_spin1.FCISolver'> ********
max. cycles = 200
conv_tol = 1e-08
davidson only = False
linear dependence = 1e-12
level shift = 0.001
max iter space = 12
max_memory 4000 MB
nroots = 1
pspace_size = 400
spin = None
Density matrix diagonal elements [1.93437301e+00 6.55883935e-02 3.81281847e-05 4.71977738e-07]
CASCI converged
CASCI E = -77.9964356404193  E(CI) = -1.21433023464141  S^2 = 0.0000000

******** <class 'pyscf.mcscf.casci.CASCI'> ********
CAS (1e+1e, 4o), ncore = 7, nvir = 37
natorb = False
canonicalization = True
sorting_mo_energy = False
max_memory 4000 MB (current use 551 MB)
******** <class 'pyscf.fci.direct_spin1.FCISolver'> ********
max. cycles = 200
conv_tol = 1e-08
davidson only = False
linear dependence = 1e-12
level shift = 0.001
max iter space = 12
max_memory 4000 MB
nroots = 1
pspace_size = 400
spin = None
Density matrix diagonal elements [1.93437905e+00 6.55619278e-02 4.25135869e-05 1.65099556e-05]
CASCI converged
CASCI E = -77.9964690699304  E(CI) = -1.21436366415251  S^2 = 0.0000000

******** <class 'pyscf.mcscf.casci.CASCI'> ********
CAS (1e+1e, 4o), ncore = 7, nvir = 37
natorb = False
canonicalization = True
sorting_mo_energy = False
max_memory 4000 MB (current use 551 MB)
******** <class 'pyscf.fci.direct_spin1.FCISolver'> ********
max. cycles = 200
conv_tol = 1e-08
davidson only = False
linear dependence = 1e-12
level shift = 0.001
max iter space = 12
max_memory 4000 MB
nroots = 1
pspace_size = 400
spin = None
Density matrix diagonal elements [1.93399345e+00 6.58803713e-02 3.82606491e-05 8.79176816e-05]
CASCI converged
CASCI E = -77.9966388965164  E(CI) = -1.21453349073855  S^2 = 0.0000000

******** <class 'pyscf.mcscf.casci.CASCI'> ********
CAS (1e+1e, 4o), ncore = 7, nvir = 37
natorb = False
canonicalization = True
sorting_mo_energy = False
max_memory 4000 MB (current use 551 MB)
******** <class 'pyscf.fci.direct_spin1.FCISolver'> ********
max. cycles = 200
conv_tol = 1e-08
davidson only = False
linear dependence = 1e-12
level shift = 0.001
max iter space = 12
max_memory 4000 MB
nroots = 1
pspace_size = 400
spin = None
Density matrix diagonal elements [1.93439651e+00 6.55553178e-02 3.80855111e-05 1.00884763e-05]
CASCI converged
CASCI E = -77.9964562148114  E(CI) = -1.21435080903352  S^2 = 0.0000000

******** <class 'pyscf.mcscf.casci.CASCI'> ********
CAS (1e+1e, 4o), ncore = 7, nvir = 37
natorb = False
canonicalization = True
sorting_mo_energy = False
max_memory 4000 MB (current use 551 MB)
******** <class 'pyscf.fci.direct_spin1.FCISolver'> ********
max. cycles = 200
conv_tol = 1e-08
davidson only = False
linear dependence = 1e-12
level shift = 0.001
max iter space = 12
max_memory 4000 MB
nroots = 1
pspace_size = 400
spin = None
Density matrix diagonal elements [1.93437380e+00 6.55859695e-02 3.81164015e-05 2.11343531e-06]
CASCI converged
CASCI E = -77.9964391922479  E(CI) = -1.21433378647009  S^2 = 0.0000000

******** <class 'pyscf.mcscf.casci.CASCI'> ********
CAS (1e+1e, 4o), ncore = 7, nvir = 37
natorb = False
canonicalization = True
sorting_mo_energy = False
max_memory 4000 MB (current use 551 MB)
******** <class 'pyscf.fci.direct_spin1.FCISolver'> ********
max. cycles = 200
conv_tol = 1e-08
davidson only = False
linear dependence = 1e-12
level shift = 0.001
max iter space = 12
max_memory 4000 MB
nroots = 1
pspace_size = 400
spin = None
Density matrix diagonal elements [1.93468951e+00 6.50749042e-02 7.22183479e-05 1.63365370e-04]
CASCI converged
CASCI E = -77.9967912734533  E(CI) = -1.21468586767546  S^2 = 0.0000000

******** <class 'pyscf.mcscf.casci.CASCI'> ********
CAS (1e+1e, 4o), ncore = 7, nvir = 37
natorb = False
canonicalization = True
sorting_mo_energy = False
max_memory 4000 MB (current use 551 MB)
******** <class 'pyscf.fci.direct_spin1.FCISolver'> ********
max. cycles = 200
conv_tol = 1e-08
davidson only = False
linear dependence = 1e-12
level shift = 0.001
max iter space = 12
max_memory 4000 MB
nroots = 1
pspace_size = 400
spin = None
Density matrix diagonal elements [1.93427880e+00 6.56414969e-02 3.79834453e-05 4.17182745e-05]
CASCI converged
CASCI E = -77.9965297493109  E(CI) = -1.21442434353303  S^2 = 0.0000000

******** <class 'pyscf.mcscf.casci.CASCI'> ********
CAS (1e+1e, 4o), ncore = 7, nvir = 37
natorb = False
canonicalization = True
sorting_mo_energy = False
max_memory 4000 MB (current use 551 MB)
******** <class 'pyscf.fci.direct_spin1.FCISolver'> ********
max. cycles = 200
conv_tol = 1e-08
davidson only = False
linear dependence = 1e-12
level shift = 0.001
max iter space = 12
max_memory 4000 MB
nroots = 1
pspace_size = 400
spin = None
Density matrix diagonal elements [1.93444504e+00 6.54597011e-02 3.78933123e-05 5.73675511e-05]
CASCI converged
CASCI E = -77.9965730740063  E(CI) = -1.21446766822844  S^2 = 0.0000000

******** <class 'pyscf.mcscf.casci.CASCI'> ********
CAS (1e+1e, 4o), ncore = 7, nvir = 37
natorb = False
canonicalization = True
sorting_mo_energy = False
max_memory 4000 MB (current use 551 MB)
******** <class 'pyscf.fci.direct_spin1.FCISolver'> ********
max. cycles = 200
conv_tol = 1e-08
davidson only = False
linear dependence = 1e-12
level shift = 0.001
max iter space = 12
max_memory 4000 MB
nroots = 1
pspace_size = 400
spin = None
Density matrix diagonal elements [1.93441917e+00 6.55315995e-02 3.78769176e-05 1.13541645e-05]
CASCI converged
CASCI E = -77.9964635634683  E(CI) = -1.21435815769040  S^2 = 0.0000000

******** <class 'pyscf.mcscf.casci.CASCI'> ********
CAS (1e+1e, 4o), ncore = 7, nvir = 37
natorb = False
canonicalization = True
sorting_mo_energy = False
max_memory 4000 MB (current use 551 MB)
******** <class 'pyscf.fci.direct_spin1.FCISolver'> ********
max. cycles = 200
conv_tol = 1e-08
davidson only = False
linear dependence = 1e-12
level shift = 0.001
max iter space = 12
max_memory 4000 MB
nroots = 1
pspace_size = 400
spin = None
Density matrix diagonal elements [1.93437339e+00 6.55877290e-02 3.81528878e-05 7.31634129e-07]
CASCI converged
CASCI E = -77.9964366202462  E(CI) = -1.21433121446834  S^2 = 0.0000000

******** <class 'pyscf.mcscf.casci.CASCI'> ********
CAS (1e+1e, 4o), ncore = 7, nvir = 37
natorb = False
canonicalization = True
sorting_mo_energy = False
max_memory 4000 MB (current use 551 MB)
******** <class 'pyscf.fci.direct_spin1.FCISolver'> ********
max. cycles = 200
conv_tol = 1e-08
davidson only = False
linear dependence = 1e-12
level shift = 0.001
max iter space = 12
max_memory 4000 MB
nroots = 1
pspace_size = 400
spin = None
Density matrix diagonal elements [1.93437727e+00 6.55817514e-02 3.86154967e-05 2.36509071e-06]
CASCI converged
CASCI E = -77.9964414223096  E(CI) = -1.21433601653179  S^2 = 0.0000000

******** <class 'pyscf.mcscf.casci.CASCI'> ********
CAS (1e+1e, 4o), ncore = 7, nvir = 37
natorb = False
canonicalization = True
sorting_mo_energy = False
max_memory 4000 MB (current use 551 MB)
******** <class 'pyscf.fci.direct_spin1.FCISolver'> ********
max. cycles = 200
conv_tol = 1e-08
davidson only = False
linear dependence = 1e-12
level shift = 0.001
max iter space = 12
max_memory 4000 MB
nroots = 1
pspace_size = 400
spin = None
Density matrix diagonal elements [1.93446275e+00 6.54731953e-02 3.79961888e-05 2.60547420e-05]
CASCI converged
CASCI E = -77.9965056737147  E(CI) = -1.21440026793685  S^2 = 0.0000000

******** <class 'pyscf.mcscf.casci.CASCI'> ********
CAS (1e+1e, 4o), ncore = 7, nvir = 37
natorb = False
canonicalization = True
sorting_mo_energy = False
max_memory 4000 MB (current use 551 MB)
******** <class 'pyscf.fci.direct_spin1.FCISolver'> ********
max. cycles = 200
conv_tol = 1e-08
davidson only = False
linear dependence = 1e-12
level shift = 0.001
max iter space = 12
max_memory 4000 MB
nroots = 1
pspace_size = 400
spin = None
Density matrix diagonal elements [1.93429327e+00 6.56201156e-02 3.80354594e-05 4.85798016e-05]
CASCI converged
CASCI E = -77.9965729106936  E(CI) = -1.21446750491572  S^2 = 0.0000000

******** <class 'pyscf.mcscf.casci.CASCI'> ********
CAS (1e+1e, 4o), ncore = 7, nvir = 37
natorb = False
canonicalization = True
sorting_mo_energy = False
max_memory 4000 MB (current use 551 MB)
******** <class 'pyscf.fci.direct_spin1.FCISolver'> ********
max. cycles = 200
conv_tol = 1e-08
davidson only = False
linear dependence = 1e-12
level shift = 0.001
max iter space = 12
max_memory 4000 MB
nroots = 1
pspace_size = 400
spin = None
Density matrix diagonal elements [1.93437564e+00 6.55840977e-02 3.82750828e-05 1.98464110e-06]
CASCI converged
CASCI E = -77.9964410450426  E(CI) = -1.21433563926470  S^2 = 0.0000000

******** <class 'pyscf.mcscf.casci.CASCI'> ********
CAS (1e+1e, 4o), ncore = 7, nvir = 37
natorb = False
canonicalization = True
sorting_mo_energy = False
max_memory 4000 MB (current use 551 MB)
******** <class 'pyscf.fci.direct_spin1.FCISolver'> ********
max. cycles = 200
conv_tol = 1e-08
davidson only = False
linear dependence = 1e-12
level shift = 0.001
max iter space = 12
max_memory 4000 MB
nroots = 1
pspace_size = 400
spin = None
Density matrix diagonal elements [1.93437389e+00 6.55872954e-02 3.81550153e-05 6.62148676e-07]
CASCI converged
CASCI E = -77.9964367944828  E(CI) = -1.21433138870495  S^2 = 0.0000000

******** <class 'pyscf.mcscf.casci.CASCI'> ********
CAS (1e+1e, 4o), ncore = 7, nvir = 37
natorb = False
canonicalization = True
sorting_mo_energy = False
max_memory 4000 MB (current use 551 MB)
******** <class 'pyscf.fci.direct_spin1.FCISolver'> ********
max. cycles = 200
conv_tol = 1e-08
davidson only = False
linear dependence = 1e-12
level shift = 0.001
max iter space = 12
max_memory 4000 MB
nroots = 1
pspace_size = 400
spin = None
Density matrix diagonal elements [1.93438830e+00 6.55704146e-02 3.80021720e-05 3.28006037e-06]
CASCI converged
CASCI E = -77.9964451236276  E(CI) = -1.21433971784978  S^2 = 0.0000000

******** <class 'pyscf.mcscf.casci.CASCI'> ********
CAS (1e+1e, 4o), ncore = 7, nvir = 37
natorb = False
canonicalization = True
sorting_mo_energy = False
max_memory 4000 MB (current use 551 MB)
******** <class 'pyscf.fci.direct_spin1.FCISolver'> ********
max. cycles = 200
conv_tol = 1e-08
davidson only = False
linear dependence = 1e-12
level shift = 0.001
max iter space = 12
max_memory 4000 MB
nroots = 1
pspace_size = 400
spin = None
Density matrix diagonal elements [1.93437657e+00 6.55839130e-02 3.81408402e-05 1.37450085e-06]
CASCI converged
CASCI E = -77.9964394425392  E(CI) = -1.21433403676130  S^2 = 0.0000000

******** <class 'pyscf.mcscf.casci.CASCI'> ********
CAS (1e+1e, 4o), ncore = 7, nvir = 37
natorb = False
canonicalization = True
sorting_mo_energy = False
max_memory 4000 MB (current use 551 MB)
******** <class 'pyscf.fci.direct_spin1.FCISolver'> ********
max. cycles = 200
conv_tol = 1e-08
davidson only = False
linear dependence = 1e-12
level shift = 0.001
max iter space = 12
max_memory 4000 MB
nroots = 1
pspace_size = 400
spin = None
Density matrix diagonal elements [1.93437436e+00 6.55869040e-02 3.81537809e-05 5.84741426e-07]
CASCI converged
CASCI E = -77.9964368439946  E(CI) = -1.21433143821676  S^2 = 0.0000000

******** <class 'pyscf.mcscf.casci.CASCI'> ********
CAS (1e+1e, 4o), ncore = 7, nvir = 37
natorb = False
canonicalization = True
sorting_mo_energy = False
max_memory 4000 MB (current use 551 MB)
******** <class 'pyscf.fci.direct_spin1.FCISolver'> ********
max. cycles = 200
conv_tol = 1e-08
davidson only = False
linear dependence = 1e-12
level shift = 0.001
max iter space = 12
max_memory 4000 MB
nroots = 1
pspace_size = 400
spin = None
Density matrix diagonal elements [1.93437133e+00 6.55636617e-02 2.48930504e-05 4.01145170e-05]
CASCI converged
CASCI E = -77.9964500639901  E(CI) = -1.21434465821223  S^2 = 0.0000000

******** <class 'pyscf.mcscf.casci.CASCI'> ********
CAS (1e+1e, 4o), ncore = 7, nvir = 37
natorb = False
canonicalization = True
sorting_mo_energy = False
max_memory 4000 MB (current use 551 MB)
******** <class 'pyscf.fci.direct_spin1.FCISolver'> ********
max. cycles = 200
conv_tol = 1e-08
davidson only = False
linear dependence = 1e-12
level shift = 0.001
max iter space = 12
max_memory 4000 MB
nroots = 1
pspace_size = 400
spin = None
Density matrix diagonal elements [1.93436087e+00 6.56096580e-02 2.66036934e-05 2.86628304e-06]
CASCI converged
CASCI E = -77.9964318483503  E(CI) = -1.21432644257249  S^2 = 0.0000000

******** <class 'pyscf.mcscf.casci.CASCI'> ********
CAS (1e+1e, 4o), ncore = 7, nvir = 37
natorb = False
canonicalization = True
sorting_mo_energy = False
max_memory 4000 MB (current use 551 MB)
******** <class 'pyscf.fci.direct_spin1.FCISolver'> ********
max. cycles = 200
conv_tol = 1e-08
davidson only = False
linear dependence = 1e-12
level shift = 0.001
max iter space = 12
max_memory 4000 MB
nroots = 1
pspace_size = 400
spin = None
Density matrix diagonal elements [1.93439427e+00 6.55330786e-02 2.73804202e-05 4.52744504e-05]
CASCI converged
CASCI E = -77.9964592667795  E(CI) = -1.21435386100163  S^2 = 0.0000000

******** <class 'pyscf.mcscf.casci.CASCI'> ********
CAS (1e+1e, 4o), ncore = 7, nvir = 37
natorb = False
canonicalization = True
sorting_mo_energy = False
max_memory 4000 MB (current use 551 MB)
******** <class 'pyscf.fci.direct_spin1.FCISolver'> ********
max. cycles = 200
conv_tol = 1e-08
davidson only = False
linear dependence = 1e-12
level shift = 0.001
max iter space = 12
max_memory 4000 MB
nroots = 1
pspace_size = 400
spin = None
Density matrix diagonal elements [1.93406692e+00 6.54230954e-02 2.61319709e-05 4.83848298e-04]
CASCI converged
CASCI E = -77.9967457337475  E(CI) = -1.21464032796970  S^2 = 0.0000000

******** <class 'pyscf.mcscf.casci.CASCI'> ********
CAS (1e+1e, 4o), ncore = 7, nvir = 37
natorb = False
canonicalization = True
sorting_mo_energy = False
max_memory 4000 MB (current use 551 MB)
******** <class 'pyscf.fci.direct_spin1.FCISolver'> ********
max. cycles = 200
conv_tol = 1e-08
davidson only = False
linear dependence = 1e-12
level shift = 0.001
max iter space = 12
max_memory 4000 MB
nroots = 1
pspace_size = 400
spin = None
Density matrix diagonal elements [1.93445475e+00 6.51716948e-02 2.71836450e-05 3.46374380e-04]
CASCI converged
CASCI E = -77.9966980015794  E(CI) = -1.21459259580155  S^2 = 0.0000000

******** <class 'pyscf.mcscf.casci.CASCI'> ********
CAS (1e+1e, 4o), ncore = 7, nvir = 37
natorb = False
canonicalization = True
sorting_mo_energy = False
max_memory 4000 MB (current use 551 MB)
******** <class 'pyscf.fci.direct_spin1.FCISolver'> ********
max. cycles = 200
conv_tol = 1e-08
davidson only = False
linear dependence = 1e-12
level shift = 0.001
max iter space = 12
max_memory 4000 MB
nroots = 1
pspace_size = 400
spin = None
Density matrix diagonal elements [1.93429618e+00 6.55783392e-02 5.32703064e-05 7.22123096e-05]
CASCI converged
CASCI E = -77.9964898066623  E(CI) = -1.21438440088446  S^2 = 0.0000000

******** <class 'pyscf.mcscf.casci.CASCI'> ********
CAS (1e+1e, 4o), ncore = 7, nvir = 37
natorb = False
canonicalization = True
sorting_mo_energy = False
max_memory 4000 MB (current use 551 MB)
******** <class 'pyscf.fci.direct_spin1.FCISolver'> ********
max. cycles = 200
conv_tol = 1e-08
davidson only = False
linear dependence = 1e-12
level shift = 0.001
max iter space = 12
max_memory 4000 MB
nroots = 1
pspace_size = 400
spin = None
Density matrix diagonal elements [1.93348810e+00 6.36782385e-02 2.61835296e-05 2.80748278e-03]
CASCI converged
CASCI E = -77.9986151725324  E(CI) = -1.21650976675456  S^2 = 0.0000000

******** <class 'pyscf.mcscf.casci.CASCI'> ********
CAS (1e+1e, 4o), ncore = 7, nvir = 37
natorb = False
canonicalization = True
sorting_mo_energy = False
max_memory 4000 MB (current use 551 MB)
******** <class 'pyscf.fci.direct_spin1.FCISolver'> ********
max. cycles = 200
conv_tol = 1e-08
davidson only = False
linear dependence = 1e-12
level shift = 0.001
max iter space = 12
max_memory 4000 MB
nroots = 1
pspace_size = 400
spin = None
Density matrix diagonal elements [1.93473013e+00 6.51354673e-02 2.76098556e-05 1.06795586e-04]
CASCI converged
CASCI E = -77.9965251299025  E(CI) = -1.21441972412468  S^2 = 0.0000000

******** <class 'pyscf.mcscf.casci.CASCI'> ********
CAS (1e+1e, 4o), ncore = 7, nvir = 37
natorb = False
canonicalization = True
sorting_mo_energy = False
max_memory 4000 MB (current use 551 MB)
******** <class 'pyscf.fci.direct_spin1.FCISolver'> ********
max. cycles = 200
conv_tol = 1e-08
davidson only = False
linear dependence = 1e-12
level shift = 0.001
max iter space = 12
max_memory 4000 MB
nroots = 1
pspace_size = 400
spin = None
Density matrix diagonal elements [1.91564520e+00 7.65481107e-02 2.50434056e-05 7.78164653e-03]
CASCI converged
CASCI E = -78.0051332795164  E(CI) = -1.22302787373854  S^2 = 0.0000000

******** <class 'pyscf.mcscf.casci.CASCI'> ********
CAS (1e+1e, 4o), ncore = 7, nvir = 37
natorb = False
canonicalization = True
sorting_mo_energy = False
max_memory 4000 MB (current use 551 MB)
******** <class 'pyscf.fci.direct_spin1.FCISolver'> ********
max. cycles = 200
conv_tol = 1e-08
davidson only = False
linear dependence = 1e-12
level shift = 0.001
max iter space = 12
max_memory 4000 MB
nroots = 1
pspace_size = 400
spin = None
Density matrix diagonal elements [1.93439469e+00 6.55435684e-02 2.72500941e-05 3.44879779e-05]
CASCI converged
CASCI E = -77.9964653898825  E(CI) = -1.21435998410466  S^2 = 0.0000000

******** <class 'pyscf.mcscf.casci.CASCI'> ********
CAS (1e+1e, 4o), ncore = 7, nvir = 37
natorb = False
canonicalization = True
sorting_mo_energy = False
max_memory 4000 MB (current use 551 MB)
******** <class 'pyscf.fci.direct_spin1.FCISolver'> ********
max. cycles = 200
conv_tol = 1e-08
davidson only = False
linear dependence = 1e-12
level shift = 0.001
max iter space = 12
max_memory 4000 MB
nroots = 1
pspace_size = 400
spin = None
Density matrix diagonal elements [1.93442107e+00 6.54884031e-02 2.70049825e-05 6.35194636e-05]
CASCI converged
CASCI E = -77.9964939097611  E(CI) = -1.21438850398324  S^2 = 0.0000000

******** <class 'pyscf.mcscf.casci.CASCI'> ********
CAS (1e+1e, 4o), ncore = 7, nvir = 37
natorb = False
canonicalization = True
sorting_mo_energy = False
max_memory 4000 MB (current use 551 MB)
******** <class 'pyscf.fci.direct_spin1.FCISolver'> ********
max. cycles = 200
conv_tol = 1e-08
davidson only = False
linear dependence = 1e-12
level shift = 0.001
max iter space = 12
max_memory 4000 MB
nroots = 1
pspace_size = 400
spin = None
Density matrix diagonal elements [1.93435326e+00 6.55840041e-02 4.07652858e-05 2.19739665e-05]
CASCI converged
CASCI E = -77.9964531616740  E(CI) = -1.21434775589611  S^2 = 0.0000000

******** <class 'pyscf.mcscf.casci.CASCI'> ********
CAS (1e+1e, 4o), ncore = 7, nvir = 37
natorb = False
canonicalization = True
sorting_mo_energy = False
max_memory 4000 MB (current use 551 MB)
******** <class 'pyscf.fci.direct_spin1.FCISolver'> ********
max. cycles = 200
conv_tol = 1e-08
davidson only = False
linear dependence = 1e-12
level shift = 0.001
max iter space = 12
max_memory 4000 MB
nroots = 1
pspace_size = 400
spin = None
Density matrix diagonal elements [1.93436680e+00 6.55969448e-02 2.69109857e-05 9.34153751e-06]
CASCI converged
CASCI E = -77.9964398010055  E(CI) = -1.21433439522761  S^2 = 0.0000000

******** <class 'pyscf.mcscf.casci.CASCI'> ********
CAS (1e+1e, 4o), ncore = 7, nvir = 37
natorb = False
canonicalization = True
sorting_mo_energy = False
max_memory 4000 MB (current use 551 MB)
******** <class 'pyscf.fci.direct_spin1.FCISolver'> ********
max. cycles = 200
conv_tol = 1e-08
davidson only = False
linear dependence = 1e-12
level shift = 0.001
max iter space = 12
max_memory 4000 MB
nroots = 1
pspace_size = 400
spin = None
Density matrix diagonal elements [1.93438516e+00 6.55305590e-02 2.72090593e-05 5.70720731e-05]
CASCI converged
CASCI E = -77.9964924152272  E(CI) = -1.21438700944933  S^2 = 0.0000000

******** <class 'pyscf.mcscf.casci.CASCI'> ********
CAS (1e+1e, 4o), ncore = 7, nvir = 37
natorb = False
canonicalization = True
sorting_mo_energy = False
max_memory 4000 MB (current use 551 MB)
******** <class 'pyscf.fci.direct_spin1.FCISolver'> ********
max. cycles = 200
conv_tol = 1e-08
davidson only = False
linear dependence = 1e-12
level shift = 0.001
max iter space = 12
max_memory 4000 MB
nroots = 1
pspace_size = 400
spin = None
Density matrix diagonal elements [1.93437160e+00 6.55967369e-02 2.77455596e-05 3.92016213e-06]
CASCI converged
CASCI E = -77.9964358190522  E(CI) = -1.21433041327430  S^2 = 0.0000000

******** <class 'pyscf.mcscf.casci.CASCI'> ********
CAS (1e+1e, 4o), ncore = 7, nvir = 37
natorb = False
canonicalization = True
sorting_mo_energy = False
max_memory 4000 MB (current use 551 MB)
******** <class 'pyscf.fci.direct_spin1.FCISolver'> ********
max. cycles = 200
conv_tol = 1e-08
davidson only = False
linear dependence = 1e-12
level shift = 0.001
max iter space = 12
max_memory 4000 MB
nroots = 1
pspace_size = 400
spin = None
Density matrix diagonal elements [1.93457197e+00 6.52576697e-02 2.70551597e-05 1.43307354e-04]
CASCI converged
CASCI E = -77.9966477020337  E(CI) = -1.21454229625586  S^2 = 0.0000000

******** <class 'pyscf.mcscf.casci.CASCI'> ********
CAS (1e+1e, 4o), ncore = 7, nvir = 37
natorb = False
canonicalization = True
sorting_mo_energy = False
max_memory 4000 MB (current use 551 MB)
******** <class 'pyscf.fci.direct_spin1.FCISolver'> ********
max. cycles = 200
conv_tol = 1e-08
davidson only = False
linear dependence = 1e-12
level shift = 0.001
max iter space = 12
max_memory 4000 MB
nroots = 1
pspace_size = 400
spin = None
Density matrix diagonal elements [1.93449720e+00 6.54467306e-02 2.75880424e-05 2.84781412e-05]
CASCI converged
CASCI E = -77.9964759739338  E(CI) = -1.21437056815593  S^2 = 0.0000000

******** <class 'pyscf.mcscf.casci.CASCI'> ********
CAS (1e+1e, 4o), ncore = 7, nvir = 37
natorb = False
canonicalization = True
sorting_mo_energy = False
max_memory 4000 MB (current use 551 MB)
******** <class 'pyscf.fci.direct_spin1.FCISolver'> ********
max. cycles = 200
conv_tol = 1e-08
davidson only = False
linear dependence = 1e-12
level shift = 0.001
max iter space = 12
max_memory 4000 MB
nroots = 1
pspace_size = 400
spin = None
Density matrix diagonal elements [1.93408390e+00 6.56042667e-02 2.71472874e-05 2.84685021e-04]
CASCI converged
CASCI E = -77.9968740808839  E(CI) = -1.21476867510599  S^2 = 0.0000000

******** <class 'pyscf.mcscf.casci.CASCI'> ********
CAS (1e+1e, 4o), ncore = 7, nvir = 37
natorb = False
canonicalization = True
sorting_mo_energy = False
max_memory 4000 MB (current use 551 MB)
******** <class 'pyscf.fci.direct_spin1.FCISolver'> ********
max. cycles = 200
conv_tol = 1e-08
davidson only = False
linear dependence = 1e-12
level shift = 0.001
max iter space = 12
max_memory 4000 MB
nroots = 1
pspace_size = 400
spin = None
Density matrix diagonal elements [1.93436060e+00 6.56113130e-02 2.78248307e-05 2.58256038e-07]
CASCI converged
CASCI E = -77.9964307459593  E(CI) = -1.21432534018149  S^2 = 0.0000000

******** <class 'pyscf.mcscf.casci.CASCI'> ********
CAS (1e+1e, 4o), ncore = 7, nvir = 37
natorb = False
canonicalization = True
sorting_mo_energy = False
max_memory 4000 MB (current use 551 MB)
******** <class 'pyscf.fci.direct_spin1.FCISolver'> ********
max. cycles = 200
conv_tol = 1e-08
davidson only = False
linear dependence = 1e-12
level shift = 0.001
max iter space = 12
max_memory 4000 MB
nroots = 1
pspace_size = 400
spin = None
Density matrix diagonal elements [1.93436020e+00 6.56115399e-02 2.77643168e-05 4.99893656e-07]
CASCI converged
CASCI E = -77.9964312648807  E(CI) = -1.21432585910281  S^2 = 0.0000000

******** <class 'pyscf.mcscf.casci.CASCI'> ********
CAS (1e+1e, 4o), ncore = 7, nvir = 37
natorb = False
canonicalization = True
sorting_mo_energy = False
max_memory 4000 MB (current use 551 MB)
******** <class 'pyscf.fci.direct_spin1.FCISolver'> ********
max. cycles = 200
conv_tol = 1e-08
davidson only = False
linear dependence = 1e-12
level shift = 0.001
max iter space = 12
max_memory 4000 MB
nroots = 1
pspace_size = 400
spin = None
Density matrix diagonal elements [1.93436545e+00 6.55945463e-02 2.73686742e-05 1.26384604e-05]
CASCI converged
CASCI E = -77.9964555283465  E(CI) = -1.21435012256867  S^2 = 0.0000000

******** <class 'pyscf.mcscf.casci.CASCI'> ********
CAS (1e+1e, 4o), ncore = 7, nvir = 37
natorb = False
canonicalization = True
sorting_mo_energy = False
max_memory 4000 MB (current use 551 MB)
******** <class 'pyscf.fci.direct_spin1.FCISolver'> ********
max. cycles = 200
conv_tol = 1e-08
davidson only = False
linear dependence = 1e-12
level shift = 0.001
max iter space = 12
max_memory 4000 MB
nroots = 1
pspace_size = 400
spin = None
Density matrix diagonal elements [1.93398064e+00 6.59035642e-02 2.78836458e-05 8.79151141e-05]
CASCI converged
CASCI E = -77.9966344455920  E(CI) = -1.21452903981420  S^2 = 0.0000000

******** <class 'pyscf.mcscf.casci.CASCI'> ********
CAS (1e+1e, 4o), ncore = 7, nvir = 37
natorb = False
canonicalization = True
sorting_mo_energy = False
max_memory 4000 MB (current use 551 MB)
******** <class 'pyscf.fci.direct_spin1.FCISolver'> ********
max. cycles = 200
conv_tol = 1e-08
davidson only = False
linear dependence = 1e-12
level shift = 0.001
max iter space = 12
max_memory 4000 MB
nroots = 1
pspace_size = 400
spin = None
Density matrix diagonal elements [1.93438384e+00 6.55785299e-02 2.75692592e-05 1.00566982e-05]
CASCI converged
CASCI E = -77.9964517012648  E(CI) = -1.21434629548692  S^2 = 0.0000000

******** <class 'pyscf.mcscf.casci.CASCI'> ********
CAS (1e+1e, 4o), ncore = 7, nvir = 37
natorb = False
canonicalization = True
sorting_mo_energy = False
max_memory 4000 MB (current use 551 MB)
******** <class 'pyscf.fci.direct_spin1.FCISolver'> ********
max. cycles = 200
conv_tol = 1e-08
davidson only = False
linear dependence = 1e-12
level shift = 0.001
max iter space = 12
max_memory 4000 MB
nroots = 1
pspace_size = 400
spin = None
Density matrix diagonal elements [1.93435695e+00 6.56089680e-02 3.03135079e-05 3.77025439e-06]
CASCI converged
CASCI E = -77.9964388539471  E(CI) = -1.21433344816924  S^2 = 0.0000000

******** <class 'pyscf.mcscf.casci.CASCI'> ********
CAS (1e+1e, 4o), ncore = 7, nvir = 37
natorb = False
canonicalization = True
sorting_mo_energy = False
max_memory 4000 MB (current use 551 MB)
******** <class 'pyscf.fci.direct_spin1.FCISolver'> ********
max. cycles = 200
conv_tol = 1e-08
davidson only = False
linear dependence = 1e-12
level shift = 0.001
max iter space = 12
max_memory 4000 MB
nroots = 1
pspace_size = 400
spin = None
Density matrix diagonal elements [1.93461904e+00 6.52218580e-02 2.71222072e-05 1.31978436e-04]
CASCI converged
CASCI E = -77.9967108481625  E(CI) = -1.21460544238465  S^2 = 0.0000000

******** <class 'pyscf.mcscf.casci.CASCI'> ********
CAS (1e+1e, 4o), ncore = 7, nvir = 37
natorb = False
canonicalization = True
sorting_mo_energy = False
max_memory 4000 MB (current use 551 MB)
******** <class 'pyscf.fci.direct_spin1.FCISolver'> ********
max. cycles = 200
conv_tol = 1e-08
davidson only = False
linear dependence = 1e-12
level shift = 0.001
max iter space = 12
max_memory 4000 MB
nroots = 1
pspace_size = 400
spin = None
Density matrix diagonal elements [1.93426698e+00 6.56638484e-02 2.74794160e-05 4.16905783e-05]
CASCI converged
CASCI E = -77.9965252407678  E(CI) = -1.21441983498995  S^2 = 0.0000000

******** <class 'pyscf.mcscf.casci.CASCI'> ********
CAS (1e+1e, 4o), ncore = 7, nvir = 37
natorb = False
canonicalization = True
sorting_mo_energy = False
max_memory 4000 MB (current use 551 MB)
******** <class 'pyscf.fci.direct_spin1.FCISolver'> ********
max. cycles = 200
conv_tol = 1e-08
davidson only = False
linear dependence = 1e-12
level shift = 0.001
max iter space = 12
max_memory 4000 MB
nroots = 1
pspace_size = 400
spin = None
Density matrix diagonal elements [1.93443294e+00 6.54832133e-02 2.66458314e-05 5.72048554e-05]
CASCI converged
CASCI E = -77.9965682302952  E(CI) = -1.21446282451733  S^2 = 0.0000000

******** <class 'pyscf.mcscf.casci.CASCI'> ********
CAS (1e+1e, 4o), ncore = 7, nvir = 37
natorb = False
canonicalization = True
sorting_mo_energy = False
max_memory 4000 MB (current use 551 MB)
******** <class 'pyscf.fci.direct_spin1.FCISolver'> ********
max. cycles = 200
conv_tol = 1e-08
davidson only = False
linear dependence = 1e-12
level shift = 0.001
max iter space = 12
max_memory 4000 MB
nroots = 1
pspace_size = 400
spin = None
Density matrix diagonal elements [1.93440642e+00 6.55545416e-02 2.76619824e-05 1.13800985e-05]
CASCI converged
CASCI E = -77.9964591842488  E(CI) = -1.21435377847092  S^2 = 0.0000000

******** <class 'pyscf.mcscf.casci.CASCI'> ********
CAS (1e+1e, 4o), ncore = 7, nvir = 37
natorb = False
canonicalization = True
sorting_mo_energy = False
max_memory 4000 MB (current use 551 MB)
******** <class 'pyscf.fci.direct_spin1.FCISolver'> ********
max. cycles = 200
conv_tol = 1e-08
davidson only = False
linear dependence = 1e-12
level shift = 0.001
max iter space = 12
max_memory 4000 MB
nroots = 1
pspace_size = 400
spin = None
Density matrix diagonal elements [1.93436065e+00 6.56108987e-02 2.77266658e-05 7.21366279e-07]
CASCI converged
CASCI E = -77.9964321474185  E(CI) = -1.21432674164066  S^2 = 0.0000000

******** <class 'pyscf.mcscf.casci.CASCI'> ********
CAS (1e+1e, 4o), ncore = 7, nvir = 37
natorb = False
canonicalization = True
sorting_mo_energy = False
max_memory 4000 MB (current use 551 MB)
******** <class 'pyscf.fci.direct_spin1.FCISolver'> ********
max. cycles = 200
conv_tol = 1e-08
davidson only = False
linear dependence = 1e-12
level shift = 0.001
max iter space = 12
max_memory 4000 MB
nroots = 1
pspace_size = 400
spin = None
Density matrix diagonal elements [1.93436411e+00 6.56063288e-02 2.77524039e-05 1.80435368e-06]
CASCI converged
CASCI E = -77.9964352105597  E(CI) = -1.21432980478180  S^2 = 0.0000000

******** <class 'pyscf.mcscf.casci.CASCI'> ********
CAS (1e+1e, 4o), ncore = 7, nvir = 37
natorb = False
canonicalization = True
sorting_mo_energy = False
max_memory 4000 MB (current use 551 MB)
******** <class 'pyscf.fci.direct_spin1.FCISolver'> ********
max. cycles = 200
conv_tol = 1e-08
davidson only = False
linear dependence = 1e-12
level shift = 0.001
max iter space = 12
max_memory 4000 MB
nroots = 1
pspace_size = 400
spin = None
Density matrix diagonal elements [1.93445021e+00 6.54965007e-02 2.72921228e-05 2.59989504e-05]
CASCI converged
CASCI E = -77.9965010750998  E(CI) = -1.21439566932196  S^2 = 0.0000000

******** <class 'pyscf.mcscf.casci.CASCI'> ********
CAS (1e+1e, 4o), ncore = 7, nvir = 37
natorb = False
canonicalization = True
sorting_mo_energy = False
max_memory 4000 MB (current use 551 MB)
******** <class 'pyscf.fci.direct_spin1.FCISolver'> ********
max. cycles = 200
conv_tol = 1e-08
davidson only = False
linear dependence = 1e-12
level shift = 0.001
max iter space = 12
max_memory 4000 MB
nroots = 1
pspace_size = 400
spin = None
Density matrix diagonal elements [1.93428159e+00 6.56423024e-02 2.75397595e-05 4.85670558e-05]
CASCI converged
CASCI E = -77.9965684060546  E(CI) = -1.21446300027675  S^2 = 0.0000000

******** <class 'pyscf.mcscf.casci.CASCI'> ********
CAS (1e+1e, 4o), ncore = 7, nvir = 37
natorb = False
canonicalization = True
sorting_mo_energy = False
max_memory 4000 MB (current use 551 MB)
******** <class 'pyscf.fci.direct_spin1.FCISolver'> ********
max. cycles = 200
conv_tol = 1e-08
davidson only = False
linear dependence = 1e-12
level shift = 0.001
max iter space = 12
max_memory 4000 MB
nroots = 1
pspace_size = 400
spin = None
Density matrix diagonal elements [1.93436185e+00 6.56088914e-02 2.76759637e-05 1.58521912e-06]
CASCI converged
CASCI E = -77.9964351753243  E(CI) = -1.21432976954648  S^2 = 0.0000000

******** <class 'pyscf.mcscf.casci.CASCI'> ********
CAS (1e+1e, 4o), ncore = 7, nvir = 37
natorb = False
canonicalization = True
sorting_mo_energy = False
max_memory 4000 MB (current use 551 MB)
******** <class 'pyscf.fci.direct_spin1.FCISolver'> ********
max. cycles = 200
conv_tol = 1e-08
davidson only = False
linear dependence = 1e-12
level shift = 0.001
max iter space = 12
max_memory 4000 MB
nroots = 1
pspace_size = 400
spin = None
Density matrix diagonal elements [1.93436202e+00 6.56092576e-02 2.79444315e-05 7.79007998e-07]
CASCI converged
CASCI E = -77.9964327706638  E(CI) = -1.21432736488597  S^2 = 0.0000000

******** <class 'pyscf.mcscf.casci.CASCI'> ********
CAS (1e+1e, 4o), ncore = 7, nvir = 37
natorb = False
canonicalization = True
sorting_mo_energy = False
max_memory 4000 MB (current use 551 MB)
******** <class 'pyscf.fci.direct_spin1.FCISolver'> ********
max. cycles = 200
conv_tol = 1e-08
davidson only = False
linear dependence = 1e-12
level shift = 0.001
max iter space = 12
max_memory 4000 MB
nroots = 1
pspace_size = 400
spin = None
Density matrix diagonal elements [1.93437552e+00 6.55934017e-02 2.77784458e-05 3.29980740e-06]
CASCI converged
CASCI E = -77.9964407412896  E(CI) = -1.21433533551176  S^2 = 0.0000000

******** <class 'pyscf.mcscf.casci.CASCI'> ********
CAS (1e+1e, 4o), ncore = 7, nvir = 37
natorb = False
canonicalization = True
sorting_mo_energy = False
max_memory 4000 MB (current use 551 MB)
******** <class 'pyscf.fci.direct_spin1.FCISolver'> ********
max. cycles = 200
conv_tol = 1e-08
davidson only = False
linear dependence = 1e-12
level shift = 0.001
max iter space = 12
max_memory 4000 MB
nroots = 1
pspace_size = 400
spin = None
Density matrix diagonal elements [1.93436383e+00 6.56070695e-02 2.77278993e-05 1.36836214e-06]
CASCI converged
CASCI E = -77.9964349757851  E(CI) = -1.21432957000731  S^2 = 0.0000000

******** <class 'pyscf.mcscf.casci.CASCI'> ********
CAS (1e+1e, 4o), ncore = 7, nvir = 37
natorb = False
canonicalization = True
sorting_mo_energy = False
max_memory 4000 MB (current use 551 MB)
******** <class 'pyscf.fci.direct_spin1.FCISolver'> ********
max. cycles = 200
conv_tol = 1e-08
davidson only = False
linear dependence = 1e-12
level shift = 0.001
max iter space = 12
max_memory 4000 MB
nroots = 1
pspace_size = 400
spin = None
Density matrix diagonal elements [1.93436160e+00 6.56100446e-02 2.77730306e-05 5.82920185e-07]
CASCI converged
CASCI E = -77.9964323918188  E(CI) = -1.21432698604094  S^2 = 0.0000000

******** <class 'pyscf.mcscf.casci.CASCI'> ********
CAS (1e+1e, 4o), ncore = 7, nvir = 37
natorb = False
canonicalization = True
sorting_mo_energy = False
max_memory 4000 MB (current use 551 MB)
******** <class 'pyscf.fci.direct_spin1.FCISolver'> ********
max. cycles = 200
conv_tol = 1e-08
davidson only = False
linear dependence = 1e-12
level shift = 0.001
max iter space = 12
max_memory 4000 MB
nroots = 1
pspace_size = 400
spin = None
Density matrix diagonal elements [1.93438180e+00 6.55740065e-02 4.14857277e-05 2.70779691e-06]
CASCI converged
CASCI E = -77.9964404511219  E(CI) = -1.21433504534406  S^2 = 0.0000000

******** <class 'pyscf.mcscf.casci.CASCI'> ********
CAS (1e+1e, 4o), ncore = 7, nvir = 37
natorb = False
canonicalization = True
sorting_mo_energy = False
max_memory 4000 MB (current use 551 MB)
******** <class 'pyscf.fci.direct_spin1.FCISolver'> ********
max. cycles = 200
conv_tol = 1e-08
davidson only = False
linear dependence = 1e-12
level shift = 0.001
max iter space = 12
max_memory 4000 MB
nroots = 1
pspace_size = 400
spin = None
Density matrix diagonal elements [1.93441343e+00 6.54525488e-02 6.62695127e-05 6.77550994e-05]
CASCI converged
CASCI E = -77.9964925870873  E(CI) = -1.21438718130943  S^2 = 0.0000000

******** <class 'pyscf.mcscf.casci.CASCI'> ********
CAS (1e+1e, 4o), ncore = 7, nvir = 37
natorb = False
canonicalization = True
sorting_mo_energy = False
max_memory 4000 MB (current use 551 MB)
******** <class 'pyscf.fci.direct_spin1.FCISolver'> ********
max. cycles = 200
conv_tol = 1e-08
davidson only = False
linear dependence = 1e-12
level shift = 0.001
max iter space = 12
max_memory 4000 MB
nroots = 1
pspace_size = 400
spin = None
Density matrix diagonal elements [1.93408898e+00 6.53886674e-02 3.96552991e-05 4.82695830e-04]
CASCI converged
CASCI E = -77.9967536586881  E(CI) = -1.21464825291029  S^2 = 0.0000000

******** <class 'pyscf.mcscf.casci.CASCI'> ********
CAS (1e+1e, 4o), ncore = 7, nvir = 37
natorb = False
canonicalization = True
sorting_mo_energy = False
max_memory 4000 MB (current use 551 MB)
******** <class 'pyscf.fci.direct_spin1.FCISolver'> ********
max. cycles = 200
conv_tol = 1e-08
davidson only = False
linear dependence = 1e-12
level shift = 0.001
max iter space = 12
max_memory 4000 MB
nroots = 1
pspace_size = 400
spin = None
Density matrix diagonal elements [1.93447616e+00 6.51367201e-02 4.12909639e-05 3.45825989e-04]
CASCI converged
CASCI E = -77.9967062658385  E(CI) = -1.21460086006068  S^2 = 0.0000000

******** <class 'pyscf.mcscf.casci.CASCI'> ********
CAS (1e+1e, 4o), ncore = 7, nvir = 37
natorb = False
canonicalization = True
sorting_mo_energy = False
max_memory 4000 MB (current use 551 MB)
******** <class 'pyscf.fci.direct_spin1.FCISolver'> ********
max. cycles = 200
conv_tol = 1e-08
davidson only = False
linear dependence = 1e-12
level shift = 0.001
max iter space = 12
max_memory 4000 MB
nroots = 1
pspace_size = 400
spin = None
Density matrix diagonal elements [1.93435618e+00 6.55521394e-02 4.25028379e-05 4.91778859e-05]
CASCI converged
CASCI E = -77.9964757137238  E(CI) = -1.21437030794590  S^2 = 0.0000000

******** <class 'pyscf.mcscf.casci.CASCI'> ********
CAS (1e+1e, 4o), ncore = 7, nvir = 37
natorb = False
canonicalization = True
sorting_mo_energy = False
max_memory 4000 MB (current use 551 MB)
******** <class 'pyscf.fci.direct_spin1.FCISolver'> ********
max. cycles = 200
conv_tol = 1e-08
davidson only = False
linear dependence = 1e-12
level shift = 0.001
max iter space = 12
max_memory 4000 MB
nroots = 1
pspace_size = 400
spin = None
Density matrix diagonal elements [1.93350801e+00 6.36445326e-02 4.04968297e-05 2.80695979e-03]
CASCI converged
CASCI E = -77.9986235057631  E(CI) = -1.21651809998525  S^2 = 0.0000000

******** <class 'pyscf.mcscf.casci.CASCI'> ********
CAS (1e+1e, 4o), ncore = 7, nvir = 37
natorb = False
canonicalization = True
sorting_mo_energy = False
max_memory 4000 MB (current use 551 MB)
******** <class 'pyscf.fci.direct_spin1.FCISolver'> ********
max. cycles = 200
conv_tol = 1e-08
davidson only = False
linear dependence = 1e-12
level shift = 0.001
max iter space = 12
max_memory 4000 MB
nroots = 1
pspace_size = 400
spin = None
Density matrix diagonal elements [1.93479230e+00 6.49723996e-02 8.60153372e-05 1.49282388e-04]
CASCI converged
CASCI E = -77.9965886428429  E(CI) = -1.21448323706502  S^2 = 0.0000000

******** <class 'pyscf.mcscf.casci.CASCI'> ********
CAS (1e+1e, 4o), ncore = 7, nvir = 37
natorb = False
canonicalization = True
sorting_mo_energy = False
max_memory 4000 MB (current use 551 MB)
******** <class 'pyscf.fci.direct_spin1.FCISolver'> ********
max. cycles = 200
conv_tol = 1e-08
davidson only = False
linear dependence = 1e-12
level shift = 0.001
max iter space = 12
max_memory 4000 MB
nroots = 1
pspace_size = 400
spin = None
Density matrix diagonal elements [1.91567839e+00 7.65161793e-02 2.84781295e-05 7.77695028e-03]
CASCI converged
CASCI E = -78.0051361672044  E(CI) = -1.22303076142654  S^2 = 0.0000000

******** <class 'pyscf.mcscf.casci.CASCI'> ********
CAS (1e+1e, 4o), ncore = 7, nvir = 37
natorb = False
canonicalization = True
sorting_mo_energy = False
max_memory 4000 MB (current use 551 MB)
******** <class 'pyscf.fci.direct_spin1.FCISolver'> ********
max. cycles = 200
conv_tol = 1e-08
davidson only = False
linear dependence = 1e-12
level shift = 0.001
max iter space = 12
max_memory 4000 MB
nroots = 1
pspace_size = 400
spin = None
Density matrix diagonal elements [1.93441609e+00 6.55086807e-02 4.12249976e-05 3.40083618e-05]
CASCI converged
CASCI E = -77.9964735868159  E(CI) = -1.21436818103803  S^2 = 0.0000000

******** <class 'pyscf.mcscf.casci.CASCI'> ********
CAS (1e+1e, 4o), ncore = 7, nvir = 37
natorb = False
canonicalization = True
sorting_mo_energy = False
max_memory 4000 MB (current use 551 MB)
******** <class 'pyscf.fci.direct_spin1.FCISolver'> ********
max. cycles = 200
conv_tol = 1e-08
davidson only = False
linear dependence = 1e-12
level shift = 0.001
max iter space = 12
max_memory 4000 MB
nroots = 1
pspace_size = 400
spin = None
Density matrix diagonal elements [1.93445274e+00 6.53223118e-02 1.07861763e-04 1.17088574e-04]
CASCI converged
CASCI E = -77.9965697278483  E(CI) = -1.21446432207044  S^2 = 0.0000000

******** <class 'pyscf.mcscf.casci.CASCI'> ********
CAS (1e+1e, 4o), ncore = 7, nvir = 37
natorb = False
canonicalization = True
sorting_mo_energy = False
max_memory 4000 MB (current use 551 MB)
******** <class 'pyscf.fci.direct_spin1.FCISolver'> ********
max. cycles = 200
conv_tol = 1e-08
davidson only = False
linear dependence = 1e-12
level shift = 0.001
max iter space = 12
max_memory 4000 MB
nroots = 1
pspace_size = 400
spin = None
Density matrix diagonal elements [1.93438179e+00 6.55617434e-02 4.23642672e-05 1.41038926e-05]
CASCI converged
CASCI E = -77.9964527830908  E(CI) = -1.21434737731296  S^2 = 0.0000000

******** <class 'pyscf.mcscf.casci.CASCI'> ********
CAS (1e+1e, 4o), ncore = 7, nvir = 37
natorb = False
canonicalization = True
sorting_mo_energy = False
max_memory 4000 MB (current use 551 MB)
******** <class 'pyscf.fci.direct_spin1.FCISolver'> ********
max. cycles = 200
conv_tol = 1e-08
davidson only = False
linear dependence = 1e-12
level shift = 0.001
max iter space = 12
max_memory 4000 MB
nroots = 1
pspace_size = 400
spin = None
Density matrix diagonal elements [1.93438759e+00 6.55605614e-02 4.23088940e-05 9.53506397e-06]
CASCI converged
CASCI E = -77.9964486939093  E(CI) = -1.21434328813145  S^2 = 0.0000000

******** <class 'pyscf.mcscf.casci.CASCI'> ********
CAS (1e+1e, 4o), ncore = 7, nvir = 37
natorb = False
canonicalization = True
sorting_mo_energy = False
max_memory 4000 MB (current use 551 MB)
******** <class 'pyscf.fci.direct_spin1.FCISolver'> ********
max. cycles = 200
conv_tol = 1e-08
davidson only = False
linear dependence = 1e-12
level shift = 0.001
max iter space = 12
max_memory 4000 MB
nroots = 1
pspace_size = 400
spin = None
Density matrix diagonal elements [1.93439895e+00 6.54748662e-02 5.57910113e-05 7.03950335e-05]
CASCI converged
CASCI E = -77.9965203424979  E(CI) = -1.21441493672000  S^2 = 0.0000000

******** <class 'pyscf.mcscf.casci.CASCI'> ********
CAS (1e+1e, 4o), ncore = 7, nvir = 37
natorb = False
canonicalization = True
sorting_mo_energy = False
max_memory 4000 MB (current use 551 MB)
******** <class 'pyscf.fci.direct_spin1.FCISolver'> ********
max. cycles = 200
conv_tol = 1e-08
davidson only = False
linear dependence = 1e-12
level shift = 0.001
max iter space = 12
max_memory 4000 MB
nroots = 1
pspace_size = 400
spin = None
Density matrix diagonal elements [1.93439284e+00 6.55605718e-02 4.26637541e-05 3.91984638e-06]
CASCI converged
CASCI E = -77.9964445099844  E(CI) = -1.21433910420653  S^2 = 0.0000000

******** <class 'pyscf.mcscf.casci.CASCI'> ********
CAS (1e+1e, 4o), ncore = 7, nvir = 37
natorb = False
canonicalization = True
sorting_mo_energy = False
max_memory 4000 MB (current use 551 MB)
******** <class 'pyscf.fci.direct_spin1.FCISolver'> ********
max. cycles = 200
conv_tol = 1e-08
davidson only = False
linear dependence = 1e-12
level shift = 0.001
max iter space = 12
max_memory 4000 MB
nroots = 1
pspace_size = 400
spin = None
Density matrix diagonal elements [1.93459279e+00 6.52215344e-02 4.22856231e-05 1.43387178e-04]
CASCI converged
CASCI E = -77.9966565170940  E(CI) = -1.21455111131614  S^2 = 0.0000000

******** <class 'pyscf.mcscf.casci.CASCI'> ********
CAS (1e+1e, 4o), ncore = 7, nvir = 37
natorb = False
canonicalization = True
sorting_mo_energy = False
max_memory 4000 MB (current use 551 MB)
******** <class 'pyscf.fci.direct_spin1.FCISolver'> ********
max. cycles = 200
conv_tol = 1e-08
davidson only = False
linear dependence = 1e-12
level shift = 0.001
max iter space = 12
max_memory 4000 MB
nroots = 1
pspace_size = 400
spin = None
Density matrix diagonal elements [1.93451836e+00 6.54106150e-02 4.25445594e-05 2.84851437e-05]
CASCI converged
CASCI E = -77.9964846768004  E(CI) = -1.21437927102261  S^2 = 0.0000000

******** <class 'pyscf.mcscf.casci.CASCI'> ********
CAS (1e+1e, 4o), ncore = 7, nvir = 37
natorb = False
canonicalization = True
sorting_mo_energy = False
max_memory 4000 MB (current use 551 MB)
******** <class 'pyscf.fci.direct_spin1.FCISolver'> ********
max. cycles = 200
conv_tol = 1e-08
davidson only = False
linear dependence = 1e-12
level shift = 0.001
max iter space = 12
max_memory 4000 MB
nroots = 1
pspace_size = 400
spin = None
Density matrix diagonal elements [1.93410351e+00 6.55691367e-02 4.25329321e-05 2.84815419e-04]
CASCI converged
CASCI E = -77.9968829787042  E(CI) = -1.21477757292634  S^2 = 0.0000000

******** <class 'pyscf.mcscf.casci.CASCI'> ********
CAS (1e+1e, 4o), ncore = 7, nvir = 37
natorb = False
canonicalization = True
sorting_mo_energy = False
max_memory 4000 MB (current use 552 MB)
******** <class 'pyscf.fci.direct_spin1.FCISolver'> ********
max. cycles = 200
conv_tol = 1e-08
davidson only = False
linear dependence = 1e-12
level shift = 0.001
max iter space = 12
max_memory 4000 MB
nroots = 1
pspace_size = 400
spin = None
Density matrix diagonal elements [1.93438188e+00 6.55751350e-02 4.27291026e-05 2.56434710e-07]
CASCI converged
CASCI E = -77.9964394336221  E(CI) = -1.21433402784426  S^2 = 0.0000000

******** <class 'pyscf.mcscf.casci.CASCI'> ********
CAS (1e+1e, 4o), ncore = 7, nvir = 37
natorb = False
canonicalization = True
sorting_mo_energy = False
max_memory 4000 MB (current use 552 MB)
******** <class 'pyscf.fci.direct_spin1.FCISolver'> ********
max. cycles = 200
conv_tol = 1e-08
davidson only = False
linear dependence = 1e-12
level shift = 0.001
max iter space = 12
max_memory 4000 MB
nroots = 1
pspace_size = 400
spin = None
Density matrix diagonal elements [1.93438150e+00 6.55753096e-02 4.27075325e-05 4.78649229e-07]
CASCI converged
CASCI E = -77.9964399001348  E(CI) = -1.21433449435695  S^2 = 0.0000000

******** <class 'pyscf.mcscf.casci.CASCI'> ********
CAS (1e+1e, 4o), ncore = 7, nvir = 37
natorb = False
canonicalization = True
sorting_mo_energy = False
max_memory 4000 MB (current use 552 MB)
******** <class 'pyscf.fci.direct_spin1.FCISolver'> ********
max. cycles = 200
conv_tol = 1e-08
davidson only = False
linear dependence = 1e-12
level shift = 0.001
max iter space = 12
max_memory 4000 MB
nroots = 1
pspace_size = 400
spin = None
Density matrix diagonal elements [1.93438647e+00 6.55583098e-02 4.25286243e-05 1.26890936e-05]
CASCI converged
CASCI E = -77.9964643219183  E(CI) = -1.21435891614044  S^2 = 0.0000000

******** <class 'pyscf.mcscf.casci.CASCI'> ********
CAS (1e+1e, 4o), ncore = 7, nvir = 37
natorb = False
canonicalization = True
sorting_mo_energy = False
max_memory 4000 MB (current use 552 MB)
******** <class 'pyscf.fci.direct_spin1.FCISolver'> ********
max. cycles = 200
conv_tol = 1e-08
davidson only = False
linear dependence = 1e-12
level shift = 0.001
max iter space = 12
max_memory 4000 MB
nroots = 1
pspace_size = 400
spin = None
Density matrix diagonal elements [1.93400230e+00 6.58673706e-02 4.24809288e-05 8.78496664e-05]
CASCI converged
CASCI E = -77.9966429853912  E(CI) = -1.21453757961335  S^2 = 0.0000000

******** <class 'pyscf.mcscf.casci.CASCI'> ********
CAS (1e+1e, 4o), ncore = 7, nvir = 37
natorb = False
canonicalization = True
sorting_mo_energy = False
max_memory 4000 MB (current use 552 MB)
******** <class 'pyscf.fci.direct_spin1.FCISolver'> ********
max. cycles = 200
conv_tol = 1e-08
davidson only = False
linear dependence = 1e-12
level shift = 0.001
max iter space = 12
max_memory 4000 MB
nroots = 1
pspace_size = 400
spin = None
Density matrix diagonal elements [1.93442907e+00 6.54988190e-02 5.28497858e-05 1.92661274e-05]
CASCI converged
CASCI E = -77.9964837859656  E(CI) = -1.21437838018771  S^2 = 0.0000000

******** <class 'pyscf.mcscf.casci.CASCI'> ********
CAS (1e+1e, 4o), ncore = 7, nvir = 37
natorb = False
canonicalization = True
sorting_mo_energy = False
max_memory 4000 MB (current use 552 MB)
******** <class 'pyscf.fci.direct_spin1.FCISolver'> ********
max. cycles = 200
conv_tol = 1e-08
davidson only = False
linear dependence = 1e-12
level shift = 0.001
max iter space = 12
max_memory 4000 MB
nroots = 1
pspace_size = 400
spin = None
Density matrix diagonal elements [1.93438232e+00 6.55729697e-02 4.26136661e-05 2.10039925e-06]
CASCI converged
CASCI E = -77.9964434102791  E(CI) = -1.21433800450124  S^2 = 0.0000000

******** <class 'pyscf.mcscf.casci.CASCI'> ********
CAS (1e+1e, 4o), ncore = 7, nvir = 37
natorb = False
canonicalization = True
sorting_mo_energy = False
max_memory 4000 MB (current use 552 MB)
******** <class 'pyscf.fci.direct_spin1.FCISolver'> ********
max. cycles = 200
conv_tol = 1e-08
davidson only = False
linear dependence = 1e-12
level shift = 0.001
max iter space = 12
max_memory 4000 MB
nroots = 1
pspace_size = 400
spin = None
Density matrix diagonal elements [1.93464002e+00 6.51862832e-02 4.17871269e-05 1.31906407e-04]
CASCI converged
CASCI E = -77.9967193863227  E(CI) = -1.21461398054481  S^2 = 0.0000000

******** <class 'pyscf.mcscf.casci.CASCI'> ********
CAS (1e+1e, 4o), ncore = 7, nvir = 37
natorb = False
canonicalization = True
sorting_mo_energy = False
max_memory 4000 MB (current use 552 MB)
******** <class 'pyscf.fci.direct_spin1.FCISolver'> ********
max. cycles = 200
conv_tol = 1e-08
davidson only = False
linear dependence = 1e-12
level shift = 0.001
max iter space = 12
max_memory 4000 MB
nroots = 1
pspace_size = 400
spin = None
Density matrix diagonal elements [1.93428738e+00 6.56283526e-02 4.25479634e-05 4.17177180e-05]
CASCI converged
CASCI E = -77.9965339942055  E(CI) = -1.21442858842762  S^2 = 0.0000000

******** <class 'pyscf.mcscf.casci.CASCI'> ********
CAS (1e+1e, 4o), ncore = 7, nvir = 37
natorb = False
canonicalization = True
sorting_mo_energy = False
max_memory 4000 MB (current use 552 MB)
******** <class 'pyscf.fci.direct_spin1.FCISolver'> ********
max. cycles = 200
conv_tol = 1e-08
davidson only = False
linear dependence = 1e-12
level shift = 0.001
max iter space = 12
max_memory 4000 MB
nroots = 1
pspace_size = 400
spin = None
Density matrix diagonal elements [1.93445355e+00 6.54468421e-02 4.22772399e-05 5.73281419e-05]
CASCI converged
CASCI E = -77.9965772246357  E(CI) = -1.21447181885789  S^2 = 0.0000000

******** <class 'pyscf.mcscf.casci.CASCI'> ********
CAS (1e+1e, 4o), ncore = 7, nvir = 37
natorb = False
canonicalization = True
sorting_mo_energy = False
max_memory 4000 MB (current use 552 MB)
******** <class 'pyscf.fci.direct_spin1.FCISolver'> ********
max. cycles = 200
conv_tol = 1e-08
davidson only = False
linear dependence = 1e-12
level shift = 0.001
max iter space = 12
max_memory 4000 MB
nroots = 1
pspace_size = 400
spin = None
Density matrix diagonal elements [1.93446829e+00 6.54564805e-02 5.39093227e-05 2.13172489e-05]
CASCI converged
CASCI E = -77.9964971898473  E(CI) = -1.21439178406943  S^2 = 0.0000000

******** <class 'pyscf.mcscf.casci.CASCI'> ********
CAS (1e+1e, 4o), ncore = 7, nvir = 37
natorb = False
canonicalization = True
sorting_mo_energy = False
max_memory 4000 MB (current use 552 MB)
******** <class 'pyscf.fci.direct_spin1.FCISolver'> ********
max. cycles = 200
conv_tol = 1e-08
davidson only = False
linear dependence = 1e-12
level shift = 0.001
max iter space = 12
max_memory 4000 MB
nroots = 1
pspace_size = 400
spin = None
Density matrix diagonal elements [1.93438189e+00 6.55747099e-02 4.26704534e-05 7.25662528e-07]
CASCI converged
CASCI E = -77.9964408502690  E(CI) = -1.21433544449113  S^2 = 0.0000000

******** <class 'pyscf.mcscf.casci.CASCI'> ********
CAS (1e+1e, 4o), ncore = 7, nvir = 37
natorb = False
canonicalization = True
sorting_mo_energy = False
max_memory 4000 MB (current use 552 MB)
******** <class 'pyscf.fci.direct_spin1.FCISolver'> ********
max. cycles = 200
conv_tol = 1e-08
davidson only = False
linear dependence = 1e-12
level shift = 0.001
max iter space = 12
max_memory 4000 MB
nroots = 1
pspace_size = 400
spin = None
Density matrix diagonal elements [1.93438537e+00 6.55701888e-02 4.26402466e-05 1.79884666e-06]
CASCI converged
CASCI E = -77.9964438866913  E(CI) = -1.21433848091350  S^2 = 0.0000000

******** <class 'pyscf.mcscf.casci.CASCI'> ********
CAS (1e+1e, 4o), ncore = 7, nvir = 37
natorb = False
canonicalization = True
sorting_mo_energy = False
max_memory 4000 MB (current use 552 MB)
******** <class 'pyscf.fci.direct_spin1.FCISolver'> ********
max. cycles = 200
conv_tol = 1e-08
davidson only = False
linear dependence = 1e-12
level shift = 0.001
max iter space = 12
max_memory 4000 MB
nroots = 1
pspace_size = 400
spin = None
Density matrix diagonal elements [1.93447125e+00 6.54603531e-02 4.23795957e-05 2.60216551e-05]
CASCI converged
CASCI E = -77.9965098292837  E(CI) = -1.21440442350581  S^2 = 0.0000000

******** <class 'pyscf.mcscf.casci.CASCI'> ********
CAS (1e+1e, 4o), ncore = 7, nvir = 37
natorb = False
canonicalization = True
sorting_mo_energy = False
max_memory 4000 MB (current use 552 MB)
******** <class 'pyscf.fci.direct_spin1.FCISolver'> ********
max. cycles = 200
conv_tol = 1e-08
davidson only = False
linear dependence = 1e-12
level shift = 0.001
max iter space = 12
max_memory 4000 MB
nroots = 1
pspace_size = 400
spin = None
Density matrix diagonal elements [1.93430221e+00 6.56067515e-02 4.24778072e-05 4.85624321e-05]
CASCI converged
CASCI E = -77.9965770980585  E(CI) = -1.21447169228064  S^2 = 0.0000000

******** <class 'pyscf.mcscf.casci.CASCI'> ********
CAS (1e+1e, 4o), ncore = 7, nvir = 37
natorb = False
canonicalization = True
sorting_mo_energy = False
max_memory 4000 MB (current use 552 MB)
******** <class 'pyscf.fci.direct_spin1.FCISolver'> ********
max. cycles = 200
conv_tol = 1e-08
davidson only = False
linear dependence = 1e-12
level shift = 0.001
max iter space = 12
max_memory 4000 MB
nroots = 1
pspace_size = 400
spin = None
Density matrix diagonal elements [1.93438306e+00 6.55727100e-02 4.26352794e-05 1.59057539e-06]
CASCI converged
CASCI E = -77.9964438834901  E(CI) = -1.21433847771220  S^2 = 0.0000000

******** <class 'pyscf.mcscf.casci.CASCI'> ********
CAS (1e+1e, 4o), ncore = 7, nvir = 37
natorb = False
canonicalization = True
sorting_mo_energy = False
max_memory 4000 MB (current use 552 MB)
******** <class 'pyscf.fci.direct_spin1.FCISolver'> ********
max. cycles = 200
conv_tol = 1e-08
davidson only = False
linear dependence = 1e-12
level shift = 0.001
max iter space = 12
max_memory 4000 MB
nroots = 1
pspace_size = 400
spin = None
Density matrix diagonal elements [1.93438239e+00 6.55742513e-02 4.26971889e-05 6.61054612e-07]
CASCI converged
CASCI E = -77.9964410369334  E(CI) = -1.21433563115554  S^2 = 0.0000000

******** <class 'pyscf.mcscf.casci.CASCI'> ********
CAS (1e+1e, 4o), ncore = 7, nvir = 37
natorb = False
canonicalization = True
sorting_mo_energy = False
max_memory 4000 MB (current use 552 MB)
******** <class 'pyscf.fci.direct_spin1.FCISolver'> ********
max. cycles = 200
conv_tol = 1e-08
davidson only = False
linear dependence = 1e-12
level shift = 0.001
max iter space = 12
max_memory 4000 MB
nroots = 1
pspace_size = 400
spin = None
Density matrix diagonal elements [1.93441060e+00 6.55382703e-02 4.52823224e-05 5.85193247e-06]
CASCI converged
CASCI E = -77.9964585240777  E(CI) = -1.21435311829981  S^2 = 0.0000000

******** <class 'pyscf.mcscf.casci.CASCI'> ********
CAS (1e+1e, 4o), ncore = 7, nvir = 37
natorb = False
canonicalization = True
sorting_mo_energy = False
max_memory 4000 MB (current use 552 MB)
******** <class 'pyscf.fci.direct_spin1.FCISolver'> ********
max. cycles = 200
conv_tol = 1e-08
davidson only = False
linear dependence = 1e-12
level shift = 0.001
max iter space = 12
max_memory 4000 MB
nroots = 1
pspace_size = 400
spin = None
Density matrix diagonal elements [1.93438860e+00 6.55665605e-02 4.28827261e-05 1.95400317e-06]
CASCI converged
CASCI E = -77.9964459606228  E(CI) = -1.21434055484498  S^2 = 0.0000000

******** <class 'pyscf.mcscf.casci.CASCI'> ********
CAS (1e+1e, 4o), ncore = 7, nvir = 37
natorb = False
canonicalization = True
sorting_mo_energy = False
max_memory 4000 MB (current use 552 MB)
******** <class 'pyscf.fci.direct_spin1.FCISolver'> ********
max. cycles = 200
conv_tol = 1e-08
davidson only = False
linear dependence = 1e-12
level shift = 0.001
max iter space = 12
max_memory 4000 MB
nroots = 1
pspace_size = 400
spin = None
Density matrix diagonal elements [1.93438286e+00 6.55738537e-02 4.27021805e-05 5.84614229e-07]
CASCI converged
CASCI E = -77.9964410894866  E(CI) = -1.21433568370877  S^2 = 0.0000000

******** <class 'pyscf.mcscf.casci.CASCI'> ********
CAS (1e+1e, 4o), ncore = 7, nvir = 37
natorb = False
canonicalization = True
sorting_mo_energy = False
max_memory 4000 MB (current use 552 MB)
******** <class 'pyscf.fci.direct_spin1.FCISolver'> ********
max. cycles = 200
conv_tol = 1e-08
davidson only = False
linear dependence = 1e-12
level shift = 0.001
max iter space = 12
max_memory 4000 MB
nroots = 1
pspace_size = 400
spin = None
Density matrix diagonal elements [1.93440662e+00 6.55440956e-02 3.79224903e-06 4.54897434e-05]
CASCI converged
CASCI E = -77.9964491391276  E(CI) = -1.21434373334981  S^2 = 0.0000000

******** <class 'pyscf.mcscf.casci.CASCI'> ********
CAS (1e+1e, 4o), ncore = 7, nvir = 37
natorb = False
canonicalization = True
sorting_mo_energy = False
max_memory 4000 MB (current use 552 MB)
******** <class 'pyscf.fci.direct_spin1.FCISolver'> ********
max. cycles = 200
conv_tol = 1e-08
davidson only = False
linear dependence = 1e-12
level shift = 0.001
max iter space = 12
max_memory 4000 MB
nroots = 1
pspace_size = 400
spin = None
Density matrix diagonal elements [1.93407788e+00 6.54338974e-02 3.53606245e-06 4.84684150e-04]
CASCI converged
CASCI E = -77.9967360173461  E(CI) = -1.21463061156828  S^2 = 0.0000000

******** <class 'pyscf.mcscf.casci.CASCI'> ********
CAS (1e+1e, 4o), ncore = 7, nvir = 37
natorb = False
canonicalization = True
sorting_mo_energy = False
max_memory 4000 MB (current use 552 MB)
******** <class 'pyscf.fci.direct_spin1.FCISolver'> ********
max. cycles = 200
conv_tol = 1e-08
davidson only = False
linear dependence = 1e-12
level shift = 0.001
max iter space = 12
max_memory 4000 MB
nroots = 1
pspace_size = 400
spin = None
Density matrix diagonal elements [1.93446697e+00 6.51827098e-02 3.71163350e-06 3.46606008e-04]
CASCI converged
CASCI E = -77.9966879132733  E(CI) = -1.21458250749542  S^2 = 0.0000000

******** <class 'pyscf.mcscf.casci.CASCI'> ********
CAS (1e+1e, 4o), ncore = 7, nvir = 37
natorb = False
canonicalization = True
sorting_mo_energy = False
max_memory 4000 MB (current use 552 MB)
******** <class 'pyscf.fci.direct_spin1.FCISolver'> ********
max. cycles = 200
conv_tol = 1e-08
davidson only = False
linear dependence = 1e-12
level shift = 0.001
max iter space = 12
max_memory 4000 MB
nroots = 1
pspace_size = 400
spin = None
Density matrix diagonal elements [1.93434741e+00 6.55994784e-02 3.82872737e-06 4.92784604e-05]
CASCI converged
CASCI E = -77.9964568312229  E(CI) = -1.21435142544503  S^2 = 0.0000000

******** <class 'pyscf.mcscf.casci.CASCI'> ********
CAS (1e+1e, 4o), ncore = 7, nvir = 37
natorb = False
canonicalization = True
sorting_mo_energy = False
max_memory 4000 MB (current use 552 MB)
******** <class 'pyscf.fci.direct_spin1.FCISolver'> ********
max. cycles = 200
conv_tol = 1e-08
davidson only = False
linear dependence = 1e-12
level shift = 0.001
max iter space = 12
max_memory 4000 MB
nroots = 1
pspace_size = 400
spin = None
Density matrix diagonal elements [1.93349971e+00 6.36884109e-02 3.64355613e-06 2.80823644e-03]
CASCI converged
CASCI E = -77.9986054728061  E(CI) = -1.21650006702828  S^2 = 0.0000000

******** <class 'pyscf.mcscf.casci.CASCI'> ********
CAS (1e+1e, 4o), ncore = 7, nvir = 37
natorb = False
canonicalization = True
sorting_mo_energy = False
max_memory 4000 MB (current use 552 MB)
******** <class 'pyscf.fci.direct_spin1.FCISolver'> ********
max. cycles = 200
conv_tol = 1e-08
davidson only = False
linear dependence = 1e-12
level shift = 0.001
max iter space = 12
max_memory 4000 MB
nroots = 1
pspace_size = 400
spin = None
Density matrix diagonal elements [1.93474279e+00 6.51464658e-02 3.86587084e-06 1.06881635e-04]
CASCI converged
CASCI E = -77.9965149401138  E(CI) = -1.21440953433599  S^2 = 0.0000000

******** <class 'pyscf.mcscf.casci.CASCI'> ********
CAS (1e+1e, 4o), ncore = 7, nvir = 37
natorb = False
canonicalization = True
sorting_mo_energy = False
max_memory 4000 MB (current use 552 MB)
******** <class 'pyscf.fci.direct_spin1.FCISolver'> ********
max. cycles = 200
conv_tol = 1e-08
davidson only = False
linear dependence = 1e-12
level shift = 0.001
max iter space = 12
max_memory 4000 MB
nroots = 1
pspace_size = 400
spin = None
Density matrix diagonal elements [1.91565527e+00 7.65592352e-02 3.04951936e-06 7.78245009e-03]
CASCI converged
CASCI E = -78.0051236821657  E(CI) = -1.22301827638780  S^2 = 0.0000000

******** <class 'pyscf.mcscf.casci.CASCI'> ********
CAS (1e+1e, 4o), ncore = 7, nvir = 37
natorb = False
canonicalization = True
sorting_mo_energy = False
max_memory 4000 MB (current use 552 MB)
******** <class 'pyscf.fci.direct_spin1.FCISolver'> ********
max. cycles = 200
conv_tol = 1e-08
davidson only = False
linear dependence = 1e-12
level shift = 0.001
max iter space = 12
max_memory 4000 MB
nroots = 1
pspace_size = 400
spin = None
Density matrix diagonal elements [1.93440699e+00 6.55545402e-02 3.79332008e-06 3.46808143e-05]
CASCI converged
CASCI E = -77.9964553213897  E(CI) = -1.21434991561186  S^2 = 0.0000000

******** <class 'pyscf.mcscf.casci.CASCI'> ********
CAS (1e+1e, 4o), ncore = 7, nvir = 37
natorb = False
canonicalization = True
sorting_mo_energy = False
max_memory 4000 MB (current use 552 MB)
******** <class 'pyscf.fci.direct_spin1.FCISolver'> ********
max. cycles = 200
conv_tol = 1e-08
davidson only = False
linear dependence = 1e-12
level shift = 0.001
max iter space = 12
max_memory 4000 MB
nroots = 1
pspace_size = 400
spin = None
Density matrix diagonal elements [1.93443325e+00 6.54993971e-02 3.62532885e-06 6.37309050e-05]
CASCI converged
CASCI E = -77.9964838552768  E(CI) = -1.21437844949894  S^2 = 0.0000000

******** <class 'pyscf.mcscf.casci.CASCI'> ********
CAS (1e+1e, 4o), ncore = 7, nvir = 37
natorb = False
canonicalization = True
sorting_mo_energy = False
max_memory 4000 MB (current use 552 MB)
******** <class 'pyscf.fci.direct_spin1.FCISolver'> ********
max. cycles = 200
conv_tol = 1e-08
davidson only = False
linear dependence = 1e-12
level shift = 0.001
max iter space = 12
max_memory 4000 MB
nroots = 1
pspace_size = 400
spin = None
Density matrix diagonal elements [1.93437304e+00 6.56090639e-02 3.71047821e-06 1.41833486e-05]
CASCI converged
CASCI E = -77.9964339027367  E(CI) = -1.21432849695883  S^2 = 0.0000000

******** <class 'pyscf.mcscf.casci.CASCI'> ********
CAS (1e+1e, 4o), ncore = 7, nvir = 37
natorb = False
canonicalization = True
sorting_mo_energy = False
max_memory 4000 MB (current use 552 MB)
******** <class 'pyscf.fci.direct_spin1.FCISolver'> ********
max. cycles = 200
conv_tol = 1e-08
davidson only = False
linear dependence = 1e-12
level shift = 0.001
max iter space = 12
max_memory 4000 MB
nroots = 1
pspace_size = 400
spin = None
Density matrix diagonal elements [1.93437950e+00 6.55935179e-02 1.10941803e-05 1.58899584e-05]
CASCI converged
CASCI E = -77.9964379859459  E(CI) = -1.21433258016808  S^2 = 0.0000000

******** <class 'pyscf.mcscf.casci.CASCI'> ********
CAS (1e+1e, 4o), ncore = 7, nvir = 37
natorb = False
canonicalization = True
sorting_mo_energy = False
max_memory 4000 MB (current use 552 MB)
******** <class 'pyscf.fci.direct_spin1.FCISolver'> ********
max. cycles = 200
conv_tol = 1e-08
davidson only = False
linear dependence = 1e-12
level shift = 0.001
max iter space = 12
max_memory 4000 MB
nroots = 1
pspace_size = 400
spin = None
Density matrix diagonal elements [1.93439739e+00 6.55416246e-02 3.74181107e-06 5.72424976e-05]
CASCI converged
CASCI E = -77.9964823353259  E(CI) = -1.21437692954804  S^2 = 0.0000000

******** <class 'pyscf.mcscf.casci.CASCI'> ********
CAS (1e+1e, 4o), ncore = 7, nvir = 37
natorb = False
canonicalization = True
sorting_mo_energy = False
max_memory 4000 MB (current use 552 MB)
******** <class 'pyscf.fci.direct_spin1.FCISolver'> ********
max. cycles = 200
conv_tol = 1e-08
davidson only = False
linear dependence = 1e-12
level shift = 0.001
max iter space = 12
max_memory 4000 MB
nroots = 1
pspace_size = 400
spin = None
Density matrix diagonal elements [1.93438396e+00 6.56058715e-02 5.07751582e-06 5.09255282e-06]
CASCI converged
CASCI E = -77.9964277766207  E(CI) = -1.21432237084284  S^2 = 0.0000000

******** <class 'pyscf.mcscf.casci.CASCI'> ********
CAS (1e+1e, 4o), ncore = 7, nvir = 37
natorb = False
canonicalization = True
sorting_mo_energy = False
max_memory 4000 MB (current use 552 MB)
******** <class 'pyscf.fci.direct_spin1.FCISolver'> ********
max. cycles = 200
conv_tol = 1e-08
davidson only = False
linear dependence = 1e-12
level shift = 0.001
max iter space = 12
max_memory 4000 MB
nroots = 1
pspace_size = 400
spin = None
Density matrix diagonal elements [1.93458421e+00 6.52685730e-02 3.74319360e-06 1.43474137e-04]
CASCI converged
CASCI E = -77.9966376900174  E(CI) = -1.21453228423955  S^2 = 0.0000000

******** <class 'pyscf.mcscf.casci.CASCI'> ********
CAS (1e+1e, 4o), ncore = 7, nvir = 37
natorb = False
canonicalization = True
sorting_mo_energy = False
max_memory 4000 MB (current use 552 MB)
******** <class 'pyscf.fci.direct_spin1.FCISolver'> ********
max. cycles = 200
conv_tol = 1e-08
davidson only = False
linear dependence = 1e-12
level shift = 0.001
max iter space = 12
max_memory 4000 MB
nroots = 1
pspace_size = 400
spin = None
Density matrix diagonal elements [1.93450980e+00 6.54578289e-02 3.84315069e-06 2.85239576e-05]
CASCI converged
CASCI E = -77.9964657816207  E(CI) = -1.21436037584282  S^2 = 0.0000000

******** <class 'pyscf.mcscf.casci.CASCI'> ********
CAS (1e+1e, 4o), ncore = 7, nvir = 37
natorb = False
canonicalization = True
sorting_mo_energy = False
max_memory 4000 MB (current use 552 MB)
******** <class 'pyscf.fci.direct_spin1.FCISolver'> ********
max. cycles = 200
conv_tol = 1e-08
davidson only = False
linear dependence = 1e-12
level shift = 0.001
max iter space = 12
max_memory 4000 MB
nroots = 1
pspace_size = 400
spin = None
Density matrix diagonal elements [1.93409566e+00 6.56155839e-02 3.88701625e-06 2.84871940e-04]
CASCI converged
CASCI E = -77.9968641066936  E(CI) = -1.21475870091570  S^2 = 0.0000000

******** <class 'pyscf.mcscf.casci.CASCI'> ********
CAS (1e+1e, 4o), ncore = 7, nvir = 37
natorb = False
canonicalization = True
sorting_mo_energy = False
max_memory 4000 MB (current use 552 MB)
******** <class 'pyscf.fci.direct_spin1.FCISolver'> ********
max. cycles = 200
conv_tol = 1e-08
davidson only = False
linear dependence = 1e-12
level shift = 0.001
max iter space = 12
max_memory 4000 MB
nroots = 1
pspace_size = 400
spin = None
Density matrix diagonal elements [1.93437349e+00 6.56220290e-02 4.06397834e-06 4.18865098e-07]
CASCI converged
CASCI E = -77.9964208859889  E(CI) = -1.21431548021104  S^2 = 0.0000000

******** <class 'pyscf.mcscf.casci.CASCI'> ********
CAS (1e+1e, 4o), ncore = 7, nvir = 37
natorb = False
canonicalization = True
sorting_mo_energy = False
max_memory 4000 MB (current use 552 MB)
******** <class 'pyscf.fci.direct_spin1.FCISolver'> ********
max. cycles = 200
conv_tol = 1e-08
davidson only = False
linear dependence = 1e-12
level shift = 0.001
max iter space = 12
max_memory 4000 MB
nroots = 1
pspace_size = 400
spin = None
Density matrix diagonal elements [1.93437286e+00 6.56227352e-02 3.91206417e-06 4.89065053e-07]
CASCI converged
CASCI E = -77.9964209643964  E(CI) = -1.21431555861858  S^2 = 0.0000000

******** <class 'pyscf.mcscf.casci.CASCI'> ********
CAS (1e+1e, 4o), ncore = 7, nvir = 37
natorb = False
canonicalization = True
sorting_mo_energy = False
max_memory 4000 MB (current use 552 MB)
******** <class 'pyscf.fci.direct_spin1.FCISolver'> ********
max. cycles = 200
conv_tol = 1e-08
davidson only = False
linear dependence = 1e-12
level shift = 0.001
max iter space = 12
max_memory 4000 MB
nroots = 1
pspace_size = 400
spin = None
Density matrix diagonal elements [1.93437778e+00 6.56056733e-02 3.82716214e-06 1.27198190e-05]
CASCI converged
CASCI E = -77.9964454259778  E(CI) = -1.21434002019996  S^2 = 0.0000000

******** <class 'pyscf.mcscf.casci.CASCI'> ********
CAS (1e+1e, 4o), ncore = 7, nvir = 37
natorb = False
canonicalization = True
sorting_mo_energy = False
max_memory 4000 MB (current use 552 MB)
******** <class 'pyscf.fci.direct_spin1.FCISolver'> ********
max. cycles = 200
conv_tol = 1e-08
davidson only = False
linear dependence = 1e-12
level shift = 0.001
max iter space = 12
max_memory 4000 MB
nroots = 1
pspace_size = 400
spin = None
Density matrix diagonal elements [1.93399338e+00 6.59147723e-02 3.93662481e-06 8.79148972e-05]
CASCI converged
CASCI E = -77.9966241719069  E(CI) = -1.21451876612909  S^2 = 0.0000000

******** <class 'pyscf.mcscf.casci.CASCI'> ********
CAS (1e+1e, 4o), ncore = 7, nvir = 37
natorb = False
canonicalization = True
sorting_mo_energy = False
max_memory 4000 MB (current use 552 MB)
******** <class 'pyscf.fci.direct_spin1.FCISolver'> ********
max. cycles = 200
conv_tol = 1e-08
davidson only = False
linear dependence = 1e-12
level shift = 0.001
max iter space = 12
max_memory 4000 MB
nroots = 1
pspace_size = 400
spin = None
Density matrix diagonal elements [1.93439636e+00 6.55897049e-02 3.84134930e-06 1.00947494e-05]
CASCI converged
CASCI E = -77.9964415167387  E(CI) = -1.21433611096084  S^2 = 0.0000000

******** <class 'pyscf.mcscf.casci.CASCI'> ********
CAS (1e+1e, 4o), ncore = 7, nvir = 37
natorb = False
canonicalization = True
sorting_mo_energy = False
max_memory 4000 MB (current use 552 MB)
******** <class 'pyscf.fci.direct_spin1.FCISolver'> ********
max. cycles = 200
conv_tol = 1e-08
davidson only = False
linear dependence = 1e-12
level shift = 0.001
max iter space = 12
max_memory 4000 MB
nroots = 1
pspace_size = 400
spin = None
Density matrix diagonal elements [1.93437364e+00 6.56203654e-02 3.87003733e-06 2.12100447e-06]
CASCI converged
CASCI E = -77.9964244971502  E(CI) = -1.21431909137236  S^2 = 0.0000000

******** <class 'pyscf.mcscf.casci.CASCI'> ********
CAS (1e+1e, 4o), ncore = 7, nvir = 37
natorb = False
canonicalization = True
sorting_mo_energy = False
max_memory 4000 MB (current use 552 MB)
******** <class 'pyscf.fci.direct_spin1.FCISolver'> ********
max. cycles = 200
conv_tol = 1e-08
davidson only = False
linear dependence = 1e-12
level shift = 0.001
max iter space = 12
max_memory 4000 MB
nroots = 1
pspace_size = 400
spin = None
Density matrix diagonal elements [1.93463133e+00 6.52327322e-02 3.83328678e-06 1.32106836e-04]
CASCI converged
CASCI E = -77.9967008565694  E(CI) = -1.21459545079153  S^2 = 0.0000000

******** <class 'pyscf.mcscf.casci.CASCI'> ********
CAS (1e+1e, 4o), ncore = 7, nvir = 37
natorb = False
canonicalization = True
sorting_mo_energy = False
max_memory 4000 MB (current use 552 MB)
******** <class 'pyscf.fci.direct_spin1.FCISolver'> ********
max. cycles = 200
conv_tol = 1e-08
davidson only = False
linear dependence = 1e-12
level shift = 0.001
max iter space = 12
max_memory 4000 MB
nroots = 1
pspace_size = 400
spin = None
Density matrix diagonal elements [1.93427921e+00 6.56751520e-02 3.88749773e-06 4.17549641e-05]
CASCI converged
CASCI E = -77.9965151218751  E(CI) = -1.21440971609726  S^2 = 0.0000000

******** <class 'pyscf.mcscf.casci.CASCI'> ********
CAS (1e+1e, 4o), ncore = 7, nvir = 37
natorb = False
canonicalization = True
sorting_mo_energy = False
max_memory 4000 MB (current use 552 MB)
******** <class 'pyscf.fci.direct_spin1.FCISolver'> ********
max. cycles = 200
conv_tol = 1e-08
davidson only = False
linear dependence = 1e-12
level shift = 0.001
max iter space = 12
max_memory 4000 MB
nroots = 1
pspace_size = 400
spin = None
Density matrix diagonal elements [1.93444485e+00 6.54939610e-02 3.79504138e-06 5.73968575e-05]
CASCI converged
CASCI E = -77.9965584328015  E(CI) = -1.21445302702361  S^2 = 0.0000000

******** <class 'pyscf.mcscf.casci.CASCI'> ********
CAS (1e+1e, 4o), ncore = 7, nvir = 37
natorb = False
canonicalization = True
sorting_mo_energy = False
max_memory 4000 MB (current use 552 MB)
******** <class 'pyscf.fci.direct_spin1.FCISolver'> ********
max. cycles = 200
conv_tol = 1e-08
davidson only = False
linear dependence = 1e-12
level shift = 0.001
max iter space = 12
max_memory 4000 MB
nroots = 1
pspace_size = 400
spin = None
Density matrix diagonal elements [1.93441899e+00 6.55657267e-02 3.87524397e-06 1.14032000e-05]
CASCI converged
CASCI E = -77.9964489772146  E(CI) = -1.21434357143680  S^2 = 0.0000000

******** <class 'pyscf.mcscf.casci.CASCI'> ********
CAS (1e+1e, 4o), ncore = 7, nvir = 37
natorb = False
canonicalization = True
sorting_mo_energy = False
max_memory 4000 MB (current use 552 MB)
******** <class 'pyscf.fci.direct_spin1.FCISolver'> ********
max. cycles = 200
conv_tol = 1e-08
davidson only = False
linear dependence = 1e-12
level shift = 0.001
max iter space = 12
max_memory 4000 MB
nroots = 1
pspace_size = 400
spin = None
Density matrix diagonal elements [1.93437343e+00 6.56210728e-02 4.36283949e-06 1.13554054e-06]
CASCI converged
CASCI E = -77.9964231602748  E(CI) = -1.21431775449696  S^2 = 0.0000000

******** <class 'pyscf.mcscf.casci.CASCI'> ********
CAS (1e+1e, 4o), ncore = 7, nvir = 37
natorb = False
canonicalization = True
sorting_mo_energy = False
max_memory 4000 MB (current use 552 MB)
******** <class 'pyscf.fci.direct_spin1.FCISolver'> ********
max. cycles = 200
conv_tol = 1e-08
davidson only = False
linear dependence = 1e-12
level shift = 0.001
max iter space = 12
max_memory 4000 MB
nroots = 1
pspace_size = 400
spin = None
Density matrix diagonal elements [1.93437672e+00 6.56175641e-02 3.90235632e-06 1.81664114e-06]
CASCI converged
CASCI E = -77.9964249787031  E(CI) = -1.21431957292523  S^2 = 0.0000000

******** <class 'pyscf.mcscf.casci.CASCI'> ********
CAS (1e+1e, 4o), ncore = 7, nvir = 37
natorb = False
canonicalization = True
sorting_mo_energy = False
max_memory 4000 MB (current use 552 MB)
******** <class 'pyscf.fci.direct_spin1.FCISolver'> ********
max. cycles = 200
conv_tol = 1e-08
davidson only = False
linear dependence = 1e-12
level shift = 0.001
max iter space = 12
max_memory 4000 MB
nroots = 1
pspace_size = 400
spin = None
Density matrix diagonal elements [1.93446261e+00 6.55075420e-02 3.78493234e-06 2.60622654e-05]
CASCI converged
CASCI E = -77.9964909822781  E(CI) = -1.21438557650025  S^2 = 0.0000000

******** <class 'pyscf.mcscf.casci.CASCI'> ********
CAS (1e+1e, 4o), ncore = 7, nvir = 37
natorb = False
canonicalization = True
sorting_mo_energy = False
max_memory 4000 MB (current use 552 MB)
******** <class 'pyscf.fci.direct_spin1.FCISolver'> ********
max. cycles = 200
conv_tol = 1e-08
davidson only = False
linear dependence = 1e-12
level shift = 0.001
max iter space = 12
max_memory 4000 MB
nroots = 1
pspace_size = 400
spin = None
Density matrix diagonal elements [1.93429389e+00 6.56536257e-02 3.87465341e-06 4.86056400e-05]
CASCI converged
CASCI E = -77.9965582522236  E(CI) = -1.21445284644575  S^2 = 0.0000000

******** <class 'pyscf.mcscf.casci.CASCI'> ********
CAS (1e+1e, 4o), ncore = 7, nvir = 37
natorb = False
canonicalization = True
sorting_mo_energy = False
max_memory 4000 MB (current use 552 MB)
******** <class 'pyscf.fci.direct_spin1.FCISolver'> ********
max. cycles = 200
conv_tol = 1e-08
davidson only = False
linear dependence = 1e-12
level shift = 0.001
max iter space = 12
max_memory 4000 MB
nroots = 1
pspace_size = 400
spin = None
Density matrix diagonal elements [1.93437440e+00 6.56201058e-02 3.89056748e-06 1.60496603e-06]
CASCI converged
CASCI E = -77.9964249712591  E(CI) = -1.21431956548129  S^2 = 0.0000000

******** <class 'pyscf.mcscf.casci.CASCI'> ********
CAS (1e+1e, 4o), ncore = 7, nvir = 37
natorb = False
canonicalization = True
sorting_mo_energy = False
max_memory 4000 MB (current use 552 MB)
******** <class 'pyscf.fci.direct_spin1.FCISolver'> ********
max. cycles = 200
conv_tol = 1e-08
davidson only = False
linear dependence = 1e-12
level shift = 0.001
max iter space = 12
max_memory 4000 MB
nroots = 1
pspace_size = 400
spin = None
Density matrix diagonal elements [1.93437375e+00 6.56216927e-02 3.89554105e-06 6.66378657e-07]
CASCI converged
CASCI E = -77.9964220968244  E(CI) = -1.21431669104656  S^2 = 0.0000000

******** <class 'pyscf.mcscf.casci.CASCI'> ********
CAS (1e+1e, 4o), ncore = 7, nvir = 37
natorb = False
canonicalization = True
sorting_mo_energy = False
max_memory 4000 MB (current use 552 MB)
******** <class 'pyscf.fci.direct_spin1.FCISolver'> ********
max. cycles = 200
conv_tol = 1e-08
davidson only = False
linear dependence = 1e-12
level shift = 0.001
max iter space = 12
max_memory 4000 MB
nroots = 1
pspace_size = 400
spin = None
Density matrix diagonal elements [1.93438814e+00 6.56046481e-02 3.90205065e-06 3.30670807e-06]
CASCI converged
CASCI E = -77.9964304974395  E(CI) = -1.21432509166166  S^2 = 0.0000000

******** <class 'pyscf.mcscf.casci.CASCI'> ********
CAS (1e+1e, 4o), ncore = 7, nvir = 37
natorb = False
canonicalization = True
sorting_mo_energy = False
max_memory 4000 MB (current use 552 MB)
******** <class 'pyscf.fci.direct_spin1.FCISolver'> ********
max. cycles = 200
conv_tol = 1e-08
davidson only = False
linear dependence = 1e-12
level shift = 0.001
max iter space = 12
max_memory 4000 MB
nroots = 1
pspace_size = 400
spin = None
Density matrix diagonal elements [1.93437643e+00 6.56183037e-02 3.89055955e-06 1.37938772e-06]
CASCI converged
CASCI E = -77.9964247482641  E(CI) = -1.21431934248622  S^2 = 0.0000000

******** <class 'pyscf.mcscf.casci.CASCI'> ********
CAS (1e+1e, 4o), ncore = 7, nvir = 37
natorb = False
canonicalization = True
sorting_mo_energy = False
max_memory 4000 MB (current use 552 MB)
******** <class 'pyscf.fci.direct_spin1.FCISolver'> ********
max. cycles = 200
conv_tol = 1e-08
davidson only = False
linear dependence = 1e-12
level shift = 0.001
max iter space = 12
max_memory 4000 MB
nroots = 1
pspace_size = 400
spin = None
Density matrix diagonal elements [1.93437427e+00 6.56212376e-02 3.89942244e-06 5.89707642e-07]
CASCI converged
CASCI E = -77.9964221517267  E(CI) = -1.21431674594891  S^2 = 0.0000000

******** <class 'pyscf.mcscf.casci.CASCI'> ********
CAS (1e+1e, 4o), ncore = 7, nvir = 37
natorb = False
canonicalization = True
sorting_mo_energy = False
max_memory 4000 MB (current use 552 MB)
******** <class 'pyscf.fci.direct_spin1.FCISolver'> ********
max. cycles = 200
conv_tol = 1e-08
davidson only = False
linear dependence = 1e-12
level shift = 0.001
max iter space = 12
max_memory 4000 MB
nroots = 1
pspace_size = 400
spin = None
Density matrix diagonal elements [1.93411815e+00 6.53674926e-02 3.72103774e-05 4.77143137e-04]
CASCI converged
CASCI E = -77.9967578597800  E(CI) = -1.21465245400212  S^2 = 0.0000000

******** <class 'pyscf.mcscf.casci.CASCI'> ********
CAS (1e+1e, 4o), ncore = 7, nvir = 37
natorb = False
canonicalization = True
sorting_mo_energy = False
max_memory 4000 MB (current use 552 MB)
******** <class 'pyscf.fci.direct_spin1.FCISolver'> ********
max. cycles = 200
conv_tol = 1e-08
davidson only = False
linear dependence = 1e-12
level shift = 0.001
max iter space = 12
max_memory 4000 MB
nroots = 1
pspace_size = 400
spin = None
Density matrix diagonal elements [1.93450318e+00 6.51176113e-02 3.82818820e-05 3.40924968e-04]
CASCI converged
CASCI E = -77.9967103443147  E(CI) = -1.21460493853681  S^2 = 0.0000000

******** <class 'pyscf.mcscf.casci.CASCI'> ********
CAS (1e+1e, 4o), ncore = 7, nvir = 37
natorb = False
canonicalization = True
sorting_mo_energy = False
max_memory 4000 MB (current use 552 MB)
******** <class 'pyscf.fci.direct_spin1.FCISolver'> ********
max. cycles = 200
conv_tol = 1e-08
davidson only = False
linear dependence = 1e-12
level shift = 0.001
max iter space = 12
max_memory 4000 MB
nroots = 1
pspace_size = 400
spin = None
Density matrix diagonal elements [1.93438180e+00 6.55240353e-02 4.51820241e-05 4.89875728e-05]
CASCI converged
CASCI E = -77.9964836370388  E(CI) = -1.21437823126094  S^2 = 0.0000000

******** <class 'pyscf.mcscf.casci.CASCI'> ********
CAS (1e+1e, 4o), ncore = 7, nvir = 37
natorb = False
canonicalization = True
sorting_mo_energy = False
max_memory 4000 MB (current use 552 MB)
******** <class 'pyscf.fci.direct_spin1.FCISolver'> ********
max. cycles = 200
conv_tol = 1e-08
davidson only = False
linear dependence = 1e-12
level shift = 0.001
max iter space = 12
max_memory 4000 MB
nroots = 1
pspace_size = 400
spin = None
Density matrix diagonal elements [1.93353398e+00 6.36164278e-02 4.31377228e-05 2.80645664e-03]
CASCI converged
CASCI E = -77.9986311151685  E(CI) = -1.21652570939067  S^2 = 0.0000000

******** <class 'pyscf.mcscf.casci.CASCI'> ********
CAS (1e+1e, 4o), ncore = 7, nvir = 37
natorb = False
canonicalization = True
sorting_mo_energy = False
max_memory 4000 MB (current use 552 MB)
******** <class 'pyscf.fci.direct_spin1.FCISolver'> ********
max. cycles = 200
conv_tol = 1e-08
davidson only = False
linear dependence = 1e-12
level shift = 0.001
max iter space = 12
max_memory 4000 MB
nroots = 1
pspace_size = 400
spin = None
Density matrix diagonal elements [1.93485670e+00 6.48941819e-02 9.42922309e-05 1.54824397e-04]
CASCI converged
CASCI E = -77.9966072763640  E(CI) = -1.21450187058616  S^2 = 0.0000000

******** <class 'pyscf.mcscf.casci.CASCI'> ********
CAS (1e+1e, 4o), ncore = 7, nvir = 37
natorb = False
canonicalization = True
sorting_mo_energy = False
max_memory 4000 MB (current use 552 MB)
******** <class 'pyscf.fci.direct_spin1.FCISolver'> ********
max. cycles = 200
conv_tol = 1e-08
davidson only = False
linear dependence = 1e-12
level shift = 0.001
max iter space = 12
max_memory 4000 MB
nroots = 1
pspace_size = 400
spin = None
Density matrix diagonal elements [1.91569314e+00 7.64845020e-02 4.18710017e-05 7.78048664e-03]
CASCI converged
CASCI E = -78.0051489757873  E(CI) = -1.22304357000942  S^2 = 0.0000000

******** <class 'pyscf.mcscf.casci.CASCI'> ********
CAS (1e+1e, 4o), ncore = 7, nvir = 37
natorb = False
canonicalization = True
sorting_mo_energy = False
max_memory 4000 MB (current use 552 MB)
******** <class 'pyscf.fci.direct_spin1.FCISolver'> ********
max. cycles = 200
conv_tol = 1e-08
davidson only = False
linear dependence = 1e-12
level shift = 0.001
max iter space = 12
max_memory 4000 MB
nroots = 1
pspace_size = 400
spin = None
Density matrix diagonal elements [1.93444111e+00 6.54792175e-02 4.51833021e-05 3.44878056e-05]
CASCI converged
CASCI E = -77.9964821481514  E(CI) = -1.21437674237350  S^2 = 0.0000000

******** <class 'pyscf.mcscf.casci.CASCI'> ********
CAS (1e+1e, 4o), ncore = 7, nvir = 37
natorb = False
canonicalization = True
sorting_mo_energy = False
max_memory 4000 MB (current use 552 MB)
******** <class 'pyscf.fci.direct_spin1.FCISolver'> ********
max. cycles = 200
conv_tol = 1e-08
davidson only = False
linear dependence = 1e-12
level shift = 0.001
max iter space = 12
max_memory 4000 MB
nroots = 1
pspace_size = 400
spin = None
Density matrix diagonal elements [1.93446233e+00 6.53940844e-02 6.25663787e-05 8.10175768e-05]
CASCI converged
CASCI E = -77.9965376283570  E(CI) = -1.21443222257911  S^2 = 0.0000000

******** <class 'pyscf.mcscf.casci.CASCI'> ********
CAS (1e+1e, 4o), ncore = 7, nvir = 37
natorb = False
canonicalization = True
sorting_mo_energy = False
max_memory 4000 MB (current use 552 MB)
******** <class 'pyscf.fci.direct_spin1.FCISolver'> ********
max. cycles = 200
conv_tol = 1e-08
davidson only = False
linear dependence = 1e-12
level shift = 0.001
max iter space = 12
max_memory 4000 MB
nroots = 1
pspace_size = 400
spin = None
Density matrix diagonal elements [1.93440719e+00 6.55333140e-02 4.53565340e-05 1.41428119e-05]
CASCI converged
CASCI E = -77.9964608876234  E(CI) = -1.21435548184552  S^2 = 0.0000000

******** <class 'pyscf.mcscf.casci.CASCI'> ********
CAS (1e+1e, 4o), ncore = 7, nvir = 37
natorb = False
canonicalization = True
sorting_mo_energy = False
max_memory 4000 MB (current use 552 MB)
******** <class 'pyscf.fci.direct_spin1.FCISolver'> ********
max. cycles = 200
conv_tol = 1e-08
davidson only = False
linear dependence = 1e-12
level shift = 0.001
max iter space = 12
max_memory 4000 MB
nroots = 1
pspace_size = 400
spin = None
Density matrix diagonal elements [1.93441298e+00 6.55320177e-02 4.53852935e-05 9.61747094e-06]
CASCI converged
CASCI E = -77.9964568448594  E(CI) = -1.21435143908150  S^2 = 0.0000000

******** <class 'pyscf.mcscf.casci.CASCI'> ********
CAS (1e+1e, 4o), ncore = 7, nvir = 37
natorb = False
canonicalization = True
sorting_mo_energy = False
max_memory 4000 MB (current use 552 MB)
******** <class 'pyscf.fci.direct_spin1.FCISolver'> ********
max. cycles = 200
conv_tol = 1e-08
davidson only = False
linear dependence = 1e-12
level shift = 0.001
max iter space = 12
max_memory 4000 MB
nroots = 1
pspace_size = 400
spin = None
Density matrix diagonal elements [1.93441602e+00 6.53961569e-02 9.35491714e-05 9.42785293e-05]
CASCI converged
CASCI E = -77.9965654882512  E(CI) = -1.21446008247338  S^2 = 0.0000000

******** <class 'pyscf.mcscf.casci.CASCI'> ********
CAS (1e+1e, 4o), ncore = 7, nvir = 37
natorb = False
canonicalization = True
sorting_mo_energy = False
max_memory 4000 MB (current use 552 MB)
******** <class 'pyscf.fci.direct_spin1.FCISolver'> ********
max. cycles = 200
conv_tol = 1e-08
davidson only = False
linear dependence = 1e-12
level shift = 0.001
max iter space = 12
max_memory 4000 MB
nroots = 1
pspace_size = 400
spin = None
Density matrix diagonal elements [1.93441820e+00 6.55328167e-02 4.52054361e-05 3.77315747e-06]
CASCI converged
CASCI E = -77.9964523660400  E(CI) = -1.21434696026212  S^2 = 0.0000000

******** <class 'pyscf.mcscf.casci.CASCI'> ********
CAS (1e+1e, 4o), ncore = 7, nvir = 37
natorb = False
canonicalization = True
sorting_mo_energy = False
max_memory 4000 MB (current use 552 MB)
******** <class 'pyscf.fci.direct_spin1.FCISolver'> ********
max. cycles = 200
conv_tol = 1e-08
davidson only = False
linear dependence = 1e-12
level shift = 0.001
max iter space = 12
max_memory 4000 MB
nroots = 1
pspace_size = 400
spin = None
Density matrix diagonal elements [1.93461810e+00 6.51936987e-02 4.49400624e-05 1.43262359e-04]
CASCI converged
CASCI E = -77.9966643933041  E(CI) = -1.21455898752623  S^2 = 0.0000000

******** <class 'pyscf.mcscf.casci.CASCI'> ********
CAS (1e+1e, 4o), ncore = 7, nvir = 37
natorb = False
canonicalization = True
sorting_mo_energy = False
max_memory 4000 MB (current use 552 MB)
******** <class 'pyscf.fci.direct_spin1.FCISolver'> ********
max. cycles = 200
conv_tol = 1e-08
davidson only = False
linear dependence = 1e-12
level shift = 0.001
max iter space = 12
max_memory 4000 MB
nroots = 1
pspace_size = 400
spin = None
Density matrix diagonal elements [1.93454370e+00 6.53825786e-02 4.52956179e-05 2.84290497e-05]
CASCI converged
CASCI E = -77.9964926525640  E(CI) = -1.21438724678615  S^2 = 0.0000000

******** <class 'pyscf.mcscf.casci.CASCI'> ********
CAS (1e+1e, 4o), ncore = 7, nvir = 37
natorb = False
canonicalization = True
sorting_mo_energy = False
max_memory 4000 MB (current use 552 MB)
******** <class 'pyscf.fci.direct_spin1.FCISolver'> ********
max. cycles = 200
conv_tol = 1e-08
davidson only = False
linear dependence = 1e-12
level shift = 0.001
max iter space = 12
max_memory 4000 MB
nroots = 1
pspace_size = 400
spin = None
Density matrix diagonal elements [1.93413053e+00 6.55403205e-02 4.46535240e-05 2.84498376e-04]
CASCI converged
CASCI E = -77.9968905488349  E(CI) = -1.21478514305707  S^2 = 0.0000000

******** <class 'pyscf.mcscf.casci.CASCI'> ********
CAS (1e+1e, 4o), ncore = 7, nvir = 37
natorb = False
canonicalization = True
sorting_mo_energy = False
max_memory 4000 MB (current use 552 MB)
******** <class 'pyscf.fci.direct_spin1.FCISolver'> ********
max. cycles = 200
conv_tol = 1e-08
davidson only = False
linear dependence = 1e-12
level shift = 0.001
max iter space = 12
max_memory 4000 MB
nroots = 1
pspace_size = 400
spin = None
Density matrix diagonal elements [1.93440729e+00 6.55470010e-02 4.54819019e-05 2.24264953e-07]
CASCI converged
CASCI E = -77.9964474344161  E(CI) = -1.21434202863830  S^2 = 0.0000000

******** <class 'pyscf.mcscf.casci.CASCI'> ********
CAS (1e+1e, 4o), ncore = 7, nvir = 37
natorb = False
canonicalization = True
sorting_mo_energy = False
max_memory 4000 MB (current use 552 MB)
******** <class 'pyscf.fci.direct_spin1.FCISolver'> ********
max. cycles = 200
conv_tol = 1e-08
davidson only = False
linear dependence = 1e-12
level shift = 0.001
max iter space = 12
max_memory 4000 MB
nroots = 1
pspace_size = 400
spin = None
Density matrix diagonal elements [1.93440699e+00 6.55470987e-02 4.54625289e-05 4.46733808e-07]
CASCI converged
CASCI E = -77.9964479003198  E(CI) = -1.21434249454197  S^2 = 0.0000000

******** <class 'pyscf.mcscf.casci.CASCI'> ********
CAS (1e+1e, 4o), ncore = 7, nvir = 37
natorb = False
canonicalization = True
sorting_mo_energy = False
max_memory 4000 MB (current use 552 MB)
******** <class 'pyscf.fci.direct_spin1.FCISolver'> ********
max. cycles = 200
conv_tol = 1e-08
davidson only = False
linear dependence = 1e-12
level shift = 0.001
max iter space = 12
max_memory 4000 MB
nroots = 1
pspace_size = 400
spin = None
Density matrix diagonal elements [1.93441200e+00 6.55303869e-02 4.50453225e-05 1.25677362e-05]
CASCI converged
CASCI E = -77.9964721439945  E(CI) = -1.21436673821663  S^2 = 0.0000000

******** <class 'pyscf.mcscf.casci.CASCI'> ********
CAS (1e+1e, 4o), ncore = 7, nvir = 37
natorb = False
canonicalization = True
sorting_mo_energy = False
max_memory 4000 MB (current use 552 MB)
******** <class 'pyscf.fci.direct_spin1.FCISolver'> ********
max. cycles = 200
conv_tol = 1e-08
davidson only = False
linear dependence = 1e-12
level shift = 0.001
max iter space = 12
max_memory 4000 MB
nroots = 1
pspace_size = 400
spin = None
Density matrix diagonal elements [1.93402806e+00 6.58391054e-02 4.50690791e-05 8.77610371e-05]
CASCI converged
CASCI E = -77.9966508475629  E(CI) = -1.21454544178503  S^2 = 0.0000000

******** <class 'pyscf.mcscf.casci.CASCI'> ********
CAS (1e+1e, 4o), ncore = 7, nvir = 37
natorb = False
canonicalization = True
sorting_mo_energy = False
max_memory 4000 MB (current use 552 MB)
******** <class 'pyscf.fci.direct_spin1.FCISolver'> ********
max. cycles = 200
conv_tol = 1e-08
davidson only = False
linear dependence = 1e-12
level shift = 0.001
max iter space = 12
max_memory 4000 MB
nroots = 1
pspace_size = 400
spin = None
Density matrix diagonal elements [1.93445276e+00 6.54765739e-02 5.27236731e-05 1.79380520e-05]
CASCI converged
CASCI E = -77.9964900028839  E(CI) = -1.21438459710608  S^2 = 0.0000000

******** <class 'pyscf.mcscf.casci.CASCI'> ********
CAS (1e+1e, 4o), ncore = 7, nvir = 37
natorb = False
canonicalization = True
sorting_mo_energy = False
max_memory 4000 MB (current use 552 MB)
******** <class 'pyscf.fci.direct_spin1.FCISolver'> ********
max. cycles = 200
conv_tol = 1e-08
davidson only = False
linear dependence = 1e-12
level shift = 0.001
max iter space = 12
max_memory 4000 MB
nroots = 1
pspace_size = 400
spin = None
Density matrix diagonal elements [1.93440781e+00 6.55445785e-02 4.55049897e-05 2.10507215e-06]
CASCI converged
CASCI E = -77.9964514862811  E(CI) = -1.21434608050328  S^2 = 0.0000000

******** <class 'pyscf.mcscf.casci.CASCI'> ********
CAS (1e+1e, 4o), ncore = 7, nvir = 37
natorb = False
canonicalization = True
sorting_mo_energy = False
max_memory 4000 MB (current use 552 MB)
******** <class 'pyscf.fci.direct_spin1.FCISolver'> ********
max. cycles = 200
conv_tol = 1e-08
davidson only = False
linear dependence = 1e-12
level shift = 0.001
max iter space = 12
max_memory 4000 MB
nroots = 1
pspace_size = 400
spin = None
Density matrix diagonal elements [1.93466511e+00 6.51594823e-02 4.38107716e-05 1.31596124e-04]
CASCI converged
CASCI E = -77.9967267842691  E(CI) = -1.21462137849126  S^2 = 0.0000000

******** <class 'pyscf.mcscf.casci.CASCI'> ********
CAS (1e+1e, 4o), ncore = 7, nvir = 37
natorb = False
canonicalization = True
sorting_mo_energy = False
max_memory 4000 MB (current use 552 MB)
******** <class 'pyscf.fci.direct_spin1.FCISolver'> ********
max. cycles = 200
conv_tol = 1e-08
davidson only = False
linear dependence = 1e-12
level shift = 0.001
max iter space = 12
max_memory 4000 MB
nroots = 1
pspace_size = 400
spin = None
Density matrix diagonal elements [1.93431374e+00 6.55993515e-02 4.52435148e-05 4.16627281e-05]
CASCI converged
CASCI E = -77.9965419352062  E(CI) = -1.21443652942834  S^2 = 0.0000000

******** <class 'pyscf.mcscf.casci.CASCI'> ********
CAS (1e+1e, 4o), ncore = 7, nvir = 37
natorb = False
canonicalization = True
sorting_mo_energy = False
max_memory 4000 MB (current use 552 MB)
******** <class 'pyscf.fci.direct_spin1.FCISolver'> ********
max. cycles = 200
conv_tol = 1e-08
davidson only = False
linear dependence = 1e-12
level shift = 0.001
max iter space = 12
max_memory 4000 MB
nroots = 1
pspace_size = 400
spin = None
Density matrix diagonal elements [1.93447891e+00 6.54184929e-02 4.52578755e-05 5.73355485e-05]
CASCI converged
CASCI E = -77.9965853089606  E(CI) = -1.21447990318278  S^2 = 0.0000000

******** <class 'pyscf.mcscf.casci.CASCI'> ********
CAS (1e+1e, 4o), ncore = 7, nvir = 37
natorb = False
canonicalization = True
sorting_mo_energy = False
max_memory 4000 MB (current use 552 MB)
******** <class 'pyscf.fci.direct_spin1.FCISolver'> ********
max. cycles = 200
conv_tol = 1e-08
davidson only = False
linear dependence = 1e-12
level shift = 0.001
max iter space = 12
max_memory 4000 MB
nroots = 1
pspace_size = 400
spin = None
Density matrix diagonal elements [1.93446657e+00 6.54696064e-02 4.87613227e-05 1.50576405e-05]
CASCI converged
CASCI E = -77.9964878508738  E(CI) = -1.21438244509595  S^2 = 0.0000000

******** <class 'pyscf.mcscf.casci.CASCI'> ********
CAS (1e+1e, 4o), ncore = 7, nvir = 37
natorb = False
canonicalization = True
sorting_mo_energy = False
max_memory 4000 MB (current use 552 MB)
******** <class 'pyscf.fci.direct_spin1.FCISolver'> ********
max. cycles = 200
conv_tol = 1e-08
davidson only = False
linear dependence = 1e-12
level shift = 0.001
max iter space = 12
max_memory 4000 MB
nroots = 1
pspace_size = 400
spin = None
Density matrix diagonal elements [1.93440741e+00 6.55462969e-02 4.55597481e-05 7.32066926e-07]
CASCI converged
CASCI E = -77.9964489333359  E(CI) = -1.21434352755801  S^2 = 0.0000000

******** <class 'pyscf.mcscf.casci.CASCI'> ********
CAS (1e+1e, 4o), ncore = 7, nvir = 37
natorb = False
canonicalization = True
sorting_mo_energy = False
max_memory 4000 MB (current use 552 MB)
******** <class 'pyscf.fci.direct_spin1.FCISolver'> ********
max. cycles = 200
conv_tol = 1e-08
davidson only = False
linear dependence = 1e-12
level shift = 0.001
max iter space = 12
max_memory 4000 MB
nroots = 1
pspace_size = 400
spin = None
Density matrix diagonal elements [1.93441086e+00 6.55419591e-02 4.54073872e-05 1.77484248e-06]
CASCI converged
CASCI E = -77.9964518862195  E(CI) = -1.21434648044168  S^2 = 0.0000000

******** <class 'pyscf.mcscf.casci.CASCI'> ********
CAS (1e+1e, 4o), ncore = 7, nvir = 37
natorb = False
canonicalization = True
sorting_mo_energy = False
max_memory 4000 MB (current use 552 MB)
******** <class 'pyscf.fci.direct_spin1.FCISolver'> ********
max. cycles = 200
conv_tol = 1e-08
davidson only = False
linear dependence = 1e-12
level shift = 0.001
max iter space = 12
max_memory 4000 MB
nroots = 1
pspace_size = 400
spin = None
Density matrix diagonal elements [1.93449665e+00 6.54320138e-02 4.53166056e-05 2.60234784e-05]
CASCI converged
CASCI E = -77.9965179004536  E(CI) = -1.21441249467573  S^2 = 0.0000000

******** <class 'pyscf.mcscf.casci.CASCI'> ********
CAS (1e+1e, 4o), ncore = 7, nvir = 37
natorb = False
canonicalization = True
sorting_mo_energy = False
max_memory 4000 MB (current use 552 MB)
******** <class 'pyscf.fci.direct_spin1.FCISolver'> ********
max. cycles = 200
conv_tol = 1e-08
davidson only = False
linear dependence = 1e-12
level shift = 0.001
max iter space = 12
max_memory 4000 MB
nroots = 1
pspace_size = 400
spin = None
Density matrix diagonal elements [1.93432881e+00 6.55785678e-02 4.42972734e-05 4.83248650e-05]
CASCI converged
CASCI E = -77.9965844655154  E(CI) = -1.21447905973758  S^2 = 0.0000000

******** <class 'pyscf.mcscf.casci.CASCI'> ********
CAS (1e+1e, 4o), ncore = 7, nvir = 37
natorb = False
canonicalization = True
sorting_mo_energy = False
max_memory 4000 MB (current use 552 MB)
******** <class 'pyscf.fci.direct_spin1.FCISolver'> ********
max. cycles = 200
conv_tol = 1e-08
davidson only = False
linear dependence = 1e-12
level shift = 0.001
max iter space = 12
max_memory 4000 MB
nroots = 1
pspace_size = 400
spin = None
Density matrix diagonal elements [1.93440857e+00 6.55442763e-02 4.55554680e-05 1.60073504e-06]
CASCI converged
CASCI E = -77.9964519812355  E(CI) = -1.21434657545760  S^2 = 0.0000000

******** <class 'pyscf.mcscf.casci.CASCI'> ********
CAS (1e+1e, 4o), ncore = 7, nvir = 37
natorb = False
canonicalization = True
sorting_mo_energy = False
max_memory 4000 MB (current use 552 MB)
******** <class 'pyscf.fci.direct_spin1.FCISolver'> ********
max. cycles = 200
conv_tol = 1e-08
davidson only = False
linear dependence = 1e-12
level shift = 0.001
max iter space = 12
max_memory 4000 MB
nroots = 1
pspace_size = 400
spin = None
Density matrix diagonal elements [1.93440792e+00 6.55458419e-02 4.55763254e-05 6.65540651e-07]
CASCI converged
CASCI E = -77.9964491173112  E(CI) = -1.21434371153332  S^2 = 0.0000000

******** <class 'pyscf.mcscf.casci.CASCI'> ********
CAS (1e+1e, 4o), ncore = 7, nvir = 37
natorb = False
canonicalization = True
sorting_mo_energy = False
max_memory 4000 MB (current use 552 MB)
******** <class 'pyscf.fci.direct_spin1.FCISolver'> ********
max. cycles = 200
conv_tol = 1e-08
davidson only = False
linear dependence = 1e-12
level shift = 0.001
max iter space = 12
max_memory 4000 MB
nroots = 1
pspace_size = 400
spin = None
Density matrix diagonal elements [1.93443524e+00 6.55129199e-02 4.68977524e-05 4.94037971e-06]
CASCI converged
CASCI E = -77.9964637635270  E(CI) = -1.21435835774912  S^2 = 0.0000000

******** <class 'pyscf.mcscf.casci.CASCI'> ********
CAS (1e+1e, 4o), ncore = 7, nvir = 37
natorb = False
canonicalization = True
sorting_mo_energy = False
max_memory 4000 MB (current use 552 MB)
******** <class 'pyscf.fci.direct_spin1.FCISolver'> ********
max. cycles = 200
conv_tol = 1e-08
davidson only = False
linear dependence = 1e-12
level shift = 0.001
max iter space = 12
max_memory 4000 MB
nroots = 1
pspace_size = 400
spin = None
Density matrix diagonal elements [1.93441227e+00 6.55395294e-02 4.61470822e-05 2.05092113e-06]
CASCI converged
CASCI E = -77.9964545125619  E(CI) = -1.21434910678404  S^2 = 0.0000000

******** <class 'pyscf.mcscf.casci.CASCI'> ********
CAS (1e+1e, 4o), ncore = 7, nvir = 37
natorb = False
canonicalization = True
sorting_mo_energy = False
max_memory 4000 MB (current use 552 MB)
******** <class 'pyscf.fci.direct_spin1.FCISolver'> ********
max. cycles = 200
conv_tol = 1e-08
davidson only = False
linear dependence = 1e-12
level shift = 0.001
max iter space = 12
max_memory 4000 MB
nroots = 1
pspace_size = 400
spin = None
Density matrix diagonal elements [1.93440838e+00 6.55455049e-02 4.55378979e-05 5.81150045e-07]
CASCI converged
CASCI E = -77.9964491425592  E(CI) = -1.21434373678136  S^2 = 0.0000000

******** <class 'pyscf.mcscf.casci.CASCI'> ********
CAS (1e+1e, 4o), ncore = 7, nvir = 37
natorb = False
canonicalization = True
sorting_mo_energy = False
max_memory 4000 MB (current use 552 MB)
******** <class 'pyscf.fci.direct_spin1.FCISolver'> ********
max. cycles = 200
conv_tol = 1e-08
davidson only = False
linear dependence = 1e-12
level shift = 0.001
max iter space = 12
max_memory 4000 MB
nroots = 1
pspace_size = 400
spin = None
Density matrix diagonal elements [1.93367900e+00 6.47967021e-02 8.24915567e-04 6.99377585e-04]
CASCI converged
CASCI E = -77.9974572773168  E(CI) = -1.21535187153891  S^2 = 0.0000000

******** <class 'pyscf.mcscf.casci.CASCI'> ********
CAS (1e+1e, 4o), ncore = 7, nvir = 37
natorb = False
canonicalization = True
sorting_mo_energy = False
max_memory 4000 MB (current use 552 MB)
******** <class 'pyscf.fci.direct_spin1.FCISolver'> ********
max. cycles = 200
conv_tol = 1e-08
davidson only = False
linear dependence = 1e-12
level shift = 0.001
max iter space = 12
max_memory 4000 MB
nroots = 1
pspace_size = 400
spin = None
Density matrix diagonal elements [1.93406150e+00 6.54162171e-02 4.78641159e-04 4.36405511e-05]
CASCI converged
CASCI E = -77.9967666524470  E(CI) = -1.21466124666915  S^2 = 0.0000000

******** <class 'pyscf.mcscf.casci.CASCI'> ********
CAS (1e+1e, 4o), ncore = 7, nvir = 37
natorb = False
canonicalization = True
sorting_mo_energy = False
max_memory 4000 MB (current use 552 MB)
******** <class 'pyscf.fci.direct_spin1.FCISolver'> ********
max. cycles = 200
conv_tol = 1e-08
davidson only = False
linear dependence = 1e-12
level shift = 0.001
max iter space = 12
max_memory 4000 MB
nroots = 1
pspace_size = 400
spin = None
Density matrix diagonal elements [1.93329565e+00 6.35149191e-02 4.26948180e-04 2.76248763e-03]
CASCI converged
CASCI E = -77.9988819588940  E(CI) = -1.21677655311612  S^2 = 0.0000000

******** <class 'pyscf.mcscf.casci.CASCI'> ********
CAS (1e+1e, 4o), ncore = 7, nvir = 37
natorb = False
canonicalization = True
sorting_mo_energy = False
max_memory 4000 MB (current use 552 MB)
******** <class 'pyscf.fci.direct_spin1.FCISolver'> ********
max. cycles = 200
conv_tol = 1e-08
davidson only = False
linear dependence = 1e-12
level shift = 0.001
max iter space = 12
max_memory 4000 MB
nroots = 1
pspace_size = 400
spin = None
Density matrix diagonal elements [1.93444671e+00 6.49650447e-02 4.82883847e-04 1.05358063e-04]
CASCI converged
CASCI E = -77.9968276480257  E(CI) = -1.21472224224787  S^2 = 0.0000000

******** <class 'pyscf.mcscf.casci.CASCI'> ********
CAS (1e+1e, 4o), ncore = 7, nvir = 37
natorb = False
canonicalization = True
sorting_mo_energy = False
max_memory 4000 MB (current use 552 MB)
******** <class 'pyscf.fci.direct_spin1.FCISolver'> ********
max. cycles = 200
conv_tol = 1e-08
davidson only = False
linear dependence = 1e-12
level shift = 0.001
max iter space = 12
max_memory 4000 MB
nroots = 1
pspace_size = 400
spin = None
Density matrix diagonal elements [1.91538235e+00 7.63670701e-02 4.74661080e-04 7.77591762e-03]
CASCI converged
CASCI E = -78.0054335231329  E(CI) = -1.22332811735502  S^2 = 0.0000000

******** <class 'pyscf.mcscf.casci.CASCI'> ********
CAS (1e+1e, 4o), ncore = 7, nvir = 37
natorb = False
canonicalization = True
sorting_mo_energy = False
max_memory 4000 MB (current use 552 MB)
******** <class 'pyscf.fci.direct_spin1.FCISolver'> ********
max. cycles = 200
conv_tol = 1e-08
davidson only = False
linear dependence = 1e-12
level shift = 0.001
max iter space = 12
max_memory 4000 MB
nroots = 1
pspace_size = 400
spin = None
Density matrix diagonal elements [1.93411032e+00 6.53666029e-02 4.86805962e-04 3.62731777e-05]
CASCI converged
CASCI E = -77.9967720609135  E(CI) = -1.21466665513567  S^2 = 0.0000000

******** <class 'pyscf.mcscf.casci.CASCI'> ********
CAS (1e+1e, 4o), ncore = 7, nvir = 37
natorb = False
canonicalization = True
sorting_mo_energy = False
max_memory 4000 MB (current use 552 MB)
******** <class 'pyscf.fci.direct_spin1.FCISolver'> ********
max. cycles = 200
conv_tol = 1e-08
davidson only = False
linear dependence = 1e-12
level shift = 0.001
max iter space = 12
max_memory 4000 MB
nroots = 1
pspace_size = 400
spin = None
Density matrix diagonal elements [1.93413887e+00 6.53139991e-02 4.83931509e-04 6.31969535e-05]
CASCI converged
CASCI E = -77.9967973793537  E(CI) = -1.21469197357584  S^2 = 0.0000000

******** <class 'pyscf.mcscf.casci.CASCI'> ********
CAS (1e+1e, 4o), ncore = 7, nvir = 37
natorb = False
canonicalization = True
sorting_mo_energy = False
max_memory 4000 MB (current use 552 MB)
******** <class 'pyscf.fci.direct_spin1.FCISolver'> ********
max. cycles = 200
conv_tol = 1e-08
davidson only = False
linear dependence = 1e-12
level shift = 0.001
max iter space = 12
max_memory 4000 MB
nroots = 1
pspace_size = 400
spin = None
Density matrix diagonal elements [1.93408137e+00 6.54246590e-02 4.81849893e-04 1.21211496e-05]
CASCI converged
CASCI E = -77.9967459217179  E(CI) = -1.21464051594005  S^2 = 0.0000000

******** <class 'pyscf.mcscf.casci.CASCI'> ********
CAS (1e+1e, 4o), ncore = 7, nvir = 37
natorb = False
canonicalization = True
sorting_mo_energy = False
max_memory 4000 MB (current use 552 MB)
******** <class 'pyscf.fci.direct_spin1.FCISolver'> ********
max. cycles = 200
conv_tol = 1e-08
davidson only = False
linear dependence = 1e-12
level shift = 0.001
max iter space = 12
max_memory 4000 MB
nroots = 1
pspace_size = 400
spin = None
Density matrix diagonal elements [1.93408420e+00 6.54216780e-02 4.84619935e-04 9.50425939e-06]
CASCI converged
CASCI E = -77.9967437537505  E(CI) = -1.21463834797261  S^2 = 0.0000000

******** <class 'pyscf.mcscf.casci.CASCI'> ********
CAS (1e+1e, 4o), ncore = 7, nvir = 37
natorb = False
canonicalization = True
sorting_mo_energy = False
max_memory 4000 MB (current use 552 MB)
******** <class 'pyscf.fci.direct_spin1.FCISolver'> ********
max. cycles = 200
conv_tol = 1e-08
davidson only = False
linear dependence = 1e-12
level shift = 0.001
max iter space = 12
max_memory 4000 MB
nroots = 1
pspace_size = 400
spin = None
Density matrix diagonal elements [1.93410865e+00 6.53599998e-02 4.78170604e-04 5.31825967e-05]
CASCI converged
CASCI E = -77.9967919513008  E(CI) = -1.21468654552289  S^2 = 0.0000000

******** <class 'pyscf.mcscf.casci.CASCI'> ********
CAS (1e+1e, 4o), ncore = 7, nvir = 37
natorb = False
canonicalization = True
sorting_mo_energy = False
max_memory 4000 MB (current use 552 MB)
******** <class 'pyscf.fci.direct_spin1.FCISolver'> ********
max. cycles = 200
conv_tol = 1e-08
davidson only = False
linear dependence = 1e-12
level shift = 0.001
max iter space = 12
max_memory 4000 MB
nroots = 1
pspace_size = 400
spin = None
Density matrix diagonal elements [1.93408944e+00 6.54224502e-02 4.84429088e-04 3.68325659e-06]
CASCI converged
CASCI E = -77.9967392622107  E(CI) = -1.21463385643280  S^2 = 0.0000000

******** <class 'pyscf.mcscf.casci.CASCI'> ********
CAS (1e+1e, 4o), ncore = 7, nvir = 37
natorb = False
canonicalization = True
sorting_mo_energy = False
max_memory 4000 MB (current use 552 MB)
******** <class 'pyscf.fci.direct_spin1.FCISolver'> ********
max. cycles = 200
conv_tol = 1e-08
davidson only = False
linear dependence = 1e-12
level shift = 0.001
max iter space = 12
max_memory 4000 MB
nroots = 1
pspace_size = 400
spin = None
Density matrix diagonal elements [1.93428947e+00 6.50838912e-02 4.83657736e-04 1.42977705e-04]
CASCI converged
CASCI E = -77.9969510063563  E(CI) = -1.21484560057841  S^2 = 0.0000000

******** <class 'pyscf.mcscf.casci.CASCI'> ********
CAS (1e+1e, 4o), ncore = 7, nvir = 37
natorb = False
canonicalization = True
sorting_mo_energy = False
max_memory 4000 MB (current use 552 MB)
******** <class 'pyscf.fci.direct_spin1.FCISolver'> ********
max. cycles = 200
conv_tol = 1e-08
davidson only = False
linear dependence = 1e-12
level shift = 0.001
max iter space = 12
max_memory 4000 MB
nroots = 1
pspace_size = 400
spin = None
Density matrix diagonal elements [1.93421463e+00 6.52723323e-02 4.84634056e-04 2.84020940e-05]
CASCI converged
CASCI E = -77.9967796371688  E(CI) = -1.21467423139092  S^2 = 0.0000000

******** <class 'pyscf.mcscf.casci.CASCI'> ********
CAS (1e+1e, 4o), ncore = 7, nvir = 37
natorb = False
canonicalization = True
sorting_mo_energy = False
max_memory 4000 MB (current use 552 MB)
******** <class 'pyscf.fci.direct_spin1.FCISolver'> ********
max. cycles = 200
conv_tol = 1e-08
davidson only = False
linear dependence = 1e-12
level shift = 0.001
max iter space = 12
max_memory 4000 MB
nroots = 1
pspace_size = 400
spin = None
Density matrix diagonal elements [1.93381784e+00 6.54231040e-02 4.77349195e-04 2.81706781e-04]
CASCI converged
CASCI E = -77.9971732529351  E(CI) = -1.21506784715723  S^2 = 0.0000000

******** <class 'pyscf.mcscf.casci.CASCI'> ********
CAS (1e+1e, 4o), ncore = 7, nvir = 37
natorb = False
canonicalization = True
sorting_mo_energy = False
max_memory 4000 MB (current use 552 MB)
******** <class 'pyscf.fci.direct_spin1.FCISolver'> ********
max. cycles = 200
conv_tol = 1e-08
davidson only = False
linear dependence = 1e-12
level shift = 0.001
max iter space = 12
max_memory 4000 MB
nroots = 1
pspace_size = 400
spin = None
Density matrix diagonal elements [1.93407831e+00 6.54365897e-02 4.84880250e-04 2.20030100e-07]
CASCI converged
CASCI E = -77.9967344494540  E(CI) = -1.21462904367611  S^2 = 0.0000000

******** <class 'pyscf.mcscf.casci.CASCI'> ********
CAS (1e+1e, 4o), ncore = 7, nvir = 37
natorb = False
canonicalization = True
sorting_mo_energy = False
max_memory 4000 MB (current use 552 MB)
******** <class 'pyscf.fci.direct_spin1.FCISolver'> ********
max. cycles = 200
conv_tol = 1e-08
davidson only = False
linear dependence = 1e-12
level shift = 0.001
max iter space = 12
max_memory 4000 MB
nroots = 1
pspace_size = 400
spin = None
Density matrix diagonal elements [1.93407804e+00 6.54366954e-02 4.84829497e-04 4.32095587e-07]
CASCI converged
CASCI E = -77.9967348938303  E(CI) = -1.21462948805240  S^2 = 0.0000000

******** <class 'pyscf.mcscf.casci.CASCI'> ********
CAS (1e+1e, 4o), ncore = 7, nvir = 37
natorb = False
canonicalization = True
sorting_mo_energy = False
max_memory 4000 MB (current use 552 MB)
******** <class 'pyscf.fci.direct_spin1.FCISolver'> ********
max. cycles = 200
conv_tol = 1e-08
davidson only = False
linear dependence = 1e-12
level shift = 0.001
max iter space = 12
max_memory 4000 MB
nroots = 1
pspace_size = 400
spin = None
Density matrix diagonal elements [1.93407285e+00 6.54068686e-02 4.93747234e-04 2.65343648e-05]
CASCI converged
CASCI E = -77.9967961307210  E(CI) = -1.21469072494311  S^2 = 0.0000000

******** <class 'pyscf.mcscf.casci.CASCI'> ********
CAS (1e+1e, 4o), ncore = 7, nvir = 37
natorb = False
canonicalization = True
sorting_mo_energy = False
max_memory 4000 MB (current use 552 MB)
******** <class 'pyscf.fci.direct_spin1.FCISolver'> ********
max. cycles = 200
conv_tol = 1e-08
davidson only = False
linear dependence = 1e-12
level shift = 0.001
max iter space = 12
max_memory 4000 MB
nroots = 1
pspace_size = 400
spin = None
Density matrix diagonal elements [1.93370076e+00 6.57279335e-02 4.83749376e-04 8.75606946e-05]
CASCI converged
CASCI E = -77.9969374344481  E(CI) = -1.21483202867024  S^2 = 0.0000000

******** <class 'pyscf.mcscf.casci.CASCI'> ********
CAS (1e+1e, 4o), ncore = 7, nvir = 37
natorb = False
canonicalization = True
sorting_mo_energy = False
max_memory 4000 MB (current use 552 MB)
******** <class 'pyscf.fci.direct_spin1.FCISolver'> ********
max. cycles = 200
conv_tol = 1e-08
davidson only = False
linear dependence = 1e-12
level shift = 0.001
max iter space = 12
max_memory 4000 MB
nroots = 1
pspace_size = 400
spin = None
Density matrix diagonal elements [1.93410213e+00 6.54044858e-02 4.83676488e-04 9.70588987e-06]
CASCI converged
CASCI E = -77.9967547340667  E(CI) = -1.21464932828884  S^2 = 0.0000000

******** <class 'pyscf.mcscf.casci.CASCI'> ********
CAS (1e+1e, 4o), ncore = 7, nvir = 37
natorb = False
canonicalization = True
sorting_mo_energy = False
max_memory 4000 MB (current use 552 MB)
******** <class 'pyscf.fci.direct_spin1.FCISolver'> ********
max. cycles = 200
conv_tol = 1e-08
davidson only = False
linear dependence = 1e-12
level shift = 0.001
max iter space = 12
max_memory 4000 MB
nroots = 1
pspace_size = 400
spin = None
Density matrix diagonal elements [1.93407916e+00 6.54344236e-02 4.84458067e-04 1.96270694e-06]
CASCI converged
CASCI E = -77.9967382052992  E(CI) = -1.21463279952135  S^2 = 0.0000000

******** <class 'pyscf.mcscf.casci.CASCI'> ********
CAS (1e+1e, 4o), ncore = 7, nvir = 37
natorb = False
canonicalization = True
sorting_mo_energy = False
max_memory 4000 MB (current use 552 MB)
******** <class 'pyscf.fci.direct_spin1.FCISolver'> ********
max. cycles = 200
conv_tol = 1e-08
davidson only = False
linear dependence = 1e-12
level shift = 0.001
max iter space = 12
max_memory 4000 MB
nroots = 1
pspace_size = 400
spin = None
Density matrix diagonal elements [1.93432904e+00 6.50089212e-02 5.08634186e-04 1.53408597e-04]
CASCI converged
CASCI E = -77.9970735644012  E(CI) = -1.21496815862335  S^2 = 0.0000000

******** <class 'pyscf.mcscf.casci.CASCI'> ********
CAS (1e+1e, 4o), ncore = 7, nvir = 37
natorb = False
canonicalization = True
sorting_mo_energy = False
max_memory 4000 MB (current use 552 MB)
******** <class 'pyscf.fci.direct_spin1.FCISolver'> ********
max. cycles = 200
conv_tol = 1e-08
davidson only = False
linear dependence = 1e-12
level shift = 0.001
max iter space = 12
max_memory 4000 MB
nroots = 1
pspace_size = 400
spin = None
Density matrix diagonal elements [1.93398380e+00 6.54900289e-02 4.84533576e-04 4.16327207e-05]
CASCI converged
CASCI E = -77.9968288975173  E(CI) = -1.21472349173942  S^2 = 0.0000000

******** <class 'pyscf.mcscf.casci.CASCI'> ********
CAS (1e+1e, 4o), ncore = 7, nvir = 37
natorb = False
canonicalization = True
sorting_mo_energy = False
max_memory 4000 MB (current use 552 MB)
******** <class 'pyscf.fci.direct_spin1.FCISolver'> ********
max. cycles = 200
conv_tol = 1e-08
davidson only = False
linear dependence = 1e-12
level shift = 0.001
max iter space = 12
max_memory 4000 MB
nroots = 1
pspace_size = 400
spin = None
Density matrix diagonal elements [1.93415025e+00 6.53083252e-02 4.84209809e-04 5.72195705e-05]
CASCI converged
CASCI E = -77.9968720611015  E(CI) = -1.21476665532366  S^2 = 0.0000000

******** <class 'pyscf.mcscf.casci.CASCI'> ********
CAS (1e+1e, 4o), ncore = 7, nvir = 37
natorb = False
canonicalization = True
sorting_mo_energy = False
max_memory 4000 MB (current use 552 MB)
******** <class 'pyscf.fci.direct_spin1.FCISolver'> ********
max. cycles = 200
conv_tol = 1e-08
davidson only = False
linear dependence = 1e-12
level shift = 0.001
max iter space = 12
max_memory 4000 MB
nroots = 1
pspace_size = 400
spin = None
Density matrix diagonal elements [1.93412431e+00 6.53803146e-02 4.84172676e-04 1.11995347e-05]
CASCI converged
CASCI E = -77.9967625071842  E(CI) = -1.21465710140632  S^2 = 0.0000000

******** <class 'pyscf.mcscf.casci.CASCI'> ********
CAS (1e+1e, 4o), ncore = 7, nvir = 37
natorb = False
canonicalization = True
sorting_mo_energy = False
max_memory 4000 MB (current use 552 MB)
******** <class 'pyscf.fci.direct_spin1.FCISolver'> ********
max. cycles = 200
conv_tol = 1e-08
davidson only = False
linear dependence = 1e-12
level shift = 0.001
max iter space = 12
max_memory 4000 MB
nroots = 1
pspace_size = 400
spin = None
Density matrix diagonal elements [1.93407844e+00 6.54359996e-02 4.84852781e-04 7.03327941e-07]
CASCI converged
CASCI E = -77.9967358803049  E(CI) = -1.21463047452706  S^2 = 0.0000000

******** <class 'pyscf.mcscf.casci.CASCI'> ********
CAS (1e+1e, 4o), ncore = 7, nvir = 37
natorb = False
canonicalization = True
sorting_mo_energy = False
max_memory 4000 MB (current use 552 MB)
******** <class 'pyscf.fci.direct_spin1.FCISolver'> ********
max. cycles = 200
conv_tol = 1e-08
davidson only = False
linear dependence = 1e-12
level shift = 0.001
max iter space = 12
max_memory 4000 MB
nroots = 1
pspace_size = 400
spin = None
Density matrix diagonal elements [1.93407843e+00 6.54230738e-02 4.92762828e-04 5.73712851e-06]
CASCI converged
CASCI E = -77.9967522151296  E(CI) = -1.21464680935179  S^2 = 0.0000000

******** <class 'pyscf.mcscf.casci.CASCI'> ********
CAS (1e+1e, 4o), ncore = 7, nvir = 37
natorb = False
canonicalization = True
sorting_mo_energy = False
max_memory 4000 MB (current use 552 MB)
******** <class 'pyscf.fci.direct_spin1.FCISolver'> ********
max. cycles = 200
conv_tol = 1e-08
davidson only = False
linear dependence = 1e-12
level shift = 0.001
max iter space = 12
max_memory 4000 MB
nroots = 1
pspace_size = 400
spin = None
Density matrix diagonal elements [1.93416766e+00 6.53216670e-02 4.84662425e-04 2.60116328e-05]
CASCI converged
CASCI E = -77.9968048956944  E(CI) = -1.21469948991657  S^2 = 0.0000000

******** <class 'pyscf.mcscf.casci.CASCI'> ********
CAS (1e+1e, 4o), ncore = 7, nvir = 37
natorb = False
canonicalization = True
sorting_mo_energy = False
max_memory 4000 MB (current use 552 MB)
******** <class 'pyscf.fci.direct_spin1.FCISolver'> ********
max. cycles = 200
conv_tol = 1e-08
davidson only = False
linear dependence = 1e-12
level shift = 0.001
max iter space = 12
max_memory 4000 MB
nroots = 1
pspace_size = 400
spin = None
Density matrix diagonal elements [1.93400121e+00 6.54669998e-02 4.83509127e-04 4.82830362e-05]
CASCI converged
CASCI E = -77.9968713765431  E(CI) = -1.21476597076524  S^2 = 0.0000000

******** <class 'pyscf.mcscf.casci.CASCI'> ********
CAS (1e+1e, 4o), ncore = 7, nvir = 37
natorb = False
canonicalization = True
sorting_mo_energy = False
max_memory 4000 MB (current use 552 MB)
******** <class 'pyscf.fci.direct_spin1.FCISolver'> ********
max. cycles = 200
conv_tol = 1e-08
davidson only = False
linear dependence = 1e-12
level shift = 0.001
max iter space = 12
max_memory 4000 MB
nroots = 1
pspace_size = 400
spin = None
Density matrix diagonal elements [1.93408027e+00 6.54338240e-02 4.84265313e-04 1.63859005e-06]
CASCI converged
CASCI E = -77.9967392059868  E(CI) = -1.21463380020892  S^2 = 0.0000000

******** <class 'pyscf.mcscf.casci.CASCI'> ********
CAS (1e+1e, 4o), ncore = 7, nvir = 37
natorb = False
canonicalization = True
sorting_mo_energy = False
max_memory 4000 MB (current use 552 MB)
******** <class 'pyscf.fci.direct_spin1.FCISolver'> ********
max. cycles = 200
conv_tol = 1e-08
davidson only = False
linear dependence = 1e-12
level shift = 0.001
max iter space = 12
max_memory 4000 MB
nroots = 1
pspace_size = 400
spin = None
Density matrix diagonal elements [1.93407891e+00 6.54355303e-02 4.84907871e-04 6.49807356e-07]
CASCI converged
CASCI E = -77.9967360904232  E(CI) = -1.21463068464533  S^2 = 0.0000000

******** <class 'pyscf.mcscf.casci.CASCI'> ********
CAS (1e+1e, 4o), ncore = 7, nvir = 37
natorb = False
canonicalization = True
sorting_mo_energy = False
max_memory 4000 MB (current use 552 MB)
******** <class 'pyscf.fci.direct_spin1.FCISolver'> ********
max. cycles = 200
conv_tol = 1e-08
davidson only = False
linear dependence = 1e-12
level shift = 0.001
max iter space = 12
max_memory 4000 MB
nroots = 1
pspace_size = 400
spin = None
Density matrix diagonal elements [1.93409361e+00 6.54194305e-02 4.83882397e-04 3.07549501e-06]
CASCI converged
CASCI E = -77.9967438071981  E(CI) = -1.21463840142027  S^2 = 0.0000000

******** <class 'pyscf.mcscf.casci.CASCI'> ********
CAS (1e+1e, 4o), ncore = 7, nvir = 37
natorb = False
canonicalization = True
sorting_mo_energy = False
max_memory 4000 MB (current use 552 MB)
******** <class 'pyscf.fci.direct_spin1.FCISolver'> ********
max. cycles = 200
conv_tol = 1e-08
davidson only = False
linear dependence = 1e-12
level shift = 0.001
max iter space = 12
max_memory 4000 MB
nroots = 1
pspace_size = 400
spin = None
Density matrix diagonal elements [1.93408169e+00 6.54322822e-02 4.84698386e-04 1.32520930e-06]
CASCI converged
CASCI E = -77.9967386069783  E(CI) = -1.21463320120048  S^2 = 0.0000000

******** <class 'pyscf.mcscf.casci.CASCI'> ********
CAS (1e+1e, 4o), ncore = 7, nvir = 37
natorb = False
canonicalization = True
sorting_mo_energy = False
max_memory 4000 MB (current use 552 MB)
******** <class 'pyscf.fci.direct_spin1.FCISolver'> ********
max. cycles = 200
conv_tol = 1e-08
davidson only = False
linear dependence = 1e-12
level shift = 0.001
max iter space = 12
max_memory 4000 MB
nroots = 1
pspace_size = 400
spin = None
Density matrix diagonal elements [1.93407937e+00 6.54351210e-02 4.84933518e-04 5.78805218e-07]
CASCI converged
CASCI E = -77.9967361574654  E(CI) = -1.21463075168754  S^2 = 0.0000000

******** <class 'pyscf.mcscf.casci.CASCI'> ********
CAS (1e+1e, 4o), ncore = 7, nvir = 37
natorb = False
canonicalization = True
sorting_mo_energy = False
max_memory 4000 MB (current use 552 MB)
******** <class 'pyscf.fci.direct_spin1.FCISolver'> ********
max. cycles = 200
conv_tol = 1e-08
davidson only = False
linear dependence = 1e-12
level shift = 0.001
max iter space = 12
max_memory 4000 MB
nroots = 1
pspace_size = 400
spin = None
Density matrix diagonal elements [1.93444555e+00 6.51655130e-02 3.43262900e-04 4.56750361e-05]
CASCI converged
CASCI E = -77.9967199769963  E(CI) = -1.21461457121841  S^2 = 0.0000000

******** <class 'pyscf.mcscf.casci.CASCI'> ********
CAS (1e+1e, 4o), ncore = 7, nvir = 37
natorb = False
canonicalization = True
sorting_mo_energy = False
max_memory 4000 MB (current use 552 MB)
******** <class 'pyscf.fci.direct_spin1.FCISolver'> ********
max. cycles = 200
conv_tol = 1e-08
davidson only = False
linear dependence = 1e-12
level shift = 0.001
max iter space = 12
max_memory 4000 MB
nroots = 1
pspace_size = 400
spin = None
Density matrix diagonal elements [1.93364980e+00 6.32786489e-02 3.03431584e-04 2.76812119e-03]
CASCI converged
CASCI E = -77.9988379667602  E(CI) = -1.21673256098235  S^2 = 0.0000000

******** <class 'pyscf.mcscf.casci.CASCI'> ********
CAS (1e+1e, 4o), ncore = 7, nvir = 37
natorb = False
canonicalization = True
sorting_mo_energy = False
max_memory 4000 MB (current use 552 MB)
******** <class 'pyscf.fci.direct_spin1.FCISolver'> ********
max. cycles = 200
conv_tol = 1e-08
davidson only = False
linear dependence = 1e-12
level shift = 0.001
max iter space = 12
max_memory 4000 MB
nroots = 1
pspace_size = 400
spin = None
Density matrix diagonal elements [1.93481937e+00 6.47625293e-02 3.27994108e-04 9.01027605e-05]
CASCI converged
CASCI E = -77.9967656813512  E(CI) = -1.21466027557337  S^2 = 0.0000000

******** <class 'pyscf.mcscf.casci.CASCI'> ********
CAS (1e+1e, 4o), ncore = 7, nvir = 37
natorb = False
canonicalization = True
sorting_mo_energy = False
max_memory 4000 MB (current use 552 MB)
******** <class 'pyscf.fci.direct_spin1.FCISolver'> ********
max. cycles = 200
conv_tol = 1e-08
davidson only = False
linear dependence = 1e-12
level shift = 0.001
max iter space = 12
max_memory 4000 MB
nroots = 1
pspace_size = 400
spin = None
Density matrix diagonal elements [1.91566565e+00 7.61481145e-02 3.83525379e-04 7.80270977e-03]
CASCI converged
CASCI E = -78.0054200369225  E(CI) = -1.22331463114460  S^2 = 0.0000000

******** <class 'pyscf.mcscf.casci.CASCI'> ********
CAS (1e+1e, 4o), ncore = 7, nvir = 37
natorb = False
canonicalization = True
sorting_mo_energy = False
max_memory 4000 MB (current use 552 MB)
******** <class 'pyscf.fci.direct_spin1.FCISolver'> ********
max. cycles = 200
conv_tol = 1e-08
davidson only = False
linear dependence = 1e-12
level shift = 0.001
max iter space = 12
max_memory 4000 MB
nroots = 1
pspace_size = 400
spin = None
Density matrix diagonal elements [1.93449881e+00 6.51172487e-02 3.47300394e-04 3.66393181e-05]
CASCI converged
CASCI E = -77.9967265698777  E(CI) = -1.21462116409984  S^2 = 0.0000000

******** <class 'pyscf.mcscf.casci.CASCI'> ********
CAS (1e+1e, 4o), ncore = 7, nvir = 37
natorb = False
canonicalization = True
sorting_mo_energy = False
max_memory 4000 MB (current use 552 MB)
******** <class 'pyscf.fci.direct_spin1.FCISolver'> ********
max. cycles = 200
conv_tol = 1e-08
davidson only = False
linear dependence = 1e-12
level shift = 0.001
max iter space = 12
max_memory 4000 MB
nroots = 1
pspace_size = 400
spin = None
Density matrix diagonal elements [1.93452799e+00 6.50658361e-02 3.44232223e-04 6.19389005e-05]
CASCI converged
CASCI E = -77.9967479090492  E(CI) = -1.21464250327134  S^2 = 0.0000000

******** <class 'pyscf.mcscf.casci.CASCI'> ********
CAS (1e+1e, 4o), ncore = 7, nvir = 37
natorb = False
canonicalization = True
sorting_mo_energy = False
max_memory 4000 MB (current use 552 MB)
******** <class 'pyscf.fci.direct_spin1.FCISolver'> ********
max. cycles = 200
conv_tol = 1e-08
davidson only = False
linear dependence = 1e-12
level shift = 0.001
max iter space = 12
max_memory 4000 MB
nroots = 1
pspace_size = 400
spin = None
Density matrix diagonal elements [1.93446778e+00 6.51723189e-02 3.46112993e-04 1.37928547e-05]
CASCI converged
CASCI E = -77.9966993646771  E(CI) = -1.21459395889930  S^2 = 0.0000000

******** <class 'pyscf.mcscf.casci.CASCI'> ********
CAS (1e+1e, 4o), ncore = 7, nvir = 37
natorb = False
canonicalization = True
sorting_mo_energy = False
max_memory 4000 MB (current use 552 MB)
******** <class 'pyscf.fci.direct_spin1.FCISolver'> ********
max. cycles = 200
conv_tol = 1e-08
davidson only = False
linear dependence = 1e-12
level shift = 0.001
max iter space = 12
max_memory 4000 MB
nroots = 1
pspace_size = 400
spin = None
Density matrix diagonal elements [1.93447342e+00 6.51710627e-02 3.46193548e-04 9.32428241e-06]
CASCI converged
CASCI E = -77.9966953647988  E(CI) = -1.21458995902094  S^2 = 0.0000000

******** <class 'pyscf.mcscf.casci.CASCI'> ********
CAS (1e+1e, 4o), ncore = 7, nvir = 37
natorb = False
canonicalization = True
sorting_mo_energy = False
max_memory 4000 MB (current use 552 MB)
******** <class 'pyscf.fci.direct_spin1.FCISolver'> ********
max. cycles = 200
conv_tol = 1e-08
davidson only = False
linear dependence = 1e-12
level shift = 0.001
max iter space = 12
max_memory 4000 MB
nroots = 1
pspace_size = 400
spin = None
Density matrix diagonal elements [1.93449223e+00 6.51062392e-02 3.45259219e-04 5.62707492e-05]
CASCI converged
CASCI E = -77.9967471264466  E(CI) = -1.21464172066871  S^2 = 0.0000000

******** <class 'pyscf.mcscf.casci.CASCI'> ********
CAS (1e+1e, 4o), ncore = 7, nvir = 37
natorb = False
canonicalization = True
sorting_mo_energy = False
max_memory 4000 MB (current use 552 MB)
******** <class 'pyscf.fci.direct_spin1.FCISolver'> ********
max. cycles = 200
conv_tol = 1e-08
davidson only = False
linear dependence = 1e-12
level shift = 0.001
max iter space = 12
max_memory 4000 MB
nroots = 1
pspace_size = 400
spin = None
Density matrix diagonal elements [1.93447839e+00 6.51720174e-02 3.46039746e-04 3.55446758e-06]
CASCI converged
CASCI E = -77.9966908741151  E(CI) = -1.21458546833729  S^2 = 0.0000000

******** <class 'pyscf.mcscf.casci.CASCI'> ********
CAS (1e+1e, 4o), ncore = 7, nvir = 37
natorb = False
canonicalization = True
sorting_mo_energy = False
max_memory 4000 MB (current use 552 MB)
******** <class 'pyscf.fci.direct_spin1.FCISolver'> ********
max. cycles = 200
conv_tol = 1e-08
davidson only = False
linear dependence = 1e-12
level shift = 0.001
max iter space = 12
max_memory 4000 MB
nroots = 1
pspace_size = 400
spin = None
Density matrix diagonal elements [1.93467735e+00 6.48334788e-02 3.46005634e-04 1.43168807e-04]
CASCI converged
CASCI E = -77.9969030893724  E(CI) = -1.21479768359453  S^2 = 0.0000000

******** <class 'pyscf.mcscf.casci.CASCI'> ********
CAS (1e+1e, 4o), ncore = 7, nvir = 37
natorb = False
canonicalization = True
sorting_mo_energy = False
max_memory 4000 MB (current use 552 MB)
******** <class 'pyscf.fci.direct_spin1.FCISolver'> ********
max. cycles = 200
conv_tol = 1e-08
davidson only = False
linear dependence = 1e-12
level shift = 0.001
max iter space = 12
max_memory 4000 MB
nroots = 1
pspace_size = 400
spin = None
Density matrix diagonal elements [1.93460348e+00 6.50216902e-02 3.46433574e-04 2.83977060e-05]
CASCI converged
CASCI E = -77.9967314254546  E(CI) = -1.21462601967673  S^2 = 0.0000000

******** <class 'pyscf.mcscf.casci.CASCI'> ********
CAS (1e+1e, 4o), ncore = 7, nvir = 37
natorb = False
canonicalization = True
sorting_mo_energy = False
max_memory 4000 MB (current use 552 MB)
******** <class 'pyscf.fci.direct_spin1.FCISolver'> ********
max. cycles = 200
conv_tol = 1e-08
davidson only = False
linear dependence = 1e-12
level shift = 0.001
max iter space = 12
max_memory 4000 MB
nroots = 1
pspace_size = 400
spin = None
Density matrix diagonal elements [1.93419746e+00 6.51759686e-02 3.43358713e-04 2.83216093e-04]
CASCI converged
CASCI E = -77.9971274073670  E(CI) = -1.21502200158920  S^2 = 0.0000000

******** <class 'pyscf.mcscf.casci.CASCI'> ********
CAS (1e+1e, 4o), ncore = 7, nvir = 37
natorb = False
canonicalization = True
sorting_mo_energy = False
max_memory 4000 MB (current use 552 MB)
******** <class 'pyscf.fci.direct_spin1.FCISolver'> ********
max. cycles = 200
conv_tol = 1e-08
davidson only = False
linear dependence = 1e-12
level shift = 0.001
max iter space = 12
max_memory 4000 MB
nroots = 1
pspace_size = 400
spin = None
Density matrix diagonal elements [1.93446744e+00 6.51858371e-02 3.46550287e-04 1.76194143e-07]
CASCI converged
CASCI E = -77.9966861567126  E(CI) = -1.21458075093472  S^2 = 0.0000000

******** <class 'pyscf.mcscf.casci.CASCI'> ********
CAS (1e+1e, 4o), ncore = 7, nvir = 37
natorb = False
canonicalization = True
sorting_mo_energy = False
max_memory 4000 MB (current use 552 MB)
******** <class 'pyscf.fci.direct_spin1.FCISolver'> ********
max. cycles = 200
conv_tol = 1e-08
davidson only = False
linear dependence = 1e-12
level shift = 0.001
max iter space = 12
max_memory 4000 MB
nroots = 1
pspace_size = 400
spin = None
Density matrix diagonal elements [1.93446727e+00 6.51858579e-02 3.46489546e-04 3.84312990e-07]
CASCI converged
CASCI E = -77.9966865914181  E(CI) = -1.21458118564020  S^2 = 0.0000000

******** <class 'pyscf.mcscf.casci.CASCI'> ********
CAS (1e+1e, 4o), ncore = 7, nvir = 37
natorb = False
canonicalization = True
sorting_mo_energy = False
max_memory 4000 MB (current use 552 MB)
******** <class 'pyscf.fci.direct_spin1.FCISolver'> ********
max. cycles = 200
conv_tol = 1e-08
davidson only = False
linear dependence = 1e-12
level shift = 0.001
max iter space = 12
max_memory 4000 MB
nroots = 1
pspace_size = 400
spin = None
Density matrix diagonal elements [1.93441720e+00 6.51530376e-02 3.88472397e-04 4.12908713e-05]
CASCI converged
CASCI E = -77.9967886292077  E(CI) = -1.21468322342989  S^2 = 0.0000000

******** <class 'pyscf.mcscf.casci.CASCI'> ********
CAS (1e+1e, 4o), ncore = 7, nvir = 37
natorb = False
canonicalization = True
sorting_mo_energy = False
max_memory 4000 MB (current use 552 MB)
******** <class 'pyscf.fci.direct_spin1.FCISolver'> ********
max. cycles = 200
conv_tol = 1e-08
davidson only = False
linear dependence = 1e-12
level shift = 0.001
max iter space = 12
max_memory 4000 MB
nroots = 1
pspace_size = 400
spin = None
Density matrix diagonal elements [1.93409452e+00 6.54769733e-02 3.42141754e-04 8.63683400e-05]
CASCI converged
CASCI E = -77.9968864546439  E(CI) = -1.21478104886604  S^2 = 0.0000000

******** <class 'pyscf.mcscf.casci.CASCI'> ********
CAS (1e+1e, 4o), ncore = 7, nvir = 37
natorb = False
canonicalization = True
sorting_mo_energy = False
max_memory 4000 MB (current use 552 MB)
******** <class 'pyscf.fci.direct_spin1.FCISolver'> ********
max. cycles = 200
conv_tol = 1e-08
davidson only = False
linear dependence = 1e-12
level shift = 0.001
max iter space = 12
max_memory 4000 MB
nroots = 1
pspace_size = 400
spin = None
Density matrix diagonal elements [1.93449074e+00 6.51535597e-02 3.45895840e-04 9.80261732e-06]
CASCI converged
CASCI E = -77.9967067366425  E(CI) = -1.21460133086464  S^2 = 0.0000000

******** <class 'pyscf.mcscf.casci.CASCI'> ********
CAS (1e+1e, 4o), ncore = 7, nvir = 37
natorb = False
canonicalization = True
sorting_mo_energy = False
max_memory 4000 MB (current use 552 MB)
******** <class 'pyscf.fci.direct_spin1.FCISolver'> ********
max. cycles = 200
conv_tol = 1e-08
davidson only = False
linear dependence = 1e-12
level shift = 0.001
max iter space = 12
max_memory 4000 MB
nroots = 1
pspace_size = 400
spin = None
Density matrix diagonal elements [1.93446816e+00 6.51832696e-02 3.46521247e-04 2.04840872e-06]
CASCI converged
CASCI E = -77.9966901848020  E(CI) = -1.21458477902416  S^2 = 0.0000000

******** <class 'pyscf.mcscf.casci.CASCI'> ********
CAS (1e+1e, 4o), ncore = 7, nvir = 37
natorb = False
canonicalization = True
sorting_mo_energy = False
max_memory 4000 MB (current use 552 MB)
******** <class 'pyscf.fci.direct_spin1.FCISolver'> ********
max. cycles = 200
conv_tol = 1e-08
davidson only = False
linear dependence = 1e-12
level shift = 0.001
max iter space = 12
max_memory 4000 MB
nroots = 1
pspace_size = 400
spin = None
Density matrix diagonal elements [1.93480093e+00 6.46165832e-02 4.01492415e-04 1.80991731e-04]
CASCI converged
CASCI E = -77.9971048126960  E(CI) = -1.21499940691812  S^2 = 0.0000000

******** <class 'pyscf.mcscf.casci.CASCI'> ********
CAS (1e+1e, 4o), ncore = 7, nvir = 37
natorb = False
canonicalization = True
sorting_mo_energy = False
max_memory 4000 MB (current use 552 MB)
******** <class 'pyscf.fci.direct_spin1.FCISolver'> ********
max. cycles = 200
conv_tol = 1e-08
davidson only = False
linear dependence = 1e-12
level shift = 0.001
max iter space = 12
max_memory 4000 MB
nroots = 1
pspace_size = 400
spin = None
Density matrix diagonal elements [1.93436981e+00 6.52410618e-02 3.47208863e-04 4.19170880e-05]
CASCI converged
CASCI E = -77.9967813388980  E(CI) = -1.21467593312018  S^2 = 0.0000000

******** <class 'pyscf.mcscf.casci.CASCI'> ********
CAS (1e+1e, 4o), ncore = 7, nvir = 37
natorb = False
canonicalization = True
sorting_mo_energy = False
max_memory 4000 MB (current use 552 MB)
******** <class 'pyscf.fci.direct_spin1.FCISolver'> ********
max. cycles = 200
conv_tol = 1e-08
davidson only = False
linear dependence = 1e-12
level shift = 0.001
max iter space = 12
max_memory 4000 MB
nroots = 1
pspace_size = 400
spin = None
Density matrix diagonal elements [1.93453882e+00 6.50574607e-02 3.46404324e-04 5.73197008e-05]
CASCI converged
CASCI E = -77.9968240975099  E(CI) = -1.21471869173203  S^2 = 0.0000000

******** <class 'pyscf.mcscf.casci.CASCI'> ********
CAS (1e+1e, 4o), ncore = 7, nvir = 37
natorb = False
canonicalization = True
sorting_mo_energy = False
max_memory 4000 MB (current use 552 MB)
******** <class 'pyscf.fci.direct_spin1.FCISolver'> ********
max. cycles = 200
conv_tol = 1e-08
davidson only = False
linear dependence = 1e-12
level shift = 0.001
max iter space = 12
max_memory 4000 MB
nroots = 1
pspace_size = 400
spin = None
Density matrix diagonal elements [1.93451316e+00 6.51294025e-02 3.46195757e-04 1.12434027e-05]
CASCI converged
CASCI E = -77.9967144146486  E(CI) = -1.21460900887071  S^2 = 0.0000000

******** <class 'pyscf.mcscf.casci.CASCI'> ********
CAS (1e+1e, 4o), ncore = 7, nvir = 37
natorb = False
canonicalization = True
sorting_mo_energy = False
max_memory 4000 MB (current use 552 MB)
******** <class 'pyscf.fci.direct_spin1.FCISolver'> ********
max. cycles = 200
conv_tol = 1e-08
davidson only = False
linear dependence = 1e-12
level shift = 0.001
max iter space = 12
max_memory 4000 MB
nroots = 1
pspace_size = 400
spin = None
Density matrix diagonal elements [1.93446772e+00 6.51849865e-02 3.46601023e-04 6.96407205e-07]
CASCI converged
CASCI E = -77.9966876578464  E(CI) = -1.21458225206860  S^2 = 0.0000000

******** <class 'pyscf.mcscf.casci.CASCI'> ********
CAS (1e+1e, 4o), ncore = 7, nvir = 37
natorb = False
canonicalization = True
sorting_mo_energy = False
max_memory 4000 MB (current use 552 MB)
******** <class 'pyscf.fci.direct_spin1.FCISolver'> ********
max. cycles = 200
conv_tol = 1e-08
davidson only = False
linear dependence = 1e-12
level shift = 0.001
max iter space = 12
max_memory 4000 MB
nroots = 1
pspace_size = 400
spin = None
Density matrix diagonal elements [1.93446906e+00 6.51794728e-02 3.48024970e-04 3.44131928e-06]
CASCI converged
CASCI E = -77.9966965781627  E(CI) = -1.21459117238480  S^2 = 0.0000000

******** <class 'pyscf.mcscf.casci.CASCI'> ********
CAS (1e+1e, 4o), ncore = 7, nvir = 37
natorb = False
canonicalization = True
sorting_mo_energy = False
max_memory 4000 MB (current use 552 MB)
******** <class 'pyscf.fci.direct_spin1.FCISolver'> ********
max. cycles = 200
conv_tol = 1e-08
davidson only = False
linear dependence = 1e-12
level shift = 0.001
max iter space = 12
max_memory 4000 MB
nroots = 1
pspace_size = 400
spin = None
Density matrix diagonal elements [1.93455660e+00 6.50707473e-02 3.46601253e-04 2.60492061e-05]
CASCI converged
CASCI E = -77.9967567935307  E(CI) = -1.21465138775284  S^2 = 0.0000000

******** <class 'pyscf.mcscf.casci.CASCI'> ********
CAS (1e+1e, 4o), ncore = 7, nvir = 37
natorb = False
canonicalization = True
sorting_mo_energy = False
max_memory 4000 MB (current use 552 MB)
******** <class 'pyscf.fci.direct_spin1.FCISolver'> ********
max. cycles = 200
conv_tol = 1e-08
davidson only = False
linear dependence = 1e-12
level shift = 0.001
max iter space = 12
max_memory 4000 MB
nroots = 1
pspace_size = 400
spin = None
Density matrix diagonal elements [1.93438757e+00 6.52169666e-02 3.46829227e-04 4.86339024e-05]
CASCI converged
CASCI E = -77.9968241999259  E(CI) = -1.21471879414804  S^2 = 0.0000000

******** <class 'pyscf.mcscf.casci.CASCI'> ********
CAS (1e+1e, 4o), ncore = 7, nvir = 37
natorb = False
canonicalization = True
sorting_mo_energy = False
max_memory 4000 MB (current use 552 MB)
******** <class 'pyscf.fci.direct_spin1.FCISolver'> ********
max. cycles = 200
conv_tol = 1e-08
davidson only = False
linear dependence = 1e-12
level shift = 0.001
max iter space = 12
max_memory 4000 MB
nroots = 1
pspace_size = 400
spin = None
Density matrix diagonal elements [1.93447250e+00 6.51711954e-02 3.51762810e-04 4.53942811e-06]
CASCI converged
CASCI E = -77.9967021081978  E(CI) = -1.21459670242000  S^2 = 0.0000000

******** <class 'pyscf.mcscf.casci.CASCI'> ********
CAS (1e+1e, 4o), ncore = 7, nvir = 37
natorb = False
canonicalization = True
sorting_mo_energy = False
max_memory 4000 MB (current use 552 MB)
******** <class 'pyscf.fci.direct_spin1.FCISolver'> ********
max. cycles = 200
conv_tol = 1e-08
davidson only = False
linear dependence = 1e-12
level shift = 0.001
max iter space = 12
max_memory 4000 MB
nroots = 1
pspace_size = 400
spin = None
Density matrix diagonal elements [1.93446821e+00 6.51845696e-02 3.46593582e-04 6.30797359e-07]
CASCI converged
CASCI E = -77.9966878253853  E(CI) = -1.21458241960741  S^2 = 0.0000000

******** <class 'pyscf.mcscf.casci.CASCI'> ********
CAS (1e+1e, 4o), ncore = 7, nvir = 37
natorb = False
canonicalization = True
sorting_mo_energy = False
max_memory 4000 MB (current use 552 MB)
******** <class 'pyscf.fci.direct_spin1.FCISolver'> ********
max. cycles = 200
conv_tol = 1e-08
davidson only = False
linear dependence = 1e-12
level shift = 0.001
max iter space = 12
max_memory 4000 MB
nroots = 1
pspace_size = 400
spin = None
Density matrix diagonal elements [1.93448251e+00 6.51676530e-02 3.46569797e-04 3.26473516e-06]
CASCI converged
CASCI E = -77.9966962067878  E(CI) = -1.21459080100992  S^2 = 0.0000000

******** <class 'pyscf.mcscf.casci.CASCI'> ********
CAS (1e+1e, 4o), ncore = 7, nvir = 37
natorb = False
canonicalization = True
sorting_mo_energy = False
max_memory 4000 MB (current use 552 MB)
******** <class 'pyscf.fci.direct_spin1.FCISolver'> ********
max. cycles = 200
conv_tol = 1e-08
davidson only = False
linear dependence = 1e-12
level shift = 0.001
max iter space = 12
max_memory 4000 MB
nroots = 1
pspace_size = 400
spin = None
Density matrix diagonal elements [1.93447088e+00 6.51812612e-02 3.46525675e-04 1.33236750e-06]
CASCI converged
CASCI E = -77.9966904278388  E(CI) = -1.21458502206099  S^2 = 0.0000000

******** <class 'pyscf.mcscf.casci.CASCI'> ********
CAS (1e+1e, 4o), ncore = 7, nvir = 37
natorb = False
canonicalization = True
sorting_mo_energy = False
max_memory 4000 MB (current use 552 MB)
******** <class 'pyscf.fci.direct_spin1.FCISolver'> ********
max. cycles = 200
conv_tol = 1e-08
davidson only = False
linear dependence = 1e-12
level shift = 0.001
max iter space = 12
max_memory 4000 MB
nroots = 1
pspace_size = 400
spin = None
Density matrix diagonal elements [1.93446867e+00 6.51840937e-02 3.46661836e-04 5.72376745e-07]
CASCI converged
CASCI E = -77.9966879295576  E(CI) = -1.21458252377974  S^2 = 0.0000000

******** <class 'pyscf.mcscf.casci.CASCI'> ********
CAS (1e+1e, 4o), ncore = 7, nvir = 37
natorb = False
canonicalization = True
sorting_mo_energy = False
max_memory 4000 MB (current use 552 MB)
******** <class 'pyscf.fci.direct_spin1.FCISolver'> ********
max. cycles = 200
conv_tol = 1e-08
davidson only = False
linear dependence = 1e-12
level shift = 0.001
max iter space = 12
max_memory 4000 MB
nroots = 1
pspace_size = 400
spin = None
Density matrix diagonal elements [1.93348102e+00 6.36687882e-02 4.53669601e-05 2.80482059e-03]
CASCI converged
CASCI E = -77.9986373894594  E(CI) = -1.21653198368155  S^2 = 0.0000000

******** <class 'pyscf.mcscf.casci.CASCI'> ********
CAS (1e+1e, 4o), ncore = 7, nvir = 37
natorb = False
canonicalization = True
sorting_mo_energy = False
max_memory 4000 MB (current use 552 MB)
******** <class 'pyscf.fci.direct_spin1.FCISolver'> ********
max. cycles = 200
conv_tol = 1e-08
davidson only = False
linear dependence = 1e-12
level shift = 0.001
max iter space = 12
max_memory 4000 MB
nroots = 1
pspace_size = 400
spin = None
Density matrix diagonal elements [1.93471674e+00 6.51320526e-02 4.65926077e-05 1.04617655e-04]
CASCI converged
CASCI E = -77.9965475948071  E(CI) = -1.21444218902927  S^2 = 0.0000000

******** <class 'pyscf.mcscf.casci.CASCI'> ********
CAS (1e+1e, 4o), ncore = 7, nvir = 37
natorb = False
canonicalization = True
sorting_mo_energy = False
max_memory 4000 MB (current use 552 MB)
******** <class 'pyscf.fci.direct_spin1.FCISolver'> ********
max. cycles = 200
conv_tol = 1e-08
davidson only = False
linear dependence = 1e-12
level shift = 0.001
max iter space = 12
max_memory 4000 MB
nroots = 1
pspace_size = 400
spin = None
Density matrix diagonal elements [1.91563153e+00 7.65377936e-02 4.84788964e-05 7.78220179e-03]
CASCI converged
CASCI E = -78.0051584198223  E(CI) = -1.22305301404441  S^2 = 0.0000000

******** <class 'pyscf.mcscf.casci.CASCI'> ********
CAS (1e+1e, 4o), ncore = 7, nvir = 37
natorb = False
canonicalization = True
sorting_mo_energy = False
max_memory 4000 MB (current use 552 MB)
******** <class 'pyscf.fci.direct_spin1.FCISolver'> ********
max. cycles = 200
conv_tol = 1e-08
davidson only = False
linear dependence = 1e-12
level shift = 0.001
max iter space = 12
max_memory 4000 MB
nroots = 1
pspace_size = 400
spin = None
Density matrix diagonal elements [1.93438302e+00 6.55357607e-02 4.76846626e-05 3.35305149e-05]
CASCI converged
CASCI E = -77.9964888333321  E(CI) = -1.21438342755425  S^2 = 0.0000000

******** <class 'pyscf.mcscf.casci.CASCI'> ********
CAS (1e+1e, 4o), ncore = 7, nvir = 37
natorb = False
canonicalization = True
sorting_mo_energy = False
max_memory 4000 MB (current use 552 MB)
******** <class 'pyscf.fci.direct_spin1.FCISolver'> ********
max. cycles = 200
conv_tol = 1e-08
davidson only = False
linear dependence = 1e-12
level shift = 0.001
max iter space = 12
max_memory 4000 MB
nroots = 1
pspace_size = 400
spin = None
Density matrix diagonal elements [1.93440904e+00 6.54800687e-02 4.79992180e-05 6.28921862e-05]
CASCI converged
CASCI E = -77.9965177060808  E(CI) = -1.21441230030293  S^2 = 0.0000000

******** <class 'pyscf.mcscf.casci.CASCI'> ********
CAS (1e+1e, 4o), ncore = 7, nvir = 37
natorb = False
canonicalization = True
sorting_mo_energy = False
max_memory 4000 MB (current use 552 MB)
******** <class 'pyscf.fci.direct_spin1.FCISolver'> ********
max. cycles = 200
conv_tol = 1e-08
davidson only = False
linear dependence = 1e-12
level shift = 0.001
max iter space = 12
max_memory 4000 MB
nroots = 1
pspace_size = 400
spin = None
Density matrix diagonal elements [1.93434678e+00 6.55868359e-02 5.07035967e-05 1.56813583e-05]
CASCI converged
CASCI E = -77.9964713021229  E(CI) = -1.21436589634506  S^2 = 0.0000000

******** <class 'pyscf.mcscf.casci.CASCI'> ********
CAS (1e+1e, 4o), ncore = 7, nvir = 37
natorb = False
canonicalization = True
sorting_mo_energy = False
max_memory 4000 MB (current use 552 MB)
******** <class 'pyscf.fci.direct_spin1.FCISolver'> ********
max. cycles = 200
conv_tol = 1e-08
davidson only = False
linear dependence = 1e-12
level shift = 0.001
max iter space = 12
max_memory 4000 MB
nroots = 1
pspace_size = 400
spin = None
Density matrix diagonal elements [1.93435411e+00 6.55876649e-02 4.88410926e-05 9.38134849e-06]
CASCI converged
CASCI E = -77.9964642731854  E(CI) = -1.21435886740758  S^2 = 0.0000000

******** <class 'pyscf.mcscf.casci.CASCI'> ********
CAS (1e+1e, 4o), ncore = 7, nvir = 37
natorb = False
canonicalization = True
sorting_mo_energy = False
max_memory 4000 MB (current use 552 MB)
******** <class 'pyscf.fci.direct_spin1.FCISolver'> ********
max. cycles = 200
conv_tol = 1e-08
davidson only = False
linear dependence = 1e-12
level shift = 0.001
max iter space = 12
max_memory 4000 MB
nroots = 1
pspace_size = 400
spin = None
Density matrix diagonal elements [1.93437250e+00 6.55213188e-02 4.90480083e-05 5.71294128e-05]
CASCI converged
CASCI E = -77.9965169083439  E(CI) = -1.21441150256607  S^2 = 0.0000000

******** <class 'pyscf.mcscf.casci.CASCI'> ********
CAS (1e+1e, 4o), ncore = 7, nvir = 37
natorb = False
canonicalization = True
sorting_mo_energy = False
max_memory 4000 MB (current use 552 MB)
******** <class 'pyscf.fci.direct_spin1.FCISolver'> ********
max. cycles = 200
conv_tol = 1e-08
davidson only = False
linear dependence = 1e-12
level shift = 0.001
max iter space = 12
max_memory 4000 MB
nroots = 1
pspace_size = 400
spin = None
Density matrix diagonal elements [1.93435918e+00 6.55893745e-02 4.81452411e-05 3.29712827e-06]
CASCI converged
CASCI E = -77.9964593528319  E(CI) = -1.21435394705409  S^2 = 0.0000000

******** <class 'pyscf.mcscf.casci.CASCI'> ********
CAS (1e+1e, 4o), ncore = 7, nvir = 37
natorb = False
canonicalization = True
sorting_mo_energy = False
max_memory 4000 MB (current use 552 MB)
******** <class 'pyscf.fci.direct_spin1.FCISolver'> ********
max. cycles = 200
conv_tol = 1e-08
davidson only = False
linear dependence = 1e-12
level shift = 0.001
max iter space = 12
max_memory 4000 MB
nroots = 1
pspace_size = 400
spin = None
Density matrix diagonal elements [1.93455966e+00 6.52490185e-02 4.82966738e-05 1.43025482e-04]
CASCI converged
CASCI E = -77.9966717029291  E(CI) = -1.21456629715128  S^2 = 0.0000000

******** <class 'pyscf.mcscf.casci.CASCI'> ********
CAS (1e+1e, 4o), ncore = 7, nvir = 37
natorb = False
canonicalization = True
sorting_mo_energy = False
max_memory 4000 MB (current use 552 MB)
******** <class 'pyscf.fci.direct_spin1.FCISolver'> ********
max. cycles = 200
conv_tol = 1e-08
davidson only = False
linear dependence = 1e-12
level shift = 0.001
max iter space = 12
max_memory 4000 MB
nroots = 1
pspace_size = 400
spin = None
Density matrix diagonal elements [1.93448466e+00 6.54380784e-02 4.89138827e-05 2.83495176e-05]
CASCI converged
CASCI E = -77.9965001958033  E(CI) = -1.21439479002549  S^2 = 0.0000000

******** <class 'pyscf.mcscf.casci.CASCI'> ********
CAS (1e+1e, 4o), ncore = 7, nvir = 37
natorb = False
canonicalization = True
sorting_mo_energy = False
max_memory 4000 MB (current use 552 MB)
******** <class 'pyscf.fci.direct_spin1.FCISolver'> ********
max. cycles = 200
conv_tol = 1e-08
davidson only = False
linear dependence = 1e-12
level shift = 0.001
max iter space = 12
max_memory 4000 MB
nroots = 1
pspace_size = 400
spin = None
Density matrix diagonal elements [1.93407317e+00 6.55951460e-02 4.76173188e-05 2.84062862e-04]
CASCI converged
CASCI E = -77.9968975339519  E(CI) = -1.21479212817404  S^2 = 0.0000000

******** <class 'pyscf.mcscf.casci.CASCI'> ********
CAS (1e+1e, 4o), ncore = 7, nvir = 37
natorb = False
canonicalization = True
sorting_mo_energy = False
max_memory 4000 MB (current use 552 MB)
******** <class 'pyscf.fci.direct_spin1.FCISolver'> ********
max. cycles = 200
conv_tol = 1e-08
davidson only = False
linear dependence = 1e-12
level shift = 0.001
max iter space = 12
max_memory 4000 MB
nroots = 1
pspace_size = 400
spin = None
Density matrix diagonal elements [1.93434815e+00 6.56023261e-02 4.92827095e-05 2.39442088e-07]
CASCI converged
CASCI E = -77.9964551364649  E(CI) = -1.21434973068708  S^2 = 0.0000000

******** <class 'pyscf.mcscf.casci.CASCI'> ********
CAS (1e+1e, 4o), ncore = 7, nvir = 37
natorb = False
canonicalization = True
sorting_mo_energy = False
max_memory 4000 MB (current use 552 MB)
******** <class 'pyscf.fci.direct_spin1.FCISolver'> ********
max. cycles = 200
conv_tol = 1e-08
davidson only = False
linear dependence = 1e-12
level shift = 0.001
max iter space = 12
max_memory 4000 MB
nroots = 1
pspace_size = 400
spin = None
Density matrix diagonal elements [1.93434693e+00 6.56024883e-02 4.95089084e-05 1.07436171e-06]
CASCI converged
CASCI E = -77.9964573532107  E(CI) = -1.21435194743287  S^2 = 0.0000000

******** <class 'pyscf.mcscf.casci.CASCI'> ********
CAS (1e+1e, 4o), ncore = 7, nvir = 37
natorb = False
canonicalization = True
sorting_mo_energy = False
max_memory 4000 MB (current use 552 MB)
******** <class 'pyscf.fci.direct_spin1.FCISolver'> ********
max. cycles = 200
conv_tol = 1e-08
davidson only = False
linear dependence = 1e-12
level shift = 0.001
max iter space = 12
max_memory 4000 MB
nroots = 1
pspace_size = 400
spin = None
Density matrix diagonal elements [1.93435310e+00 6.55855243e-02 4.88215406e-05 1.25494523e-05]
CASCI converged
CASCI E = -77.9964797787642  E(CI) = -1.21437437298631  S^2 = 0.0000000

******** <class 'pyscf.mcscf.casci.CASCI'> ********
CAS (1e+1e, 4o), ncore = 7, nvir = 37
natorb = False
canonicalization = True
sorting_mo_energy = False
max_memory 4000 MB (current use 552 MB)
******** <class 'pyscf.fci.direct_spin1.FCISolver'> ********
max. cycles = 200
conv_tol = 1e-08
davidson only = False
linear dependence = 1e-12
level shift = 0.001
max iter space = 12
max_memory 4000 MB
nroots = 1
pspace_size = 400
spin = None
Density matrix diagonal elements [1.93396805e+00 6.58947879e-02 4.92824101e-05 8.78753119e-05]
CASCI converged
CASCI E = -77.9966588121188  E(CI) = -1.21455340634093  S^2 = 0.0000000

******** <class 'pyscf.mcscf.casci.CASCI'> ********
CAS (1e+1e, 4o), ncore = 7, nvir = 37
natorb = False
canonicalization = True
sorting_mo_energy = False
max_memory 4000 MB (current use 552 MB)
******** <class 'pyscf.fci.direct_spin1.FCISolver'> ********
max. cycles = 200
conv_tol = 1e-08
davidson only = False
linear dependence = 1e-12
level shift = 0.001
max iter space = 12
max_memory 4000 MB
nroots = 1
pspace_size = 400
spin = None
Density matrix diagonal elements [1.93437149e+00 6.55696560e-02 4.88992872e-05 9.95847032e-06]
CASCI converged
CASCI E = -77.9964759197527  E(CI) = -1.21437051397480  S^2 = 0.0000000

******** <class 'pyscf.mcscf.casci.CASCI'> ********
CAS (1e+1e, 4o), ncore = 7, nvir = 37
natorb = False
canonicalization = True
sorting_mo_energy = False
max_memory 4000 MB (current use 552 MB)
******** <class 'pyscf.fci.direct_spin1.FCISolver'> ********
max. cycles = 200
conv_tol = 1e-08
davidson only = False
linear dependence = 1e-12
level shift = 0.001
max iter space = 12
max_memory 4000 MB
nroots = 1
pspace_size = 400
spin = None
Density matrix diagonal elements [1.93434398e+00 6.55958026e-02 5.48836221e-05 5.33138480e-06]
CASCI converged
CASCI E = -77.9964681110368  E(CI) = -1.21436270525891  S^2 = 0.0000000

******** <class 'pyscf.mcscf.casci.CASCI'> ********
CAS (1e+1e, 4o), ncore = 7, nvir = 37
natorb = False
canonicalization = True
sorting_mo_energy = False
max_memory 4000 MB (current use 552 MB)
******** <class 'pyscf.fci.direct_spin1.FCISolver'> ********
max. cycles = 200
conv_tol = 1e-08
davidson only = False
linear dependence = 1e-12
level shift = 0.001
max iter space = 12
max_memory 4000 MB
nroots = 1
pspace_size = 400
spin = None
Density matrix diagonal elements [1.93460692e+00 6.52134642e-02 4.79667818e-05 1.31648896e-04]
CASCI converged
CASCI E = -77.9967345724430  E(CI) = -1.21462916666513  S^2 = 0.0000000

******** <class 'pyscf.mcscf.casci.CASCI'> ********
CAS (1e+1e, 4o), ncore = 7, nvir = 37
natorb = False
canonicalization = True
sorting_mo_energy = False
max_memory 4000 MB (current use 552 MB)
******** <class 'pyscf.fci.direct_spin1.FCISolver'> ********
max. cycles = 200
conv_tol = 1e-08
davidson only = False
linear dependence = 1e-12
level shift = 0.001
max iter space = 12
max_memory 4000 MB
nroots = 1
pspace_size = 400
spin = None
Density matrix diagonal elements [1.93425472e+00 6.56547923e-02 4.88742671e-05 4.16084607e-05]
CASCI converged
CASCI E = -77.9965494825126  E(CI) = -1.21444407673476  S^2 = 0.0000000

******** <class 'pyscf.mcscf.casci.CASCI'> ********
CAS (1e+1e, 4o), ncore = 7, nvir = 37
natorb = False
canonicalization = True
sorting_mo_energy = False
max_memory 4000 MB (current use 552 MB)
******** <class 'pyscf.fci.direct_spin1.FCISolver'> ********
max. cycles = 200
conv_tol = 1e-08
davidson only = False
linear dependence = 1e-12
level shift = 0.001
max iter space = 12
max_memory 4000 MB
nroots = 1
pspace_size = 400
spin = None
Density matrix diagonal elements [1.93442030e+00 6.54740472e-02 4.84907469e-05 5.71621149e-05]
CASCI converged
CASCI E = -77.9965925596337  E(CI) = -1.21448715385590  S^2 = 0.0000000

******** <class 'pyscf.mcscf.casci.CASCI'> ********
CAS (1e+1e, 4o), ncore = 7, nvir = 37
natorb = False
canonicalization = True
sorting_mo_energy = False
max_memory 4000 MB (current use 552 MB)
******** <class 'pyscf.fci.direct_spin1.FCISolver'> ********
max. cycles = 200
conv_tol = 1e-08
davidson only = False
linear dependence = 1e-12
level shift = 0.001
max iter space = 12
max_memory 4000 MB
nroots = 1
pspace_size = 400
spin = None
Density matrix diagonal elements [1.93439401e+00 6.55456803e-02 4.89980253e-05 1.13105588e-05]
CASCI converged
CASCI E = -77.9964834356946  E(CI) = -1.21437802991672  S^2 = 0.0000000

******** <class 'pyscf.mcscf.casci.CASCI'> ********
CAS (1e+1e, 4o), ncore = 7, nvir = 37
natorb = False
canonicalization = True
sorting_mo_energy = False
max_memory 4000 MB (current use 552 MB)
******** <class 'pyscf.fci.direct_spin1.FCISolver'> ********
max. cycles = 200
conv_tol = 1e-08
davidson only = False
linear dependence = 1e-12
level shift = 0.001
max iter space = 12
max_memory 4000 MB
nroots = 1
pspace_size = 400
spin = None
Density matrix diagonal elements [1.93434824e+00 6.56018391e-02 4.92190275e-05 7.05850564e-07]
CASCI converged
CASCI E = -77.9964565346375  E(CI) = -1.21435112885965  S^2 = 0.0000000

******** <class 'pyscf.mcscf.casci.CASCI'> ********
CAS (1e+1e, 4o), ncore = 7, nvir = 37
natorb = False
canonicalization = True
sorting_mo_energy = False
max_memory 4000 MB (current use 552 MB)
******** <class 'pyscf.fci.direct_spin1.FCISolver'> ********
max. cycles = 200
conv_tol = 1e-08
davidson only = False
linear dependence = 1e-12
level shift = 0.001
max iter space = 12
max_memory 4000 MB
nroots = 1
pspace_size = 400
spin = None
Density matrix diagonal elements [1.93435170e+00 6.55972652e-02 4.92434337e-05 1.79203713e-06]
CASCI converged
CASCI E = -77.9964596051359  E(CI) = -1.21435419935806  S^2 = 0.0000000

******** <class 'pyscf.mcscf.casci.CASCI'> ********
CAS (1e+1e, 4o), ncore = 7, nvir = 37
natorb = False
canonicalization = True
sorting_mo_energy = False
max_memory 4000 MB (current use 552 MB)
******** <class 'pyscf.fci.direct_spin1.FCISolver'> ********
max. cycles = 200
conv_tol = 1e-08
davidson only = False
linear dependence = 1e-12
level shift = 0.001
max iter space = 12
max_memory 4000 MB
nroots = 1
pspace_size = 400
spin = None
Density matrix diagonal elements [1.93443762e+00 6.54872928e-02 4.90691515e-05 2.60142911e-05]
CASCI converged
CASCI E = -77.9965255467962  E(CI) = -1.21442014101839  S^2 = 0.0000000

******** <class 'pyscf.mcscf.casci.CASCI'> ********
CAS (1e+1e, 4o), ncore = 7, nvir = 37
natorb = False
canonicalization = True
sorting_mo_energy = False
max_memory 4000 MB (current use 552 MB)
******** <class 'pyscf.fci.direct_spin1.FCISolver'> ********
max. cycles = 200
conv_tol = 1e-08
davidson only = False
linear dependence = 1e-12
level shift = 0.001
max iter space = 12
max_memory 4000 MB
nroots = 1
pspace_size = 400
spin = None
Density matrix diagonal elements [1.93426913e+00 6.56332203e-02 4.91018385e-05 4.85512877e-05]
CASCI converged
CASCI E = -77.9965927917172  E(CI) = -1.21448738593931  S^2 = 0.0000000

******** <class 'pyscf.mcscf.casci.CASCI'> ********
CAS (1e+1e, 4o), ncore = 7, nvir = 37
natorb = False
canonicalization = True
sorting_mo_energy = False
max_memory 4000 MB (current use 552 MB)
******** <class 'pyscf.fci.direct_spin1.FCISolver'> ********
max. cycles = 200
conv_tol = 1e-08
davidson only = False
linear dependence = 1e-12
level shift = 0.001
max iter space = 12
max_memory 4000 MB
nroots = 1
pspace_size = 400
spin = None
Density matrix diagonal elements [1.93434946e+00 6.55998563e-02 4.91238708e-05 1.55639123e-06]
CASCI converged
CASCI E = -77.9964595138178  E(CI) = -1.21435410803996  S^2 = 0.0000000

******** <class 'pyscf.mcscf.casci.CASCI'> ********
CAS (1e+1e, 4o), ncore = 7, nvir = 37
natorb = False
canonicalization = True
sorting_mo_energy = False
max_memory 4000 MB (current use 552 MB)
******** <class 'pyscf.fci.direct_spin1.FCISolver'> ********
max. cycles = 200
conv_tol = 1e-08
davidson only = False
linear dependence = 1e-12
level shift = 0.001
max iter space = 12
max_memory 4000 MB
nroots = 1
pspace_size = 400
spin = None
Density matrix diagonal elements [1.93434878e+00 6.56013699e-02 4.91963622e-05 6.48958868e-07]
CASCI converged
CASCI E = -77.9964567413698  E(CI) = -1.21435133559194  S^2 = 0.0000000

******** <class 'pyscf.mcscf.casci.CASCI'> ********
CAS (1e+1e, 4o), ncore = 7, nvir = 37
natorb = False
canonicalization = True
sorting_mo_energy = False
max_memory 4000 MB (current use 552 MB)
******** <class 'pyscf.fci.direct_spin1.FCISolver'> ********
max. cycles = 200
conv_tol = 1e-08
davidson only = False
linear dependence = 1e-12
level shift = 0.001
max iter space = 12
max_memory 4000 MB
nroots = 1
pspace_size = 400
spin = None
Density matrix diagonal elements [1.93436311e+00 6.55843860e-02 4.92240903e-05 3.28095247e-06]
CASCI converged
CASCI E = -77.9964651097941  E(CI) = -1.21435970401622  S^2 = 0.0000000

******** <class 'pyscf.mcscf.casci.CASCI'> ********
CAS (1e+1e, 4o), ncore = 7, nvir = 37
natorb = False
canonicalization = True
sorting_mo_energy = False
max_memory 4000 MB (current use 552 MB)
******** <class 'pyscf.fci.direct_spin1.FCISolver'> ********
max. cycles = 200
conv_tol = 1e-08
davidson only = False
linear dependence = 1e-12
level shift = 0.001
max iter space = 12
max_memory 4000 MB
nroots = 1
pspace_size = 400
spin = None
Density matrix diagonal elements [1.93435141e+00 6.55979907e-02 4.92412436e-05 1.36125902e-06]
CASCI converged
CASCI E = -77.9964593797493  E(CI) = -1.21435397397140  S^2 = 0.0000000

******** <class 'pyscf.mcscf.casci.CASCI'> ********
CAS (1e+1e, 4o), ncore = 7, nvir = 37
natorb = False
canonicalization = True
sorting_mo_energy = False
max_memory 4000 MB (current use 552 MB)
******** <class 'pyscf.fci.direct_spin1.FCISolver'> ********
max. cycles = 200
conv_tol = 1e-08
davidson only = False
linear dependence = 1e-12
level shift = 0.001
max iter space = 12
max_memory 4000 MB
nroots = 1
pspace_size = 400
spin = None
Density matrix diagonal elements [1.93434919e+00 6.56009958e-02 4.92471824e-05 5.71951413e-07]
CASCI converged
CASCI E = -77.9964567796052  E(CI) = -1.21435137382731  S^2 = 0.0000000

******** <class 'pyscf.mcscf.casci.CASCI'> ********
CAS (1e+1e, 4o), ncore = 7, nvir = 37
natorb = False
canonicalization = True
sorting_mo_energy = False
max_memory 4000 MB (current use 552 MB)
******** <class 'pyscf.fci.direct_spin1.FCISolver'> ********
max. cycles = 200
conv_tol = 1e-08
davidson only = False
linear dependence = 1e-12
level shift = 0.001
max iter space = 12
max_memory 4000 MB
nroots = 1
pspace_size = 400
spin = None
Density matrix diagonal elements [1.93386372e+00 6.32405871e-02 2.79831575e-03 9.73744608e-05]
CASCI converged
CASCI E = -77.9986900040571  E(CI) = -1.21658459827930  S^2 = 0.0000000

******** <class 'pyscf.mcscf.casci.CASCI'> ********
CAS (1e+1e, 4o), ncore = 7, nvir = 37
natorb = False
canonicalization = True
sorting_mo_energy = False
max_memory 4000 MB (current use 552 MB)
******** <class 'pyscf.fci.direct_spin1.FCISolver'> ********
max. cycles = 200
conv_tol = 1e-08
davidson only = False
linear dependence = 1e-12
level shift = 0.001
max iter space = 12
max_memory 4000 MB
nroots = 1
pspace_size = 400
spin = None
Density matrix diagonal elements [1.91356641 0.07596103 0.00259302 0.00787954]
CASCI converged
CASCI E = -78.0072081676656  E(CI) = -1.22510276188773  S^2 = 0.0000000

******** <class 'pyscf.mcscf.casci.CASCI'> ********
CAS (1e+1e, 4o), ncore = 7, nvir = 37
natorb = False
canonicalization = True
sorting_mo_energy = False
max_memory 4000 MB (current use 552 MB)
******** <class 'pyscf.fci.direct_spin1.FCISolver'> ********
max. cycles = 200
conv_tol = 1e-08
davidson only = False
linear dependence = 1e-12
level shift = 0.001
max iter space = 12
max_memory 4000 MB
nroots = 1
pspace_size = 400
spin = None
Density matrix diagonal elements [1.93353228e+00 6.36318487e-02 2.80422253e-03 3.16488739e-05]
CASCI converged
CASCI E = -77.9986356975217  E(CI) = -1.21653029174388  S^2 = 0.0000000

******** <class 'pyscf.mcscf.casci.CASCI'> ********
CAS (1e+1e, 4o), ncore = 7, nvir = 37
natorb = False
canonicalization = True
sorting_mo_energy = False
max_memory 4000 MB (current use 552 MB)
******** <class 'pyscf.fci.direct_spin1.FCISolver'> ********
max. cycles = 200
conv_tol = 1e-08
davidson only = False
linear dependence = 1e-12
level shift = 0.001
max iter space = 12
max_memory 4000 MB
nroots = 1
pspace_size = 400
spin = None
Density matrix diagonal elements [1.93355829e+00 6.35844923e-02 2.79984973e-03 5.73712084e-05]
CASCI converged
CASCI E = -77.9986609674972  E(CI) = -1.21655556171932  S^2 = 0.0000000

******** <class 'pyscf.mcscf.casci.CASCI'> ********
CAS (1e+1e, 4o), ncore = 7, nvir = 37
natorb = False
canonicalization = True
sorting_mo_energy = False
max_memory 4000 MB (current use 552 MB)
******** <class 'pyscf.fci.direct_spin1.FCISolver'> ********
max. cycles = 200
conv_tol = 1e-08
davidson only = False
linear dependence = 1e-12
level shift = 0.001
max iter space = 12
max_memory 4000 MB
nroots = 1
pspace_size = 400
spin = None
Density matrix diagonal elements [1.93350174e+00 6.36797085e-02 2.80612266e-03 1.24295828e-05]
CASCI converged
CASCI E = -77.9986156304480  E(CI) = -1.21651022467016  S^2 = 0.0000000

******** <class 'pyscf.mcscf.casci.CASCI'> ********
CAS (1e+1e, 4o), ncore = 7, nvir = 37
natorb = False
canonicalization = True
sorting_mo_energy = False
max_memory 4000 MB (current use 552 MB)
******** <class 'pyscf.fci.direct_spin1.FCISolver'> ********
max. cycles = 200
conv_tol = 1e-08
davidson only = False
linear dependence = 1e-12
level shift = 0.001
max iter space = 12
max_memory 4000 MB
nroots = 1
pspace_size = 400
spin = None
Density matrix diagonal elements [1.93350576e+00 6.36781206e-02 2.80724405e-03 8.87192866e-06]
CASCI converged
CASCI E = -77.9986125039227  E(CI) = -1.21650709814486  S^2 = 0.0000000

******** <class 'pyscf.mcscf.casci.CASCI'> ********
CAS (1e+1e, 4o), ncore = 7, nvir = 37
natorb = False
canonicalization = True
sorting_mo_energy = False
max_memory 4000 MB (current use 552 MB)
******** <class 'pyscf.fci.direct_spin1.FCISolver'> ********
max. cycles = 200
conv_tol = 1e-08
davidson only = False
linear dependence = 1e-12
level shift = 0.001
max iter space = 12
max_memory 4000 MB
nroots = 1
pspace_size = 400
spin = None
Density matrix diagonal elements [1.93352268e+00 6.36218357e-02 2.80230468e-03 5.31755983e-05]
CASCI converged
CASCI E = -77.9986613879132  E(CI) = -1.21655598213538  S^2 = 0.0000000

******** <class 'pyscf.mcscf.casci.CASCI'> ********
CAS (1e+1e, 4o), ncore = 7, nvir = 37
natorb = False
canonicalization = True
sorting_mo_energy = False
max_memory 4000 MB (current use 552 MB)
******** <class 'pyscf.fci.direct_spin1.FCISolver'> ********
max. cycles = 200
conv_tol = 1e-08
davidson only = False
linear dependence = 1e-12
level shift = 0.001
max iter space = 12
max_memory 4000 MB
nroots = 1
pspace_size = 400
spin = None
Density matrix diagonal elements [1.93351159e+00 6.36771707e-02 2.80770887e-03 3.52660927e-06]
CASCI converged
CASCI E = -77.9986084326904  E(CI) = -1.21650302691252  S^2 = 0.0000000

******** <class 'pyscf.mcscf.casci.CASCI'> ********
CAS (1e+1e, 4o), ncore = 7, nvir = 37
natorb = False
canonicalization = True
sorting_mo_energy = False
max_memory 4000 MB (current use 552 MB)
******** <class 'pyscf.fci.direct_spin1.FCISolver'> ********
max. cycles = 200
conv_tol = 1e-08
davidson only = False
linear dependence = 1e-12
level shift = 0.001
max iter space = 12
max_memory 4000 MB
nroots = 1
pspace_size = 400
spin = None
Density matrix diagonal elements [1.93370324e+00 6.33485133e-02 2.80584581e-03 1.42405368e-04]
CASCI converged
CASCI E = -77.9988196604300  E(CI) = -1.21671425465216  S^2 = 0.0000000

******** <class 'pyscf.mcscf.casci.CASCI'> ********
CAS (1e+1e, 4o), ncore = 7, nvir = 37
natorb = False
canonicalization = True
sorting_mo_energy = False
max_memory 4000 MB (current use 552 MB)
******** <class 'pyscf.fci.direct_spin1.FCISolver'> ********
max. cycles = 200
conv_tol = 1e-08
davidson only = False
linear dependence = 1e-12
level shift = 0.001
max iter space = 12
max_memory 4000 MB
nroots = 1
pspace_size = 400
spin = None
Density matrix diagonal elements [1.93363374e+00 6.35299893e-02 2.80793369e-03 2.83321804e-05]
CASCI converged
CASCI E = -77.9986489423151  E(CI) = -1.21654353653724  S^2 = 0.0000000

******** <class 'pyscf.mcscf.casci.CASCI'> ********
CAS (1e+1e, 4o), ncore = 7, nvir = 37
natorb = False
canonicalization = True
sorting_mo_energy = False
max_memory 4000 MB (current use 552 MB)
******** <class 'pyscf.fci.direct_spin1.FCISolver'> ********
max. cycles = 200
conv_tol = 1e-08
davidson only = False
linear dependence = 1e-12
level shift = 0.001
max iter space = 12
max_memory 4000 MB
nroots = 1
pspace_size = 400
spin = None
Density matrix diagonal elements [1.93305572e+00 6.37530365e-02 2.85667300e-03 3.34565560e-04]
CASCI converged
CASCI E = -77.9991715449431  E(CI) = -1.21706613916527  S^2 = 0.0000000

******** <class 'pyscf.mcscf.casci.CASCI'> ********
CAS (1e+1e, 4o), ncore = 7, nvir = 37
natorb = False
canonicalization = True
sorting_mo_energy = False
max_memory 4000 MB (current use 552 MB)
******** <class 'pyscf.fci.direct_spin1.FCISolver'> ********
max. cycles = 200
conv_tol = 1e-08
davidson only = False
linear dependence = 1e-12
level shift = 0.001
max iter space = 12
max_memory 4000 MB
nroots = 1
pspace_size = 400
spin = None
Density matrix diagonal elements [1.93350049e+00 6.36908826e-02 2.80838416e-03 2.40948998e-07]
CASCI converged
CASCI E = -77.9986038828532  E(CI) = -1.21649847707536  S^2 = 0.0000000

******** <class 'pyscf.mcscf.casci.CASCI'> ********
CAS (1e+1e, 4o), ncore = 7, nvir = 37
natorb = False
canonicalization = True
sorting_mo_energy = False
max_memory 4000 MB (current use 552 MB)
******** <class 'pyscf.fci.direct_spin1.FCISolver'> ********
max. cycles = 200
conv_tol = 1e-08
davidson only = False
linear dependence = 1e-12
level shift = 0.001
max iter space = 12
max_memory 4000 MB
nroots = 1
pspace_size = 400
spin = None
Density matrix diagonal elements [1.93350017e+00 6.36910710e-02 2.80831604e-03 4.42023071e-07]
CASCI converged
CASCI E = -77.9986043055155  E(CI) = -1.21649889973762  S^2 = 0.0000000

******** <class 'pyscf.mcscf.casci.CASCI'> ********
CAS (1e+1e, 4o), ncore = 7, nvir = 37
natorb = False
canonicalization = True
sorting_mo_energy = False
max_memory 4000 MB (current use 552 MB)
******** <class 'pyscf.fci.direct_spin1.FCISolver'> ********
max. cycles = 200
conv_tol = 1e-08
davidson only = False
linear dependence = 1e-12
level shift = 0.001
max iter space = 12
max_memory 4000 MB
nroots = 1
pspace_size = 400
spin = None
Density matrix diagonal elements [1.93350478e+00 6.36751096e-02 2.80764755e-03 1.24584351e-05]
CASCI converged
CASCI E = -77.9986283539245  E(CI) = -1.21652294814668  S^2 = 0.0000000

******** <class 'pyscf.mcscf.casci.CASCI'> ********
CAS (1e+1e, 4o), ncore = 7, nvir = 37
natorb = False
canonicalization = True
sorting_mo_energy = False
max_memory 4000 MB (current use 552 MB)
******** <class 'pyscf.fci.direct_spin1.FCISolver'> ********
max. cycles = 200
conv_tol = 1e-08
davidson only = False
linear dependence = 1e-12
level shift = 0.001
max iter space = 12
max_memory 4000 MB
nroots = 1
pspace_size = 400
spin = None
Density matrix diagonal elements [1.93314066e+00 6.39847265e-02 2.79198341e-03 8.26306496e-05]
CASCI converged
CASCI E = -77.9987954344096  E(CI) = -1.21669002863176  S^2 = 0.0000000

******** <class 'pyscf.mcscf.casci.CASCI'> ********
CAS (1e+1e, 4o), ncore = 7, nvir = 37
natorb = False
canonicalization = True
sorting_mo_energy = False
max_memory 4000 MB (current use 552 MB)
******** <class 'pyscf.fci.direct_spin1.FCISolver'> ********
max. cycles = 200
conv_tol = 1e-08
davidson only = False
linear dependence = 1e-12
level shift = 0.001
max iter space = 12
max_memory 4000 MB
nroots = 1
pspace_size = 400
spin = None
Density matrix diagonal elements [1.93352204e+00 6.36608364e-02 2.80735992e-03 9.76281536e-06]
CASCI converged
CASCI E = -77.9986242555076  E(CI) = -1.21651884972970  S^2 = 0.0000000

******** <class 'pyscf.mcscf.casci.CASCI'> ********
CAS (1e+1e, 4o), ncore = 7, nvir = 37
natorb = False
canonicalization = True
sorting_mo_energy = False
max_memory 4000 MB (current use 552 MB)
******** <class 'pyscf.fci.direct_spin1.FCISolver'> ********
max. cycles = 200
conv_tol = 1e-08
davidson only = False
linear dependence = 1e-12
level shift = 0.001
max iter space = 12
max_memory 4000 MB
nroots = 1
pspace_size = 400
spin = None
Density matrix diagonal elements [1.93350070e+00 6.36889217e-02 2.80829216e-03 2.08761457e-06]
CASCI converged
CASCI E = -77.9986078655339  E(CI) = -1.21650245975606  S^2 = 0.0000000

******** <class 'pyscf.mcscf.casci.CASCI'> ********
CAS (1e+1e, 4o), ncore = 7, nvir = 37
natorb = False
canonicalization = True
sorting_mo_energy = False
max_memory 4000 MB (current use 552 MB)
******** <class 'pyscf.fci.direct_spin1.FCISolver'> ********
max. cycles = 200
conv_tol = 1e-08
davidson only = False
linear dependence = 1e-12
level shift = 0.001
max iter space = 12
max_memory 4000 MB
nroots = 1
pspace_size = 400
spin = None
Density matrix diagonal elements [1.93373955e+00 6.33376752e-02 2.79497063e-03 1.27806469e-04]
CASCI converged
CASCI E = -77.9988751668895  E(CI) = -1.21676976111162  S^2 = 0.0000000

******** <class 'pyscf.mcscf.casci.CASCI'> ********
CAS (1e+1e, 4o), ncore = 7, nvir = 37
natorb = False
canonicalization = True
sorting_mo_energy = False
max_memory 4000 MB (current use 552 MB)
******** <class 'pyscf.fci.direct_spin1.FCISolver'> ********
max. cycles = 200
conv_tol = 1e-08
davidson only = False
linear dependence = 1e-12
level shift = 0.001
max iter space = 12
max_memory 4000 MB
nroots = 1
pspace_size = 400
spin = None
Density matrix diagonal elements [1.93334028e+00 6.37990320e-02 2.81269736e-03 4.79916319e-05]
CASCI converged
CASCI E = -77.9987172700479  E(CI) = -1.21661186427005  S^2 = 0.0000000

******** <class 'pyscf.mcscf.casci.CASCI'> ********
CAS (1e+1e, 4o), ncore = 7, nvir = 37
natorb = False
canonicalization = True
sorting_mo_energy = False
max_memory 4000 MB (current use 552 MB)
******** <class 'pyscf.fci.direct_spin1.FCISolver'> ********
max. cycles = 200
conv_tol = 1e-08
davidson only = False
linear dependence = 1e-12
level shift = 0.001
max iter space = 12
max_memory 4000 MB
nroots = 1
pspace_size = 400
spin = None
Density matrix diagonal elements [1.93356547e+00 6.35753165e-02 2.80324844e-03 5.59663058e-05]
CASCI converged
CASCI E = -77.9987384616117  E(CI) = -1.21663305583388  S^2 = 0.0000000

******** <class 'pyscf.mcscf.casci.CASCI'> ********
CAS (1e+1e, 4o), ncore = 7, nvir = 37
natorb = False
canonicalization = True
sorting_mo_energy = False
max_memory 4000 MB (current use 552 MB)
******** <class 'pyscf.fci.direct_spin1.FCISolver'> ********
max. cycles = 200
conv_tol = 1e-08
davidson only = False
linear dependence = 1e-12
level shift = 0.001
max iter space = 12
max_memory 4000 MB
nroots = 1
pspace_size = 400
spin = None
Density matrix diagonal elements [1.93354354e+00 6.36384409e-02 2.80699675e-03 1.10215699e-05]
CASCI converged
CASCI E = -77.9986314542251  E(CI) = -1.21652604844728  S^2 = 0.0000000

******** <class 'pyscf.mcscf.casci.CASCI'> ********
CAS (1e+1e, 4o), ncore = 7, nvir = 37
natorb = False
canonicalization = True
sorting_mo_energy = False
max_memory 4000 MB (current use 552 MB)
******** <class 'pyscf.fci.direct_spin1.FCISolver'> ********
max. cycles = 200
conv_tol = 1e-08
davidson only = False
linear dependence = 1e-12
level shift = 0.001
max iter space = 12
max_memory 4000 MB
nroots = 1
pspace_size = 400
spin = None
Density matrix diagonal elements [1.93350037e+00 6.36906456e-02 2.80828092e-03 6.99139429e-07]
CASCI converged
CASCI E = -77.9986052606018  E(CI) = -1.21649985482398  S^2 = 0.0000000

******** <class 'pyscf.mcscf.casci.CASCI'> ********
CAS (1e+1e, 4o), ncore = 7, nvir = 37
natorb = False
canonicalization = True
sorting_mo_energy = False
max_memory 4000 MB (current use 552 MB)
******** <class 'pyscf.fci.direct_spin1.FCISolver'> ********
max. cycles = 200
conv_tol = 1e-08
davidson only = False
linear dependence = 1e-12
level shift = 0.001
max iter space = 12
max_memory 4000 MB
nroots = 1
pspace_size = 400
spin = None
Density matrix diagonal elements [1.93350365e+00 6.36863851e-02 2.80820509e-03 1.76137090e-06]
CASCI converged
CASCI E = -77.9986082653337  E(CI) = -1.21650285955589  S^2 = 0.0000000

******** <class 'pyscf.mcscf.casci.CASCI'> ********
CAS (1e+1e, 4o), ncore = 7, nvir = 37
natorb = False
canonicalization = True
sorting_mo_energy = False
max_memory 4000 MB (current use 552 MB)
******** <class 'pyscf.fci.direct_spin1.FCISolver'> ********
max. cycles = 200
conv_tol = 1e-08
davidson only = False
linear dependence = 1e-12
level shift = 0.001
max iter space = 12
max_memory 4000 MB
nroots = 1
pspace_size = 400
spin = None
Density matrix diagonal elements [1.93358433e+00 6.35850325e-02 2.80532583e-03 2.53111473e-05]
CASCI converged
CASCI E = -77.9986723941116  E(CI) = -1.21656698833371  S^2 = 0.0000000

******** <class 'pyscf.mcscf.casci.CASCI'> ********
CAS (1e+1e, 4o), ncore = 7, nvir = 37
natorb = False
canonicalization = True
sorting_mo_energy = False
max_memory 4000 MB (current use 552 MB)
******** <class 'pyscf.fci.direct_spin1.FCISolver'> ********
max. cycles = 200
conv_tol = 1e-08
davidson only = False
linear dependence = 1e-12
level shift = 0.001
max iter space = 12
max_memory 4000 MB
nroots = 1
pspace_size = 400
spin = None
Density matrix diagonal elements [1.93342673e+00 6.37273943e-02 2.79947060e-03 4.64012706e-05]
CASCI converged
CASCI E = -77.9987353165219  E(CI) = -1.21662991074408  S^2 = 0.0000000

******** <class 'pyscf.mcscf.casci.CASCI'> ********
CAS (1e+1e, 4o), ncore = 7, nvir = 37
natorb = False
canonicalization = True
sorting_mo_energy = False
max_memory 4000 MB (current use 552 MB)
******** <class 'pyscf.fci.direct_spin1.FCISolver'> ********
max. cycles = 200
conv_tol = 1e-08
davidson only = False
linear dependence = 1e-12
level shift = 0.001
max iter space = 12
max_memory 4000 MB
nroots = 1
pspace_size = 400
spin = None
Density matrix diagonal elements [1.93350142e+00 6.36888603e-02 2.80816725e-03 1.54865882e-06]
CASCI converged
CASCI E = -77.9986082345424  E(CI) = -1.21650282876458  S^2 = 0.0000000

******** <class 'pyscf.mcscf.casci.CASCI'> ********
CAS (1e+1e, 4o), ncore = 7, nvir = 37
natorb = False
canonicalization = True
sorting_mo_energy = False
max_memory 4000 MB (current use 552 MB)
******** <class 'pyscf.fci.direct_spin1.FCISolver'> ********
max. cycles = 200
conv_tol = 1e-08
davidson only = False
linear dependence = 1e-12
level shift = 0.001
max iter space = 12
max_memory 4000 MB
nroots = 1
pspace_size = 400
spin = None
Density matrix diagonal elements [1.93350087e+00 6.36902814e-02 2.80822735e-03 6.21596542e-07]
CASCI converged
CASCI E = -77.9986053912352  E(CI) = -1.21649998545738  S^2 = 0.0000000

******** <class 'pyscf.mcscf.casci.CASCI'> ********
CAS (1e+1e, 4o), ncore = 7, nvir = 37
natorb = False
canonicalization = True
sorting_mo_energy = False
max_memory 4000 MB (current use 552 MB)
******** <class 'pyscf.fci.direct_spin1.FCISolver'> ********
max. cycles = 200
conv_tol = 1e-08
davidson only = False
linear dependence = 1e-12
level shift = 0.001
max iter space = 12
max_memory 4000 MB
nroots = 1
pspace_size = 400
spin = None
Density matrix diagonal elements [1.93351456e+00 6.36741239e-02 2.80808068e-03 3.23491370e-06]
CASCI converged
CASCI E = -77.9986137095291  E(CI) = -1.21650830375124  S^2 = 0.0000000

******** <class 'pyscf.mcscf.casci.CASCI'> ********
CAS (1e+1e, 4o), ncore = 7, nvir = 37
natorb = False
canonicalization = True
sorting_mo_energy = False
max_memory 4000 MB (current use 552 MB)
******** <class 'pyscf.fci.direct_spin1.FCISolver'> ********
max. cycles = 200
conv_tol = 1e-08
davidson only = False
linear dependence = 1e-12
level shift = 0.001
max iter space = 12
max_memory 4000 MB
nroots = 1
pspace_size = 400
spin = None
Density matrix diagonal elements [1.93350335e+00 6.36872250e-02 2.80810948e-03 1.31620333e-06]
CASCI converged
CASCI E = -77.9986079677308  E(CI) = -1.21650256195291  S^2 = 0.0000000

******** <class 'pyscf.mcscf.casci.CASCI'> ********
CAS (1e+1e, 4o), ncore = 7, nvir = 37
natorb = False
canonicalization = True
sorting_mo_energy = False
max_memory 4000 MB (current use 552 MB)
******** <class 'pyscf.fci.direct_spin1.FCISolver'> ********
max. cycles = 200
conv_tol = 1e-08
davidson only = False
linear dependence = 1e-12
level shift = 0.001
max iter space = 12
max_memory 4000 MB
nroots = 1
pspace_size = 400
spin = None
Density matrix diagonal elements [1.93350131e+00 6.36898060e-02 2.80831668e-03 5.69148832e-07]
CASCI converged
CASCI E = -77.9986055128825  E(CI) = -1.21650010710471  S^2 = 0.0000000

******** <class 'pyscf.mcscf.casci.CASCI'> ********
CAS (1e+1e, 4o), ncore = 7, nvir = 37
natorb = False
canonicalization = True
sorting_mo_energy = False
max_memory 4000 MB (current use 552 MB)
******** <class 'pyscf.fci.direct_spin1.FCISolver'> ********
max. cycles = 200
conv_tol = 1e-08
davidson only = False
linear dependence = 1e-12
level shift = 0.001
max iter space = 12
max_memory 4000 MB
nroots = 1
pspace_size = 400
spin = None
Density matrix diagonal elements [1.91599547e+00 7.60637939e-02 1.37108410e-04 7.80362710e-03]
CASCI converged
CASCI E = -78.0052443276615  E(CI) = -1.22313892188366  S^2 = 0.0000000

******** <class 'pyscf.mcscf.casci.CASCI'> ********
CAS (1e+1e, 4o), ncore = 7, nvir = 37
natorb = False
canonicalization = True
sorting_mo_energy = False
max_memory 4000 MB (current use 552 MB)
******** <class 'pyscf.fci.direct_spin1.FCISolver'> ********
max. cycles = 200
conv_tol = 1e-08
davidson only = False
linear dependence = 1e-12
level shift = 0.001
max iter space = 12
max_memory 4000 MB
nroots = 1
pspace_size = 400
spin = None
Density matrix diagonal elements [1.93477530e+00 6.50856519e-02 1.05520395e-04 3.35278797e-05]
CASCI converged
CASCI E = -77.9965469258230  E(CI) = -1.21444152004513  S^2 = 0.0000000

******** <class 'pyscf.mcscf.casci.CASCI'> ********
CAS (1e+1e, 4o), ncore = 7, nvir = 37
natorb = False
canonicalization = True
sorting_mo_energy = False
max_memory 4000 MB (current use 552 MB)
******** <class 'pyscf.fci.direct_spin1.FCISolver'> ********
max. cycles = 200
conv_tol = 1e-08
davidson only = False
linear dependence = 1e-12
level shift = 0.001
max iter space = 12
max_memory 4000 MB
nroots = 1
pspace_size = 400
spin = None
Density matrix diagonal elements [1.93477337e+00 6.50328122e-02 1.18574205e-04 7.52397646e-05]
CASCI converged
CASCI E = -77.9966001522288  E(CI) = -1.21449474645091  S^2 = 0.0000000

******** <class 'pyscf.mcscf.casci.CASCI'> ********
CAS (1e+1e, 4o), ncore = 7, nvir = 37
natorb = False
canonicalization = True
sorting_mo_energy = False
max_memory 4000 MB (current use 552 MB)
******** <class 'pyscf.fci.direct_spin1.FCISolver'> ********
max. cycles = 200
conv_tol = 1e-08
davidson only = False
linear dependence = 1e-12
level shift = 0.001
max iter space = 12
max_memory 4000 MB
nroots = 1
pspace_size = 400
spin = None
Density matrix diagonal elements [1.93474305e+00 6.51362533e-02 1.06639678e-04 1.40525311e-05]
CASCI converged
CASCI E = -77.9965265582691  E(CI) = -1.21442115249128  S^2 = 0.0000000

******** <class 'pyscf.mcscf.casci.CASCI'> ********
CAS (1e+1e, 4o), ncore = 7, nvir = 37
natorb = False
canonicalization = True
sorting_mo_energy = False
max_memory 4000 MB (current use 552 MB)
******** <class 'pyscf.fci.direct_spin1.FCISolver'> ********
max. cycles = 200
conv_tol = 1e-08
davidson only = False
linear dependence = 1e-12
level shift = 0.001
max iter space = 12
max_memory 4000 MB
nroots = 1
pspace_size = 400
spin = None
Density matrix diagonal elements [1.93474876e+00 6.51351713e-02 1.06592798e-04 9.47147577e-06]
CASCI converged
CASCI E = -77.9965224542811  E(CI) = -1.21441704850326  S^2 = 0.0000000

******** <class 'pyscf.mcscf.casci.CASCI'> ********
CAS (1e+1e, 4o), ncore = 7, nvir = 37
natorb = False
canonicalization = True
sorting_mo_energy = False
max_memory 4000 MB (current use 552 MB)
******** <class 'pyscf.fci.direct_spin1.FCISolver'> ********
max. cycles = 200
conv_tol = 1e-08
davidson only = False
linear dependence = 1e-12
level shift = 0.001
max iter space = 12
max_memory 4000 MB
nroots = 1
pspace_size = 400
spin = None
Density matrix diagonal elements [1.93475829e+00 6.50481681e-02 1.23043703e-04 7.04971722e-05]
CASCI converged
CASCI E = -77.9966001695449  E(CI) = -1.21449476376704  S^2 = 0.0000000

******** <class 'pyscf.mcscf.casci.CASCI'> ********
CAS (1e+1e, 4o), ncore = 7, nvir = 37
natorb = False
canonicalization = True
sorting_mo_energy = False
max_memory 4000 MB (current use 552 MB)
******** <class 'pyscf.fci.direct_spin1.FCISolver'> ********
max. cycles = 200
conv_tol = 1e-08
davidson only = False
linear dependence = 1e-12
level shift = 0.001
max iter space = 12
max_memory 4000 MB
nroots = 1
pspace_size = 400
spin = None
Density matrix diagonal elements [1.93475287e+00 6.51376238e-02 1.06085140e-04 3.41741283e-06]
CASCI converged
CASCI E = -77.9965176163564  E(CI) = -1.21441221057859  S^2 = 0.0000000

******** <class 'pyscf.mcscf.casci.CASCI'> ********
CAS (1e+1e, 4o), ncore = 7, nvir = 37
natorb = False
canonicalization = True
sorting_mo_energy = False
max_memory 4000 MB (current use 552 MB)
******** <class 'pyscf.fci.direct_spin1.FCISolver'> ********
max. cycles = 200
conv_tol = 1e-08
davidson only = False
linear dependence = 1e-12
level shift = 0.001
max iter space = 12
max_memory 4000 MB
nroots = 1
pspace_size = 400
spin = None
Density matrix diagonal elements [1.93495279e+00 6.47971336e-02 1.06673766e-04 1.43400832e-04]
CASCI converged
CASCI E = -77.9967303686602  E(CI) = -1.21462496288231  S^2 = 0.0000000

******** <class 'pyscf.mcscf.casci.CASCI'> ********
CAS (1e+1e, 4o), ncore = 7, nvir = 37
natorb = False
canonicalization = True
sorting_mo_energy = False
max_memory 4000 MB (current use 552 MB)
******** <class 'pyscf.fci.direct_spin1.FCISolver'> ********
max. cycles = 200
conv_tol = 1e-08
davidson only = False
linear dependence = 1e-12
level shift = 0.001
max iter space = 12
max_memory 4000 MB
nroots = 1
pspace_size = 400
spin = None
Density matrix diagonal elements [1.93487936e+00 6.49853444e-02 1.06803771e-04 2.84895604e-05]
CASCI converged
CASCI E = -77.9965585099438  E(CI) = -1.21445310416591  S^2 = 0.0000000

******** <class 'pyscf.mcscf.casci.CASCI'> ********
CAS (1e+1e, 4o), ncore = 7, nvir = 37
natorb = False
canonicalization = True
sorting_mo_energy = False
max_memory 4000 MB (current use 552 MB)
******** <class 'pyscf.fci.direct_spin1.FCISolver'> ********
max. cycles = 200
conv_tol = 1e-08
davidson only = False
linear dependence = 1e-12
level shift = 0.001
max iter space = 12
max_memory 4000 MB
nroots = 1
pspace_size = 400
spin = None
Density matrix diagonal elements [1.93446749e+00 6.51419721e-02 1.06110693e-04 2.84429071e-04]
CASCI converged
CASCI E = -77.9969562133027  E(CI) = -1.21485080752484  S^2 = 0.0000000

******** <class 'pyscf.mcscf.casci.CASCI'> ********
CAS (1e+1e, 4o), ncore = 7, nvir = 37
natorb = False
canonicalization = True
sorting_mo_energy = False
max_memory 4000 MB (current use 552 MB)
******** <class 'pyscf.fci.direct_spin1.FCISolver'> ********
max. cycles = 200
conv_tol = 1e-08
davidson only = False
linear dependence = 1e-12
level shift = 0.001
max iter space = 12
max_memory 4000 MB
nroots = 1
pspace_size = 400
spin = None
Density matrix diagonal elements [1.93474330e+00 6.51496997e-02 1.06792484e-04 2.06182355e-07]
CASCI converged
CASCI E = -77.9965131567454  E(CI) = -1.21440775096758  S^2 = 0.0000000

******** <class 'pyscf.mcscf.casci.CASCI'> ********
CAS (1e+1e, 4o), ncore = 7, nvir = 37
natorb = False
canonicalization = True
sorting_mo_energy = False
max_memory 4000 MB (current use 552 MB)
******** <class 'pyscf.fci.direct_spin1.FCISolver'> ********
max. cycles = 200
conv_tol = 1e-08
davidson only = False
linear dependence = 1e-12
level shift = 0.001
max iter space = 12
max_memory 4000 MB
nroots = 1
pspace_size = 400
spin = None
Density matrix diagonal elements [1.93474312e+00 6.51496126e-02 1.06821864e-04 4.49699810e-07]
CASCI converged
CASCI E = -77.9965136654009  E(CI) = -1.21440825962304  S^2 = 0.0000000

******** <class 'pyscf.mcscf.casci.CASCI'> ********
CAS (1e+1e, 4o), ncore = 7, nvir = 37
natorb = False
canonicalization = True
sorting_mo_energy = False
max_memory 4000 MB (current use 552 MB)
******** <class 'pyscf.fci.direct_spin1.FCISolver'> ********
max. cycles = 200
conv_tol = 1e-08
davidson only = False
linear dependence = 1e-12
level shift = 0.001
max iter space = 12
max_memory 4000 MB
nroots = 1
pspace_size = 400
spin = None
Density matrix diagonal elements [1.93474749e+00 6.51336081e-02 1.06392421e-04 1.25132080e-05]
CASCI converged
CASCI E = -77.9965377946556  E(CI) = -1.21443238887777  S^2 = 0.0000000

******** <class 'pyscf.mcscf.casci.CASCI'> ********
CAS (1e+1e, 4o), ncore = 7, nvir = 37
natorb = False
canonicalization = True
sorting_mo_energy = False
max_memory 4000 MB (current use 552 MB)
******** <class 'pyscf.fci.direct_spin1.FCISolver'> ********
max. cycles = 200
conv_tol = 1e-08
davidson only = False
linear dependence = 1e-12
level shift = 0.001
max iter space = 12
max_memory 4000 MB
nroots = 1
pspace_size = 400
spin = None
Density matrix diagonal elements [1.93436366e+00 6.54489952e-02 1.01496579e-04 8.58480187e-05]
CASCI converged
CASCI E = -77.9967121095568  E(CI) = -1.21460670377894  S^2 = 0.0000000

******** <class 'pyscf.mcscf.casci.CASCI'> ********
CAS (1e+1e, 4o), ncore = 7, nvir = 37
natorb = False
canonicalization = True
sorting_mo_energy = False
max_memory 4000 MB (current use 552 MB)
******** <class 'pyscf.fci.direct_spin1.FCISolver'> ********
max. cycles = 200
conv_tol = 1e-08
davidson only = False
linear dependence = 1e-12
level shift = 0.001
max iter space = 12
max_memory 4000 MB
nroots = 1
pspace_size = 400
spin = None
Density matrix diagonal elements [1.93483942e+00 6.50052694e-02 1.28397015e-04 2.69134459e-05]
CASCI converged
CASCI E = -77.9965831180070  E(CI) = -1.21447771222913  S^2 = 0.0000000

******** <class 'pyscf.mcscf.casci.CASCI'> ********
CAS (1e+1e, 4o), ncore = 7, nvir = 37
natorb = False
canonicalization = True
sorting_mo_energy = False
max_memory 4000 MB (current use 552 MB)
******** <class 'pyscf.fci.direct_spin1.FCISolver'> ********
max. cycles = 200
conv_tol = 1e-08
davidson only = False
linear dependence = 1e-12
level shift = 0.001
max iter space = 12
max_memory 4000 MB
nroots = 1
pspace_size = 400
spin = None
Density matrix diagonal elements [1.93474390e+00 6.51472172e-02 1.06800736e-04 2.08616957e-06]
CASCI converged
CASCI E = -77.9965172048038  E(CI) = -1.21441179902597  S^2 = 0.0000000

******** <class 'pyscf.mcscf.casci.CASCI'> ********
CAS (1e+1e, 4o), ncore = 7, nvir = 37
natorb = False
canonicalization = True
sorting_mo_energy = False
max_memory 4000 MB (current use 552 MB)
******** <class 'pyscf.fci.direct_spin1.FCISolver'> ********
max. cycles = 200
conv_tol = 1e-08
davidson only = False
linear dependence = 1e-12
level shift = 0.001
max iter space = 12
max_memory 4000 MB
nroots = 1
pspace_size = 400
spin = None
Density matrix diagonal elements [1.93499785e+00 6.47652739e-02 1.05380782e-04 1.31493625e-04]
CASCI converged
CASCI E = -77.9967923362952  E(CI) = -1.21468693051740  S^2 = 0.0000000

******** <class 'pyscf.mcscf.casci.CASCI'> ********
CAS (1e+1e, 4o), ncore = 7, nvir = 37
natorb = False
canonicalization = True
sorting_mo_energy = False
max_memory 4000 MB (current use 552 MB)
******** <class 'pyscf.fci.direct_spin1.FCISolver'> ********
max. cycles = 200
conv_tol = 1e-08
davidson only = False
linear dependence = 1e-12
level shift = 0.001
max iter space = 12
max_memory 4000 MB
nroots = 1
pspace_size = 400
spin = None
Density matrix diagonal elements [1.93464807e+00 6.52031576e-02 1.06983371e-04 4.17898989e-05]
CASCI converged
CASCI E = -77.9966079849824  E(CI) = -1.21450257920452  S^2 = 0.0000000

******** <class 'pyscf.mcscf.casci.CASCI'> ********
CAS (1e+1e, 4o), ncore = 7, nvir = 37
natorb = False
canonicalization = True
sorting_mo_energy = False
max_memory 4000 MB (current use 552 MB)
******** <class 'pyscf.fci.direct_spin1.FCISolver'> ********
max. cycles = 200
conv_tol = 1e-08
davidson only = False
linear dependence = 1e-12
level shift = 0.001
max iter space = 12
max_memory 4000 MB
nroots = 1
pspace_size = 400
spin = None
Density matrix diagonal elements [1.93481434e+00 6.50216471e-02 1.06672975e-04 5.73384322e-05]
CASCI converged
CASCI E = -77.9966510770367  E(CI) = -1.21454567125883  S^2 = 0.0000000

******** <class 'pyscf.mcscf.casci.CASCI'> ********
CAS (1e+1e, 4o), ncore = 7, nvir = 37
natorb = False
canonicalization = True
sorting_mo_energy = False
max_memory 4000 MB (current use 552 MB)
******** <class 'pyscf.fci.direct_spin1.FCISolver'> ********
max. cycles = 200
conv_tol = 1e-08
davidson only = False
linear dependence = 1e-12
level shift = 0.001
max iter space = 12
max_memory 4000 MB
nroots = 1
pspace_size = 400
spin = None
Density matrix diagonal elements [1.93487765e+00 6.49758694e-02 1.21946788e-04 2.45380406e-05]
CASCI converged
CASCI E = -77.9965860638321  E(CI) = -1.21448065805423  S^2 = 0.0000000

******** <class 'pyscf.mcscf.casci.CASCI'> ********
CAS (1e+1e, 4o), ncore = 7, nvir = 37
natorb = False
canonicalization = True
sorting_mo_energy = False
max_memory 4000 MB (current use 552 MB)
******** <class 'pyscf.fci.direct_spin1.FCISolver'> ********
max. cycles = 200
conv_tol = 1e-08
davidson only = False
linear dependence = 1e-12
level shift = 0.001
max iter space = 12
max_memory 4000 MB
nroots = 1
pspace_size = 400
spin = None
Density matrix diagonal elements [1.93474351e+00 6.51489557e-02 1.06820757e-04 7.10217499e-07]
CASCI converged
CASCI E = -77.9965146339702  E(CI) = -1.21440922819241  S^2 = 0.0000000

******** <class 'pyscf.mcscf.casci.CASCI'> ********
CAS (1e+1e, 4o), ncore = 7, nvir = 37
natorb = False
canonicalization = True
sorting_mo_energy = False
max_memory 4000 MB (current use 552 MB)
******** <class 'pyscf.fci.direct_spin1.FCISolver'> ********
max. cycles = 200
conv_tol = 1e-08
davidson only = False
linear dependence = 1e-12
level shift = 0.001
max iter space = 12
max_memory 4000 MB
nroots = 1
pspace_size = 400
spin = None
Density matrix diagonal elements [1.93474699e+00 6.51443741e-02 1.06836688e-04 1.79471335e-06]
CASCI converged
CASCI E = -77.9965177002327  E(CI) = -1.21441229445486  S^2 = 0.0000000

******** <class 'pyscf.mcscf.casci.CASCI'> ********
CAS (1e+1e, 4o), ncore = 7, nvir = 37
natorb = False
canonicalization = True
sorting_mo_energy = False
max_memory 4000 MB (current use 552 MB)
******** <class 'pyscf.fci.direct_spin1.FCISolver'> ********
max. cycles = 200
conv_tol = 1e-08
davidson only = False
linear dependence = 1e-12
level shift = 0.001
max iter space = 12
max_memory 4000 MB
nroots = 1
pspace_size = 400
spin = None
Density matrix diagonal elements [1.93483230e+00 6.50348997e-02 1.06761200e-04 2.60406277e-05]
CASCI converged
CASCI E = -77.9965837072067  E(CI) = -1.21447830142884  S^2 = 0.0000000

******** <class 'pyscf.mcscf.casci.CASCI'> ********
CAS (1e+1e, 4o), ncore = 7, nvir = 37
natorb = False
canonicalization = True
sorting_mo_energy = False
max_memory 4000 MB (current use 552 MB)
******** <class 'pyscf.fci.direct_spin1.FCISolver'> ********
max. cycles = 200
conv_tol = 1e-08
davidson only = False
linear dependence = 1e-12
level shift = 0.001
max iter space = 12
max_memory 4000 MB
nroots = 1
pspace_size = 400
spin = None
Density matrix diagonal elements [1.93466434e+00 6.51807443e-02 1.06446431e-04 4.84734759e-05]
CASCI converged
CASCI E = -77.9966506493535  E(CI) = -1.21454524357561  S^2 = 0.0000000

******** <class 'pyscf.mcscf.casci.CASCI'> ********
CAS (1e+1e, 4o), ncore = 7, nvir = 37
natorb = False
canonicalization = True
sorting_mo_energy = False
max_memory 4000 MB (current use 552 MB)
******** <class 'pyscf.fci.direct_spin1.FCISolver'> ********
max. cycles = 200
conv_tol = 1e-08
davidson only = False
linear dependence = 1e-12
level shift = 0.001
max iter space = 12
max_memory 4000 MB
nroots = 1
pspace_size = 400
spin = None
Density matrix diagonal elements [1.93474461e+00 6.51470402e-02 1.06777291e-04 1.57065708e-06]
CASCI converged
CASCI E = -77.9965176461992  E(CI) = -1.21441224042130  S^2 = 0.0000000

******** <class 'pyscf.mcscf.casci.CASCI'> ********
CAS (1e+1e, 4o), ncore = 7, nvir = 37
natorb = False
canonicalization = True
sorting_mo_energy = False
max_memory 4000 MB (current use 552 MB)
******** <class 'pyscf.fci.direct_spin1.FCISolver'> ********
max. cycles = 200
conv_tol = 1e-08
davidson only = False
linear dependence = 1e-12
level shift = 0.001
max iter space = 12
max_memory 4000 MB
nroots = 1
pspace_size = 400
spin = None
Density matrix diagonal elements [1.93474403e+00 6.51484856e-02 1.06834944e-04 6.48084183e-07]
CASCI converged
CASCI E = -77.9965148201834  E(CI) = -1.21440941440552  S^2 = 0.0000000

******** <class 'pyscf.mcscf.casci.CASCI'> ********
CAS (1e+1e, 4o), ncore = 7, nvir = 37
natorb = False
canonicalization = True
sorting_mo_energy = False
max_memory 4000 MB (current use 552 MB)
******** <class 'pyscf.fci.direct_spin1.FCISolver'> ********
max. cycles = 200
conv_tol = 1e-08
davidson only = False
linear dependence = 1e-12
level shift = 0.001
max iter space = 12
max_memory 4000 MB
nroots = 1
pspace_size = 400
spin = None
Density matrix diagonal elements [1.93480127e+00 6.50787087e-02 1.11895861e-04 8.12477157e-06]
CASCI converged
CASCI E = -77.9965426172653  E(CI) = -1.21443721148742  S^2 = 0.0000000

******** <class 'pyscf.mcscf.casci.CASCI'> ********
CAS (1e+1e, 4o), ncore = 7, nvir = 37
natorb = False
canonicalization = True
sorting_mo_energy = False
max_memory 4000 MB (current use 552 MB)
******** <class 'pyscf.fci.direct_spin1.FCISolver'> ********
max. cycles = 200
conv_tol = 1e-08
davidson only = False
linear dependence = 1e-12
level shift = 0.001
max iter space = 12
max_memory 4000 MB
nroots = 1
pspace_size = 400
spin = None
Density matrix diagonal elements [1.93475803e+00 6.51289363e-02 1.09751279e-04 3.28421302e-06]
CASCI converged
CASCI E = -77.9965257153936  E(CI) = -1.21442030961570  S^2 = 0.0000000

******** <class 'pyscf.mcscf.casci.CASCI'> ********
CAS (1e+1e, 4o), ncore = 7, nvir = 37
natorb = False
canonicalization = True
sorting_mo_energy = False
max_memory 4000 MB (current use 552 MB)
******** <class 'pyscf.fci.direct_spin1.FCISolver'> ********
max. cycles = 200
conv_tol = 1e-08
davidson only = False
linear dependence = 1e-12
level shift = 0.001
max iter space = 12
max_memory 4000 MB
nroots = 1
pspace_size = 400
spin = None
Density matrix diagonal elements [1.93474456e+00 6.51479918e-02 1.06869847e-04 5.81201362e-07]
CASCI converged
CASCI E = -77.9965149016883  E(CI) = -1.21440949591042  S^2 = 0.0000000

******** <class 'pyscf.mcscf.casci.CASCI'> ********
CAS (1e+1e, 4o), ncore = 7, nvir = 37
natorb = False
canonicalization = True
sorting_mo_energy = False
max_memory 4000 MB (current use 552 MB)
******** <class 'pyscf.fci.direct_spin1.FCISolver'> ********
max. cycles = 200
conv_tol = 1e-08
davidson only = False
linear dependence = 1e-12
level shift = 0.001
max iter space = 12
max_memory 4000 MB
nroots = 1
pspace_size = 400
spin = None
Density matrix diagonal elements [1.91570892e+00 7.64986520e-02 7.77150736e-03 2.09231157e-05]
CASCI converged
CASCI E = -78.0051433549242  E(CI) = -1.22303794914636  S^2 = 0.0000000

******** <class 'pyscf.mcscf.casci.CASCI'> ********
CAS (1e+1e, 4o), ncore = 7, nvir = 37
natorb = False
canonicalization = True
sorting_mo_energy = False
max_memory 4000 MB (current use 552 MB)
******** <class 'pyscf.fci.direct_spin1.FCISolver'> ********
max. cycles = 200
conv_tol = 1e-08
davidson only = False
linear dependence = 1e-12
level shift = 0.001
max iter space = 12
max_memory 4000 MB
nroots = 1
pspace_size = 400
spin = None
Density matrix diagonal elements [1.91574499e+00 7.64530250e-02 7.76207280e-03 3.99097134e-05]
CASCI converged
CASCI E = -78.0051621042230  E(CI) = -1.22305669844513  S^2 = 0.0000000

******** <class 'pyscf.mcscf.casci.CASCI'> ********
CAS (1e+1e, 4o), ncore = 7, nvir = 37
natorb = False
canonicalization = True
sorting_mo_energy = False
max_memory 4000 MB (current use 552 MB)
******** <class 'pyscf.fci.direct_spin1.FCISolver'> ********
max. cycles = 200
conv_tol = 1e-08
davidson only = False
linear dependence = 1e-12
level shift = 0.001
max iter space = 12
max_memory 4000 MB
nroots = 1
pspace_size = 400
spin = None
Density matrix diagonal elements [1.91566094e+00 7.65475714e-02 7.78023096e-03 1.12534723e-05]
CASCI converged
CASCI E = -78.0051330476871  E(CI) = -1.22302764190924  S^2 = 0.0000000

******** <class 'pyscf.mcscf.casci.CASCI'> ********
CAS (1e+1e, 4o), ncore = 7, nvir = 37
natorb = False
canonicalization = True
sorting_mo_energy = False
max_memory 4000 MB (current use 552 MB)
******** <class 'pyscf.fci.direct_spin1.FCISolver'> ********
max. cycles = 200
conv_tol = 1e-08
davidson only = False
linear dependence = 1e-12
level shift = 0.001
max iter space = 12
max_memory 4000 MB
nroots = 1
pspace_size = 400
spin = None
Density matrix diagonal elements [1.91566559e+00 7.65475990e-02 7.78016512e-03 6.64765007e-06]
CASCI converged
CASCI E = -78.0051287800107  E(CI) = -1.22302337423284  S^2 = 0.0000000

******** <class 'pyscf.mcscf.casci.CASCI'> ********
CAS (1e+1e, 4o), ncore = 7, nvir = 37
natorb = False
canonicalization = True
sorting_mo_energy = False
max_memory 4000 MB (current use 552 MB)
******** <class 'pyscf.fci.direct_spin1.FCISolver'> ********
max. cycles = 200
conv_tol = 1e-08
davidson only = False
linear dependence = 1e-12
level shift = 0.001
max iter space = 12
max_memory 4000 MB
nroots = 1
pspace_size = 400
spin = None
Density matrix diagonal elements [1.91571172e+00 7.64816749e-02 7.76657948e-03 4.00274948e-05]
CASCI converged
CASCI E = -78.0051657161190  E(CI) = -1.22306031034117  S^2 = 0.0000000

******** <class 'pyscf.mcscf.casci.CASCI'> ********
CAS (1e+1e, 4o), ncore = 7, nvir = 37
natorb = False
canonicalization = True
sorting_mo_energy = False
max_memory 4000 MB (current use 552 MB)
******** <class 'pyscf.fci.direct_spin1.FCISolver'> ********
max. cycles = 200
conv_tol = 1e-08
davidson only = False
linear dependence = 1e-12
level shift = 0.001
max iter space = 12
max_memory 4000 MB
nroots = 1
pspace_size = 400
spin = None
Density matrix diagonal elements [1.91566456e+00 7.65471893e-02 7.78361562e-03 4.63904460e-06]
CASCI converged
CASCI E = -78.0051285752482  E(CI) = -1.22302316947030  S^2 = 0.0000000

******** <class 'pyscf.mcscf.casci.CASCI'> ********
CAS (1e+1e, 4o), ncore = 7, nvir = 37
natorb = False
canonicalization = True
sorting_mo_energy = False
max_memory 4000 MB (current use 552 MB)
******** <class 'pyscf.fci.direct_spin1.FCISolver'> ********
max. cycles = 200
conv_tol = 1e-08
davidson only = False
linear dependence = 1e-12
level shift = 0.001
max iter space = 12
max_memory 4000 MB
nroots = 1
pspace_size = 400
spin = None
Density matrix diagonal elements [1.91591668e+00 7.61930057e-02 7.76236380e-03 1.27950170e-04]
CASCI converged
CASCI E = -78.0053166462018  E(CI) = -1.22321124042392  S^2 = 0.0000000

******** <class 'pyscf.mcscf.casci.CASCI'> ********
CAS (1e+1e, 4o), ncore = 7, nvir = 37
natorb = False
canonicalization = True
sorting_mo_energy = False
max_memory 4000 MB (current use 552 MB)
******** <class 'pyscf.fci.direct_spin1.FCISolver'> ********
max. cycles = 200
conv_tol = 1e-08
davidson only = False
linear dependence = 1e-12
level shift = 0.001
max iter space = 12
max_memory 4000 MB
nroots = 1
pspace_size = 400
spin = None
Density matrix diagonal elements [1.91580025e+00 7.63995723e-02 7.77646052e-03 2.37139140e-05]
CASCI converged
CASCI E = -78.0051601316401  E(CI) = -1.22305472586220  S^2 = 0.0000000

******** <class 'pyscf.mcscf.casci.CASCI'> ********
CAS (1e+1e, 4o), ncore = 7, nvir = 37
natorb = False
canonicalization = True
sorting_mo_energy = False
max_memory 4000 MB (current use 552 MB)
******** <class 'pyscf.fci.direct_spin1.FCISolver'> ********
max. cycles = 200
conv_tol = 1e-08
davidson only = False
linear dependence = 1e-12
level shift = 0.001
max iter space = 12
max_memory 4000 MB
nroots = 1
pspace_size = 400
spin = None
Density matrix diagonal elements [1.91510951e+00 7.68019118e-02 7.79749752e-03 2.91077366e-04]
CASCI converged
CASCI E = -78.0055776413357  E(CI) = -1.22347223555789  S^2 = 0.0000000

******** <class 'pyscf.mcscf.casci.CASCI'> ********
CAS (1e+1e, 4o), ncore = 7, nvir = 37
natorb = False
canonicalization = True
sorting_mo_energy = False
max_memory 4000 MB (current use 552 MB)
******** <class 'pyscf.fci.direct_spin1.FCISolver'> ********
max. cycles = 200
conv_tol = 1e-08
davidson only = False
linear dependence = 1e-12
level shift = 0.001
max iter space = 12
max_memory 4000 MB
nroots = 1
pspace_size = 400
spin = None
Density matrix diagonal elements [1.91565517e+00 7.65615471e-02 7.78297988e-03 3.07432979e-07]
CASCI converged
CASCI E = -78.0051225567290  E(CI) = -1.22301715095118  S^2 = 0.0000000

******** <class 'pyscf.mcscf.casci.CASCI'> ********
CAS (1e+1e, 4o), ncore = 7, nvir = 37
natorb = False
canonicalization = True
sorting_mo_energy = False
max_memory 4000 MB (current use 552 MB)
******** <class 'pyscf.fci.direct_spin1.FCISolver'> ********
max. cycles = 200
conv_tol = 1e-08
davidson only = False
linear dependence = 1e-12
level shift = 0.001
max iter space = 12
max_memory 4000 MB
nroots = 1
pspace_size = 400
spin = None
Density matrix diagonal elements [1.91565491e+00 7.65617515e-02 7.78286971e-03 4.68469677e-07]
CASCI converged
CASCI E = -78.0051228997468  E(CI) = -1.22301749396900  S^2 = 0.0000000

******** <class 'pyscf.mcscf.casci.CASCI'> ********
CAS (1e+1e, 4o), ncore = 7, nvir = 37
natorb = False
canonicalization = True
sorting_mo_energy = False
max_memory 4000 MB (current use 552 MB)
******** <class 'pyscf.fci.direct_spin1.FCISolver'> ********
max. cycles = 200
conv_tol = 1e-08
davidson only = False
linear dependence = 1e-12
level shift = 0.001
max iter space = 12
max_memory 4000 MB
nroots = 1
pspace_size = 400
spin = None
Density matrix diagonal elements [1.91566298e+00 7.65437653e-02 7.78130437e-03 1.19500038e-05]
CASCI converged
CASCI E = -78.0051459124775  E(CI) = -1.22304050669960  S^2 = 0.0000000

******** <class 'pyscf.mcscf.casci.CASCI'> ********
CAS (1e+1e, 4o), ncore = 7, nvir = 37
natorb = False
canonicalization = True
sorting_mo_energy = False
max_memory 4000 MB (current use 552 MB)
******** <class 'pyscf.fci.direct_spin1.FCISolver'> ********
max. cycles = 200
conv_tol = 1e-08
davidson only = False
linear dependence = 1e-12
level shift = 0.001
max iter space = 12
max_memory 4000 MB
nroots = 1
pspace_size = 400
spin = None
Density matrix diagonal elements [1.91519546e+00 7.68597302e-02 7.82012012e-03 1.24687515e-04]
CASCI converged
CASCI E = -78.0054181918527  E(CI) = -1.22331278607489  S^2 = 0.0000000

******** <class 'pyscf.mcscf.casci.CASCI'> ********
CAS (1e+1e, 4o), ncore = 7, nvir = 37
natorb = False
canonicalization = True
sorting_mo_energy = False
max_memory 4000 MB (current use 552 MB)
******** <class 'pyscf.fci.direct_spin1.FCISolver'> ********
max. cycles = 200
conv_tol = 1e-08
davidson only = False
linear dependence = 1e-12
level shift = 0.001
max iter space = 12
max_memory 4000 MB
nroots = 1
pspace_size = 400
spin = None
Density matrix diagonal elements [1.91568637e+00 7.65285630e-02 7.77778998e-03 7.27274139e-06]
CASCI converged
CASCI E = -78.0051374963227  E(CI) = -1.22303209054485  S^2 = 0.0000000

******** <class 'pyscf.mcscf.casci.CASCI'> ********
CAS (1e+1e, 4o), ncore = 7, nvir = 37
natorb = False
canonicalization = True
sorting_mo_energy = False
max_memory 4000 MB (current use 552 MB)
******** <class 'pyscf.fci.direct_spin1.FCISolver'> ********
max. cycles = 200
conv_tol = 1e-08
davidson only = False
linear dependence = 1e-12
level shift = 0.001
max iter space = 12
max_memory 4000 MB
nroots = 1
pspace_size = 400
spin = None
Density matrix diagonal elements [1.91565669e+00 7.65590174e-02 7.78242228e-03 1.87511586e-06]
CASCI converged
CASCI E = -78.0051259547926  E(CI) = -1.22302054901479  S^2 = 0.0000000

******** <class 'pyscf.mcscf.casci.CASCI'> ********
CAS (1e+1e, 4o), ncore = 7, nvir = 37
natorb = False
canonicalization = True
sorting_mo_energy = False
max_memory 4000 MB (current use 552 MB)
******** <class 'pyscf.fci.direct_spin1.FCISolver'> ********
max. cycles = 200
conv_tol = 1e-08
davidson only = False
linear dependence = 1e-12
level shift = 0.001
max iter space = 12
max_memory 4000 MB
nroots = 1
pspace_size = 400
spin = None
Density matrix diagonal elements [1.91601641e+00 7.61527100e-02 7.72874351e-03 1.02138922e-04]
CASCI converged
CASCI E = -78.0053394448079  E(CI) = -1.22323403903006  S^2 = 0.0000000

******** <class 'pyscf.mcscf.casci.CASCI'> ********
CAS (1e+1e, 4o), ncore = 7, nvir = 37
natorb = False
canonicalization = True
sorting_mo_energy = False
max_memory 4000 MB (current use 552 MB)
******** <class 'pyscf.fci.direct_spin1.FCISolver'> ********
max. cycles = 200
conv_tol = 1e-08
davidson only = False
linear dependence = 1e-12
level shift = 0.001
max iter space = 12
max_memory 4000 MB
nroots = 1
pspace_size = 400
spin = None
Density matrix diagonal elements [1.91535017e+00 7.67799989e-02 7.81631293e-03 5.35217123e-05]
CASCI converged
CASCI E = -78.0052441403057  E(CI) = -1.22313873452789  S^2 = 0.0000000

******** <class 'pyscf.mcscf.casci.CASCI'> ********
CAS (1e+1e, 4o), ncore = 7, nvir = 37
natorb = False
canonicalization = True
sorting_mo_energy = False
max_memory 4000 MB (current use 552 MB)
******** <class 'pyscf.fci.direct_spin1.FCISolver'> ********
max. cycles = 200
conv_tol = 1e-08
davidson only = False
linear dependence = 1e-12
level shift = 0.001
max iter space = 12
max_memory 4000 MB
nroots = 1
pspace_size = 400
spin = None
Density matrix diagonal elements [1.91576273e+00 7.64228783e-02 7.76512166e-03 4.92688836e-05]
CASCI converged
CASCI E = -78.0052410018633  E(CI) = -1.22313559608540  S^2 = 0.0000000

******** <class 'pyscf.mcscf.casci.CASCI'> ********
CAS (1e+1e, 4o), ncore = 7, nvir = 37
natorb = False
canonicalization = True
sorting_mo_energy = False
max_memory 4000 MB (current use 552 MB)
******** <class 'pyscf.fci.direct_spin1.FCISolver'> ********
max. cycles = 200
conv_tol = 1e-08
davidson only = False
linear dependence = 1e-12
level shift = 0.001
max iter space = 12
max_memory 4000 MB
nroots = 1
pspace_size = 400
spin = None
Density matrix diagonal elements [1.91571088e+00 7.65070525e-02 7.77464644e-03 7.42141162e-06]
CASCI converged
CASCI E = -78.0051408495845  E(CI) = -1.22303544380667  S^2 = 0.0000000

******** <class 'pyscf.mcscf.casci.CASCI'> ********
CAS (1e+1e, 4o), ncore = 7, nvir = 37
natorb = False
canonicalization = True
sorting_mo_energy = False
max_memory 4000 MB (current use 552 MB)
******** <class 'pyscf.fci.direct_spin1.FCISolver'> ********
max. cycles = 200
conv_tol = 1e-08
davidson only = False
linear dependence = 1e-12
level shift = 0.001
max iter space = 12
max_memory 4000 MB
nroots = 1
pspace_size = 400
spin = None
Density matrix diagonal elements [1.91565589e+00 7.65611309e-02 7.78244210e-03 5.33714372e-07]
CASCI converged
CASCI E = -78.0051233590916  E(CI) = -1.22301795331371  S^2 = 0.0000000

******** <class 'pyscf.mcscf.casci.CASCI'> ********
CAS (1e+1e, 4o), ncore = 7, nvir = 37
natorb = False
canonicalization = True
sorting_mo_energy = False
max_memory 4000 MB (current use 552 MB)
******** <class 'pyscf.fci.direct_spin1.FCISolver'> ********
max. cycles = 200
conv_tol = 1e-08
davidson only = False
linear dependence = 1e-12
level shift = 0.001
max iter space = 12
max_memory 4000 MB
nroots = 1
pspace_size = 400
spin = None
Density matrix diagonal elements [1.91566027e+00 7.65563659e-02 7.78195101e-03 1.41338480e-06]
CASCI converged
CASCI E = -78.0051258459053  E(CI) = -1.22302044012744  S^2 = 0.0000000

******** <class 'pyscf.mcscf.casci.CASCI'> ********
CAS (1e+1e, 4o), ncore = 7, nvir = 37
natorb = False
canonicalization = True
sorting_mo_energy = False
max_memory 4000 MB (current use 552 MB)
******** <class 'pyscf.fci.direct_spin1.FCISolver'> ********
max. cycles = 200
conv_tol = 1e-08
davidson only = False
linear dependence = 1e-12
level shift = 0.001
max iter space = 12
max_memory 4000 MB
nroots = 1
pspace_size = 400
spin = None
Density matrix diagonal elements [1.91576979e+00 7.64461523e-02 7.76555339e-03 1.85077120e-05]
CASCI converged
CASCI E = -78.0051724403743  E(CI) = -1.22306703459644  S^2 = 0.0000000

******** <class 'pyscf.mcscf.casci.CASCI'> ********
CAS (1e+1e, 4o), ncore = 7, nvir = 37
natorb = False
canonicalization = True
sorting_mo_energy = False
max_memory 4000 MB (current use 552 MB)
******** <class 'pyscf.fci.direct_spin1.FCISolver'> ********
max. cycles = 200
conv_tol = 1e-08
davidson only = False
linear dependence = 1e-12
level shift = 0.001
max iter space = 12
max_memory 4000 MB
nroots = 1
pspace_size = 400
spin = None
Density matrix diagonal elements [1.91544359e+00 7.66804654e-02 7.81294697e-03 6.29952284e-05]
CASCI converged
CASCI E = -78.0053156151169  E(CI) = -1.22321020933909  S^2 = 0.0000000

******** <class 'pyscf.mcscf.casci.CASCI'> ********
CAS (1e+1e, 4o), ncore = 7, nvir = 37
natorb = False
canonicalization = True
sorting_mo_energy = False
max_memory 4000 MB (current use 552 MB)
******** <class 'pyscf.fci.direct_spin1.FCISolver'> ********
max. cycles = 200
conv_tol = 1e-08
davidson only = False
linear dependence = 1e-12
level shift = 0.001
max iter space = 12
max_memory 4000 MB
nroots = 1
pspace_size = 400
spin = None
Density matrix diagonal elements [1.91565760e+00 7.65587679e-02 7.78225664e-03 1.37589762e-06]
CASCI converged
CASCI E = -78.0051262373617  E(CI) = -1.22302083158382  S^2 = 0.0000000

******** <class 'pyscf.mcscf.casci.CASCI'> ********
CAS (1e+1e, 4o), ncore = 7, nvir = 37
natorb = False
canonicalization = True
sorting_mo_energy = False
max_memory 4000 MB (current use 552 MB)
******** <class 'pyscf.fci.direct_spin1.FCISolver'> ********
max. cycles = 200
conv_tol = 1e-08
davidson only = False
linear dependence = 1e-12
level shift = 0.001
max iter space = 12
max_memory 4000 MB
nroots = 1
pspace_size = 400
spin = None
Density matrix diagonal elements [1.91565648e+00 7.65607602e-02 7.78231520e-03 4.45978832e-07]
CASCI converged
CASCI E = -78.0051233668615  E(CI) = -1.22301796108367  S^2 = 0.0000000

******** <class 'pyscf.mcscf.casci.CASCI'> ********
CAS (1e+1e, 4o), ncore = 7, nvir = 37
natorb = False
canonicalization = True
sorting_mo_energy = False
max_memory 4000 MB (current use 552 MB)
******** <class 'pyscf.fci.direct_spin1.FCISolver'> ********
max. cycles = 200
conv_tol = 1e-08
davidson only = False
linear dependence = 1e-12
level shift = 0.001
max iter space = 12
max_memory 4000 MB
nroots = 1
pspace_size = 400
spin = None
Density matrix diagonal elements [1.91567337e+00 7.65436427e-02 7.78056645e-03 2.42184984e-06]
CASCI converged
CASCI E = -78.0051296630184  E(CI) = -1.22302425724058  S^2 = 0.0000000

******** <class 'pyscf.mcscf.casci.CASCI'> ********
CAS (1e+1e, 4o), ncore = 7, nvir = 37
natorb = False
canonicalization = True
sorting_mo_energy = False
max_memory 4000 MB (current use 552 MB)
******** <class 'pyscf.fci.direct_spin1.FCISolver'> ********
max. cycles = 200
conv_tol = 1e-08
davidson only = False
linear dependence = 1e-12
level shift = 0.001
max iter space = 12
max_memory 4000 MB
nroots = 1
pspace_size = 400
spin = None
Density matrix diagonal elements [1.91565995e+00 7.65572236e-02 7.78180843e-03 1.01415614e-06]
CASCI converged
CASCI E = -78.0051254598382  E(CI) = -1.22302005406030  S^2 = 0.0000000

******** <class 'pyscf.mcscf.casci.CASCI'> ********
CAS (1e+1e, 4o), ncore = 7, nvir = 37
natorb = False
canonicalization = True
sorting_mo_energy = False
max_memory 4000 MB (current use 552 MB)
******** <class 'pyscf.fci.direct_spin1.FCISolver'> ********
max. cycles = 200
conv_tol = 1e-08
davidson only = False
linear dependence = 1e-12
level shift = 0.001
max iter space = 12
max_memory 4000 MB
nroots = 1
pspace_size = 400
spin = None
Density matrix diagonal elements [1.91565690e+00 7.65603385e-02 7.78234874e-03 4.08178484e-07]
CASCI converged
CASCI E = -78.0051234533820  E(CI) = -1.22301804760414  S^2 = 0.0000000

******** <class 'pyscf.mcscf.casci.CASCI'> ********
CAS (1e+1e, 4o), ncore = 7, nvir = 37
natorb = False
canonicalization = True
sorting_mo_energy = False
max_memory 4000 MB (current use 552 MB)
******** <class 'pyscf.fci.direct_spin1.FCISolver'> ********
max. cycles = 200
conv_tol = 1e-08
davidson only = False
linear dependence = 1e-12
level shift = 0.001
max iter space = 12
max_memory 4000 MB
nroots = 1
pspace_size = 400
spin = None
Density matrix diagonal elements [1.93446721e+00 6.54437052e-02 2.99649206e-05 5.91149089e-05]
CASCI converged
CASCI E = -77.9965122550888  E(CI) = -1.21440684931093  S^2 = 0.0000000

******** <class 'pyscf.mcscf.casci.CASCI'> ********
CAS (1e+1e, 4o), ncore = 7, nvir = 37
natorb = False
canonicalization = True
sorting_mo_energy = False
max_memory 4000 MB (current use 552 MB)
******** <class 'pyscf.fci.direct_spin1.FCISolver'> ********
max. cycles = 200
conv_tol = 1e-08
davidson only = False
linear dependence = 1e-12
level shift = 0.001
max iter space = 12
max_memory 4000 MB
nroots = 1
pspace_size = 400
spin = None
Density matrix diagonal elements [1.93440772e+00 6.55445035e-02 3.41261399e-05 1.36506045e-05]
CASCI converged
CASCI E = -77.9964665826076  E(CI) = -1.21436117682978  S^2 = 0.0000000

******** <class 'pyscf.mcscf.casci.CASCI'> ********
CAS (1e+1e, 4o), ncore = 7, nvir = 37
natorb = False
canonicalization = True
sorting_mo_energy = False
max_memory 4000 MB (current use 552 MB)
******** <class 'pyscf.fci.direct_spin1.FCISolver'> ********
max. cycles = 200
conv_tol = 1e-08
davidson only = False
linear dependence = 1e-12
level shift = 0.001
max iter space = 12
max_memory 4000 MB
nroots = 1
pspace_size = 400
spin = None
Density matrix diagonal elements [1.93441335e+00 6.55434245e-02 3.41145956e-05 9.11277595e-06]
CASCI converged
CASCI E = -77.9964625060283  E(CI) = -1.21435710025048  S^2 = 0.0000000

******** <class 'pyscf.mcscf.casci.CASCI'> ********
CAS (1e+1e, 4o), ncore = 7, nvir = 37
natorb = False
canonicalization = True
sorting_mo_energy = False
max_memory 4000 MB (current use 552 MB)
******** <class 'pyscf.fci.direct_spin1.FCISolver'> ********
max. cycles = 200
conv_tol = 1e-08
davidson only = False
linear dependence = 1e-12
level shift = 0.001
max iter space = 12
max_memory 4000 MB
nroots = 1
pspace_size = 400
spin = None
Density matrix diagonal elements [1.93443212e+00 6.54788731e-02 3.31568487e-05 5.58506445e-05]
CASCI converged
CASCI E = -77.9965140063200  E(CI) = -1.21440860054214  S^2 = 0.0000000

******** <class 'pyscf.mcscf.casci.CASCI'> ********
CAS (1e+1e, 4o), ncore = 7, nvir = 37
natorb = False
canonicalization = True
sorting_mo_energy = False
max_memory 4000 MB (current use 552 MB)
******** <class 'pyscf.fci.direct_spin1.FCISolver'> ********
max. cycles = 200
conv_tol = 1e-08
davidson only = False
linear dependence = 1e-12
level shift = 0.001
max iter space = 12
max_memory 4000 MB
nroots = 1
pspace_size = 400
spin = None
Density matrix diagonal elements [1.93441859e+00 6.55430372e-02 3.45585526e-05 3.81466540e-06]
CASCI converged
CASCI E = -77.9964586072188  E(CI) = -1.21435320144093  S^2 = 0.0000000

******** <class 'pyscf.mcscf.casci.CASCI'> ********
CAS (1e+1e, 4o), ncore = 7, nvir = 37
natorb = False
canonicalization = True
sorting_mo_energy = False
max_memory 4000 MB (current use 552 MB)
******** <class 'pyscf.fci.direct_spin1.FCISolver'> ********
max. cycles = 200
conv_tol = 1e-08
davidson only = False
linear dependence = 1e-12
level shift = 0.001
max iter space = 12
max_memory 4000 MB
nroots = 1
pspace_size = 400
spin = None
Density matrix diagonal elements [1.93461839e+00 6.52043364e-02 3.41434209e-05 1.43133614e-04]
CASCI converged
CASCI E = -77.9966703787965  E(CI) = -1.21456497301862  S^2 = 0.0000000

******** <class 'pyscf.mcscf.casci.CASCI'> ********
CAS (1e+1e, 4o), ncore = 7, nvir = 37
natorb = False
canonicalization = True
sorting_mo_energy = False
max_memory 4000 MB (current use 552 MB)
******** <class 'pyscf.fci.direct_spin1.FCISolver'> ********
max. cycles = 200
conv_tol = 1e-08
davidson only = False
linear dependence = 1e-12
level shift = 0.001
max iter space = 12
max_memory 4000 MB
nroots = 1
pspace_size = 400
spin = None
Density matrix diagonal elements [1.93454390e+00 6.53933020e-02 3.44418303e-05 2.83550860e-05]
CASCI converged
CASCI E = -77.9964987150842  E(CI) = -1.21439330930636  S^2 = 0.0000000

******** <class 'pyscf.mcscf.casci.CASCI'> ********
CAS (1e+1e, 4o), ncore = 7, nvir = 37
natorb = False
canonicalization = True
sorting_mo_energy = False
max_memory 4000 MB (current use 552 MB)
******** <class 'pyscf.fci.direct_spin1.FCISolver'> ********
max. cycles = 200
conv_tol = 1e-08
davidson only = False
linear dependence = 1e-12
level shift = 0.001
max iter space = 12
max_memory 4000 MB
nroots = 1
pspace_size = 400
spin = None
Density matrix diagonal elements [1.93412762e+00 6.55533918e-02 3.43607741e-05 2.84629508e-04]
CASCI converged
CASCI E = -77.9968969374682  E(CI) = -1.21479153169032  S^2 = 0.0000000

******** <class 'pyscf.mcscf.casci.CASCI'> ********
CAS (1e+1e, 4o), ncore = 7, nvir = 37
natorb = False
canonicalization = True
sorting_mo_energy = False
max_memory 4000 MB (current use 552 MB)
******** <class 'pyscf.fci.direct_spin1.FCISolver'> ********
max. cycles = 200
conv_tol = 1e-08
davidson only = False
linear dependence = 1e-12
level shift = 0.001
max iter space = 12
max_memory 4000 MB
nroots = 1
pspace_size = 400
spin = None
Density matrix diagonal elements [1.93440768e+00 6.55574117e-02 3.46840968e-05 2.29082472e-07]
CASCI converged
CASCI E = -77.9964536258195  E(CI) = -1.21434822004163  S^2 = 0.0000000

******** <class 'pyscf.mcscf.casci.CASCI'> ********
CAS (1e+1e, 4o), ncore = 7, nvir = 37
natorb = False
canonicalization = True
sorting_mo_energy = False
max_memory 4000 MB (current use 552 MB)
******** <class 'pyscf.fci.direct_spin1.FCISolver'> ********
max. cycles = 200
conv_tol = 1e-08
davidson only = False
linear dependence = 1e-12
level shift = 0.001
max iter space = 12
max_memory 4000 MB
nroots = 1
pspace_size = 400
spin = None
Density matrix diagonal elements [1.93440734e+00 6.55575682e-02 3.46501191e-05 4.39964375e-07]
CASCI converged
CASCI E = -77.9964540680079  E(CI) = -1.21434866223012  S^2 = 0.0000000

******** <class 'pyscf.mcscf.casci.CASCI'> ********
CAS (1e+1e, 4o), ncore = 7, nvir = 37
natorb = False
canonicalization = True
sorting_mo_energy = False
max_memory 4000 MB (current use 552 MB)
******** <class 'pyscf.fci.direct_spin1.FCISolver'> ********
max. cycles = 200
conv_tol = 1e-08
davidson only = False
linear dependence = 1e-12
level shift = 0.001
max iter space = 12
max_memory 4000 MB
nroots = 1
pspace_size = 400
spin = None
Density matrix diagonal elements [1.93441956e+00 6.55224625e-02 4.01626483e-05 1.78148809e-05]
CASCI converged
CASCI E = -77.9964933727340  E(CI) = -1.21438796695611  S^2 = 0.0000000

******** <class 'pyscf.mcscf.casci.CASCI'> ********
CAS (1e+1e, 4o), ncore = 7, nvir = 37
natorb = False
canonicalization = True
sorting_mo_energy = False
max_memory 4000 MB (current use 552 MB)
******** <class 'pyscf.fci.direct_spin1.FCISolver'> ********
max. cycles = 200
conv_tol = 1e-08
davidson only = False
linear dependence = 1e-12
level shift = 0.001
max iter space = 12
max_memory 4000 MB
nroots = 1
pspace_size = 400
spin = None
Density matrix diagonal elements [1.93402773e+00 6.58497617e-02 3.46523026e-05 8.78521268e-05]
CASCI converged
CASCI E = -77.9966572690272  E(CI) = -1.21455186324940  S^2 = 0.0000000

******** <class 'pyscf.mcscf.casci.CASCI'> ********
CAS (1e+1e, 4o), ncore = 7, nvir = 37
natorb = False
canonicalization = True
sorting_mo_energy = False
max_memory 4000 MB (current use 552 MB)
******** <class 'pyscf.fci.direct_spin1.FCISolver'> ********
max. cycles = 200
conv_tol = 1e-08
davidson only = False
linear dependence = 1e-12
level shift = 0.001
max iter space = 12
max_memory 4000 MB
nroots = 1
pspace_size = 400
spin = None
Density matrix diagonal elements [1.93443077e+00 6.55247651e-02 3.44763365e-05 9.98440368e-06]
CASCI converged
CASCI E = -77.9964744856848  E(CI) = -1.21436907990693  S^2 = 0.0000000

******** <class 'pyscf.mcscf.casci.CASCI'> ********
CAS (1e+1e, 4o), ncore = 7, nvir = 37
natorb = False
canonicalization = True
sorting_mo_energy = False
max_memory 4000 MB (current use 552 MB)
******** <class 'pyscf.fci.direct_spin1.FCISolver'> ********
max. cycles = 200
conv_tol = 1e-08
davidson only = False
linear dependence = 1e-12
level shift = 0.001
max iter space = 12
max_memory 4000 MB
nroots = 1
pspace_size = 400
spin = None
Density matrix diagonal elements [1.93440817e+00 6.55551970e-02 3.45832324e-05 2.05370456e-06]
CASCI converged
CASCI E = -77.9964575577965  E(CI) = -1.21435215201865  S^2 = 0.0000000

******** <class 'pyscf.mcscf.casci.CASCI'> ********
CAS (1e+1e, 4o), ncore = 7, nvir = 37
natorb = False
canonicalization = True
sorting_mo_energy = False
max_memory 4000 MB (current use 552 MB)
******** <class 'pyscf.fci.direct_spin1.FCISolver'> ********
max. cycles = 200
conv_tol = 1e-08
davidson only = False
linear dependence = 1e-12
level shift = 0.001
max iter space = 12
max_memory 4000 MB
nroots = 1
pspace_size = 400
spin = None
Density matrix diagonal elements [1.93477914e+00 6.49604864e-02 8.23836264e-05 1.77988686e-04]
CASCI converged
CASCI E = -77.9968708150283  E(CI) = -1.21476540925046  S^2 = 0.0000000

******** <class 'pyscf.mcscf.casci.CASCI'> ********
CAS (1e+1e, 4o), ncore = 7, nvir = 37
natorb = False
canonicalization = True
sorting_mo_energy = False
max_memory 4000 MB (current use 552 MB)
******** <class 'pyscf.fci.direct_spin1.FCISolver'> ********
max. cycles = 200
conv_tol = 1e-08
davidson only = False
linear dependence = 1e-12
level shift = 0.001
max iter space = 12
max_memory 4000 MB
nroots = 1
pspace_size = 400
spin = None
Density matrix diagonal elements [1.93431221e+00 6.56118847e-02 3.43278332e-05 4.15737794e-05]
CASCI converged
CASCI E = -77.9965479121563  E(CI) = -1.21444250637846  S^2 = 0.0000000

******** <class 'pyscf.mcscf.casci.CASCI'> ********
CAS (1e+1e, 4o), ncore = 7, nvir = 37
natorb = False
canonicalization = True
sorting_mo_energy = False
max_memory 4000 MB (current use 552 MB)
******** <class 'pyscf.fci.direct_spin1.FCISolver'> ********
max. cycles = 200
conv_tol = 1e-08
davidson only = False
linear dependence = 1e-12
level shift = 0.001
max iter space = 12
max_memory 4000 MB
nroots = 1
pspace_size = 400
spin = None
Density matrix diagonal elements [1.93447923e+00 6.54292912e-02 3.42574693e-05 5.72185661e-05]
CASCI converged
CASCI E = -77.9965912071449  E(CI) = -1.21448580136706  S^2 = 0.0000000

******** <class 'pyscf.mcscf.casci.CASCI'> ********
CAS (1e+1e, 4o), ncore = 7, nvir = 37
natorb = False
canonicalization = True
sorting_mo_energy = False
max_memory 4000 MB (current use 552 MB)
******** <class 'pyscf.fci.direct_spin1.FCISolver'> ********
max. cycles = 200
conv_tol = 1e-08
davidson only = False
linear dependence = 1e-12
level shift = 0.001
max iter space = 12
max_memory 4000 MB
nroots = 1
pspace_size = 400
spin = None
Density matrix diagonal elements [1.93445320e+00 6.55012804e-02 3.42901209e-05 1.12284899e-05]
CASCI converged
CASCI E = -77.9964817360680  E(CI) = -1.21437633029016  S^2 = 0.0000000

******** <class 'pyscf.mcscf.casci.CASCI'> ********
CAS (1e+1e, 4o), ncore = 7, nvir = 37
natorb = False
canonicalization = True
sorting_mo_energy = False
max_memory 4000 MB (current use 552 MB)
******** <class 'pyscf.fci.direct_spin1.FCISolver'> ********
max. cycles = 200
conv_tol = 1e-08
davidson only = False
linear dependence = 1e-12
level shift = 0.001
max iter space = 12
max_memory 4000 MB
nroots = 1
pspace_size = 400
spin = None
Density matrix diagonal elements [1.93440776e+00 6.55568449e-02 3.46780768e-05 7.14196752e-07]
CASCI converged
CASCI E = -77.9964550672677  E(CI) = -1.21434966148982  S^2 = 0.0000000

******** <class 'pyscf.mcscf.casci.CASCI'> ********
CAS (1e+1e, 4o), ncore = 7, nvir = 37
natorb = False
canonicalization = True
sorting_mo_energy = False
max_memory 4000 MB (current use 552 MB)
******** <class 'pyscf.fci.direct_spin1.FCISolver'> ********
max. cycles = 200
conv_tol = 1e-08
davidson only = False
linear dependence = 1e-12
level shift = 0.001
max iter space = 12
max_memory 4000 MB
nroots = 1
pspace_size = 400
spin = None
Density matrix diagonal elements [1.93441257e+00 6.55494832e-02 3.53410777e-05 2.60598918e-06]
CASCI converged
CASCI E = -77.9964612742648  E(CI) = -1.21435586848690  S^2 = 0.0000000

******** <class 'pyscf.mcscf.casci.CASCI'> ********
CAS (1e+1e, 4o), ncore = 7, nvir = 37
natorb = False
canonicalization = True
sorting_mo_energy = False
max_memory 4000 MB (current use 552 MB)
******** <class 'pyscf.fci.direct_spin1.FCISolver'> ********
max. cycles = 200
conv_tol = 1e-08
davidson only = False
linear dependence = 1e-12
level shift = 0.001
max iter space = 12
max_memory 4000 MB
nroots = 1
pspace_size = 400
spin = None
Density matrix diagonal elements [1.93449693e+00 6.54426565e-02 3.44389220e-05 2.59738553e-05]
CASCI converged
CASCI E = -77.9965239464999  E(CI) = -1.21441854072205  S^2 = 0.0000000

******** <class 'pyscf.mcscf.casci.CASCI'> ********
CAS (1e+1e, 4o), ncore = 7, nvir = 37
natorb = False
canonicalization = True
sorting_mo_energy = False
max_memory 4000 MB (current use 552 MB)
******** <class 'pyscf.fci.direct_spin1.FCISolver'> ********
max. cycles = 200
conv_tol = 1e-08
davidson only = False
linear dependence = 1e-12
level shift = 0.001
max iter space = 12
max_memory 4000 MB
nroots = 1
pspace_size = 400
spin = None
Density matrix diagonal elements [1.93432696e+00 6.55899947e-02 3.45280381e-05 4.85214858e-05]
CASCI converged
CASCI E = -77.9965912559449  E(CI) = -1.21448585016705  S^2 = 0.0000000

******** <class 'pyscf.mcscf.casci.CASCI'> ********
CAS (1e+1e, 4o), ncore = 7, nvir = 37
natorb = False
canonicalization = True
sorting_mo_energy = False
max_memory 4000 MB (current use 552 MB)
******** <class 'pyscf.fci.direct_spin1.FCISolver'> ********
max. cycles = 200
conv_tol = 1e-08
davidson only = False
linear dependence = 1e-12
level shift = 0.001
max iter space = 12
max_memory 4000 MB
nroots = 1
pspace_size = 400
spin = None
Density matrix diagonal elements [1.93440953e+00 6.55538423e-02 3.46794275e-05 1.95106180e-06]
CASCI converged
CASCI E = -77.9964597484168  E(CI) = -1.21435434263891  S^2 = 0.0000000

******** <class 'pyscf.mcscf.casci.CASCI'> ********
CAS (1e+1e, 4o), ncore = 7, nvir = 37
natorb = False
canonicalization = True
sorting_mo_energy = False
max_memory 4000 MB (current use 552 MB)
******** <class 'pyscf.fci.direct_spin1.FCISolver'> ********
max. cycles = 200
conv_tol = 1e-08
davidson only = False
linear dependence = 1e-12
level shift = 0.001
max iter space = 12
max_memory 4000 MB
nroots = 1
pspace_size = 400
spin = None
Density matrix diagonal elements [1.93440825e+00 6.55564627e-02 3.46526313e-05 6.39136887e-07]
CASCI converged
CASCI E = -77.9964552141037  E(CI) = -1.21434980832585  S^2 = 0.0000000

******** <class 'pyscf.mcscf.casci.CASCI'> ********
CAS (1e+1e, 4o), ncore = 7, nvir = 37
natorb = False
canonicalization = True
sorting_mo_energy = False
max_memory 4000 MB (current use 552 MB)
******** <class 'pyscf.fci.direct_spin1.FCISolver'> ********
max. cycles = 200
conv_tol = 1e-08
davidson only = False
linear dependence = 1e-12
level shift = 0.001
max iter space = 12
max_memory 4000 MB
nroots = 1
pspace_size = 400
spin = None
Density matrix diagonal elements [1.93442253e+00 6.55397115e-02 3.45247645e-05 3.23729615e-06]
CASCI converged
CASCI E = -77.9964634806618  E(CI) = -1.21435807488398  S^2 = 0.0000000

******** <class 'pyscf.mcscf.casci.CASCI'> ********
CAS (1e+1e, 4o), ncore = 7, nvir = 37
natorb = False
canonicalization = True
sorting_mo_energy = False
max_memory 4000 MB (current use 552 MB)
******** <class 'pyscf.fci.direct_spin1.FCISolver'> ********
max. cycles = 200
conv_tol = 1e-08
davidson only = False
linear dependence = 1e-12
level shift = 0.001
max iter space = 12
max_memory 4000 MB
nroots = 1
pspace_size = 400
spin = None
Density matrix diagonal elements [1.93441092e+00 6.55530912e-02 3.46363743e-05 1.35040031e-06]
CASCI converged
CASCI E = -77.9964578523226  E(CI) = -1.21435244654477  S^2 = 0.0000000

******** <class 'pyscf.mcscf.casci.CASCI'> ********
CAS (1e+1e, 4o), ncore = 7, nvir = 37
natorb = False
canonicalization = True
sorting_mo_energy = False
max_memory 4000 MB (current use 552 MB)
******** <class 'pyscf.fci.direct_spin1.FCISolver'> ********
max. cycles = 200
conv_tol = 1e-08
davidson only = False
linear dependence = 1e-12
level shift = 0.001
max iter space = 12
max_memory 4000 MB
nroots = 1
pspace_size = 400
spin = None
Density matrix diagonal elements [1.93440871e+00 6.55560723e-02 3.46542514e-05 5.65491664e-07]
CASCI converged
CASCI E = -77.9964552658846  E(CI) = -1.21434986010679  S^2 = 0.0000000

******** <class 'pyscf.mcscf.casci.CASCI'> ********
CAS (1e+1e, 4o), ncore = 7, nvir = 37
natorb = False
canonicalization = True
sorting_mo_energy = False
max_memory 4000 MB (current use 552 MB)
******** <class 'pyscf.fci.direct_spin1.FCISolver'> ********
max. cycles = 200
conv_tol = 1e-08
davidson only = False
linear dependence = 1e-12
level shift = 0.001
max iter space = 12
max_memory 4000 MB
nroots = 1
pspace_size = 400
spin = None
Density matrix diagonal elements [1.93443404e+00 6.54895095e-02 6.30368857e-05 1.34170248e-05]
CASCI converged
CASCI E = -77.9964949826181  E(CI) = -1.21438957684022  S^2 = 0.0000000

******** <class 'pyscf.mcscf.casci.CASCI'> ********
CAS (1e+1e, 4o), ncore = 7, nvir = 37
natorb = False
canonicalization = True
sorting_mo_energy = False
max_memory 4000 MB (current use 552 MB)
******** <class 'pyscf.fci.direct_spin1.FCISolver'> ********
max. cycles = 200
conv_tol = 1e-08
davidson only = False
linear dependence = 1e-12
level shift = 0.001
max iter space = 12
max_memory 4000 MB
nroots = 1
pspace_size = 400
spin = None
Density matrix diagonal elements [1.93443959e+00 6.54891682e-02 6.26942705e-05 8.54525856e-06]
CASCI converged
CASCI E = -77.9964905508691  E(CI) = -1.21438514509128  S^2 = 0.0000000

******** <class 'pyscf.mcscf.casci.CASCI'> ********
CAS (1e+1e, 4o), ncore = 7, nvir = 37
natorb = False
canonicalization = True
sorting_mo_energy = False
max_memory 4000 MB (current use 552 MB)
******** <class 'pyscf.fci.direct_spin1.FCISolver'> ********
max. cycles = 200
conv_tol = 1e-08
davidson only = False
linear dependence = 1e-12
level shift = 0.001
max iter space = 12
max_memory 4000 MB
nroots = 1
pspace_size = 400
spin = None
Density matrix diagonal elements [1.93446540e+00 6.53514570e-02 9.59274814e-05 8.72159879e-05]
CASCI converged
CASCI E = -77.9966027182940  E(CI) = -1.21449731251616  S^2 = 0.0000000

******** <class 'pyscf.mcscf.casci.CASCI'> ********
CAS (1e+1e, 4o), ncore = 7, nvir = 37
natorb = False
canonicalization = True
sorting_mo_energy = False
max_memory 4000 MB (current use 552 MB)
******** <class 'pyscf.fci.direct_spin1.FCISolver'> ********
max. cycles = 200
conv_tol = 1e-08
davidson only = False
linear dependence = 1e-12
level shift = 0.001
max iter space = 12
max_memory 4000 MB
nroots = 1
pspace_size = 400
spin = None
Density matrix diagonal elements [1.93444480e+00 6.54876850e-02 6.36998887e-05 3.81500117e-06]
CASCI converged
CASCI E = -77.9964872374070  E(CI) = -1.21438183162918  S^2 = 0.0000000

******** <class 'pyscf.mcscf.casci.CASCI'> ********
CAS (1e+1e, 4o), ncore = 7, nvir = 37
natorb = False
canonicalization = True
sorting_mo_energy = False
max_memory 4000 MB (current use 552 MB)
******** <class 'pyscf.fci.direct_spin1.FCISolver'> ********
max. cycles = 200
conv_tol = 1e-08
davidson only = False
linear dependence = 1e-12
level shift = 0.001
max iter space = 12
max_memory 4000 MB
nroots = 1
pspace_size = 400
spin = None
Density matrix diagonal elements [1.93464440e+00 6.51495362e-02 6.30684547e-05 1.42996212e-04]
CASCI converged
CASCI E = -77.9966988018878  E(CI) = -1.21459339610995  S^2 = 0.0000000

******** <class 'pyscf.mcscf.casci.CASCI'> ********
CAS (1e+1e, 4o), ncore = 7, nvir = 37
natorb = False
canonicalization = True
sorting_mo_energy = False
max_memory 4000 MB (current use 552 MB)
******** <class 'pyscf.fci.direct_spin1.FCISolver'> ********
max. cycles = 200
conv_tol = 1e-08
davidson only = False
linear dependence = 1e-12
level shift = 0.001
max iter space = 12
max_memory 4000 MB
nroots = 1
pspace_size = 400
spin = None
Density matrix diagonal elements [1.93456993e+00 6.53382762e-02 6.34913290e-05 2.82992606e-05]
CASCI converged
CASCI E = -77.9965272553991  E(CI) = -1.21442184962120  S^2 = 0.0000000

******** <class 'pyscf.mcscf.casci.CASCI'> ********
CAS (1e+1e, 4o), ncore = 7, nvir = 37
natorb = False
canonicalization = True
sorting_mo_energy = False
max_memory 4000 MB (current use 552 MB)
******** <class 'pyscf.fci.direct_spin1.FCISolver'> ********
max. cycles = 200
conv_tol = 1e-08
davidson only = False
linear dependence = 1e-12
level shift = 0.001
max iter space = 12
max_memory 4000 MB
nroots = 1
pspace_size = 400
spin = None
Density matrix diagonal elements [1.93415488e+00 6.54974215e-02 6.32365908e-05 2.84462974e-04]
CASCI converged
CASCI E = -77.9969253118148  E(CI) = -1.21481990603699  S^2 = 0.0000000

******** <class 'pyscf.mcscf.casci.CASCI'> ********
CAS (1e+1e, 4o), ncore = 7, nvir = 37
natorb = False
canonicalization = True
sorting_mo_energy = False
max_memory 4000 MB (current use 552 MB)
******** <class 'pyscf.fci.direct_spin1.FCISolver'> ********
max. cycles = 200
conv_tol = 1e-08
davidson only = False
linear dependence = 1e-12
level shift = 0.001
max iter space = 12
max_memory 4000 MB
nroots = 1
pspace_size = 400
spin = None
Density matrix diagonal elements [1.93443389e+00 6.55020489e-02 6.38288035e-05 2.30038163e-07]
CASCI converged
CASCI E = -77.9964822573052  E(CI) = -1.21437685152735  S^2 = 0.0000000

******** <class 'pyscf.mcscf.casci.CASCI'> ********
CAS (1e+1e, 4o), ncore = 7, nvir = 37
natorb = False
canonicalization = True
sorting_mo_energy = False
max_memory 4000 MB (current use 552 MB)
******** <class 'pyscf.fci.direct_spin1.FCISolver'> ********
max. cycles = 200
conv_tol = 1e-08
davidson only = False
linear dependence = 1e-12
level shift = 0.001
max iter space = 12
max_memory 4000 MB
nroots = 1
pspace_size = 400
spin = None
Density matrix diagonal elements [1.93443357e+00 6.55021572e-02 6.38163663e-05 4.52191438e-07]
CASCI converged
CASCI E = -77.9964827227747  E(CI) = -1.21437731699680  S^2 = 0.0000000

******** <class 'pyscf.mcscf.casci.CASCI'> ********
CAS (1e+1e, 4o), ncore = 7, nvir = 37
natorb = False
canonicalization = True
sorting_mo_energy = False
max_memory 4000 MB (current use 552 MB)
******** <class 'pyscf.fci.direct_spin1.FCISolver'> ********
max. cycles = 200
conv_tol = 1e-08
davidson only = False
linear dependence = 1e-12
level shift = 0.001
max iter space = 12
max_memory 4000 MB
nroots = 1
pspace_size = 400
spin = None
Density matrix diagonal elements [1.93443852e+00 6.54853140e-02 6.35766921e-05 1.25865516e-05]
CASCI converged
CASCI E = -77.9965069937497  E(CI) = -1.21440158797185  S^2 = 0.0000000

******** <class 'pyscf.mcscf.casci.CASCI'> ********
CAS (1e+1e, 4o), ncore = 7, nvir = 37
natorb = False
canonicalization = True
sorting_mo_energy = False
max_memory 4000 MB (current use 552 MB)
******** <class 'pyscf.fci.direct_spin1.FCISolver'> ********
max. cycles = 200
conv_tol = 1e-08
davidson only = False
linear dependence = 1e-12
level shift = 0.001
max iter space = 12
max_memory 4000 MB
nroots = 1
pspace_size = 400
spin = None
Density matrix diagonal elements [1.93405446e+00 6.57944418e-02 6.34158416e-05 8.76865638e-05]
CASCI converged
CASCI E = -77.9966855211336  E(CI) = -1.21458011535579  S^2 = 0.0000000

******** <class 'pyscf.mcscf.casci.CASCI'> ********
CAS (1e+1e, 4o), ncore = 7, nvir = 37
natorb = False
canonicalization = True
sorting_mo_energy = False
max_memory 4000 MB (current use 552 MB)
******** <class 'pyscf.fci.direct_spin1.FCISolver'> ********
max. cycles = 200
conv_tol = 1e-08
davidson only = False
linear dependence = 1e-12
level shift = 0.001
max iter space = 12
max_memory 4000 MB
nroots = 1
pspace_size = 400
spin = None
Density matrix diagonal elements [1.93449325e+00 6.53995357e-02 8.15630448e-05 2.56532880e-05]
CASCI converged
CASCI E = -77.9965504289045  E(CI) = -1.21444502312660  S^2 = 0.0000000

******** <class 'pyscf.mcscf.casci.CASCI'> ********
CAS (1e+1e, 4o), ncore = 7, nvir = 37
natorb = False
canonicalization = True
sorting_mo_energy = False
max_memory 4000 MB (current use 552 MB)
******** <class 'pyscf.fci.direct_spin1.FCISolver'> ********
max. cycles = 200
conv_tol = 1e-08
davidson only = False
linear dependence = 1e-12
level shift = 0.001
max iter space = 12
max_memory 4000 MB
nroots = 1
pspace_size = 400
spin = None
Density matrix diagonal elements [1.93443438e+00 6.54998356e-02 6.37277950e-05 2.05528622e-06]
CASCI converged
CASCI E = -77.9964861908401  E(CI) = -1.21438078506229  S^2 = 0.0000000

******** <class 'pyscf.mcscf.casci.CASCI'> ********
CAS (1e+1e, 4o), ncore = 7, nvir = 37
natorb = False
canonicalization = True
sorting_mo_energy = False
max_memory 4000 MB (current use 552 MB)
******** <class 'pyscf.fci.direct_spin1.FCISolver'> ********
max. cycles = 200
conv_tol = 1e-08
davidson only = False
linear dependence = 1e-12
level shift = 0.001
max iter space = 12
max_memory 4000 MB
nroots = 1
pspace_size = 400
spin = None
Density matrix diagonal elements [1.93469131e+00 6.51146442e-02 6.25457528e-05 1.31498287e-04]
CASCI converged
CASCI E = -77.9967613939880  E(CI) = -1.21465598821010  S^2 = 0.0000000

******** <class 'pyscf.mcscf.casci.CASCI'> ********
CAS (1e+1e, 4o), ncore = 7, nvir = 37
natorb = False
canonicalization = True
sorting_mo_energy = False
max_memory 4000 MB (current use 552 MB)
******** <class 'pyscf.fci.direct_spin1.FCISolver'> ********
max. cycles = 200
conv_tol = 1e-08
davidson only = False
linear dependence = 1e-12
level shift = 0.001
max iter space = 12
max_memory 4000 MB
nroots = 1
pspace_size = 400
spin = None
Density matrix diagonal elements [1.93433884e+00 6.55561892e-02 6.34176736e-05 4.15534194e-05]
CASCI converged
CASCI E = -77.9965764966865  E(CI) = -1.21447109090863  S^2 = 0.0000000

******** <class 'pyscf.mcscf.casci.CASCI'> ********
CAS (1e+1e, 4o), ncore = 7, nvir = 37
natorb = False
canonicalization = True
sorting_mo_energy = False
max_memory 4000 MB (current use 552 MB)
******** <class 'pyscf.fci.direct_spin1.FCISolver'> ********
max. cycles = 200
conv_tol = 1e-08
davidson only = False
linear dependence = 1e-12
level shift = 0.001
max iter space = 12
max_memory 4000 MB
nroots = 1
pspace_size = 400
spin = None
Density matrix diagonal elements [1.93450537e+00 6.53744206e-02 6.31100651e-05 5.71014059e-05]
CASCI converged
CASCI E = -77.9966195541906  E(CI) = -1.21451414841270  S^2 = 0.0000000

******** <class 'pyscf.mcscf.casci.CASCI'> ********
CAS (1e+1e, 4o), ncore = 7, nvir = 37
natorb = False
canonicalization = True
sorting_mo_energy = False
max_memory 4000 MB (current use 552 MB)
******** <class 'pyscf.fci.direct_spin1.FCISolver'> ********
max. cycles = 200
conv_tol = 1e-08
davidson only = False
linear dependence = 1e-12
level shift = 0.001
max iter space = 12
max_memory 4000 MB
nroots = 1
pspace_size = 400
spin = None
Density matrix diagonal elements [1.93453826e+00 6.53553655e-02 8.03024957e-05 2.60679167e-05]
CASCI converged
CASCI E = -77.9965616954222  E(CI) = -1.21445628964433  S^2 = 0.0000000

******** <class 'pyscf.mcscf.casci.CASCI'> ********
CAS (1e+1e, 4o), ncore = 7, nvir = 37
natorb = False
canonicalization = True
sorting_mo_energy = False
max_memory 4000 MB (current use 552 MB)
******** <class 'pyscf.fci.direct_spin1.FCISolver'> ********
max. cycles = 200
conv_tol = 1e-08
davidson only = False
linear dependence = 1e-12
level shift = 0.001
max iter space = 12
max_memory 4000 MB
nroots = 1
pspace_size = 400
spin = None
Density matrix diagonal elements [1.93443397e+00 6.55015212e-02 6.38028056e-05 7.07257016e-07]
CASCI converged
CASCI E = -77.9964836783032  E(CI) = -1.21437827252532  S^2 = 0.0000000

******** <class 'pyscf.mcscf.casci.CASCI'> ********
CAS (1e+1e, 4o), ncore = 7, nvir = 37
natorb = False
canonicalization = True
sorting_mo_energy = False
max_memory 4000 MB (current use 552 MB)
******** <class 'pyscf.fci.direct_spin1.FCISolver'> ********
max. cycles = 200
conv_tol = 1e-08
davidson only = False
linear dependence = 1e-12
level shift = 0.001
max iter space = 12
max_memory 4000 MB
nroots = 1
pspace_size = 400
spin = None
Density matrix diagonal elements [1.93443740e+00 6.54971206e-02 6.37191539e-05 1.75598550e-06]
CASCI converged
CASCI E = -77.9964866453037  E(CI) = -1.21438123952585  S^2 = 0.0000000

******** <class 'pyscf.mcscf.casci.CASCI'> ********
CAS (1e+1e, 4o), ncore = 7, nvir = 37
natorb = False
canonicalization = True
sorting_mo_energy = False
max_memory 4000 MB (current use 552 MB)
******** <class 'pyscf.fci.direct_spin1.FCISolver'> ********
max. cycles = 200
conv_tol = 1e-08
davidson only = False
linear dependence = 1e-12
level shift = 0.001
max iter space = 12
max_memory 4000 MB
nroots = 1
pspace_size = 400
spin = None
Density matrix diagonal elements [1.93452298e+00 6.53878059e-02 6.33330923e-05 2.58840264e-05]
CASCI converged
CASCI E = -77.9965523310681  E(CI) = -1.21444692529023  S^2 = 0.0000000

******** <class 'pyscf.mcscf.casci.CASCI'> ********
CAS (1e+1e, 4o), ncore = 7, nvir = 37
natorb = False
canonicalization = True
sorting_mo_energy = False
max_memory 4000 MB (current use 552 MB)
******** <class 'pyscf.fci.direct_spin1.FCISolver'> ********
max. cycles = 200
conv_tol = 1e-08
davidson only = False
linear dependence = 1e-12
level shift = 0.001
max iter space = 12
max_memory 4000 MB
nroots = 1
pspace_size = 400
spin = None
Density matrix diagonal elements [1.93435429e+00 6.55340298e-02 6.32844989e-05 4.83951632e-05]
CASCI converged
CASCI E = -77.9966195033759  E(CI) = -1.21451409759808  S^2 = 0.0000000

******** <class 'pyscf.mcscf.casci.CASCI'> ********
CAS (1e+1e, 4o), ncore = 7, nvir = 37
natorb = False
canonicalization = True
sorting_mo_energy = False
max_memory 4000 MB (current use 552 MB)
******** <class 'pyscf.fci.direct_spin1.FCISolver'> ********
max. cycles = 200
conv_tol = 1e-08
davidson only = False
linear dependence = 1e-12
level shift = 0.001
max iter space = 12
max_memory 4000 MB
nroots = 1
pspace_size = 400
spin = None
Density matrix diagonal elements [1.93443512e+00 6.54996350e-02 6.36998636e-05 1.54714222e-06]
CASCI converged
CASCI E = -77.9964866248596  E(CI) = -1.21438121908174  S^2 = 0.0000000

******** <class 'pyscf.mcscf.casci.CASCI'> ********
CAS (1e+1e, 4o), ncore = 7, nvir = 37
natorb = False
canonicalization = True
sorting_mo_energy = False
max_memory 4000 MB (current use 552 MB)
******** <class 'pyscf.fci.direct_spin1.FCISolver'> ********
max. cycles = 200
conv_tol = 1e-08
davidson only = False
linear dependence = 1e-12
level shift = 0.001
max iter space = 12
max_memory 4000 MB
nroots = 1
pspace_size = 400
spin = None
Density matrix diagonal elements [1.93443446e+00 6.55011100e-02 6.37931522e-05 6.38542396e-07]
CASCI converged
CASCI E = -77.9964838417664  E(CI) = -1.21437843598859  S^2 = 0.0000000

******** <class 'pyscf.mcscf.casci.CASCI'> ********
CAS (1e+1e, 4o), ncore = 7, nvir = 37
natorb = False
canonicalization = True
sorting_mo_energy = False
max_memory 4000 MB (current use 552 MB)
******** <class 'pyscf.fci.direct_spin1.FCISolver'> ********
max. cycles = 200
conv_tol = 1e-08
davidson only = False
linear dependence = 1e-12
level shift = 0.001
max iter space = 12
max_memory 4000 MB
nroots = 1
pspace_size = 400
spin = None
Density matrix diagonal elements [1.93446002e+00 6.54695880e-02 6.50850931e-05 5.30548041e-06]
CASCI converged
CASCI E = -77.9965007670798  E(CI) = -1.21439536130192  S^2 = 0.0000000

******** <class 'pyscf.mcscf.casci.CASCI'> ********
CAS (1e+1e, 4o), ncore = 7, nvir = 37
natorb = False
canonicalization = True
sorting_mo_energy = False
max_memory 4000 MB (current use 552 MB)
******** <class 'pyscf.fci.direct_spin1.FCISolver'> ********
max. cycles = 200
conv_tol = 1e-08
davidson only = False
linear dependence = 1e-12
level shift = 0.001
max iter space = 12
max_memory 4000 MB
nroots = 1
pspace_size = 400
spin = None
Density matrix diagonal elements [1.93444269e+00 6.54902608e-02 6.44848371e-05 2.55981738e-06]
CASCI converged
CASCI E = -77.9964919387026  E(CI) = -1.21438653292473  S^2 = 0.0000000

******** <class 'pyscf.mcscf.casci.CASCI'> ********
CAS (1e+1e, 4o), ncore = 7, nvir = 37
natorb = False
canonicalization = True
sorting_mo_energy = False
max_memory 4000 MB (current use 552 MB)
******** <class 'pyscf.fci.direct_spin1.FCISolver'> ********
max. cycles = 200
conv_tol = 1e-08
davidson only = False
linear dependence = 1e-12
level shift = 0.001
max iter space = 12
max_memory 4000 MB
nroots = 1
pspace_size = 400
spin = None
Density matrix diagonal elements [1.93443492e+00 6.55007119e-02 6.37990877e-05 5.66162076e-07]
CASCI converged
CASCI E = -77.9964838979515  E(CI) = -1.21437849217368  S^2 = 0.0000000

******** <class 'pyscf.mcscf.casci.CASCI'> ********
CAS (1e+1e, 4o), ncore = 7, nvir = 37
natorb = False
canonicalization = True
sorting_mo_energy = False
max_memory 4000 MB (current use 552 MB)
******** <class 'pyscf.fci.direct_spin1.FCISolver'> ********
max. cycles = 200
conv_tol = 1e-08
davidson only = False
linear dependence = 1e-12
level shift = 0.001
max iter space = 12
max_memory 4000 MB
nroots = 1
pspace_size = 400
spin = None
Density matrix diagonal elements [1.93437983e+00 6.55982973e-02 1.31941158e-05 8.68026565e-06]
CASCI converged
CASCI E = -77.9964406720800  E(CI) = -1.21433526630219  S^2 = 0.0000000

******** <class 'pyscf.mcscf.casci.CASCI'> ********
CAS (1e+1e, 4o), ncore = 7, nvir = 37
natorb = False
canonicalization = True
sorting_mo_energy = False
max_memory 4000 MB (current use 552 MB)
******** <class 'pyscf.fci.direct_spin1.FCISolver'> ********
max. cycles = 200
conv_tol = 1e-08
davidson only = False
linear dependence = 1e-12
level shift = 0.001
max iter space = 12
max_memory 4000 MB
nroots = 1
pspace_size = 400
spin = None
Density matrix diagonal elements [1.93439812e+00 6.55310742e-02 1.38660970e-05 5.69424638e-05]
CASCI converged
CASCI E = -77.9964938400669  E(CI) = -1.21438843428908  S^2 = 0.0000000

******** <class 'pyscf.mcscf.casci.CASCI'> ********
CAS (1e+1e, 4o), ncore = 7, nvir = 37
natorb = False
canonicalization = True
sorting_mo_energy = False
max_memory 4000 MB (current use 552 MB)
******** <class 'pyscf.fci.direct_spin1.FCISolver'> ********
max. cycles = 200
conv_tol = 1e-08
davidson only = False
linear dependence = 1e-12
level shift = 0.001
max iter space = 12
max_memory 4000 MB
nroots = 1
pspace_size = 400
spin = None
Density matrix diagonal elements [1.93438472e+00 6.55971297e-02 1.42393671e-05 3.90907874e-06]
CASCI converged
CASCI E = -77.9964373709060  E(CI) = -1.21433196512817  S^2 = 0.0000000

******** <class 'pyscf.mcscf.casci.CASCI'> ********
CAS (1e+1e, 4o), ncore = 7, nvir = 37
natorb = False
canonicalization = True
sorting_mo_energy = False
max_memory 4000 MB (current use 552 MB)
******** <class 'pyscf.fci.direct_spin1.FCISolver'> ********
max. cycles = 200
conv_tol = 1e-08
davidson only = False
linear dependence = 1e-12
level shift = 0.001
max iter space = 12
max_memory 4000 MB
nroots = 1
pspace_size = 400
spin = None
Density matrix diagonal elements [1.93458475e+00 6.52579720e-02 1.39583925e-05 1.43317725e-04]
CASCI converged
CASCI E = -77.9966492860987  E(CI) = -1.21454388032087  S^2 = 0.0000000

******** <class 'pyscf.mcscf.casci.CASCI'> ********
CAS (1e+1e, 4o), ncore = 7, nvir = 37
natorb = False
canonicalization = True
sorting_mo_energy = False
max_memory 4000 MB (current use 552 MB)
******** <class 'pyscf.fci.direct_spin1.FCISolver'> ********
max. cycles = 200
conv_tol = 1e-08
davidson only = False
linear dependence = 1e-12
level shift = 0.001
max iter space = 12
max_memory 4000 MB
nroots = 1
pspace_size = 400
spin = None
Density matrix diagonal elements [1.93451024e+00 6.54471264e-02 1.41651827e-05 2.84667506e-05]
CASCI converged
CASCI E = -77.9964775233037  E(CI) = -1.21437211752590  S^2 = 0.0000000

******** <class 'pyscf.mcscf.casci.CASCI'> ********
CAS (1e+1e, 4o), ncore = 7, nvir = 37
natorb = False
canonicalization = True
sorting_mo_energy = False
max_memory 4000 MB (current use 552 MB)
******** <class 'pyscf.fci.direct_spin1.FCISolver'> ********
max. cycles = 200
conv_tol = 1e-08
davidson only = False
linear dependence = 1e-12
level shift = 0.001
max iter space = 12
max_memory 4000 MB
nroots = 1
pspace_size = 400
spin = None
Density matrix diagonal elements [1.93409643e+00 6.56047883e-02 1.40537827e-05 2.84727474e-04]
CASCI converged
CASCI E = -77.9968757159401  E(CI) = -1.21477031016224  S^2 = 0.0000000

******** <class 'pyscf.mcscf.casci.CASCI'> ********
CAS (1e+1e, 4o), ncore = 7, nvir = 37
natorb = False
canonicalization = True
sorting_mo_energy = False
max_memory 4000 MB (current use 552 MB)
******** <class 'pyscf.fci.direct_spin1.FCISolver'> ********
max. cycles = 200
conv_tol = 1e-08
davidson only = False
linear dependence = 1e-12
level shift = 0.001
max iter space = 12
max_memory 4000 MB
nroots = 1
pspace_size = 400
spin = None
Density matrix diagonal elements [1.93437376e+00 6.56117128e-02 1.42790235e-05 2.52078112e-07]
CASCI converged
CASCI E = -77.9964323011439  E(CI) = -1.21432689536604  S^2 = 0.0000000

******** <class 'pyscf.mcscf.casci.CASCI'> ********
CAS (1e+1e, 4o), ncore = 7, nvir = 37
natorb = False
canonicalization = True
sorting_mo_energy = False
max_memory 4000 MB (current use 552 MB)
******** <class 'pyscf.fci.direct_spin1.FCISolver'> ********
max. cycles = 200
conv_tol = 1e-08
davidson only = False
linear dependence = 1e-12
level shift = 0.001
max iter space = 12
max_memory 4000 MB
nroots = 1
pspace_size = 400
spin = None
Density matrix diagonal elements [1.93437302e+00 6.56108093e-02 1.50412563e-05 1.12589452e-06]
CASCI converged
CASCI E = -77.9964346538891  E(CI) = -1.21432924811121  S^2 = 0.0000000

******** <class 'pyscf.mcscf.casci.CASCI'> ********
CAS (1e+1e, 4o), ncore = 7, nvir = 37
natorb = False
canonicalization = True
sorting_mo_energy = False
max_memory 4000 MB (current use 552 MB)
******** <class 'pyscf.fci.direct_spin1.FCISolver'> ********
max. cycles = 200
conv_tol = 1e-08
davidson only = False
linear dependence = 1e-12
level shift = 0.001
max iter space = 12
max_memory 4000 MB
nroots = 1
pspace_size = 400
spin = None
Density matrix diagonal elements [1.93437836e+00 6.55948343e-02 1.41382532e-05 1.26651849e-05]
CASCI converged
CASCI E = -77.9964571500357  E(CI) = -1.21435174425787  S^2 = 0.0000000

******** <class 'pyscf.mcscf.casci.CASCI'> ********
CAS (1e+1e, 4o), ncore = 7, nvir = 37
natorb = False
canonicalization = True
sorting_mo_energy = False
max_memory 4000 MB (current use 552 MB)
******** <class 'pyscf.fci.direct_spin1.FCISolver'> ********
max. cycles = 200
conv_tol = 1e-08
davidson only = False
linear dependence = 1e-12
level shift = 0.001
max iter space = 12
max_memory 4000 MB
nroots = 1
pspace_size = 400
spin = None
Density matrix diagonal elements [1.93399387e+00 6.59039596e-02 1.42754375e-05 8.78947952e-05]
CASCI converged
CASCI E = -77.9966359696418  E(CI) = -1.21453056386397  S^2 = 0.0000000

******** <class 'pyscf.mcscf.casci.CASCI'> ********
CAS (1e+1e, 4o), ncore = 7, nvir = 37
natorb = False
canonicalization = True
sorting_mo_energy = False
max_memory 4000 MB (current use 552 MB)
******** <class 'pyscf.fci.direct_spin1.FCISolver'> ********
max. cycles = 200
conv_tol = 1e-08
davidson only = False
linear dependence = 1e-12
level shift = 0.001
max iter space = 12
max_memory 4000 MB
nroots = 1
pspace_size = 400
spin = None
Density matrix diagonal elements [1.93439689e+00 6.55788199e-02 1.42184540e-05 1.00766322e-05]
CASCI converged
CASCI E = -77.9964533117389  E(CI) = -1.21434790596109  S^2 = 0.0000000

******** <class 'pyscf.mcscf.casci.CASCI'> ********
CAS (1e+1e, 4o), ncore = 7, nvir = 37
natorb = False
canonicalization = True
sorting_mo_energy = False
max_memory 4000 MB (current use 552 MB)
******** <class 'pyscf.fci.direct_spin1.FCISolver'> ********
max. cycles = 200
conv_tol = 1e-08
davidson only = False
linear dependence = 1e-12
level shift = 0.001
max iter space = 12
max_memory 4000 MB
nroots = 1
pspace_size = 400
spin = None
Density matrix diagonal elements [1.93437350e+00 6.56091645e-02 1.47963828e-05 2.53545100e-06]
CASCI converged
CASCI E = -77.9964375484495  E(CI) = -1.21433214267171  S^2 = 0.0000000

******** <class 'pyscf.mcscf.casci.CASCI'> ********
CAS (1e+1e, 4o), ncore = 7, nvir = 37
natorb = False
canonicalization = True
sorting_mo_energy = False
max_memory 4000 MB (current use 552 MB)
******** <class 'pyscf.fci.direct_spin1.FCISolver'> ********
max. cycles = 200
conv_tol = 1e-08
davidson only = False
linear dependence = 1e-12
level shift = 0.001
max iter space = 12
max_memory 4000 MB
nroots = 1
pspace_size = 400
spin = None
Density matrix diagonal elements [1.93463186e+00 6.52221407e-02 1.40086938e-05 1.31994695e-04]
CASCI converged
CASCI E = -77.9967124511952  E(CI) = -1.21460704541738  S^2 = 0.0000000

******** <class 'pyscf.mcscf.casci.CASCI'> ********
CAS (1e+1e, 4o), ncore = 7, nvir = 37
natorb = False
canonicalization = True
sorting_mo_energy = False
max_memory 4000 MB (current use 552 MB)
******** <class 'pyscf.fci.direct_spin1.FCISolver'> ********
max. cycles = 200
conv_tol = 1e-08
davidson only = False
linear dependence = 1e-12
level shift = 0.001
max iter space = 12
max_memory 4000 MB
nroots = 1
pspace_size = 400
spin = None
Density matrix diagonal elements [1.93427987e+00 6.56642934e-02 1.41404016e-05 4.16930692e-05]
CASCI converged
CASCI E = -77.9965268142206  E(CI) = -1.21442140844272  S^2 = 0.0000000

******** <class 'pyscf.mcscf.casci.CASCI'> ********
CAS (1e+1e, 4o), ncore = 7, nvir = 37
natorb = False
canonicalization = True
sorting_mo_energy = False
max_memory 4000 MB (current use 552 MB)
******** <class 'pyscf.fci.direct_spin1.FCISolver'> ********
max. cycles = 200
conv_tol = 1e-08
davidson only = False
linear dependence = 1e-12
level shift = 0.001
max iter space = 12
max_memory 4000 MB
nroots = 1
pspace_size = 400
spin = None
Density matrix diagonal elements [1.93444548e+00 6.54833850e-02 1.38812248e-05 5.72554185e-05]
CASCI converged
CASCI E = -77.9965699228950  E(CI) = -1.21446451711721  S^2 = 0.0000000

******** <class 'pyscf.mcscf.casci.CASCI'> ********
CAS (1e+1e, 4o), ncore = 7, nvir = 37
natorb = False
canonicalization = True
sorting_mo_energy = False
max_memory 4000 MB (current use 552 MB)
******** <class 'pyscf.fci.direct_spin1.FCISolver'> ********
max. cycles = 200
conv_tol = 1e-08
davidson only = False
linear dependence = 1e-12
level shift = 0.001
max iter space = 12
max_memory 4000 MB
nroots = 1
pspace_size = 400
spin = None
Density matrix diagonal elements [1.93441949e+00 6.55549987e-02 1.41534571e-05 1.13554253e-05]
CASCI converged
CASCI E = -77.9964606889213  E(CI) = -1.21435528314343  S^2 = 0.0000000

******** <class 'pyscf.mcscf.casci.CASCI'> ********
CAS (1e+1e, 4o), ncore = 7, nvir = 37
natorb = False
canonicalization = True
sorting_mo_energy = False
max_memory 4000 MB (current use 552 MB)
******** <class 'pyscf.fci.direct_spin1.FCISolver'> ********
max. cycles = 200
conv_tol = 1e-08
davidson only = False
linear dependence = 1e-12
level shift = 0.001
max iter space = 12
max_memory 4000 MB
nroots = 1
pspace_size = 400
spin = None
Density matrix diagonal elements [1.93437378e+00 6.56113220e-02 1.41984595e-05 7.03236029e-07]
CASCI converged
CASCI E = -77.9964336666262  E(CI) = -1.21432826084830  S^2 = 0.0000000

******** <class 'pyscf.mcscf.casci.CASCI'> ********
CAS (1e+1e, 4o), ncore = 7, nvir = 37
natorb = False
canonicalization = True
sorting_mo_energy = False
max_memory 4000 MB (current use 552 MB)
******** <class 'pyscf.fci.direct_spin1.FCISolver'> ********
max. cycles = 200
conv_tol = 1e-08
davidson only = False
linear dependence = 1e-12
level shift = 0.001
max iter space = 12
max_memory 4000 MB
nroots = 1
pspace_size = 400
spin = None
Density matrix diagonal elements [1.93437725e+00 6.56067381e-02 1.42209935e-05 1.79094751e-06]
CASCI converged
CASCI E = -77.9964367411257  E(CI) = -1.21433133534781  S^2 = 0.0000000

******** <class 'pyscf.mcscf.casci.CASCI'> ********
CAS (1e+1e, 4o), ncore = 7, nvir = 37
natorb = False
canonicalization = True
sorting_mo_energy = False
max_memory 4000 MB (current use 552 MB)
******** <class 'pyscf.fci.direct_spin1.FCISolver'> ********
max. cycles = 200
conv_tol = 1e-08
davidson only = False
linear dependence = 1e-12
level shift = 0.001
max iter space = 12
max_memory 4000 MB
nroots = 1
pspace_size = 400
spin = None
Density matrix diagonal elements [1.93446311e+00 6.54968432e-02 1.40451790e-05 2.59975481e-05]
CASCI converged
CASCI E = -77.9965026391090  E(CI) = -1.21439723333114  S^2 = 0.0000000

******** <class 'pyscf.mcscf.casci.CASCI'> ********
CAS (1e+1e, 4o), ncore = 7, nvir = 37
natorb = False
canonicalization = True
sorting_mo_energy = False
max_memory 4000 MB (current use 552 MB)
******** <class 'pyscf.fci.direct_spin1.FCISolver'> ********
max. cycles = 200
conv_tol = 1e-08
davidson only = False
linear dependence = 1e-12
level shift = 0.001
max iter space = 12
max_memory 4000 MB
nroots = 1
pspace_size = 400
spin = None
Density matrix diagonal elements [1.93429459e+00 6.56426847e-02 1.41559156e-05 4.85645385e-05]
CASCI converged
CASCI E = -77.9965699673855  E(CI) = -1.21446456160768  S^2 = 0.0000000

******** <class 'pyscf.mcscf.casci.CASCI'> ********
CAS (1e+1e, 4o), ncore = 7, nvir = 37
natorb = False
canonicalization = True
sorting_mo_energy = False
max_memory 4000 MB (current use 552 MB)
******** <class 'pyscf.fci.direct_spin1.FCISolver'> ********
max. cycles = 200
conv_tol = 1e-08
davidson only = False
linear dependence = 1e-12
level shift = 0.001
max iter space = 12
max_memory 4000 MB
nroots = 1
pspace_size = 400
spin = None
Density matrix diagonal elements [1.93437495e+00 6.56092632e-02 1.42088920e-05 1.58054686e-06]
CASCI converged
CASCI E = -77.9964367283966  E(CI) = -1.21433132261878  S^2 = 0.0000000

******** <class 'pyscf.mcscf.casci.CASCI'> ********
CAS (1e+1e, 4o), ncore = 7, nvir = 37
natorb = False
canonicalization = True
sorting_mo_energy = False
max_memory 4000 MB (current use 552 MB)
******** <class 'pyscf.fci.direct_spin1.FCISolver'> ********
max. cycles = 200
conv_tol = 1e-08
davidson only = False
linear dependence = 1e-12
level shift = 0.001
max iter space = 12
max_memory 4000 MB
nroots = 1
pspace_size = 400
spin = None
Density matrix diagonal elements [1.93437537e+00 6.56095137e-02 1.43880544e-05 7.32693195e-07]
CASCI converged
CASCI E = -77.9964342186978  E(CI) = -1.21432881291996  S^2 = 0.0000000

******** <class 'pyscf.mcscf.casci.CASCI'> ********
CAS (1e+1e, 4o), ncore = 7, nvir = 37
natorb = False
canonicalization = True
sorting_mo_energy = False
max_memory 4000 MB (current use 552 MB)
******** <class 'pyscf.fci.direct_spin1.FCISolver'> ********
max. cycles = 200
conv_tol = 1e-08
davidson only = False
linear dependence = 1e-12
level shift = 0.001
max iter space = 12
max_memory 4000 MB
nroots = 1
pspace_size = 400
spin = None
Density matrix diagonal elements [1.93438866e+00 6.55938026e-02 1.42443538e-05 3.29175332e-06]
CASCI converged
CASCI E = -77.9964422832792  E(CI) = -1.21433687750138  S^2 = 0.0000000

******** <class 'pyscf.mcscf.casci.CASCI'> ********
CAS (1e+1e, 4o), ncore = 7, nvir = 37
natorb = False
canonicalization = True
sorting_mo_energy = False
max_memory 4000 MB (current use 552 MB)
******** <class 'pyscf.fci.direct_spin1.FCISolver'> ********
max. cycles = 200
conv_tol = 1e-08
davidson only = False
linear dependence = 1e-12
level shift = 0.001
max iter space = 12
max_memory 4000 MB
nroots = 1
pspace_size = 400
spin = None
Density matrix diagonal elements [1.93437696e+00 6.56074761e-02 1.42098688e-05 1.35769789e-06]
CASCI converged
CASCI E = -77.9964365063553  E(CI) = -1.21433110057743  S^2 = 0.0000000

******** <class 'pyscf.mcscf.casci.CASCI'> ********
CAS (1e+1e, 4o), ncore = 7, nvir = 37
natorb = False
canonicalization = True
sorting_mo_energy = False
max_memory 4000 MB (current use 552 MB)
******** <class 'pyscf.fci.direct_spin1.FCISolver'> ********
max. cycles = 200
conv_tol = 1e-08
davidson only = False
linear dependence = 1e-12
level shift = 0.001
max iter space = 12
max_memory 4000 MB
nroots = 1
pspace_size = 400
spin = None
Density matrix diagonal elements [1.93437474e+00 6.56104367e-02 1.42460421e-05 5.77087214e-07]
CASCI converged
CASCI E = -77.9964339377844  E(CI) = -1.21432853200660  S^2 = 0.0000000

******** <class 'pyscf.mcscf.casci.CASCI'> ********
CAS (1e+1e, 4o), ncore = 7, nvir = 37
natorb = False
canonicalization = True
sorting_mo_energy = False
max_memory 4000 MB (current use 552 MB)
******** <class 'pyscf.fci.direct_spin1.FCISolver'> ********
max. cycles = 200
conv_tol = 1e-08
davidson only = False
linear dependence = 1e-12
level shift = 0.001
max iter space = 12
max_memory 4000 MB
nroots = 1
pspace_size = 400
spin = None
Density matrix diagonal elements [1.93440384e+00 6.55299939e-02 9.27801662e-06 5.68918001e-05]
CASCI converged
CASCI E = -77.9964897209117  E(CI) = -1.21438431513380  S^2 = 0.0000000

******** <class 'pyscf.mcscf.casci.CASCI'> ********
CAS (1e+1e, 4o), ncore = 7, nvir = 37
natorb = False
canonicalization = True
sorting_mo_energy = False
max_memory 4000 MB (current use 552 MB)
******** <class 'pyscf.fci.direct_spin1.FCISolver'> ********
max. cycles = 200
conv_tol = 1e-08
davidson only = False
linear dependence = 1e-12
level shift = 0.001
max iter space = 12
max_memory 4000 MB
nroots = 1
pspace_size = 400
spin = None
Density matrix diagonal elements [1.93438946e+00 6.55966365e-02 9.84115179e-06 4.05928266e-06]
CASCI converged
CASCI E = -77.9964336691699  E(CI) = -1.21432826339205  S^2 = 0.0000000

******** <class 'pyscf.mcscf.casci.CASCI'> ********
CAS (1e+1e, 4o), ncore = 7, nvir = 37
natorb = False
canonicalization = True
sorting_mo_energy = False
max_memory 4000 MB (current use 552 MB)
******** <class 'pyscf.fci.direct_spin1.FCISolver'> ********
max. cycles = 200
conv_tol = 1e-08
davidson only = False
linear dependence = 1e-12
level shift = 0.001
max iter space = 12
max_memory 4000 MB
nroots = 1
pspace_size = 400
spin = None
Density matrix diagonal elements [1.93459048e+00 6.52569100e-02 9.34540730e-06 1.43266827e-04]
CASCI converged
CASCI E = -77.9966451450825  E(CI) = -1.21453973930463  S^2 = 0.0000000

******** <class 'pyscf.mcscf.casci.CASCI'> ********
CAS (1e+1e, 4o), ncore = 7, nvir = 37
natorb = False
canonicalization = True
sorting_mo_energy = False
max_memory 4000 MB (current use 552 MB)
******** <class 'pyscf.fci.direct_spin1.FCISolver'> ********
max. cycles = 200
conv_tol = 1e-08
davidson only = False
linear dependence = 1e-12
level shift = 0.001
max iter space = 12
max_memory 4000 MB
nroots = 1
pspace_size = 400
spin = None
Density matrix diagonal elements [1.93451598e+00 6.54460257e-02 9.56383537e-06 2.84305195e-05]
CASCI converged
CASCI E = -77.9964734033381  E(CI) = -1.21436799756026  S^2 = 0.0000000

******** <class 'pyscf.mcscf.casci.CASCI'> ********
CAS (1e+1e, 4o), ncore = 7, nvir = 37
natorb = False
canonicalization = True
sorting_mo_energy = False
max_memory 4000 MB (current use 552 MB)
******** <class 'pyscf.fci.direct_spin1.FCISolver'> ********
max. cycles = 200
conv_tol = 1e-08
davidson only = False
linear dependence = 1e-12
level shift = 0.001
max iter space = 12
max_memory 4000 MB
nroots = 1
pspace_size = 400
spin = None
Density matrix diagonal elements [1.93410190e+00 6.56037916e-02 9.55612750e-06 2.84754832e-04]
CASCI converged
CASCI E = -77.9968716968129  E(CI) = -1.21476629103506  S^2 = 0.0000000

******** <class 'pyscf.mcscf.casci.CASCI'> ********
CAS (1e+1e, 4o), ncore = 7, nvir = 37
natorb = False
canonicalization = True
sorting_mo_energy = False
max_memory 4000 MB (current use 552 MB)
******** <class 'pyscf.fci.direct_spin1.FCISolver'> ********
max. cycles = 200
conv_tol = 1e-08
davidson only = False
linear dependence = 1e-12
level shift = 0.001
max iter space = 12
max_memory 4000 MB
nroots = 1
pspace_size = 400
spin = None
Density matrix diagonal elements [1.93437944e+00 6.56105516e-02 9.74207847e-06 2.62921819e-07]
CASCI converged
CASCI E = -77.9964282721433  E(CI) = -1.21432286636548  S^2 = 0.0000000

******** <class 'pyscf.mcscf.casci.CASCI'> ********
CAS (1e+1e, 4o), ncore = 7, nvir = 37
natorb = False
canonicalization = True
sorting_mo_energy = False
max_memory 4000 MB (current use 552 MB)
******** <class 'pyscf.fci.direct_spin1.FCISolver'> ********
max. cycles = 200
conv_tol = 1e-08
davidson only = False
linear dependence = 1e-12
level shift = 0.001
max iter space = 12
max_memory 4000 MB
nroots = 1
pspace_size = 400
spin = None
Density matrix diagonal elements [1.93437923e+00 6.56105663e-02 9.72546682e-06 4.77265252e-07]
CASCI converged
CASCI E = -77.9964287125401  E(CI) = -1.21432330676225  S^2 = 0.0000000

******** <class 'pyscf.mcscf.casci.CASCI'> ********
CAS (1e+1e, 4o), ncore = 7, nvir = 37
natorb = False
canonicalization = True
sorting_mo_energy = False
max_memory 4000 MB (current use 552 MB)
******** <class 'pyscf.fci.direct_spin1.FCISolver'> ********
max. cycles = 200
conv_tol = 1e-08
davidson only = False
linear dependence = 1e-12
level shift = 0.001
max iter space = 12
max_memory 4000 MB
nroots = 1
pspace_size = 400
spin = None
Density matrix diagonal elements [1.93438418e+00 6.55937227e-02 9.48842739e-06 1.26109275e-05]
CASCI converged
CASCI E = -77.9964529788952  E(CI) = -1.21434757311732  S^2 = 0.0000000

******** <class 'pyscf.mcscf.casci.CASCI'> ********
CAS (1e+1e, 4o), ncore = 7, nvir = 37
natorb = False
canonicalization = True
sorting_mo_energy = False
max_memory 4000 MB (current use 552 MB)
******** <class 'pyscf.fci.direct_spin1.FCISolver'> ********
max. cycles = 200
conv_tol = 1e-08
davidson only = False
linear dependence = 1e-12
level shift = 0.001
max iter space = 12
max_memory 4000 MB
nroots = 1
pspace_size = 400
spin = None
Density matrix diagonal elements [1.93399959e+00 6.59027383e-02 9.76332616e-06 8.79084249e-05]
CASCI converged
CASCI E = -77.9966319455378  E(CI) = -1.21452653975996  S^2 = 0.0000000

******** <class 'pyscf.mcscf.casci.CASCI'> ********
CAS (1e+1e, 4o), ncore = 7, nvir = 37
natorb = False
canonicalization = True
sorting_mo_energy = False
max_memory 4000 MB (current use 552 MB)
******** <class 'pyscf.fci.direct_spin1.FCISolver'> ********
max. cycles = 200
conv_tol = 1e-08
davidson only = False
linear dependence = 1e-12
level shift = 0.001
max iter space = 12
max_memory 4000 MB
nroots = 1
pspace_size = 400
spin = None
Density matrix diagonal elements [1.93440268e+00 6.55777028e-02 9.58200442e-06 1.00335187e-05]
CASCI converged
CASCI E = -77.9964491579093  E(CI) = -1.21434375213143  S^2 = 0.0000000

******** <class 'pyscf.mcscf.casci.CASCI'> ********
CAS (1e+1e, 4o), ncore = 7, nvir = 37
natorb = False
canonicalization = True
sorting_mo_energy = False
max_memory 4000 MB (current use 552 MB)
******** <class 'pyscf.fci.direct_spin1.FCISolver'> ********
max. cycles = 200
conv_tol = 1e-08
davidson only = False
linear dependence = 1e-12
level shift = 0.001
max iter space = 12
max_memory 4000 MB
nroots = 1
pspace_size = 400
spin = None
Density matrix diagonal elements [1.93438002e+00 6.56082826e-02 9.62766241e-06 2.07378930e-06]
CASCI converged
CASCI E = -77.9964321682269  E(CI) = -1.21432676244903  S^2 = 0.0000000

******** <class 'pyscf.mcscf.casci.CASCI'> ********
CAS (1e+1e, 4o), ncore = 7, nvir = 37
natorb = False
canonicalization = True
sorting_mo_energy = False
max_memory 4000 MB (current use 552 MB)
******** <class 'pyscf.fci.direct_spin1.FCISolver'> ********
max. cycles = 200
conv_tol = 1e-08
davidson only = False
linear dependence = 1e-12
level shift = 0.001
max iter space = 12
max_memory 4000 MB
nroots = 1
pspace_size = 400
spin = None
Density matrix diagonal elements [1.93463761e+00 6.52208441e-02 9.52226314e-06 1.32019215e-04]
CASCI converged
CASCI E = -77.9967084420763  E(CI) = -1.21460303629840  S^2 = 0.0000000

******** <class 'pyscf.mcscf.casci.CASCI'> ********
CAS (1e+1e, 4o), ncore = 7, nvir = 37
natorb = False
canonicalization = True
sorting_mo_energy = False
max_memory 4000 MB (current use 552 MB)
******** <class 'pyscf.fci.direct_spin1.FCISolver'> ********
max. cycles = 200
conv_tol = 1e-08
davidson only = False
linear dependence = 1e-12
level shift = 0.001
max iter space = 12
max_memory 4000 MB
nroots = 1
pspace_size = 400
spin = None
Density matrix diagonal elements [1.93428561e+00 6.56631311e-02 9.57272409e-06 4.16821538e-05]
CASCI converged
CASCI E = -77.9965227277035  E(CI) = -1.21441732192567  S^2 = 0.0000000

******** <class 'pyscf.mcscf.casci.CASCI'> ********
CAS (1e+1e, 4o), ncore = 7, nvir = 37
natorb = False
canonicalization = True
sorting_mo_energy = False
max_memory 4000 MB (current use 552 MB)
******** <class 'pyscf.fci.direct_spin1.FCISolver'> ********
max. cycles = 200
conv_tol = 1e-08
davidson only = False
linear dependence = 1e-12
level shift = 0.001
max iter space = 12
max_memory 4000 MB
nroots = 1
pspace_size = 400
spin = None
Density matrix diagonal elements [1.93445119e+00 6.54822876e-02 9.29355227e-06 5.72328798e-05]
CASCI converged
CASCI E = -77.9965658047396  E(CI) = -1.21446039896178  S^2 = 0.0000000

******** <class 'pyscf.mcscf.casci.CASCI'> ********
CAS (1e+1e, 4o), ncore = 7, nvir = 37
natorb = False
canonicalization = True
sorting_mo_energy = False
max_memory 4000 MB (current use 552 MB)
******** <class 'pyscf.fci.direct_spin1.FCISolver'> ********
max. cycles = 200
conv_tol = 1e-08
davidson only = False
linear dependence = 1e-12
level shift = 0.001
max iter space = 12
max_memory 4000 MB
nroots = 1
pspace_size = 400
spin = None
Density matrix diagonal elements [1.93442527e+00 6.55538159e-02 9.57210626e-06 1.13403620e-05]
CASCI converged
CASCI E = -77.9964565890029  E(CI) = -1.21435118322505  S^2 = 0.0000000

******** <class 'pyscf.mcscf.casci.CASCI'> ********
CAS (1e+1e, 4o), ncore = 7, nvir = 37
natorb = False
canonicalization = True
sorting_mo_energy = False
max_memory 4000 MB (current use 552 MB)
******** <class 'pyscf.fci.direct_spin1.FCISolver'> ********
max. cycles = 200
conv_tol = 1e-08
davidson only = False
linear dependence = 1e-12
level shift = 0.001
max iter space = 12
max_memory 4000 MB
nroots = 1
pspace_size = 400
spin = None
Density matrix diagonal elements [1.93438283e+00 6.56030424e-02 1.18159430e-05 2.30867927e-06]
CASCI converged
CASCI E = -77.9964353013356  E(CI) = -1.21432989555780  S^2 = 0.0000000

******** <class 'pyscf.mcscf.casci.CASCI'> ********
CAS (1e+1e, 4o), ncore = 7, nvir = 37
natorb = False
canonicalization = True
sorting_mo_energy = False
max_memory 4000 MB (current use 552 MB)
******** <class 'pyscf.fci.direct_spin1.FCISolver'> ********
max. cycles = 200
conv_tol = 1e-08
davidson only = False
linear dependence = 1e-12
level shift = 0.001
max iter space = 12
max_memory 4000 MB
nroots = 1
pspace_size = 400
spin = None
Density matrix diagonal elements [1.93438308e+00 6.56054404e-02 9.68672147e-06 1.79549505e-06]
CASCI converged
CASCI E = -77.9964326926126  E(CI) = -1.21432728683475  S^2 = 0.0000000

******** <class 'pyscf.mcscf.casci.CASCI'> ********
CAS (1e+1e, 4o), ncore = 7, nvir = 37
natorb = False
canonicalization = True
sorting_mo_energy = False
max_memory 4000 MB (current use 552 MB)
******** <class 'pyscf.fci.direct_spin1.FCISolver'> ********
max. cycles = 200
conv_tol = 1e-08
davidson only = False
linear dependence = 1e-12
level shift = 0.001
max iter space = 12
max_memory 4000 MB
nroots = 1
pspace_size = 400
spin = None
Density matrix diagonal elements [1.93446882e+00 6.54958814e-02 9.35738095e-06 2.59425658e-05]
CASCI converged
CASCI E = -77.9964984250895  E(CI) = -1.21439301931169  S^2 = 0.0000000

******** <class 'pyscf.mcscf.casci.CASCI'> ********
CAS (1e+1e, 4o), ncore = 7, nvir = 37
natorb = False
canonicalization = True
sorting_mo_energy = False
max_memory 4000 MB (current use 552 MB)
******** <class 'pyscf.fci.direct_spin1.FCISolver'> ********
max. cycles = 200
conv_tol = 1e-08
davidson only = False
linear dependence = 1e-12
level shift = 0.001
max iter space = 12
max_memory 4000 MB
nroots = 1
pspace_size = 400
spin = None
Density matrix diagonal elements [1.93430040e+00 6.56414340e-02 9.60318421e-06 4.85613145e-05]
CASCI converged
CASCI E = -77.9965658967821  E(CI) = -1.21446049100423  S^2 = 0.0000000

******** <class 'pyscf.mcscf.casci.CASCI'> ********
CAS (1e+1e, 4o), ncore = 7, nvir = 37
natorb = False
canonicalization = True
sorting_mo_energy = False
max_memory 4000 MB (current use 552 MB)
******** <class 'pyscf.fci.direct_spin1.FCISolver'> ********
max. cycles = 200
conv_tol = 1e-08
davidson only = False
linear dependence = 1e-12
level shift = 0.001
max iter space = 12
max_memory 4000 MB
nroots = 1
pspace_size = 400
spin = None
Density matrix diagonal elements [1.93438077e+00 6.56079889e-02 9.66343805e-06 1.58072570e-06]
CASCI converged
CASCI E = -77.9964326678138  E(CI) = -1.21432726203598  S^2 = 0.0000000

******** <class 'pyscf.mcscf.casci.CASCI'> ********
CAS (1e+1e, 4o), ncore = 7, nvir = 37
natorb = False
canonicalization = True
sorting_mo_energy = False
max_memory 4000 MB (current use 552 MB)
******** <class 'pyscf.fci.direct_spin1.FCISolver'> ********
max. cycles = 200
conv_tol = 1e-08
davidson only = False
linear dependence = 1e-12
level shift = 0.001
max iter space = 12
max_memory 4000 MB
nroots = 1
pspace_size = 400
spin = None
Density matrix diagonal elements [1.93438008e+00 6.56096374e-02 9.64455182e-06 6.35576712e-07]
CASCI converged
CASCI E = -77.9964297701003  E(CI) = -1.21432436432244  S^2 = 0.0000000

******** <class 'pyscf.mcscf.casci.CASCI'> ********
CAS (1e+1e, 4o), ncore = 7, nvir = 37
natorb = False
canonicalization = True
sorting_mo_energy = False
max_memory 4000 MB (current use 552 MB)
******** <class 'pyscf.fci.direct_spin1.FCISolver'> ********
max. cycles = 200
conv_tol = 1e-08
davidson only = False
linear dependence = 1e-12
level shift = 0.001
max iter space = 12
max_memory 4000 MB
nroots = 1
pspace_size = 400
spin = None
Density matrix diagonal elements [1.93439449e+00 6.55925143e-02 9.69922729e-06 3.29248922e-06]
CASCI converged
CASCI E = -77.9964382245221  E(CI) = -1.21433281874425  S^2 = 0.0000000

******** <class 'pyscf.mcscf.casci.CASCI'> ********
CAS (1e+1e, 4o), ncore = 7, nvir = 37
natorb = False
canonicalization = True
sorting_mo_energy = False
max_memory 4000 MB (current use 552 MB)
******** <class 'pyscf.fci.direct_spin1.FCISolver'> ********
max. cycles = 200
conv_tol = 1e-08
davidson only = False
linear dependence = 1e-12
level shift = 0.001
max iter space = 12
max_memory 4000 MB
nroots = 1
pspace_size = 400
spin = None
Density matrix diagonal elements [1.93438277e+00 6.56062487e-02 9.63581608e-06 1.34937491e-06]
CASCI converged
CASCI E = -77.9964324161524  E(CI) = -1.21432701037452  S^2 = 0.0000000

******** <class 'pyscf.mcscf.casci.CASCI'> ********
CAS (1e+1e, 4o), ncore = 7, nvir = 37
natorb = False
canonicalization = True
sorting_mo_energy = False
max_memory 4000 MB (current use 552 MB)
******** <class 'pyscf.fci.direct_spin1.FCISolver'> ********
max. cycles = 200
conv_tol = 1e-08
davidson only = False
linear dependence = 1e-12
level shift = 0.001
max iter space = 12
max_memory 4000 MB
nroots = 1
pspace_size = 400
spin = None
Density matrix diagonal elements [1.93438050e+00 6.56092426e-02 9.68435133e-06 5.73864578e-07]
CASCI converged
CASCI E = -77.9964298653372  E(CI) = -1.21432445955934  S^2 = 0.0000000

******** <class 'pyscf.mcscf.casci.CASCI'> ********
CAS (1e+1e, 4o), ncore = 7, nvir = 37
natorb = False
canonicalization = True
sorting_mo_energy = False
max_memory 4000 MB (current use 552 MB)
******** <class 'pyscf.fci.direct_spin1.FCISolver'> ********
max. cycles = 200
conv_tol = 1e-08
davidson only = False
linear dependence = 1e-12
level shift = 0.001
max iter space = 12
max_memory 4000 MB
nroots = 1
pspace_size = 400
spin = None
Density matrix diagonal elements [1.93440908e+00 6.55297453e-02 5.72692926e-05 3.90324505e-06]
CASCI converged
CASCI E = -77.9964857771796  E(CI) = -1.21438037140175  S^2 = 0.0000000

******** <class 'pyscf.mcscf.casci.CASCI'> ********
CAS (1e+1e, 4o), ncore = 7, nvir = 37
natorb = False
canonicalization = True
sorting_mo_energy = False
max_memory 4000 MB (current use 552 MB)
******** <class 'pyscf.fci.direct_spin1.FCISolver'> ********
max. cycles = 200
conv_tol = 1e-08
davidson only = False
linear dependence = 1e-12
level shift = 0.001
max iter space = 12
max_memory 4000 MB
nroots = 1
pspace_size = 400
spin = None
Density matrix diagonal elements [1.93460884e+00 6.51908027e-02 5.70308573e-05 1.43322851e-04]
CASCI converged
CASCI E = -77.9966977134603  E(CI) = -1.21459230768244  S^2 = 0.0000000

******** <class 'pyscf.mcscf.casci.CASCI'> ********
CAS (1e+1e, 4o), ncore = 7, nvir = 37
natorb = False
canonicalization = True
sorting_mo_energy = False
max_memory 4000 MB (current use 552 MB)
******** <class 'pyscf.fci.direct_spin1.FCISolver'> ********
max. cycles = 200
conv_tol = 1e-08
davidson only = False
linear dependence = 1e-12
level shift = 0.001
max iter space = 12
max_memory 4000 MB
nroots = 1
pspace_size = 400
spin = None
Density matrix diagonal elements [1.93453454e+00 6.53797324e-02 5.72425287e-05 2.84888988e-05]
CASCI converged
CASCI E = -77.9965259743243  E(CI) = -1.21442056854643  S^2 = 0.0000000

******** <class 'pyscf.mcscf.casci.CASCI'> ********
CAS (1e+1e, 4o), ncore = 7, nvir = 37
natorb = False
canonicalization = True
sorting_mo_energy = False
max_memory 4000 MB (current use 552 MB)
******** <class 'pyscf.fci.direct_spin1.FCISolver'> ********
max. cycles = 200
conv_tol = 1e-08
davidson only = False
linear dependence = 1e-12
level shift = 0.001
max iter space = 12
max_memory 4000 MB
nroots = 1
pspace_size = 400
spin = None
Density matrix diagonal elements [1.93412391e+00 6.55368440e-02 5.55790939e-05 2.83665623e-04]
CASCI converged
CASCI E = -77.9969224693478  E(CI) = -1.21481706356994  S^2 = 0.0000000

******** <class 'pyscf.mcscf.casci.CASCI'> ********
CAS (1e+1e, 4o), ncore = 7, nvir = 37
natorb = False
canonicalization = True
sorting_mo_energy = False
max_memory 4000 MB (current use 552 MB)
******** <class 'pyscf.fci.direct_spin1.FCISolver'> ********
max. cycles = 200
conv_tol = 1e-08
davidson only = False
linear dependence = 1e-12
level shift = 0.001
max iter space = 12
max_memory 4000 MB
nroots = 1
pspace_size = 400
spin = None
Density matrix diagonal elements [1.93439813e+00 6.55443032e-02 5.73109364e-05 2.51131359e-07]
CASCI converged
CASCI E = -77.9964807136981  E(CI) = -1.21437530792028  S^2 = 0.0000000

******** <class 'pyscf.mcscf.casci.CASCI'> ********
CAS (1e+1e, 4o), ncore = 7, nvir = 37
natorb = False
canonicalization = True
sorting_mo_energy = False
max_memory 4000 MB (current use 552 MB)
******** <class 'pyscf.fci.direct_spin1.FCISolver'> ********
max. cycles = 200
conv_tol = 1e-08
davidson only = False
linear dependence = 1e-12
level shift = 0.001
max iter space = 12
max_memory 4000 MB
nroots = 1
pspace_size = 400
spin = None
Density matrix diagonal elements [1.93439776e+00 6.55444682e-02 5.72963646e-05 4.70882639e-07]
CASCI converged
CASCI E = -77.9964811749591  E(CI) = -1.21437576918122  S^2 = 0.0000000

******** <class 'pyscf.mcscf.casci.CASCI'> ********
CAS (1e+1e, 4o), ncore = 7, nvir = 37
natorb = False
canonicalization = True
sorting_mo_energy = False
max_memory 4000 MB (current use 552 MB)
******** <class 'pyscf.fci.direct_spin1.FCISolver'> ********
max. cycles = 200
conv_tol = 1e-08
davidson only = False
linear dependence = 1e-12
level shift = 0.001
max iter space = 12
max_memory 4000 MB
nroots = 1
pspace_size = 400
spin = None
Density matrix diagonal elements [1.93440283e+00 6.55278492e-02 5.68409466e-05 1.24767501e-05]
CASCI converged
CASCI E = -77.9965051867939  E(CI) = -1.21439978101608  S^2 = 0.0000000

******** <class 'pyscf.mcscf.casci.CASCI'> ********
CAS (1e+1e, 4o), ncore = 7, nvir = 37
natorb = False
canonicalization = True
sorting_mo_energy = False
max_memory 4000 MB (current use 552 MB)
******** <class 'pyscf.fci.direct_spin1.FCISolver'> ********
max. cycles = 200
conv_tol = 1e-08
davidson only = False
linear dependence = 1e-12
level shift = 0.001
max iter space = 12
max_memory 4000 MB
nroots = 1
pspace_size = 400
spin = None
Density matrix diagonal elements [1.93401954e+00 6.58362234e-02 5.66457037e-05 8.75867532e-05]
CASCI converged
CASCI E = -77.9966836644892  E(CI) = -1.21457825871134  S^2 = 0.0000000

******** <class 'pyscf.mcscf.casci.CASCI'> ********
CAS (1e+1e, 4o), ncore = 7, nvir = 37
natorb = False
canonicalization = True
sorting_mo_energy = False
max_memory 4000 MB (current use 552 MB)
******** <class 'pyscf.fci.direct_spin1.FCISolver'> ********
max. cycles = 200
conv_tol = 1e-08
davidson only = False
linear dependence = 1e-12
level shift = 0.001
max iter space = 12
max_memory 4000 MB
nroots = 1
pspace_size = 400
spin = None
Density matrix diagonal elements [1.93443557e+00 6.54721261e-02 6.99533023e-05 2.23481025e-05]
CASCI converged
CASCI E = -77.9965389706032  E(CI) = -1.21443356482534  S^2 = 0.0000000

******** <class 'pyscf.mcscf.casci.CASCI'> ********
CAS (1e+1e, 4o), ncore = 7, nvir = 37
natorb = False
canonicalization = True
sorting_mo_energy = False
max_memory 4000 MB (current use 552 MB)
******** <class 'pyscf.fci.direct_spin1.FCISolver'> ********
max. cycles = 200
conv_tol = 1e-08
davidson only = False
linear dependence = 1e-12
level shift = 0.001
max iter space = 12
max_memory 4000 MB
nroots = 1
pspace_size = 400
spin = None
Density matrix diagonal elements [1.93439857e+00 6.55421222e-02 5.72304543e-05 2.08102072e-06]
CASCI converged
CASCI E = -77.9964846596594  E(CI) = -1.21437925388156  S^2 = 0.0000000

******** <class 'pyscf.mcscf.casci.CASCI'> ********
CAS (1e+1e, 4o), ncore = 7, nvir = 37
natorb = False
canonicalization = True
sorting_mo_energy = False
max_memory 4000 MB (current use 552 MB)
******** <class 'pyscf.fci.direct_spin1.FCISolver'> ********
max. cycles = 200
conv_tol = 1e-08
davidson only = False
linear dependence = 1e-12
level shift = 0.001
max iter space = 12
max_memory 4000 MB
nroots = 1
pspace_size = 400
spin = None
Density matrix diagonal elements [1.93465593e+00 6.51567758e-02 5.58980720e-05 1.31399009e-04]
CASCI converged
CASCI E = -77.9967595937160  E(CI) = -1.21465418793811  S^2 = 0.0000000

******** <class 'pyscf.mcscf.casci.CASCI'> ********
CAS (1e+1e, 4o), ncore = 7, nvir = 37
natorb = False
canonicalization = True
sorting_mo_energy = False
max_memory 4000 MB (current use 552 MB)
******** <class 'pyscf.fci.direct_spin1.FCISolver'> ********
max. cycles = 200
conv_tol = 1e-08
davidson only = False
linear dependence = 1e-12
level shift = 0.001
max iter space = 12
max_memory 4000 MB
nroots = 1
pspace_size = 400
spin = None
Density matrix diagonal elements [1.93430493e+00 6.55966775e-02 5.68560312e-05 4.15347463e-05]
CASCI converged
CASCI E = -77.9965748686859  E(CI) = -1.21446946290808  S^2 = 0.0000000

******** <class 'pyscf.mcscf.casci.CASCI'> ********
CAS (1e+1e, 4o), ncore = 7, nvir = 37
natorb = False
canonicalization = True
sorting_mo_energy = False
max_memory 4000 MB (current use 552 MB)
******** <class 'pyscf.fci.direct_spin1.FCISolver'> ********
max. cycles = 200
conv_tol = 1e-08
davidson only = False
linear dependence = 1e-12
level shift = 0.001
max iter space = 12
max_memory 4000 MB
nroots = 1
pspace_size = 400
spin = None
Density matrix diagonal elements [1.93446970e+00 6.54161501e-02 5.69101969e-05 5.72354675e-05]
CASCI converged
CASCI E = -77.9966182928483  E(CI) = -1.21451288707047  S^2 = 0.0000000

******** <class 'pyscf.mcscf.casci.CASCI'> ********
CAS (1e+1e, 4o), ncore = 7, nvir = 37
natorb = False
canonicalization = True
sorting_mo_energy = False
max_memory 4000 MB (current use 552 MB)
******** <class 'pyscf.fci.direct_spin1.FCISolver'> ********
max. cycles = 200
conv_tol = 1e-08
davidson only = False
linear dependence = 1e-12
level shift = 0.001
max iter space = 12
max_memory 4000 MB
nroots = 1
pspace_size = 400
spin = None
Density matrix diagonal elements [1.93444975e+00 6.54784049e-02 5.86091508e-05 1.32368198e-05]
CASCI converged
CASCI E = -77.9965169698696  E(CI) = -1.21441156409179  S^2 = 0.0000000

******** <class 'pyscf.mcscf.casci.CASCI'> ********
CAS (1e+1e, 4o), ncore = 7, nvir = 37
natorb = False
canonicalization = True
sorting_mo_energy = False
max_memory 4000 MB (current use 552 MB)
******** <class 'pyscf.fci.direct_spin1.FCISolver'> ********
max. cycles = 200
conv_tol = 1e-08
davidson only = False
linear dependence = 1e-12
level shift = 0.001
max iter space = 12
max_memory 4000 MB
nroots = 1
pspace_size = 400
spin = None
Density matrix diagonal elements [1.93439814e+00 6.55439356e-02 5.72266945e-05 6.97613734e-07]
CASCI converged
CASCI E = -77.9964820662347  E(CI) = -1.21437666045691  S^2 = 0.0000000

******** <class 'pyscf.mcscf.casci.CASCI'> ********
CAS (1e+1e, 4o), ncore = 7, nvir = 37
natorb = False
canonicalization = True
sorting_mo_energy = False
max_memory 4000 MB (current use 552 MB)
******** <class 'pyscf.fci.direct_spin1.FCISolver'> ********
max. cycles = 200
conv_tol = 1e-08
davidson only = False
linear dependence = 1e-12
level shift = 0.001
max iter space = 12
max_memory 4000 MB
nroots = 1
pspace_size = 400
spin = None
Density matrix diagonal elements [1.93440155e+00 6.55398363e-02 5.69458612e-05 1.66383872e-06]
CASCI converged
CASCI E = -77.9964848036773  E(CI) = -1.21437939789942  S^2 = 0.0000000

******** <class 'pyscf.mcscf.casci.CASCI'> ********
CAS (1e+1e, 4o), ncore = 7, nvir = 37
natorb = False
canonicalization = True
sorting_mo_energy = False
max_memory 4000 MB (current use 552 MB)
******** <class 'pyscf.fci.direct_spin1.FCISolver'> ********
max. cycles = 200
conv_tol = 1e-08
davidson only = False
linear dependence = 1e-12
level shift = 0.001
max iter space = 12
max_memory 4000 MB
nroots = 1
pspace_size = 400
spin = None
Density matrix diagonal elements [1.93448734e+00 6.54297441e-02 5.69681162e-05 2.59441722e-05]
CASCI converged
CASCI E = -77.9965509092443  E(CI) = -1.21444550346648  S^2 = 0.0000000

******** <class 'pyscf.mcscf.casci.CASCI'> ********
CAS (1e+1e, 4o), ncore = 7, nvir = 37
natorb = False
canonicalization = True
sorting_mo_energy = False
max_memory 4000 MB (current use 552 MB)
******** <class 'pyscf.fci.direct_spin1.FCISolver'> ********
max. cycles = 200
conv_tol = 1e-08
davidson only = False
linear dependence = 1e-12
level shift = 0.001
max iter space = 12
max_memory 4000 MB
nroots = 1
pspace_size = 400
spin = None
Density matrix diagonal elements [1.93431989e+00 6.55769162e-02 5.53450047e-05 4.78530960e-05]
CASCI converged
CASCI E = -77.9966163528945  E(CI) = -1.21451094711669  S^2 = 0.0000000

******** <class 'pyscf.mcscf.casci.CASCI'> ********
CAS (1e+1e, 4o), ncore = 7, nvir = 37
natorb = False
canonicalization = True
sorting_mo_energy = False
max_memory 4000 MB (current use 552 MB)
******** <class 'pyscf.fci.direct_spin1.FCISolver'> ********
max. cycles = 200
conv_tol = 1e-08
davidson only = False
linear dependence = 1e-12
level shift = 0.001
max iter space = 12
max_memory 4000 MB
nroots = 1
pspace_size = 400
spin = None
Density matrix diagonal elements [1.93439932e+00 6.55418913e-02 5.72221851e-05 1.57095288e-06]
CASCI converged
CASCI E = -77.9964851130121  E(CI) = -1.21437970723429  S^2 = 0.0000000

******** <class 'pyscf.mcscf.casci.CASCI'> ********
CAS (1e+1e, 4o), ncore = 7, nvir = 37
natorb = False
canonicalization = True
sorting_mo_energy = False
max_memory 4000 MB (current use 552 MB)
******** <class 'pyscf.fci.direct_spin1.FCISolver'> ********
max. cycles = 200
conv_tol = 1e-08
davidson only = False
linear dependence = 1e-12
level shift = 0.001
max iter space = 12
max_memory 4000 MB
nroots = 1
pspace_size = 400
spin = None
Density matrix diagonal elements [1.93439865e+00 6.55433930e-02 5.72967420e-05 6.57855630e-07]
CASCI converged
CASCI E = -77.9964823174870  E(CI) = -1.21437691170912  S^2 = 0.0000000

******** <class 'pyscf.mcscf.casci.CASCI'> ********
CAS (1e+1e, 4o), ncore = 7, nvir = 37
natorb = False
canonicalization = True
sorting_mo_energy = False
max_memory 4000 MB (current use 552 MB)
******** <class 'pyscf.fci.direct_spin1.FCISolver'> ********
max. cycles = 200
conv_tol = 1e-08
davidson only = False
linear dependence = 1e-12
level shift = 0.001
max iter space = 12
max_memory 4000 MB
nroots = 1
pspace_size = 400
spin = None
Density matrix diagonal elements [1.93441539e+00 6.55246346e-02 5.66875253e-05 3.28828412e-06]
CASCI converged
CASCI E = -77.9964910710602  E(CI) = -1.21438566528234  S^2 = 0.0000000

******** <class 'pyscf.mcscf.casci.CASCI'> ********
CAS (1e+1e, 4o), ncore = 7, nvir = 37
natorb = False
canonicalization = True
sorting_mo_energy = False
max_memory 4000 MB (current use 552 MB)
******** <class 'pyscf.fci.direct_spin1.FCISolver'> ********
max. cycles = 200
conv_tol = 1e-08
davidson only = False
linear dependence = 1e-12
level shift = 0.001
max iter space = 12
max_memory 4000 MB
nroots = 1
pspace_size = 400
spin = None
Density matrix diagonal elements [1.93440592e+00 6.55311705e-02 5.94844786e-05 3.42505687e-06]
CASCI converged
CASCI E = -77.9964942378335  E(CI) = -1.21438883205565  S^2 = 0.0000000

******** <class 'pyscf.mcscf.casci.CASCI'> ********
CAS (1e+1e, 4o), ncore = 7, nvir = 37
natorb = False
canonicalization = True
sorting_mo_energy = False
max_memory 4000 MB (current use 552 MB)
******** <class 'pyscf.fci.direct_spin1.FCISolver'> ********
max. cycles = 200
conv_tol = 1e-08
davidson only = False
linear dependence = 1e-12
level shift = 0.001
max iter space = 12
max_memory 4000 MB
nroots = 1
pspace_size = 400
spin = None
Density matrix diagonal elements [1.93439907e+00 6.55432186e-02 5.71712575e-05 5.43470520e-07]
CASCI converged
CASCI E = -77.9964822271179  E(CI) = -1.21437682134005  S^2 = 0.0000000

******** <class 'pyscf.mcscf.casci.CASCI'> ********
CAS (1e+1e, 4o), ncore = 7, nvir = 37
natorb = False
canonicalization = True
sorting_mo_energy = False
max_memory 4000 MB (current use 552 MB)
******** <class 'pyscf.fci.direct_spin1.FCISolver'> ********
max. cycles = 200
conv_tol = 1e-08
davidson only = False
linear dependence = 1e-12
level shift = 0.001
max iter space = 12
max_memory 4000 MB
nroots = 1
pspace_size = 400
spin = None
Density matrix diagonal elements [1.93459578e+00 6.52569685e-02 3.82945164e-06 1.43424111e-04]
CASCI converged
CASCI E = -77.9966410257070  E(CI) = -1.21453561992912  S^2 = 0.0000000

******** <class 'pyscf.mcscf.casci.CASCI'> ********
CAS (1e+1e, 4o), ncore = 7, nvir = 37
natorb = False
canonicalization = True
sorting_mo_energy = False
max_memory 4000 MB (current use 552 MB)
******** <class 'pyscf.fci.direct_spin1.FCISolver'> ********
max. cycles = 200
conv_tol = 1e-08
davidson only = False
linear dependence = 1e-12
level shift = 0.001
max iter space = 12
max_memory 4000 MB
nroots = 1
pspace_size = 400
spin = None
Density matrix diagonal elements [1.93452144e+00 6.54461855e-02 3.88505269e-06 2.84907676e-05]
CASCI converged
CASCI E = -77.9964691397559  E(CI) = -1.21436373397802  S^2 = 0.0000000

******** <class 'pyscf.mcscf.casci.CASCI'> ********
CAS (1e+1e, 4o), ncore = 7, nvir = 37
natorb = False
canonicalization = True
sorting_mo_energy = False
max_memory 4000 MB (current use 552 MB)
******** <class 'pyscf.fci.direct_spin1.FCISolver'> ********
max. cycles = 200
conv_tol = 1e-08
davidson only = False
linear dependence = 1e-12
level shift = 0.001
max iter space = 12
max_memory 4000 MB
nroots = 1
pspace_size = 400
spin = None
Density matrix diagonal elements [1.93410747e+00 6.56037915e-02 3.89938567e-06 2.84834540e-04]
CASCI converged
CASCI E = -77.9968674603598  E(CI) = -1.21476205458190  S^2 = 0.0000000

******** <class 'pyscf.mcscf.casci.CASCI'> ********
CAS (1e+1e, 4o), ncore = 7, nvir = 37
natorb = False
canonicalization = True
sorting_mo_energy = False
max_memory 4000 MB (current use 552 MB)
******** <class 'pyscf.fci.direct_spin1.FCISolver'> ********
max. cycles = 200
conv_tol = 1e-08
davidson only = False
linear dependence = 1e-12
level shift = 0.001
max iter space = 12
max_memory 4000 MB
nroots = 1
pspace_size = 400
spin = None
Density matrix diagonal elements [1.93438921e+00 6.56058215e-02 4.31991321e-06 6.44625787e-07]
CASCI converged
CASCI E = -77.9964252206630  E(CI) = -1.21431981488513  S^2 = 0.0000000

******** <class 'pyscf.mcscf.casci.CASCI'> ********
CAS (1e+1e, 4o), ncore = 7, nvir = 37
natorb = False
canonicalization = True
sorting_mo_energy = False
max_memory 4000 MB (current use 552 MB)
******** <class 'pyscf.fci.direct_spin1.FCISolver'> ********
max. cycles = 200
conv_tol = 1e-08
davidson only = False
linear dependence = 1e-12
level shift = 0.001
max iter space = 12
max_memory 4000 MB
nroots = 1
pspace_size = 400
spin = None
Density matrix diagonal elements [1.93438465e+00 6.56109353e-02 3.93645676e-06 4.79644537e-07]
CASCI converged
CASCI E = -77.9964243565909  E(CI) = -1.21431895081308  S^2 = 0.0000000

******** <class 'pyscf.mcscf.casci.CASCI'> ********
CAS (1e+1e, 4o), ncore = 7, nvir = 37
natorb = False
canonicalization = True
sorting_mo_energy = False
max_memory 4000 MB (current use 552 MB)
******** <class 'pyscf.fci.direct_spin1.FCISolver'> ********
max. cycles = 200
conv_tol = 1e-08
davidson only = False
linear dependence = 1e-12
level shift = 0.001
max iter space = 12
max_memory 4000 MB
nroots = 1
pspace_size = 400
spin = None
Density matrix diagonal elements [1.93438944e+00 6.55940675e-02 3.83312881e-06 1.26610197e-05]
CASCI converged
CASCI E = -77.9964487188775  E(CI) = -1.21434331309969  S^2 = 0.0000000

******** <class 'pyscf.mcscf.casci.CASCI'> ********
CAS (1e+1e, 4o), ncore = 7, nvir = 37
natorb = False
canonicalization = True
sorting_mo_energy = False
max_memory 4000 MB (current use 552 MB)
******** <class 'pyscf.fci.direct_spin1.FCISolver'> ********
max. cycles = 200
conv_tol = 1e-08
davidson only = False
linear dependence = 1e-12
level shift = 0.001
max iter space = 12
max_memory 4000 MB
nroots = 1
pspace_size = 400
spin = None
Density matrix diagonal elements [1.93400520e+00 6.59029787e-02 3.92701300e-06 8.78930228e-05]
CASCI converged
CASCI E = -77.9966275367551  E(CI) = -1.21452213097723  S^2 = 0.0000000

******** <class 'pyscf.mcscf.casci.CASCI'> ********
CAS (1e+1e, 4o), ncore = 7, nvir = 37
natorb = False
canonicalization = True
sorting_mo_energy = False
max_memory 4000 MB (current use 552 MB)
******** <class 'pyscf.fci.direct_spin1.FCISolver'> ********
max. cycles = 200
conv_tol = 1e-08
davidson only = False
linear dependence = 1e-12
level shift = 0.001
max iter space = 12
max_memory 4000 MB
nroots = 1
pspace_size = 400
spin = None
Density matrix diagonal elements [1.93440796e+00 6.55781721e-02 3.83214698e-06 1.00352108e-05]
CASCI converged
CASCI E = -77.9964448000999  E(CI) = -1.21433939432200  S^2 = 0.0000000

******** <class 'pyscf.mcscf.casci.CASCI'> ********
CAS (1e+1e, 4o), ncore = 7, nvir = 37
natorb = False
canonicalization = True
sorting_mo_energy = False
max_memory 4000 MB (current use 552 MB)
******** <class 'pyscf.fci.direct_spin1.FCISolver'> ********
max. cycles = 200
conv_tol = 1e-08
davidson only = False
linear dependence = 1e-12
level shift = 0.001
max iter space = 12
max_memory 4000 MB
nroots = 1
pspace_size = 400
spin = None
Density matrix diagonal elements [1.93438541e+00 6.56085643e-02 3.91864128e-06 2.11125408e-06]
CASCI converged
CASCI E = -77.9964278878796  E(CI) = -1.21432248210172  S^2 = 0.0000000

******** <class 'pyscf.mcscf.casci.CASCI'> ********
CAS (1e+1e, 4o), ncore = 7, nvir = 37
natorb = False
canonicalization = True
sorting_mo_energy = False
max_memory 4000 MB (current use 552 MB)
******** <class 'pyscf.fci.direct_spin1.FCISolver'> ********
max. cycles = 200
conv_tol = 1e-08
davidson only = False
linear dependence = 1e-12
level shift = 0.001
max iter space = 12
max_memory 4000 MB
nroots = 1
pspace_size = 400
spin = None
Density matrix diagonal elements [1.93464296e+00 6.52210982e-02 3.86792868e-06 1.32072921e-04]
CASCI converged
CASCI E = -77.9967041959090  E(CI) = -1.21459879013116  S^2 = 0.0000000

******** <class 'pyscf.mcscf.casci.CASCI'> ********
CAS (1e+1e, 4o), ncore = 7, nvir = 37
natorb = False
canonicalization = True
sorting_mo_energy = False
max_memory 4000 MB (current use 552 MB)
******** <class 'pyscf.fci.direct_spin1.FCISolver'> ********
max. cycles = 200
conv_tol = 1e-08
davidson only = False
linear dependence = 1e-12
level shift = 0.001
max iter space = 12
max_memory 4000 MB
nroots = 1
pspace_size = 400
spin = None
Density matrix diagonal elements [1.93429103e+00 6.56633273e-02 3.90781471e-06 4.17347091e-05]
CASCI converged
CASCI E = -77.9965184872886  E(CI) = -1.21441308151078  S^2 = 0.0000000

******** <class 'pyscf.mcscf.casci.CASCI'> ********
CAS (1e+1e, 4o), ncore = 7, nvir = 37
natorb = False
canonicalization = True
sorting_mo_energy = False
max_memory 4000 MB (current use 552 MB)
******** <class 'pyscf.fci.direct_spin1.FCISolver'> ********
max. cycles = 200
conv_tol = 1e-08
davidson only = False
linear dependence = 1e-12
level shift = 0.001
max iter space = 12
max_memory 4000 MB
nroots = 1
pspace_size = 400
spin = None
Density matrix diagonal elements [1.93445655e+00 6.54821574e-02 3.89901060e-06 5.73941526e-05]
CASCI converged
CASCI E = -77.9965618382912  E(CI) = -1.21445643251333  S^2 = 0.0000000

******** <class 'pyscf.mcscf.casci.CASCI'> ********
CAS (1e+1e, 4o), ncore = 7, nvir = 37
natorb = False
canonicalization = True
sorting_mo_energy = False
max_memory 4000 MB (current use 552 MB)
******** <class 'pyscf.fci.direct_spin1.FCISolver'> ********
max. cycles = 200
conv_tol = 1e-08
davidson only = False
linear dependence = 1e-12
level shift = 0.001
max iter space = 12
max_memory 4000 MB
nroots = 1
pspace_size = 400
spin = None
Density matrix diagonal elements [1.93443070e+00 6.55540095e-02 3.90185313e-06 1.13844884e-05]
CASCI converged
CASCI E = -77.9964523410637  E(CI) = -1.21434693528586  S^2 = 0.0000000

******** <class 'pyscf.mcscf.casci.CASCI'> ********
CAS (1e+1e, 4o), ncore = 7, nvir = 37
natorb = False
canonicalization = True
sorting_mo_energy = False
max_memory 4000 MB (current use 552 MB)
******** <class 'pyscf.fci.direct_spin1.FCISolver'> ********
max. cycles = 200
conv_tol = 1e-08
davidson only = False
linear dependence = 1e-12
level shift = 0.001
max iter space = 12
max_memory 4000 MB
nroots = 1
pspace_size = 400
spin = None
Density matrix diagonal elements [1.93438527e+00 6.56096221e-02 4.17432844e-06 9.37043066e-07]
CASCI converged
CASCI E = -77.9964261201374  E(CI) = -1.21432071435957  S^2 = 0.0000000

******** <class 'pyscf.mcscf.casci.CASCI'> ********
CAS (1e+1e, 4o), ncore = 7, nvir = 37
natorb = False
canonicalization = True
sorting_mo_energy = False
max_memory 4000 MB (current use 552 MB)
******** <class 'pyscf.fci.direct_spin1.FCISolver'> ********
max. cycles = 200
conv_tol = 1e-08
davidson only = False
linear dependence = 1e-12
level shift = 0.001
max iter space = 12
max_memory 4000 MB
nroots = 1
pspace_size = 400
spin = None
Density matrix diagonal elements [1.93438850e+00 6.56057628e-02 3.93130098e-06 1.80899445e-06]
CASCI converged
CASCI E = -77.9964283691527  E(CI) = -1.21432296337484  S^2 = 0.0000000

******** <class 'pyscf.mcscf.casci.CASCI'> ********
CAS (1e+1e, 4o), ncore = 7, nvir = 37
natorb = False
canonicalization = True
sorting_mo_energy = False
max_memory 4000 MB (current use 552 MB)
******** <class 'pyscf.fci.direct_spin1.FCISolver'> ********
max. cycles = 200
conv_tol = 1e-08
davidson only = False
linear dependence = 1e-12
level shift = 0.001
max iter space = 12
max_memory 4000 MB
nroots = 1
pspace_size = 400
spin = None
Density matrix diagonal elements [1.93447432e+00 6.54957050e-02 3.90529723e-06 2.60652391e-05]
CASCI converged
CASCI E = -77.9964944024990  E(CI) = -1.21438899672110  S^2 = 0.0000000

******** <class 'pyscf.mcscf.casci.CASCI'> ********
CAS (1e+1e, 4o), ncore = 7, nvir = 37
natorb = False
canonicalization = True
sorting_mo_energy = False
max_memory 4000 MB (current use 552 MB)
******** <class 'pyscf.fci.direct_spin1.FCISolver'> ********
max. cycles = 200
conv_tol = 1e-08
davidson only = False
linear dependence = 1e-12
level shift = 0.001
max iter space = 12
max_memory 4000 MB
nroots = 1
pspace_size = 400
spin = None
Density matrix diagonal elements [1.93430576e+00 6.56417619e-02 3.89261365e-06 4.85852652e-05]
CASCI converged
CASCI E = -77.9965616032400  E(CI) = -1.21445619746210  S^2 = 0.0000000

******** <class 'pyscf.mcscf.casci.CASCI'> ********
CAS (1e+1e, 4o), ncore = 7, nvir = 37
natorb = False
canonicalization = True
sorting_mo_energy = False
max_memory 4000 MB (current use 552 MB)
******** <class 'pyscf.fci.direct_spin1.FCISolver'> ********
max. cycles = 200
conv_tol = 1e-08
davidson only = False
linear dependence = 1e-12
level shift = 0.001
max iter space = 12
max_memory 4000 MB
nroots = 1
pspace_size = 400
spin = None
Density matrix diagonal elements [1.93438618e+00 6.56082826e-02 3.93295534e-06 1.60110123e-06]
CASCI converged
CASCI E = -77.9964283707961  E(CI) = -1.21432296501828  S^2 = 0.0000000

******** <class 'pyscf.mcscf.casci.CASCI'> ********
CAS (1e+1e, 4o), ncore = 7, nvir = 37
natorb = False
canonicalization = True
sorting_mo_energy = False
max_memory 4000 MB (current use 552 MB)
******** <class 'pyscf.fci.direct_spin1.FCISolver'> ********
max. cycles = 200
conv_tol = 1e-08
davidson only = False
linear dependence = 1e-12
level shift = 0.001
max iter space = 12
max_memory 4000 MB
nroots = 1
pspace_size = 400
spin = None
Density matrix diagonal elements [1.93438554e+00 6.56098473e-02 3.94237500e-06 6.65926602e-07]
CASCI converged
CASCI E = -77.9964255069984  E(CI) = -1.21432010122054  S^2 = 0.0000000

******** <class 'pyscf.mcscf.casci.CASCI'> ********
CAS (1e+1e, 4o), ncore = 7, nvir = 37
natorb = False
canonicalization = True
sorting_mo_energy = False
max_memory 4000 MB (current use 552 MB)
******** <class 'pyscf.fci.direct_spin1.FCISolver'> ********
max. cycles = 200
conv_tol = 1e-08
davidson only = False
linear dependence = 1e-12
level shift = 0.001
max iter space = 12
max_memory 4000 MB
nroots = 1
pspace_size = 400
spin = None
Density matrix diagonal elements [1.93439992e+00 6.55928441e-02 3.93360848e-06 3.30116983e-06]
CASCI converged
CASCI E = -77.9964338913836  E(CI) = -1.21432848560576  S^2 = 0.0000000

******** <class 'pyscf.mcscf.casci.CASCI'> ********
CAS (1e+1e, 4o), ncore = 7, nvir = 37
natorb = False
canonicalization = True
sorting_mo_energy = False
max_memory 4000 MB (current use 552 MB)
******** <class 'pyscf.fci.direct_spin1.FCISolver'> ********
max. cycles = 200
conv_tol = 1e-08
davidson only = False
linear dependence = 1e-12
level shift = 0.001
max iter space = 12
max_memory 4000 MB
nroots = 1
pspace_size = 400
spin = None
Density matrix diagonal elements [1.93438822e+00 6.56064670e-02 3.93802593e-06 1.37799732e-06]
CASCI converged
CASCI E = -77.9964281550610  E(CI) = -1.21432274928310  S^2 = 0.0000000

******** <class 'pyscf.mcscf.casci.CASCI'> ********
CAS (1e+1e, 4o), ncore = 7, nvir = 37
natorb = False
canonicalization = True
sorting_mo_energy = False
max_memory 4000 MB (current use 552 MB)
******** <class 'pyscf.fci.direct_spin1.FCISolver'> ********
max. cycles = 200
conv_tol = 1e-08
davidson only = False
linear dependence = 1e-12
level shift = 0.001
max iter space = 12
max_memory 4000 MB
nroots = 1
pspace_size = 400
spin = None
Density matrix diagonal elements [1.93438585e+00 6.56094663e-02 4.03715943e-06 6.50182684e-07]
CASCI converged
CASCI E = -77.9964258633613  E(CI) = -1.21432045758343  S^2 = 0.0000000

******** <class 'pyscf.mcscf.casci.CASCI'> ********
CAS (1e+1e, 4o), ncore = 7, nvir = 37
natorb = False
canonicalization = True
sorting_mo_energy = False
max_memory 4000 MB (current use 552 MB)
******** <class 'pyscf.fci.direct_spin1.FCISolver'> ********
max. cycles = 200
conv_tol = 1e-08
davidson only = False
linear dependence = 1e-12
level shift = 0.001
max iter space = 12
max_memory 4000 MB
nroots = 1
pspace_size = 400
spin = None
Density matrix diagonal elements [1.93470779e+00 6.51314432e-02 1.37849427e-04 2.29215178e-05]
CASCI converged
CASCI E = -77.9966722979606  E(CI) = -1.21456689218270  S^2 = 0.0000000

******** <class 'pyscf.mcscf.casci.CASCI'> ********
CAS (1e+1e, 4o), ncore = 7, nvir = 37
natorb = False
canonicalization = True
sorting_mo_energy = False
max_memory 4000 MB (current use 552 MB)
******** <class 'pyscf.fci.direct_spin1.FCISolver'> ********
max. cycles = 200
conv_tol = 1e-08
davidson only = False
linear dependence = 1e-12
level shift = 0.001
max iter space = 12
max_memory 4000 MB
nroots = 1
pspace_size = 400
spin = None
Density matrix diagonal elements [1.93428659e+00 6.52905083e-02 1.40773396e-04 2.82131444e-04]
CASCI converged
CASCI E = -77.9970754486976  E(CI) = -1.21497004291977  S^2 = 0.0000000

******** <class 'pyscf.mcscf.casci.CASCI'> ********
CAS (1e+1e, 4o), ncore = 7, nvir = 37
natorb = False
canonicalization = True
sorting_mo_energy = False
max_memory 4000 MB (current use 552 MB)
******** <class 'pyscf.fci.direct_spin1.FCISolver'> ********
max. cycles = 200
conv_tol = 1e-08
davidson only = False
linear dependence = 1e-12
level shift = 0.001
max iter space = 12
max_memory 4000 MB
nroots = 1
pspace_size = 400
spin = None
Density matrix diagonal elements [1.93458493e+00 6.52713327e-02 1.43503485e-04 2.36183006e-07]
CASCI converged
CASCI E = -77.9966360370399  E(CI) = -1.21453063126211  S^2 = 0.0000000

******** <class 'pyscf.mcscf.casci.CASCI'> ********
CAS (1e+1e, 4o), ncore = 7, nvir = 37
natorb = False
canonicalization = True
sorting_mo_energy = False
max_memory 4000 MB (current use 552 MB)
******** <class 'pyscf.fci.direct_spin1.FCISolver'> ********
max. cycles = 200
conv_tol = 1e-08
davidson only = False
linear dependence = 1e-12
level shift = 0.001
max iter space = 12
max_memory 4000 MB
nroots = 1
pspace_size = 400
spin = None
Density matrix diagonal elements [1.93458458e+00 6.52714717e-02 1.43489958e-04 4.54008755e-07]
CASCI converged
CASCI E = -77.9966364938330  E(CI) = -1.21453108805514  S^2 = 0.0000000

******** <class 'pyscf.mcscf.casci.CASCI'> ********
CAS (1e+1e, 4o), ncore = 7, nvir = 37
natorb = False
canonicalization = True
sorting_mo_energy = False
max_memory 4000 MB (current use 552 MB)
******** <class 'pyscf.fci.direct_spin1.FCISolver'> ********
max. cycles = 200
conv_tol = 1e-08
davidson only = False
linear dependence = 1e-12
level shift = 0.001
max iter space = 12
max_memory 4000 MB
nroots = 1
pspace_size = 400
spin = None
Density matrix diagonal elements [1.93458945e+00 6.52546682e-02 1.43312836e-04 1.25739337e-05]
CASCI converged
CASCI E = -77.9966607369765  E(CI) = -1.21455533119860  S^2 = 0.0000000

******** <class 'pyscf.mcscf.casci.CASCI'> ********
CAS (1e+1e, 4o), ncore = 7, nvir = 37
natorb = False
canonicalization = True
sorting_mo_energy = False
max_memory 4000 MB (current use 552 MB)
******** <class 'pyscf.fci.direct_spin1.FCISolver'> ********
max. cycles = 200
conv_tol = 1e-08
davidson only = False
linear dependence = 1e-12
level shift = 0.001
max iter space = 12
max_memory 4000 MB
nroots = 1
pspace_size = 400
spin = None
Density matrix diagonal elements [1.93419388e+00 6.55691591e-02 1.47028387e-04 8.99281352e-05]
CASCI converged
CASCI E = -77.9968449189933  E(CI) = -1.21473951321549  S^2 = 0.0000000

******** <class 'pyscf.mcscf.casci.CASCI'> ********
CAS (1e+1e, 4o), ncore = 7, nvir = 37
natorb = False
canonicalization = True
sorting_mo_energy = False
max_memory 4000 MB (current use 552 MB)
******** <class 'pyscf.fci.direct_spin1.FCISolver'> ********
max. cycles = 200
conv_tol = 1e-08
davidson only = False
linear dependence = 1e-12
level shift = 0.001
max iter space = 12
max_memory 4000 MB
nroots = 1
pspace_size = 400
spin = None
Density matrix diagonal elements [1.93460789e+00 6.52387378e-02 1.43373022e-04 9.99718046e-06]
CASCI converged
CASCI E = -77.9966569111617  E(CI) = -1.21455150538388  S^2 = 0.0000000

******** <class 'pyscf.mcscf.casci.CASCI'> ********
CAS (1e+1e, 4o), ncore = 7, nvir = 37
natorb = False
canonicalization = True
sorting_mo_energy = False
max_memory 4000 MB (current use 552 MB)
******** <class 'pyscf.fci.direct_spin1.FCISolver'> ********
max. cycles = 200
conv_tol = 1e-08
davidson only = False
linear dependence = 1e-12
level shift = 0.001
max iter space = 12
max_memory 4000 MB
nroots = 1
pspace_size = 400
spin = None
Density matrix diagonal elements [1.93458536e+00 6.52691643e-02 1.43421468e-04 2.04976672e-06]
CASCI converged
CASCI E = -77.9966399465194  E(CI) = -1.21453454074151  S^2 = 0.0000000

******** <class 'pyscf.mcscf.casci.CASCI'> ********
CAS (1e+1e, 4o), ncore = 7, nvir = 37
natorb = False
canonicalization = True
sorting_mo_energy = False
max_memory 4000 MB (current use 552 MB)
******** <class 'pyscf.fci.direct_spin1.FCISolver'> ********
max. cycles = 200
conv_tol = 1e-08
davidson only = False
linear dependence = 1e-12
level shift = 0.001
max iter space = 12
max_memory 4000 MB
nroots = 1
pspace_size = 400
spin = None
Density matrix diagonal elements [1.93484155e+00 6.48834015e-02 1.43173918e-04 1.31871516e-04]
CASCI converged
CASCI E = -77.9969159720835  E(CI) = -1.21481056630563  S^2 = 0.0000000

******** <class 'pyscf.mcscf.casci.CASCI'> ********
CAS (1e+1e, 4o), ncore = 7, nvir = 37
natorb = False
canonicalization = True
sorting_mo_energy = False
max_memory 4000 MB (current use 552 MB)
******** <class 'pyscf.fci.direct_spin1.FCISolver'> ********
max. cycles = 200
conv_tol = 1e-08
davidson only = False
linear dependence = 1e-12
level shift = 0.001
max iter space = 12
max_memory 4000 MB
nroots = 1
pspace_size = 400
spin = None
Density matrix diagonal elements [1.93449707e+00 6.53234281e-02 1.40068855e-04 3.94286667e-05]
CASCI converged
CASCI E = -77.9967253964731  E(CI) = -1.21461999069530  S^2 = 0.0000000

******** <class 'pyscf.mcscf.casci.CASCI'> ********
CAS (1e+1e, 4o), ncore = 7, nvir = 37
natorb = False
canonicalization = True
sorting_mo_energy = False
max_memory 4000 MB (current use 552 MB)
******** <class 'pyscf.fci.direct_spin1.FCISolver'> ********
max. cycles = 200
conv_tol = 1e-08
davidson only = False
linear dependence = 1e-12
level shift = 0.001
max iter space = 12
max_memory 4000 MB
nroots = 1
pspace_size = 400
spin = None
Density matrix diagonal elements [1.93471136e+00 6.49395803e-02 2.21768442e-04 1.27293856e-04]
CASCI converged
CASCI E = -77.9970384672018  E(CI) = -1.21493306142399  S^2 = 0.0000000

******** <class 'pyscf.mcscf.casci.CASCI'> ********
CAS (1e+1e, 4o), ncore = 7, nvir = 37
natorb = False
canonicalization = True
sorting_mo_energy = False
max_memory 4000 MB (current use 552 MB)
******** <class 'pyscf.fci.direct_spin1.FCISolver'> ********
max. cycles = 200
conv_tol = 1e-08
davidson only = False
linear dependence = 1e-12
level shift = 0.001
max iter space = 12
max_memory 4000 MB
nroots = 1
pspace_size = 400
spin = None
Density matrix diagonal elements [1.93463046e+00 6.52147708e-02 1.43425604e-04 1.13454740e-05]
CASCI converged
CASCI E = -77.9966644331481  E(CI) = -1.21455902737023  S^2 = 0.0000000

******** <class 'pyscf.mcscf.casci.CASCI'> ********
CAS (1e+1e, 4o), ncore = 7, nvir = 37
natorb = False
canonicalization = True
sorting_mo_energy = False
max_memory 4000 MB (current use 552 MB)
******** <class 'pyscf.fci.direct_spin1.FCISolver'> ********
max. cycles = 200
conv_tol = 1e-08
davidson only = False
linear dependence = 1e-12
level shift = 0.001
max iter space = 12
max_memory 4000 MB
nroots = 1
pspace_size = 400
spin = None
Density matrix diagonal elements [1.93458497e+00 6.52708433e-02 1.43478315e-04 7.07076317e-07]
CASCI converged
CASCI E = -77.9966374451623  E(CI) = -1.21453203938447  S^2 = 0.0000000

******** <class 'pyscf.mcscf.casci.CASCI'> ********
CAS (1e+1e, 4o), ncore = 7, nvir = 37
natorb = False
canonicalization = True
sorting_mo_energy = False
max_memory 4000 MB (current use 552 MB)
******** <class 'pyscf.fci.direct_spin1.FCISolver'> ********
max. cycles = 200
conv_tol = 1e-08
davidson only = False
linear dependence = 1e-12
level shift = 0.001
max iter space = 12
max_memory 4000 MB
nroots = 1
pspace_size = 400
spin = None
Density matrix diagonal elements [1.93458842e+00 6.52663479e-02 1.43460311e-04 1.77657188e-06]
CASCI converged
CASCI E = -77.9966404697118  E(CI) = -1.21453506393394  S^2 = 0.0000000

******** <class 'pyscf.mcscf.casci.CASCI'> ********
CAS (1e+1e, 4o), ncore = 7, nvir = 37
natorb = False
canonicalization = True
sorting_mo_energy = False
max_memory 4000 MB (current use 552 MB)
******** <class 'pyscf.fci.direct_spin1.FCISolver'> ********
max. cycles = 200
conv_tol = 1e-08
davidson only = False
linear dependence = 1e-12
level shift = 0.001
max iter space = 12
max_memory 4000 MB
nroots = 1
pspace_size = 400
spin = None
Density matrix diagonal elements [1.93467239e+00 6.51605661e-02 1.41883051e-04 2.51628302e-05]
CASCI converged
CASCI E = -77.9967041287442  E(CI) = -1.21459872296639  S^2 = 0.0000000

******** <class 'pyscf.mcscf.casci.CASCI'> ********
CAS (1e+1e, 4o), ncore = 7, nvir = 37
natorb = False
canonicalization = True
sorting_mo_energy = False
max_memory 4000 MB (current use 552 MB)
******** <class 'pyscf.fci.direct_spin1.FCISolver'> ********
max. cycles = 200
conv_tol = 1e-08
davidson only = False
linear dependence = 1e-12
level shift = 0.001
max iter space = 12
max_memory 4000 MB
nroots = 1
pspace_size = 400
spin = None
Density matrix diagonal elements [1.93450726e+00 6.53020861e-02 1.42556523e-04 4.81001585e-05]
CASCI converged
CASCI E = -77.9967723923517  E(CI) = -1.21466698657383  S^2 = 0.0000000

******** <class 'pyscf.mcscf.casci.CASCI'> ********
CAS (1e+1e, 4o), ncore = 7, nvir = 37
natorb = False
canonicalization = True
sorting_mo_energy = False
max_memory 4000 MB (current use 552 MB)
******** <class 'pyscf.fci.direct_spin1.FCISolver'> ********
max. cycles = 200
conv_tol = 1e-08
davidson only = False
linear dependence = 1e-12
level shift = 0.001
max iter space = 12
max_memory 4000 MB
nroots = 1
pspace_size = 400
spin = None
Density matrix diagonal elements [1.93458613e+00 6.52688234e-02 1.43469732e-04 1.57629305e-06]
CASCI converged
CASCI E = -77.9966404834494  E(CI) = -1.21453507767154  S^2 = 0.0000000

******** <class 'pyscf.mcscf.casci.CASCI'> ********
CAS (1e+1e, 4o), ncore = 7, nvir = 37
natorb = False
canonicalization = True
sorting_mo_energy = False
max_memory 4000 MB (current use 552 MB)
******** <class 'pyscf.fci.direct_spin1.FCISolver'> ********
max. cycles = 200
conv_tol = 1e-08
davidson only = False
linear dependence = 1e-12
level shift = 0.001
max iter space = 12
max_memory 4000 MB
nroots = 1
pspace_size = 400
spin = None
Density matrix diagonal elements [1.93458549e+00 6.52703642e-02 1.43498813e-04 6.51351274e-07]
CASCI converged
CASCI E = -77.9966376502416  E(CI) = -1.21453224446370  S^2 = 0.0000000

******** <class 'pyscf.mcscf.casci.CASCI'> ********
CAS (1e+1e, 4o), ncore = 7, nvir = 37
natorb = False
canonicalization = True
sorting_mo_energy = False
max_memory 4000 MB (current use 552 MB)
******** <class 'pyscf.fci.direct_spin1.FCISolver'> ********
max. cycles = 200
conv_tol = 1e-08
davidson only = False
linear dependence = 1e-12
level shift = 0.001
max iter space = 12
max_memory 4000 MB
nroots = 1
pspace_size = 400
spin = None
Density matrix diagonal elements [1.93459974e+00 6.52535587e-02 1.43437775e-04 3.26140997e-06]
CASCI converged
CASCI E = -77.9966459549662  E(CI) = -1.21454054918831  S^2 = 0.0000000

******** <class 'pyscf.mcscf.casci.CASCI'> ********
CAS (1e+1e, 4o), ncore = 7, nvir = 37
natorb = False
canonicalization = True
sorting_mo_energy = False
max_memory 4000 MB (current use 552 MB)
******** <class 'pyscf.fci.direct_spin1.FCISolver'> ********
max. cycles = 200
conv_tol = 1e-08
davidson only = False
linear dependence = 1e-12
level shift = 0.001
max iter space = 12
max_memory 4000 MB
nroots = 1
pspace_size = 400
spin = None
Density matrix diagonal elements [1.93458815e+00 6.52669957e-02 1.43490929e-04 1.36294272e-06]
CASCI converged
CASCI E = -77.9966402928955  E(CI) = -1.21453488711771  S^2 = 0.0000000

******** <class 'pyscf.mcscf.casci.CASCI'> ********
CAS (1e+1e, 4o), ncore = 7, nvir = 37
natorb = False
canonicalization = True
sorting_mo_energy = False
max_memory 4000 MB (current use 552 MB)
******** <class 'pyscf.fci.direct_spin1.FCISolver'> ********
max. cycles = 200
conv_tol = 1e-08
davidson only = False
linear dependence = 1e-12
level shift = 0.001
max iter space = 12
max_memory 4000 MB
nroots = 1
pspace_size = 400
spin = None
Density matrix diagonal elements [1.93458595e+00 6.52699795e-02 1.43497141e-04 5.74884289e-07]
CASCI converged
CASCI E = -77.9966376977405  E(CI) = -1.21453229196263  S^2 = 0.0000000

******** <class 'pyscf.mcscf.casci.CASCI'> ********
CAS (1e+1e, 4o), ncore = 7, nvir = 37
natorb = False
canonicalization = True
sorting_mo_energy = False
max_memory 4000 MB (current use 552 MB)
******** <class 'pyscf.fci.direct_spin1.FCISolver'> ********
max. cycles = 200
conv_tol = 1e-08
davidson only = False
linear dependence = 1e-12
level shift = 0.001
max iter space = 12
max_memory 4000 MB
nroots = 1
pspace_size = 400
spin = None
Density matrix diagonal elements [1.93422235e+00 6.54669572e-02 2.71960764e-05 2.83492023e-04]
CASCI converged
CASCI E = -77.9969055707510  E(CI) = -1.21480016497316  S^2 = 0.0000000

******** <class 'pyscf.mcscf.casci.CASCI'> ********
CAS (1e+1e, 4o), ncore = 7, nvir = 37
natorb = False
canonicalization = True
sorting_mo_energy = False
max_memory 4000 MB (current use 552 MB)
******** <class 'pyscf.fci.direct_spin1.FCISolver'> ********
max. cycles = 200
conv_tol = 1e-08
davidson only = False
linear dependence = 1e-12
level shift = 0.001
max iter space = 12
max_memory 4000 MB
nroots = 1
pspace_size = 400
spin = None
Density matrix diagonal elements [1.93451061e+00 6.54606097e-02 2.85328758e-05 2.49358519e-07]
CASCI converged
CASCI E = -77.9964640987140  E(CI) = -1.21435869293614  S^2 = 0.0000000

******** <class 'pyscf.mcscf.casci.CASCI'> ********
CAS (1e+1e, 4o), ncore = 7, nvir = 37
natorb = False
canonicalization = True
sorting_mo_energy = False
max_memory 4000 MB (current use 552 MB)
******** <class 'pyscf.fci.direct_spin1.FCISolver'> ********
max. cycles = 200
conv_tol = 1e-08
davidson only = False
linear dependence = 1e-12
level shift = 0.001
max iter space = 12
max_memory 4000 MB
nroots = 1
pspace_size = 400
spin = None
Density matrix diagonal elements [1.93451023e+00 6.54607668e-02 2.85274565e-05 4.72702912e-07]
CASCI converged
CASCI E = -77.9964645673113  E(CI) = -1.21435916153349  S^2 = 0.0000000

******** <class 'pyscf.mcscf.casci.CASCI'> ********
CAS (1e+1e, 4o), ncore = 7, nvir = 37
natorb = False
canonicalization = True
sorting_mo_energy = False
max_memory 4000 MB (current use 552 MB)
******** <class 'pyscf.fci.direct_spin1.FCISolver'> ********
max. cycles = 200
conv_tol = 1e-08
davidson only = False
linear dependence = 1e-12
level shift = 0.001
max iter space = 12
max_memory 4000 MB
nroots = 1
pspace_size = 400
spin = None
Density matrix diagonal elements [1.93451499e+00 6.54438853e-02 2.84559540e-05 1.26697580e-05]
CASCI converged
CASCI E = -77.9964889628009  E(CI) = -1.21438355702300  S^2 = 0.0000000

******** <class 'pyscf.mcscf.casci.CASCI'> ********
CAS (1e+1e, 4o), ncore = 7, nvir = 37
natorb = False
canonicalization = True
sorting_mo_energy = False
max_memory 4000 MB (current use 552 MB)
******** <class 'pyscf.fci.direct_spin1.FCISolver'> ********
max. cycles = 200
conv_tol = 1e-08
davidson only = False
linear dependence = 1e-12
level shift = 0.001
max iter space = 12
max_memory 4000 MB
nroots = 1
pspace_size = 400
spin = None
Density matrix diagonal elements [1.93412702e+00 6.57533143e-02 3.05199196e-05 8.91432177e-05]
CASCI converged
CASCI E = -77.9966709070344  E(CI) = -1.21456550125654  S^2 = 0.0000000

******** <class 'pyscf.mcscf.casci.CASCI'> ********
CAS (1e+1e, 4o), ncore = 7, nvir = 37
natorb = False
canonicalization = True
sorting_mo_energy = False
max_memory 4000 MB (current use 552 MB)
******** <class 'pyscf.fci.direct_spin1.FCISolver'> ********
max. cycles = 200
conv_tol = 1e-08
davidson only = False
linear dependence = 1e-12
level shift = 0.001
max iter space = 12
max_memory 4000 MB
nroots = 1
pspace_size = 400
spin = None
Density matrix diagonal elements [1.93453355e+00 6.54279144e-02 2.84751479e-05 1.00585212e-05]
CASCI converged
CASCI E = -77.9964850763268  E(CI) = -1.21437967054898  S^2 = 0.0000000

******** <class 'pyscf.mcscf.casci.CASCI'> ********
CAS (1e+1e, 4o), ncore = 7, nvir = 37
natorb = False
canonicalization = True
sorting_mo_energy = False
max_memory 4000 MB (current use 552 MB)
******** <class 'pyscf.fci.direct_spin1.FCISolver'> ********
max. cycles = 200
conv_tol = 1e-08
davidson only = False
linear dependence = 1e-12
level shift = 0.001
max iter space = 12
max_memory 4000 MB
nroots = 1
pspace_size = 400
spin = None
Density matrix diagonal elements [1.93451097e+00 6.54584242e-02 2.85047348e-05 2.09940292e-06]
CASCI converged
CASCI E = -77.9964680876188  E(CI) = -1.21436268184095  S^2 = 0.0000000

******** <class 'pyscf.mcscf.casci.CASCI'> ********
CAS (1e+1e, 4o), ncore = 7, nvir = 37
natorb = False
canonicalization = True
sorting_mo_energy = False
max_memory 4000 MB (current use 552 MB)
******** <class 'pyscf.fci.direct_spin1.FCISolver'> ********
max. cycles = 200
conv_tol = 1e-08
davidson only = False
linear dependence = 1e-12
level shift = 0.001
max iter space = 12
max_memory 4000 MB
nroots = 1
pspace_size = 400
spin = None
Density matrix diagonal elements [1.93476793e+00 6.50715728e-02 2.84445748e-05 1.32049806e-04]
CASCI converged
CASCI E = -77.9967443749699  E(CI) = -1.21463896919207  S^2 = 0.0000000

******** <class 'pyscf.mcscf.casci.CASCI'> ********
CAS (1e+1e, 4o), ncore = 7, nvir = 37
natorb = False
canonicalization = True
sorting_mo_energy = False
max_memory 4000 MB (current use 552 MB)
******** <class 'pyscf.fci.direct_spin1.FCISolver'> ********
max. cycles = 200
conv_tol = 1e-08
davidson only = False
linear dependence = 1e-12
level shift = 0.001
max iter space = 12
max_memory 4000 MB
nroots = 1
pspace_size = 400
spin = None
Density matrix diagonal elements [1.93441621e+00 6.55157029e-02 2.72418667e-05 4.08456550e-05]
CASCI converged
CASCI E = -77.9965566629004  E(CI) = -1.21445125712253  S^2 = 0.0000000

******** <class 'pyscf.mcscf.casci.CASCI'> ********
CAS (1e+1e, 4o), ncore = 7, nvir = 37
natorb = False
canonicalization = True
sorting_mo_energy = False
max_memory 4000 MB (current use 552 MB)
******** <class 'pyscf.fci.direct_spin1.FCISolver'> ********
max. cycles = 200
conv_tol = 1e-08
davidson only = False
linear dependence = 1e-12
level shift = 0.001
max iter space = 12
max_memory 4000 MB
nroots = 1
pspace_size = 400
spin = None
Density matrix diagonal elements [1.93458001e+00 6.53356419e-02 2.75679633e-05 5.67755586e-05]
CASCI converged
CASCI E = -77.9966005583849  E(CI) = -1.21449515260703  S^2 = 0.0000000

******** <class 'pyscf.mcscf.casci.CASCI'> ********
CAS (1e+1e, 4o), ncore = 7, nvir = 37
natorb = False
canonicalization = True
sorting_mo_energy = False
max_memory 4000 MB (current use 552 MB)
******** <class 'pyscf.fci.direct_spin1.FCISolver'> ********
max. cycles = 200
conv_tol = 1e-08
davidson only = False
linear dependence = 1e-12
level shift = 0.001
max iter space = 12
max_memory 4000 MB
nroots = 1
pspace_size = 400
spin = None
Density matrix diagonal elements [1.93455621e+00 6.54039109e-02 2.85004371e-05 1.13812845e-05]
CASCI converged
CASCI E = -77.9964925583280  E(CI) = -1.21438715255012  S^2 = 0.0000000

******** <class 'pyscf.mcscf.casci.CASCI'> ********
CAS (1e+1e, 4o), ncore = 7, nvir = 37
natorb = False
canonicalization = True
sorting_mo_energy = False
max_memory 4000 MB (current use 552 MB)
******** <class 'pyscf.fci.direct_spin1.FCISolver'> ********
max. cycles = 200
conv_tol = 1e-08
davidson only = False
linear dependence = 1e-12
level shift = 0.001
max iter space = 12
max_memory 4000 MB
nroots = 1
pspace_size = 400
spin = None
Density matrix diagonal elements [1.93451061e+00 6.54601398e-02 2.85240044e-05 7.25948921e-07]
CASCI converged
CASCI E = -77.9964655304697  E(CI) = -1.21436012469184  S^2 = 0.0000000

******** <class 'pyscf.mcscf.casci.CASCI'> ********
CAS (1e+1e, 4o), ncore = 7, nvir = 37
natorb = False
canonicalization = True
sorting_mo_energy = False
max_memory 4000 MB (current use 552 MB)
******** <class 'pyscf.fci.direct_spin1.FCISolver'> ********
max. cycles = 200
conv_tol = 1e-08
davidson only = False
linear dependence = 1e-12
level shift = 0.001
max iter space = 12
max_memory 4000 MB
nroots = 1
pspace_size = 400
spin = None
Density matrix diagonal elements [1.93451407e+00 6.54556107e-02 2.85197279e-05 1.80204937e-06]
CASCI converged
CASCI E = -77.9964685750086  E(CI) = -1.21436316923075  S^2 = 0.0000000

******** <class 'pyscf.mcscf.casci.CASCI'> ********
CAS (1e+1e, 4o), ncore = 7, nvir = 37
natorb = False
canonicalization = True
sorting_mo_energy = False
max_memory 4000 MB (current use 552 MB)
******** <class 'pyscf.fci.direct_spin1.FCISolver'> ********
max. cycles = 200
conv_tol = 1e-08
davidson only = False
linear dependence = 1e-12
level shift = 0.001
max iter space = 12
max_memory 4000 MB
nroots = 1
pspace_size = 400
spin = None
Density matrix diagonal elements [1.93470252e+00 6.52035938e-02 4.90480483e-05 4.48400883e-05]
CASCI converged
CASCI E = -77.9966123660226  E(CI) = -1.21450696024476  S^2 = 0.0000000

******** <class 'pyscf.mcscf.casci.CASCI'> ********
CAS (1e+1e, 4o), ncore = 7, nvir = 37
natorb = False
canonicalization = True
sorting_mo_energy = False
max_memory 4000 MB (current use 552 MB)
******** <class 'pyscf.fci.direct_spin1.FCISolver'> ********
max. cycles = 200
conv_tol = 1e-08
davidson only = False
linear dependence = 1e-12
level shift = 0.001
max iter space = 12
max_memory 4000 MB
nroots = 1
pspace_size = 400
spin = None
Density matrix diagonal elements [1.93443151e+00 6.54921941e-02 2.79920590e-05 4.83073252e-05]
CASCI converged
CASCI E = -77.9966010163481  E(CI) = -1.21449561057024  S^2 = 0.0000000

******** <class 'pyscf.mcscf.casci.CASCI'> ********
CAS (1e+1e, 4o), ncore = 7, nvir = 37
natorb = False
canonicalization = True
sorting_mo_energy = False
max_memory 4000 MB (current use 552 MB)
******** <class 'pyscf.fci.direct_spin1.FCISolver'> ********
max. cycles = 200
conv_tol = 1e-08
davidson only = False
linear dependence = 1e-12
level shift = 0.001
max iter space = 12
max_memory 4000 MB
nroots = 1
pspace_size = 400
spin = None
Density matrix diagonal elements [1.93451176e+00 6.54581250e-02 2.85203911e-05 1.59454400e-06]
CASCI converged
CASCI E = -77.9964685753543  E(CI) = -1.21436316957640  S^2 = 0.0000000

******** <class 'pyscf.mcscf.casci.CASCI'> ********
CAS (1e+1e, 4o), ncore = 7, nvir = 37
natorb = False
canonicalization = True
sorting_mo_energy = False
max_memory 4000 MB (current use 552 MB)
******** <class 'pyscf.fci.direct_spin1.FCISolver'> ********
max. cycles = 200
conv_tol = 1e-08
davidson only = False
linear dependence = 1e-12
level shift = 0.001
max iter space = 12
max_memory 4000 MB
nroots = 1
pspace_size = 400
spin = None
Density matrix diagonal elements [1.93451114e+00 6.54596640e-02 2.85346681e-05 6.62510440e-07]
CASCI converged
CASCI E = -77.9964657210383  E(CI) = -1.21436031526051  S^2 = 0.0000000

******** <class 'pyscf.mcscf.casci.CASCI'> ********
CAS (1e+1e, 4o), ncore = 7, nvir = 37
natorb = False
canonicalization = True
sorting_mo_energy = False
max_memory 4000 MB (current use 552 MB)
******** <class 'pyscf.fci.direct_spin1.FCISolver'> ********
max. cycles = 200
conv_tol = 1e-08
davidson only = False
linear dependence = 1e-12
level shift = 0.001
max iter space = 12
max_memory 4000 MB
nroots = 1
pspace_size = 400
spin = None
Density matrix diagonal elements [1.93452544e+00 6.54427621e-02 2.85106348e-05 3.28954720e-06]
CASCI converged
CASCI E = -77.9964740794018  E(CI) = -1.21436867362399  S^2 = 0.0000000

******** <class 'pyscf.mcscf.casci.CASCI'> ********
CAS (1e+1e, 4o), ncore = 7, nvir = 37
natorb = False
canonicalization = True
sorting_mo_energy = False
max_memory 4000 MB (current use 552 MB)
******** <class 'pyscf.fci.direct_spin1.FCISolver'> ********
max. cycles = 200
conv_tol = 1e-08
davidson only = False
linear dependence = 1e-12
level shift = 0.001
max iter space = 12
max_memory 4000 MB
nroots = 1
pspace_size = 400
spin = None
Density matrix diagonal elements [1.93451381e+00 6.54562879e-02 2.85311770e-05 1.37502182e-06]
CASCI converged
CASCI E = -77.9964683697568  E(CI) = -1.21436296397894  S^2 = 0.0000000

******** <class 'pyscf.mcscf.casci.CASCI'> ********
CAS (1e+1e, 4o), ncore = 7, nvir = 37
natorb = False
canonicalization = True
sorting_mo_energy = False
max_memory 4000 MB (current use 552 MB)
******** <class 'pyscf.fci.direct_spin1.FCISolver'> ********
max. cycles = 200
conv_tol = 1e-08
davidson only = False
linear dependence = 1e-12
level shift = 0.001
max iter space = 12
max_memory 4000 MB
nroots = 1
pspace_size = 400
spin = None
Density matrix diagonal elements [1.93451161e+00 6.54592682e-02 2.85354843e-05 5.85556102e-07]
CASCI converged
CASCI E = -77.9964657724193  E(CI) = -1.21436036664140  S^2 = 0.0000000

******** <class 'pyscf.mcscf.casci.CASCI'> ********
CAS (1e+1e, 4o), ncore = 7, nvir = 37
natorb = False
canonicalization = True
sorting_mo_energy = False
max_memory 4000 MB (current use 552 MB)
******** <class 'pyscf.fci.direct_spin1.FCISolver'> ********
max. cycles = 200
conv_tol = 1e-08
davidson only = False
linear dependence = 1e-12
level shift = 0.001
max iter space = 12
max_memory 4000 MB
nroots = 1
pspace_size = 400
spin = None
Density matrix diagonal elements [1.93409645e+00 6.56184342e-02 2.84863751e-04 2.48422394e-07]
CASCI converged
CASCI E = -77.9968623961907  E(CI) = -1.21475699041281  S^2 = 0.0000000

******** <class 'pyscf.mcscf.casci.CASCI'> ********
CAS (1e+1e, 4o), ncore = 7, nvir = 37
natorb = False
canonicalization = True
sorting_mo_energy = False
max_memory 4000 MB (current use 552 MB)
******** <class 'pyscf.fci.direct_spin1.FCISolver'> ********
max. cycles = 200
conv_tol = 1e-08
davidson only = False
linear dependence = 1e-12
level shift = 0.001
max iter space = 12
max_memory 4000 MB
nroots = 1
pspace_size = 400
spin = None
Density matrix diagonal elements [1.93409606e+00 6.56186310e-02 2.84846406e-04 4.62667697e-07]
CASCI converged
CASCI E = -77.9968628460614  E(CI) = -1.21475744028352  S^2 = 0.0000000

******** <class 'pyscf.mcscf.casci.CASCI'> ********
CAS (1e+1e, 4o), ncore = 7, nvir = 37
natorb = False
canonicalization = True
sorting_mo_energy = False
max_memory 4000 MB (current use 552 MB)
******** <class 'pyscf.fci.direct_spin1.FCISolver'> ********
max. cycles = 200
conv_tol = 1e-08
davidson only = False
linear dependence = 1e-12
level shift = 0.001
max iter space = 12
max_memory 4000 MB
nroots = 1
pspace_size = 400
spin = None
Density matrix diagonal elements [1.93410242e+00 6.56010551e-02 2.84266710e-04 1.22620879e-05]
CASCI converged
CASCI E = -77.9968864477898  E(CI) = -1.21478104201198  S^2 = 0.0000000

******** <class 'pyscf.mcscf.casci.CASCI'> ********
CAS (1e+1e, 4o), ncore = 7, nvir = 37
natorb = False
canonicalization = True
sorting_mo_energy = False
max_memory 4000 MB (current use 552 MB)
******** <class 'pyscf.fci.direct_spin1.FCISolver'> ********
max. cycles = 200
conv_tol = 1e-08
davidson only = False
linear dependence = 1e-12
level shift = 0.001
max iter space = 12
max_memory 4000 MB
nroots = 1
pspace_size = 400
spin = None
Density matrix diagonal elements [1.93374908e+00 6.58784170e-02 2.84814591e-04 8.76904881e-05]
CASCI converged
CASCI E = -77.9970658765791  E(CI) = -1.21496047080126  S^2 = 0.0000000

******** <class 'pyscf.mcscf.casci.CASCI'> ********
CAS (1e+1e, 4o), ncore = 7, nvir = 37
natorb = False
canonicalization = True
sorting_mo_energy = False
max_memory 4000 MB (current use 552 MB)
******** <class 'pyscf.fci.direct_spin1.FCISolver'> ********
max. cycles = 200
conv_tol = 1e-08
davidson only = False
linear dependence = 1e-12
level shift = 0.001
max iter space = 12
max_memory 4000 MB
nroots = 1
pspace_size = 400
spin = None
Density matrix diagonal elements [1.93412005e+00 6.55854194e-02 2.84615295e-04 9.91949896e-06]
CASCI converged
CASCI E = -77.9968830806708  E(CI) = -1.21477767489299  S^2 = 0.0000000

******** <class 'pyscf.mcscf.casci.CASCI'> ********
CAS (1e+1e, 4o), ncore = 7, nvir = 37
natorb = False
canonicalization = True
sorting_mo_energy = False
max_memory 4000 MB (current use 552 MB)
******** <class 'pyscf.fci.direct_spin1.FCISolver'> ********
max. cycles = 200
conv_tol = 1e-08
davidson only = False
linear dependence = 1e-12
level shift = 0.001
max iter space = 12
max_memory 4000 MB
nroots = 1
pspace_size = 400
spin = None
Density matrix diagonal elements [1.93409705e+00 6.56162577e-02 2.84698043e-04 1.99694890e-06]
CASCI converged
CASCI E = -77.9968661680177  E(CI) = -1.21476076223986  S^2 = 0.0000000

******** <class 'pyscf.mcscf.casci.CASCI'> ********
CAS (1e+1e, 4o), ncore = 7, nvir = 37
natorb = False
canonicalization = True
sorting_mo_energy = False
max_memory 4000 MB (current use 552 MB)
******** <class 'pyscf.fci.direct_spin1.FCISolver'> ********
max. cycles = 200
conv_tol = 1e-08
davidson only = False
linear dependence = 1e-12
level shift = 0.001
max iter space = 12
max_memory 4000 MB
nroots = 1
pspace_size = 400
spin = None
Density matrix diagonal elements [1.93435473e+00 6.52293522e-02 2.84245123e-04 1.31670261e-04]
CASCI converged
CASCI E = -77.9971418930462  E(CI) = -1.21503648726835  S^2 = 0.0000000

******** <class 'pyscf.mcscf.casci.CASCI'> ********
CAS (1e+1e, 4o), ncore = 7, nvir = 37
natorb = False
canonicalization = True
sorting_mo_energy = False
max_memory 4000 MB (current use 552 MB)
******** <class 'pyscf.fci.direct_spin1.FCISolver'> ********
max. cycles = 200
conv_tol = 1e-08
davidson only = False
linear dependence = 1e-12
level shift = 0.001
max iter space = 12
max_memory 4000 MB
nroots = 1
pspace_size = 400
spin = None
Density matrix diagonal elements [1.93416898e+00 6.53956044e-02 3.40910391e-04 9.45052198e-05]
CASCI converged
CASCI E = -77.9971509773074  E(CI) = -1.21504557152957  S^2 = 0.0000000

******** <class 'pyscf.mcscf.casci.CASCI'> ********
CAS (1e+1e, 4o), ncore = 7, nvir = 37
natorb = False
canonicalization = True
sorting_mo_energy = False
max_memory 4000 MB (current use 552 MB)
******** <class 'pyscf.fci.direct_spin1.FCISolver'> ********
max. cycles = 200
conv_tol = 1e-08
davidson only = False
linear dependence = 1e-12
level shift = 0.001
max iter space = 12
max_memory 4000 MB
nroots = 1
pspace_size = 400
spin = None
Density matrix diagonal elements [1.93417225e+00 6.54903397e-02 2.81914337e-04 5.55004114e-05]
CASCI converged
CASCI E = -77.9969957933362  E(CI) = -1.21489038755833  S^2 = 0.0000000

******** <class 'pyscf.mcscf.casci.CASCI'> ********
CAS (1e+1e, 4o), ncore = 7, nvir = 37
natorb = False
canonicalization = True
sorting_mo_energy = False
max_memory 4000 MB (current use 552 MB)
******** <class 'pyscf.fci.direct_spin1.FCISolver'> ********
max. cycles = 200
conv_tol = 1e-08
davidson only = False
linear dependence = 1e-12
level shift = 0.001
max iter space = 12
max_memory 4000 MB
nroots = 1
pspace_size = 400
spin = None
Density matrix diagonal elements [1.93414140e+00 6.55624061e-02 2.84821226e-04 1.13758535e-05]
CASCI converged
CASCI E = -77.9968908459699  E(CI) = -1.21478544019202  S^2 = 0.0000000

******** <class 'pyscf.mcscf.casci.CASCI'> ********
CAS (1e+1e, 4o), ncore = 7, nvir = 37
natorb = False
canonicalization = True
sorting_mo_energy = False
max_memory 4000 MB (current use 552 MB)
******** <class 'pyscf.fci.direct_spin1.FCISolver'> ********
max. cycles = 200
conv_tol = 1e-08
davidson only = False
linear dependence = 1e-12
level shift = 0.001
max iter space = 12
max_memory 4000 MB
nroots = 1
pspace_size = 400
spin = None
Density matrix diagonal elements [1.93409653e+00 6.56179369e-02 2.84827614e-04 7.09246567e-07]
CASCI converged
CASCI E = -77.9968637853806  E(CI) = -1.21475837960270  S^2 = 0.0000000

******** <class 'pyscf.mcscf.casci.CASCI'> ********
CAS (1e+1e, 4o), ncore = 7, nvir = 37
natorb = False
canonicalization = True
sorting_mo_energy = False
max_memory 4000 MB (current use 552 MB)
******** <class 'pyscf.fci.direct_spin1.FCISolver'> ********
max. cycles = 200
conv_tol = 1e-08
davidson only = False
linear dependence = 1e-12
level shift = 0.001
max iter space = 12
max_memory 4000 MB
nroots = 1
pspace_size = 400
spin = None
Density matrix diagonal elements [1.93409993e+00 6.56135363e-02 2.84772994e-04 1.75746605e-06]
CASCI converged
CASCI E = -77.9968667514371  E(CI) = -1.21476134565927  S^2 = 0.0000000

******** <class 'pyscf.mcscf.casci.CASCI'> ********
CAS (1e+1e, 4o), ncore = 7, nvir = 37
natorb = False
canonicalization = True
sorting_mo_energy = False
max_memory 4000 MB (current use 552 MB)
******** <class 'pyscf.fci.direct_spin1.FCISolver'> ********
max. cycles = 200
conv_tol = 1e-08
davidson only = False
linear dependence = 1e-12
level shift = 0.001
max iter space = 12
max_memory 4000 MB
nroots = 1
pspace_size = 400
spin = None
Density matrix diagonal elements [1.93418552e+00 6.55047060e-02 2.84121098e-04 2.56546786e-05]
CASCI converged
CASCI E = -77.9969318129080  E(CI) = -1.21482640713019  S^2 = 0.0000000

******** <class 'pyscf.mcscf.casci.CASCI'> ********
CAS (1e+1e, 4o), ncore = 7, nvir = 37
natorb = False
canonicalization = True
sorting_mo_energy = False
max_memory 4000 MB (current use 552 MB)
******** <class 'pyscf.fci.direct_spin1.FCISolver'> ********
max. cycles = 200
conv_tol = 1e-08
davidson only = False
linear dependence = 1e-12
level shift = 0.001
max iter space = 12
max_memory 4000 MB
nroots = 1
pspace_size = 400
spin = None
Density matrix diagonal elements [1.93403497e+00 6.56384643e-02 2.80431570e-04 4.61340877e-05]
CASCI converged
CASCI E = -77.9969931975256  E(CI) = -1.21488779174773  S^2 = 0.0000000

******** <class 'pyscf.mcscf.casci.CASCI'> ********
CAS (1e+1e, 4o), ncore = 7, nvir = 37
natorb = False
canonicalization = True
sorting_mo_energy = False
max_memory 4000 MB (current use 552 MB)
******** <class 'pyscf.fci.direct_spin1.FCISolver'> ********
max. cycles = 200
conv_tol = 1e-08
davidson only = False
linear dependence = 1e-12
level shift = 0.001
max iter space = 12
max_memory 4000 MB
nroots = 1
pspace_size = 400
spin = None
Density matrix diagonal elements [1.93409783e+00 6.56158801e-02 2.84746225e-04 1.54114848e-06]
CASCI converged
CASCI E = -77.9968667081579  E(CI) = -1.21476130238010  S^2 = 0.0000000

******** <class 'pyscf.mcscf.casci.CASCI'> ********
CAS (1e+1e, 4o), ncore = 7, nvir = 37
natorb = False
canonicalization = True
sorting_mo_energy = False
max_memory 4000 MB (current use 552 MB)
******** <class 'pyscf.fci.direct_spin1.FCISolver'> ********
max. cycles = 200
conv_tol = 1e-08
davidson only = False
linear dependence = 1e-12
level shift = 0.001
max iter space = 12
max_memory 4000 MB
nroots = 1
pspace_size = 400
spin = None
Density matrix diagonal elements [1.93409699e+00 6.56175061e-02 2.84849125e-04 6.53911994e-07]
CASCI converged
CASCI E = -77.9968639928822  E(CI) = -1.21475858710430  S^2 = 0.0000000

******** <class 'pyscf.mcscf.casci.CASCI'> ********
CAS (1e+1e, 4o), ncore = 7, nvir = 37
natorb = False
canonicalization = True
sorting_mo_energy = False
max_memory 4000 MB (current use 552 MB)
******** <class 'pyscf.fci.direct_spin1.FCISolver'> ********
max. cycles = 200
conv_tol = 1e-08
davidson only = False
linear dependence = 1e-12
level shift = 0.001
max iter space = 12
max_memory 4000 MB
nroots = 1
pspace_size = 400
spin = None
Density matrix diagonal elements [1.93411116e+00 6.56007830e-02 2.84790258e-04 3.26439482e-06]
CASCI converged
CASCI E = -77.9968722991921  E(CI) = -1.21476689341421  S^2 = 0.0000000

******** <class 'pyscf.mcscf.casci.CASCI'> ********
CAS (1e+1e, 4o), ncore = 7, nvir = 37
natorb = False
canonicalization = True
sorting_mo_energy = False
max_memory 4000 MB (current use 552 MB)
******** <class 'pyscf.fci.direct_spin1.FCISolver'> ********
max. cycles = 200
conv_tol = 1e-08
davidson only = False
linear dependence = 1e-12
level shift = 0.001
max iter space = 12
max_memory 4000 MB
nroots = 1
pspace_size = 400
spin = None
Density matrix diagonal elements [1.93409980e+00 6.56140674e-02 2.84789723e-04 1.34186996e-06]
CASCI converged
CASCI E = -77.9968665541918  E(CI) = -1.21476114841394  S^2 = 0.0000000

******** <class 'pyscf.mcscf.casci.CASCI'> ********
CAS (1e+1e, 4o), ncore = 7, nvir = 37
natorb = False
canonicalization = True
sorting_mo_energy = False
max_memory 4000 MB (current use 552 MB)
******** <class 'pyscf.fci.direct_spin1.FCISolver'> ********
max. cycles = 200
conv_tol = 1e-08
davidson only = False
linear dependence = 1e-12
level shift = 0.001
max iter space = 12
max_memory 4000 MB
nroots = 1
pspace_size = 400
spin = None
Density matrix diagonal elements [1.93409743e+00 6.56171583e-02 2.84836610e-04 5.72464504e-07]
CASCI converged
CASCI E = -77.9968640231452  E(CI) = -1.21475861736732  S^2 = 0.0000000

******** <class 'pyscf.mcscf.casci.CASCI'> ********
CAS (1e+1e, 4o), ncore = 7, nvir = 37
natorb = False
canonicalization = True
sorting_mo_energy = False
max_memory 4000 MB (current use 552 MB)
******** <class 'pyscf.fci.direct_spin1.FCISolver'> ********
max. cycles = 200
conv_tol = 1e-08
davidson only = False
linear dependence = 1e-12
level shift = 0.001
max iter space = 12
max_memory 4000 MB
nroots = 1
pspace_size = 400
spin = None
Density matrix diagonal elements [1.93437359e+00 6.56257043e-02 2.38091583e-07 4.66147257e-07]
CASCI converged
CASCI E = -77.9964192188744  E(CI) = -1.21431381309650  S^2 = 0.0000000

******** <class 'pyscf.mcscf.casci.CASCI'> ********
CAS (1e+1e, 4o), ncore = 7, nvir = 37
natorb = False
canonicalization = True
sorting_mo_energy = False
max_memory 4000 MB (current use 552 MB)
******** <class 'pyscf.fci.direct_spin1.FCISolver'> ********
max. cycles = 200
conv_tol = 1e-08
davidson only = False
linear dependence = 1e-12
level shift = 0.001
max iter space = 12
max_memory 4000 MB
nroots = 1
pspace_size = 400
spin = None
Density matrix diagonal elements [1.93437853e+00 6.56085036e-02 2.42276795e-07 1.27245785e-05]
CASCI converged
CASCI E = -77.9964437378764  E(CI) = -1.21433833209854  S^2 = 0.0000000

******** <class 'pyscf.mcscf.casci.CASCI'> ********
CAS (1e+1e, 4o), ncore = 7, nvir = 37
natorb = False
canonicalization = True
sorting_mo_energy = False
max_memory 4000 MB (current use 552 MB)
******** <class 'pyscf.fci.direct_spin1.FCISolver'> ********
max. cycles = 200
conv_tol = 1e-08
davidson only = False
linear dependence = 1e-12
level shift = 0.001
max iter space = 12
max_memory 4000 MB
nroots = 1
pspace_size = 400
spin = None
Density matrix diagonal elements [1.93399424e+00 6.59175733e-02 2.69396812e-07 8.79149755e-05]
CASCI converged
CASCI E = -77.9966224760564  E(CI) = -1.21451707027859  S^2 = 0.0000000

******** <class 'pyscf.mcscf.casci.CASCI'> ********
CAS (1e+1e, 4o), ncore = 7, nvir = 37
natorb = False
canonicalization = True
sorting_mo_energy = False
max_memory 4000 MB (current use 552 MB)
******** <class 'pyscf.fci.direct_spin1.FCISolver'> ********
max. cycles = 200
conv_tol = 1e-08
davidson only = False
linear dependence = 1e-12
level shift = 0.001
max iter space = 12
max_memory 4000 MB
nroots = 1
pspace_size = 400
spin = None
Density matrix diagonal elements [1.93439708e+00 6.55925929e-02 2.35289035e-07 1.00891757e-05]
CASCI converged
CASCI E = -77.9964398064003  E(CI) = -1.21433440062246  S^2 = 0.0000000

******** <class 'pyscf.mcscf.casci.CASCI'> ********
CAS (1e+1e, 4o), ncore = 7, nvir = 37
natorb = False
canonicalization = True
sorting_mo_energy = False
max_memory 4000 MB (current use 552 MB)
******** <class 'pyscf.fci.direct_spin1.FCISolver'> ********
max. cycles = 200
conv_tol = 1e-08
davidson only = False
linear dependence = 1e-12
level shift = 0.001
max iter space = 12
max_memory 4000 MB
nroots = 1
pspace_size = 400
spin = None
Density matrix diagonal elements [1.93437447e+00 6.56231461e-02 2.57827303e-07 2.12849586e-06]
CASCI converged
CASCI E = -77.9964228161857  E(CI) = -1.21431741040790  S^2 = 0.0000000

******** <class 'pyscf.mcscf.casci.CASCI'> ********
CAS (1e+1e, 4o), ncore = 7, nvir = 37
natorb = False
canonicalization = True
sorting_mo_energy = False
max_memory 4000 MB (current use 552 MB)
******** <class 'pyscf.fci.direct_spin1.FCISolver'> ********
max. cycles = 200
conv_tol = 1e-08
davidson only = False
linear dependence = 1e-12
level shift = 0.001
max iter space = 12
max_memory 4000 MB
nroots = 1
pspace_size = 400
spin = None
Density matrix diagonal elements [1.93463191e+00 6.52358079e-02 2.03020605e-07 1.32075478e-04]
CASCI converged
CASCI E = -77.9966990850315  E(CI) = -1.21459367925362  S^2 = 0.0000000

******** <class 'pyscf.mcscf.casci.CASCI'> ********
CAS (1e+1e, 4o), ncore = 7, nvir = 37
natorb = False
canonicalization = True
sorting_mo_energy = False
max_memory 4000 MB (current use 552 MB)
******** <class 'pyscf.fci.direct_spin1.FCISolver'> ********
max. cycles = 200
conv_tol = 1e-08
davidson only = False
linear dependence = 1e-12
level shift = 0.001
max iter space = 12
max_memory 4000 MB
nroots = 1
pspace_size = 400
spin = None
Density matrix diagonal elements [1.93428001e+00 6.56779829e-02 2.54025618e-07 4.17542692e-05]
CASCI converged
CASCI E = -77.9965134230764  E(CI) = -1.21440801729858  S^2 = 0.0000000

******** <class 'pyscf.mcscf.casci.CASCI'> ********
CAS (1e+1e, 4o), ncore = 7, nvir = 37
natorb = False
canonicalization = True
sorting_mo_energy = False
max_memory 4000 MB (current use 552 MB)
******** <class 'pyscf.fci.direct_spin1.FCISolver'> ********
max. cycles = 200
conv_tol = 1e-08
davidson only = False
linear dependence = 1e-12
level shift = 0.001
max iter space = 12
max_memory 4000 MB
nroots = 1
pspace_size = 400
spin = None
Density matrix diagonal elements [1.93444564e+00 6.54966865e-02 2.54338961e-07 5.74180254e-05]
CASCI converged
CASCI E = -77.9965567872016  E(CI) = -1.21445138142377  S^2 = 0.0000000

******** <class 'pyscf.mcscf.casci.CASCI'> ********
CAS (1e+1e, 4o), ncore = 7, nvir = 37
natorb = False
canonicalization = True
sorting_mo_energy = False
max_memory 4000 MB (current use 552 MB)
******** <class 'pyscf.fci.direct_spin1.FCISolver'> ********
max. cycles = 200
conv_tol = 1e-08
davidson only = False
linear dependence = 1e-12
level shift = 0.001
max iter space = 12
max_memory 4000 MB
nroots = 1
pspace_size = 400
spin = None
Density matrix diagonal elements [1.93441965e+00 6.55687490e-02 2.22489209e-07 1.13815450e-05]
CASCI converged
CASCI E = -77.9964472216216  E(CI) = -1.21434181584370  S^2 = 0.0000000

******** <class 'pyscf.mcscf.casci.CASCI'> ********
CAS (1e+1e, 4o), ncore = 7, nvir = 37
natorb = False
canonicalization = True
sorting_mo_energy = False
max_memory 4000 MB (current use 552 MB)
******** <class 'pyscf.fci.direct_spin1.FCISolver'> ********
max. cycles = 200
conv_tol = 1e-08
davidson only = False
linear dependence = 1e-12
level shift = 0.001
max iter space = 12
max_memory 4000 MB
nroots = 1
pspace_size = 400
spin = None
Density matrix diagonal elements [1.93437404e+00 6.56249538e-02 2.62889845e-07 7.41877705e-07]
CASCI converged
CASCI E = -77.9964202426816  E(CI) = -1.21431483690377  S^2 = 0.0000000

******** <class 'pyscf.mcscf.casci.CASCI'> ********
CAS (1e+1e, 4o), ncore = 7, nvir = 37
natorb = False
canonicalization = True
sorting_mo_energy = False
max_memory 4000 MB (current use 552 MB)
******** <class 'pyscf.fci.direct_spin1.FCISolver'> ********
max. cycles = 200
conv_tol = 1e-08
davidson only = False
linear dependence = 1e-12
level shift = 0.001
max iter space = 12
max_memory 4000 MB
nroots = 1
pspace_size = 400
spin = None
Density matrix diagonal elements [1.93437752e+00 6.56204228e-02 2.50591734e-07 1.81058874e-06]
CASCI converged
CASCI E = -77.9964232646298  E(CI) = -1.21431785885193  S^2 = 0.0000000

******** <class 'pyscf.mcscf.casci.CASCI'> ********
CAS (1e+1e, 4o), ncore = 7, nvir = 37
natorb = False
canonicalization = True
sorting_mo_energy = False
max_memory 4000 MB (current use 552 MB)
******** <class 'pyscf.fci.direct_spin1.FCISolver'> ********
max. cycles = 200
conv_tol = 1e-08
davidson only = False
linear dependence = 1e-12
level shift = 0.001
max iter space = 12
max_memory 4000 MB
nroots = 1
pspace_size = 400
spin = None
Density matrix diagonal elements [1.93446344e+00 6.55102143e-02 2.58071154e-07 2.60858524e-05]
CASCI converged
CASCI E = -77.9964893501191  E(CI) = -1.21438394434125  S^2 = 0.0000000

******** <class 'pyscf.mcscf.casci.CASCI'> ********
CAS (1e+1e, 4o), ncore = 7, nvir = 37
natorb = False
canonicalization = True
sorting_mo_energy = False
max_memory 4000 MB (current use 552 MB)
******** <class 'pyscf.fci.direct_spin1.FCISolver'> ********
max. cycles = 200
conv_tol = 1e-08
davidson only = False
linear dependence = 1e-12
level shift = 0.001
max iter space = 12
max_memory 4000 MB
nroots = 1
pspace_size = 400
spin = None
Density matrix diagonal elements [1.93429469e+00 6.56564326e-02 2.61402406e-07 4.86125630e-05]
CASCI converged
CASCI E = -77.9965565755935  E(CI) = -1.21445116981566  S^2 = 0.0000000

******** <class 'pyscf.mcscf.casci.CASCI'> ********
CAS (1e+1e, 4o), ncore = 7, nvir = 37
natorb = False
canonicalization = True
sorting_mo_energy = False
max_memory 4000 MB (current use 552 MB)
******** <class 'pyscf.fci.direct_spin1.FCISolver'> ********
max. cycles = 200
conv_tol = 1e-08
davidson only = False
linear dependence = 1e-12
level shift = 0.001
max iter space = 12
max_memory 4000 MB
nroots = 1
pspace_size = 400
spin = None
Density matrix diagonal elements [1.93437524e+00 6.56228879e-02 2.61132817e-07 1.60849375e-06]
CASCI converged
CASCI E = -77.9964232852759  E(CI) = -1.21431787949805  S^2 = 0.0000000

******** <class 'pyscf.mcscf.casci.CASCI'> ********
CAS (1e+1e, 4o), ncore = 7, nvir = 37
natorb = False
canonicalization = True
sorting_mo_energy = False
max_memory 4000 MB (current use 552 MB)
******** <class 'pyscf.fci.direct_spin1.FCISolver'> ********
max. cycles = 200
conv_tol = 1e-08
davidson only = False
linear dependence = 1e-12
level shift = 0.001
max iter space = 12
max_memory 4000 MB
nroots = 1
pspace_size = 400
spin = None
Density matrix diagonal elements [1.93437459e+00 6.56244752e-02 2.61468100e-07 6.69146210e-07]
CASCI converged
CASCI E = -77.9964204087006  E(CI) = -1.21431500292276  S^2 = 0.0000000

******** <class 'pyscf.mcscf.casci.CASCI'> ********
CAS (1e+1e, 4o), ncore = 7, nvir = 37
natorb = False
canonicalization = True
sorting_mo_energy = False
max_memory 4000 MB (current use 552 MB)
******** <class 'pyscf.fci.direct_spin1.FCISolver'> ********
max. cycles = 200
conv_tol = 1e-08
davidson only = False
linear dependence = 1e-12
level shift = 0.001
max iter space = 12
max_memory 4000 MB
nroots = 1
pspace_size = 400
spin = None
Density matrix diagonal elements [1.93438898e+00 6.56074601e-02 2.57971880e-07 3.30612221e-06]
CASCI converged
CASCI E = -77.9964287984985  E(CI) = -1.21432339272064  S^2 = 0.0000000

******** <class 'pyscf.mcscf.casci.CASCI'> ********
CAS (1e+1e, 4o), ncore = 7, nvir = 37
natorb = False
canonicalization = True
sorting_mo_energy = False
max_memory 4000 MB (current use 552 MB)
******** <class 'pyscf.fci.direct_spin1.FCISolver'> ********
max. cycles = 200
conv_tol = 1e-08
davidson only = False
linear dependence = 1e-12
level shift = 0.001
max iter space = 12
max_memory 4000 MB
nroots = 1
pspace_size = 400
spin = None
Density matrix diagonal elements [1.93437727e+00 6.56210862e-02 2.60688060e-07 1.38230421e-06]
CASCI converged
CASCI E = -77.9964230613855  E(CI) = -1.21431765560760  S^2 = 0.0000000

******** <class 'pyscf.mcscf.casci.CASCI'> ********
CAS (1e+1e, 4o), ncore = 7, nvir = 37
natorb = False
canonicalization = True
sorting_mo_energy = False
max_memory 4000 MB (current use 552 MB)
******** <class 'pyscf.fci.direct_spin1.FCISolver'> ********
max. cycles = 200
conv_tol = 1e-08
davidson only = False
linear dependence = 1e-12
level shift = 0.001
max iter space = 12
max_memory 4000 MB
nroots = 1
pspace_size = 400
spin = None
Density matrix diagonal elements [1.93437574e+00 6.56233198e-02 3.06453555e-07 6.32918055e-07]
CASCI converged
CASCI E = -77.9964206882011  E(CI) = -1.21431528242323  S^2 = 0.0000000

******** <class 'pyscf.mcscf.casci.CASCI'> ********
CAS (1e+1e, 4o), ncore = 7, nvir = 37
natorb = False
canonicalization = True
sorting_mo_energy = False
max_memory 4000 MB (current use 552 MB)
******** <class 'pyscf.fci.direct_spin1.FCISolver'> ********
max. cycles = 200
conv_tol = 1e-08
davidson only = False
linear dependence = 1e-12
level shift = 0.001
max iter space = 12
max_memory 4000 MB
nroots = 1
pspace_size = 400
spin = None
Density matrix diagonal elements [1.93437818e+00 6.56086478e-02 4.60423916e-07 1.27148255e-05]
CASCI converged
CASCI E = -77.9964441955057  E(CI) = -1.21433878972785  S^2 = 0.0000000

******** <class 'pyscf.mcscf.casci.CASCI'> ********
CAS (1e+1e, 4o), ncore = 7, nvir = 37
natorb = False
canonicalization = True
sorting_mo_energy = False
max_memory 4000 MB (current use 552 MB)
******** <class 'pyscf.fci.direct_spin1.FCISolver'> ********
max. cycles = 200
conv_tol = 1e-08
davidson only = False
linear dependence = 1e-12
level shift = 0.001
max iter space = 12
max_memory 4000 MB
nroots = 1
pspace_size = 400
spin = None
Density matrix diagonal elements [1.93399382e+00 6.59177637e-02 5.01910205e-07 8.79192341e-05]
CASCI converged
CASCI E = -77.9966229642505  E(CI) = -1.21451755847261  S^2 = 0.0000000

******** <class 'pyscf.mcscf.casci.CASCI'> ********
CAS (1e+1e, 4o), ncore = 7, nvir = 37
natorb = False
canonicalization = True
sorting_mo_energy = False
max_memory 4000 MB (current use 552 MB)
******** <class 'pyscf.fci.direct_spin1.FCISolver'> ********
max. cycles = 200
conv_tol = 1e-08
davidson only = False
linear dependence = 1e-12
level shift = 0.001
max iter space = 12
max_memory 4000 MB
nroots = 1
pspace_size = 400
spin = None
Density matrix diagonal elements [1.93439677e+00 6.55926727e-02 4.67067241e-07 1.00925535e-05]
CASCI converged
CASCI E = -77.9964402918833  E(CI) = -1.21433488610546  S^2 = 0.0000000

******** <class 'pyscf.mcscf.casci.CASCI'> ********
CAS (1e+1e, 4o), ncore = 7, nvir = 37
natorb = False
canonicalization = True
sorting_mo_energy = False
max_memory 4000 MB (current use 552 MB)
******** <class 'pyscf.fci.direct_spin1.FCISolver'> ********
max. cycles = 200
conv_tol = 1e-08
davidson only = False
linear dependence = 1e-12
level shift = 0.001
max iter space = 12
max_memory 4000 MB
nroots = 1
pspace_size = 400
spin = None
Density matrix diagonal elements [1.93437481e+00 6.56223531e-02 5.92645780e-07 2.23987168e-06]
CASCI converged
CASCI E = -77.9964237017926  E(CI) = -1.21431829601475  S^2 = 0.0000000

******** <class 'pyscf.mcscf.casci.CASCI'> ********
CAS (1e+1e, 4o), ncore = 7, nvir = 37
natorb = False
canonicalization = True
sorting_mo_energy = False
max_memory 4000 MB (current use 552 MB)
******** <class 'pyscf.fci.direct_spin1.FCISolver'> ********
max. cycles = 200
conv_tol = 1e-08
davidson only = False
linear dependence = 1e-12
level shift = 0.001
max iter space = 12
max_memory 4000 MB
nroots = 1
pspace_size = 400
spin = None
Density matrix diagonal elements [1.93463154e+00 6.52360749e-02 3.65737207e-07 1.32017062e-04]
CASCI converged
CASCI E = -77.9966994271524  E(CI) = -1.21459402137452  S^2 = 0.0000000

******** <class 'pyscf.mcscf.casci.CASCI'> ********
CAS (1e+1e, 4o), ncore = 7, nvir = 37
natorb = False
canonicalization = True
sorting_mo_energy = False
max_memory 4000 MB (current use 552 MB)
******** <class 'pyscf.fci.direct_spin1.FCISolver'> ********
max. cycles = 200
conv_tol = 1e-08
davidson only = False
linear dependence = 1e-12
level shift = 0.001
max iter space = 12
max_memory 4000 MB
nroots = 1
pspace_size = 400
spin = None
Density matrix diagonal elements [1.93427963e+00 6.56781457e-02 4.77907071e-07 4.17510306e-05]
CASCI converged
CASCI E = -77.9965138929497  E(CI) = -1.21440848717188  S^2 = 0.0000000

******** <class 'pyscf.mcscf.casci.CASCI'> ********
CAS (1e+1e, 4o), ncore = 7, nvir = 37
natorb = False
canonicalization = True
sorting_mo_energy = False
max_memory 4000 MB (current use 552 MB)
******** <class 'pyscf.fci.direct_spin1.FCISolver'> ********
max. cycles = 200
conv_tol = 1e-08
davidson only = False
linear dependence = 1e-12
level shift = 0.001
max iter space = 12
max_memory 4000 MB
nroots = 1
pspace_size = 400
spin = None
Density matrix diagonal elements [1.93444526e+00 6.54968445e-02 4.77470550e-07 5.74143387e-05]
CASCI converged
CASCI E = -77.9965572555470  E(CI) = -1.21445184976919  S^2 = 0.0000000

******** <class 'pyscf.mcscf.casci.CASCI'> ********
CAS (1e+1e, 4o), ncore = 7, nvir = 37
natorb = False
canonicalization = True
sorting_mo_energy = False
max_memory 4000 MB (current use 552 MB)
******** <class 'pyscf.fci.direct_spin1.FCISolver'> ********
max. cycles = 200
conv_tol = 1e-08
davidson only = False
linear dependence = 1e-12
level shift = 0.001
max iter space = 12
max_memory 4000 MB
nroots = 1
pspace_size = 400
spin = None
Density matrix diagonal elements [1.93441931e+00 6.55688949e-02 4.32204260e-07 1.13668499e-05]
CASCI converged
CASCI E = -77.9964476611548  E(CI) = -1.21434225537698  S^2 = 0.0000000

******** <class 'pyscf.mcscf.casci.CASCI'> ********
CAS (1e+1e, 4o), ncore = 7, nvir = 37
natorb = False
canonicalization = True
sorting_mo_energy = False
max_memory 4000 MB (current use 552 MB)
******** <class 'pyscf.fci.direct_spin1.FCISolver'> ********
max. cycles = 200
conv_tol = 1e-08
davidson only = False
linear dependence = 1e-12
level shift = 0.001
max iter space = 12
max_memory 4000 MB
nroots = 1
pspace_size = 400
spin = None
Density matrix diagonal elements [1.93437370e+00 6.56250800e-02 4.85897589e-07 7.38169708e-07]
CASCI converged
CASCI E = -77.9964207066653  E(CI) = -1.21431530088745  S^2 = 0.0000000

******** <class 'pyscf.mcscf.casci.CASCI'> ********
CAS (1e+1e, 4o), ncore = 7, nvir = 37
natorb = False
canonicalization = True
sorting_mo_energy = False
max_memory 4000 MB (current use 552 MB)
******** <class 'pyscf.fci.direct_spin1.FCISolver'> ********
max. cycles = 200
conv_tol = 1e-08
davidson only = False
linear dependence = 1e-12
level shift = 0.001
max iter space = 12
max_memory 4000 MB
nroots = 1
pspace_size = 400
spin = None
Density matrix diagonal elements [1.93437713e+00 6.56205923e-02 4.69165913e-07 1.80395882e-06]
CASCI converged
CASCI E = -77.9964237233815  E(CI) = -1.21431831760368  S^2 = 0.0000000

******** <class 'pyscf.mcscf.casci.CASCI'> ********
CAS (1e+1e, 4o), ncore = 7, nvir = 37
natorb = False
canonicalization = True
sorting_mo_energy = False
max_memory 4000 MB (current use 552 MB)
******** <class 'pyscf.fci.direct_spin1.FCISolver'> ********
max. cycles = 200
conv_tol = 1e-08
davidson only = False
linear dependence = 1e-12
level shift = 0.001
max iter space = 12
max_memory 4000 MB
nroots = 1
pspace_size = 400
spin = None
Density matrix diagonal elements [1.93446306e+00 6.55103746e-02 4.83535848e-07 2.60843897e-05]
CASCI converged
CASCI E = -77.9964898233918  E(CI) = -1.21438441761393  S^2 = 0.0000000

******** <class 'pyscf.mcscf.casci.CASCI'> ********
CAS (1e+1e, 4o), ncore = 7, nvir = 37
natorb = False
canonicalization = True
sorting_mo_energy = False
max_memory 4000 MB (current use 552 MB)
******** <class 'pyscf.fci.direct_spin1.FCISolver'> ********
max. cycles = 200
conv_tol = 1e-08
davidson only = False
linear dependence = 1e-12
level shift = 0.001
max iter space = 12
max_memory 4000 MB
nroots = 1
pspace_size = 400
spin = None
Density matrix diagonal elements [1.93429429e+00 6.56566162e-02 4.86552706e-07 4.86108239e-05]
CASCI converged
CASCI E = -77.9965570483420  E(CI) = -1.21445164256421  S^2 = 0.0000000

******** <class 'pyscf.mcscf.casci.CASCI'> ********
CAS (1e+1e, 4o), ncore = 7, nvir = 37
natorb = False
canonicalization = True
sorting_mo_energy = False
max_memory 4000 MB (current use 552 MB)
******** <class 'pyscf.fci.direct_spin1.FCISolver'> ********
max. cycles = 200
conv_tol = 1e-08
davidson only = False
linear dependence = 1e-12
level shift = 0.001
max iter space = 12
max_memory 4000 MB
nroots = 1
pspace_size = 400
spin = None
Density matrix diagonal elements [1.93437485e+00 6.56230547e-02 4.86436404e-07 1.60714789e-06]
CASCI converged
CASCI E = -77.9964237583135  E(CI) = -1.21431835253564  S^2 = 0.0000000

******** <class 'pyscf.mcscf.casci.CASCI'> ********
CAS (1e+1e, 4o), ncore = 7, nvir = 37
natorb = False
canonicalization = True
sorting_mo_energy = False
max_memory 4000 MB (current use 552 MB)
******** <class 'pyscf.fci.direct_spin1.FCISolver'> ********
max. cycles = 200
conv_tol = 1e-08
davidson only = False
linear dependence = 1e-12
level shift = 0.001
max iter space = 12
max_memory 4000 MB
nroots = 1
pspace_size = 400
spin = None
Density matrix diagonal elements [1.93437478e+00 6.56237692e-02 6.39257482e-07 8.13756260e-07]
CASCI converged
CASCI E = -77.9964216113888  E(CI) = -1.21431620561096  S^2 = 0.0000000

******** <class 'pyscf.mcscf.casci.CASCI'> ********
CAS (1e+1e, 4o), ncore = 7, nvir = 37
natorb = False
canonicalization = True
sorting_mo_energy = False
max_memory 4000 MB (current use 552 MB)
******** <class 'pyscf.fci.direct_spin1.FCISolver'> ********
max. cycles = 200
conv_tol = 1e-08
davidson only = False
linear dependence = 1e-12
level shift = 0.001
max iter space = 12
max_memory 4000 MB
nroots = 1
pspace_size = 400
spin = None
Density matrix diagonal elements [1.93438859e+00 6.56076291e-02 4.81547675e-07 3.30365852e-06]
CASCI converged
CASCI E = -77.9964292678660  E(CI) = -1.21432386208814  S^2 = 0.0000000

******** <class 'pyscf.mcscf.casci.CASCI'> ********
CAS (1e+1e, 4o), ncore = 7, nvir = 37
natorb = False
canonicalization = True
sorting_mo_energy = False
max_memory 4000 MB (current use 552 MB)
******** <class 'pyscf.fci.direct_spin1.FCISolver'> ********
max. cycles = 200
conv_tol = 1e-08
davidson only = False
linear dependence = 1e-12
level shift = 0.001
max iter space = 12
max_memory 4000 MB
nroots = 1
pspace_size = 400
spin = None
Density matrix diagonal elements [1.93437688e+00 6.56212447e-02 4.88123195e-07 1.38234880e-06]
CASCI converged
CASCI E = -77.9964235387998  E(CI) = -1.21431813302196  S^2 = 0.0000000

******** <class 'pyscf.mcscf.casci.CASCI'> ********
CAS (1e+1e, 4o), ncore = 7, nvir = 37
natorb = False
canonicalization = True
sorting_mo_energy = False
max_memory 4000 MB (current use 552 MB)
******** <class 'pyscf.fci.direct_spin1.FCISolver'> ********
max. cycles = 200
conv_tol = 1e-08
davidson only = False
linear dependence = 1e-12
level shift = 0.001
max iter space = 12
max_memory 4000 MB
nroots = 1
pspace_size = 400
spin = None
Density matrix diagonal elements [1.93437467e+00 6.56242520e-02 4.86291964e-07 5.89534491e-07]
CASCI converged
CASCI E = -77.9964209308162  E(CI) = -1.21431552503840  S^2 = 0.0000000

******** <class 'pyscf.mcscf.casci.CASCI'> ********
CAS (1e+1e, 4o), ncore = 7, nvir = 37
natorb = False
canonicalization = True
sorting_mo_energy = False
max_memory 4000 MB (current use 552 MB)
******** <class 'pyscf.fci.direct_spin1.FCISolver'> ********
max. cycles = 200
conv_tol = 1e-08
davidson only = False
linear dependence = 1e-12
level shift = 0.001
max iter space = 12
max_memory 4000 MB
nroots = 1
pspace_size = 400
spin = None
Density matrix diagonal elements [1.93399871e+00 6.59006903e-02 1.27183122e-05 8.78815176e-05]
CASCI converged
CASCI E = -77.9966473978215  E(CI) = -1.21454199204366  S^2 = 0.0000000

******** <class 'pyscf.mcscf.casci.CASCI'> ********
CAS (1e+1e, 4o), ncore = 7, nvir = 37
natorb = False
canonicalization = True
sorting_mo_energy = False
max_memory 4000 MB (current use 552 MB)
******** <class 'pyscf.fci.direct_spin1.FCISolver'> ********
max. cycles = 200
conv_tol = 1e-08
davidson only = False
linear dependence = 1e-12
level shift = 0.001
max iter space = 12
max_memory 4000 MB
nroots = 1
pspace_size = 400
spin = None
Density matrix diagonal elements [1.93440135e+00 6.55770186e-02 1.21093344e-05 9.51719322e-06]
CASCI converged
CASCI E = -77.9964635573614  E(CI) = -1.21435815158355  S^2 = 0.0000000

******** <class 'pyscf.mcscf.casci.CASCI'> ********
CAS (1e+1e, 4o), ncore = 7, nvir = 37
natorb = False
canonicalization = True
sorting_mo_energy = False
max_memory 4000 MB (current use 552 MB)
******** <class 'pyscf.fci.direct_spin1.FCISolver'> ********
max. cycles = 200
conv_tol = 1e-08
davidson only = False
linear dependence = 1e-12
level shift = 0.001
max iter space = 12
max_memory 4000 MB
nroots = 1
pspace_size = 400
spin = None
Density matrix diagonal elements [1.93437899e+00 6.56063868e-02 1.26139177e-05 2.00910045e-06]
CASCI converged
CASCI E = -77.9964475471660  E(CI) = -1.21434214138813  S^2 = 0.0000000

******** <class 'pyscf.mcscf.casci.CASCI'> ********
CAS (1e+1e, 4o), ncore = 7, nvir = 37
natorb = False
canonicalization = True
sorting_mo_energy = False
max_memory 4000 MB (current use 552 MB)
******** <class 'pyscf.fci.direct_spin1.FCISolver'> ********
max. cycles = 200
conv_tol = 1e-08
davidson only = False
linear dependence = 1e-12
level shift = 0.001
max iter space = 12
max_memory 4000 MB
nroots = 1
pspace_size = 400
spin = None
Density matrix diagonal elements [1.93465364e+00 6.51617033e-02 3.24814927e-05 1.52172322e-04]
CASCI converged
CASCI E = -77.9968040647273  E(CI) = -1.21469865894949  S^2 = 0.0000000

******** <class 'pyscf.mcscf.casci.CASCI'> ********
CAS (1e+1e, 4o), ncore = 7, nvir = 37
natorb = False
canonicalization = True
sorting_mo_energy = False
max_memory 4000 MB (current use 552 MB)
******** <class 'pyscf.fci.direct_spin1.FCISolver'> ********
max. cycles = 200
conv_tol = 1e-08
davidson only = False
linear dependence = 1e-12
level shift = 0.001
max iter space = 12
max_memory 4000 MB
nroots = 1
pspace_size = 400
spin = None
Density matrix diagonal elements [1.93428482e+00 6.56608919e-02 1.26275954e-05 4.16590592e-05]
CASCI converged
CASCI E = -77.9965381935657  E(CI) = -1.21443278778791  S^2 = 0.0000000

******** <class 'pyscf.mcscf.casci.CASCI'> ********
CAS (1e+1e, 4o), ncore = 7, nvir = 37
natorb = False
canonicalization = True
sorting_mo_energy = False
max_memory 4000 MB (current use 552 MB)
******** <class 'pyscf.fci.direct_spin1.FCISolver'> ********
max. cycles = 200
conv_tol = 1e-08
davidson only = False
linear dependence = 1e-12
level shift = 0.001
max iter space = 12
max_memory 4000 MB
nroots = 1
pspace_size = 400
spin = None
Density matrix diagonal elements [1.93445015e+00 6.54798132e-02 1.26735725e-05 5.73660031e-05]
CASCI converged
CASCI E = -77.9965816495046  E(CI) = -1.21447624372681  S^2 = 0.0000000

******** <class 'pyscf.mcscf.casci.CASCI'> ********
CAS (1e+1e, 4o), ncore = 7, nvir = 37
natorb = False
canonicalization = True
sorting_mo_energy = False
max_memory 4000 MB (current use 552 MB)
******** <class 'pyscf.fci.direct_spin1.FCISolver'> ********
max. cycles = 200
conv_tol = 1e-08
davidson only = False
linear dependence = 1e-12
level shift = 0.001
max iter space = 12
max_memory 4000 MB
nroots = 1
pspace_size = 400
spin = None
Density matrix diagonal elements [1.93442425e+00 6.55517261e-02 1.26676195e-05 1.13514841e-05]
CASCI converged
CASCI E = -77.9964721356803  E(CI) = -1.21436672990249  S^2 = 0.0000000

******** <class 'pyscf.mcscf.casci.CASCI'> ********
CAS (1e+1e, 4o), ncore = 7, nvir = 37
natorb = False
canonicalization = True
sorting_mo_energy = False
max_memory 4000 MB (current use 552 MB)
******** <class 'pyscf.fci.direct_spin1.FCISolver'> ********
max. cycles = 200
conv_tol = 1e-08
davidson only = False
linear dependence = 1e-12
level shift = 0.001
max iter space = 12
max_memory 4000 MB
nroots = 1
pspace_size = 400
spin = None
Density matrix diagonal elements [1.93437856e+00 6.56080265e-02 1.27010733e-05 7.08176692e-07]
CASCI converged
CASCI E = -77.9964451364986  E(CI) = -1.21433973072071  S^2 = 0.0000000

******** <class 'pyscf.mcscf.casci.CASCI'> ********
CAS (1e+1e, 4o), ncore = 7, nvir = 37
natorb = False
canonicalization = True
sorting_mo_energy = False
max_memory 4000 MB (current use 552 MB)
******** <class 'pyscf.fci.direct_spin1.FCISolver'> ********
max. cycles = 200
conv_tol = 1e-08
davidson only = False
linear dependence = 1e-12
level shift = 0.001
max iter space = 12
max_memory 4000 MB
nroots = 1
pspace_size = 400
spin = None
Density matrix diagonal elements [1.93438204e+00 6.56034298e-02 1.26934220e-05 1.83483256e-06]
CASCI converged
CASCI E = -77.9964485071775  E(CI) = -1.21434310139962  S^2 = 0.0000000

******** <class 'pyscf.mcscf.casci.CASCI'> ********
CAS (1e+1e, 4o), ncore = 7, nvir = 37
natorb = False
canonicalization = True
sorting_mo_energy = False
max_memory 4000 MB (current use 552 MB)
******** <class 'pyscf.fci.direct_spin1.FCISolver'> ********
max. cycles = 200
conv_tol = 1e-08
davidson only = False
linear dependence = 1e-12
level shift = 0.001
max iter space = 12
max_memory 4000 MB
nroots = 1
pspace_size = 400
spin = None
Density matrix diagonal elements [1.93446790e+00 6.54933532e-02 1.26948347e-05 2.60526388e-05]
CASCI converged
CASCI E = -77.9965142470234  E(CI) = -1.21440884124559  S^2 = 0.0000000

******** <class 'pyscf.mcscf.casci.CASCI'> ********
CAS (1e+1e, 4o), ncore = 7, nvir = 37
natorb = False
canonicalization = True
sorting_mo_energy = False
max_memory 4000 MB (current use 552 MB)
******** <class 'pyscf.fci.direct_spin1.FCISolver'> ********
max. cycles = 200
conv_tol = 1e-08
davidson only = False
linear dependence = 1e-12
level shift = 0.001
max iter space = 12
max_memory 4000 MB
nroots = 1
pspace_size = 400
spin = None
Density matrix diagonal elements [1.93429927e+00 6.56394816e-02 1.26781422e-05 4.85666951e-05]
CASCI converged
CASCI E = -77.9965814327500  E(CI) = -1.21447602697215  S^2 = 0.0000000

******** <class 'pyscf.mcscf.casci.CASCI'> ********
CAS (1e+1e, 4o), ncore = 7, nvir = 37
natorb = False
canonicalization = True
sorting_mo_energy = False
max_memory 4000 MB (current use 552 MB)
******** <class 'pyscf.fci.direct_spin1.FCISolver'> ********
max. cycles = 200
conv_tol = 1e-08
davidson only = False
linear dependence = 1e-12
level shift = 0.001
max iter space = 12
max_memory 4000 MB
nroots = 1
pspace_size = 400
spin = None
Density matrix diagonal elements [1.93438125e+00 6.55991888e-02 1.54808591e-05 4.07869629e-06]
CASCI converged
CASCI E = -77.9964606406730  E(CI) = -1.21435523489512  S^2 = 0.0000000

******** <class 'pyscf.mcscf.casci.CASCI'> ********
CAS (1e+1e, 4o), ncore = 7, nvir = 37
natorb = False
canonicalization = True
sorting_mo_energy = False
max_memory 4000 MB (current use 552 MB)
******** <class 'pyscf.fci.direct_spin1.FCISolver'> ********
max. cycles = 200
conv_tol = 1e-08
davidson only = False
linear dependence = 1e-12
level shift = 0.001
max iter space = 12
max_memory 4000 MB
nroots = 1
pspace_size = 400
spin = None
Density matrix diagonal elements [1.93437908e+00 6.56075426e-02 1.27237508e-05 6.56741732e-07]
CASCI converged
CASCI E = -77.9964453560087  E(CI) = -1.21433995023084  S^2 = 0.0000000

******** <class 'pyscf.mcscf.casci.CASCI'> ********
CAS (1e+1e, 4o), ncore = 7, nvir = 37
natorb = False
canonicalization = True
sorting_mo_energy = False
max_memory 4000 MB (current use 552 MB)
******** <class 'pyscf.fci.direct_spin1.FCISolver'> ********
max. cycles = 200
conv_tol = 1e-08
davidson only = False
linear dependence = 1e-12
level shift = 0.001
max iter space = 12
max_memory 4000 MB
nroots = 1
pspace_size = 400
spin = None
Density matrix diagonal elements [1.93439346e+00 6.55905223e-02 1.27207901e-05 3.29403285e-06]
CASCI converged
CASCI E = -77.9964537471783  E(CI) = -1.21434834140044  S^2 = 0.0000000

******** <class 'pyscf.mcscf.casci.CASCI'> ********
CAS (1e+1e, 4o), ncore = 7, nvir = 37
natorb = False
canonicalization = True
sorting_mo_energy = False
max_memory 4000 MB (current use 552 MB)
******** <class 'pyscf.fci.direct_spin1.FCISolver'> ********
max. cycles = 200
conv_tol = 1e-08
davidson only = False
linear dependence = 1e-12
level shift = 0.001
max iter space = 12
max_memory 4000 MB
nroots = 1
pspace_size = 400
spin = None
Density matrix diagonal elements [1.93438174e+00 6.56042213e-02 1.26898686e-05 1.35166379e-06]
CASCI converged
CASCI E = -77.9964479420106  E(CI) = -1.21434253623273  S^2 = 0.0000000

******** <class 'pyscf.mcscf.casci.CASCI'> ********
CAS (1e+1e, 4o), ncore = 7, nvir = 37
natorb = False
canonicalization = True
sorting_mo_energy = False
max_memory 4000 MB (current use 552 MB)
******** <class 'pyscf.fci.direct_spin1.FCISolver'> ********
max. cycles = 200
conv_tol = 1e-08
davidson only = False
linear dependence = 1e-12
level shift = 0.001
max iter space = 12
max_memory 4000 MB
nroots = 1
pspace_size = 400
spin = None
Density matrix diagonal elements [1.93437956e+00 6.56071246e-02 1.27343041e-05 5.85944044e-07]
CASCI converged
CASCI E = -77.9964454273686  E(CI) = -1.21434002159070  S^2 = 0.0000000

******** <class 'pyscf.mcscf.casci.CASCI'> ********
CAS (1e+1e, 4o), ncore = 7, nvir = 37
natorb = False
canonicalization = True
sorting_mo_energy = False
max_memory 4000 MB (current use 552 MB)
******** <class 'pyscf.fci.direct_spin1.FCISolver'> ********
max. cycles = 200
conv_tol = 1e-08
davidson only = False
linear dependence = 1e-12
level shift = 0.001
max iter space = 12
max_memory 4000 MB
nroots = 1
pspace_size = 400
spin = None
Density matrix diagonal elements [1.93401757e+00 6.58847124e-02 8.77620882e-05 9.95937659e-06]
CASCI converged
CASCI E = -77.9966432019721  E(CI) = -1.21453779619428  S^2 = 0.0000000

******** <class 'pyscf.mcscf.casci.CASCI'> ********
CAS (1e+1e, 4o), ncore = 7, nvir = 37
natorb = False
canonicalization = True
sorting_mo_energy = False
max_memory 4000 MB (current use 552 MB)
******** <class 'pyscf.fci.direct_spin1.FCISolver'> ********
max. cycles = 200
conv_tol = 1e-08
davidson only = False
linear dependence = 1e-12
level shift = 0.001
max iter space = 12
max_memory 4000 MB
nroots = 1
pspace_size = 400
spin = None
Density matrix diagonal elements [1.93399452e+00 6.59154020e-02 8.79245842e-05 2.15159265e-06]
CASCI converged
CASCI E = -77.9966265362637  E(CI) = -1.21452113048582  S^2 = 0.0000000

******** <class 'pyscf.mcscf.casci.CASCI'> ********
CAS (1e+1e, 4o), ncore = 7, nvir = 37
natorb = False
canonicalization = True
sorting_mo_energy = False
max_memory 4000 MB (current use 552 MB)
******** <class 'pyscf.fci.direct_spin1.FCISolver'> ********
max. cycles = 200
conv_tol = 1e-08
davidson only = False
linear dependence = 1e-12
level shift = 0.001
max iter space = 12
max_memory 4000 MB
nroots = 1
pspace_size = 400
spin = None
Density matrix diagonal elements [1.93425576e+00 6.55265878e-02 8.67682828e-05 1.30888384e-04]
CASCI converged
CASCI E = -77.9969002436582  E(CI) = -1.21479483788033  S^2 = 0.0000000

******** <class 'pyscf.mcscf.casci.CASCI'> ********
CAS (1e+1e, 4o), ncore = 7, nvir = 37
natorb = False
canonicalization = True
sorting_mo_energy = False
max_memory 4000 MB (current use 552 MB)
******** <class 'pyscf.fci.direct_spin1.FCISolver'> ********
max. cycles = 200
conv_tol = 1e-08
davidson only = False
linear dependence = 1e-12
level shift = 0.001
max iter space = 12
max_memory 4000 MB
nroots = 1
pspace_size = 400
spin = None
Density matrix diagonal elements [1.93388182e+00 6.59867177e-02 8.87422418e-05 4.27151335e-05]
CASCI converged
CASCI E = -77.9967192360008  E(CI) = -1.21461383022294  S^2 = 0.0000000

******** <class 'pyscf.mcscf.casci.CASCI'> ********
CAS (1e+1e, 4o), ncore = 7, nvir = 37
natorb = False
canonicalization = True
sorting_mo_energy = False
max_memory 4000 MB (current use 552 MB)
******** <class 'pyscf.fci.direct_spin1.FCISolver'> ********
max. cycles = 200
conv_tol = 1e-08
davidson only = False
linear dependence = 1e-12
level shift = 0.001
max iter space = 12
max_memory 4000 MB
nroots = 1
pspace_size = 400
spin = None
Density matrix diagonal elements [1.93406477e+00 6.57903805e-02 8.76268436e-05 5.72238336e-05]
CASCI converged
CASCI E = -77.9967599819891  E(CI) = -1.21465457621130  S^2 = 0.0000000

******** <class 'pyscf.mcscf.casci.CASCI'> ********
CAS (1e+1e, 4o), ncore = 7, nvir = 37
natorb = False
canonicalization = True
sorting_mo_energy = False
max_memory 4000 MB (current use 552 MB)
******** <class 'pyscf.fci.direct_spin1.FCISolver'> ********
max. cycles = 200
conv_tol = 1e-08
davidson only = False
linear dependence = 1e-12
level shift = 0.001
max iter space = 12
max_memory 4000 MB
nroots = 1
pspace_size = 400
spin = None
Density matrix diagonal elements [1.93404024e+00 6.58607393e-02 8.77532998e-05 1.12722193e-05]
CASCI converged
CASCI E = -77.9966506182543  E(CI) = -1.21454521247645  S^2 = 0.0000000

******** <class 'pyscf.mcscf.casci.CASCI'> ********
CAS (1e+1e, 4o), ncore = 7, nvir = 37
natorb = False
canonicalization = True
sorting_mo_energy = False
max_memory 4000 MB (current use 552 MB)
******** <class 'pyscf.fci.direct_spin1.FCISolver'> ********
max. cycles = 200
conv_tol = 1e-08
davidson only = False
linear dependence = 1e-12
level shift = 0.001
max iter space = 12
max_memory 4000 MB
nroots = 1
pspace_size = 400
spin = None
Density matrix diagonal elements [1.93399420e+00 6.59171460e-02 8.79092685e-05 7.42062235e-07]
CASCI converged
CASCI E = -77.9966239102697  E(CI) = -1.21451850449182  S^2 = 0.0000000

******** <class 'pyscf.mcscf.casci.CASCI'> ********
CAS (1e+1e, 4o), ncore = 7, nvir = 37
natorb = False
canonicalization = True
sorting_mo_energy = False
max_memory 4000 MB (current use 552 MB)
******** <class 'pyscf.fci.direct_spin1.FCISolver'> ********
max. cycles = 200
conv_tol = 1e-08
davidson only = False
linear dependence = 1e-12
level shift = 0.001
max iter space = 12
max_memory 4000 MB
nroots = 1
pspace_size = 400
spin = None
Density matrix diagonal elements [1.93399769e+00 6.59125801e-02 8.79074162e-05 1.81839067e-06]
CASCI converged
CASCI E = -77.9966269570841  E(CI) = -1.21452155130629  S^2 = 0.0000000

******** <class 'pyscf.mcscf.casci.CASCI'> ********
CAS (1e+1e, 4o), ncore = 7, nvir = 37
natorb = False
canonicalization = True
sorting_mo_energy = False
max_memory 4000 MB (current use 552 MB)
******** <class 'pyscf.fci.direct_spin1.FCISolver'> ********
max. cycles = 200
conv_tol = 1e-08
davidson only = False
linear dependence = 1e-12
level shift = 0.001
max iter space = 12
max_memory 4000 MB
nroots = 1
pspace_size = 400
spin = None
Density matrix diagonal elements [1.93408352e+00 6.58031897e-02 8.75081473e-05 2.57779771e-05]
CASCI converged
CASCI E = -77.9966921797860  E(CI) = -1.21458677400811  S^2 = 0.0000000

******** <class 'pyscf.mcscf.casci.CASCI'> ********
CAS (1e+1e, 4o), ncore = 7, nvir = 37
natorb = False
canonicalization = True
sorting_mo_energy = False
max_memory 4000 MB (current use 552 MB)
******** <class 'pyscf.fci.direct_spin1.FCISolver'> ********
max. cycles = 200
conv_tol = 1e-08
davidson only = False
linear dependence = 1e-12
level shift = 0.001
max iter space = 12
max_memory 4000 MB
nroots = 1
pspace_size = 400
spin = None
Density matrix diagonal elements [1.93393033e+00 6.59189881e-02 9.52626922e-05 5.54221283e-05]
CASCI converged
CASCI E = -77.9967900484267  E(CI) = -1.21468464264886  S^2 = 0.0000000

******** <class 'pyscf.mcscf.casci.CASCI'> ********
CAS (1e+1e, 4o), ncore = 7, nvir = 37
natorb = False
canonicalization = True
sorting_mo_energy = False
max_memory 4000 MB (current use 552 MB)
******** <class 'pyscf.fci.direct_spin1.FCISolver'> ********
max. cycles = 200
conv_tol = 1e-08
davidson only = False
linear dependence = 1e-12
level shift = 0.001
max iter space = 12
max_memory 4000 MB
nroots = 1
pspace_size = 400
spin = None
Density matrix diagonal elements [1.93399534e+00 6.59151354e-02 8.79105001e-05 1.61139865e-06]
CASCI converged
CASCI E = -77.9966269648920  E(CI) = -1.21452155911413  S^2 = 0.0000000

******** <class 'pyscf.mcscf.casci.CASCI'> ********
CAS (1e+1e, 4o), ncore = 7, nvir = 37
natorb = False
canonicalization = True
sorting_mo_energy = False
max_memory 4000 MB (current use 552 MB)
******** <class 'pyscf.fci.direct_spin1.FCISolver'> ********
max. cycles = 200
conv_tol = 1e-08
davidson only = False
linear dependence = 1e-12
level shift = 0.001
max iter space = 12
max_memory 4000 MB
nroots = 1
pspace_size = 400
spin = None
Density matrix diagonal elements [1.93399474e+00 6.59166869e-02 8.79081638e-05 6.69105370e-07]
CASCI converged
CASCI E = -77.9966240790227  E(CI) = -1.21451867324481  S^2 = 0.0000000

******** <class 'pyscf.mcscf.casci.CASCI'> ********
CAS (1e+1e, 4o), ncore = 7, nvir = 37
natorb = False
canonicalization = True
sorting_mo_energy = False
max_memory 4000 MB (current use 552 MB)
******** <class 'pyscf.fci.direct_spin1.FCISolver'> ********
max. cycles = 200
conv_tol = 1e-08
davidson only = False
linear dependence = 1e-12
level shift = 0.001
max iter space = 12
max_memory 4000 MB
nroots = 1
pspace_size = 400
spin = None
Density matrix diagonal elements [1.93400916e+00 6.58996481e-02 8.78941355e-05 3.29871455e-06]
CASCI converged
CASCI E = -77.9966324456533  E(CI) = -1.21452703987546  S^2 = 0.0000000

******** <class 'pyscf.mcscf.casci.CASCI'> ********
CAS (1e+1e, 4o), ncore = 7, nvir = 37
natorb = False
canonicalization = True
sorting_mo_energy = False
max_memory 4000 MB (current use 552 MB)
******** <class 'pyscf.fci.direct_spin1.FCISolver'> ********
max. cycles = 200
conv_tol = 1e-08
davidson only = False
linear dependence = 1e-12
level shift = 0.001
max iter space = 12
max_memory 4000 MB
nroots = 1
pspace_size = 400
spin = None
Density matrix diagonal elements [1.93399744e+00 6.59132937e-02 8.78941972e-05 1.37366244e-06]
CASCI converged
CASCI E = -77.9966267018988  E(CI) = -1.21452129612098  S^2 = 0.0000000

******** <class 'pyscf.mcscf.casci.CASCI'> ********
CAS (1e+1e, 4o), ncore = 7, nvir = 37
natorb = False
canonicalization = True
sorting_mo_energy = False
max_memory 4000 MB (current use 552 MB)
******** <class 'pyscf.fci.direct_spin1.FCISolver'> ********
max. cycles = 200
conv_tol = 1e-08
davidson only = False
linear dependence = 1e-12
level shift = 0.001
max iter space = 12
max_memory 4000 MB
nroots = 1
pspace_size = 400
spin = None
Density matrix diagonal elements [1.93399521e+00 6.59162814e-02 8.79124028e-05 5.93309389e-07]
CASCI converged
CASCI E = -77.9966241380696  E(CI) = -1.21451873229179  S^2 = 0.0000000

******** <class 'pyscf.mcscf.casci.CASCI'> ********
CAS (1e+1e, 4o), ncore = 7, nvir = 37
natorb = False
canonicalization = True
sorting_mo_energy = False
max_memory 4000 MB (current use 552 MB)
******** <class 'pyscf.fci.direct_spin1.FCISolver'> ********
max. cycles = 200
conv_tol = 1e-08
davidson only = False
linear dependence = 1e-12
level shift = 0.001
max iter space = 12
max_memory 4000 MB
nroots = 1
pspace_size = 400
spin = None
Density matrix diagonal elements [1.93439747e+00 6.55905164e-02 9.99569430e-06 2.01321918e-06]
CASCI converged
CASCI E = -77.9964436385929  E(CI) = -1.21433823281501  S^2 = 0.0000000

******** <class 'pyscf.mcscf.casci.CASCI'> ********
CAS (1e+1e, 4o), ncore = 7, nvir = 37
natorb = False
canonicalization = True
sorting_mo_energy = False
max_memory 4000 MB (current use 552 MB)
******** <class 'pyscf.fci.direct_spin1.FCISolver'> ********
max. cycles = 200
conv_tol = 1e-08
davidson only = False
linear dependence = 1e-12
level shift = 0.001
max iter space = 12
max_memory 4000 MB
nroots = 1
pspace_size = 400
spin = None
Density matrix diagonal elements [1.93465478e+00 6.52035548e-02 9.82399555e-06 1.31838811e-04]
CASCI converged
CASCI E = -77.9967196564364  E(CI) = -1.21461425065856  S^2 = 0.0000000

******** <class 'pyscf.mcscf.casci.CASCI'> ********
CAS (1e+1e, 4o), ncore = 7, nvir = 37
natorb = False
canonicalization = True
sorting_mo_energy = False
max_memory 4000 MB (current use 552 MB)
******** <class 'pyscf.fci.direct_spin1.FCISolver'> ********
max. cycles = 200
conv_tol = 1e-08
davidson only = False
linear dependence = 1e-12
level shift = 0.001
max iter space = 12
max_memory 4000 MB
nroots = 1
pspace_size = 400
spin = None
Density matrix diagonal elements [1.93430311e+00 6.56451398e-02 1.00494116e-05 4.17010411e-05]
CASCI converged
CASCI E = -77.9965343720462  E(CI) = -1.21442896626839  S^2 = 0.0000000

******** <class 'pyscf.mcscf.casci.CASCI'> ********
CAS (1e+1e, 4o), ncore = 7, nvir = 37
natorb = False
canonicalization = True
sorting_mo_energy = False
max_memory 4000 MB (current use 552 MB)
******** <class 'pyscf.fci.direct_spin1.FCISolver'> ********
max. cycles = 200
conv_tol = 1e-08
davidson only = False
linear dependence = 1e-12
level shift = 0.001
max iter space = 12
max_memory 4000 MB
nroots = 1
pspace_size = 400
spin = None
Density matrix diagonal elements [1.93446867e+00 6.54638963e-02 1.00560579e-05 5.73734106e-05]
CASCI converged
CASCI E = -77.9965777499732  E(CI) = -1.21447234419537  S^2 = 0.0000000

******** <class 'pyscf.mcscf.casci.CASCI'> ********
CAS (1e+1e, 4o), ncore = 7, nvir = 37
natorb = False
canonicalization = True
sorting_mo_energy = False
max_memory 4000 MB (current use 552 MB)
******** <class 'pyscf.fci.direct_spin1.FCISolver'> ********
max. cycles = 200
conv_tol = 1e-08
davidson only = False
linear dependence = 1e-12
level shift = 0.001
max iter space = 12
max_memory 4000 MB
nroots = 1
pspace_size = 400
spin = None
Density matrix diagonal elements [1.93448875e+00 6.54747395e-02 1.76343469e-05 1.88776956e-05]
CASCI converged
CASCI E = -77.9965022047521  E(CI) = -1.21439679897421  S^2 = 0.0000000

******** <class 'pyscf.mcscf.casci.CASCI'> ********
CAS (1e+1e, 4o), ncore = 7, nvir = 37
natorb = False
canonicalization = True
sorting_mo_energy = False
max_memory 4000 MB (current use 552 MB)
******** <class 'pyscf.fci.direct_spin1.FCISolver'> ********
max. cycles = 200
conv_tol = 1e-08
davidson only = False
linear dependence = 1e-12
level shift = 0.001
max iter space = 12
max_memory 4000 MB
nroots = 1
pspace_size = 400
spin = None
Density matrix diagonal elements [1.93439710e+00 6.55921491e-02 1.00565980e-05 6.94338401e-07]
CASCI converged
CASCI E = -77.9964411821667  E(CI) = -1.21433577638886  S^2 = 0.0000000

******** <class 'pyscf.mcscf.casci.CASCI'> ********
CAS (1e+1e, 4o), ncore = 7, nvir = 37
natorb = False
canonicalization = True
sorting_mo_energy = False
max_memory 4000 MB (current use 552 MB)
******** <class 'pyscf.fci.direct_spin1.FCISolver'> ********
max. cycles = 200
conv_tol = 1e-08
davidson only = False
linear dependence = 1e-12
level shift = 0.001
max iter space = 12
max_memory 4000 MB
nroots = 1
pspace_size = 400
spin = None
Density matrix diagonal elements [1.93440061e+00 6.55875270e-02 1.00766903e-05 1.79010837e-06]
CASCI converged
CASCI E = -77.9964442781175  E(CI) = -1.21433887233960  S^2 = 0.0000000

******** <class 'pyscf.mcscf.casci.CASCI'> ********
CAS (1e+1e, 4o), ncore = 7, nvir = 37
natorb = False
canonicalization = True
sorting_mo_energy = False
max_memory 4000 MB (current use 552 MB)
******** <class 'pyscf.fci.direct_spin1.FCISolver'> ********
max. cycles = 200
conv_tol = 1e-08
davidson only = False
linear dependence = 1e-12
level shift = 0.001
max iter space = 12
max_memory 4000 MB
nroots = 1
pspace_size = 400
spin = None
Density matrix diagonal elements [1.93448646e+00 6.54774050e-02 1.00767798e-05 2.60598241e-05]
CASCI converged
CASCI E = -77.9965103492668  E(CI) = -1.21440494348894  S^2 = 0.0000000

******** <class 'pyscf.mcscf.casci.CASCI'> ********
CAS (1e+1e, 4o), ncore = 7, nvir = 37
natorb = False
canonicalization = True
sorting_mo_energy = False
max_memory 4000 MB (current use 552 MB)
******** <class 'pyscf.fci.direct_spin1.FCISolver'> ********
max. cycles = 200
conv_tol = 1e-08
davidson only = False
linear dependence = 1e-12
level shift = 0.001
max iter space = 12
max_memory 4000 MB
nroots = 1
pspace_size = 400
spin = None
Density matrix diagonal elements [1.93431808e+00 6.56234799e-02 9.94592708e-06 4.84895232e-05]
CASCI converged
CASCI E = -77.9965772886054  E(CI) = -1.21447188282755  S^2 = 0.0000000

******** <class 'pyscf.mcscf.casci.CASCI'> ********
CAS (1e+1e, 4o), ncore = 7, nvir = 37
natorb = False
canonicalization = True
sorting_mo_energy = False
max_memory 4000 MB (current use 552 MB)
******** <class 'pyscf.fci.direct_spin1.FCISolver'> ********
max. cycles = 200
conv_tol = 1e-08
davidson only = False
linear dependence = 1e-12
level shift = 0.001
max iter space = 12
max_memory 4000 MB
nroots = 1
pspace_size = 400
spin = None
Density matrix diagonal elements [1.93439830e+00 6.55900366e-02 1.00771705e-05 1.58396577e-06]
CASCI converged
CASCI E = -77.9964442784265  E(CI) = -1.21433887264864  S^2 = 0.0000000

******** <class 'pyscf.mcscf.casci.CASCI'> ********
CAS (1e+1e, 4o), ncore = 7, nvir = 37
natorb = False
canonicalization = True
sorting_mo_energy = False
max_memory 4000 MB (current use 552 MB)
******** <class 'pyscf.fci.direct_spin1.FCISolver'> ********
max. cycles = 200
conv_tol = 1e-08
davidson only = False
linear dependence = 1e-12
level shift = 0.001
max iter space = 12
max_memory 4000 MB
nroots = 1
pspace_size = 400
spin = None
Density matrix diagonal elements [1.93439767e+00 6.55915801e-02 1.00967183e-05 6.58099696e-07]
CASCI converged
CASCI E = -77.9964414430566  E(CI) = -1.21433603727873  S^2 = 0.0000000

******** <class 'pyscf.mcscf.casci.CASCI'> ********
CAS (1e+1e, 4o), ncore = 7, nvir = 37
natorb = False
canonicalization = True
sorting_mo_energy = False
max_memory 4000 MB (current use 552 MB)
******** <class 'pyscf.fci.direct_spin1.FCISolver'> ********
max. cycles = 200
conv_tol = 1e-08
davidson only = False
linear dependence = 1e-12
level shift = 0.001
max iter space = 12
max_memory 4000 MB
nroots = 1
pspace_size = 400
spin = None
Density matrix diagonal elements [1.93442527e+00 6.55585395e-02 1.14634945e-05 4.72358690e-06]
CASCI converged
CASCI E = -77.9964574167261  E(CI) = -1.21435201094829  S^2 = 0.0000000

******** <class 'pyscf.mcscf.casci.CASCI'> ********
CAS (1e+1e, 4o), ncore = 7, nvir = 37
natorb = False
canonicalization = True
sorting_mo_energy = False
max_memory 4000 MB (current use 552 MB)
******** <class 'pyscf.fci.direct_spin1.FCISolver'> ********
max. cycles = 200
conv_tol = 1e-08
davidson only = False
linear dependence = 1e-12
level shift = 0.001
max iter space = 12
max_memory 4000 MB
nroots = 1
pspace_size = 400
spin = None
Density matrix diagonal elements [1.93441269e+00 6.55708443e-02 1.27746179e-05 3.69275679e-06]
CASCI converged
CASCI E = -77.9964568034303  E(CI) = -1.21435139765246  S^2 = 0.0000000

******** <class 'pyscf.mcscf.casci.CASCI'> ********
CAS (1e+1e, 4o), ncore = 7, nvir = 37
natorb = False
canonicalization = True
sorting_mo_energy = False
max_memory 4000 MB (current use 552 MB)
******** <class 'pyscf.fci.direct_spin1.FCISolver'> ********
max. cycles = 200
conv_tol = 1e-08
davidson only = False
linear dependence = 1e-12
level shift = 0.001
max iter space = 12
max_memory 4000 MB
nroots = 1
pspace_size = 400
spin = None
Density matrix diagonal elements [1.93439815e+00 6.55911503e-02 1.01072240e-05 5.87462132e-07]
CASCI converged
CASCI E = -77.9964415157054  E(CI) = -1.21433610992754  S^2 = 0.0000000

******** <class 'pyscf.mcscf.casci.CASCI'> ********
CAS (1e+1e, 4o), ncore = 7, nvir = 37
natorb = False
canonicalization = True
sorting_mo_energy = False
max_memory 4000 MB (current use 552 MB)
******** <class 'pyscf.fci.direct_spin1.FCISolver'> ********
max. cycles = 200
conv_tol = 1e-08
davidson only = False
linear dependence = 1e-12
level shift = 0.001
max iter space = 12
max_memory 4000 MB
nroots = 1
pspace_size = 400
spin = None
Density matrix diagonal elements [1.93463249e+00 6.52334246e-02 2.04492206e-06 1.32040739e-04]
CASCI converged
CASCI E = -77.9967030513473  E(CI) = -1.21459764556940  S^2 = 0.0000000

******** <class 'pyscf.mcscf.casci.CASCI'> ********
CAS (1e+1e, 4o), ncore = 7, nvir = 37
natorb = False
canonicalization = True
sorting_mo_energy = False
max_memory 4000 MB (current use 552 MB)
******** <class 'pyscf.fci.direct_spin1.FCISolver'> ********
max. cycles = 200
conv_tol = 1e-08
davidson only = False
linear dependence = 1e-12
level shift = 0.001
max iter space = 12
max_memory 4000 MB
nroots = 1
pspace_size = 400
spin = None
Density matrix diagonal elements [1.93428051e+00 6.56756801e-02 2.08718866e-06 4.17190103e-05]
CASCI converged
CASCI E = -77.9965173764335  E(CI) = -1.21441197065568  S^2 = 0.0000000

******** <class 'pyscf.mcscf.casci.CASCI'> ********
CAS (1e+1e, 4o), ncore = 7, nvir = 37
natorb = False
canonicalization = True
sorting_mo_energy = False
max_memory 4000 MB (current use 552 MB)
******** <class 'pyscf.fci.direct_spin1.FCISolver'> ********
max. cycles = 200
conv_tol = 1e-08
davidson only = False
linear dependence = 1e-12
level shift = 0.001
max iter space = 12
max_memory 4000 MB
nroots = 1
pspace_size = 400
spin = None
Density matrix diagonal elements [1.93444603e+00 6.54945309e-02 2.07013474e-06 5.73695508e-05]
CASCI converged
CASCI E = -77.9965607034531  E(CI) = -1.21445529767529  S^2 = 0.0000000

******** <class 'pyscf.mcscf.casci.CASCI'> ********
CAS (1e+1e, 4o), ncore = 7, nvir = 37
natorb = False
canonicalization = True
sorting_mo_energy = False
max_memory 4000 MB (current use 552 MB)
******** <class 'pyscf.fci.direct_spin1.FCISolver'> ********
max. cycles = 200
conv_tol = 1e-08
davidson only = False
linear dependence = 1e-12
level shift = 0.001
max iter space = 12
max_memory 4000 MB
nroots = 1
pspace_size = 400
spin = None
Density matrix diagonal elements [1.93442020e+00 6.55662811e-02 2.11653995e-06 1.13982854e-05]
CASCI converged
CASCI E = -77.9964513016529  E(CI) = -1.21434589587507  S^2 = 0.0000000

******** <class 'pyscf.mcscf.casci.CASCI'> ********
CAS (1e+1e, 4o), ncore = 7, nvir = 37
natorb = False
canonicalization = True
sorting_mo_energy = False
max_memory 4000 MB (current use 552 MB)
******** <class 'pyscf.fci.direct_spin1.FCISolver'> ********
max. cycles = 200
conv_tol = 1e-08
davidson only = False
linear dependence = 1e-12
level shift = 0.001
max iter space = 12
max_memory 4000 MB
nroots = 1
pspace_size = 400
spin = None
Density matrix diagonal elements [1.93437443e+00 6.56227890e-02 2.08410559e-06 7.01727699e-07]
CASCI converged
CASCI E = -77.9964241655590  E(CI) = -1.21431875978121  S^2 = 0.0000000

******** <class 'pyscf.mcscf.casci.CASCI'> ********
CAS (1e+1e, 4o), ncore = 7, nvir = 37
natorb = False
canonicalization = True
sorting_mo_energy = False
max_memory 4000 MB (current use 552 MB)
******** <class 'pyscf.fci.direct_spin1.FCISolver'> ********
max. cycles = 200
conv_tol = 1e-08
davidson only = False
linear dependence = 1e-12
level shift = 0.001
max iter space = 12
max_memory 4000 MB
nroots = 1
pspace_size = 400
spin = None
Density matrix diagonal elements [1.93437794e+00 6.56181285e-02 2.12271840e-06 1.81132792e-06]
CASCI converged
CASCI E = -77.9964273009364  E(CI) = -1.21432189515856  S^2 = 0.0000000

******** <class 'pyscf.mcscf.casci.CASCI'> ********
CAS (1e+1e, 4o), ncore = 7, nvir = 37
natorb = False
canonicalization = True
sorting_mo_energy = False
max_memory 4000 MB (current use 552 MB)
******** <class 'pyscf.fci.direct_spin1.FCISolver'> ********
max. cycles = 200
conv_tol = 1e-08
davidson only = False
linear dependence = 1e-12
level shift = 0.001
max iter space = 12
max_memory 4000 MB
nroots = 1
pspace_size = 400
spin = None
Density matrix diagonal elements [1.93446381e+00 6.55080141e-02 2.10785257e-06 2.60695210e-05]
CASCI converged
CASCI E = -77.9964933395108  E(CI) = -1.21438793373294  S^2 = 0.0000000

******** <class 'pyscf.mcscf.casci.CASCI'> ********
CAS (1e+1e, 4o), ncore = 7, nvir = 37
natorb = False
canonicalization = True
sorting_mo_energy = False
max_memory 4000 MB (current use 552 MB)
******** <class 'pyscf.fci.direct_spin1.FCISolver'> ********
max. cycles = 200
conv_tol = 1e-08
davidson only = False
linear dependence = 1e-12
level shift = 0.001
max iter space = 12
max_memory 4000 MB
nroots = 1
pspace_size = 400
spin = None
Density matrix diagonal elements [1.93429505e+00 6.56542415e-02 2.11037065e-06 4.85960903e-05]
CASCI converged
CASCI E = -77.9965605636974  E(CI) = -1.21445515791952  S^2 = 0.0000000

******** <class 'pyscf.mcscf.casci.CASCI'> ********
CAS (1e+1e, 4o), ncore = 7, nvir = 37
natorb = False
canonicalization = True
sorting_mo_energy = False
max_memory 4000 MB (current use 552 MB)
******** <class 'pyscf.fci.direct_spin1.FCISolver'> ********
max. cycles = 200
conv_tol = 1e-08
davidson only = False
linear dependence = 1e-12
level shift = 0.001
max iter space = 12
max_memory 4000 MB
nroots = 1
pspace_size = 400
spin = None
Density matrix diagonal elements [1.93437561e+00 6.56207044e-02 2.10027381e-06 1.58703917e-06]
CASCI converged
CASCI E = -77.9964272519390  E(CI) = -1.21432184616114  S^2 = 0.0000000

******** <class 'pyscf.mcscf.casci.CASCI'> ********
CAS (1e+1e, 4o), ncore = 7, nvir = 37
natorb = False
canonicalization = True
sorting_mo_energy = False
max_memory 4000 MB (current use 552 MB)
******** <class 'pyscf.fci.direct_spin1.FCISolver'> ********
max. cycles = 200
conv_tol = 1e-08
davidson only = False
linear dependence = 1e-12
level shift = 0.001
max iter space = 12
max_memory 4000 MB
nroots = 1
pspace_size = 400
spin = None
Density matrix diagonal elements [1.93437589e+00 6.56208235e-02 2.38675540e-06 9.02641154e-07]
CASCI converged
CASCI E = -77.9964256373839  E(CI) = -1.21432023160602  S^2 = 0.0000000

******** <class 'pyscf.mcscf.casci.CASCI'> ********
CAS (1e+1e, 4o), ncore = 7, nvir = 37
natorb = False
canonicalization = True
sorting_mo_energy = False
max_memory 4000 MB (current use 552 MB)
******** <class 'pyscf.fci.direct_spin1.FCISolver'> ********
max. cycles = 200
conv_tol = 1e-08
davidson only = False
linear dependence = 1e-12
level shift = 0.001
max iter space = 12
max_memory 4000 MB
nroots = 1
pspace_size = 400
spin = None
Density matrix diagonal elements [1.93438936e+00 6.56052229e-02 2.12038892e-06 3.30059531e-06]
CASCI converged
CASCI E = -77.9964328148623  E(CI) = -1.21432740908449  S^2 = 0.0000000

******** <class 'pyscf.mcscf.casci.CASCI'> ********
CAS (1e+1e, 4o), ncore = 7, nvir = 37
natorb = False
canonicalization = True
sorting_mo_energy = False
max_memory 4000 MB (current use 552 MB)
******** <class 'pyscf.fci.direct_spin1.FCISolver'> ********
max. cycles = 200
conv_tol = 1e-08
davidson only = False
linear dependence = 1e-12
level shift = 0.001
max iter space = 12
max_memory 4000 MB
nroots = 1
pspace_size = 400
spin = None
Density matrix diagonal elements [1.93437764e+00 6.56188675e-02 2.11784386e-06 1.37408606e-06]
CASCI converged
CASCI E = -77.9964270667548  E(CI) = -1.21432166097694  S^2 = 0.0000000

******** <class 'pyscf.mcscf.casci.CASCI'> ********
CAS (1e+1e, 4o), ncore = 7, nvir = 37
natorb = False
canonicalization = True
sorting_mo_energy = False
max_memory 4000 MB (current use 552 MB)
******** <class 'pyscf.fci.direct_spin1.FCISolver'> ********
max. cycles = 200
conv_tol = 1e-08
davidson only = False
linear dependence = 1e-12
level shift = 0.001
max iter space = 12
max_memory 4000 MB
nroots = 1
pspace_size = 400
spin = None
Density matrix diagonal elements [1.93437542e+00 6.56218899e-02 2.11172207e-06 5.79272830e-07]
CASCI converged
CASCI E = -77.9964244492464  E(CI) = -1.21431904346856  S^2 = 0.0000000

******** <class 'pyscf.mcscf.casci.CASCI'> ********
CAS (1e+1e, 4o), ncore = 7, nvir = 37
natorb = False
canonicalization = True
sorting_mo_energy = False
max_memory 4000 MB (current use 552 MB)
******** <class 'pyscf.fci.direct_spin1.FCISolver'> ********
max. cycles = 200
conv_tol = 1e-08
davidson only = False
linear dependence = 1e-12
level shift = 0.001
max iter space = 12
max_memory 4000 MB
nroots = 1
pspace_size = 400
spin = None
Density matrix diagonal elements [1.93453471e+00 6.52911611e-02 1.32251922e-04 4.18735922e-05]
CASCI converged
CASCI E = -77.9967941142602  E(CI) = -1.21468870848237  S^2 = 0.0000000

******** <class 'pyscf.mcscf.casci.CASCI'> ********
CAS (1e+1e, 4o), ncore = 7, nvir = 37
natorb = False
canonicalization = True
sorting_mo_energy = False
max_memory 4000 MB (current use 552 MB)
******** <class 'pyscf.fci.direct_spin1.FCISolver'> ********
max. cycles = 200
conv_tol = 1e-08
davidson only = False
linear dependence = 1e-12
level shift = 0.001
max iter space = 12
max_memory 4000 MB
nroots = 1
pspace_size = 400
spin = None
Density matrix diagonal elements [1.93470300e+00 6.51080966e-02 1.31783225e-04 5.71208925e-05]
CASCI converged
CASCI E = -77.9968364917642  E(CI) = -1.21473108598637  S^2 = 0.0000000

******** <class 'pyscf.mcscf.casci.CASCI'> ********
CAS (1e+1e, 4o), ncore = 7, nvir = 37
natorb = False
canonicalization = True
sorting_mo_energy = False
max_memory 4000 MB (current use 552 MB)
******** <class 'pyscf.fci.direct_spin1.FCISolver'> ********
max. cycles = 200
conv_tol = 1e-08
davidson only = False
linear dependence = 1e-12
level shift = 0.001
max iter space = 12
max_memory 4000 MB
nroots = 1
pspace_size = 400
spin = None
Density matrix diagonal elements [1.93467456e+00 6.51848985e-02 1.30517382e-04 1.00252728e-05]
CASCI converged
CASCI E = -77.9967241781656  E(CI) = -1.21461877238782  S^2 = 0.0000000

******** <class 'pyscf.mcscf.casci.CASCI'> ********
CAS (1e+1e, 4o), ncore = 7, nvir = 37
natorb = False
canonicalization = True
sorting_mo_energy = False
max_memory 4000 MB (current use 552 MB)
******** <class 'pyscf.fci.direct_spin1.FCISolver'> ********
max. cycles = 200
conv_tol = 1e-08
davidson only = False
linear dependence = 1e-12
level shift = 0.001
max iter space = 12
max_memory 4000 MB
nroots = 1
pspace_size = 400
spin = None
Density matrix diagonal elements [1.93463209e+00 6.52351363e-02 1.32074880e-04 6.97912750e-07]
CASCI converged
CASCI E = -77.9967005358652  E(CI) = -1.21459513008739  S^2 = 0.0000000

******** <class 'pyscf.mcscf.casci.CASCI'> ********
CAS (1e+1e, 4o), ncore = 7, nvir = 37
natorb = False
canonicalization = True
sorting_mo_energy = False
max_memory 4000 MB (current use 552 MB)
******** <class 'pyscf.fci.direct_spin1.FCISolver'> ********
max. cycles = 200
conv_tol = 1e-08
davidson only = False
linear dependence = 1e-12
level shift = 0.001
max iter space = 12
max_memory 4000 MB
nroots = 1
pspace_size = 400
spin = None
Density matrix diagonal elements [1.93465887e+00 6.51935540e-02 1.39461994e-04 8.11047251e-06]
CASCI converged
CASCI E = -77.9967341689907  E(CI) = -1.21462876321280  S^2 = 0.0000000

******** <class 'pyscf.mcscf.casci.CASCI'> ********
CAS (1e+1e, 4o), ncore = 7, nvir = 37
natorb = False
canonicalization = True
sorting_mo_energy = False
max_memory 4000 MB (current use 552 MB)
******** <class 'pyscf.fci.direct_spin1.FCISolver'> ********
max. cycles = 200
conv_tol = 1e-08
davidson only = False
linear dependence = 1e-12
level shift = 0.001
max iter space = 12
max_memory 4000 MB
nroots = 1
pspace_size = 400
spin = None
Density matrix diagonal elements [1.93472069e+00 6.51215796e-02 1.31854271e-04 2.58753305e-05]
CASCI converged
CASCI E = -77.9967691935182  E(CI) = -1.21466378774034  S^2 = 0.0000000

******** <class 'pyscf.mcscf.casci.CASCI'> ********
CAS (1e+1e, 4o), ncore = 7, nvir = 37
natorb = False
canonicalization = True
sorting_mo_energy = False
max_memory 4000 MB (current use 552 MB)
******** <class 'pyscf.fci.direct_spin1.FCISolver'> ********
max. cycles = 200
conv_tol = 1e-08
davidson only = False
linear dependence = 1e-12
level shift = 0.001
max iter space = 12
max_memory 4000 MB
nroots = 1
pspace_size = 400
spin = None
Density matrix diagonal elements [1.93455305e+00 6.52669651e-02 1.31693032e-04 4.82884895e-05]
CASCI converged
CASCI E = -77.9968360733905  E(CI) = -1.21473066761261  S^2 = 0.0000000

******** <class 'pyscf.mcscf.casci.CASCI'> ********
CAS (1e+1e, 4o), ncore = 7, nvir = 37
natorb = False
canonicalization = True
sorting_mo_energy = False
max_memory 4000 MB (current use 552 MB)
******** <class 'pyscf.fci.direct_spin1.FCISolver'> ********
max. cycles = 200
conv_tol = 1e-08
davidson only = False
linear dependence = 1e-12
level shift = 0.001
max iter space = 12
max_memory 4000 MB
nroots = 1
pspace_size = 400
spin = None
Density matrix diagonal elements [1.93464957e+00 6.52049627e-02 1.38358334e-04 7.10779005e-06]
CASCI converged
CASCI E = -77.9967321635580  E(CI) = -1.21462675778017  S^2 = 0.0000000

******** <class 'pyscf.mcscf.casci.CASCI'> ********
CAS (1e+1e, 4o), ncore = 7, nvir = 37
natorb = False
canonicalization = True
sorting_mo_energy = False
max_memory 4000 MB (current use 552 MB)
******** <class 'pyscf.fci.direct_spin1.FCISolver'> ********
max. cycles = 200
conv_tol = 1e-08
davidson only = False
linear dependence = 1e-12
level shift = 0.001
max iter space = 12
max_memory 4000 MB
nroots = 1
pspace_size = 400
spin = None
Density matrix diagonal elements [1.93463256e+00 6.52347584e-02 1.32059932e-04 6.23654940e-07]
CASCI converged
CASCI E = -77.9967006764482  E(CI) = -1.21459527067033  S^2 = 0.0000000

******** <class 'pyscf.mcscf.casci.CASCI'> ********
CAS (1e+1e, 4o), ncore = 7, nvir = 37
natorb = False
canonicalization = True
sorting_mo_energy = False
max_memory 4000 MB (current use 552 MB)
******** <class 'pyscf.fci.direct_spin1.FCISolver'> ********
max. cycles = 200
conv_tol = 1e-08
davidson only = False
linear dependence = 1e-12
level shift = 0.001
max iter space = 12
max_memory 4000 MB
nroots = 1
pspace_size = 400
spin = None
Density matrix diagonal elements [1.93464630e+00 6.52188612e-02 1.31770989e-04 3.06616514e-06]
CASCI converged
CASCI E = -77.9967084473364  E(CI) = -1.21460304155860  S^2 = 0.0000000

******** <class 'pyscf.mcscf.casci.CASCI'> ********
CAS (1e+1e, 4o), ncore = 7, nvir = 37
natorb = False
canonicalization = True
sorting_mo_energy = False
max_memory 4000 MB (current use 552 MB)
******** <class 'pyscf.fci.direct_spin1.FCISolver'> ********
max. cycles = 200
conv_tol = 1e-08
davidson only = False
linear dependence = 1e-12
level shift = 0.001
max iter space = 12
max_memory 4000 MB
nroots = 1
pspace_size = 400
spin = None
Density matrix diagonal elements [1.93463524e+00 6.52313588e-02 1.32061566e-04 1.34218951e-06]
CASCI converged
CASCI E = -77.9967033359708  E(CI) = -1.21459793019291  S^2 = 0.0000000

******** <class 'pyscf.mcscf.casci.CASCI'> ********
CAS (1e+1e, 4o), ncore = 7, nvir = 37
natorb = False
canonicalization = True
sorting_mo_energy = False
max_memory 4000 MB (current use 552 MB)
******** <class 'pyscf.fci.direct_spin1.FCISolver'> ********
max. cycles = 200
conv_tol = 1e-08
davidson only = False
linear dependence = 1e-12
level shift = 0.001
max iter space = 12
max_memory 4000 MB
nroots = 1
pspace_size = 400
spin = None
Density matrix diagonal elements [1.93463307e+00 6.52342675e-02 1.32091626e-04 5.70311132e-07]
CASCI converged
CASCI E = -77.9967007958718  E(CI) = -1.21459539009398  S^2 = 0.0000000

******** <class 'pyscf.mcscf.casci.CASCI'> ********
CAS (1e+1e, 4o), ncore = 7, nvir = 37
natorb = False
canonicalization = True
sorting_mo_energy = False
max_memory 4000 MB (current use 552 MB)
******** <class 'pyscf.fci.direct_spin1.FCISolver'> ********
max. cycles = 200
conv_tol = 1e-08
davidson only = False
linear dependence = 1e-12
level shift = 0.001
max iter space = 12
max_memory 4000 MB
nroots = 1
pspace_size = 400
spin = None
Density matrix diagonal elements [1.93435146e+00 6.55509043e-02 4.09611849e-05 5.66703249e-05]
CASCI converged
CASCI E = -77.9966496244184  E(CI) = -1.21454421864058  S^2 = 0.0000000

******** <class 'pyscf.mcscf.casci.CASCI'> ********
CAS (1e+1e, 4o), ncore = 7, nvir = 37
natorb = False
canonicalization = True
sorting_mo_energy = False
max_memory 4000 MB (current use 552 MB)
******** <class 'pyscf.fci.direct_spin1.FCISolver'> ********
max. cycles = 200
conv_tol = 1e-08
davidson only = False
linear dependence = 1e-12
level shift = 0.001
max iter space = 12
max_memory 4000 MB
nroots = 1
pspace_size = 400
spin = None
Density matrix diagonal elements [1.93432488e+00 6.56219735e-02 4.17454762e-05 1.13975707e-05]
CASCI converged
CASCI E = -77.9965419143659  E(CI) = -1.21443650858809  S^2 = 0.0000000

******** <class 'pyscf.mcscf.casci.CASCI'> ********
CAS (1e+1e, 4o), ncore = 7, nvir = 37
natorb = False
canonicalization = True
sorting_mo_energy = False
max_memory 4000 MB (current use 552 MB)
******** <class 'pyscf.fci.direct_spin1.FCISolver'> ********
max. cycles = 200
conv_tol = 1e-08
davidson only = False
linear dependence = 1e-12
level shift = 0.001
max iter space = 12
max_memory 4000 MB
nroots = 1
pspace_size = 400
spin = None
Density matrix diagonal elements [1.93428004e+00 6.56774850e-02 4.17479667e-05 7.29403477e-07]
CASCI converged
CASCI E = -77.9965148546150  E(CI) = -1.21440944883717  S^2 = 0.0000000

******** <class 'pyscf.mcscf.casci.CASCI'> ********
CAS (1e+1e, 4o), ncore = 7, nvir = 37
natorb = False
canonicalization = True
sorting_mo_energy = False
max_memory 4000 MB (current use 552 MB)
******** <class 'pyscf.fci.direct_spin1.FCISolver'> ********
max. cycles = 200
conv_tol = 1e-08
davidson only = False
linear dependence = 1e-12
level shift = 0.001
max iter space = 12
max_memory 4000 MB
nroots = 1
pspace_size = 400
spin = None
Density matrix diagonal elements [1.93428346e+00 6.56730245e-02 4.17256612e-05 1.78935230e-06]
CASCI converged
CASCI E = -77.9965178548526  E(CI) = -1.21441244907476  S^2 = 0.0000000

******** <class 'pyscf.mcscf.casci.CASCI'> ********
CAS (1e+1e, 4o), ncore = 7, nvir = 37
natorb = False
canonicalization = True
sorting_mo_energy = False
max_memory 4000 MB (current use 552 MB)
******** <class 'pyscf.fci.direct_spin1.FCISolver'> ********
max. cycles = 200
conv_tol = 1e-08
davidson only = False
linear dependence = 1e-12
level shift = 0.001
max iter space = 12
max_memory 4000 MB
nroots = 1
pspace_size = 400
spin = None
Density matrix diagonal elements [1.93436862e+00 6.55641438e-02 4.14260369e-05 2.58084663e-05]
CASCI converged
CASCI E = -77.9965832417075  E(CI) = -1.21447783592966  S^2 = 0.0000000

******** <class 'pyscf.mcscf.casci.CASCI'> ********
CAS (1e+1e, 4o), ncore = 7, nvir = 37
natorb = False
canonicalization = True
sorting_mo_energy = False
max_memory 4000 MB (current use 552 MB)
******** <class 'pyscf.fci.direct_spin1.FCISolver'> ********
max. cycles = 200
conv_tol = 1e-08
davidson only = False
linear dependence = 1e-12
level shift = 0.001
max iter space = 12
max_memory 4000 MB
nroots = 1
pspace_size = 400
spin = None
Density matrix diagonal elements [1.93421017e+00 6.57024621e-02 4.00866444e-05 4.72859895e-05]
CASCI converged
CASCI E = -77.9966473883915  E(CI) = -1.21454198261364  S^2 = 0.0000000

******** <class 'pyscf.mcscf.casci.CASCI'> ********
CAS (1e+1e, 4o), ncore = 7, nvir = 37
natorb = False
canonicalization = True
sorting_mo_energy = False
max_memory 4000 MB (current use 552 MB)
******** <class 'pyscf.fci.direct_spin1.FCISolver'> ********
max. cycles = 200
conv_tol = 1e-08
davidson only = False
linear dependence = 1e-12
level shift = 0.001
max iter space = 12
max_memory 4000 MB
nroots = 1
pspace_size = 400
spin = None
Density matrix diagonal elements [1.93428126e+00 6.56754319e-02 4.17260638e-05 1.58328522e-06]
CASCI converged
CASCI E = -77.9965178551187  E(CI) = -1.21441244934081  S^2 = 0.0000000

******** <class 'pyscf.mcscf.casci.CASCI'> ********
CAS (1e+1e, 4o), ncore = 7, nvir = 37
natorb = False
canonicalization = True
sorting_mo_energy = False
max_memory 4000 MB (current use 552 MB)
******** <class 'pyscf.fci.direct_spin1.FCISolver'> ********
max. cycles = 200
conv_tol = 1e-08
davidson only = False
linear dependence = 1e-12
level shift = 0.001
max iter space = 12
max_memory 4000 MB
nroots = 1
pspace_size = 400
spin = None
Density matrix diagonal elements [1.93428048e+00 6.56771073e-02 4.17501378e-05 6.61544312e-07]
CASCI converged
CASCI E = -77.9965150328568  E(CI) = -1.21440962707899  S^2 = 0.0000000

******** <class 'pyscf.mcscf.casci.CASCI'> ********
CAS (1e+1e, 4o), ncore = 7, nvir = 37
natorb = False
canonicalization = True
sorting_mo_energy = False
max_memory 4000 MB (current use 552 MB)
******** <class 'pyscf.fci.direct_spin1.FCISolver'> ********
max. cycles = 200
conv_tol = 1e-08
davidson only = False
linear dependence = 1e-12
level shift = 0.001
max iter space = 12
max_memory 4000 MB
nroots = 1
pspace_size = 400
spin = None
Density matrix diagonal elements [1.93429482e+00 6.56601488e-02 4.17402414e-05 3.29362556e-06]
CASCI converged
CASCI E = -77.9965234073928  E(CI) = -1.21441800161492  S^2 = 0.0000000

******** <class 'pyscf.mcscf.casci.CASCI'> ********
CAS (1e+1e, 4o), ncore = 7, nvir = 37
natorb = False
canonicalization = True
sorting_mo_energy = False
max_memory 4000 MB (current use 552 MB)
******** <class 'pyscf.fci.direct_spin1.FCISolver'> ********
max. cycles = 200
conv_tol = 1e-08
davidson only = False
linear dependence = 1e-12
level shift = 0.001
max iter space = 12
max_memory 4000 MB
nroots = 1
pspace_size = 400
spin = None
Density matrix diagonal elements [1.93428323e+00 6.56736601e-02 4.17427682e-05 1.37091124e-06]
CASCI converged
CASCI E = -77.9965176704182  E(CI) = -1.21441226464034  S^2 = 0.0000000

******** <class 'pyscf.mcscf.casci.CASCI'> ********
CAS (1e+1e, 4o), ncore = 7, nvir = 37
natorb = False
canonicalization = True
sorting_mo_energy = False
max_memory 4000 MB (current use 552 MB)
******** <class 'pyscf.fci.direct_spin1.FCISolver'> ********
max. cycles = 200
conv_tol = 1e-08
davidson only = False
linear dependence = 1e-12
level shift = 0.001
max iter space = 12
max_memory 4000 MB
nroots = 1
pspace_size = 400
spin = None
Density matrix diagonal elements [1.93428096e+00 6.56766996e-02 4.17515912e-05 5.85266465e-07]
CASCI converged
CASCI E = -77.9965150862613  E(CI) = -1.21440968048341  S^2 = 0.0000000

******** <class 'pyscf.mcscf.casci.CASCI'> ********
CAS (1e+1e, 4o), ncore = 7, nvir = 37
natorb = False
canonicalization = True
sorting_mo_energy = False
max_memory 4000 MB (current use 552 MB)
******** <class 'pyscf.fci.direct_spin1.FCISolver'> ********
max. cycles = 200
conv_tol = 1e-08
davidson only = False
linear dependence = 1e-12
level shift = 0.001
max iter space = 12
max_memory 4000 MB
nroots = 1
pspace_size = 400
spin = None
Density matrix diagonal elements [1.93449126e+00 6.54400060e-02 5.73737205e-05 1.13635571e-05]
CASCI converged
CASCI E = -77.9965851921366  E(CI) = -1.21447978635877  S^2 = 0.0000000

******** <class 'pyscf.mcscf.casci.CASCI'> ********
CAS (1e+1e, 4o), ncore = 7, nvir = 37
natorb = False
canonicalization = True
sorting_mo_energy = False
max_memory 4000 MB (current use 552 MB)
******** <class 'pyscf.fci.direct_spin1.FCISolver'> ********
max. cycles = 200
conv_tol = 1e-08
davidson only = False
linear dependence = 1e-12
level shift = 0.001
max iter space = 12
max_memory 4000 MB
nroots = 1
pspace_size = 400
spin = None
Density matrix diagonal elements [1.93444563e+00 6.54962476e-02 5.74008023e-05 7.19318322e-07]
CASCI converged
CASCI E = -77.9965581912084  E(CI) = -1.21445278543058  S^2 = 0.0000000

******** <class 'pyscf.mcscf.casci.CASCI'> ********
CAS (1e+1e, 4o), ncore = 7, nvir = 37
natorb = False
canonicalization = True
sorting_mo_energy = False
max_memory 4000 MB (current use 552 MB)
******** <class 'pyscf.fci.direct_spin1.FCISolver'> ********
max. cycles = 200
conv_tol = 1e-08
davidson only = False
linear dependence = 1e-12
level shift = 0.001
max iter space = 12
max_memory 4000 MB
nroots = 1
pspace_size = 400
spin = None
Density matrix diagonal elements [1.93444909e+00 6.54917399e-02 5.73874617e-05 1.78646525e-06]
CASCI converged
CASCI E = -77.9965612104027  E(CI) = -1.21445580462489  S^2 = 0.0000000

******** <class 'pyscf.mcscf.casci.CASCI'> ********
CAS (1e+1e, 4o), ncore = 7, nvir = 37
natorb = False
canonicalization = True
sorting_mo_energy = False
max_memory 4000 MB (current use 552 MB)
******** <class 'pyscf.fci.direct_spin1.FCISolver'> ********
max. cycles = 200
conv_tol = 1e-08
davidson only = False
linear dependence = 1e-12
level shift = 0.001
max iter space = 12
max_memory 4000 MB
nroots = 1
pspace_size = 400
spin = None
Density matrix diagonal elements [1.93453225e+00 6.53879534e-02 5.54588200e-05 2.43332904e-05]
CASCI converged
CASCI E = -77.9966225463141  E(CI) = -1.21451714053624  S^2 = 0.0000000

******** <class 'pyscf.mcscf.casci.CASCI'> ********
CAS (1e+1e, 4o), ncore = 7, nvir = 37
natorb = False
canonicalization = True
sorting_mo_energy = False
max_memory 4000 MB (current use 552 MB)
******** <class 'pyscf.fci.direct_spin1.FCISolver'> ********
max. cycles = 200
conv_tol = 1e-08
davidson only = False
linear dependence = 1e-12
level shift = 0.001
max iter space = 12
max_memory 4000 MB
nroots = 1
pspace_size = 400
spin = None
Density matrix diagonal elements [1.93436734e+00 6.55275197e-02 5.69384477e-05 4.82055728e-05]
CASCI converged
CASCI E = -77.9966934176025  E(CI) = -1.21458801182462  S^2 = 0.0000000

******** <class 'pyscf.mcscf.casci.CASCI'> ********
CAS (1e+1e, 4o), ncore = 7, nvir = 37
natorb = False
canonicalization = True
sorting_mo_energy = False
max_memory 4000 MB (current use 552 MB)
******** <class 'pyscf.fci.direct_spin1.FCISolver'> ********
max. cycles = 200
conv_tol = 1e-08
davidson only = False
linear dependence = 1e-12
level shift = 0.001
max iter space = 12
max_memory 4000 MB
nroots = 1
pspace_size = 400
spin = None
Density matrix diagonal elements [1.93444679e+00 6.54942184e-02 5.73990715e-05 1.58945084e-06]
CASCI converged
CASCI E = -77.9965612379118  E(CI) = -1.21445583213395  S^2 = 0.0000000

******** <class 'pyscf.mcscf.casci.CASCI'> ********
CAS (1e+1e, 4o), ncore = 7, nvir = 37
natorb = False
canonicalization = True
sorting_mo_energy = False
max_memory 4000 MB (current use 552 MB)
******** <class 'pyscf.fci.direct_spin1.FCISolver'> ********
max. cycles = 200
conv_tol = 1e-08
davidson only = False
linear dependence = 1e-12
level shift = 0.001
max iter space = 12
max_memory 4000 MB
nroots = 1
pspace_size = 400
spin = None
Density matrix diagonal elements [1.93444613e+00 6.54958120e-02 5.74026105e-05 6.53009650e-07]
CASCI converged
CASCI E = -77.9965583689524  E(CI) = -1.21445296317452  S^2 = 0.0000000

******** <class 'pyscf.mcscf.casci.CASCI'> ********
CAS (1e+1e, 4o), ncore = 7, nvir = 37
natorb = False
canonicalization = True
sorting_mo_energy = False
max_memory 4000 MB (current use 552 MB)
******** <class 'pyscf.fci.direct_spin1.FCISolver'> ********
max. cycles = 200
conv_tol = 1e-08
davidson only = False
linear dependence = 1e-12
level shift = 0.001
max iter space = 12
max_memory 4000 MB
nroots = 1
pspace_size = 400
spin = None
Density matrix diagonal elements [1.93446049e+00 6.54788275e-02 5.73960686e-05 3.28721858e-06]
CASCI converged
CASCI E = -77.9965667505348  E(CI) = -1.21446134475691  S^2 = 0.0000000

******** <class 'pyscf.mcscf.casci.CASCI'> ********
CAS (1e+1e, 4o), ncore = 7, nvir = 37
natorb = False
canonicalization = True
sorting_mo_energy = False
max_memory 4000 MB (current use 552 MB)
******** <class 'pyscf.fci.direct_spin1.FCISolver'> ********
max. cycles = 200
conv_tol = 1e-08
davidson only = False
linear dependence = 1e-12
level shift = 0.001
max iter space = 12
max_memory 4000 MB
nroots = 1
pspace_size = 400
spin = None
Density matrix diagonal elements [1.93444881e+00 6.54924268e-02 5.73996917e-05 1.36586751e-06]
CASCI converged
CASCI E = -77.9965610164126  E(CI) = -1.21445561063480  S^2 = 0.0000000

******** <class 'pyscf.mcscf.casci.CASCI'> ********
CAS (1e+1e, 4o), ncore = 7, nvir = 37
natorb = False
canonicalization = True
sorting_mo_energy = False
max_memory 4000 MB (current use 552 MB)
******** <class 'pyscf.fci.direct_spin1.FCISolver'> ********
max. cycles = 200
conv_tol = 1e-08
davidson only = False
linear dependence = 1e-12
level shift = 0.001
max iter space = 12
max_memory 4000 MB
nroots = 1
pspace_size = 400
spin = None
Density matrix diagonal elements [1.93444660e+00 6.54954217e-02 5.74026728e-05 5.77046523e-07]
CASCI converged
CASCI E = -77.9965584191746  E(CI) = -1.21445301339672  S^2 = 0.0000000

******** <class 'pyscf.mcscf.casci.CASCI'> ********
CAS (1e+1e, 4o), ncore = 7, nvir = 37
natorb = False
canonicalization = True
sorting_mo_energy = False
max_memory 4000 MB (current use 552 MB)
******** <class 'pyscf.fci.direct_spin1.FCISolver'> ********
max. cycles = 200
conv_tol = 1e-08
davidson only = False
linear dependence = 1e-12
level shift = 0.001
max iter space = 12
max_memory 4000 MB
nroots = 1
pspace_size = 400
spin = None
Density matrix diagonal elements [1.93441978e+00 6.55681194e-02 1.13875844e-05 7.17707147e-07]
CASCI converged
CASCI E = -77.9964486858048  E(CI) = -1.21434328002695  S^2 = 0.0000000

******** <class 'pyscf.mcscf.casci.CASCI'> ********
CAS (1e+1e, 4o), ncore = 7, nvir = 37
natorb = False
canonicalization = True
sorting_mo_energy = False
max_memory 4000 MB (current use 552 MB)
******** <class 'pyscf.fci.direct_spin1.FCISolver'> ********
max. cycles = 200
conv_tol = 1e-08
davidson only = False
linear dependence = 1e-12
level shift = 0.001
max iter space = 12
max_memory 4000 MB
nroots = 1
pspace_size = 400
spin = None
Density matrix diagonal elements [1.93442310e+00 6.55638304e-02 1.13303019e-05 1.74328795e-06]
CASCI converged
CASCI E = -77.9964515895544  E(CI) = -1.21434618377657  S^2 = 0.0000000

******** <class 'pyscf.mcscf.casci.CASCI'> ********
CAS (1e+1e, 4o), ncore = 7, nvir = 37
natorb = False
canonicalization = True
sorting_mo_energy = False
max_memory 4000 MB (current use 552 MB)
******** <class 'pyscf.fci.direct_spin1.FCISolver'> ********
max. cycles = 200
conv_tol = 1e-08
davidson only = False
linear dependence = 1e-12
level shift = 0.001
max iter space = 12
max_memory 4000 MB
nroots = 1
pspace_size = 400
spin = None
Density matrix diagonal elements [1.93450905e+00 6.54535080e-02 1.13792827e-05 2.60585826e-05]
CASCI converged
CASCI E = -77.9965177871469  E(CI) = -1.21441238136909  S^2 = 0.0000000

******** <class 'pyscf.mcscf.casci.CASCI'> ********
CAS (1e+1e, 4o), ncore = 7, nvir = 37
natorb = False
canonicalization = True
sorting_mo_energy = False
max_memory 4000 MB (current use 552 MB)
******** <class 'pyscf.fci.direct_spin1.FCISolver'> ********
max. cycles = 200
conv_tol = 1e-08
davidson only = False
linear dependence = 1e-12
level shift = 0.001
max iter space = 12
max_memory 4000 MB
nroots = 1
pspace_size = 400
spin = None
Density matrix diagonal elements [1.93433991e+00 6.56000939e-02 1.14009789e-05 4.85989335e-05]
CASCI converged
CASCI E = -77.9965850612996  E(CI) = -1.21447965552181  S^2 = 0.0000000

******** <class 'pyscf.mcscf.casci.CASCI'> ********
CAS (1e+1e, 4o), ncore = 7, nvir = 37
natorb = False
canonicalization = True
sorting_mo_energy = False
max_memory 4000 MB (current use 552 MB)
******** <class 'pyscf.fci.direct_spin1.FCISolver'> ********
max. cycles = 200
conv_tol = 1e-08
davidson only = False
linear dependence = 1e-12
level shift = 0.001
max iter space = 12
max_memory 4000 MB
nroots = 1
pspace_size = 400
spin = None
Density matrix diagonal elements [1.93442091e+00 6.55661442e-02 1.13719553e-05 1.57660383e-06]
CASCI converged
CASCI E = -77.9964516965670  E(CI) = -1.21434629078912  S^2 = 0.0000000

******** <class 'pyscf.mcscf.casci.CASCI'> ********
CAS (1e+1e, 4o), ncore = 7, nvir = 37
natorb = False
canonicalization = True
sorting_mo_energy = False
max_memory 4000 MB (current use 552 MB)
******** <class 'pyscf.fci.direct_spin1.FCISolver'> ********
max. cycles = 200
conv_tol = 1e-08
davidson only = False
linear dependence = 1e-12
level shift = 0.001
max iter space = 12
max_memory 4000 MB
nroots = 1
pspace_size = 400
spin = None
Density matrix diagonal elements [1.93442028e+00 6.55676714e-02 1.13913944e-05 6.53353217e-07]
CASCI converged
CASCI E = -77.9964488689625  E(CI) = -1.21434346318463  S^2 = 0.0000000

******** <class 'pyscf.mcscf.casci.CASCI'> ********
CAS (1e+1e, 4o), ncore = 7, nvir = 37
natorb = False
canonicalization = True
sorting_mo_energy = False
max_memory 4000 MB (current use 552 MB)
******** <class 'pyscf.fci.direct_spin1.FCISolver'> ********
max. cycles = 200
conv_tol = 1e-08
davidson only = False
linear dependence = 1e-12
level shift = 0.001
max iter space = 12
max_memory 4000 MB
nroots = 1
pspace_size = 400
spin = None
Density matrix diagonal elements [1.93446845e+00 6.55084397e-02 1.57720414e-05 7.33638907e-06]
CASCI converged
CASCI E = -77.9964798734309  E(CI) = -1.21437446765309  S^2 = 0.0000000

******** <class 'pyscf.mcscf.casci.CASCI'> ********
CAS (1e+1e, 4o), ncore = 7, nvir = 37
natorb = False
canonicalization = True
sorting_mo_energy = False
max_memory 4000 MB (current use 552 MB)
******** <class 'pyscf.fci.direct_spin1.FCISolver'> ********
max. cycles = 200
conv_tol = 1e-08
davidson only = False
linear dependence = 1e-12
level shift = 0.001
max iter space = 12
max_memory 4000 MB
nroots = 1
pspace_size = 400
spin = None
Density matrix diagonal elements [1.93443203e+00 6.55529633e-02 1.25455298e-05 2.46501063e-06]
CASCI converged
CASCI E = -77.9964580342062  E(CI) = -1.21435262842837  S^2 = 0.0000000

******** <class 'pyscf.mcscf.casci.CASCI'> ********
CAS (1e+1e, 4o), ncore = 7, nvir = 37
natorb = False
canonicalization = True
sorting_mo_energy = False
max_memory 4000 MB (current use 552 MB)
******** <class 'pyscf.fci.direct_spin1.FCISolver'> ********
max. cycles = 200
conv_tol = 1e-08
davidson only = False
linear dependence = 1e-12
level shift = 0.001
max iter space = 12
max_memory 4000 MB
nroots = 1
pspace_size = 400
spin = None
Density matrix diagonal elements [1.93442075e+00 6.55672815e-02 1.13912808e-05 5.77221815e-07]
CASCI converged
CASCI E = -77.9964489187376  E(CI) = -1.21434351295976  S^2 = 0.0000000

******** <class 'pyscf.mcscf.casci.CASCI'> ********
CAS (1e+1e, 4o), ncore = 7, nvir = 37
natorb = False
canonicalization = True
sorting_mo_energy = False
max_memory 4000 MB (current use 552 MB)
******** <class 'pyscf.fci.direct_spin1.FCISolver'> ********
max. cycles = 200
conv_tol = 1e-08
davidson only = False
linear dependence = 1e-12
level shift = 0.001
max iter space = 12
max_memory 4000 MB
nroots = 1
pspace_size = 400
spin = None
Density matrix diagonal elements [1.93437755e+00 6.56198918e-02 7.39029715e-07 1.81711219e-06]
CASCI converged
CASCI E = -77.9964247288096  E(CI) = -1.21431932303173  S^2 = 0.0000000

******** <class 'pyscf.mcscf.casci.CASCI'> ********
CAS (1e+1e, 4o), ncore = 7, nvir = 37
natorb = False
canonicalization = True
sorting_mo_energy = False
max_memory 4000 MB (current use 552 MB)
******** <class 'pyscf.fci.direct_spin1.FCISolver'> ********
max. cycles = 200
conv_tol = 1e-08
davidson only = False
linear dependence = 1e-12
level shift = 0.001
max iter space = 12
max_memory 4000 MB
nroots = 1
pspace_size = 400
spin = None
Density matrix diagonal elements [1.93446341e+00 6.55097970e-02 7.23323953e-07 2.60717388e-05]
CASCI converged
CASCI E = -77.9964907572381  E(CI) = -1.21438535146027  S^2 = 0.0000000

******** <class 'pyscf.mcscf.casci.CASCI'> ********
CAS (1e+1e, 4o), ncore = 7, nvir = 37
natorb = False
canonicalization = True
sorting_mo_energy = False
max_memory 4000 MB (current use 552 MB)
******** <class 'pyscf.fci.direct_spin1.FCISolver'> ********
max. cycles = 200
conv_tol = 1e-08
davidson only = False
linear dependence = 1e-12
level shift = 0.001
max iter space = 12
max_memory 4000 MB
nroots = 1
pspace_size = 400
spin = None
Density matrix diagonal elements [1.93429471e+00 6.56559649e-02 7.26572646e-07 4.85998809e-05]
CASCI converged
CASCI E = -77.9965579846562  E(CI) = -1.21445257887834  S^2 = 0.0000000

******** <class 'pyscf.mcscf.casci.CASCI'> ********
CAS (1e+1e, 4o), ncore = 7, nvir = 37
natorb = False
canonicalization = True
sorting_mo_energy = False
max_memory 4000 MB (current use 552 MB)
******** <class 'pyscf.fci.direct_spin1.FCISolver'> ********
max. cycles = 200
conv_tol = 1e-08
davidson only = False
linear dependence = 1e-12
level shift = 0.001
max iter space = 12
max_memory 4000 MB
nroots = 1
pspace_size = 400
spin = None
Density matrix diagonal elements [1.93437520e+00 6.56225008e-02 7.15552177e-07 1.58760473e-06]
CASCI converged
CASCI E = -77.9964246652125  E(CI) = -1.21431925943467  S^2 = 0.0000000

******** <class 'pyscf.mcscf.casci.CASCI'> ********
CAS (1e+1e, 4o), ncore = 7, nvir = 37
natorb = False
canonicalization = True
sorting_mo_energy = False
max_memory 4000 MB (current use 552 MB)
******** <class 'pyscf.fci.direct_spin1.FCISolver'> ********
max. cycles = 200
conv_tol = 1e-08
davidson only = False
linear dependence = 1e-12
level shift = 0.001
max iter space = 12
max_memory 4000 MB
nroots = 1
pspace_size = 400
spin = None
Density matrix diagonal elements [1.93437454e+00 6.56240778e-02 7.23244607e-07 6.54887360e-07]
CASCI converged
CASCI E = -77.9964218084314  E(CI) = -1.21431640265351  S^2 = 0.0000000

******** <class 'pyscf.mcscf.casci.CASCI'> ********
CAS (1e+1e, 4o), ncore = 7, nvir = 37
natorb = False
canonicalization = True
sorting_mo_energy = False
max_memory 4000 MB (current use 552 MB)
******** <class 'pyscf.fci.direct_spin1.FCISolver'> ********
max. cycles = 200
conv_tol = 1e-08
davidson only = False
linear dependence = 1e-12
level shift = 0.001
max iter space = 12
max_memory 4000 MB
nroots = 1
pspace_size = 400
spin = None
Density matrix diagonal elements [1.93438895e+00 6.56070216e-02 7.28873018e-07 3.29870613e-06]
CASCI converged
CASCI E = -77.9964302205893  E(CI) = -1.21432481481146  S^2 = 0.0000000

******** <class 'pyscf.mcscf.casci.CASCI'> ********
CAS (1e+1e, 4o), ncore = 7, nvir = 37
natorb = False
canonicalization = True
sorting_mo_energy = False
max_memory 4000 MB (current use 552 MB)
******** <class 'pyscf.fci.direct_spin1.FCISolver'> ********
max. cycles = 200
conv_tol = 1e-08
davidson only = False
linear dependence = 1e-12
level shift = 0.001
max iter space = 12
max_memory 4000 MB
nroots = 1
pspace_size = 400
spin = None
Density matrix diagonal elements [1.93437723e+00 6.56206779e-02 7.23806742e-07 1.37005154e-06]
CASCI converged
CASCI E = -77.9964244643670  E(CI) = -1.21431905858914  S^2 = 0.0000000

******** <class 'pyscf.mcscf.casci.CASCI'> ********
CAS (1e+1e, 4o), ncore = 7, nvir = 37
natorb = False
canonicalization = True
sorting_mo_energy = False
max_memory 4000 MB (current use 552 MB)
******** <class 'pyscf.fci.direct_spin1.FCISolver'> ********
max. cycles = 200
conv_tol = 1e-08
davidson only = False
linear dependence = 1e-12
level shift = 0.001
max iter space = 12
max_memory 4000 MB
nroots = 1
pspace_size = 400
spin = None
Density matrix diagonal elements [1.93437548e+00 6.56229801e-02 8.46716420e-07 6.91418540e-07]
CASCI converged
CASCI E = -77.9964225242936  E(CI) = -1.21431711851578  S^2 = 0.0000000

******** <class 'pyscf.mcscf.casci.CASCI'> ********
CAS (1e+1e, 4o), ncore = 7, nvir = 37
natorb = False
canonicalization = True
sorting_mo_energy = False
max_memory 4000 MB (current use 552 MB)
******** <class 'pyscf.fci.direct_spin1.FCISolver'> ********
max. cycles = 200
conv_tol = 1e-08
davidson only = False
linear dependence = 1e-12
level shift = 0.001
max iter space = 12
max_memory 4000 MB
nroots = 1
pspace_size = 400
spin = None
Density matrix diagonal elements [1.93446686e+00 6.55052782e-02 1.79521752e-06 2.60648732e-05]
CASCI converged
CASCI E = -77.9964937899045  E(CI) = -1.21438838412668  S^2 = 0.0000000

******** <class 'pyscf.mcscf.casci.CASCI'> ********
CAS (1e+1e, 4o), ncore = 7, nvir = 37
natorb = False
canonicalization = True
sorting_mo_energy = False
max_memory 4000 MB (current use 552 MB)
******** <class 'pyscf.fci.direct_spin1.FCISolver'> ********
max. cycles = 200
conv_tol = 1e-08
davidson only = False
linear dependence = 1e-12
level shift = 0.001
max iter space = 12
max_memory 4000 MB
nroots = 1
pspace_size = 400
spin = None
Density matrix diagonal elements [1.93429807e+00 6.56515638e-02 1.78731815e-06 4.85816490e-05]
CASCI converged
CASCI E = -77.9965609868441  E(CI) = -1.21445558106630  S^2 = 0.0000000

******** <class 'pyscf.mcscf.casci.CASCI'> ********
CAS (1e+1e, 4o), ncore = 7, nvir = 37
natorb = False
canonicalization = True
sorting_mo_energy = False
max_memory 4000 MB (current use 552 MB)
******** <class 'pyscf.fci.direct_spin1.FCISolver'> ********
max. cycles = 200
conv_tol = 1e-08
davidson only = False
linear dependence = 1e-12
level shift = 0.001
max iter space = 12
max_memory 4000 MB
nroots = 1
pspace_size = 400
spin = None
Density matrix diagonal elements [1.93437888e+00 6.56176938e-02 1.81633588e-06 1.60818382e-06]
CASCI converged
CASCI E = -77.9964278150044  E(CI) = -1.21432240922657  S^2 = 0.0000000

******** <class 'pyscf.mcscf.casci.CASCI'> ********
CAS (1e+1e, 4o), ncore = 7, nvir = 37
natorb = False
canonicalization = True
sorting_mo_energy = False
max_memory 4000 MB (current use 552 MB)
******** <class 'pyscf.fci.direct_spin1.FCISolver'> ********
max. cycles = 200
conv_tol = 1e-08
davidson only = False
linear dependence = 1e-12
level shift = 0.001
max iter space = 12
max_memory 4000 MB
nroots = 1
pspace_size = 400
spin = None
Density matrix diagonal elements [1.93437805e+00 6.56194670e-02 1.81530041e-06 6.66432526e-07]
CASCI converged
CASCI E = -77.9964248970662  E(CI) = -1.21431949128838  S^2 = 0.0000000

******** <class 'pyscf.mcscf.casci.CASCI'> ********
CAS (1e+1e, 4o), ncore = 7, nvir = 37
natorb = False
canonicalization = True
sorting_mo_energy = False
max_memory 4000 MB (current use 552 MB)
******** <class 'pyscf.fci.direct_spin1.FCISolver'> ********
max. cycles = 200
conv_tol = 1e-08
davidson only = False
linear dependence = 1e-12
level shift = 0.001
max iter space = 12
max_memory 4000 MB
nroots = 1
pspace_size = 400
spin = None
Density matrix diagonal elements [1.93439223e+00 6.56027848e-02 1.74129580e-06 3.24182497e-06]
CASCI converged
CASCI E = -77.9964330882920  E(CI) = -1.21432768251411  S^2 = 0.0000000

******** <class 'pyscf.mcscf.casci.CASCI'> ********
CAS (1e+1e, 4o), ncore = 7, nvir = 37
natorb = False
canonicalization = True
sorting_mo_energy = False
max_memory 4000 MB (current use 552 MB)
******** <class 'pyscf.fci.direct_spin1.FCISolver'> ********
max. cycles = 200
conv_tol = 1e-08
davidson only = False
linear dependence = 1e-12
level shift = 0.001
max iter space = 12
max_memory 4000 MB
nroots = 1
pspace_size = 400
spin = None
Density matrix diagonal elements [1.93438072e+00 6.56160966e-02 1.80936976e-06 1.37553109e-06]
CASCI converged
CASCI E = -77.9964275349135  E(CI) = -1.21432212913567  S^2 = 0.0000000

******** <class 'pyscf.mcscf.casci.CASCI'> ********
CAS (1e+1e, 4o), ncore = 7, nvir = 37
natorb = False
canonicalization = True
sorting_mo_energy = False
max_memory 4000 MB (current use 552 MB)
******** <class 'pyscf.fci.direct_spin1.FCISolver'> ********
max. cycles = 200
conv_tol = 1e-08
davidson only = False
linear dependence = 1e-12
level shift = 0.001
max iter space = 12
max_memory 4000 MB
nroots = 1
pspace_size = 400
spin = None
Density matrix diagonal elements [1.93437852e+00 6.56190776e-02 1.81434419e-06 5.87873757e-07]
CASCI converged
CASCI E = -77.9964249444746  E(CI) = -1.21431953869673  S^2 = 0.0000000

******** <class 'pyscf.mcscf.casci.CASCI'> ********
CAS (1e+1e, 4o), ncore = 7, nvir = 37
natorb = False
canonicalization = True
sorting_mo_energy = False
max_memory 4000 MB (current use 552 MB)
******** <class 'pyscf.fci.direct_spin1.FCISolver'> ********
max. cycles = 200
conv_tol = 1e-08
davidson only = False
linear dependence = 1e-12
level shift = 0.001
max iter space = 12
max_memory 4000 MB
nroots = 1
pspace_size = 400
spin = None
Density matrix diagonal elements [1.93438449e+00 6.55414561e-02 2.57559096e-05 4.82980567e-05]
CASCI converged
CASCI E = -77.9966262372673  E(CI) = -1.21452083148949  S^2 = 0.0000000

******** <class 'pyscf.mcscf.casci.CASCI'> ********
CAS (1e+1e, 4o), ncore = 7, nvir = 37
natorb = False
canonicalization = True
sorting_mo_energy = False
max_memory 4000 MB (current use 552 MB)
******** <class 'pyscf.fci.direct_spin1.FCISolver'> ********
max. cycles = 200
conv_tol = 1e-08
davidson only = False
linear dependence = 1e-12
level shift = 0.001
max iter space = 12
max_memory 4000 MB
nroots = 1
pspace_size = 400
spin = None
Density matrix diagonal elements [1.93446458e+00 6.55077486e-02 2.60765201e-05 1.59836773e-06]
CASCI converged
CASCI E = -77.9964938210884  E(CI) = -1.21438841531062  S^2 = 0.0000000

******** <class 'pyscf.mcscf.casci.CASCI'> ********
CAS (1e+1e, 4o), ncore = 7, nvir = 37
natorb = False
canonicalization = True
sorting_mo_energy = False
max_memory 4000 MB (current use 552 MB)
******** <class 'pyscf.fci.direct_spin1.FCISolver'> ********
max. cycles = 200
conv_tol = 1e-08
davidson only = False
linear dependence = 1e-12
level shift = 0.001
max iter space = 12
max_memory 4000 MB
nroots = 1
pspace_size = 400
spin = None
Density matrix diagonal elements [1.93446392e+00 6.55093508e-02 2.60752596e-05 6.57974299e-07]
CASCI converged
CASCI E = -77.9964909402409  E(CI) = -1.21438553446303  S^2 = 0.0000000

******** <class 'pyscf.mcscf.casci.CASCI'> ********
CAS (1e+1e, 4o), ncore = 7, nvir = 37
natorb = False
canonicalization = True
sorting_mo_energy = False
max_memory 4000 MB (current use 552 MB)
******** <class 'pyscf.fci.direct_spin1.FCISolver'> ********
max. cycles = 200
conv_tol = 1e-08
davidson only = False
linear dependence = 1e-12
level shift = 0.001
max iter space = 12
max_memory 4000 MB
nroots = 1
pspace_size = 400
spin = None
Density matrix diagonal elements [1.93447826e+00 6.54923783e-02 2.60668372e-05 3.28990959e-06]
CASCI converged
CASCI E = -77.9964993143674  E(CI) = -1.21439390858954  S^2 = 0.0000000

******** <class 'pyscf.mcscf.casci.CASCI'> ********
CAS (1e+1e, 4o), ncore = 7, nvir = 37
natorb = False
canonicalization = True
sorting_mo_energy = False
max_memory 4000 MB (current use 552 MB)
******** <class 'pyscf.fci.direct_spin1.FCISolver'> ********
max. cycles = 200
conv_tol = 1e-08
davidson only = False
linear dependence = 1e-12
level shift = 0.001
max iter space = 12
max_memory 4000 MB
nroots = 1
pspace_size = 400
spin = None
Density matrix diagonal elements [1.93446659e+00 6.55059730e-02 2.60716603e-05 1.36962565e-06]
CASCI converged
CASCI E = -77.9964935847886  E(CI) = -1.21438817901078  S^2 = 0.0000000

******** <class 'pyscf.mcscf.casci.CASCI'> ********
CAS (1e+1e, 4o), ncore = 7, nvir = 37
natorb = False
canonicalization = True
sorting_mo_energy = False
max_memory 4000 MB (current use 552 MB)
******** <class 'pyscf.fci.direct_spin1.FCISolver'> ********
max. cycles = 200
conv_tol = 1e-08
davidson only = False
linear dependence = 1e-12
level shift = 0.001
max iter space = 12
max_memory 4000 MB
nroots = 1
pspace_size = 400
spin = None
Density matrix diagonal elements [1.93446438e+00 6.55089737e-02 2.60721951e-05 5.79020656e-07]
CASCI converged
CASCI E = -77.9964909818676  E(CI) = -1.21438557608973  S^2 = 0.0000000

******** <class 'pyscf.mcscf.casci.CASCI'> ********
CAS (1e+1e, 4o), ncore = 7, nvir = 37
natorb = False
canonicalization = True
sorting_mo_energy = False
max_memory 4000 MB (current use 552 MB)
******** <class 'pyscf.fci.direct_spin1.FCISolver'> ********
max. cycles = 200
conv_tol = 1e-08
davidson only = False
linear dependence = 1e-12
level shift = 0.001
max iter space = 12
max_memory 4000 MB
nroots = 1
pspace_size = 400
spin = None
Density matrix diagonal elements [1.93429587e+00 6.56539417e-02 4.85969955e-05 1.59434282e-06]
CASCI converged
CASCI E = -77.9965610272901  E(CI) = -1.21445562151222  S^2 = 0.0000000

******** <class 'pyscf.mcscf.casci.CASCI'> ********
CAS (1e+1e, 4o), ncore = 7, nvir = 37
natorb = False
canonicalization = True
sorting_mo_energy = False
max_memory 4000 MB (current use 552 MB)
******** <class 'pyscf.fci.direct_spin1.FCISolver'> ********
max. cycles = 200
conv_tol = 1e-08
davidson only = False
linear dependence = 1e-12
level shift = 0.001
max iter space = 12
max_memory 4000 MB
nroots = 1
pspace_size = 400
spin = None
Density matrix diagonal elements [1.93429517e+00 6.56555551e-02 4.86109762e-05 6.67859648e-07]
CASCI converged
CASCI E = -77.9965581907285  E(CI) = -1.21445278495067  S^2 = 0.0000000

******** <class 'pyscf.mcscf.casci.CASCI'> ********
CAS (1e+1e, 4o), ncore = 7, nvir = 37
natorb = False
canonicalization = True
sorting_mo_energy = False
max_memory 4000 MB (current use 552 MB)
******** <class 'pyscf.fci.direct_spin1.FCISolver'> ********
max. cycles = 200
conv_tol = 1e-08
davidson only = False
linear dependence = 1e-12
level shift = 0.001
max iter space = 12
max_memory 4000 MB
nroots = 1
pspace_size = 400
spin = None
Density matrix diagonal elements [1.93430945e+00 6.56387021e-02 4.85744992e-05 3.27515782e-06]
CASCI converged
CASCI E = -77.9965664861572  E(CI) = -1.21446108037938  S^2 = 0.0000000

******** <class 'pyscf.mcscf.casci.CASCI'> ********
CAS (1e+1e, 4o), ncore = 7, nvir = 37
natorb = False
canonicalization = True
sorting_mo_energy = False
max_memory 4000 MB (current use 552 MB)
******** <class 'pyscf.fci.direct_spin1.FCISolver'> ********
max. cycles = 200
conv_tol = 1e-08
davidson only = False
linear dependence = 1e-12
level shift = 0.001
max iter space = 12
max_memory 4000 MB
nroots = 1
pspace_size = 400
spin = None
Density matrix diagonal elements [1.93429788e+00 6.56521920e-02 4.85771730e-05 1.35355837e-06]
CASCI converged
CASCI E = -77.9965607477381  E(CI) = -1.21445534196022  S^2 = 0.0000000

******** <class 'pyscf.mcscf.casci.CASCI'> ********
CAS (1e+1e, 4o), ncore = 7, nvir = 37
natorb = False
canonicalization = True
sorting_mo_energy = False
max_memory 4000 MB (current use 552 MB)
******** <class 'pyscf.fci.direct_spin1.FCISolver'> ********
max. cycles = 200
conv_tol = 1e-08
davidson only = False
linear dependence = 1e-12
level shift = 0.001
max iter space = 12
max_memory 4000 MB
nroots = 1
pspace_size = 400
spin = None
Density matrix diagonal elements [1.93429557e+00 6.56552484e-02 4.85974496e-05 5.79801737e-07]
CASCI converged
CASCI E = -77.9965582035129  E(CI) = -1.21445279773506  S^2 = 0.0000000

******** <class 'pyscf.mcscf.casci.CASCI'> ********
CAS (1e+1e, 4o), ncore = 7, nvir = 37
natorb = False
canonicalization = True
sorting_mo_energy = False
max_memory 4000 MB (current use 552 MB)
******** <class 'pyscf.fci.direct_spin1.FCISolver'> ********
max. cycles = 200
conv_tol = 1e-08
davidson only = False
linear dependence = 1e-12
level shift = 0.001
max iter space = 12
max_memory 4000 MB
nroots = 1
pspace_size = 400
spin = None
Density matrix diagonal elements [1.93437570e+00 6.56220574e-02 1.59084498e-06 6.51686211e-07]
CASCI converged
CASCI E = -77.9964248488236  E(CI) = -1.21431944304575  S^2 = 0.0000000

******** <class 'pyscf.mcscf.casci.CASCI'> ********
CAS (1e+1e, 4o), ncore = 7, nvir = 37
natorb = False
canonicalization = True
sorting_mo_energy = False
max_memory 4000 MB (current use 552 MB)
******** <class 'pyscf.fci.direct_spin1.FCISolver'> ********
max. cycles = 200
conv_tol = 1e-08
davidson only = False
linear dependence = 1e-12
level shift = 0.001
max iter space = 12
max_memory 4000 MB
nroots = 1
pspace_size = 400
spin = None
Density matrix diagonal elements [1.93439009e+00 6.56050249e-02 1.59176655e-06 3.29174754e-06]
CASCI converged
CASCI E = -77.9964332489357  E(CI) = -1.21432784315785  S^2 = 0.0000000

******** <class 'pyscf.mcscf.casci.CASCI'> ********
CAS (1e+1e, 4o), ncore = 7, nvir = 37
natorb = False
canonicalization = True
sorting_mo_energy = False
max_memory 4000 MB (current use 552 MB)
******** <class 'pyscf.fci.direct_spin1.FCISolver'> ********
max. cycles = 200
conv_tol = 1e-08
davidson only = False
linear dependence = 1e-12
level shift = 0.001
max iter space = 12
max_memory 4000 MB
nroots = 1
pspace_size = 400
spin = None
Density matrix diagonal elements [1.93437831e+00 6.56188019e-02 1.55336617e-06 1.33295568e-06]
CASCI converged
CASCI E = -77.9964273847679  E(CI) = -1.21432197899000  S^2 = 0.0000000

******** <class 'pyscf.mcscf.casci.CASCI'> ********
CAS (1e+1e, 4o), ncore = 7, nvir = 37
natorb = False
canonicalization = True
sorting_mo_energy = False
max_memory 4000 MB (current use 552 MB)
******** <class 'pyscf.fci.direct_spin1.FCISolver'> ********
max. cycles = 200
conv_tol = 1e-08
davidson only = False
linear dependence = 1e-12
level shift = 0.001
max iter space = 12
max_memory 4000 MB
nroots = 1
pspace_size = 400
spin = None
Density matrix diagonal elements [1.93437620e+00 6.56216157e-02 1.60284827e-06 5.85996511e-07]
CASCI converged
CASCI E = -77.9964249367522  E(CI) = -1.21431953097442  S^2 = 0.0000000

******** <class 'pyscf.mcscf.casci.CASCI'> ********
CAS (1e+1e, 4o), ncore = 7, nvir = 37
natorb = False
canonicalization = True
sorting_mo_energy = False
max_memory 4000 MB (current use 552 MB)
******** <class 'pyscf.fci.direct_spin1.FCISolver'> ********
max. cycles = 200
conv_tol = 1e-08
davidson only = False
linear dependence = 1e-12
level shift = 0.001
max iter space = 12
max_memory 4000 MB
nroots = 1
pspace_size = 400
spin = None
Density matrix diagonal elements [1.93438946e+00 6.56065720e-02 6.62756102e-07 3.30190772e-06]
CASCI converged
CASCI E = -77.9964304041556  E(CI) = -1.21432499837778  S^2 = 0.0000000

******** <class 'pyscf.mcscf.casci.CASCI'> ********
CAS (1e+1e, 4o), ncore = 7, nvir = 37
natorb = False
canonicalization = True
sorting_mo_energy = False
max_memory 4000 MB (current use 552 MB)
******** <class 'pyscf.fci.direct_spin1.FCISolver'> ********
max. cycles = 200
conv_tol = 1e-08
davidson only = False
linear dependence = 1e-12
level shift = 0.001
max iter space = 12
max_memory 4000 MB
nroots = 1
pspace_size = 400
spin = None
Density matrix diagonal elements [1.93437774e+00 6.56202272e-02 6.59444713e-07 1.37381207e-06]
CASCI converged
CASCI E = -77.9964246508593  E(CI) = -1.21431924508143  S^2 = 0.0000000

******** <class 'pyscf.mcscf.casci.CASCI'> ********
CAS (1e+1e, 4o), ncore = 7, nvir = 37
natorb = False
canonicalization = True
sorting_mo_energy = False
max_memory 4000 MB (current use 552 MB)
******** <class 'pyscf.fci.direct_spin1.FCISolver'> ********
max. cycles = 200
conv_tol = 1e-08
davidson only = False
linear dependence = 1e-12
level shift = 0.001
max iter space = 12
max_memory 4000 MB
nroots = 1
pspace_size = 400
spin = None
Density matrix diagonal elements [1.93437549e+00 6.56232811e-02 6.50149868e-07 5.74536615e-07]
CASCI converged
CASCI E = -77.9964220163869  E(CI) = -1.21431661060902  S^2 = 0.0000000

******** <class 'pyscf.mcscf.casci.CASCI'> ********
CAS (1e+1e, 4o), ncore = 7, nvir = 37
natorb = False
canonicalization = True
sorting_mo_energy = False
max_memory 4000 MB (current use 552 MB)
******** <class 'pyscf.fci.direct_spin1.FCISolver'> ********
max. cycles = 200
conv_tol = 1e-08
davidson only = False
linear dependence = 1e-12
level shift = 0.001
max iter space = 12
max_memory 4000 MB
nroots = 1
pspace_size = 400
spin = None
Density matrix diagonal elements [1.93439354e+00 6.56015885e-02 3.39837323e-06 1.47121591e-06]
CASCI converged
CASCI E = -77.9964337297864  E(CI) = -1.21432832400858  S^2 = 0.0000000

******** <class 'pyscf.mcscf.casci.CASCI'> ********
CAS (1e+1e, 4o), ncore = 7, nvir = 37
natorb = False
canonicalization = True
sorting_mo_energy = False
max_memory 4000 MB (current use 552 MB)
******** <class 'pyscf.fci.direct_spin1.FCISolver'> ********
max. cycles = 200
conv_tol = 1e-08
davidson only = False
linear dependence = 1e-12
level shift = 0.001
max iter space = 12
max_memory 4000 MB
nroots = 1
pspace_size = 400
spin = None
Density matrix diagonal elements [1.93438993e+00 6.56061840e-02 3.30109701e-06 5.84715252e-07]
CASCI converged
CASCI E = -77.9964304516173  E(CI) = -1.21432504583946  S^2 = 0.0000000

******** <class 'pyscf.mcscf.casci.CASCI'> ********
CAS (1e+1e, 4o), ncore = 7, nvir = 37
natorb = False
canonicalization = True
sorting_mo_energy = False
max_memory 4000 MB (current use 552 MB)
******** <class 'pyscf.fci.direct_spin1.FCISolver'> ********
max. cycles = 200
conv_tol = 1e-08
davidson only = False
linear dependence = 1e-12
level shift = 0.001
max iter space = 12
max_memory 4000 MB
nroots = 1
pspace_size = 400
spin = None
Density matrix diagonal elements [1.93437823e+00 6.56198062e-02 1.37908432e-06 5.87494114e-07]
CASCI converged
CASCI E = -77.9964247193446  E(CI) = -1.21431931356676  S^2 = 0.0000000
two-all : -0.09768957372651244
total time:  997.653463602066
